strategy	replicate	n_tests	reject_0_05	reject_0_01	reject_0_001	BH_discoveries	fold
CR2 maximum-coordinate wild ILR A32	32	1377	0.050835148874364564	0.010893246187363835	0.0007262164124909223	0	0
CR2 maximum-coordinate wild ILR A32	33	1377	0.05737109658678286	0.012345679012345678	0.0014524328249818446	0	0
CR2 maximum-coordinate wild ILR A32	34	1377	0.05519244734931009	0.013071895424836602	0.0007262164124909223	0	0
CR2 maximum-coordinate wild ILR A32	35	1377	0.05156136528685548	0.013798111837327523	0.002178649237472767	0	0
CR2 maximum-coordinate wild ILR A32	36	1377	0.053013798111837325	0.013798111837327523	0.0007262164124909223	0	0
CR2 maximum-coordinate wild ILR A32	37	1377	0.05156136528685548	0.012345679012345678	0.002904865649963689	0	0
CR2 maximum-coordinate wild ILR A32	38	1377	0.05228758169934641	0.00944081336238199	0.0014524328249818446	0	0
CR2 maximum-coordinate wild ILR A32	39	1377	0.05010893246187364	0.013798111837327523	0.0036310820624546117	0	0
CR2 maximum-coordinate wild ILR A32	40	1377	0.05228758169934641	0.008714596949891068	0.0014524328249818446	0	0
CR2 maximum-coordinate wild ILR A32	41	1377	0.04938271604938271	0.007988380537400145	0.0014524328249818446	0	0
CR2 maximum-coordinate wild ILR A32	42	1377	0.05591866376180102	0.010167029774872912	0.0014524328249818446	0	0
CR2 maximum-coordinate wild ILR A32	43	1377	0.05156136528685548	0.012345679012345678	0.002178649237472767	0	0
CR2 maximum-coordinate wild ILR A32	44	1377	0.05809731299927379	0.010167029774872912	0.002178649237472767	0	0
CR2 maximum-coordinate wild ILR A32	45	1377	0.0457516339869281	0.010167029774872912	0.0007262164124909223	0	0
CR2 maximum-coordinate wild ILR A32	46	1377	0.06027596223674655	0.015250544662309368	0.002178649237472767	0	0
CR2 maximum-coordinate wild ILR A32	47	1377	0.05228758169934641	0.011619462599854757	0.002178649237472767	0	0
CR2 maximum-coordinate wild ILR A32	48	1377	0.04720406681190995	0.013071895424836602	0.0014524328249818446	0	0
CR2 maximum-coordinate wild ILR A32	49	1377	0.050835148874364564	0.012345679012345678	0.002178649237472767	0	0
CR2 maximum-coordinate wild ILR A32	50	1377	0.053013798111837325	0.010893246187363835	0.0014524328249818446	0	0
CR2 maximum-coordinate wild ILR A32	51	1377	0.04720406681190995	0.007988380537400145	0.0014524328249818446	0	0
CR2 maximum-coordinate wild ILR A32	52	1377	0.05519244734931009	0.013798111837327523	0.002178649237472767	0	0
CR2 maximum-coordinate wild ILR A32	53	1377	0.05519244734931009	0.00944081336238199	0.0007262164124909223	0	0
CR2 maximum-coordinate wild ILR A32	54	1377	0.0457516339869281	0.00944081336238199	0.0007262164124909223	0	0
CR2 maximum-coordinate wild ILR A32	55	1377	0.054466230936819175	0.007262164124909223	0.0014524328249818446	0	0
CR2 maximum-coordinate wild ILR A32	56	1377	0.05156136528685548	0.010893246187363835	0.0014524328249818446	0	0
CR2 maximum-coordinate wild ILR A32	57	1377	0.05519244734931009	0.015250544662309368	0.0007262164124909223	0	0
CR2 maximum-coordinate wild ILR A32	58	1377	0.05737109658678286	0.008714596949891068	0.0014524328249818446	0	0
CR2 maximum-coordinate wild ILR A32	59	1377	0.054466230936819175	0.00944081336238199	0.002178649237472767	0	0
CR2 maximum-coordinate wild ILR A32	60	1377	0.054466230936819175	0.011619462599854757	0.0	0	0
CR2 maximum-coordinate wild ILR A32	61	1377	0.05954974582425563	0.011619462599854757	0.0014524328249818446	0	0
CR2 maximum-coordinate wild ILR A32	62	1377	0.05519244734931009	0.007988380537400145	0.0007262164124909223	0	0
CR2 maximum-coordinate wild ILR A32	63	1377	0.05374001452432825	0.011619462599854757	0.0007262164124909223	0	0
Pillai ILR A1	32	1353	0.05025868440502587	0.010347376201034738	0.0014781966001478197	0	0
Pillai ILR A1	33	1353	0.06060606060606061	0.009608277900960829	0.003695491500369549	0	0
Pillai ILR A1	34	1353	0.04286770140428677	0.009608277900960829	0.0	0	0
Pillai ILR A1	35	1353	0.0524759793052476	0.013303769401330377	0.0022172949002217295	0	0
Pillai ILR A1	36	1353	0.04434589800443459	0.009608277900960829	0.0007390983000739098	0	0
Pillai ILR A1	37	1353	0.05025868440502587	0.008869179600886918	0.0014781966001478197	0	0
Pillai ILR A1	38	1353	0.05321507760532151	0.010347376201034738	0.0014781966001478197	0	0
Pillai ILR A1	39	1353	0.0524759793052476	0.011086474501108648	0.0007390983000739098	0	0
Pillai ILR A1	40	1353	0.05469327420546933	0.014042867701404288	0.0014781966001478197	0	0
Pillai ILR A1	41	1353	0.05321507760532151	0.007390983000739098	0.0	0	0
Pillai ILR A1	42	1353	0.04804138950480414	0.007390983000739098	0.0	0	0
Pillai ILR A1	43	1353	0.05469327420546933	0.011825572801182557	0.0014781966001478197	0	0
Pillai ILR A1	44	1353	0.059127864005912786	0.008869179600886918	0.0007390983000739098	0	0
Pillai ILR A1	45	1353	0.057649667405764965	0.011825572801182557	0.0007390983000739098	0	0
Pillai ILR A1	46	1353	0.04804138950480414	0.008869179600886918	0.0014781966001478197	0	0
Pillai ILR A1	47	1353	0.0450849963045085	0.009608277900960829	0.0014781966001478197	0	0
Pillai ILR A1	48	1353	0.04951958610495196	0.009608277900960829	0.0022172949002217295	0	0
Pillai ILR A1	49	1353	0.038433111603843315	0.004434589800443459	0.0007390983000739098	0	0
Pillai ILR A1	50	1353	0.04286770140428677	0.009608277900960829	0.0022172949002217295	0	0
Pillai ILR A1	51	1353	0.05617147080561715	0.011086474501108648	0.0014781966001478197	0	0
Pillai ILR A1	52	1353	0.05469327420546933	0.012564671101256468	0.0022172949002217295	0	0
Pillai ILR A1	53	1353	0.04656319290465632	0.009608277900960829	0.0029563932002956393	0	0
Pillai ILR A1	54	1353	0.05025868440502587	0.011086474501108648	0.0029563932002956393	0	0
Pillai ILR A1	55	1353	0.04212860310421286	0.007390983000739098	0.0	0	0
Pillai ILR A1	56	1353	0.05025868440502587	0.011825572801182557	0.0022172949002217295	0	0
Pillai ILR A1	57	1353	0.057649667405764965	0.011825572801182557	0.003695491500369549	0	0
Pillai ILR A1	58	1353	0.04804138950480414	0.005173688100517369	0.0	0	0
Pillai ILR A1	59	1353	0.04286770140428677	0.008130081300813009	0.0007390983000739098	0	0
Pillai ILR A1	60	1353	0.04730229120473023	0.009608277900960829	0.0007390983000739098	0	0
Pillai ILR A1	61	1353	0.04065040650406504	0.008130081300813009	0.0022172949002217295	0	0
Pillai ILR A1	62	1353	0.06060606060606061	0.011825572801182557	0.0007390983000739098	0	0
Pillai ILR A1	63	1353	0.04951958610495196	0.008130081300813009	0.0	0	0
Pillai ILR A32	32	1353	0.0598669623059867	0.014781966001478197	0.003695491500369549	0	0
Pillai ILR A32	33	1353	0.0524759793052476	0.014042867701404288	0.0029563932002956393	0	0
Pillai ILR A32	34	1353	0.04730229120473023	0.008130081300813009	0.0007390983000739098	0	0
Pillai ILR A32	35	1353	0.059127864005912786	0.015521064301552107	0.0029563932002956393	0	0
Pillai ILR A32	36	1353	0.04804138950480414	0.009608277900960829	0.0	0	0
Pillai ILR A32	37	1353	0.04286770140428677	0.008869179600886918	0.0022172949002217295	0	0
Pillai ILR A32	38	1353	0.04878048780487805	0.008869179600886918	0.0	0	0
Pillai ILR A32	39	1353	0.056910569105691054	0.008869179600886918	0.0014781966001478197	0	0
Pillai ILR A32	40	1353	0.04878048780487805	0.014042867701404288	0.0022172949002217295	0	0
Pillai ILR A32	41	1353	0.0450849963045085	0.008869179600886918	0.0007390983000739098	0	0
Pillai ILR A32	42	1353	0.04656319290465632	0.011086474501108648	0.0007390983000739098	0	0
Pillai ILR A32	43	1353	0.06208425720620843	0.010347376201034738	0.0007390983000739098	0	0
Pillai ILR A32	44	1353	0.04656319290465632	0.007390983000739098	0.0007390983000739098	0	0
Pillai ILR A32	45	1353	0.0598669623059867	0.014042867701404288	0.0	0	0
Pillai ILR A32	46	1353	0.04878048780487805	0.008869179600886918	0.0007390983000739098	0	0
Pillai ILR A32	47	1353	0.04730229120473023	0.005173688100517369	0.0	0	0
Pillai ILR A32	48	1353	0.0450849963045085	0.014042867701404288	0.0014781966001478197	0	0
Pillai ILR A32	49	1353	0.0450849963045085	0.010347376201034738	0.0014781966001478197	0	0
Pillai ILR A32	50	1353	0.04730229120473023	0.013303769401330377	0.0007390983000739098	0	0
Pillai ILR A32	51	1353	0.059127864005912786	0.010347376201034738	0.0	0	0
Pillai ILR A32	52	1353	0.057649667405764965	0.009608277900960829	0.0007390983000739098	0	0
Pillai ILR A32	53	1353	0.0450849963045085	0.011086474501108648	0.0007390983000739098	0	0
Pillai ILR A32	54	1353	0.04730229120473023	0.008869179600886918	0.0022172949002217295	0	0
Pillai ILR A32	55	1353	0.0450849963045085	0.011825572801182557	0.0014781966001478197	0	0
Pillai ILR A32	56	1353	0.04138950480413895	0.008130081300813009	0.0007390983000739098	0	0
Pillai ILR A32	57	1353	0.050997782705099776	0.013303769401330377	0.0014781966001478197	0	0
Pillai ILR A32	58	1353	0.0524759793052476	0.009608277900960829	0.0	0	0
Pillai ILR A32	59	1353	0.04360679970436068	0.011825572801182557	0.0007390983000739098	0	0
Pillai ILR A32	60	1353	0.056910569105691054	0.009608277900960829	0.0014781966001478197	0	0
Pillai ILR A32	61	1353	0.03325942350332594	0.0066518847006651885	0.0	0	0
Pillai ILR A32	62	1353	0.06577974870657798	0.016260162601626018	0.0022172949002217295	0	0
Pillai ILR A32	63	1353	0.05321507760532151	0.007390983000739098	0.0007390983000739098	0	0
Pillai proportions A1	32	1353	0.04804138950480414	0.011086474501108648	0.0007390983000739098	0	0
Pillai proportions A1	33	1353	0.05617147080561715	0.008869179600886918	0.004434589800443459	0	0
Pillai proportions A1	34	1353	0.051736881005173686	0.008130081300813009	0.0007390983000739098	0	0
Pillai proportions A1	35	1353	0.051736881005173686	0.013303769401330377	0.0014781966001478197	0	0
Pillai proportions A1	36	1353	0.04730229120473023	0.010347376201034738	0.0014781966001478197	0	0
Pillai proportions A1	37	1353	0.04582409460458241	0.009608277900960829	0.0	0	0
Pillai proportions A1	38	1353	0.05395417590539542	0.013303769401330377	0.0	0	0
Pillai proportions A1	39	1353	0.0450849963045085	0.008130081300813009	0.0007390983000739098	0	0
Pillai proportions A1	40	1353	0.05543237250554324	0.008869179600886918	0.0007390983000739098	0	0
Pillai proportions A1	41	1353	0.050997782705099776	0.0066518847006651885	0.0	0	0
Pillai proportions A1	42	1353	0.04730229120473023	0.007390983000739098	0.0007390983000739098	0	0
Pillai proportions A1	43	1353	0.058388765705838876	0.011825572801182557	0.0014781966001478197	0	0
Pillai proportions A1	44	1353	0.06430155210643015	0.005173688100517369	0.0007390983000739098	0	0
Pillai proportions A1	45	1353	0.04804138950480414	0.010347376201034738	0.0014781966001478197	0	0
Pillai proportions A1	46	1353	0.056910569105691054	0.007390983000739098	0.0022172949002217295	0	0
Pillai proportions A1	47	1353	0.04730229120473023	0.011086474501108648	0.0014781966001478197	0	0
Pillai proportions A1	48	1353	0.051736881005173686	0.008130081300813009	0.0014781966001478197	0	0
Pillai proportions A1	49	1353	0.04656319290465632	0.0029563932002956393	0.0	0	0
Pillai proportions A1	50	1353	0.04434589800443459	0.010347376201034738	0.0014781966001478197	0	0
Pillai proportions A1	51	1353	0.056910569105691054	0.011086474501108648	0.0007390983000739098	0	0
Pillai proportions A1	52	1353	0.0524759793052476	0.010347376201034738	0.0007390983000739098	0	0
Pillai proportions A1	53	1353	0.051736881005173686	0.011086474501108648	0.0007390983000739098	0	0
Pillai proportions A1	54	1353	0.04951958610495196	0.008130081300813009	0.0029563932002956393	0	0
Pillai proportions A1	55	1353	0.03991130820399113	0.005173688100517369	0.0	0	0
Pillai proportions A1	56	1353	0.04730229120473023	0.009608277900960829	0.0	0	0
Pillai proportions A1	57	1353	0.05617147080561715	0.011086474501108648	0.0007390983000739098	0	0
Pillai proportions A1	58	1353	0.04360679970436068	0.011086474501108648	0.0014781966001478197	0	0
Pillai proportions A1	59	1353	0.04434589800443459	0.007390983000739098	0.0007390983000739098	0	0
Pillai proportions A1	60	1353	0.04878048780487805	0.008869179600886918	0.0007390983000739098	0	0
Pillai proportions A1	61	1353	0.04065040650406504	0.010347376201034738	0.0022172949002217295	0	0
Pillai proportions A1	62	1353	0.05543237250554324	0.012564671101256468	0.0	0	0
Pillai proportions A1	63	1353	0.05025868440502587	0.0066518847006651885	0.0	0	0
maximum-coordinate F ILR A1	32	1353	0.05321507760532151	0.011825572801182557	0.0007390983000739098	0	0
maximum-coordinate F ILR A1	33	1353	0.06208425720620843	0.008869179600886918	0.0014781966001478197	0	0
maximum-coordinate F ILR A1	34	1353	0.04951958610495196	0.009608277900960829	0.0007390983000739098	0	0
maximum-coordinate F ILR A1	35	1353	0.04804138950480414	0.011086474501108648	0.0022172949002217295	0	0
maximum-coordinate F ILR A1	36	1353	0.04065040650406504	0.007390983000739098	0.0014781966001478197	0	0
maximum-coordinate F ILR A1	37	1353	0.04730229120473023	0.008130081300813009	0.0007390983000739098	0	0
maximum-coordinate F ILR A1	38	1353	0.0450849963045085	0.011825572801182557	0.0014781966001478197	0	0
maximum-coordinate F ILR A1	39	1353	0.05395417590539542	0.009608277900960829	0.0	0	0
maximum-coordinate F ILR A1	40	1353	0.050997782705099776	0.011825572801182557	0.0007390983000739098	0	0
maximum-coordinate F ILR A1	41	1353	0.05469327420546933	0.009608277900960829	0.0007390983000739098	0	0
maximum-coordinate F ILR A1	42	1353	0.04656319290465632	0.008869179600886918	0.0007390983000739098	0	0
maximum-coordinate F ILR A1	43	1353	0.05543237250554324	0.013303769401330377	0.0007390983000739098	0	0
maximum-coordinate F ILR A1	44	1353	0.058388765705838876	0.008130081300813009	0.0007390983000739098	0	0
maximum-coordinate F ILR A1	45	1353	0.05321507760532151	0.010347376201034738	0.0007390983000739098	0	0
maximum-coordinate F ILR A1	46	1353	0.04951958610495196	0.008869179600886918	0.0014781966001478197	0	0
maximum-coordinate F ILR A1	47	1353	0.04730229120473023	0.008130081300813009	0.0014781966001478197	0	0
maximum-coordinate F ILR A1	48	1353	0.05395417590539542	0.008130081300813009	0.0022172949002217295	0	0
maximum-coordinate F ILR A1	49	1353	0.04804138950480414	0.008130081300813009	0.0007390983000739098	0	0
maximum-coordinate F ILR A1	50	1353	0.03991130820399113	0.011086474501108648	0.0014781966001478197	0	0
maximum-coordinate F ILR A1	51	1353	0.058388765705838876	0.010347376201034738	0.0	0	0
maximum-coordinate F ILR A1	52	1353	0.05617147080561715	0.011086474501108648	0.0014781966001478197	0	0
maximum-coordinate F ILR A1	53	1353	0.050997782705099776	0.011086474501108648	0.0014781966001478197	0	0
maximum-coordinate F ILR A1	54	1353	0.05395417590539542	0.011825572801182557	0.0014781966001478197	0	0
maximum-coordinate F ILR A1	55	1353	0.04656319290465632	0.010347376201034738	0.0	0	0
maximum-coordinate F ILR A1	56	1353	0.0524759793052476	0.007390983000739098	0.0007390983000739098	0	0
maximum-coordinate F ILR A1	57	1353	0.0524759793052476	0.011825572801182557	0.0022172949002217295	0	0
maximum-coordinate F ILR A1	58	1353	0.03991130820399113	0.008869179600886918	0.0014781966001478197	0	0
maximum-coordinate F ILR A1	59	1353	0.04212860310421286	0.010347376201034738	0.0014781966001478197	0	0
maximum-coordinate F ILR A1	60	1353	0.04878048780487805	0.010347376201034738	0.0014781966001478197	0	0
maximum-coordinate F ILR A1	61	1353	0.04360679970436068	0.008130081300813009	0.0007390983000739098	0	0
maximum-coordinate F ILR A1	62	1353	0.057649667405764965	0.010347376201034738	0.0007390983000739098	0	0
maximum-coordinate F ILR A1	63	1353	0.04878048780487805	0.004434589800443459	0.0	0	0
maximum-coordinate F ILR A32	32	1353	0.05617147080561715	0.013303769401330377	0.0014781966001478197	0	0
maximum-coordinate F ILR A32	33	1353	0.05321507760532151	0.012564671101256468	0.0029563932002956393	0	0
maximum-coordinate F ILR A32	34	1353	0.04804138950480414	0.010347376201034738	0.0007390983000739098	0	0
maximum-coordinate F ILR A32	35	1353	0.05395417590539542	0.013303769401330377	0.0029563932002956393	0	0
maximum-coordinate F ILR A32	36	1353	0.04360679970436068	0.008130081300813009	0.0	0	0
maximum-coordinate F ILR A32	37	1353	0.04582409460458241	0.010347376201034738	0.0022172949002217295	0	0
maximum-coordinate F ILR A32	38	1353	0.05025868440502587	0.008130081300813009	0.0	0	0
maximum-coordinate F ILR A32	39	1353	0.058388765705838876	0.008869179600886918	0.0014781966001478197	0	0
maximum-coordinate F ILR A32	40	1353	0.04360679970436068	0.011825572801182557	0.0014781966001478197	0	0
maximum-coordinate F ILR A32	41	1353	0.04656319290465632	0.008130081300813009	0.0	0	0
maximum-coordinate F ILR A32	42	1353	0.04804138950480414	0.012564671101256468	0.0007390983000739098	0	0
maximum-coordinate F ILR A32	43	1353	0.06060606060606061	0.011086474501108648	0.0	0	0
maximum-coordinate F ILR A32	44	1353	0.05469327420546933	0.005912786400591279	0.0007390983000739098	0	0
maximum-coordinate F ILR A32	45	1353	0.05469327420546933	0.008130081300813009	0.0	0	0
maximum-coordinate F ILR A32	46	1353	0.04730229120473023	0.007390983000739098	0.0007390983000739098	0	0
maximum-coordinate F ILR A32	47	1353	0.05025868440502587	0.004434589800443459	0.0	0	0
maximum-coordinate F ILR A32	48	1353	0.05469327420546933	0.009608277900960829	0.0	0	0
maximum-coordinate F ILR A32	49	1353	0.04804138950480414	0.013303769401330377	0.0014781966001478197	0	0
maximum-coordinate F ILR A32	50	1353	0.04878048780487805	0.012564671101256468	0.0	0	0
maximum-coordinate F ILR A32	51	1353	0.06060606060606061	0.011825572801182557	0.0	0	0
maximum-coordinate F ILR A32	52	1353	0.057649667405764965	0.009608277900960829	0.0007390983000739098	0	0
maximum-coordinate F ILR A32	53	1353	0.04656319290465632	0.014781966001478197	0.0014781966001478197	0	0
maximum-coordinate F ILR A32	54	1353	0.04878048780487805	0.010347376201034738	0.0014781966001478197	0	0
maximum-coordinate F ILR A32	55	1353	0.04286770140428677	0.011825572801182557	0.0007390983000739098	0	0
maximum-coordinate F ILR A32	56	1353	0.04582409460458241	0.008869179600886918	0.0007390983000739098	0	0
maximum-coordinate F ILR A32	57	1353	0.05025868440502587	0.014042867701404288	0.0022172949002217295	0	0
maximum-coordinate F ILR A32	58	1353	0.050997782705099776	0.012564671101256468	0.0	0	0
maximum-coordinate F ILR A32	59	1353	0.04804138950480414	0.011086474501108648	0.0007390983000739098	0	0
maximum-coordinate F ILR A32	60	1353	0.0598669623059867	0.013303769401330377	0.0022172949002217295	0	0
maximum-coordinate F ILR A32	61	1353	0.03695491500369549	0.005912786400591279	0.0	0	0
maximum-coordinate F ILR A32	62	1353	0.06356245380635625	0.013303769401330377	0.0014781966001478197	0	0
maximum-coordinate F ILR A32	63	1353	0.04804138950480414	0.005912786400591279	0.0007390983000739098	0	0
maximum-coordinate F proportions A1	32	1353	0.0524759793052476	0.011086474501108648	0.0	0	0
maximum-coordinate F proportions A1	33	1353	0.05395417590539542	0.008869179600886918	0.0029563932002956393	0	0
maximum-coordinate F proportions A1	34	1353	0.050997782705099776	0.008130081300813009	0.0007390983000739098	0	0
maximum-coordinate F proportions A1	35	1353	0.05469327420546933	0.012564671101256468	0.0007390983000739098	0	0
maximum-coordinate F proportions A1	36	1353	0.04065040650406504	0.005912786400591279	0.0014781966001478197	0	0
maximum-coordinate F proportions A1	37	1353	0.04656319290465632	0.008130081300813009	0.0	0	0
maximum-coordinate F proportions A1	38	1353	0.04804138950480414	0.013303769401330377	0.0007390983000739098	0	0
maximum-coordinate F proportions A1	39	1353	0.051736881005173686	0.008869179600886918	0.0007390983000739098	0	0
maximum-coordinate F proportions A1	40	1353	0.05543237250554324	0.008130081300813009	0.0007390983000739098	0	0
maximum-coordinate F proportions A1	41	1353	0.051736881005173686	0.009608277900960829	0.0007390983000739098	0	0
maximum-coordinate F proportions A1	42	1353	0.05025868440502587	0.008869179600886918	0.0007390983000739098	0	0
maximum-coordinate F proportions A1	43	1353	0.056910569105691054	0.014042867701404288	0.0014781966001478197	0	0
maximum-coordinate F proportions A1	44	1353	0.056910569105691054	0.008130081300813009	0.0007390983000739098	0	0
maximum-coordinate F proportions A1	45	1353	0.04730229120473023	0.011086474501108648	0.0014781966001478197	0	0
maximum-coordinate F proportions A1	46	1353	0.04656319290465632	0.008130081300813009	0.0014781966001478197	0	0
maximum-coordinate F proportions A1	47	1353	0.04878048780487805	0.008869179600886918	0.0014781966001478197	0	0
maximum-coordinate F proportions A1	48	1353	0.05469327420546933	0.008869179600886918	0.0014781966001478197	0	0
maximum-coordinate F proportions A1	49	1353	0.04804138950480414	0.007390983000739098	0.0	0	0
maximum-coordinate F proportions A1	50	1353	0.04582409460458241	0.012564671101256468	0.0014781966001478197	0	0
maximum-coordinate F proportions A1	51	1353	0.057649667405764965	0.012564671101256468	0.0007390983000739098	0	0
maximum-coordinate F proportions A1	52	1353	0.05321507760532151	0.011086474501108648	0.0007390983000739098	0	0
maximum-coordinate F proportions A1	53	1353	0.05321507760532151	0.011086474501108648	0.0007390983000739098	0	0
maximum-coordinate F proportions A1	54	1353	0.04065040650406504	0.004434589800443459	0.0029563932002956393	0	0
maximum-coordinate F proportions A1	55	1353	0.03695491500369549	0.005173688100517369	0.0007390983000739098	0	0
maximum-coordinate F proportions A1	56	1353	0.04804138950480414	0.007390983000739098	0.0	0	0
maximum-coordinate F proportions A1	57	1353	0.050997782705099776	0.007390983000739098	0.0007390983000739098	0	0
maximum-coordinate F proportions A1	58	1353	0.04212860310421286	0.014042867701404288	0.0014781966001478197	0	0
maximum-coordinate F proportions A1	59	1353	0.04434589800443459	0.004434589800443459	0.0	0	0
maximum-coordinate F proportions A1	60	1353	0.04878048780487805	0.011825572801182557	0.0007390983000739098	0	0
maximum-coordinate F proportions A1	61	1353	0.04212860310421286	0.005912786400591279	0.0022172949002217295	0	0
maximum-coordinate F proportions A1	62	1353	0.05395417590539542	0.011825572801182557	0.0	0	0
maximum-coordinate F proportions A1	63	1353	0.04804138950480414	0.009608277900960829	0.0	0	0
null-variance Wald A32	32	1353	0.051736881005173686	0.011086474501108648	0.0007390983000739098	0	0
null-variance Wald A32	33	1353	0.05395417590539542	0.014042867701404288	0.003695491500369549	0	0
null-variance Wald A32	34	1353	0.050997782705099776	0.012564671101256468	0.0022172949002217295	0	0
null-variance Wald A32	35	1353	0.04951958610495196	0.011086474501108648	0.0022172949002217295	0	0
null-variance Wald A32	36	1353	0.04951958610495196	0.008869179600886918	0.0	0	0
null-variance Wald A32	37	1353	0.04730229120473023	0.010347376201034738	0.0014781966001478197	0	0
null-variance Wald A32	38	1353	0.04804138950480414	0.008130081300813009	0.0	0	0
null-variance Wald A32	39	1353	0.0598669623059867	0.011086474501108648	0.0007390983000739098	0	0
null-variance Wald A32	40	1353	0.04434589800443459	0.009608277900960829	0.0007390983000739098	0	0
null-variance Wald A32	41	1353	0.0524759793052476	0.008130081300813009	0.0014781966001478197	0	0
null-variance Wald A32	42	1353	0.05025868440502587	0.011086474501108648	0.0022172949002217295	0	0
null-variance Wald A32	43	1353	0.06430155210643015	0.007390983000739098	0.0022172949002217295	0	0
null-variance Wald A32	44	1353	0.05321507760532151	0.011086474501108648	0.0	0	0
null-variance Wald A32	45	1353	0.056910569105691054	0.005173688100517369	0.0007390983000739098	0	0
null-variance Wald A32	46	1353	0.0450849963045085	0.008130081300813009	0.0007390983000739098	0	0
null-variance Wald A32	47	1353	0.04804138950480414	0.008869179600886918	0.0007390983000739098	0	0
null-variance Wald A32	48	1353	0.05025868440502587	0.008130081300813009	0.0022172949002217295	0	0
null-variance Wald A32	49	1353	0.04582409460458241	0.013303769401330377	0.0014781966001478197	0	0
null-variance Wald A32	50	1353	0.04804138950480414	0.009608277900960829	0.0029563932002956393	0	0
null-variance Wald A32	51	1353	0.058388765705838876	0.012564671101256468	0.0014781966001478197	0	0
null-variance Wald A32	52	1353	0.05469327420546933	0.009608277900960829	0.0007390983000739098	0	0
null-variance Wald A32	53	1353	0.04878048780487805	0.011825572801182557	0.0014781966001478197	0	0
null-variance Wald A32	54	1353	0.04804138950480414	0.008130081300813009	0.0014781966001478197	0	0
null-variance Wald A32	55	1353	0.0450849963045085	0.011086474501108648	0.0	0	0
null-variance Wald A32	56	1353	0.04360679970436068	0.005912786400591279	0.0	0	0
null-variance Wald A32	57	1353	0.05321507760532151	0.013303769401330377	0.0007390983000739098	0	0
null-variance Wald A32	58	1353	0.04730229120473023	0.010347376201034738	0.0	0	0
null-variance Wald A32	59	1353	0.04730229120473023	0.010347376201034738	0.0	0	0
null-variance Wald A32	60	1353	0.0524759793052476	0.009608277900960829	0.0022172949002217295	0	0
null-variance Wald A32	61	1353	0.03917220990391722	0.007390983000739098	0.0007390983000739098	0	0
null-variance Wald A32	62	1353	0.06430155210643015	0.015521064301552107	0.0007390983000739098	0	0
null-variance Wald A32	63	1353	0.050997782705099776	0.009608277900960829	0.0007390983000739098	0	0
trace F ILR A1	32	1353	0.050997782705099776	0.011825572801182557	0.0007390983000739098	0	0
trace F ILR A1	33	1353	0.056910569105691054	0.015521064301552107	0.0029563932002956393	0	0
trace F ILR A1	34	1353	0.05025868440502587	0.008130081300813009	0.0	0	0
trace F ILR A1	35	1353	0.04730229120473023	0.014781966001478197	0.0022172949002217295	0	0
trace F ILR A1	36	1353	0.03917220990391722	0.007390983000739098	0.0007390983000739098	0	0
trace F ILR A1	37	1353	0.0450849963045085	0.005912786400591279	0.0014781966001478197	0	0
trace F ILR A1	38	1353	0.0450849963045085	0.012564671101256468	0.0007390983000739098	0	0
trace F ILR A1	39	1353	0.04878048780487805	0.011086474501108648	0.0014781966001478197	0	0
trace F ILR A1	40	1353	0.0524759793052476	0.011825572801182557	0.0007390983000739098	0	0
trace F ILR A1	41	1353	0.05469327420546933	0.0066518847006651885	0.0	0	0
trace F ILR A1	42	1353	0.04582409460458241	0.008869179600886918	0.0014781966001478197	0	0
trace F ILR A1	43	1353	0.05321507760532151	0.011086474501108648	0.0007390983000739098	0	0
trace F ILR A1	44	1353	0.058388765705838876	0.007390983000739098	0.0007390983000739098	0	0
trace F ILR A1	45	1353	0.050997782705099776	0.009608277900960829	0.0014781966001478197	0	0
trace F ILR A1	46	1353	0.050997782705099776	0.008130081300813009	0.0014781966001478197	0	0
trace F ILR A1	47	1353	0.04656319290465632	0.0066518847006651885	0.0014781966001478197	0	0
trace F ILR A1	48	1353	0.059127864005912786	0.008130081300813009	0.0014781966001478197	0	0
trace F ILR A1	49	1353	0.04212860310421286	0.008130081300813009	0.0014781966001478197	0	0
trace F ILR A1	50	1353	0.04360679970436068	0.009608277900960829	0.0014781966001478197	0	0
trace F ILR A1	51	1353	0.05321507760532151	0.013303769401330377	0.0007390983000739098	0	0
trace F ILR A1	52	1353	0.05469327420546933	0.010347376201034738	0.0022172949002217295	0	0
trace F ILR A1	53	1353	0.04582409460458241	0.008869179600886918	0.0007390983000739098	0	0
trace F ILR A1	54	1353	0.051736881005173686	0.008869179600886918	0.0022172949002217295	0	0
trace F ILR A1	55	1353	0.04434589800443459	0.008130081300813009	0.0	0	0
trace F ILR A1	56	1353	0.04878048780487805	0.008869179600886918	0.0007390983000739098	0	0
trace F ILR A1	57	1353	0.051736881005173686	0.011086474501108648	0.0022172949002217295	0	0
trace F ILR A1	58	1353	0.04286770140428677	0.008130081300813009	0.0007390983000739098	0	0
trace F ILR A1	59	1353	0.04286770140428677	0.005912786400591279	0.0007390983000739098	0	0
trace F ILR A1	60	1353	0.04582409460458241	0.014042867701404288	0.0014781966001478197	0	0
trace F ILR A1	61	1353	0.04360679970436068	0.005912786400591279	0.0007390983000739098	0	0
trace F ILR A1	62	1353	0.05395417590539542	0.011086474501108648	0.0014781966001478197	0	0
trace F ILR A1	63	1353	0.05025868440502587	0.005912786400591279	0.0	0	0
trace F ILR A32	32	1353	0.0524759793052476	0.012564671101256468	0.0014781966001478197	0	0
trace F ILR A32	33	1353	0.05469327420546933	0.014042867701404288	0.003695491500369549	0	0
trace F ILR A32	34	1353	0.04730229120473023	0.011086474501108648	0.0022172949002217295	0	0
trace F ILR A32	35	1353	0.050997782705099776	0.011825572801182557	0.0029563932002956393	0	0
trace F ILR A32	36	1353	0.0450849963045085	0.010347376201034738	0.0	0	0
trace F ILR A32	37	1353	0.05025868440502587	0.009608277900960829	0.0022172949002217295	0	0
trace F ILR A32	38	1353	0.04804138950480414	0.005912786400591279	0.0	0	0
trace F ILR A32	39	1353	0.06356245380635625	0.010347376201034738	0.0022172949002217295	0	0
trace F ILR A32	40	1353	0.04656319290465632	0.011825572801182557	0.0007390983000739098	0	0
trace F ILR A32	41	1353	0.0524759793052476	0.008869179600886918	0.0	0	0
trace F ILR A32	42	1353	0.05321507760532151	0.011086474501108648	0.0007390983000739098	0	0
trace F ILR A32	43	1353	0.06208425720620843	0.014042867701404288	0.0014781966001478197	0	0
trace F ILR A32	44	1353	0.057649667405764965	0.009608277900960829	0.0007390983000739098	0	0
trace F ILR A32	45	1353	0.05321507760532151	0.009608277900960829	0.0	0	0
trace F ILR A32	46	1353	0.04878048780487805	0.008869179600886918	0.0014781966001478197	0	0
trace F ILR A32	47	1353	0.04582409460458241	0.005912786400591279	0.0007390983000739098	0	0
trace F ILR A32	48	1353	0.0524759793052476	0.008869179600886918	0.0007390983000739098	0	0
trace F ILR A32	49	1353	0.0450849963045085	0.015521064301552107	0.0029563932002956393	0	0
trace F ILR A32	50	1353	0.050997782705099776	0.013303769401330377	0.0007390983000739098	0	0
trace F ILR A32	51	1353	0.0598669623059867	0.011086474501108648	0.0022172949002217295	0	0
trace F ILR A32	52	1353	0.05543237250554324	0.011825572801182557	0.0014781966001478197	0	0
trace F ILR A32	53	1353	0.04804138950480414	0.013303769401330377	0.0007390983000739098	0	0
trace F ILR A32	54	1353	0.04878048780487805	0.008130081300813009	0.0014781966001478197	0	0
trace F ILR A32	55	1353	0.0450849963045085	0.010347376201034738	0.0007390983000739098	0	0
trace F ILR A32	56	1353	0.04582409460458241	0.0066518847006651885	0.0	0	0
trace F ILR A32	57	1353	0.0524759793052476	0.015521064301552107	0.0022172949002217295	0	0
trace F ILR A32	58	1353	0.04951958610495196	0.010347376201034738	0.0	0	0
trace F ILR A32	59	1353	0.04286770140428677	0.012564671101256468	0.0	0	0
trace F ILR A32	60	1353	0.05025868440502587	0.011825572801182557	0.003695491500369549	0	0
trace F ILR A32	61	1353	0.03917220990391722	0.005912786400591279	0.0	0	0
trace F ILR A32	62	1353	0.06651884700665188	0.018477457501847747	0.0022172949002217295	0	0
trace F ILR A32	63	1353	0.04951958610495196	0.008869179600886918	0.0007390983000739098	0	0
trace F proportions A1	32	1353	0.04878048780487805	0.010347376201034738	0.0	0	0
trace F proportions A1	33	1353	0.051736881005173686	0.008869179600886918	0.003695491500369549	0	0
trace F proportions A1	34	1353	0.0450849963045085	0.007390983000739098	0.0014781966001478197	0	0
trace F proportions A1	35	1353	0.05469327420546933	0.017738359201773836	0.0014781966001478197	0	0
trace F proportions A1	36	1353	0.04212860310421286	0.007390983000739098	0.0	0	0
trace F proportions A1	37	1353	0.04582409460458241	0.005912786400591279	0.0	0	0
trace F proportions A1	38	1353	0.04804138950480414	0.015521064301552107	0.0007390983000739098	0	0
trace F proportions A1	39	1353	0.050997782705099776	0.013303769401330377	0.0014781966001478197	0	0
trace F proportions A1	40	1353	0.05469327420546933	0.0066518847006651885	0.0	0	0
trace F proportions A1	41	1353	0.05321507760532151	0.007390983000739098	0.0014781966001478197	0	0
trace F proportions A1	42	1353	0.04656319290465632	0.0066518847006651885	0.0014781966001478197	0	0
trace F proportions A1	43	1353	0.0524759793052476	0.012564671101256468	0.0022172949002217295	0	0
trace F proportions A1	44	1353	0.057649667405764965	0.008869179600886918	0.0	0	0
trace F proportions A1	45	1353	0.04434589800443459	0.013303769401330377	0.0014781966001478197	0	0
trace F proportions A1	46	1353	0.04582409460458241	0.007390983000739098	0.0014781966001478197	0	0
trace F proportions A1	47	1353	0.050997782705099776	0.009608277900960829	0.0022172949002217295	0	0
trace F proportions A1	48	1353	0.05321507760532151	0.010347376201034738	0.0007390983000739098	0	0
trace F proportions A1	49	1353	0.04286770140428677	0.008130081300813009	0.0014781966001478197	0	0
trace F proportions A1	50	1353	0.04434589800443459	0.009608277900960829	0.0014781966001478197	0	0
trace F proportions A1	51	1353	0.05469327420546933	0.014042867701404288	0.0014781966001478197	0	0
trace F proportions A1	52	1353	0.057649667405764965	0.014781966001478197	0.0014781966001478197	0	0
trace F proportions A1	53	1353	0.0524759793052476	0.013303769401330377	0.0007390983000739098	0	0
trace F proportions A1	54	1353	0.04434589800443459	0.004434589800443459	0.0022172949002217295	0	0
trace F proportions A1	55	1353	0.04434589800443459	0.008869179600886918	0.0014781966001478197	0	0
trace F proportions A1	56	1353	0.04582409460458241	0.005912786400591279	0.0014781966001478197	0	0
trace F proportions A1	57	1353	0.04730229120473023	0.008869179600886918	0.0014781966001478197	0	0
trace F proportions A1	58	1353	0.04138950480413895	0.010347376201034738	0.0014781966001478197	0	0
trace F proportions A1	59	1353	0.04212860310421286	0.007390983000739098	0.0	0	0
trace F proportions A1	60	1353	0.04878048780487805	0.011825572801182557	0.0029563932002956393	0	0
trace F proportions A1	61	1353	0.03695491500369549	0.008869179600886918	0.0014781966001478197	0	0
trace F proportions A1	62	1353	0.057649667405764965	0.013303769401330377	0.0007390983000739098	0	0
trace F proportions A1	63	1353	0.04730229120473023	0.008130081300813009	0.0014781966001478197	0	0
CR2 maximum-coordinate wild ILR A32	32	1184	0.056587837837837836	0.01266891891891892	0.004222972972972973	0	1
CR2 maximum-coordinate wild ILR A32	33	1184	0.05152027027027027	0.01097972972972973	0.0033783783783783786	0	1
CR2 maximum-coordinate wild ILR A32	34	1184	0.04814189189189189	0.0059121621621621625	0.0008445945945945946	0	1
CR2 maximum-coordinate wild ILR A32	35	1184	0.05405405405405406	0.010135135135135136	0.0008445945945945946	0	1
CR2 maximum-coordinate wild ILR A32	36	1184	0.05320945945945946	0.015202702702702704	0.002533783783783784	0	1
CR2 maximum-coordinate wild ILR A32	37	1184	0.04560810810810811	0.007601351351351352	0.0016891891891891893	0	1
CR2 maximum-coordinate wild ILR A32	38	1184	0.03969594594594594	0.006756756756756757	0.0	0	1
CR2 maximum-coordinate wild ILR A32	39	1184	0.05489864864864865	0.014358108108108109	0.0	0	1
CR2 maximum-coordinate wild ILR A32	40	1184	0.04814189189189189	0.014358108108108109	0.0016891891891891893	0	1
CR2 maximum-coordinate wild ILR A32	41	1184	0.048986486486486486	0.007601351351351352	0.0	0	1
CR2 maximum-coordinate wild ILR A32	42	1184	0.05320945945945946	0.006756756756756757	0.0008445945945945946	0	1
CR2 maximum-coordinate wild ILR A32	43	1184	0.04391891891891892	0.009290540540540541	0.0008445945945945946	0	1
CR2 maximum-coordinate wild ILR A32	44	1184	0.048986486486486486	0.005067567567567568	0.0	0	1
CR2 maximum-coordinate wild ILR A32	45	1184	0.0472972972972973	0.009290540540540541	0.002533783783783784	0	1
CR2 maximum-coordinate wild ILR A32	46	1184	0.04983108108108108	0.011824324324324325	0.0008445945945945946	0	1
CR2 maximum-coordinate wild ILR A32	47	1184	0.04307432432432432	0.010135135135135136	0.0016891891891891893	0	1
CR2 maximum-coordinate wild ILR A32	48	1184	0.04222972972972973	0.01266891891891892	0.0016891891891891893	0	1
CR2 maximum-coordinate wild ILR A32	49	1184	0.04983108108108108	0.008445945945945946	0.0008445945945945946	0	1
CR2 maximum-coordinate wild ILR A32	50	1184	0.04814189189189189	0.005067567567567568	0.0008445945945945946	0	1
CR2 maximum-coordinate wild ILR A32	51	1184	0.05320945945945946	0.013513513513513514	0.0016891891891891893	0	1
CR2 maximum-coordinate wild ILR A32	52	1184	0.0464527027027027	0.008445945945945946	0.0008445945945945946	0	1
CR2 maximum-coordinate wild ILR A32	53	1184	0.05574324324324324	0.014358108108108109	0.0033783783783783786	0	1
CR2 maximum-coordinate wild ILR A32	54	1184	0.03969594594594594	0.008445945945945946	0.0008445945945945946	0	1
CR2 maximum-coordinate wild ILR A32	55	1184	0.04307432432432432	0.009290540540540541	0.0016891891891891893	0	1
CR2 maximum-coordinate wild ILR A32	56	1184	0.05574324324324324	0.01266891891891892	0.0016891891891891893	0	1
CR2 maximum-coordinate wild ILR A32	57	1184	0.05320945945945946	0.011824324324324325	0.0016891891891891893	0	1
CR2 maximum-coordinate wild ILR A32	58	1184	0.041385135135135136	0.0059121621621621625	0.0008445945945945946	0	1
CR2 maximum-coordinate wild ILR A32	59	1184	0.04814189189189189	0.009290540540540541	0.002533783783783784	0	1
CR2 maximum-coordinate wild ILR A32	60	1184	0.03885135135135135	0.008445945945945946	0.0	0	1
CR2 maximum-coordinate wild ILR A32	61	1184	0.0472972972972973	0.008445945945945946	0.002533783783783784	0	1
CR2 maximum-coordinate wild ILR A32	62	1184	0.057432432432432436	0.010135135135135136	0.0	0	1
CR2 maximum-coordinate wild ILR A32	63	1184	0.05827702702702703	0.007601351351351352	0.0016891891891891893	0	1
Pillai ILR A1	32	1149	0.04525674499564839	0.011314186248912098	0.0026109660574412533	0	1
Pillai ILR A1	33	1149	0.04612706701479547	0.011314186248912098	0.0008703220191470844	0	1
Pillai ILR A1	34	1149	0.047867711053089644	0.006962576153176675	0.0017406440382941688	0	1
Pillai ILR A1	35	1149	0.04177545691906005	0.009573542210617928	0.0	0	1
Pillai ILR A1	36	1149	0.050478677110530897	0.009573542210617928	0.0008703220191470844	0	1
Pillai ILR A1	37	1149	0.05221932114882506	0.008703220191470844	0.0026109660574412533	0	1
Pillai ILR A1	38	1149	0.05657093124456049	0.010443864229765013	0.0	0	1
Pillai ILR A1	39	1149	0.04960835509138381	0.011314186248912098	0.0026109660574412533	0	1
Pillai ILR A1	40	1149	0.05657093124456049	0.012184508268059183	0.0	0	1
Pillai ILR A1	41	1149	0.04960835509138381	0.009573542210617928	0.0017406440382941688	0	1
Pillai ILR A1	42	1149	0.04351610095735422	0.008703220191470844	0.0017406440382941688	0	1
Pillai ILR A1	43	1149	0.06005221932114883	0.01392515230635335	0.0017406440382941688	0	1
Pillai ILR A1	44	1149	0.04873803307223673	0.013054830287206266	0.0026109660574412533	0	1
Pillai ILR A1	45	1149	0.04699738903394256	0.009573542210617928	0.0008703220191470844	0	1
Pillai ILR A1	46	1149	0.058311575282854654	0.010443864229765013	0.0008703220191470844	0	1
Pillai ILR A1	47	1149	0.05134899912967798	0.005221932114882507	0.0	0	1
Pillai ILR A1	48	1149	0.044386422976501305	0.010443864229765013	0.0	0	1
Pillai ILR A1	49	1149	0.04525674499564839	0.006962576153176675	0.0	0	1
Pillai ILR A1	50	1149	0.040905134899912966	0.009573542210617928	0.0008703220191470844	0	1
Pillai ILR A1	51	1149	0.04351610095735422	0.012184508268059183	0.0	0	1
Pillai ILR A1	52	1149	0.04960835509138381	0.013054830287206266	0.0008703220191470844	0	1
Pillai ILR A1	53	1149	0.04612706701479547	0.013054830287206266	0.0026109660574412533	0	1
Pillai ILR A1	54	1149	0.050478677110530897	0.007832898172323759	0.0	0	1
Pillai ILR A1	55	1149	0.05308964316797215	0.006962576153176675	0.0017406440382941688	0	1
Pillai ILR A1	56	1149	0.04003481288076589	0.007832898172323759	0.0008703220191470844	0	1
Pillai ILR A1	57	1149	0.04612706701479547	0.010443864229765013	0.0008703220191470844	0	1
Pillai ILR A1	58	1149	0.06005221932114883	0.009573542210617928	0.0	0	1
Pillai ILR A1	59	1149	0.057441253263707574	0.01392515230635335	0.0017406440382941688	0	1
Pillai ILR A1	60	1149	0.0557006092254134	0.010443864229765013	0.0008703220191470844	0	1
Pillai ILR A1	61	1149	0.050478677110530897	0.009573542210617928	0.0	0	1
Pillai ILR A1	62	1149	0.04525674499564839	0.010443864229765013	0.0017406440382941688	0	1
Pillai ILR A1	63	1149	0.05483028720626632	0.011314186248912098	0.0017406440382941688	0	1
Pillai ILR A32	32	1149	0.05308964316797215	0.013054830287206266	0.0	0	1
Pillai ILR A32	33	1149	0.050478677110530897	0.011314186248912098	0.0026109660574412533	0	1
Pillai ILR A32	34	1149	0.04264577893820714	0.010443864229765013	0.0	0	1
Pillai ILR A32	35	1149	0.03742384682332463	0.009573542210617928	0.0008703220191470844	0	1
Pillai ILR A32	36	1149	0.06614447345517842	0.011314186248912098	0.0026109660574412533	0	1
Pillai ILR A32	37	1149	0.06353350739773717	0.009573542210617928	0.0008703220191470844	0	1
Pillai ILR A32	38	1149	0.06005221932114883	0.009573542210617928	0.0008703220191470844	0	1
Pillai ILR A32	39	1149	0.047867711053089644	0.006962576153176675	0.0008703220191470844	0	1
Pillai ILR A32	40	1149	0.05221932114882506	0.009573542210617928	0.0	0	1
Pillai ILR A32	41	1149	0.047867711053089644	0.009573542210617928	0.0008703220191470844	0	1
Pillai ILR A32	42	1149	0.04177545691906005	0.009573542210617928	0.0008703220191470844	0	1
Pillai ILR A32	43	1149	0.057441253263707574	0.012184508268059183	0.0017406440382941688	0	1
Pillai ILR A32	44	1149	0.04699738903394256	0.014795474325500435	0.0034812880765883376	0	1
Pillai ILR A32	45	1149	0.04351610095735422	0.006092254134029591	0.0008703220191470844	0	1
Pillai ILR A32	46	1149	0.053959965187119235	0.006962576153176675	0.0017406440382941688	0	1
Pillai ILR A32	47	1149	0.040905134899912966	0.006092254134029591	0.0008703220191470844	0	1
Pillai ILR A32	48	1149	0.050478677110530897	0.01392515230635335	0.0017406440382941688	0	1
Pillai ILR A32	49	1149	0.04003481288076589	0.006092254134029591	0.0	0	1
Pillai ILR A32	50	1149	0.04351610095735422	0.009573542210617928	0.0008703220191470844	0	1
Pillai ILR A32	51	1149	0.05483028720626632	0.011314186248912098	0.0017406440382941688	0	1
Pillai ILR A32	52	1149	0.05308964316797215	0.010443864229765013	0.0008703220191470844	0	1
Pillai ILR A32	53	1149	0.047867711053089644	0.006962576153176675	0.0008703220191470844	0	1
Pillai ILR A32	54	1149	0.047867711053089644	0.008703220191470844	0.0026109660574412533	0	1
Pillai ILR A32	55	1149	0.0557006092254134	0.010443864229765013	0.0017406440382941688	0	1
Pillai ILR A32	56	1149	0.04264577893820714	0.008703220191470844	0.0026109660574412533	0	1
Pillai ILR A32	57	1149	0.04960835509138381	0.013054830287206266	0.0026109660574412533	0	1
Pillai ILR A32	58	1149	0.053959965187119235	0.011314186248912098	0.0008703220191470844	0	1
Pillai ILR A32	59	1149	0.05134899912967798	0.012184508268059183	0.0008703220191470844	0	1
Pillai ILR A32	60	1149	0.0391644908616188	0.010443864229765013	0.0	0	1
Pillai ILR A32	61	1149	0.04960835509138381	0.008703220191470844	0.0008703220191470844	0	1
Pillai ILR A32	62	1149	0.04003481288076589	0.009573542210617928	0.0008703220191470844	0	1
Pillai ILR A32	63	1149	0.047867711053089644	0.009573542210617928	0.0008703220191470844	0	1
Pillai proportions A1	32	1149	0.04612706701479547	0.016536118363794605	0.0017406440382941688	0	1
Pillai proportions A1	33	1149	0.047867711053089644	0.013054830287206266	0.0026109660574412533	0	1
Pillai proportions A1	34	1149	0.04960835509138381	0.004351610095735422	0.0008703220191470844	0	1
Pillai proportions A1	35	1149	0.04264577893820714	0.008703220191470844	0.0008703220191470844	0	1
Pillai proportions A1	36	1149	0.047867711053089644	0.01392515230635335	0.0008703220191470844	0	1
Pillai proportions A1	37	1149	0.04873803307223673	0.010443864229765013	0.0017406440382941688	0	1
Pillai proportions A1	38	1149	0.05308964316797215	0.008703220191470844	0.0008703220191470844	0	1
Pillai proportions A1	39	1149	0.05483028720626632	0.013054830287206266	0.0017406440382941688	0	1
Pillai proportions A1	40	1149	0.05134899912967798	0.014795474325500435	0.0017406440382941688	0	1
Pillai proportions A1	41	1149	0.0391644908616188	0.006092254134029591	0.0017406440382941688	0	1
Pillai proportions A1	42	1149	0.050478677110530897	0.010443864229765013	0.0017406440382941688	0	1
Pillai proportions A1	43	1149	0.057441253263707574	0.017406440382941687	0.0017406440382941688	0	1
Pillai proportions A1	44	1149	0.04873803307223673	0.012184508268059183	0.0034812880765883376	0	1
Pillai proportions A1	45	1149	0.053959965187119235	0.01392515230635335	0.0017406440382941688	0	1
Pillai proportions A1	46	1149	0.047867711053089644	0.01392515230635335	0.0008703220191470844	0	1
Pillai proportions A1	47	1149	0.053959965187119235	0.007832898172323759	0.0	0	1
Pillai proportions A1	48	1149	0.04264577893820714	0.004351610095735422	0.0008703220191470844	0	1
Pillai proportions A1	49	1149	0.04525674499564839	0.010443864229765013	0.0008703220191470844	0	1
Pillai proportions A1	50	1149	0.0391644908616188	0.008703220191470844	0.0	0	1
Pillai proportions A1	51	1149	0.03568320278503046	0.007832898172323759	0.0008703220191470844	0	1
Pillai proportions A1	52	1149	0.057441253263707574	0.016536118363794605	0.0017406440382941688	0	1
Pillai proportions A1	53	1149	0.040905134899912966	0.013054830287206266	0.0	0	1
Pillai proportions A1	54	1149	0.04612706701479547	0.007832898172323759	0.0	0	1
Pillai proportions A1	55	1149	0.050478677110530897	0.006092254134029591	0.0	0	1
Pillai proportions A1	56	1149	0.04699738903394256	0.011314186248912098	0.0	0	1
Pillai proportions A1	57	1149	0.04612706701479547	0.010443864229765013	0.0	0	1
Pillai proportions A1	58	1149	0.05657093124456049	0.009573542210617928	0.0017406440382941688	0	1
Pillai proportions A1	59	1149	0.04960835509138381	0.015665796344647518	0.0026109660574412533	0	1
Pillai proportions A1	60	1149	0.04264577893820714	0.01392515230635335	0.0017406440382941688	0	1
Pillai proportions A1	61	1149	0.04351610095735422	0.005221932114882507	0.0	0	1
Pillai proportions A1	62	1149	0.047867711053089644	0.009573542210617928	0.0017406440382941688	0	1
Pillai proportions A1	63	1149	0.06005221932114883	0.012184508268059183	0.0026109660574412533	0	1
maximum-coordinate F ILR A1	32	1149	0.04264577893820714	0.01392515230635335	0.004351610095735422	0	1
maximum-coordinate F ILR A1	33	1149	0.04264577893820714	0.009573542210617928	0.0017406440382941688	0	1
maximum-coordinate F ILR A1	34	1149	0.04960835509138381	0.007832898172323759	0.0017406440382941688	0	1
maximum-coordinate F ILR A1	35	1149	0.040905134899912966	0.010443864229765013	0.0	0	1
maximum-coordinate F ILR A1	36	1149	0.04873803307223673	0.013054830287206266	0.0008703220191470844	0	1
maximum-coordinate F ILR A1	37	1149	0.0557006092254134	0.009573542210617928	0.0017406440382941688	0	1
maximum-coordinate F ILR A1	38	1149	0.0557006092254134	0.013054830287206266	0.0	0	1
maximum-coordinate F ILR A1	39	1149	0.04612706701479547	0.012184508268059183	0.0026109660574412533	0	1
maximum-coordinate F ILR A1	40	1149	0.057441253263707574	0.015665796344647518	0.0	0	1
maximum-coordinate F ILR A1	41	1149	0.04525674499564839	0.008703220191470844	0.0008703220191470844	0	1
maximum-coordinate F ILR A1	42	1149	0.04699738903394256	0.007832898172323759	0.0026109660574412533	0	1
maximum-coordinate F ILR A1	43	1149	0.05483028720626632	0.015665796344647518	0.0017406440382941688	0	1
maximum-coordinate F ILR A1	44	1149	0.04003481288076589	0.010443864229765013	0.0017406440382941688	0	1
maximum-coordinate F ILR A1	45	1149	0.04612706701479547	0.006092254134029591	0.0008703220191470844	0	1
maximum-coordinate F ILR A1	46	1149	0.05134899912967798	0.012184508268059183	0.0008703220191470844	0	1
maximum-coordinate F ILR A1	47	1149	0.05221932114882506	0.006092254134029591	0.0	0	1
maximum-coordinate F ILR A1	48	1149	0.04177545691906005	0.006962576153176675	0.0	0	1
maximum-coordinate F ILR A1	49	1149	0.04177545691906005	0.008703220191470844	0.0	0	1
maximum-coordinate F ILR A1	50	1149	0.04264577893820714	0.011314186248912098	0.0008703220191470844	0	1
maximum-coordinate F ILR A1	51	1149	0.044386422976501305	0.008703220191470844	0.0	0	1
maximum-coordinate F ILR A1	52	1149	0.04960835509138381	0.013054830287206266	0.0	0	1
maximum-coordinate F ILR A1	53	1149	0.044386422976501305	0.01392515230635335	0.0034812880765883376	0	1
maximum-coordinate F ILR A1	54	1149	0.058311575282854654	0.011314186248912098	0.0008703220191470844	0	1
maximum-coordinate F ILR A1	55	1149	0.04873803307223673	0.010443864229765013	0.0008703220191470844	0	1
maximum-coordinate F ILR A1	56	1149	0.044386422976501305	0.007832898172323759	0.0	0	1
maximum-coordinate F ILR A1	57	1149	0.04351610095735422	0.011314186248912098	0.0	0	1
maximum-coordinate F ILR A1	58	1149	0.06005221932114883	0.013054830287206266	0.0	0	1
maximum-coordinate F ILR A1	59	1149	0.05657093124456049	0.013054830287206266	0.0026109660574412533	0	1
maximum-coordinate F ILR A1	60	1149	0.05221932114882506	0.010443864229765013	0.0008703220191470844	0	1
maximum-coordinate F ILR A1	61	1149	0.050478677110530897	0.006962576153176675	0.0008703220191470844	0	1
maximum-coordinate F ILR A1	62	1149	0.04873803307223673	0.009573542210617928	0.0008703220191470844	0	1
maximum-coordinate F ILR A1	63	1149	0.050478677110530897	0.010443864229765013	0.0017406440382941688	0	1
maximum-coordinate F ILR A32	32	1149	0.05134899912967798	0.012184508268059183	0.0	0	1
maximum-coordinate F ILR A32	33	1149	0.05483028720626632	0.011314186248912098	0.0026109660574412533	0	1
maximum-coordinate F ILR A32	34	1149	0.04264577893820714	0.011314186248912098	0.0	0	1
maximum-coordinate F ILR A32	35	1149	0.04003481288076589	0.008703220191470844	0.0008703220191470844	0	1
maximum-coordinate F ILR A32	36	1149	0.06005221932114883	0.007832898172323759	0.0026109660574412533	0	1
maximum-coordinate F ILR A32	37	1149	0.057441253263707574	0.009573542210617928	0.0008703220191470844	0	1
maximum-coordinate F ILR A32	38	1149	0.06266318537859007	0.008703220191470844	0.0008703220191470844	0	1
maximum-coordinate F ILR A32	39	1149	0.05221932114882506	0.009573542210617928	0.0008703220191470844	0	1
maximum-coordinate F ILR A32	40	1149	0.053959965187119235	0.011314186248912098	0.0	0	1
maximum-coordinate F ILR A32	41	1149	0.04873803307223673	0.007832898172323759	0.0008703220191470844	0	1
maximum-coordinate F ILR A32	42	1149	0.040905134899912966	0.008703220191470844	0.0008703220191470844	0	1
maximum-coordinate F ILR A32	43	1149	0.058311575282854654	0.010443864229765013	0.0017406440382941688	0	1
maximum-coordinate F ILR A32	44	1149	0.04699738903394256	0.017406440382941687	0.0034812880765883376	0	1
maximum-coordinate F ILR A32	45	1149	0.04177545691906005	0.006962576153176675	0.0008703220191470844	0	1
maximum-coordinate F ILR A32	46	1149	0.050478677110530897	0.008703220191470844	0.0017406440382941688	0	1
maximum-coordinate F ILR A32	47	1149	0.040905134899912966	0.006962576153176675	0.0008703220191470844	0	1
maximum-coordinate F ILR A32	48	1149	0.050478677110530897	0.010443864229765013	0.0026109660574412533	0	1
maximum-coordinate F ILR A32	49	1149	0.040905134899912966	0.006962576153176675	0.0	0	1
maximum-coordinate F ILR A32	50	1149	0.04525674499564839	0.006962576153176675	0.0008703220191470844	0	1
maximum-coordinate F ILR A32	51	1149	0.05657093124456049	0.01392515230635335	0.0008703220191470844	0	1
maximum-coordinate F ILR A32	52	1149	0.04960835509138381	0.007832898172323759	0.0008703220191470844	0	1
maximum-coordinate F ILR A32	53	1149	0.044386422976501305	0.007832898172323759	0.0008703220191470844	0	1
maximum-coordinate F ILR A32	54	1149	0.05134899912967798	0.011314186248912098	0.0026109660574412533	0	1
maximum-coordinate F ILR A32	55	1149	0.0557006092254134	0.009573542210617928	0.0008703220191470844	0	1
maximum-coordinate F ILR A32	56	1149	0.04525674499564839	0.008703220191470844	0.0026109660574412533	0	1
maximum-coordinate F ILR A32	57	1149	0.05308964316797215	0.012184508268059183	0.0008703220191470844	0	1
maximum-coordinate F ILR A32	58	1149	0.05134899912967798	0.009573542210617928	0.0008703220191470844	0	1
maximum-coordinate F ILR A32	59	1149	0.050478677110530897	0.011314186248912098	0.0	0	1
maximum-coordinate F ILR A32	60	1149	0.03307223672758921	0.006962576153176675	0.0	0	1
maximum-coordinate F ILR A32	61	1149	0.050478677110530897	0.007832898172323759	0.0008703220191470844	0	1
maximum-coordinate F ILR A32	62	1149	0.03742384682332463	0.010443864229765013	0.0	0	1
maximum-coordinate F ILR A32	63	1149	0.057441253263707574	0.010443864229765013	0.0008703220191470844	0	1
maximum-coordinate F proportions A1	32	1149	0.044386422976501305	0.011314186248912098	0.0026109660574412533	0	1
maximum-coordinate F proportions A1	33	1149	0.04873803307223673	0.013054830287206266	0.0026109660574412533	0	1
maximum-coordinate F proportions A1	34	1149	0.05308964316797215	0.007832898172323759	0.0008703220191470844	0	1
maximum-coordinate F proportions A1	35	1149	0.04699738903394256	0.013054830287206266	0.0008703220191470844	0	1
maximum-coordinate F proportions A1	36	1149	0.050478677110530897	0.011314186248912098	0.0008703220191470844	0	1
maximum-coordinate F proportions A1	37	1149	0.050478677110530897	0.010443864229765013	0.0017406440382941688	0	1
maximum-coordinate F proportions A1	38	1149	0.05134899912967798	0.007832898172323759	0.0008703220191470844	0	1
maximum-coordinate F proportions A1	39	1149	0.04873803307223673	0.014795474325500435	0.0017406440382941688	0	1
maximum-coordinate F proportions A1	40	1149	0.047867711053089644	0.013054830287206266	0.0026109660574412533	0	1
maximum-coordinate F proportions A1	41	1149	0.044386422976501305	0.008703220191470844	0.0	0	1
maximum-coordinate F proportions A1	42	1149	0.04960835509138381	0.007832898172323759	0.0017406440382941688	0	1
maximum-coordinate F proportions A1	43	1149	0.0557006092254134	0.01392515230635335	0.0017406440382941688	0	1
maximum-coordinate F proportions A1	44	1149	0.04873803307223673	0.012184508268059183	0.0026109660574412533	0	1
maximum-coordinate F proportions A1	45	1149	0.05221932114882506	0.010443864229765013	0.0	0	1
maximum-coordinate F proportions A1	46	1149	0.04612706701479547	0.009573542210617928	0.0	0	1
maximum-coordinate F proportions A1	47	1149	0.05221932114882506	0.006962576153176675	0.0	0	1
maximum-coordinate F proportions A1	48	1149	0.04525674499564839	0.0034812880765883376	0.0008703220191470844	0	1
maximum-coordinate F proportions A1	49	1149	0.044386422976501305	0.009573542210617928	0.0008703220191470844	0	1
maximum-coordinate F proportions A1	50	1149	0.04264577893820714	0.006092254134029591	0.0	0	1
maximum-coordinate F proportions A1	51	1149	0.03568320278503046	0.010443864229765013	0.0008703220191470844	0	1
maximum-coordinate F proportions A1	52	1149	0.053959965187119235	0.014795474325500435	0.0008703220191470844	0	1
maximum-coordinate F proportions A1	53	1149	0.0391644908616188	0.010443864229765013	0.0	0	1
maximum-coordinate F proportions A1	54	1149	0.05134899912967798	0.007832898172323759	0.0008703220191470844	0	1
maximum-coordinate F proportions A1	55	1149	0.04873803307223673	0.007832898172323759	0.0	0	1
maximum-coordinate F proportions A1	56	1149	0.04960835509138381	0.009573542210617928	0.0	0	1
maximum-coordinate F proportions A1	57	1149	0.044386422976501305	0.008703220191470844	0.0	0	1
maximum-coordinate F proportions A1	58	1149	0.04873803307223673	0.006962576153176675	0.0017406440382941688	0	1
maximum-coordinate F proportions A1	59	1149	0.05134899912967798	0.014795474325500435	0.0034812880765883376	0	1
maximum-coordinate F proportions A1	60	1149	0.044386422976501305	0.011314186248912098	0.0017406440382941688	0	1
maximum-coordinate F proportions A1	61	1149	0.050478677110530897	0.006962576153176675	0.0	0	1
maximum-coordinate F proportions A1	62	1149	0.04699738903394256	0.008703220191470844	0.0017406440382941688	0	1
maximum-coordinate F proportions A1	63	1149	0.06005221932114883	0.010443864229765013	0.0026109660574412533	0	1
null-variance Wald A32	32	1149	0.047867711053089644	0.009573542210617928	0.0008703220191470844	0	1
null-variance Wald A32	33	1149	0.050478677110530897	0.010443864229765013	0.0	0	1
null-variance Wald A32	34	1149	0.04525674499564839	0.009573542210617928	0.0008703220191470844	0	1
null-variance Wald A32	35	1149	0.047867711053089644	0.010443864229765013	0.0	0	1
null-variance Wald A32	36	1149	0.06005221932114883	0.008703220191470844	0.0017406440382941688	0	1
null-variance Wald A32	37	1149	0.057441253263707574	0.009573542210617928	0.0017406440382941688	0	1
null-variance Wald A32	38	1149	0.057441253263707574	0.012184508268059183	0.0008703220191470844	0	1
null-variance Wald A32	39	1149	0.04525674499564839	0.012184508268059183	0.0017406440382941688	0	1
null-variance Wald A32	40	1149	0.04873803307223673	0.014795474325500435	0.0008703220191470844	0	1
null-variance Wald A32	41	1149	0.04960835509138381	0.005221932114882507	0.0	0	1
null-variance Wald A32	42	1149	0.038294168842471714	0.005221932114882507	0.0	0	1
null-variance Wald A32	43	1149	0.06179286335944299	0.01392515230635335	0.0008703220191470844	0	1
null-variance Wald A32	44	1149	0.04873803307223673	0.012184508268059183	0.0026109660574412533	0	1
null-variance Wald A32	45	1149	0.04351610095735422	0.009573542210617928	0.0008703220191470844	0	1
null-variance Wald A32	46	1149	0.0557006092254134	0.009573542210617928	0.0008703220191470844	0	1
null-variance Wald A32	47	1149	0.04264577893820714	0.007832898172323759	0.0008703220191470844	0	1
null-variance Wald A32	48	1149	0.050478677110530897	0.01392515230635335	0.0017406440382941688	0	1
null-variance Wald A32	49	1149	0.04177545691906005	0.006962576153176675	0.0017406440382941688	0	1
null-variance Wald A32	50	1149	0.04699738903394256	0.009573542210617928	0.0	0	1
null-variance Wald A32	51	1149	0.05657093124456049	0.015665796344647518	0.0017406440382941688	0	1
null-variance Wald A32	52	1149	0.05308964316797215	0.011314186248912098	0.0008703220191470844	0	1
null-variance Wald A32	53	1149	0.04351610095735422	0.011314186248912098	0.0017406440382941688	0	1
null-variance Wald A32	54	1149	0.05657093124456049	0.010443864229765013	0.0026109660574412533	0	1
null-variance Wald A32	55	1149	0.058311575282854654	0.007832898172323759	0.0	0	1
null-variance Wald A32	56	1149	0.05134899912967798	0.008703220191470844	0.0008703220191470844	0	1
null-variance Wald A32	57	1149	0.05134899912967798	0.011314186248912098	0.0	0	1
null-variance Wald A32	58	1149	0.04960835509138381	0.012184508268059183	0.0008703220191470844	0	1
null-variance Wald A32	59	1149	0.04699738903394256	0.010443864229765013	0.0008703220191470844	0	1
null-variance Wald A32	60	1149	0.04003481288076589	0.005221932114882507	0.0	0	1
null-variance Wald A32	61	1149	0.05918189730200174	0.011314186248912098	0.0008703220191470844	0	1
null-variance Wald A32	62	1149	0.04264577893820714	0.009573542210617928	0.0026109660574412533	0	1
null-variance Wald A32	63	1149	0.06353350739773717	0.012184508268059183	0.0008703220191470844	0	1
trace F ILR A1	32	1149	0.04351610095735422	0.011314186248912098	0.0034812880765883376	0	1
trace F ILR A1	33	1149	0.04264577893820714	0.010443864229765013	0.0008703220191470844	0	1
trace F ILR A1	34	1149	0.047867711053089644	0.007832898172323759	0.0017406440382941688	0	1
trace F ILR A1	35	1149	0.04351610095735422	0.009573542210617928	0.0008703220191470844	0	1
trace F ILR A1	36	1149	0.05308964316797215	0.009573542210617928	0.0008703220191470844	0	1
trace F ILR A1	37	1149	0.05308964316797215	0.009573542210617928	0.0008703220191470844	0	1
trace F ILR A1	38	1149	0.06005221932114883	0.011314186248912098	0.0008703220191470844	0	1
trace F ILR A1	39	1149	0.04960835509138381	0.011314186248912098	0.0026109660574412533	0	1
trace F ILR A1	40	1149	0.053959965187119235	0.013054830287206266	0.0	0	1
trace F ILR A1	41	1149	0.04525674499564839	0.012184508268059183	0.0	0	1
trace F ILR A1	42	1149	0.05134899912967798	0.007832898172323759	0.0017406440382941688	0	1
trace F ILR A1	43	1149	0.05918189730200174	0.013054830287206266	0.0017406440382941688	0	1
trace F ILR A1	44	1149	0.040905134899912966	0.009573542210617928	0.0017406440382941688	0	1
trace F ILR A1	45	1149	0.04960835509138381	0.007832898172323759	0.0008703220191470844	0	1
trace F ILR A1	46	1149	0.04873803307223673	0.010443864229765013	0.0008703220191470844	0	1
trace F ILR A1	47	1149	0.050478677110530897	0.006962576153176675	0.0008703220191470844	0	1
trace F ILR A1	48	1149	0.044386422976501305	0.006962576153176675	0.0	0	1
trace F ILR A1	49	1149	0.04351610095735422	0.008703220191470844	0.0	0	1
trace F ILR A1	50	1149	0.04177545691906005	0.008703220191470844	0.0008703220191470844	0	1
trace F ILR A1	51	1149	0.050478677110530897	0.012184508268059183	0.0008703220191470844	0	1
trace F ILR A1	52	1149	0.050478677110530897	0.014795474325500435	0.0008703220191470844	0	1
trace F ILR A1	53	1149	0.047867711053089644	0.015665796344647518	0.0008703220191470844	0	1
trace F ILR A1	54	1149	0.050478677110530897	0.006962576153176675	0.0008703220191470844	0	1
trace F ILR A1	55	1149	0.05221932114882506	0.008703220191470844	0.0026109660574412533	0	1
trace F ILR A1	56	1149	0.04525674499564839	0.008703220191470844	0.0	0	1
trace F ILR A1	57	1149	0.05134899912967798	0.009573542210617928	0.0	0	1
trace F ILR A1	58	1149	0.06179286335944299	0.012184508268059183	0.0	0	1
trace F ILR A1	59	1149	0.053959965187119235	0.01392515230635335	0.0017406440382941688	0	1
trace F ILR A1	60	1149	0.05483028720626632	0.010443864229765013	0.0017406440382941688	0	1
trace F ILR A1	61	1149	0.053959965187119235	0.007832898172323759	0.0	0	1
trace F ILR A1	62	1149	0.04699738903394256	0.009573542210617928	0.0017406440382941688	0	1
trace F ILR A1	63	1149	0.06005221932114883	0.011314186248912098	0.0017406440382941688	0	1
trace F ILR A32	32	1149	0.044386422976501305	0.009573542210617928	0.0017406440382941688	0	1
trace F ILR A32	33	1149	0.04873803307223673	0.013054830287206266	0.0008703220191470844	0	1
trace F ILR A32	34	1149	0.04699738903394256	0.007832898172323759	0.0008703220191470844	0	1
trace F ILR A32	35	1149	0.04351610095735422	0.009573542210617928	0.0008703220191470844	0	1
trace F ILR A32	36	1149	0.05918189730200174	0.008703220191470844	0.0026109660574412533	0	1
trace F ILR A32	37	1149	0.058311575282854654	0.007832898172323759	0.0017406440382941688	0	1
trace F ILR A32	38	1149	0.05657093124456049	0.008703220191470844	0.0008703220191470844	0	1
trace F ILR A32	39	1149	0.047867711053089644	0.011314186248912098	0.0034812880765883376	0	1
trace F ILR A32	40	1149	0.04699738903394256	0.011314186248912098	0.0008703220191470844	0	1
trace F ILR A32	41	1149	0.04873803307223673	0.006962576153176675	0.0017406440382941688	0	1
trace F ILR A32	42	1149	0.04264577893820714	0.004351610095735422	0.0	0	1
trace F ILR A32	43	1149	0.060922541340295906	0.011314186248912098	0.0008703220191470844	0	1
trace F ILR A32	44	1149	0.04699738903394256	0.01392515230635335	0.004351610095735422	0	1
trace F ILR A32	45	1149	0.044386422976501305	0.007832898172323759	0.0017406440382941688	0	1
trace F ILR A32	46	1149	0.05308964316797215	0.010443864229765013	0.0017406440382941688	0	1
trace F ILR A32	47	1149	0.04699738903394256	0.007832898172323759	0.0008703220191470844	0	1
trace F ILR A32	48	1149	0.04612706701479547	0.012184508268059183	0.0017406440382941688	0	1
trace F ILR A32	49	1149	0.038294168842471714	0.008703220191470844	0.0	0	1
trace F ILR A32	50	1149	0.04699738903394256	0.010443864229765013	0.0008703220191470844	0	1
trace F ILR A32	51	1149	0.058311575282854654	0.014795474325500435	0.0026109660574412533	0	1
trace F ILR A32	52	1149	0.05134899912967798	0.009573542210617928	0.0008703220191470844	0	1
trace F ILR A32	53	1149	0.04525674499564839	0.010443864229765013	0.0017406440382941688	0	1
trace F ILR A32	54	1149	0.05134899912967798	0.012184508268059183	0.0026109660574412533	0	1
trace F ILR A32	55	1149	0.05483028720626632	0.009573542210617928	0.0008703220191470844	0	1
trace F ILR A32	56	1149	0.04960835509138381	0.007832898172323759	0.0017406440382941688	0	1
trace F ILR A32	57	1149	0.050478677110530897	0.010443864229765013	0.0008703220191470844	0	1
trace F ILR A32	58	1149	0.04699738903394256	0.009573542210617928	0.0008703220191470844	0	1
trace F ILR A32	59	1149	0.05221932114882506	0.008703220191470844	0.0008703220191470844	0	1
trace F ILR A32	60	1149	0.03655352480417755	0.005221932114882507	0.0008703220191470844	0	1
trace F ILR A32	61	1149	0.050478677110530897	0.007832898172323759	0.0008703220191470844	0	1
trace F ILR A32	62	1149	0.03742384682332463	0.008703220191470844	0.0026109660574412533	0	1
trace F ILR A32	63	1149	0.057441253263707574	0.012184508268059183	0.0008703220191470844	0	1
trace F proportions A1	32	1149	0.04351610095735422	0.006962576153176675	0.0017406440382941688	0	1
trace F proportions A1	33	1149	0.04177545691906005	0.009573542210617928	0.0026109660574412533	0	1
trace F proportions A1	34	1149	0.04960835509138381	0.006092254134029591	0.0017406440382941688	0	1
trace F proportions A1	35	1149	0.047867711053089644	0.010443864229765013	0.0017406440382941688	0	1
trace F proportions A1	36	1149	0.05134899912967798	0.010443864229765013	0.0008703220191470844	0	1
trace F proportions A1	37	1149	0.05308964316797215	0.011314186248912098	0.0008703220191470844	0	1
trace F proportions A1	38	1149	0.05483028720626632	0.009573542210617928	0.0008703220191470844	0	1
trace F proportions A1	39	1149	0.04873803307223673	0.008703220191470844	0.0026109660574412533	0	1
trace F proportions A1	40	1149	0.04525674499564839	0.011314186248912098	0.0008703220191470844	0	1
trace F proportions A1	41	1149	0.05134899912967798	0.011314186248912098	0.0008703220191470844	0	1
trace F proportions A1	42	1149	0.057441253263707574	0.013054830287206266	0.0017406440382941688	0	1
trace F proportions A1	43	1149	0.053959965187119235	0.011314186248912098	0.0008703220191470844	0	1
trace F proportions A1	44	1149	0.06005221932114883	0.009573542210617928	0.0026109660574412533	0	1
trace F proportions A1	45	1149	0.04960835509138381	0.010443864229765013	0.0008703220191470844	0	1
trace F proportions A1	46	1149	0.04612706701479547	0.012184508268059183	0.0	0	1
trace F proportions A1	47	1149	0.04873803307223673	0.008703220191470844	0.0008703220191470844	0	1
trace F proportions A1	48	1149	0.04003481288076589	0.006092254134029591	0.0008703220191470844	0	1
trace F proportions A1	49	1149	0.05221932114882506	0.009573542210617928	0.0008703220191470844	0	1
trace F proportions A1	50	1149	0.038294168842471714	0.007832898172323759	0.0	0	1
trace F proportions A1	51	1149	0.044386422976501305	0.010443864229765013	0.0017406440382941688	0	1
trace F proportions A1	52	1149	0.05483028720626632	0.012184508268059183	0.0017406440382941688	0	1
trace F proportions A1	53	1149	0.04264577893820714	0.008703220191470844	0.0	0	1
trace F proportions A1	54	1149	0.05221932114882506	0.013054830287206266	0.0017406440382941688	0	1
trace F proportions A1	55	1149	0.040905134899912966	0.007832898172323759	0.0008703220191470844	0	1
trace F proportions A1	56	1149	0.0557006092254134	0.008703220191470844	0.0008703220191470844	0	1
trace F proportions A1	57	1149	0.05134899912967798	0.008703220191470844	0.0	0	1
trace F proportions A1	58	1149	0.04960835509138381	0.010443864229765013	0.0008703220191470844	0	1
trace F proportions A1	59	1149	0.04960835509138381	0.019147084421235857	0.0026109660574412533	0	1
trace F proportions A1	60	1149	0.04699738903394256	0.010443864229765013	0.0026109660574412533	0	1
trace F proportions A1	61	1149	0.047867711053089644	0.006962576153176675	0.0	0	1
trace F proportions A1	62	1149	0.05134899912967798	0.011314186248912098	0.0017406440382941688	0	1
trace F proportions A1	63	1149	0.06962576153176675	0.013054830287206266	0.0034812880765883376	0	1
CR2 maximum-coordinate wild ILR A64	32	1761	0.059057353776263484	0.014196479273140262	0.0028392958546280523	0	full
CR2 maximum-coordinate wild ILR A64	33	1761	0.04826802952867689	0.010221465076660987	0.0	0	full
CR2 maximum-coordinate wild ILR A64	34	1761	0.05792163543441227	0.01306076093128904	0.002271436683702442	0	full
CR2 maximum-coordinate wild ILR A64	35	1761	0.055650198750709826	0.015332197614991482	0.001135718341851221	0	full
CR2 maximum-coordinate wild ILR A64	36	1761	0.05053946621237933	0.01306076093128904	0.0028392958546280523	0	full
CR2 maximum-coordinate wild ILR A64	37	1761	0.05053946621237933	0.011357183418512209	0.0017035775127768314	0	full
CR2 maximum-coordinate wild ILR A64	38	1761	0.05053946621237933	0.01192504258943782	0.002271436683702442	0	full
CR2 maximum-coordinate wild ILR A64	39	1761	0.05337876206700738	0.01306076093128904	0.002271436683702442	0	full
CR2 maximum-coordinate wild ILR A64	40	1761	0.04997160704145372	0.009085746734809767	0.001135718341851221	0	full
CR2 maximum-coordinate wild ILR A64	41	1761	0.0488358886996025	0.011357183418512209	0.0028392958546280523	0	full
CR2 maximum-coordinate wild ILR A64	42	1761	0.055082339579784215	0.010221465076660987	0.0017035775127768314	0	full
CR2 maximum-coordinate wild ILR A64	43	1761	0.04656445201590006	0.009085746734809767	0.0017035775127768314	0	full
CR2 maximum-coordinate wild ILR A64	44	1761	0.05678591709256105	0.011357183418512209	0.002271436683702442	0	full
CR2 maximum-coordinate wild ILR A64	45	1761	0.04997160704145372	0.01306076093128904	0.0017035775127768314	0	full
CR2 maximum-coordinate wild ILR A64	46	1761	0.044293015332197615	0.010221465076660987	0.002271436683702442	0	full
CR2 maximum-coordinate wild ILR A64	47	1761	0.04826802952867689	0.01192504258943782	0.002271436683702442	0	full
CR2 maximum-coordinate wild ILR A64	48	1761	0.05167518455423055	0.01306076093128904	0.0017035775127768314	0	full
CR2 maximum-coordinate wild ILR A64	49	1761	0.055082339579784215	0.017603634298693924	0.002271436683702442	0	full
CR2 maximum-coordinate wild ILR A64	50	1761	0.04997160704145372	0.008517887563884156	0.0	0	full
CR2 maximum-coordinate wild ILR A64	51	1761	0.05281090289608177	0.010789324247586598	0.0028392958546280523	0	full
CR2 maximum-coordinate wild ILR A64	52	1761	0.060193072118114706	0.015332197614991482	0.0017035775127768314	0	full
CR2 maximum-coordinate wild ILR A64	53	1761	0.04770017035775128	0.01306076093128904	0.001135718341851221	0	full
CR2 maximum-coordinate wild ILR A64	54	1761	0.06076093128904032	0.009653605905735378	0.0017035775127768314	0	full
CR2 maximum-coordinate wild ILR A64	55	1761	0.05281090289608177	0.010789324247586598	0.0017035775127768314	0	full
CR2 maximum-coordinate wild ILR A64	56	1761	0.05337876206700738	0.01192504258943782	0.0017035775127768314	0	full
CR2 maximum-coordinate wild ILR A64	57	1761	0.05110732538330494	0.007950028392958546	0.0005678591709256105	0	full
CR2 maximum-coordinate wild ILR A64	58	1761	0.05053946621237933	0.01192504258943782	0.0017035775127768314	0	full
CR2 maximum-coordinate wild ILR A64	59	1761	0.055082339579784215	0.01192504258943782	0.0017035775127768314	0	full
CR2 maximum-coordinate wild ILR A64	60	1761	0.04656445201590006	0.011357183418512209	0.002271436683702442	0	full
CR2 maximum-coordinate wild ILR A64	61	1761	0.04826802952867689	0.008517887563884156	0.0005678591709256105	0	full
CR2 maximum-coordinate wild ILR A64	62	1761	0.05735377626348666	0.01306076093128904	0.0028392958546280523	0	full
CR2 maximum-coordinate wild ILR A64	63	1761	0.05167518455423055	0.010789324247586598	0.0028392958546280523	0	full
Pillai ILR A1	32	1725	0.04753623188405797	0.011014492753623189	0.002318840579710145	0	full
Pillai ILR A1	33	1725	0.04521739130434783	0.008115942028985508	0.0005797101449275362	0	full
Pillai ILR A1	34	1725	0.059710144927536235	0.016231884057971015	0.0011594202898550724	0	full
Pillai ILR A1	35	1725	0.0463768115942029	0.009855072463768115	0.0005797101449275362	0	full
Pillai ILR A1	36	1725	0.058550724637681156	0.010434782608695653	0.0017391304347826088	0	full
Pillai ILR A1	37	1725	0.049855072463768114	0.01217391304347826	0.0017391304347826088	0	full
Pillai ILR A1	38	1725	0.057391304347826085	0.011014492753623189	0.0011594202898550724	0	full
Pillai ILR A1	39	1725	0.050434782608695654	0.00927536231884058	0.0005797101449275362	0	full
Pillai ILR A1	40	1725	0.05217391304347826	0.009855072463768115	0.002318840579710145	0	full
Pillai ILR A1	41	1725	0.05681159420289855	0.01217391304347826	0.002318840579710145	0	full
Pillai ILR A1	42	1725	0.0463768115942029	0.006956521739130435	0.0005797101449275362	0	full
Pillai ILR A1	43	1725	0.04753623188405797	0.00927536231884058	0.002318840579710145	0	full
Pillai ILR A1	44	1725	0.04811594202898551	0.008695652173913044	0.0	0	full
Pillai ILR A1	45	1725	0.05623188405797101	0.016231884057971015	0.002318840579710145	0	full
Pillai ILR A1	46	1725	0.0463768115942029	0.006956521739130435	0.0005797101449275362	0	full
Pillai ILR A1	47	1725	0.05681159420289855	0.014492753623188406	0.0011594202898550724	0	full
Pillai ILR A1	48	1725	0.04753623188405797	0.008115942028985508	0.0	0	full
Pillai ILR A1	49	1725	0.06028985507246377	0.01217391304347826	0.0011594202898550724	0	full
Pillai ILR A1	50	1725	0.049855072463768114	0.010434782608695653	0.0017391304347826088	0	full
Pillai ILR A1	51	1725	0.06434782608695652	0.016231884057971015	0.0005797101449275362	0	full
Pillai ILR A1	52	1725	0.0527536231884058	0.01217391304347826	0.0005797101449275362	0	full
Pillai ILR A1	53	1725	0.04521739130434783	0.00927536231884058	0.0005797101449275362	0	full
Pillai ILR A1	54	1725	0.04811594202898551	0.006376811594202898	0.0	0	full
Pillai ILR A1	55	1725	0.04521739130434783	0.0034782608695652175	0.0005797101449275362	0	full
Pillai ILR A1	56	1725	0.044057971014492756	0.006956521739130435	0.002318840579710145	0	full
Pillai ILR A1	57	1725	0.04463768115942029	0.005797101449275362	0.0005797101449275362	0	full
Pillai ILR A1	58	1725	0.042318840579710144	0.006956521739130435	0.0	0	full
Pillai ILR A1	59	1725	0.051014492753623186	0.008115942028985508	0.0011594202898550724	0	full
Pillai ILR A1	60	1725	0.06144927536231884	0.00927536231884058	0.0005797101449275362	0	full
Pillai ILR A1	61	1725	0.04521739130434783	0.008115942028985508	0.0011594202898550724	0	full
Pillai ILR A1	62	1725	0.05391304347826087	0.01217391304347826	0.0	0	full
Pillai ILR A1	63	1725	0.05565217391304348	0.012753623188405797	0.0	0	full
Pillai ILR A64	32	1725	0.05217391304347826	0.011594202898550725	0.0005797101449275362	0	full
Pillai ILR A64	33	1725	0.042318840579710144	0.01217391304347826	0.0005797101449275362	0	full
Pillai ILR A64	34	1725	0.06144927536231884	0.01217391304347826	0.0005797101449275362	0	full
Pillai ILR A64	35	1725	0.050434782608695654	0.011594202898550725	0.0005797101449275362	0	full
Pillai ILR A64	36	1725	0.05333333333333334	0.011014492753623189	0.0017391304347826088	0	full
Pillai ILR A64	37	1725	0.051014492753623186	0.009855072463768115	0.0005797101449275362	0	full
Pillai ILR A64	38	1725	0.051594202898550726	0.010434782608695653	0.0011594202898550724	0	full
Pillai ILR A64	39	1725	0.04869565217391304	0.01217391304347826	0.0005797101449275362	0	full
Pillai ILR A64	40	1725	0.06434782608695652	0.015072463768115942	0.0	0	full
Pillai ILR A64	41	1725	0.059130434782608696	0.013333333333333334	0.0017391304347826088	0	full
Pillai ILR A64	42	1725	0.04695652173913043	0.00927536231884058	0.0	0	full
Pillai ILR A64	43	1725	0.049855072463768114	0.00927536231884058	0.0017391304347826088	0	full
Pillai ILR A64	44	1725	0.0463768115942029	0.011594202898550725	0.0005797101449275362	0	full
Pillai ILR A64	45	1725	0.05217391304347826	0.011594202898550725	0.0011594202898550724	0	full
Pillai ILR A64	46	1725	0.05217391304347826	0.009855072463768115	0.0017391304347826088	0	full
Pillai ILR A64	47	1725	0.05507246376811594	0.012753623188405797	0.0	0	full
Pillai ILR A64	48	1725	0.04869565217391304	0.010434782608695653	0.0011594202898550724	0	full
Pillai ILR A64	49	1725	0.051594202898550726	0.00927536231884058	0.0011594202898550724	0	full
Pillai ILR A64	50	1725	0.043478260869565216	0.008115942028985508	0.0005797101449275362	0	full
Pillai ILR A64	51	1725	0.04927536231884058	0.012753623188405797	0.0005797101449275362	0	full
Pillai ILR A64	52	1725	0.06144927536231884	0.01217391304347826	0.0017391304347826088	0	full
Pillai ILR A64	53	1725	0.050434782608695654	0.006956521739130435	0.0	0	full
Pillai ILR A64	54	1725	0.05681159420289855	0.01391304347826087	0.0011594202898550724	0	full
Pillai ILR A64	55	1725	0.042318840579710144	0.006376811594202898	0.0011594202898550724	0	full
Pillai ILR A64	56	1725	0.04869565217391304	0.00927536231884058	0.0005797101449275362	0	full
Pillai ILR A64	57	1725	0.043478260869565216	0.008695652173913044	0.0	0	full
Pillai ILR A64	58	1725	0.057391304347826085	0.011594202898550725	0.0005797101449275362	0	full
Pillai ILR A64	59	1725	0.04753623188405797	0.011594202898550725	0.0011594202898550724	0	full
Pillai ILR A64	60	1725	0.049855072463768114	0.013333333333333334	0.0017391304347826088	0	full
Pillai ILR A64	61	1725	0.04521739130434783	0.008695652173913044	0.002898550724637681	0	full
Pillai ILR A64	62	1725	0.05391304347826087	0.013333333333333334	0.0017391304347826088	0	full
Pillai ILR A64	63	1725	0.057391304347826085	0.007536231884057971	0.0005797101449275362	0	full
Pillai proportions A1	32	1725	0.04463768115942029	0.01217391304347826	0.0017391304347826088	0	full
Pillai proportions A1	33	1725	0.03942028985507246	0.008115942028985508	0.0	0	full
Pillai proportions A1	34	1725	0.06028985507246377	0.015072463768115942	0.002898550724637681	0	full
Pillai proportions A1	35	1725	0.049855072463768114	0.010434782608695653	0.0005797101449275362	0	full
Pillai proportions A1	36	1725	0.051594202898550726	0.008695652173913044	0.0005797101449275362	0	full
Pillai proportions A1	37	1725	0.04811594202898551	0.012753623188405797	0.0005797101449275362	0	full
Pillai proportions A1	38	1725	0.059130434782608696	0.013333333333333334	0.0005797101449275362	0	full
Pillai proportions A1	39	1725	0.050434782608695654	0.011014492753623189	0.0005797101449275362	0	full
Pillai proportions A1	40	1725	0.0527536231884058	0.008115942028985508	0.0005797101449275362	0	full
Pillai proportions A1	41	1725	0.05333333333333334	0.011594202898550725	0.0005797101449275362	0	full
Pillai proportions A1	42	1725	0.03942028985507246	0.008695652173913044	0.0011594202898550724	0	full
Pillai proportions A1	43	1725	0.05333333333333334	0.010434782608695653	0.0017391304347826088	0	full
Pillai proportions A1	44	1725	0.044057971014492756	0.007536231884057971	0.0	0	full
Pillai proportions A1	45	1725	0.059130434782608696	0.014492753623188406	0.0011594202898550724	0	full
Pillai proportions A1	46	1725	0.0463768115942029	0.008695652173913044	0.0011594202898550724	0	full
Pillai proportions A1	47	1725	0.05391304347826087	0.009855072463768115	0.0005797101449275362	0	full
Pillai proportions A1	48	1725	0.04869565217391304	0.008695652173913044	0.0	0	full
Pillai proportions A1	49	1725	0.059710144927536235	0.011594202898550725	0.0005797101449275362	0	full
Pillai proportions A1	50	1725	0.042898550724637684	0.009855072463768115	0.0017391304347826088	0	full
Pillai proportions A1	51	1725	0.05681159420289855	0.01217391304347826	0.0005797101449275362	0	full
Pillai proportions A1	52	1725	0.05217391304347826	0.00927536231884058	0.0017391304347826088	0	full
Pillai proportions A1	53	1725	0.042898550724637684	0.008115942028985508	0.0005797101449275362	0	full
Pillai proportions A1	54	1725	0.04579710144927536	0.006376811594202898	0.0	0	full
Pillai proportions A1	55	1725	0.04869565217391304	0.006376811594202898	0.0005797101449275362	0	full
Pillai proportions A1	56	1725	0.04753623188405797	0.0052173913043478265	0.0011594202898550724	0	full
Pillai proportions A1	57	1725	0.0463768115942029	0.008115942028985508	0.0	0	full
Pillai proportions A1	58	1725	0.044057971014492756	0.007536231884057971	0.0005797101449275362	0	full
Pillai proportions A1	59	1725	0.050434782608695654	0.011014492753623189	0.0011594202898550724	0	full
Pillai proportions A1	60	1725	0.057391304347826085	0.00927536231884058	0.0005797101449275362	0	full
Pillai proportions A1	61	1725	0.04695652173913043	0.0034782608695652175	0.0005797101449275362	0	full
Pillai proportions A1	62	1725	0.05217391304347826	0.01217391304347826	0.0	0	full
Pillai proportions A1	63	1725	0.0527536231884058	0.009855072463768115	0.0	0	full
maximum-coordinate F ILR A1	32	1725	0.04811594202898551	0.009855072463768115	0.002318840579710145	0	full
maximum-coordinate F ILR A1	33	1725	0.043478260869565216	0.006376811594202898	0.0005797101449275362	0	full
maximum-coordinate F ILR A1	34	1725	0.06260869565217392	0.01391304347826087	0.0005797101449275362	0	full
maximum-coordinate F ILR A1	35	1725	0.0463768115942029	0.008115942028985508	0.0	0	full
maximum-coordinate F ILR A1	36	1725	0.057391304347826085	0.010434782608695653	0.0017391304347826088	0	full
maximum-coordinate F ILR A1	37	1725	0.04753623188405797	0.013333333333333334	0.0011594202898550724	0	full
maximum-coordinate F ILR A1	38	1725	0.05333333333333334	0.012753623188405797	0.0011594202898550724	0	full
maximum-coordinate F ILR A1	39	1725	0.04869565217391304	0.009855072463768115	0.0	0	full
maximum-coordinate F ILR A1	40	1725	0.04927536231884058	0.00927536231884058	0.0017391304347826088	0	full
maximum-coordinate F ILR A1	41	1725	0.05507246376811594	0.011014492753623189	0.002898550724637681	0	full
maximum-coordinate F ILR A1	42	1725	0.04579710144927536	0.007536231884057971	0.0005797101449275362	0	full
maximum-coordinate F ILR A1	43	1725	0.04695652173913043	0.011014492753623189	0.0011594202898550724	0	full
maximum-coordinate F ILR A1	44	1725	0.04695652173913043	0.00927536231884058	0.0	0	full
maximum-coordinate F ILR A1	45	1725	0.05507246376811594	0.01681159420289855	0.002898550724637681	0	full
maximum-coordinate F ILR A1	46	1725	0.04463768115942029	0.008695652173913044	0.0005797101449275362	0	full
maximum-coordinate F ILR A1	47	1725	0.059710144927536235	0.013333333333333334	0.0005797101449275362	0	full
maximum-coordinate F ILR A1	48	1725	0.049855072463768114	0.007536231884057971	0.0005797101449275362	0	full
maximum-coordinate F ILR A1	49	1725	0.05623188405797101	0.011594202898550725	0.0	0	full
maximum-coordinate F ILR A1	50	1725	0.051014492753623186	0.009855072463768115	0.0017391304347826088	0	full
maximum-coordinate F ILR A1	51	1725	0.06492753623188406	0.01681159420289855	0.0005797101449275362	0	full
maximum-coordinate F ILR A1	52	1725	0.05449275362318841	0.01391304347826087	0.0011594202898550724	0	full
maximum-coordinate F ILR A1	53	1725	0.044057971014492756	0.007536231884057971	0.0005797101449275362	0	full
maximum-coordinate F ILR A1	54	1725	0.043478260869565216	0.006376811594202898	0.0005797101449275362	0	full
maximum-coordinate F ILR A1	55	1725	0.04173913043478261	0.00463768115942029	0.0005797101449275362	0	full
maximum-coordinate F ILR A1	56	1725	0.04579710144927536	0.008115942028985508	0.002318840579710145	0	full
maximum-coordinate F ILR A1	57	1725	0.043478260869565216	0.008115942028985508	0.0005797101449275362	0	full
maximum-coordinate F ILR A1	58	1725	0.04173913043478261	0.006376811594202898	0.0	0	full
maximum-coordinate F ILR A1	59	1725	0.04927536231884058	0.008115942028985508	0.0005797101449275362	0	full
maximum-coordinate F ILR A1	60	1725	0.058550724637681156	0.006956521739130435	0.0	0	full
maximum-coordinate F ILR A1	61	1725	0.04115942028985507	0.008115942028985508	0.0011594202898550724	0	full
maximum-coordinate F ILR A1	62	1725	0.049855072463768114	0.011594202898550725	0.0	0	full
maximum-coordinate F ILR A1	63	1725	0.05681159420289855	0.013333333333333334	0.0	0	full
maximum-coordinate F ILR A64	32	1725	0.0527536231884058	0.01217391304347826	0.0011594202898550724	0	full
maximum-coordinate F ILR A64	33	1725	0.044057971014492756	0.012753623188405797	0.0011594202898550724	0	full
maximum-coordinate F ILR A64	34	1725	0.058550724637681156	0.011014492753623189	0.0005797101449275362	0	full
maximum-coordinate F ILR A64	35	1725	0.051014492753623186	0.008695652173913044	0.0	0	full
maximum-coordinate F ILR A64	36	1725	0.0527536231884058	0.009855072463768115	0.0017391304347826088	0	full
maximum-coordinate F ILR A64	37	1725	0.04811594202898551	0.008115942028985508	0.0005797101449275362	0	full
maximum-coordinate F ILR A64	38	1725	0.058550724637681156	0.011594202898550725	0.0017391304347826088	0	full
maximum-coordinate F ILR A64	39	1725	0.04811594202898551	0.011014492753623189	0.0005797101449275362	0	full
maximum-coordinate F ILR A64	40	1725	0.058550724637681156	0.012753623188405797	0.0	0	full
maximum-coordinate F ILR A64	41	1725	0.057391304347826085	0.014492753623188406	0.0017391304347826088	0	full
maximum-coordinate F ILR A64	42	1725	0.04753623188405797	0.00927536231884058	0.0	0	full
maximum-coordinate F ILR A64	43	1725	0.04927536231884058	0.009855072463768115	0.0005797101449275362	0	full
maximum-coordinate F ILR A64	44	1725	0.04753623188405797	0.010434782608695653	0.0005797101449275362	0	full
maximum-coordinate F ILR A64	45	1725	0.05449275362318841	0.01217391304347826	0.0011594202898550724	0	full
maximum-coordinate F ILR A64	46	1725	0.04869565217391304	0.007536231884057971	0.0005797101449275362	0	full
maximum-coordinate F ILR A64	47	1725	0.05333333333333334	0.013333333333333334	0.0	0	full
maximum-coordinate F ILR A64	48	1725	0.04811594202898551	0.010434782608695653	0.0017391304347826088	0	full
maximum-coordinate F ILR A64	49	1725	0.05391304347826087	0.007536231884057971	0.0005797101449275362	0	full
maximum-coordinate F ILR A64	50	1725	0.03884057971014493	0.008115942028985508	0.0005797101449275362	0	full
maximum-coordinate F ILR A64	51	1725	0.05217391304347826	0.01391304347826087	0.0005797101449275362	0	full
maximum-coordinate F ILR A64	52	1725	0.06028985507246377	0.01217391304347826	0.0011594202898550724	0	full
maximum-coordinate F ILR A64	53	1725	0.049855072463768114	0.007536231884057971	0.0005797101449275362	0	full
maximum-coordinate F ILR A64	54	1725	0.05449275362318841	0.011594202898550725	0.0017391304347826088	0	full
maximum-coordinate F ILR A64	55	1725	0.04753623188405797	0.006956521739130435	0.002318840579710145	0	full
maximum-coordinate F ILR A64	56	1725	0.044057971014492756	0.010434782608695653	0.0005797101449275362	0	full
maximum-coordinate F ILR A64	57	1725	0.044057971014492756	0.009855072463768115	0.0011594202898550724	0	full
maximum-coordinate F ILR A64	58	1725	0.05565217391304348	0.010434782608695653	0.0005797101449275362	0	full
maximum-coordinate F ILR A64	59	1725	0.049855072463768114	0.009855072463768115	0.0011594202898550724	0	full
maximum-coordinate F ILR A64	60	1725	0.05217391304347826	0.011594202898550725	0.0017391304347826088	0	full
maximum-coordinate F ILR A64	61	1725	0.044057971014492756	0.00927536231884058	0.0017391304347826088	0	full
maximum-coordinate F ILR A64	62	1725	0.05391304347826087	0.011014492753623189	0.0017391304347826088	0	full
maximum-coordinate F ILR A64	63	1725	0.04811594202898551	0.00927536231884058	0.0005797101449275362	0	full
maximum-coordinate F proportions A1	32	1725	0.04579710144927536	0.013333333333333334	0.0017391304347826088	0	full
maximum-coordinate F proportions A1	33	1725	0.04	0.00927536231884058	0.0005797101449275362	0	full
maximum-coordinate F proportions A1	34	1725	0.06202898550724638	0.016231884057971015	0.002898550724637681	0	full
maximum-coordinate F proportions A1	35	1725	0.05217391304347826	0.01217391304347826	0.0011594202898550724	0	full
maximum-coordinate F proportions A1	36	1725	0.05333333333333334	0.00927536231884058	0.0011594202898550724	0	full
maximum-coordinate F proportions A1	37	1725	0.04811594202898551	0.011594202898550725	0.0005797101449275362	0	full
maximum-coordinate F proportions A1	38	1725	0.05565217391304348	0.012753623188405797	0.0005797101449275362	0	full
maximum-coordinate F proportions A1	39	1725	0.044057971014492756	0.012753623188405797	0.0	0	full
maximum-coordinate F proportions A1	40	1725	0.04927536231884058	0.01217391304347826	0.0011594202898550724	0	full
maximum-coordinate F proportions A1	41	1725	0.0527536231884058	0.011014492753623189	0.0005797101449275362	0	full
maximum-coordinate F proportions A1	42	1725	0.04115942028985507	0.009855072463768115	0.0011594202898550724	0	full
maximum-coordinate F proportions A1	43	1725	0.051594202898550726	0.011014492753623189	0.0017391304347826088	0	full
maximum-coordinate F proportions A1	44	1725	0.042898550724637684	0.008695652173913044	0.0	0	full
maximum-coordinate F proportions A1	45	1725	0.059710144927536235	0.016231884057971015	0.0005797101449275362	0	full
maximum-coordinate F proportions A1	46	1725	0.0463768115942029	0.009855072463768115	0.0017391304347826088	0	full
maximum-coordinate F proportions A1	47	1725	0.05391304347826087	0.006376811594202898	0.0005797101449275362	0	full
maximum-coordinate F proportions A1	48	1725	0.051014492753623186	0.011014492753623189	0.0005797101449275362	0	full
maximum-coordinate F proportions A1	49	1725	0.059130434782608696	0.011014492753623189	0.0	0	full
maximum-coordinate F proportions A1	50	1725	0.0463768115942029	0.011594202898550725	0.0005797101449275362	0	full
maximum-coordinate F proportions A1	51	1725	0.06202898550724638	0.01217391304347826	0.0005797101449275362	0	full
maximum-coordinate F proportions A1	52	1725	0.050434782608695654	0.008695652173913044	0.002318840579710145	0	full
maximum-coordinate F proportions A1	53	1725	0.042318840579710144	0.007536231884057971	0.0005797101449275362	0	full
maximum-coordinate F proportions A1	54	1725	0.04463768115942029	0.006956521739130435	0.0	0	full
maximum-coordinate F proportions A1	55	1725	0.04753623188405797	0.005797101449275362	0.0005797101449275362	0	full
maximum-coordinate F proportions A1	56	1725	0.04579710144927536	0.006956521739130435	0.0011594202898550724	0	full
maximum-coordinate F proportions A1	57	1725	0.04463768115942029	0.008115942028985508	0.0005797101449275362	0	full
maximum-coordinate F proportions A1	58	1725	0.042318840579710144	0.007536231884057971	0.0005797101449275362	0	full
maximum-coordinate F proportions A1	59	1725	0.051594202898550726	0.00927536231884058	0.0011594202898550724	0	full
maximum-coordinate F proportions A1	60	1725	0.05565217391304348	0.007536231884057971	0.0005797101449275362	0	full
maximum-coordinate F proportions A1	61	1725	0.04463768115942029	0.0052173913043478265	0.0005797101449275362	0	full
maximum-coordinate F proportions A1	62	1725	0.04695652173913043	0.009855072463768115	0.0005797101449275362	0	full
maximum-coordinate F proportions A1	63	1725	0.05449275362318841	0.011594202898550725	0.0005797101449275362	0	full
null-variance Wald A64	32	1725	0.049855072463768114	0.008695652173913044	0.0011594202898550724	0	full
null-variance Wald A64	33	1725	0.044057971014492756	0.012753623188405797	0.0017391304347826088	0	full
null-variance Wald A64	34	1725	0.06202898550724638	0.01217391304347826	0.0017391304347826088	0	full
null-variance Wald A64	35	1725	0.0527536231884058	0.011014492753623189	0.0017391304347826088	0	full
null-variance Wald A64	36	1725	0.04869565217391304	0.010434782608695653	0.0017391304347826088	0	full
null-variance Wald A64	37	1725	0.051014492753623186	0.00927536231884058	0.002898550724637681	0	full
null-variance Wald A64	38	1725	0.051014492753623186	0.011014492753623189	0.002318840579710145	0	full
null-variance Wald A64	39	1725	0.05217391304347826	0.008115942028985508	0.0	0	full
null-variance Wald A64	40	1725	0.059130434782608696	0.01565217391304348	0.0017391304347826088	0	full
null-variance Wald A64	41	1725	0.05507246376811594	0.011594202898550725	0.002318840579710145	0	full
null-variance Wald A64	42	1725	0.042898550724637684	0.013333333333333334	0.0	0	full
null-variance Wald A64	43	1725	0.049855072463768114	0.00927536231884058	0.0017391304347826088	0	full
null-variance Wald A64	44	1725	0.05217391304347826	0.011014492753623189	0.0005797101449275362	0	full
null-variance Wald A64	45	1725	0.05681159420289855	0.010434782608695653	0.0005797101449275362	0	full
null-variance Wald A64	46	1725	0.04927536231884058	0.009855072463768115	0.002318840579710145	0	full
null-variance Wald A64	47	1725	0.058550724637681156	0.01217391304347826	0.0005797101449275362	0	full
null-variance Wald A64	48	1725	0.051014492753623186	0.011014492753623189	0.0011594202898550724	0	full
null-variance Wald A64	49	1725	0.05217391304347826	0.01217391304347826	0.0011594202898550724	0	full
null-variance Wald A64	50	1725	0.042898550724637684	0.009855072463768115	0.0011594202898550724	0	full
null-variance Wald A64	51	1725	0.04811594202898551	0.011014492753623189	0.0011594202898550724	0	full
null-variance Wald A64	52	1725	0.05681159420289855	0.013333333333333334	0.002318840579710145	0	full
null-variance Wald A64	53	1725	0.04927536231884058	0.008115942028985508	0.0005797101449275362	0	full
null-variance Wald A64	54	1725	0.049855072463768114	0.013333333333333334	0.0011594202898550724	0	full
null-variance Wald A64	55	1725	0.04579710144927536	0.011014492753623189	0.0017391304347826088	0	full
null-variance Wald A64	56	1725	0.04521739130434783	0.006956521739130435	0.0005797101449275362	0	full
null-variance Wald A64	57	1725	0.0463768115942029	0.009855072463768115	0.0011594202898550724	0	full
null-variance Wald A64	58	1725	0.05507246376811594	0.008115942028985508	0.0	0	full
null-variance Wald A64	59	1725	0.04753623188405797	0.009855072463768115	0.0005797101449275362	0	full
null-variance Wald A64	60	1725	0.0527536231884058	0.011594202898550725	0.0005797101449275362	0	full
null-variance Wald A64	61	1725	0.04753623188405797	0.008695652173913044	0.0017391304347826088	0	full
null-variance Wald A64	62	1725	0.051594202898550726	0.011014492753623189	0.0	0	full
null-variance Wald A64	63	1725	0.04927536231884058	0.010434782608695653	0.0	0	full
trace F ILR A1	32	1725	0.04811594202898551	0.01217391304347826	0.004057971014492754	0	full
trace F ILR A1	33	1725	0.04695652173913043	0.006376811594202898	0.0005797101449275362	0	full
trace F ILR A1	34	1725	0.06434782608695652	0.013333333333333334	0.0011594202898550724	0	full
trace F ILR A1	35	1725	0.04869565217391304	0.007536231884057971	0.0005797101449275362	0	full
trace F ILR A1	36	1725	0.058550724637681156	0.010434782608695653	0.0017391304347826088	0	full
trace F ILR A1	37	1725	0.049855072463768114	0.013333333333333334	0.0011594202898550724	0	full
trace F ILR A1	38	1725	0.051594202898550726	0.01217391304347826	0.0011594202898550724	0	full
trace F ILR A1	39	1725	0.05217391304347826	0.008695652173913044	0.0005797101449275362	0	full
trace F ILR A1	40	1725	0.0527536231884058	0.008115942028985508	0.0011594202898550724	0	full
trace F ILR A1	41	1725	0.05623188405797101	0.015072463768115942	0.002898550724637681	0	full
trace F ILR A1	42	1725	0.04521739130434783	0.009855072463768115	0.0017391304347826088	0	full
trace F ILR A1	43	1725	0.04173913043478261	0.011594202898550725	0.0011594202898550724	0	full
trace F ILR A1	44	1725	0.0463768115942029	0.01217391304347826	0.0011594202898550724	0	full
trace F ILR A1	45	1725	0.05681159420289855	0.015072463768115942	0.002898550724637681	0	full
trace F ILR A1	46	1725	0.04579710144927536	0.008115942028985508	0.0	0	full
trace F ILR A1	47	1725	0.05507246376811594	0.01391304347826087	0.0005797101449275362	0	full
trace F ILR A1	48	1725	0.04579710144927536	0.00927536231884058	0.002318840579710145	0	full
trace F ILR A1	49	1725	0.06202898550724638	0.01565217391304348	0.0005797101449275362	0	full
trace F ILR A1	50	1725	0.04927536231884058	0.011014492753623189	0.0011594202898550724	0	full
trace F ILR A1	51	1725	0.0672463768115942	0.015072463768115942	0.0005797101449275362	0	full
trace F ILR A1	52	1725	0.051594202898550726	0.011594202898550725	0.0005797101449275362	0	full
trace F ILR A1	53	1725	0.051014492753623186	0.010434782608695653	0.0011594202898550724	0	full
trace F ILR A1	54	1725	0.04869565217391304	0.008115942028985508	0.0005797101449275362	0	full
trace F ILR A1	55	1725	0.044057971014492756	0.0052173913043478265	0.0011594202898550724	0	full
trace F ILR A1	56	1725	0.0463768115942029	0.008115942028985508	0.002898550724637681	0	full
trace F ILR A1	57	1725	0.042898550724637684	0.005797101449275362	0.0017391304347826088	0	full
trace F ILR A1	58	1725	0.04463768115942029	0.007536231884057971	0.0005797101449275362	0	full
trace F ILR A1	59	1725	0.051014492753623186	0.011014492753623189	0.0017391304347826088	0	full
trace F ILR A1	60	1725	0.05681159420289855	0.008695652173913044	0.0	0	full
trace F ILR A1	61	1725	0.04115942028985507	0.008695652173913044	0.0011594202898550724	0	full
trace F ILR A1	62	1725	0.050434782608695654	0.010434782608695653	0.0011594202898550724	0	full
trace F ILR A1	63	1725	0.057971014492753624	0.01217391304347826	0.0005797101449275362	0	full
trace F ILR A64	32	1725	0.04927536231884058	0.011594202898550725	0.0011594202898550724	0	full
trace F ILR A64	33	1725	0.042318840579710144	0.01217391304347826	0.0011594202898550724	0	full
trace F ILR A64	34	1725	0.06086956521739131	0.010434782608695653	0.0005797101449275362	0	full
trace F ILR A64	35	1725	0.05217391304347826	0.013333333333333334	0.0005797101449275362	0	full
trace F ILR A64	36	1725	0.05217391304347826	0.00927536231884058	0.002318840579710145	0	full
trace F ILR A64	37	1725	0.05565217391304348	0.009855072463768115	0.0017391304347826088	0	full
trace F ILR A64	38	1725	0.051594202898550726	0.009855072463768115	0.0017391304347826088	0	full
trace F ILR A64	39	1725	0.04927536231884058	0.011014492753623189	0.0011594202898550724	0	full
trace F ILR A64	40	1725	0.057971014492753624	0.014492753623188406	0.0	0	full
trace F ILR A64	41	1725	0.05507246376811594	0.014492753623188406	0.002898550724637681	0	full
trace F ILR A64	42	1725	0.04811594202898551	0.011594202898550725	0.0005797101449275362	0	full
trace F ILR A64	43	1725	0.04869565217391304	0.011014492753623189	0.0017391304347826088	0	full
trace F ILR A64	44	1725	0.05333333333333334	0.010434782608695653	0.0005797101449275362	0	full
trace F ILR A64	45	1725	0.05391304347826087	0.013333333333333334	0.0011594202898550724	0	full
trace F ILR A64	46	1725	0.049855072463768114	0.010434782608695653	0.0011594202898550724	0	full
trace F ILR A64	47	1725	0.05623188405797101	0.011014492753623189	0.0	0	full
trace F ILR A64	48	1725	0.051014492753623186	0.010434782608695653	0.002318840579710145	0	full
trace F ILR A64	49	1725	0.04927536231884058	0.008695652173913044	0.0005797101449275362	0	full
trace F ILR A64	50	1725	0.043478260869565216	0.00927536231884058	0.0011594202898550724	0	full
trace F ILR A64	51	1725	0.050434782608695654	0.013333333333333334	0.0005797101449275362	0	full
trace F ILR A64	52	1725	0.05681159420289855	0.011014492753623189	0.002318840579710145	0	full
trace F ILR A64	53	1725	0.04869565217391304	0.008115942028985508	0.0005797101449275362	0	full
trace F ILR A64	54	1725	0.049855072463768114	0.012753623188405797	0.0011594202898550724	0	full
trace F ILR A64	55	1725	0.044057971014492756	0.008695652173913044	0.002898550724637681	0	full
trace F ILR A64	56	1725	0.04463768115942029	0.009855072463768115	0.0005797101449275362	0	full
trace F ILR A64	57	1725	0.042898550724637684	0.008695652173913044	0.0017391304347826088	0	full
trace F ILR A64	58	1725	0.05217391304347826	0.00927536231884058	0.0011594202898550724	0	full
trace F ILR A64	59	1725	0.04869565217391304	0.011594202898550725	0.0017391304347826088	0	full
trace F ILR A64	60	1725	0.051014492753623186	0.00927536231884058	0.0017391304347826088	0	full
trace F ILR A64	61	1725	0.04869565217391304	0.011014492753623189	0.0011594202898550724	0	full
trace F ILR A64	62	1725	0.04869565217391304	0.011594202898550725	0.0017391304347826088	0	full
trace F ILR A64	63	1725	0.050434782608695654	0.00927536231884058	0.0005797101449275362	0	full
trace F proportions A1	32	1725	0.04521739130434783	0.010434782608695653	0.0017391304347826088	0	full
trace F proportions A1	33	1725	0.04869565217391304	0.009855072463768115	0.0005797101449275362	0	full
trace F proportions A1	34	1725	0.06086956521739131	0.01565217391304348	0.002898550724637681	0	full
trace F proportions A1	35	1725	0.049855072463768114	0.011594202898550725	0.0005797101449275362	0	full
trace F proportions A1	36	1725	0.057971014492753624	0.008115942028985508	0.0005797101449275362	0	full
trace F proportions A1	37	1725	0.051594202898550726	0.01217391304347826	0.0011594202898550724	0	full
trace F proportions A1	38	1725	0.06202898550724638	0.01217391304347826	0.0005797101449275362	0	full
trace F proportions A1	39	1725	0.050434782608695654	0.013333333333333334	0.0005797101449275362	0	full
trace F proportions A1	40	1725	0.05507246376811594	0.008695652173913044	0.0005797101449275362	0	full
trace F proportions A1	41	1725	0.059130434782608696	0.00927536231884058	0.0011594202898550724	0	full
trace F proportions A1	42	1725	0.04057971014492753	0.005797101449275362	0.0011594202898550724	0	full
trace F proportions A1	43	1725	0.05217391304347826	0.00927536231884058	0.0011594202898550724	0	full
trace F proportions A1	44	1725	0.04579710144927536	0.01217391304347826	0.0017391304347826088	0	full
trace F proportions A1	45	1725	0.057971014492753624	0.014492753623188406	0.0005797101449275362	0	full
trace F proportions A1	46	1725	0.04695652173913043	0.010434782608695653	0.002898550724637681	0	full
trace F proportions A1	47	1725	0.05333333333333334	0.00927536231884058	0.0011594202898550724	0	full
trace F proportions A1	48	1725	0.05333333333333334	0.008695652173913044	0.0005797101449275362	0	full
trace F proportions A1	49	1725	0.059710144927536235	0.01391304347826087	0.0005797101449275362	0	full
trace F proportions A1	50	1725	0.04753623188405797	0.007536231884057971	0.0	0	full
trace F proportions A1	51	1725	0.059710144927536235	0.01217391304347826	0.0005797101449275362	0	full
trace F proportions A1	52	1725	0.051014492753623186	0.008115942028985508	0.0017391304347826088	0	full
trace F proportions A1	53	1725	0.0463768115942029	0.007536231884057971	0.0005797101449275362	0	full
trace F proportions A1	54	1725	0.044057971014492756	0.008695652173913044	0.0	0	full
trace F proportions A1	55	1725	0.04115942028985507	0.0052173913043478265	0.0	0	full
trace F proportions A1	56	1725	0.0463768115942029	0.005797101449275362	0.0	0	full
trace F proportions A1	57	1725	0.04753623188405797	0.009855072463768115	0.0011594202898550724	0	full
trace F proportions A1	58	1725	0.043478260869565216	0.005797101449275362	0.0005797101449275362	0	full
trace F proportions A1	59	1725	0.05333333333333334	0.011594202898550725	0.0011594202898550724	0	full
trace F proportions A1	60	1725	0.05681159420289855	0.008695652173913044	0.0005797101449275362	0	full
trace F proportions A1	61	1725	0.04695652173913043	0.006956521739130435	0.0011594202898550724	0	full
trace F proportions A1	62	1725	0.04811594202898551	0.008115942028985508	0.0	0	full
trace F proportions A1	63	1725	0.05391304347826087	0.011594202898550725	0.0	0	full
