test_id	feature_id	feature_type	primer	n_cell_types	fitted_range	rank_correlation
ENSMUSG00000000631.21:B5	E:77755663-77755674	exon	random hexamer	4	0.1772687461564939	0.39999999999999997
ENSMUSG00000000631.21:B5	E:77755674-77755882	exon	random hexamer	4	0.18393247654783962	0.7999999999999999
ENSMUSG00000000631.21:B5	E:77755882-77755935	exon	random hexamer	4	0.19138811180877158	0.19999999999999998
ENSMUSG00000000631.21:B5	E:77755935-77756663	exon	random hexamer	4	0.18921700468951103	-1.0
ENSMUSG00000000631.21:B5	E:77756663-77756806	exon	random hexamer	4	0.19597164733046407	0.9486832980505139
ENSMUSG00000001248.16:B1	E:30850439-30850507	exon	random hexamer	3	0.0520920252336589	-0.5
ENSMUSG00000001419.18:B3	E:88069087-88069108	exon	random hexamer	4	0.30743249966896047	-0.39999999999999997
ENSMUSG00000001419.18:B3	J:88068688-88069087	junction	random hexamer	4	0.30743249966896047	0.6000000000000001
ENSMUSG00000001419.18:B3	J:88068688-88070264	junction	random hexamer	4	0.30743249966896036	0.7378647873726218
ENSMUSG00000001419.18:B3	J:88069108-88070264	junction	random hexamer	4	0.30743249966896047	0.6000000000000001
ENSMUSG00000001472.18:B1	E:124100522-124100562	exon	random hexamer	5	0.09960038905060761	0.8999999999999998
ENSMUSG00000001472.18:B1	E:124109265-124109340	exon	random hexamer	5	0.09960038905060764	-0.7
ENSMUSG00000001472.18:B1	J:124108300-124109265	junction	random hexamer	5	0.09960038905060764	-0.7
ENSMUSG00000001472.18:B1	J:124108300-124110063	junction	random hexamer	5	0.09960038905060761	0.7999999999999999
ENSMUSG00000001472.18:B1	J:124109340-124110063	junction	random hexamer	5	0.09960038905060764	-0.7
ENSMUSG00000001911.17:B4	E:85442769-85442917	exon	poly(dT)	3	0.10266511119193789	0.5
ENSMUSG00000001911.17:B4	E:85442769-85442917	exon	random hexamer	3	0.10266511119193789	1.0
ENSMUSG00000001911.17:B4	J:85440486-85442769	junction	poly(dT)	3	0.10266511119193789	1.0
ENSMUSG00000001911.17:B4	J:85440486-85442769	junction	random hexamer	3	0.10266511119193789	0.5
ENSMUSG00000001911.17:B4	J:85440486-85448271	junction	poly(dT)	3	0.10266511119193791	0.5
ENSMUSG00000001911.17:B4	J:85440486-85448271	junction	random hexamer	3	0.10266511119193791	1.0
ENSMUSG00000001911.17:B4	J:85442917-85448271	junction	poly(dT)	3	0.10266511119193789	0.5
ENSMUSG00000001911.17:B4	J:85442917-85448271	junction	random hexamer	3	0.10266511119193789	1.0
ENSMUSG00000001986.17:B1	E:40490004-40490134	exon	random hexamer	5	0.09210913183113908	0.19999999999999998
ENSMUSG00000001986.17:B1	E:40490180-40490405	exon	random hexamer	5	0.09210913183113911	0.7
ENSMUSG00000001986.17:B1	J:40490134-40490405	junction	random hexamer	5	0.09210913183113908	0.09999999999999999
ENSMUSG00000002107.19:B1	E:6726424-6726426	exon	poly(dT)	3	0.05704239163175151	-1.0
ENSMUSG00000002107.19:B1	E:6726424-6726426	exon	random hexamer	4	0.05704239163175151	-0.7999999999999999
ENSMUSG00000002107.19:B1	E:6967189-6967225	exon	poly(dT)	3	0.05442368904869491	1.0
ENSMUSG00000002107.19:B1	E:6967189-6967225	exon	random hexamer	4	0.05442368904869491	0.7999999999999999
ENSMUSG00000002107.19:B1	J:6726424-6967189	junction	poly(dT)	3	0.05442368904869491	1.0
ENSMUSG00000002107.19:B1	J:6726424-6967189	junction	random hexamer	4	0.05442368904869491	0.7999999999999999
ENSMUSG00000002985.17:B1	E:19432192-19432197	exon	poly(dT)	3	0.05500146099614145	0.8660254037844387
ENSMUSG00000002985.17:B1	E:19432192-19432197	exon	random hexamer	3	0.05500146099614145	-0.5
ENSMUSG00000002985.17:B1	E:19432935-19432977	exon	poly(dT)	3	0.06903882819874485	1.0
ENSMUSG00000002985.17:B1	E:19432935-19432977	exon	random hexamer	3	0.06903882819874485	1.0
ENSMUSG00000003279.18:B1	E:70276240-70276665	exon	random hexamer	7	0.2581564877378407	0.8928571428571429
ENSMUSG00000003279.18:B1	E:70385256-70385418	exon	random hexamer	7	0.2581564877378407	0.8928571428571429
ENSMUSG00000003279.18:B1	E:70513231-70513340	exon	random hexamer	7	0.2581564877378407	0.28571428571428575
ENSMUSG00000003279.18:B1	E:70615041-70615165	exon	random hexamer	7	0.2581564877378407	0.28571428571428575
ENSMUSG00000003279.18:B1	E:70731790-70731883	exon	random hexamer	7	0.2581564877378407	0.5357142857142858
ENSMUSG00000003279.18:B1	E:70822948-70823991	exon	random hexamer	7	0.2581564877378407	0.7142857142857144
ENSMUSG00000003279.18:B1	E:70829049-70829263	exon	random hexamer	7	0.21598951934584107	0.1785714285714286
ENSMUSG00000003279.18:B1	E:70868546-70868866	exon	random hexamer	7	0.1080074966663081	-0.14285714285714288
ENSMUSG00000003279.18:B1	J:70276665-70385256	junction	random hexamer	7	0.2581564877378407	0.8928571428571429
ENSMUSG00000003279.18:B1	J:70385418-70513231	junction	random hexamer	7	0.2581564877378407	0.4504687313477795
ENSMUSG00000003279.18:B1	J:70513340-70615041	junction	random hexamer	7	0.2581564877378407	-0.18531232916527532
ENSMUSG00000003279.18:B1	J:70615165-70731790	junction	random hexamer	7	0.2581564877378407	0.5
ENSMUSG00000003279.18:B1	J:70731883-70822948	junction	random hexamer	7	0.2581564877378407	0.642857142857143
ENSMUSG00000003279.18:B1	J:70823991-70900161	junction	random hexamer	7	0.2581564877378407	0.642857142857143
ENSMUSG00000003279.18:B1	J:70829263-70900161	junction	random hexamer	7	0.21598951934584107	0.054056247761733546
ENSMUSG00000003279.18:B1	J:70868866-70900161	junction	random hexamer	7	0.1080074966663081	0.26726124191242445
ENSMUSG00000003847.17:B2	E:108095450-108096183	exon	random hexamer	3	0.05161363536384633	0.5
ENSMUSG00000003847.17:B2	E:108097049-108097291	exon	random hexamer	3	0.05161363536384633	0.5
ENSMUSG00000003847.17:B2	J:108096183-108097049	junction	random hexamer	3	0.05161363536384633	0.5
ENSMUSG00000004267.17:B1	E:124746584-124746636	exon	random hexamer	5	0.12470671956581875	-0.6
ENSMUSG00000005045.17:B1	E:152423107-152423343	exon	poly(dT)	6	0.07497896305828056	0.6
ENSMUSG00000005045.17:B1	E:152423107-152423343	exon	random hexamer	4	0.062264019732981235	0.19999999999999998
ENSMUSG00000005417.18:B1	E:59553320-59553332	exon	random hexamer	6	0.1140053661842535	0.6377481392176932
ENSMUSG00000005417.18:B3	E:59632816-59632924	exon	random hexamer	4	0.11400543581138542	-0.7999999999999999
ENSMUSG00000005417.18:B3	J:59632087-59632816	junction	random hexamer	4	0.11400543581138542	-0.7999999999999999
ENSMUSG00000005417.18:B3	J:59632087-59634596	junction	random hexamer	4	0.11400543581138534	0.7999999999999999
ENSMUSG00000005417.18:B3	J:59632924-59634596	junction	random hexamer	4	0.11400543581138542	-0.39999999999999997
ENSMUSG00000005583.17:B2	E:83773443-83773527	exon	random hexamer	3	0.09190015758655073	1.0
ENSMUSG00000005583.17:B2	E:83773588-83773726	exon	random hexamer	3	0.09190015758655068	-0.5
ENSMUSG00000005583.17:B2	J:83773527-83781173	junction	random hexamer	3	0.09190015758655073	1.0
ENSMUSG00000005583.17:B2	J:83773726-83781173	junction	random hexamer	3	0.09190015758655068	0.0
ENSMUSG00000005583.17:B3	E:83802716-83802740	exon	random hexamer	3	0.05773831623240977	0.5
ENSMUSG00000005583.17:B3	J:83801105-83802716	junction	random hexamer	3	0.05773831623240977	0.5
ENSMUSG00000005583.17:B3	J:83801105-83803625	junction	random hexamer	3	0.057738316232409825	-0.8660254037844387
ENSMUSG00000005583.17:B3	J:83802740-83803625	junction	random hexamer	3	0.05773831623240977	0.5
ENSMUSG00000006575.15:B1	E:102288910-102288925	exon	random hexamer	5	0.10000619480607098	0.0
ENSMUSG00000006575.15:B1	J:102288512-102288910	junction	random hexamer	5	0.10000619480607098	0.19999999999999998
ENSMUSG00000006575.15:B1	J:102288512-102288925	junction	random hexamer	5	0.10000619480607079	0.7
ENSMUSG00000006930.16:B1	E:100246913-100246954	exon	random hexamer	4	0.24654775640765464	-0.7999999999999999
ENSMUSG00000008658.17:B1	E:6167001-6167095	exon	random hexamer	4	0.08898497630945823	0.39999999999999997
ENSMUSG00000008658.17:B1	E:6305682-6305730	exon	random hexamer	4	0.08898497630945823	0.39999999999999997
ENSMUSG00000008658.17:B1	E:6627070-6627085	exon	random hexamer	4	0.08898497630945823	0.7999999999999999
ENSMUSG00000008658.17:B1	E:6627085-6627112	exon	random hexamer	4	0.06073890645385288	0.39999999999999997
ENSMUSG00000008658.17:B1	E:6887709-6887949	exon	random hexamer	4	0.07404665345529718	0.39999999999999997
ENSMUSG00000008658.17:B1	E:7042173-7042174	exon	random hexamer	4	0.07461040244111744	0.0
ENSMUSG00000008658.17:B1	J:6167095-6305682	junction	random hexamer	4	0.08898497630945823	-0.39999999999999997
ENSMUSG00000008658.17:B1	J:6305730-6627070	junction	random hexamer	4	0.08898497630945823	0.7999999999999999
ENSMUSG00000008658.17:B1	J:6627112-7042174	junction	random hexamer	4	0.06073890645385288	0.39999999999999997
ENSMUSG00000008658.17:B1	J:6887949-7042174	junction	random hexamer	4	0.07404665345529718	0.2581988897471611
ENSMUSG00000008658.17:B4	E:7227677-7227861	exon	poly(dT)	4	0.07600088281356987	0.19999999999999998
ENSMUSG00000008658.17:B4	E:7227861-7229390	exon	poly(dT)	4	0.08397684184290938	-0.7999999999999999
ENSMUSG00000009079.17:B1	E:5049066-5049067	exon	random hexamer	3	0.07876912915392997	0.5
ENSMUSG00000009079.17:B1	E:5049067-5049096	exon	random hexamer	3	0.07397711705500609	0.5
ENSMUSG00000009394.14:B1	E:115111862-115111877	exon	random hexamer	7	0.07435868791155731	0.10714285714285716
ENSMUSG00000011751.17:B1	E:27095542-27095623	exon	random hexamer	4	0.07390183523779248	0.7378647873726218
ENSMUSG00000011751.17:B1	E:27097375-27097466	exon	random hexamer	4	0.07217566239780543	1.0
ENSMUSG00000011751.17:B1	E:27102160-27102363	exon	random hexamer	4	0.07217566239780543	0.7999999999999999
ENSMUSG00000011751.17:B1	E:27103592-27104343	exon	random hexamer	4	0.07217566239780543	-0.39999999999999997
ENSMUSG00000011751.17:B1	E:27106535-27106673	exon	random hexamer	4	0.07217566239780543	-0.19999999999999998
ENSMUSG00000011751.17:B1	E:27107667-27108601	exon	random hexamer	4	0.07217566239780543	-0.7999999999999999
ENSMUSG00000011751.17:B1	E:27114082-27114233	exon	random hexamer	4	0.07217566239780543	0.7999999999999999
ENSMUSG00000011751.17:B1	E:27116129-27116432	exon	random hexamer	4	0.07217566239780543	0.7999999999999999
ENSMUSG00000011751.17:B1	E:27117382-27117541	exon	random hexamer	4	0.07217566239780543	-0.7999999999999999
ENSMUSG00000011751.17:B1	E:27117795-27117913	exon	random hexamer	4	0.07217566239780543	-0.39999999999999997
ENSMUSG00000011751.17:B1	E:27117989-27118177	exon	random hexamer	4	0.07217566239780543	-0.39999999999999997
ENSMUSG00000011751.17:B1	E:27118412-27118525	exon	random hexamer	4	0.07217566239780543	-1.0
ENSMUSG00000011751.17:B1	E:27123133-27123249	exon	random hexamer	4	0.07217566239780543	0.19999999999999998
ENSMUSG00000011751.17:B1	E:27126250-27126331	exon	random hexamer	4	0.07217566239780543	0.19999999999999998
ENSMUSG00000011751.17:B1	E:27127608-27127700	exon	random hexamer	4	0.07217566239780543	0.7999999999999999
ENSMUSG00000011751.17:B1	E:27132472-27132646	exon	random hexamer	4	0.07217566239780543	1.0
ENSMUSG00000011751.17:B1	E:27133630-27133782	exon	random hexamer	4	0.07217566239780543	0.6000000000000001
ENSMUSG00000011751.17:B1	E:27141819-27142006	exon	random hexamer	4	0.07217566239780543	0.7999999999999999
ENSMUSG00000011751.17:B1	E:27145887-27146024	exon	random hexamer	4	0.07217566239780543	0.39999999999999997
ENSMUSG00000011751.17:B1	J:27093729-27097375	junction	random hexamer	4	0.07217566239780543	1.0
ENSMUSG00000011751.17:B1	J:27097466-27102160	junction	random hexamer	4	0.07217566239780543	1.0
ENSMUSG00000011751.17:B1	J:27102363-27103592	junction	random hexamer	4	0.07217566239780543	-1.0
ENSMUSG00000011751.17:B1	J:27104343-27106535	junction	random hexamer	4	0.07217566239780543	-0.7999999999999999
ENSMUSG00000011751.17:B1	J:27106673-27107667	junction	random hexamer	4	0.07217566239780543	-0.7999999999999999
ENSMUSG00000011751.17:B1	J:27108601-27114082	junction	random hexamer	4	0.07217566239780543	-0.39999999999999997
ENSMUSG00000011751.17:B1	J:27114233-27116129	junction	random hexamer	4	0.07217566239780543	-0.19999999999999998
ENSMUSG00000011751.17:B1	J:27116432-27117382	junction	random hexamer	4	0.07217566239780543	-0.7999999999999999
ENSMUSG00000011751.17:B1	J:27117541-27117795	junction	random hexamer	4	0.07217566239780543	-1.0
ENSMUSG00000011751.17:B1	J:27117913-27117989	junction	random hexamer	4	0.07217566239780543	0.39999999999999997
ENSMUSG00000011751.17:B1	J:27118177-27118412	junction	random hexamer	4	0.07217566239780543	-0.7999999999999999
ENSMUSG00000011751.17:B1	J:27118525-27123133	junction	random hexamer	4	0.07217566239780543	0.19999999999999998
ENSMUSG00000011751.17:B1	J:27123249-27126250	junction	random hexamer	4	0.07217566239780543	0.19999999999999998
ENSMUSG00000011751.17:B1	J:27126331-27127608	junction	random hexamer	4	0.07217566239780543	0.39999999999999997
ENSMUSG00000011751.17:B1	J:27127700-27132472	junction	random hexamer	4	0.07217566239780543	1.0
ENSMUSG00000011751.17:B1	J:27132646-27133630	junction	random hexamer	4	0.07217566239780543	0.39999999999999997
ENSMUSG00000011751.17:B1	J:27133782-27141819	junction	random hexamer	4	0.07217566239780543	0.6000000000000001
ENSMUSG00000011751.17:B1	J:27142006-27145887	junction	random hexamer	4	0.07217566239780543	0.7999999999999999
ENSMUSG00000013033.17:B1	E:84627343-84627363	exon	random hexamer	6	0.05353753280529212	0.028571428571428574
ENSMUSG00000013033.17:B1	E:84652890-84652905	exon	random hexamer	6	0.07614141202762931	0.08571428571428573
ENSMUSG00000013033.17:B1	J:84649737-84652890	junction	random hexamer	6	0.05353753280529212	0.7714285714285715
ENSMUSG00000013033.17:B1	J:84649737-84656092	junction	random hexamer	6	0.07614141202762936	-0.6571428571428573
ENSMUSG00000013033.17:B1	J:84652905-84656092	junction	random hexamer	6	0.07614141202762931	0.2571428571428572
ENSMUSG00000013033.17:B2	E:84663954-84664089	exon	random hexamer	6	0.07496452995068803	-0.6
ENSMUSG00000013033.17:B2	J:84663954-84664089	junction	random hexamer	6	0.07496452995068817	-0.08571428571428573
ENSMUSG00000013236.18:B1	E:56769103-56769216	exon	random hexamer	7	0.21685650409054247	-0.07142857142857144
ENSMUSG00000013236.18:B1	E:56783339-56783483	exon	random hexamer	7	0.21685650409054247	0.39285714285714296
ENSMUSG00000013236.18:B1	J:56765377-56769103	junction	random hexamer	7	0.21685650409054247	0.14285714285714288
ENSMUSG00000013236.18:B1	J:56765377-56783339	junction	random hexamer	7	0.21685650409054247	0.10714285714285716
ENSMUSG00000014602.16:B1	E:93010143-93010202	exon	random hexamer	10	0.0976191821946174	-0.4424242424242424
ENSMUSG00000014602.16:B1	E:93029484-93029553	exon	random hexamer	10	0.0976191821946174	-0.17575757575757575
ENSMUSG00000014602.16:B1	E:93029553-93029569	exon	random hexamer	10	0.11459267567377192	-0.49090909090909085
ENSMUSG00000014602.16:B1	J:93010202-93029484	junction	random hexamer	10	0.0976191821946174	-0.18787878787878787
ENSMUSG00000015501.11:B1	E:13841818-13841964	exon	random hexamer	5	0.08229903953633455	0.7
ENSMUSG00000015501.11:B1	E:13842122-13842441	exon	random hexamer	5	0.08229903953633455	-0.6
ENSMUSG00000015501.11:B1	E:13879944-13880019	exon	random hexamer	5	0.08229903953633455	0.7
ENSMUSG00000015501.11:B1	J:13841964-13879944	junction	random hexamer	5	0.08229903953633455	-0.6
ENSMUSG00000015501.11:B1	J:13842441-13942326	junction	random hexamer	5	0.08229903953633455	0.09999999999999999
ENSMUSG00000015501.11:B1	J:13880019-13942326	junction	random hexamer	5	0.08229903953633455	0.3
ENSMUSG00000015968.19:B1	E:30074881-30074948	exon	poly(dT)	3	0.11024997540822584	-0.5
ENSMUSG00000015968.19:B1	E:30074881-30074948	exon	random hexamer	3	0.11024997540822584	0.5
ENSMUSG00000015968.19:B1	E:30074948-30075441	exon	poly(dT)	3	0.10518298437598345	-0.5
ENSMUSG00000015968.19:B1	E:30074948-30075441	exon	random hexamer	3	0.10518298437598345	0.5
ENSMUSG00000015968.19:B1	E:30212925-30213410	exon	poly(dT)	3	0.1102499754082259	0.5
ENSMUSG00000015968.19:B1	E:30212925-30213410	exon	random hexamer	3	0.1102499754082259	1.0
ENSMUSG00000015968.19:B1	J:30072906-30074881	junction	poly(dT)	3	0.11024997540822584	0.5
ENSMUSG00000015968.19:B1	J:30072906-30074881	junction	random hexamer	3	0.11024997540822584	0.5
ENSMUSG00000017631.20:B1	E:76359080-76359291	exon	random hexamer	6	0.11186100275035815	-0.08571428571428573
ENSMUSG00000017631.20:B1	E:76359541-76359602	exon	random hexamer	6	0.11186100275035804	-0.2571428571428572
ENSMUSG00000017631.20:B1	E:76363314-76363422	exon	random hexamer	6	0.11186100275035804	-0.14285714285714288
ENSMUSG00000017631.20:B1	E:76369820-76370006	exon	random hexamer	6	0.11186100275035804	0.5428571428571429
ENSMUSG00000017631.20:B1	E:76377263-76377362	exon	random hexamer	6	0.11186100275035804	0.7714285714285715
ENSMUSG00000017631.20:B1	E:76399713-76399821	exon	random hexamer	6	0.11186100275035804	0.5428571428571429
ENSMUSG00000017631.20:B1	E:76399821-76399898	exon	random hexamer	6	0.27749272422270466	0.3714285714285715
ENSMUSG00000017631.20:B1	E:76399898-76400245	exon	random hexamer	6	0.09269238675153788	0.7142857142857143
ENSMUSG00000017631.20:B1	E:76461856-76462361	exon	random hexamer	6	0.21514172388636177	0.5428571428571429
ENSMUSG00000017631.20:B1	J:76355116-76359080	junction	random hexamer	6	0.11186100275035815	-0.4394802124588286
ENSMUSG00000017631.20:B1	J:76355116-76359541	junction	random hexamer	6	0.11186100275035804	-0.14285714285714288
ENSMUSG00000017631.20:B1	J:76359602-76363314	junction	random hexamer	6	0.11186100275035804	-0.7714285714285715
ENSMUSG00000017631.20:B1	J:76363422-76369820	junction	random hexamer	6	0.11186100275035804	0.3714285714285715
ENSMUSG00000017631.20:B1	J:76370006-76377263	junction	random hexamer	6	0.11186100275035804	0.942857142857143
ENSMUSG00000017631.20:B1	J:76377362-76399713	junction	random hexamer	6	0.11186100275035804	0.942857142857143
ENSMUSG00000017631.20:B1	J:76399898-76461856	junction	random hexamer	6	0.21514172388636177	-0.08571428571428573
ENSMUSG00000017631.20:B2	E:76307559-76307560	exon	random hexamer	5	0.12340281404326411	0.8999999999999998
ENSMUSG00000017631.20:B2	E:76307560-76307576	exon	random hexamer	5	0.09978336553707634	-0.09999999999999999
ENSMUSG00000017670.17:B1	E:165158561-165158823	exon	random hexamer	6	0.09308894319600974	-0.942857142857143
ENSMUSG00000017670.17:B1	E:165168337-165168399	exon	random hexamer	6	0.0930889431960098	-0.08571428571428573
ENSMUSG00000017670.17:B1	J:165158271-165168337	junction	random hexamer	6	0.0930889431960098	-0.4285714285714286
ENSMUSG00000017740.18:B1	E:164802765-164802923	exon	poly(dT)	5	0.13226420666488947	0.09999999999999999
ENSMUSG00000017740.18:B1	E:164802765-164802923	exon	random hexamer	5	0.13226420666488947	0.19999999999999998
ENSMUSG00000017740.18:B1	E:164809902-164810374	exon	poly(dT)	5	0.13226420666488958	0.7999999999999999
ENSMUSG00000017740.18:B1	E:164809902-164810374	exon	random hexamer	5	0.13226420666488958	-0.7
ENSMUSG00000017740.18:B1	J:164802923-164815606	junction	poly(dT)	5	0.13226420666488947	0.3
ENSMUSG00000017740.18:B1	J:164802923-164815606	junction	random hexamer	5	0.13226420666488947	0.0
ENSMUSG00000017740.18:B1	J:164810374-164815606	junction	poly(dT)	5	0.13226420666488958	0.09999999999999999
ENSMUSG00000017740.18:B1	J:164810374-164815606	junction	random hexamer	5	0.13226420666488958	-0.7
ENSMUSG00000018750.15:B1	E:69656747-69656911	exon	random hexamer	3	0.11691432933490353	-0.5
ENSMUSG00000018750.15:B1	E:69666201-69666231	exon	random hexamer	3	0.11691432933490353	1.0
ENSMUSG00000018750.15:B1	J:69656911-69666201	junction	random hexamer	3	0.11691432933490353	0.5
ENSMUSG00000019302.17:B1	E:100900277-100900390	exon	poly(dT)	5	0.06651734131160977	0.0
ENSMUSG00000019302.17:B1	E:100900277-100900390	exon	random hexamer	6	0.06651734131160977	-0.08571428571428573
ENSMUSG00000019302.17:B1	E:100902582-100902646	exon	poly(dT)	5	0.06651734131160977	0.09999999999999999
ENSMUSG00000019302.17:B1	E:100902582-100902646	exon	random hexamer	6	0.06651734131160977	0.2
ENSMUSG00000019302.17:B1	J:100900390-100902582	junction	poly(dT)	5	0.06651734131160977	-0.19999999999999998
ENSMUSG00000019302.17:B1	J:100900390-100902582	junction	random hexamer	6	0.06651734131160977	-0.08571428571428573
ENSMUSG00000019302.17:B2	E:100917485-100917506	exon	poly(dT)	3	0.13026639818290983	0.5
ENSMUSG00000019302.17:B2	E:100917485-100917506	exon	random hexamer	5	0.13026639818290983	0.7999999999999999
ENSMUSG00000019302.17:B2	J:100912008-100917485	junction	random hexamer	5	0.13026639818290983	-0.6708203932499368
ENSMUSG00000019302.17:B2	J:100912008-100917506	junction	poly(dT)	3	0.13026639818290986	1.0
ENSMUSG00000019302.17:B2	J:100912008-100917506	junction	random hexamer	5	0.13026639818290986	0.3
ENSMUSG00000020181.19:B1	E:109667753-109669082	exon	random hexamer	3	0.16310263891802573	-0.5
ENSMUSG00000020181.19:B1	E:109677563-109677679	exon	random hexamer	3	0.16310263891802568	0.5
ENSMUSG00000020181.19:B1	E:109688365-109689395	exon	random hexamer	3	0.16310263891802568	1.0
ENSMUSG00000020181.19:B1	E:109699612-109699752	exon	random hexamer	3	0.16310263891802568	1.0
ENSMUSG00000020181.19:B1	E:109702791-109702860	exon	random hexamer	3	0.16310263891802568	0.5
ENSMUSG00000020181.19:B1	E:109716395-109716579	exon	random hexamer	3	0.16310263891802568	1.0
ENSMUSG00000020181.19:B1	E:109719474-109719547	exon	random hexamer	3	0.16310263891802568	1.0
ENSMUSG00000020181.19:B1	E:109738922-109738975	exon	random hexamer	3	0.16310263891802568	1.0
ENSMUSG00000020181.19:B1	E:109739606-109739724	exon	random hexamer	3	0.16310263891802568	1.0
ENSMUSG00000020181.19:B1	E:109835837-109836080	exon	random hexamer	3	0.16310263891802568	0.5
ENSMUSG00000020181.19:B1	J:109660542-109667753	junction	random hexamer	3	0.16310263891802573	0.5
ENSMUSG00000020181.19:B1	J:109660542-109677563	junction	random hexamer	3	0.16310263891802568	0.5
ENSMUSG00000020181.19:B1	J:109677679-109688365	junction	random hexamer	3	0.16310263891802568	0.5
ENSMUSG00000020181.19:B1	J:109689395-109699612	junction	random hexamer	3	0.16310263891802568	0.5
ENSMUSG00000020181.19:B1	J:109699752-109702791	junction	random hexamer	3	0.16310263891802568	0.5
ENSMUSG00000020181.19:B1	J:109702860-109716395	junction	random hexamer	3	0.16310263891802568	0.8660254037844387
ENSMUSG00000020181.19:B1	J:109716579-109719474	junction	random hexamer	3	0.16310263891802568	1.0
ENSMUSG00000020181.19:B1	J:109719547-109738922	junction	random hexamer	3	0.16310263891802568	1.0
ENSMUSG00000020181.19:B1	J:109738975-109739606	junction	random hexamer	3	0.16310263891802568	1.0
ENSMUSG00000020220.17:B1	E:144921488-144921575	exon	random hexamer	3	0.06998605390888796	0.5
ENSMUSG00000020220.17:B1	J:144917236-144921488	junction	random hexamer	3	0.06998605390888796	0.5
ENSMUSG00000020297.11:B1	E:31950462-31950501	exon	random hexamer	5	0.13280424788342238	-0.09999999999999999
ENSMUSG00000020315.19:B1	E:30147723-30148257	exon	poly(dT)	6	0.08667635432446787	0.6
ENSMUSG00000020315.19:B1	E:30147723-30148257	exon	random hexamer	6	0.08667635432446787	0.7714285714285715
ENSMUSG00000020315.19:B1	E:30169578-30169772	exon	poly(dT)	6	0.08667635432446785	-0.3142857142857143
ENSMUSG00000020315.19:B1	E:30169578-30169772	exon	random hexamer	6	0.08667635432446785	0.08571428571428573
ENSMUSG00000020315.19:B1	J:30109445-30147723	junction	random hexamer	6	0.08667635432446787	-0.13093073414159545
ENSMUSG00000020315.19:B1	J:30109445-30169578	junction	poly(dT)	6	0.08667635432446785	-0.08571428571428573
ENSMUSG00000020315.19:B1	J:30109445-30169578	junction	random hexamer	6	0.08667635432446785	0.14285714285714288
ENSMUSG00000020390.13:B1	E:51891188-51891311	exon	poly(dT)	4	0.0802997972453166	-0.19999999999999998
ENSMUSG00000020390.13:B1	E:51891188-51891311	exon	random hexamer	5	0.15974576163985593	0.8999999999999998
ENSMUSG00000020390.13:B1	E:51891503-51891589	exon	poly(dT)	4	0.08029979724531666	0.19999999999999998
ENSMUSG00000020390.13:B1	E:51891503-51891589	exon	random hexamer	5	0.159745761639856	0.7999999999999999
ENSMUSG00000020390.13:B1	J:51891188-51891503	junction	poly(dT)	4	0.08029979724531666	0.19999999999999998
ENSMUSG00000020390.13:B1	J:51891188-51891503	junction	random hexamer	5	0.159745761639856	0.19999999999999998
ENSMUSG00000020524.17:B1	E:56902635-56902781	exon	random hexamer	8	0.050082880298879806	0.28571428571428575
ENSMUSG00000020661.16:B1	E:3857029-3857120	exon	random hexamer	3	0.07622490773887414	1.0
ENSMUSG00000020661.16:B1	E:3885026-3885260	exon	random hexamer	3	0.07622490773887414	-1.0
ENSMUSG00000020661.16:B1	E:3899634-3899739	exon	random hexamer	3	0.07622490773887414	-1.0
ENSMUSG00000020661.16:B1	E:3915984-3916252	exon	random hexamer	3	0.07622490773887414	-1.0
ENSMUSG00000020661.16:B1	E:3922834-3922878	exon	random hexamer	3	0.07622490773887414	-0.5
ENSMUSG00000020661.16:B1	E:3923281-3923428	exon	random hexamer	3	0.07622490773887414	-0.5
ENSMUSG00000020661.16:B1	E:3941727-3941743	exon	random hexamer	3	0.09001542949529723	-1.0
ENSMUSG00000020661.16:B1	E:3941743-3941860	exon	random hexamer	3	0.07622490773887403	-0.5
ENSMUSG00000020661.16:B1	J:3857120-3885026	junction	random hexamer	3	0.07622490773887414	1.0
ENSMUSG00000020661.16:B1	J:3885260-3899634	junction	random hexamer	3	0.07622490773887414	0.5
ENSMUSG00000020661.16:B1	J:3899739-3915984	junction	random hexamer	3	0.07622490773887414	-1.0
ENSMUSG00000020661.16:B1	J:3916252-3922834	junction	random hexamer	3	0.07622490773887414	0.5
ENSMUSG00000020661.16:B1	J:3922878-3923281	junction	random hexamer	3	0.07622490773887414	0.5
ENSMUSG00000020661.16:B1	J:3923428-3945542	junction	random hexamer	3	0.07622490773887414	-1.0
ENSMUSG00000020827.19:B1	E:70453715-70453842	exon	random hexamer	6	0.06503099993232014	0.028571428571428574
ENSMUSG00000020827.19:B1	E:70453842-70453895	exon	random hexamer	6	0.08726991747344193	0.7714285714285715
ENSMUSG00000020827.19:B2	E:70494760-70494769	exon	random hexamer	5	0.08952153979749966	0.7999999999999999
ENSMUSG00000020827.19:B2	J:70494760-70495009	junction	random hexamer	5	0.08952153979749952	-0.6708203932499368
ENSMUSG00000020827.19:B2	J:70494769-70495009	junction	random hexamer	5	0.08952153979749966	0.9999999999999999
ENSMUSG00000020859.17:B1	E:93886928-93887399	exon	poly(dT)	5	0.24819944089098311	0.6
ENSMUSG00000020859.17:B1	E:93886928-93887399	exon	random hexamer	4	0.1279953570747172	-0.7999999999999999
ENSMUSG00000020859.17:B1	E:93904448-93904569	exon	poly(dT)	5	0.24819944089098311	0.7
ENSMUSG00000020859.17:B1	E:93904448-93904569	exon	random hexamer	4	0.1279953570747172	0.39999999999999997
ENSMUSG00000020859.17:B1	E:93927425-93927496	exon	poly(dT)	5	0.24819944089098311	0.3
ENSMUSG00000020859.17:B1	E:93927425-93927496	exon	random hexamer	4	0.1279953570747172	0.7999999999999999
ENSMUSG00000020859.17:B1	E:93934397-93934492	exon	poly(dT)	5	0.24819944089098311	0.09999999999999999
ENSMUSG00000020859.17:B1	E:93934397-93934492	exon	random hexamer	4	0.1279953570747172	0.7999999999999999
ENSMUSG00000020859.17:B1	E:93935030-93935190	exon	poly(dT)	5	0.1846139351900012	0.6
ENSMUSG00000020859.17:B1	E:93935030-93935190	exon	random hexamer	4	0.12286121530649358	0.7999999999999999
ENSMUSG00000020859.17:B1	E:93935190-93935351	exon	poly(dT)	5	0.24819944089098311	0.09999999999999999
ENSMUSG00000020859.17:B1	E:93935190-93935351	exon	random hexamer	4	0.1279953570747172	-0.19999999999999998
ENSMUSG00000020859.17:B1	J:93887399-93904448	junction	poly(dT)	5	0.24819944089098311	0.39999999999999997
ENSMUSG00000020859.17:B1	J:93887399-93904448	junction	random hexamer	4	0.1279953570747172	0.39999999999999997
ENSMUSG00000020859.17:B1	J:93904569-93927425	junction	poly(dT)	5	0.24819944089098311	-0.09999999999999999
ENSMUSG00000020859.17:B1	J:93904569-93927425	junction	random hexamer	4	0.1279953570747172	0.19999999999999998
ENSMUSG00000020859.17:B1	J:93927496-93934397	junction	poly(dT)	5	0.24819944089098311	0.0
ENSMUSG00000020859.17:B1	J:93927496-93934397	junction	random hexamer	4	0.1279953570747172	0.7999999999999999
ENSMUSG00000020859.17:B1	J:93934492-93939233	junction	poly(dT)	5	0.24819944089098311	0.7
ENSMUSG00000020859.17:B1	J:93934492-93939233	junction	random hexamer	4	0.1279953570747172	1.0
ENSMUSG00000020859.17:B1	J:93935351-93939233	junction	poly(dT)	5	0.24819944089098311	0.39999999999999997
ENSMUSG00000020859.17:B1	J:93935351-93939233	junction	random hexamer	4	0.1279953570747172	0.39999999999999997
ENSMUSG00000020859.17:B2	E:93962648-93962656	exon	poly(dT)	5	0.11544738603601626	-0.6
ENSMUSG00000020859.17:B2	E:93962648-93962656	exon	random hexamer	5	0.11544738603601626	-0.6708203932499368
ENSMUSG00000020859.17:B2	E:93970024-93970036	exon	poly(dT)	5	0.19040908048099	0.3
ENSMUSG00000020859.17:B2	E:93970024-93970036	exon	random hexamer	5	0.19040908048099	0.8999999999999998
ENSMUSG00000020859.17:B2	E:93972161-93972165	exon	poly(dT)	5	0.11544738603601626	-0.39999999999999997
ENSMUSG00000020859.17:B2	E:93972161-93972165	exon	random hexamer	5	0.11544738603601626	-0.7
ENSMUSG00000020859.17:B2	J:93962512-93970024	junction	poly(dT)	5	0.19040908048099	0.3
ENSMUSG00000020859.17:B2	J:93962512-93970024	junction	random hexamer	5	0.19040908048099	0.8999999999999998
ENSMUSG00000020859.17:B2	J:93962512-93972165	junction	poly(dT)	5	0.21045302541546512	0.39999999999999997
ENSMUSG00000020859.17:B2	J:93962512-93972165	junction	random hexamer	5	0.21045302541546512	-0.09999999999999999
ENSMUSG00000020859.17:B2	J:93970036-93972165	junction	poly(dT)	5	0.19040908048099	0.09999999999999999
ENSMUSG00000020859.17:B2	J:93970036-93972165	junction	random hexamer	5	0.19040908048099	0.8999999999999998
ENSMUSG00000020859.17:B3	E:93983637-93983640	exon	poly(dT)	5	0.2571099624784717	-0.3
ENSMUSG00000020859.17:B3	E:93983637-93983640	exon	random hexamer	3	0.07005225062361461	-1.0
ENSMUSG00000020859.17:B3	J:93983253-93983637	junction	poly(dT)	5	0.2571099624784717	0.35355339059327373
ENSMUSG00000020859.17:B3	J:93983253-93983640	junction	poly(dT)	5	0.25710996247847173	-0.39999999999999997
ENSMUSG00000020859.17:B3	J:93983253-93983640	junction	random hexamer	3	0.07005225062361464	-1.0
ENSMUSG00000020863.16:B2	E:94183858-94183963	exon	poly(dT)	5	0.07274464263831526	0.7999999999999999
ENSMUSG00000020863.16:B2	E:94183858-94183963	exon	random hexamer	5	0.07274464263831526	0.7
ENSMUSG00000020863.16:B2	J:94183858-94183963	junction	poly(dT)	5	0.07274464263831526	0.7999999999999999
ENSMUSG00000020863.16:B2	J:94183858-94183963	junction	random hexamer	5	0.07274464263831526	-0.09999999999999999
ENSMUSG00000020866.18:B4	E:94316589-94316610	exon	random hexamer	3	0.0584269408127841	0.5
ENSMUSG00000020866.18:B4	J:94314550-94316610	junction	random hexamer	3	0.058426940812784156	-1.0
ENSMUSG00000020886.18:B1	E:69909269-69909659	exon	random hexamer	6	0.26280081756073653	0.3714285714285715
ENSMUSG00000020886.18:B1	E:69909659-69909704	exon	random hexamer	6	0.28919254928953697	0.6571428571428573
ENSMUSG00000020886.18:B1	E:69909704-69909775	exon	random hexamer	6	0.2940398981663702	-0.48571428571428577
ENSMUSG00000020886.18:B1	E:69917748-69917814	exon	random hexamer	6	0.31902107829814463	0.028571428571428574
ENSMUSG00000020886.18:B1	E:69920350-69920534	exon	random hexamer	6	0.2772542792536828	-0.942857142857143
ENSMUSG00000020886.18:B1	J:69909775-69917748	junction	random hexamer	6	0.31902107829814463	-0.48571428571428577
ENSMUSG00000020886.18:B1	J:69917814-69921224	junction	random hexamer	6	0.31902107829814463	-0.6571428571428573
ENSMUSG00000020886.18:B2	E:69921420-69921429	exon	random hexamer	6	0.5495409035988672	-0.7714285714285715
ENSMUSG00000020886.18:B2	J:69921278-69921420	junction	random hexamer	6	0.5495409035988672	0.6
ENSMUSG00000020886.18:B2	J:69921278-69921429	junction	random hexamer	6	0.5495409035988672	0.2571428571428572
ENSMUSG00000020894.17:B1	E:68979315-68979335	exon	random hexamer	6	0.19796545587694014	-0.3142857142857143
ENSMUSG00000021071.18:B1	E:70394106-70394124	exon	random hexamer	5	0.16100117941730618	0.7
ENSMUSG00000021071.18:B1	E:70394124-70394388	exon	random hexamer	5	0.24343644437816225	0.6
ENSMUSG00000021087.19:B1	E:72283302-72283498	exon	random hexamer	6	0.15180180305797591	0.48571428571428577
ENSMUSG00000021087.19:B1	E:72350430-72351192	exon	random hexamer	6	0.15180180305797586	0.7714285714285715
ENSMUSG00000021087.19:B1	E:72354929-72355703	exon	random hexamer	6	0.15180180305797586	0.942857142857143
ENSMUSG00000021087.19:B1	E:72455084-72455828	exon	random hexamer	6	0.15180180305797586	0.4285714285714286
ENSMUSG00000021087.19:B1	J:72270313-72283302	junction	random hexamer	6	0.15180180305797591	0.2571428571428572
ENSMUSG00000021087.19:B1	J:72270313-72350430	junction	random hexamer	6	0.15180180305797586	0.942857142857143
ENSMUSG00000021087.19:B1	J:72351192-72354929	junction	random hexamer	6	0.15180180305797586	0.14285714285714288
ENSMUSG00000021087.19:B1	J:72355703-72455084	junction	random hexamer	6	0.15180180305797586	0.2571428571428572
ENSMUSG00000021244.16:B1	E:85043094-85043125	exon	random hexamer	6	0.06918112789151085	-0.3142857142857143
ENSMUSG00000021268.19:B1	E:109506879-109506880	exon	poly(dT)	8	0.06724665248067441	0.34156502553198664
ENSMUSG00000021268.19:B1	E:109506879-109506880	exon	random hexamer	11	0.1543955150886035	0.3454545454545455
ENSMUSG00000021268.19:B1	E:109510830-109510924	exon	poly(dT)	8	0.06724665248067435	-0.4285714285714286
ENSMUSG00000021268.19:B1	E:109510830-109510924	exon	random hexamer	11	0.1543955150886035	0.18181818181818182
ENSMUSG00000021268.19:B1	J:109510625-109510830	junction	poly(dT)	8	0.06724665248067435	-0.07185757571479554
ENSMUSG00000021268.19:B1	J:109510625-109510830	junction	random hexamer	11	0.1543955150886035	-0.3727272727272728
ENSMUSG00000021268.19:B1	J:109510625-109512312	junction	poly(dT)	8	0.06724665248067441	0.6666666666666669
ENSMUSG00000021268.19:B1	J:109510625-109512312	junction	random hexamer	11	0.1543955150886035	0.13636363636363638
ENSMUSG00000021268.19:B1	J:109510924-109512312	junction	poly(dT)	8	0.06724665248067435	0.4285714285714286
ENSMUSG00000021268.19:B1	J:109510924-109512312	junction	random hexamer	11	0.1543955150886035	-0.33636363636363636
ENSMUSG00000021288.20:B1	E:111725282-111725389	exon	random hexamer	6	0.07843320473191798	0.3714285714285715
ENSMUSG00000021288.20:B1	E:111725389-111725446	exon	random hexamer	6	0.2102864013806336	-0.4285714285714286
ENSMUSG00000021288.20:B1	E:111725446-111725476	exon	random hexamer	6	0.2767898450159342	-0.3714285714285715
ENSMUSG00000021288.20:B1	J:111725476-111738752	junction	random hexamer	6	0.2767898450159342	-0.6571428571428573
ENSMUSG00000021488.9:B1	E:55357594-55357688	exon	poly(dT)	5	0.11428852715130389	-0.7071067811865475
ENSMUSG00000021488.9:B1	E:55359887-55359920	exon	poly(dT)	5	0.10264030000576299	-0.20519567041703082
ENSMUSG00000021488.9:B1	J:55357688-55361016	junction	poly(dT)	5	0.11428852715130389	-0.7071067811865475
ENSMUSG00000021488.9:B1	J:55359920-55361016	junction	poly(dT)	5	0.10264030000576299	0.11180339887498947
ENSMUSG00000021488.9:B2	E:55361130-55361873	exon	poly(dT)	6	0.0653965307431289	0.5428571428571429
ENSMUSG00000021488.9:B2	E:55361130-55361873	exon	random hexamer	3	0.05753362706226983	-0.5
ENSMUSG00000021488.9:B2	J:55361130-55361873	junction	poly(dT)	6	0.06539653074312896	0.08571428571428573
ENSMUSG00000021488.9:B2	J:55361130-55361873	junction	random hexamer	3	0.05753362706227	-0.5
ENSMUSG00000021488.9:B3	E:55381707-55381843	exon	poly(dT)	6	0.12265400053384168	0.8285714285714287
ENSMUSG00000021488.9:B3	E:55386502-55386675	exon	poly(dT)	6	0.12265400053384168	0.5428571428571429
ENSMUSG00000021488.9:B3	E:55388354-55388659	exon	poly(dT)	6	0.10981643317483922	0.48571428571428577
ENSMUSG00000021488.9:B3	E:55388354-55388659	exon	random hexamer	3	0.09178297764617649	0.5
ENSMUSG00000021488.9:B3	E:55388659-55388660	exon	poly(dT)	6	0.11028882372790184	0.033806170189140665
ENSMUSG00000021488.9:B3	E:55388659-55388660	exon	random hexamer	3	0.0764701032334335	1.0
ENSMUSG00000021488.9:B3	E:55393330-55395890	exon	poly(dT)	6	0.10981643317483913	-0.8857142857142858
ENSMUSG00000021488.9:B3	E:55393330-55395890	exon	random hexamer	3	0.09178297764617638	0.5
ENSMUSG00000021488.9:B3	E:55408156-55408281	exon	poly(dT)	6	0.10981643317483913	-0.8285714285714287
ENSMUSG00000021488.9:B3	E:55408156-55408281	exon	random hexamer	3	0.09178297764617638	-0.5
ENSMUSG00000021488.9:B3	E:55409356-55409627	exon	poly(dT)	6	0.10981643317483913	0.2571428571428572
ENSMUSG00000021488.9:B3	E:55409356-55409627	exon	random hexamer	3	0.09178297764617638	0.5
ENSMUSG00000021488.9:B3	E:55411145-55411255	exon	poly(dT)	6	0.10981643317483913	-0.7142857142857143
ENSMUSG00000021488.9:B3	E:55411145-55411255	exon	random hexamer	3	0.09178297764617638	0.5
ENSMUSG00000021488.9:B3	E:55416260-55416336	exon	poly(dT)	6	0.10981643317483913	-0.7142857142857143
ENSMUSG00000021488.9:B3	E:55416260-55416336	exon	random hexamer	3	0.09178297764617638	1.0
ENSMUSG00000021488.9:B3	E:55424335-55424454	exon	poly(dT)	6	0.10981643317483913	-0.5428571428571429
ENSMUSG00000021488.9:B3	E:55424335-55424454	exon	random hexamer	3	0.09178297764617638	0.5
ENSMUSG00000021488.9:B3	E:55425344-55425488	exon	poly(dT)	6	0.10981643317483913	-0.14285714285714288
ENSMUSG00000021488.9:B3	E:55425344-55425488	exon	random hexamer	3	0.09178297764617638	-0.5
ENSMUSG00000021488.9:B3	E:55430471-55430595	exon	poly(dT)	6	0.10981643317483913	-0.14285714285714288
ENSMUSG00000021488.9:B3	E:55430471-55430595	exon	random hexamer	3	0.09178297764617638	1.0
ENSMUSG00000021488.9:B3	E:55437867-55438068	exon	poly(dT)	6	0.10981643317483913	0.4285714285714286
ENSMUSG00000021488.9:B3	E:55437867-55438068	exon	random hexamer	3	0.09178297764617638	0.5
ENSMUSG00000021488.9:B3	E:55438943-55439123	exon	poly(dT)	6	0.10981643317483913	-0.8285714285714287
ENSMUSG00000021488.9:B3	E:55438943-55439123	exon	random hexamer	3	0.09178297764617638	1.0
ENSMUSG00000021488.9:B3	E:55441370-55441527	exon	poly(dT)	6	0.10981643317483913	-0.7714285714285715
ENSMUSG00000021488.9:B3	E:55441370-55441527	exon	random hexamer	3	0.09178297764617638	1.0
ENSMUSG00000021488.9:B3	E:55443799-55444005	exon	poly(dT)	6	0.10981643317483913	-0.6
ENSMUSG00000021488.9:B3	E:55443799-55444005	exon	random hexamer	3	0.09178297764617638	1.0
ENSMUSG00000021488.9:B3	E:55446376-55446489	exon	poly(dT)	6	0.10981643317483913	-0.5428571428571429
ENSMUSG00000021488.9:B3	E:55446376-55446489	exon	random hexamer	3	0.09178297764617638	1.0
ENSMUSG00000021488.9:B3	E:55447503-55447773	exon	poly(dT)	6	0.10981643317483913	0.2571428571428572
ENSMUSG00000021488.9:B3	E:55447503-55447773	exon	random hexamer	3	0.09178297764617638	-0.5
ENSMUSG00000021488.9:B3	E:55449539-55449656	exon	poly(dT)	6	0.10981643317483913	-0.4285714285714286
ENSMUSG00000021488.9:B3	E:55449539-55449656	exon	random hexamer	3	0.09178297764617638	0.5
ENSMUSG00000021488.9:B3	E:55450651-55450793	exon	poly(dT)	6	0.10981643317483913	-0.08571428571428573
ENSMUSG00000021488.9:B3	E:55450651-55450793	exon	random hexamer	3	0.09178297764617638	-0.5
ENSMUSG00000021488.9:B3	E:55454748-55454855	exon	poly(dT)	6	0.10981643317483913	-0.3142857142857143
ENSMUSG00000021488.9:B3	E:55454748-55454855	exon	random hexamer	3	0.09178297764617638	0.5
ENSMUSG00000021488.9:B3	E:55458149-55458354	exon	poly(dT)	6	0.10981643317483913	-0.3142857142857143
ENSMUSG00000021488.9:B3	E:55458149-55458354	exon	random hexamer	3	0.09178297764617638	0.5
ENSMUSG00000021488.9:B3	E:55459931-55463568	exon	poly(dT)	6	0.10981643317483913	-0.3714285714285715
ENSMUSG00000021488.9:B3	E:55459931-55463568	exon	random hexamer	3	0.09178297764617638	0.5
ENSMUSG00000021488.9:B3	E:55463568-55466138	exon	poly(dT)	6	0.22016094527102717	0.3142857142857143
ENSMUSG00000021488.9:B3	E:55463568-55466138	exon	random hexamer	3	0.11231684491487706	0.5
ENSMUSG00000021488.9:B3	J:55361963-55381707	junction	poly(dT)	6	0.12265400053384168	0.2571428571428572
ENSMUSG00000021488.9:B3	J:55361963-55393330	junction	poly(dT)	6	0.12265400053384179	0.033806170189140665
ENSMUSG00000021488.9:B3	J:55381843-55386502	junction	poly(dT)	6	0.12265400053384168	0.942857142857143
ENSMUSG00000021488.9:B3	J:55386675-55393330	junction	poly(dT)	6	0.22016094527102717	-0.7714285714285715
ENSMUSG00000021488.9:B3	J:55386675-55393330	junction	random hexamer	3	0.11231684491487706	0.5
ENSMUSG00000021488.9:B3	J:55395890-55408156	junction	poly(dT)	6	0.10981643317483913	-0.7142857142857143
ENSMUSG00000021488.9:B3	J:55395890-55408156	junction	random hexamer	3	0.09178297764617638	-0.5
ENSMUSG00000021488.9:B3	J:55408281-55409356	junction	poly(dT)	6	0.10981643317483913	0.028571428571428574
ENSMUSG00000021488.9:B3	J:55408281-55409356	junction	random hexamer	3	0.09178297764617638	-0.5
ENSMUSG00000021488.9:B3	J:55409627-55411145	junction	poly(dT)	6	0.10981643317483913	-0.4285714285714286
ENSMUSG00000021488.9:B3	J:55409627-55411145	junction	random hexamer	3	0.09178297764617638	0.5
ENSMUSG00000021488.9:B3	J:55411255-55416260	junction	poly(dT)	6	0.10981643317483913	-0.8285714285714287
ENSMUSG00000021488.9:B3	J:55411255-55416260	junction	random hexamer	3	0.09178297764617638	1.0
ENSMUSG00000021488.9:B3	J:55416336-55424335	junction	poly(dT)	6	0.10981643317483913	-0.7142857142857143
ENSMUSG00000021488.9:B3	J:55416336-55424335	junction	random hexamer	3	0.09178297764617638	1.0
ENSMUSG00000021488.9:B3	J:55424454-55425344	junction	poly(dT)	6	0.10981643317483913	0.028571428571428574
ENSMUSG00000021488.9:B3	J:55424454-55425344	junction	random hexamer	3	0.09178297764617638	-0.5
ENSMUSG00000021488.9:B3	J:55425488-55430471	junction	poly(dT)	6	0.10981643317483913	-0.48571428571428577
ENSMUSG00000021488.9:B3	J:55425488-55430471	junction	random hexamer	3	0.09178297764617638	0.5
ENSMUSG00000021488.9:B3	J:55430595-55437867	junction	poly(dT)	6	0.10981643317483913	0.40583972495671394
ENSMUSG00000021488.9:B3	J:55430595-55437867	junction	random hexamer	3	0.09178297764617638	1.0
ENSMUSG00000021488.9:B3	J:55438068-55438943	junction	poly(dT)	6	0.10981643317483913	-0.8285714285714287
ENSMUSG00000021488.9:B3	J:55438068-55438943	junction	random hexamer	3	0.09178297764617638	0.5
ENSMUSG00000021488.9:B3	J:55439123-55441370	junction	poly(dT)	6	0.10981643317483913	-0.3946648814672956
ENSMUSG00000021488.9:B3	J:55439123-55441370	junction	random hexamer	3	0.09178297764617638	0.5
ENSMUSG00000021488.9:B3	J:55441527-55443799	junction	poly(dT)	6	0.10981643317483913	-0.48571428571428577
ENSMUSG00000021488.9:B3	J:55441527-55443799	junction	random hexamer	3	0.09178297764617638	-1.0
ENSMUSG00000021488.9:B3	J:55444005-55446376	junction	poly(dT)	6	0.10981643317483913	-0.7714285714285715
ENSMUSG00000021488.9:B3	J:55444005-55446376	junction	random hexamer	3	0.09178297764617638	0.5
ENSMUSG00000021488.9:B3	J:55446489-55447503	junction	poly(dT)	6	0.10981643317483913	-0.3188740696088466
ENSMUSG00000021488.9:B3	J:55446489-55447503	junction	random hexamer	3	0.09178297764617638	1.0
ENSMUSG00000021488.9:B3	J:55447773-55449539	junction	poly(dT)	6	0.10981643317483913	0.2571428571428572
ENSMUSG00000021488.9:B3	J:55447773-55449539	junction	random hexamer	3	0.09178297764617638	0.5
ENSMUSG00000021488.9:B3	J:55449656-55450651	junction	poly(dT)	6	0.10981643317483913	0.3142857142857143
ENSMUSG00000021488.9:B3	J:55449656-55450651	junction	random hexamer	3	0.09178297764617638	-0.5
ENSMUSG00000021488.9:B3	J:55450793-55454748	junction	poly(dT)	6	0.10981643317483913	-0.3714285714285715
ENSMUSG00000021488.9:B3	J:55450793-55454748	junction	random hexamer	3	0.09178297764617638	1.0
ENSMUSG00000021488.9:B3	J:55454855-55458149	junction	poly(dT)	6	0.10981643317483913	-0.6
ENSMUSG00000021488.9:B3	J:55454855-55458149	junction	random hexamer	3	0.09178297764617638	0.5
ENSMUSG00000021488.9:B3	J:55458354-55459931	junction	poly(dT)	6	0.10981643317483913	0.030358837035945815
ENSMUSG00000021488.9:B3	J:55458354-55459931	junction	random hexamer	3	0.09178297764617638	1.0
ENSMUSG00000021557.16:B1	E:59705100-59705114	exon	poly(dT)	6	0.05355719059984787	-0.23190841426097938
ENSMUSG00000021557.16:B1	E:59705114-59705125	exon	poly(dT)	6	0.5394944296764205	0.21251185925162072
ENSMUSG00000021700.11:B1	E:110416528-110416684	exon	poly(dT)	3	0.06462151923361559	0.5
ENSMUSG00000021700.11:B1	E:110417326-110417435	exon	poly(dT)	3	0.0646215192336155	-0.5
ENSMUSG00000021700.11:B1	J:110397240-110416528	junction	poly(dT)	3	0.06462151923361559	-0.5
ENSMUSG00000021700.11:B1	J:110397240-110417326	junction	poly(dT)	3	0.0646215192336155	-0.5
ENSMUSG00000021843.18:B1	E:47901212-47901243	exon	poly(dT)	5	0.09601366376249387	-0.7
ENSMUSG00000021843.18:B1	E:47901212-47901243	exon	random hexamer	3	0.07383888873351752	-1.0
ENSMUSG00000021843.18:B2	E:47941876-47941945	exon	poly(dT)	3	0.12999113610208976	1.0
ENSMUSG00000021843.18:B2	J:47941734-47941876	junction	poly(dT)	3	0.12999113610208976	1.0
ENSMUSG00000021843.18:B2	J:47941734-47943219	junction	poly(dT)	3	0.12999113610208968	0.5
ENSMUSG00000021843.18:B2	J:47941945-47943219	junction	poly(dT)	3	0.12999113610208976	1.0
ENSMUSG00000021843.18:B3	E:47954330-47954417	exon	poly(dT)	3	0.07383891266580969	1.0
ENSMUSG00000021843.18:B3	J:47952179-47954330	junction	poly(dT)	3	0.07383891266580969	-1.0
ENSMUSG00000021843.18:B3	J:47952179-47957652	junction	poly(dT)	3	0.07383891266580977	1.0
ENSMUSG00000021843.18:B3	J:47954417-47957652	junction	poly(dT)	3	0.07383891266580969	1.0
ENSMUSG00000021843.18:B4	E:47963385-47963457	exon	poly(dT)	5	0.12999114185039096	0.39999999999999997
ENSMUSG00000021843.18:B4	J:47962427-47963385	junction	poly(dT)	5	0.12999114185039096	0.7999999999999999
ENSMUSG00000021843.18:B4	J:47962427-47963682	junction	poly(dT)	5	0.12999114185039096	0.39999999999999997
ENSMUSG00000021843.18:B4	J:47963457-47963682	junction	poly(dT)	5	0.12999114185039096	0.39999999999999997
ENSMUSG00000021843.18:B5	E:47963927-47964011	exon	poly(dT)	5	0.10034181817775117	0.8999999999999998
ENSMUSG00000021843.18:B5	J:47963766-47963927	junction	poly(dT)	5	0.10034181817775117	0.8999999999999998
ENSMUSG00000021843.18:B5	J:47963766-47967796	junction	poly(dT)	5	0.10034181817775123	-0.3
ENSMUSG00000021843.18:B5	J:47964011-47967796	junction	poly(dT)	5	0.10034181817775117	0.7181848464596079
ENSMUSG00000022099.18:B1	E:70855848-70855985	exon	random hexamer	5	0.12341305151290571	-0.09999999999999999
ENSMUSG00000022099.18:B1	E:70864178-70864494	exon	random hexamer	5	0.12797639449638998	-0.6
ENSMUSG00000022099.18:B1	E:70864494-70864748	exon	random hexamer	5	0.11804387177763029	0.6
ENSMUSG00000022099.18:B1	J:70855848-70864178	junction	random hexamer	5	0.12797639449638998	0.49999999999999994
ENSMUSG00000022185.20:B1	E:54890670-54890735	exon	poly(dT)	3	0.06496697164145288	-0.5
ENSMUSG00000022185.20:B1	E:54890670-54890735	exon	random hexamer	3	0.06496697164145288	-1.0
ENSMUSG00000022185.20:B1	E:54891136-54891152	exon	poly(dT)	3	0.06496697164145288	1.0
ENSMUSG00000022185.20:B1	E:54891136-54891152	exon	random hexamer	3	0.06496697164145288	-0.5
ENSMUSG00000022185.20:B1	E:54891152-54891158	exon	poly(dT)	3	0.05638952552194382	1.0
ENSMUSG00000022185.20:B1	E:54891152-54891158	exon	random hexamer	3	0.05638952552194382	0.5
ENSMUSG00000022185.20:B1	J:54889315-54890670	junction	poly(dT)	3	0.06496697164145288	-1.0
ENSMUSG00000022185.20:B1	J:54889315-54890670	junction	random hexamer	3	0.06496697164145288	0.5
ENSMUSG00000022185.20:B1	J:54890735-54891136	junction	poly(dT)	3	0.06496697164145288	0.0
ENSMUSG00000022185.20:B1	J:54890735-54891136	junction	random hexamer	3	0.06496697164145288	1.0
ENSMUSG00000022185.20:B4	E:54879617-54879618	exon	random hexamer	4	0.0902221688906133	-0.632455532033676
ENSMUSG00000022194.16:B1	E:55131604-55131951	exon	random hexamer	4	0.07097215924240063	0.0
ENSMUSG00000022194.16:B1	E:55132058-55132126	exon	random hexamer	4	0.07097215924240075	1.0
ENSMUSG00000022194.16:B1	E:55132126-55132304	exon	random hexamer	4	0.07018819765355129	1.0
ENSMUSG00000022194.16:B1	J:55131951-55132304	junction	random hexamer	4	0.07097215924240063	0.39999999999999997
ENSMUSG00000022194.16:B3	E:55134729-55134856	exon	poly(dT)	5	0.23759417300629326	0.8999999999999998
ENSMUSG00000022194.16:B3	E:55134729-55134856	exon	random hexamer	5	0.23759417300629326	0.19999999999999998
ENSMUSG00000022194.16:B3	E:55134856-55135014	exon	poly(dT)	5	0.25986301715434196	0.8999999999999998
ENSMUSG00000022194.16:B3	E:55134856-55135014	exon	random hexamer	5	0.25986301715434196	0.3
ENSMUSG00000022194.16:B3	E:55135014-55135473	exon	poly(dT)	5	0.25989175695108285	0.8999999999999998
ENSMUSG00000022194.16:B3	E:55135014-55135473	exon	random hexamer	5	0.25989175695108285	0.8999999999999998
ENSMUSG00000022194.16:B3	E:55135613-55135626	exon	poly(dT)	5	0.2375941730062932	-0.7
ENSMUSG00000022194.16:B3	E:55135613-55135626	exon	random hexamer	5	0.2375941730062932	0.8999999999999998
ENSMUSG00000022194.16:B3	J:55134729-55135473	junction	poly(dT)	5	0.2375941730062932	-0.09999999999999999
ENSMUSG00000022194.16:B3	J:55134729-55135473	junction	random hexamer	5	0.2375941730062932	0.7999999999999999
ENSMUSG00000022456.19:B2	E:82175032-82175453	exon	random hexamer	5	0.12368492789976337	0.39999999999999997
ENSMUSG00000022456.19:B2	J:82175032-82175453	junction	random hexamer	5	0.12368492789976353	-0.6708203932499368
ENSMUSG00000022477.14:B1	E:81756509-81756684	exon	random hexamer	5	0.06626521576469568	-0.8999999999999998
ENSMUSG00000022477.14:B2	E:81773635-81773686	exon	random hexamer	6	0.1013647085933445	0.5797710356524484
ENSMUSG00000022477.14:B2	E:81773686-81773889	exon	random hexamer	6	0.14986758084291046	0.14285714285714288
ENSMUSG00000022477.14:B2	E:81779370-81779629	exon	random hexamer	6	0.1498675808429103	0.3142857142857143
ENSMUSG00000022477.14:B2	E:81783329-81783422	exon	random hexamer	6	0.1498675808429103	-0.028571428571428574
ENSMUSG00000022477.14:B2	E:81787676-81787835	exon	random hexamer	6	0.1498675808429103	0.48571428571428577
ENSMUSG00000022477.14:B2	E:81788056-81788207	exon	random hexamer	6	0.1498675808429103	0.8857142857142858
ENSMUSG00000022477.14:B2	E:81788963-81789068	exon	random hexamer	6	0.1498675808429103	0.6571428571428573
ENSMUSG00000022477.14:B2	E:81790052-81790144	exon	random hexamer	6	0.1498675808429103	0.8285714285714287
ENSMUSG00000022477.14:B2	E:81791626-81791732	exon	random hexamer	6	0.1498675808429103	0.3714285714285715
ENSMUSG00000022477.14:B2	E:81793690-81793848	exon	random hexamer	6	0.1498675808429103	0.7714285714285715
ENSMUSG00000022477.14:B2	E:81794042-81794116	exon	random hexamer	6	0.1498675808429103	0.5428571428571429
ENSMUSG00000022477.14:B2	E:81794613-81794725	exon	random hexamer	6	0.1498675808429103	0.8285714285714287
ENSMUSG00000022477.14:B2	E:81796086-81796209	exon	random hexamer	6	0.1498675808429103	0.7714285714285715
ENSMUSG00000022477.14:B2	E:81796406-81796562	exon	random hexamer	6	0.1498675808429103	0.6571428571428573
ENSMUSG00000022477.14:B2	E:81797306-81797498	exon	random hexamer	6	0.1498675808429103	0.6
ENSMUSG00000022477.14:B2	E:81797880-81798013	exon	random hexamer	6	0.1498675808429103	0.3142857142857143
ENSMUSG00000022477.14:B2	E:81798438-81798560	exon	random hexamer	6	0.1498675808429103	0.5428571428571429
ENSMUSG00000022477.14:B2	E:81798828-81799334	exon	random hexamer	6	0.1498675808429103	0.7714285714285715
ENSMUSG00000022477.14:B2	J:81773635-81779370	junction	random hexamer	6	0.1498675808429103	0.2571428571428572
ENSMUSG00000022477.14:B2	J:81779629-81783329	junction	random hexamer	6	0.1498675808429103	0.8285714285714287
ENSMUSG00000022477.14:B2	J:81783422-81787676	junction	random hexamer	6	0.1498675808429103	0.7714285714285715
ENSMUSG00000022477.14:B2	J:81787835-81788056	junction	random hexamer	6	0.1498675808429103	0.8857142857142858
ENSMUSG00000022477.14:B2	J:81788207-81788963	junction	random hexamer	6	0.1498675808429103	0.7142857142857143
ENSMUSG00000022477.14:B2	J:81789068-81790052	junction	random hexamer	6	0.1498675808429103	0.6571428571428573
ENSMUSG00000022477.14:B2	J:81790144-81791626	junction	random hexamer	6	0.1498675808429103	0.3714285714285715
ENSMUSG00000022477.14:B2	J:81791732-81793690	junction	random hexamer	6	0.1498675808429103	0.6
ENSMUSG00000022477.14:B2	J:81793848-81794042	junction	random hexamer	6	0.1498675808429103	0.8285714285714287
ENSMUSG00000022477.14:B2	J:81794116-81794613	junction	random hexamer	6	0.1498675808429103	0.8285714285714287
ENSMUSG00000022477.14:B2	J:81794725-81796086	junction	random hexamer	6	0.1498675808429103	0.7142857142857143
ENSMUSG00000022477.14:B2	J:81796209-81796406	junction	random hexamer	6	0.1498675808429103	0.6
ENSMUSG00000022477.14:B2	J:81796562-81797306	junction	random hexamer	6	0.1498675808429103	0.6571428571428573
ENSMUSG00000022477.14:B2	J:81797498-81797880	junction	random hexamer	6	0.1498675808429103	0.3714285714285715
ENSMUSG00000022477.14:B2	J:81798013-81798438	junction	random hexamer	6	0.1498675808429103	0.3714285714285715
ENSMUSG00000022477.14:B2	J:81798560-81798828	junction	random hexamer	6	0.1498675808429103	0.7714285714285715
ENSMUSG00000022489.7:B1	E:103411460-103411799	exon	random hexamer	4	0.11991188992025315	0.39999999999999997
ENSMUSG00000022489.7:B1	E:103411887-103412010	exon	random hexamer	4	0.11991188992025315	0.7999999999999999
ENSMUSG00000022489.7:B1	E:103423346-103423848	exon	random hexamer	4	0.11991188992025317	-0.19999999999999998
ENSMUSG00000022489.7:B1	J:103411799-103411887	junction	random hexamer	4	0.11991188992025315	0.7999999999999999
ENSMUSG00000022489.7:B1	J:103412010-103428375	junction	random hexamer	4	0.11991188992025315	0.39999999999999997
ENSMUSG00000022558.17:B1	E:76264712-76264776	exon	random hexamer	3	0.06269294826190774	-1.0
ENSMUSG00000022558.17:B1	J:76264776-76274230	junction	random hexamer	3	0.06269294826190774	-1.0
ENSMUSG00000022623.18:B1	E:89383825-89384122	exon	random hexamer	4	0.09017977498671115	-0.39999999999999997
ENSMUSG00000022623.18:B1	E:89384417-89384621	exon	random hexamer	4	0.09017977498671115	-0.7999999999999999
ENSMUSG00000022623.18:B1	E:89385606-89385678	exon	random hexamer	4	0.09017977498671115	0.7999999999999999
ENSMUSG00000022623.18:B1	E:89387322-89387431	exon	random hexamer	4	0.09017977498671115	0.39999999999999997
ENSMUSG00000022623.18:B1	E:89387505-89387657	exon	random hexamer	4	0.09017977498671115	0.39999999999999997
ENSMUSG00000022623.18:B1	E:89387742-89387910	exon	random hexamer	4	0.09017977498671115	0.7999999999999999
ENSMUSG00000022623.18:B1	E:89387999-89388116	exon	random hexamer	4	0.09017977498671115	-0.39999999999999997
ENSMUSG00000022623.18:B1	E:89388519-89388597	exon	random hexamer	4	0.09017977498671115	-0.39999999999999997
ENSMUSG00000022623.18:B1	E:89389592-89389659	exon	random hexamer	4	0.09017977498671115	0.0
ENSMUSG00000022623.18:B1	E:89405305-89405576	exon	random hexamer	4	0.09017977498671115	0.19999999999999998
ENSMUSG00000022623.18:B1	E:89407963-89408228	exon	random hexamer	4	0.10966870996207748	-0.21081851067789195
ENSMUSG00000022623.18:B1	E:89431828-89434085	exon	random hexamer	4	0.09017977498671115	0.39999999999999997
ENSMUSG00000022623.18:B1	J:89384122-89384417	junction	random hexamer	4	0.09017977498671115	-0.39999999999999997
ENSMUSG00000022623.18:B1	J:89384621-89385606	junction	random hexamer	4	0.09017977498671115	0.7999999999999999
ENSMUSG00000022623.18:B1	J:89385678-89387322	junction	random hexamer	4	0.09017977498671115	0.7999999999999999
ENSMUSG00000022623.18:B1	J:89387431-89387505	junction	random hexamer	4	0.09017977498671115	-0.6000000000000001
ENSMUSG00000022623.18:B1	J:89387657-89387742	junction	random hexamer	4	0.09017977498671115	0.7999999999999999
ENSMUSG00000022623.18:B1	J:89387910-89387999	junction	random hexamer	4	0.09017977498671115	-0.39999999999999997
ENSMUSG00000022623.18:B1	J:89388116-89388519	junction	random hexamer	4	0.09017977498671115	-0.6000000000000001
ENSMUSG00000022623.18:B1	J:89388597-89389592	junction	random hexamer	4	0.09017977498671115	0.0
ENSMUSG00000022623.18:B1	J:89389659-89405305	junction	random hexamer	4	0.09017977498671115	0.0
ENSMUSG00000022623.18:B1	J:89405576-89408228	junction	random hexamer	4	0.09017977498671115	-0.7999999999999999
ENSMUSG00000022623.18:B1	J:89428081-89431828	junction	random hexamer	4	0.09017977498671115	0.39999999999999997
ENSMUSG00000022623.18:B1	J:89428081-89441937	junction	random hexamer	4	0.10966870996207748	-0.21081851067789195
ENSMUSG00000022623.18:B1	J:89434085-89441937	junction	random hexamer	4	0.09017977498671115	-0.7999999999999999
ENSMUSG00000022623.18:B2	E:89441963-89444464	exon	random hexamer	4	0.09529560207418486	0.19999999999999998
ENSMUSG00000022629.18:B1	E:90934041-90934048	exon	poly(dT)	3	0.15715821810826341	-1.0
ENSMUSG00000022629.18:B1	E:90934041-90934048	exon	random hexamer	5	0.15715821810826341	0.6
ENSMUSG00000022812.15:B1	E:37909362-37910649	exon	poly(dT)	6	0.09987304849310441	0.028571428571428574
ENSMUSG00000022892.12:B1	E:84970623-84970646	exon	random hexamer	7	0.15093207714705142	0.7142857142857144
ENSMUSG00000022961.19:B1	E:91444766-91444767	exon	poly(dT)	10	0.13234235915920406	-0.2727272727272727
ENSMUSG00000022961.19:B1	E:91444766-91444767	exon	random hexamer	5	0.0609829020672254	-0.3
ENSMUSG00000022961.19:B3	E:91459379-91460921	exon	poly(dT)	5	0.07615129895804418	-0.7999999999999999
ENSMUSG00000022961.19:B3	E:91459379-91460921	exon	random hexamer	4	0.07615129895804418	0.6000000000000001
ENSMUSG00000022961.19:B3	E:91461085-91461232	exon	poly(dT)	5	0.07615129895804418	-0.8999999999999998
ENSMUSG00000022961.19:B3	E:91461085-91461232	exon	random hexamer	4	0.07615129895804418	-0.39999999999999997
ENSMUSG00000022961.19:B3	E:91461521-91461710	exon	poly(dT)	5	0.07615129895804418	0.09999999999999999
ENSMUSG00000022961.19:B3	E:91461521-91461710	exon	random hexamer	4	0.07615129895804418	-1.0
ENSMUSG00000022961.19:B3	J:91459149-91459379	junction	poly(dT)	5	0.07615129895804418	-0.44721359549995787
ENSMUSG00000022961.19:B3	J:91459149-91459379	junction	random hexamer	4	0.07615129895804418	0.6000000000000001
ENSMUSG00000022961.19:B3	J:91459149-91461085	junction	poly(dT)	5	0.07615129895804418	0.09999999999999999
ENSMUSG00000022961.19:B3	J:91459149-91461085	junction	random hexamer	4	0.07615129895804418	0.6000000000000001
ENSMUSG00000022961.19:B3	J:91461232-91461521	junction	poly(dT)	5	0.07615129895804418	-0.8999999999999998
ENSMUSG00000022961.19:B3	J:91461232-91461521	junction	random hexamer	4	0.07615129895804418	-0.39999999999999997
ENSMUSG00000023033.15:B1	E:100768563-100768624	exon	random hexamer	5	0.0825923060722269	0.49999999999999994
ENSMUSG00000023033.15:B1	E:100768832-100768949	exon	random hexamer	5	0.06883464376584009	-0.7999999999999999
ENSMUSG00000023033.15:B1	J:100768624-100834151	junction	random hexamer	5	0.0825923060722269	0.6
ENSMUSG00000023033.15:B1	J:100768949-100834151	junction	random hexamer	5	0.06883464376584009	-0.49999999999999994
ENSMUSG00000024044.20:B1	E:69463839-69463905	exon	random hexamer	3	0.0623502526182822	-0.5
ENSMUSG00000024044.20:B1	E:69514853-69514864	exon	random hexamer	3	0.0623502526182822	-0.5
ENSMUSG00000024044.20:B1	J:69463905-69514853	junction	random hexamer	3	0.0623502526182822	-0.5
ENSMUSG00000024044.20:B4	E:69581698-69581890	exon	random hexamer	3	0.06260578219461521	-0.5
ENSMUSG00000024109.19:B1	E:90471219-90471309	exon	random hexamer	4	0.07225878929789387	0.7999999999999999
ENSMUSG00000024109.19:B1	E:90762233-90763300	exon	random hexamer	4	0.07225878929789385	0.7999999999999999
ENSMUSG00000024109.19:B1	E:90868168-90868288	exon	random hexamer	4	0.07225878929789387	0.39999999999999997
ENSMUSG00000024109.19:B1	E:90872732-90872906	exon	random hexamer	4	0.07225878929789387	-0.19999999999999998
ENSMUSG00000024109.19:B1	E:90896098-90896289	exon	random hexamer	4	0.07225878929789387	-0.19999999999999998
ENSMUSG00000024109.19:B1	E:90897275-90897657	exon	random hexamer	4	0.07225878929789387	0.39999999999999997
ENSMUSG00000024109.19:B1	E:90904934-90905057	exon	random hexamer	4	0.07225878929789387	0.19999999999999998
ENSMUSG00000024109.19:B1	E:90928292-90928319	exon	random hexamer	4	0.07225878929789387	0.19999999999999998
ENSMUSG00000024109.19:B1	E:90930847-90931051	exon	random hexamer	4	0.07225878929789387	0.39999999999999997
ENSMUSG00000024109.19:B1	E:90937312-90937696	exon	random hexamer	4	0.07225878929789387	0.39999999999999997
ENSMUSG00000024109.19:B1	E:90950418-90950857	exon	random hexamer	4	0.07225878929789387	0.39999999999999997
ENSMUSG00000024109.19:B1	E:91008171-91008333	exon	random hexamer	4	0.07225878929789387	-0.19999999999999998
ENSMUSG00000024109.19:B1	E:91009394-91009439	exon	random hexamer	4	0.0784569901782147	0.39999999999999997
ENSMUSG00000024109.19:B1	E:91011493-91011795	exon	random hexamer	4	0.07225878929789387	0.39999999999999997
ENSMUSG00000024109.19:B1	E:91298794-91298806	exon	random hexamer	4	0.11444075619504879	-0.7999999999999999
ENSMUSG00000024109.19:B1	E:91299542-91299572	exon	random hexamer	4	0.07225878929789387	-0.19999999999999998
ENSMUSG00000024109.19:B1	E:91302888-91302906	exon	random hexamer	4	0.07225878929789387	-0.19999999999999998
ENSMUSG00000024109.19:B1	E:91395382-91396154	exon	random hexamer	4	0.07225878929789387	-0.19999999999999998
ENSMUSG00000024109.19:B1	E:91396154-91396335	exon	random hexamer	4	0.12075668717881666	0.39999999999999997
ENSMUSG00000024109.19:B1	E:91396335-91397033	exon	random hexamer	4	0.129017231417572	0.39999999999999997
ENSMUSG00000024109.19:B1	E:91400026-91400161	exon	random hexamer	4	0.129017231417572	0.39999999999999997
ENSMUSG00000024109.19:B1	J:90469861-90471219	junction	random hexamer	4	0.07225878929789387	0.39999999999999997
ENSMUSG00000024109.19:B1	J:90469861-90515750	junction	random hexamer	4	0.07225878929789385	0.7999999999999999
ENSMUSG00000024109.19:B1	J:90471309-90515750	junction	random hexamer	4	0.07225878929789387	0.7999999999999999
ENSMUSG00000024109.19:B1	J:90670369-90762233	junction	random hexamer	4	0.07225878929789385	0.7999999999999999
ENSMUSG00000024109.19:B1	J:90670369-90868168	junction	random hexamer	4	0.07225878929789387	0.39999999999999997
ENSMUSG00000024109.19:B1	J:90868288-90872732	junction	random hexamer	4	0.07225878929789387	0.39999999999999997
ENSMUSG00000024109.19:B1	J:90872906-90896098	junction	random hexamer	4	0.07225878929789387	-0.19999999999999998
ENSMUSG00000024109.19:B1	J:90896289-90897275	junction	random hexamer	4	0.07225878929789387	0.39999999999999997
ENSMUSG00000024109.19:B1	J:90897657-90904934	junction	random hexamer	4	0.07225878929789387	0.19999999999999998
ENSMUSG00000024109.19:B1	J:90905057-90928292	junction	random hexamer	4	0.07225878929789387	0.19999999999999998
ENSMUSG00000024109.19:B1	J:90928319-90930847	junction	random hexamer	4	0.07225878929789387	0.19999999999999998
ENSMUSG00000024109.19:B1	J:90931051-90937312	junction	random hexamer	4	0.07225878929789387	0.39999999999999997
ENSMUSG00000024109.19:B1	J:90937696-90950418	junction	random hexamer	4	0.07225878929789387	0.39999999999999997
ENSMUSG00000024109.19:B1	J:90950857-91008171	junction	random hexamer	4	0.07225878929789387	0.39999999999999997
ENSMUSG00000024109.19:B1	J:91008333-91009394	junction	random hexamer	4	0.0784569901782147	-0.632455532033676
ENSMUSG00000024109.19:B1	J:91008333-91011493	junction	random hexamer	4	0.12227013188203084	1.0
ENSMUSG00000024109.19:B1	J:91009439-91011493	junction	random hexamer	4	0.0784569901782147	0.19999999999999998
ENSMUSG00000024109.19:B1	J:91011795-91298794	junction	random hexamer	4	0.11444075619504879	-0.7999999999999999
ENSMUSG00000024109.19:B1	J:91011795-91299542	junction	random hexamer	4	0.129017231417572	0.39999999999999997
ENSMUSG00000024109.19:B1	J:91298806-91299542	junction	random hexamer	4	0.11444075619504879	-0.7999999999999999
ENSMUSG00000024109.19:B1	J:91299572-91302888	junction	random hexamer	4	0.07225878929789387	-0.19999999999999998
ENSMUSG00000024109.19:B1	J:91302906-91395382	junction	random hexamer	4	0.07225878929789387	-0.19999999999999998
ENSMUSG00000024109.19:B1	J:91397033-91400026	junction	random hexamer	4	0.129017231417572	0.7999999999999999
ENSMUSG00000024109.19:B2	E:90366903-90366912	exon	poly(dT)	6	0.10639117778705309	-0.7714285714285715
ENSMUSG00000024109.19:B2	E:90366903-90366912	exon	random hexamer	5	0.10639117778705309	0.7
ENSMUSG00000024109.19:B2	J:90344812-90366903	junction	poly(dT)	6	0.10639117778705309	-0.7714285714285715
ENSMUSG00000024109.19:B2	J:90344812-90366903	junction	random hexamer	5	0.10639117778705309	0.19999999999999998
ENSMUSG00000024109.19:B2	J:90344812-90366912	junction	poly(dT)	6	0.10639117778705304	0.3142857142857143
ENSMUSG00000024109.19:B2	J:90344812-90366912	junction	random hexamer	5	0.10639117778705304	0.7
ENSMUSG00000024163.18:B1	E:25155868-25155886	exon	poly(dT)	6	0.12722809579105065	-0.2
ENSMUSG00000024163.18:B1	E:25155868-25155886	exon	random hexamer	6	0.12722809579105065	0.3142857142857143
ENSMUSG00000024163.18:B1	E:25155886-25155942	exon	poly(dT)	6	0.16541705839944354	-0.2571428571428572
ENSMUSG00000024163.18:B1	E:25155886-25155942	exon	random hexamer	6	0.16541705839944354	-0.028571428571428574
ENSMUSG00000024163.18:B2	E:25139445-25139469	exon	random hexamer	6	0.17795321093639915	0.4285714285714286
ENSMUSG00000024163.18:B2	J:25137113-25139445	junction	random hexamer	6	0.17795321093639915	0.5428571428571429
ENSMUSG00000024163.18:B2	J:25137113-25142789	junction	random hexamer	6	0.17795321093639904	1.0
ENSMUSG00000024163.18:B2	J:25139469-25142789	junction	random hexamer	6	0.17795321093639915	0.4285714285714286
ENSMUSG00000024163.18:B3	E:25136968-25137061	exon	random hexamer	6	0.16102243659087923	0.6
ENSMUSG00000024163.18:B3	J:25133679-25136968	junction	random hexamer	6	0.16102243659087923	0.6
ENSMUSG00000024163.18:B3	J:25133679-25137061	junction	random hexamer	6	0.16102243659087917	0.8285714285714287
ENSMUSG00000024163.18:B4	E:25127384-25127402	exon	poly(dT)	6	0.15343328918772392	0.4285714285714286
ENSMUSG00000024163.18:B4	E:25127384-25127402	exon	random hexamer	6	0.15343328918772392	0.6
ENSMUSG00000024163.18:B4	J:25126360-25127384	junction	poly(dT)	6	0.15343328918772392	0.3714285714285715
ENSMUSG00000024163.18:B4	J:25126360-25127384	junction	random hexamer	6	0.15343328918772392	0.2571428571428572
ENSMUSG00000024163.18:B4	J:25126360-25128123	junction	poly(dT)	6	0.1534332891877238	0.3714285714285715
ENSMUSG00000024163.18:B4	J:25126360-25128123	junction	random hexamer	6	0.1534332891877238	0.3714285714285715
ENSMUSG00000024163.18:B4	J:25127402-25128123	junction	poly(dT)	6	0.18237651943246536	0.7714285714285715
ENSMUSG00000024163.18:B4	J:25127402-25128123	junction	random hexamer	6	0.18237651943246536	0.3714285714285715
ENSMUSG00000024163.18:B5	E:25125120-25125147	exon	random hexamer	6	0.2014531385428251	0.8285714285714287
ENSMUSG00000024163.18:B5	J:25124272-25125120	junction	random hexamer	6	0.2014531385428251	0.14285714285714288
ENSMUSG00000024163.18:B5	J:25124272-25125147	junction	random hexamer	6	0.20145313854282507	0.14285714285714288
ENSMUSG00000024163.18:B6	E:25116479-25116506	exon	random hexamer	6	0.05450581435191136	-0.2732295333235123
ENSMUSG00000024268.17:B1	E:25886807-25887040	exon	random hexamer	6	0.053733622739225995	0.028571428571428574
ENSMUSG00000024393.15:B1	E:35381945-35382022	exon	random hexamer	6	0.0873476922737102	0.028571428571428574
ENSMUSG00000024393.15:B1	E:35383710-35383873	exon	random hexamer	6	0.0873476922737102	0.028571428571428574
ENSMUSG00000024393.15:B1	J:35382022-35383710	junction	random hexamer	6	0.0873476922737102	-0.3714285714285715
ENSMUSG00000024498.17:B1	E:42644551-42644565	exon	random hexamer	4	0.08674010181796386	-0.39999999999999997
ENSMUSG00000024743.17:B1	E:10366794-10366846	exon	random hexamer	3	0.1493174490851491	-0.5
ENSMUSG00000024743.17:B2	E:10403662-10404031	exon	random hexamer	6	0.15950851924352127	0.028571428571428574
ENSMUSG00000024743.17:B2	E:10407701-10407824	exon	random hexamer	6	0.15950851924352127	-0.4285714285714286
ENSMUSG00000024743.17:B2	J:10399252-10403662	junction	random hexamer	6	0.18264374248726734	-0.08571428571428573
ENSMUSG00000024743.17:B2	J:10399252-10412913	junction	random hexamer	6	0.14782315333801757	0.6546536707079772
ENSMUSG00000024743.17:B2	J:10404031-10407701	junction	random hexamer	6	0.15950851924352127	-0.08571428571428573
ENSMUSG00000024743.17:B2	J:10407824-10412913	junction	random hexamer	6	0.15950851924352127	0.08571428571428573
ENSMUSG00000024743.17:B3	E:10425808-10430544	exon	random hexamer	7	0.11984210629709313	-0.642857142857143
ENSMUSG00000024758.16:B1	E:7460637-7460646	exon	random hexamer	4	0.3287998438445747	-0.39999999999999997
ENSMUSG00000024921.18:B1	E:26582451-26582633	exon	poly(dT)	6	0.0760421362505036	0.8116794499134279
ENSMUSG00000024921.18:B1	E:26582451-26582633	exon	random hexamer	6	0.0760421362505036	0.2
ENSMUSG00000024921.18:B1	E:26597083-26597344	exon	poly(dT)	6	0.0760421362505036	0.5428571428571429
ENSMUSG00000024921.18:B1	E:26597083-26597344	exon	random hexamer	6	0.0760421362505036	0.6
ENSMUSG00000024921.18:B1	E:26601280-26601410	exon	poly(dT)	6	0.0760421362505036	0.7714285714285715
ENSMUSG00000024921.18:B1	E:26601280-26601410	exon	random hexamer	6	0.0760421362505036	-0.028571428571428574
ENSMUSG00000024921.18:B1	E:26608069-26608531	exon	poly(dT)	6	0.0760421362505036	0.7142857142857143
ENSMUSG00000024921.18:B1	E:26608069-26608531	exon	random hexamer	6	0.0760421362505036	0.2
ENSMUSG00000024921.18:B1	E:26617787-26618049	exon	poly(dT)	6	0.0760421362505036	0.028571428571428574
ENSMUSG00000024921.18:B1	E:26617787-26618049	exon	random hexamer	6	0.0760421362505036	-0.942857142857143
ENSMUSG00000024921.18:B1	E:26624420-26624547	exon	poly(dT)	6	0.0760421362505036	0.6
ENSMUSG00000024921.18:B1	E:26624420-26624547	exon	random hexamer	6	0.0760421362505036	0.2571428571428572
ENSMUSG00000024921.18:B1	E:26626383-26626557	exon	poly(dT)	6	0.0760421362505036	0.5428571428571429
ENSMUSG00000024921.18:B1	E:26626383-26626557	exon	random hexamer	6	0.0760421362505036	0.028571428571428574
ENSMUSG00000024921.18:B1	E:26628948-26629122	exon	poly(dT)	6	0.0760421362505036	0.4285714285714286
ENSMUSG00000024921.18:B1	E:26628948-26629122	exon	random hexamer	6	0.0760421362505036	0.14285714285714288
ENSMUSG00000024921.18:B1	E:26631740-26631911	exon	poly(dT)	6	0.0760421362505036	0.14285714285714288
ENSMUSG00000024921.18:B1	E:26631740-26631911	exon	random hexamer	6	0.0760421362505036	0.2571428571428572
ENSMUSG00000024921.18:B1	E:26641450-26641504	exon	poly(dT)	6	0.0760421362505036	-0.08571428571428573
ENSMUSG00000024921.18:B1	E:26641450-26641504	exon	random hexamer	6	0.0760421362505036	0.08571428571428573
ENSMUSG00000024921.18:B1	E:26646152-26646283	exon	poly(dT)	6	0.0760421362505036	-0.6571428571428573
ENSMUSG00000024921.18:B1	E:26646152-26646283	exon	random hexamer	6	0.0760421362505036	0.08571428571428573
ENSMUSG00000024921.18:B1	E:26646513-26646571	exon	poly(dT)	6	0.0760421362505036	0.08571428571428573
ENSMUSG00000024921.18:B1	E:26646513-26646571	exon	random hexamer	6	0.0760421362505036	0.2571428571428572
ENSMUSG00000024921.18:B1	E:26648483-26648584	exon	poly(dT)	6	0.0760421362505036	-0.48571428571428577
ENSMUSG00000024921.18:B1	E:26648483-26648584	exon	random hexamer	6	0.0760421362505036	0.14285714285714288
ENSMUSG00000024921.18:B1	E:26650098-26650246	exon	poly(dT)	6	0.0760421362505036	0.4285714285714286
ENSMUSG00000024921.18:B1	E:26650098-26650246	exon	random hexamer	6	0.0760421362505036	-0.3142857142857143
ENSMUSG00000024921.18:B1	E:26654033-26654197	exon	poly(dT)	6	0.0760421362505036	0.3142857142857143
ENSMUSG00000024921.18:B1	E:26654033-26654197	exon	random hexamer	6	0.0760421362505036	-0.4285714285714286
ENSMUSG00000024921.18:B1	E:26655715-26655782	exon	poly(dT)	6	0.0760421362505036	0.3714285714285715
ENSMUSG00000024921.18:B1	E:26655715-26655782	exon	random hexamer	6	0.0760421362505036	-0.14285714285714288
ENSMUSG00000024921.18:B1	E:26656473-26656584	exon	poly(dT)	6	0.0760421362505036	-0.08571428571428573
ENSMUSG00000024921.18:B1	E:26656473-26656584	exon	random hexamer	6	0.0760421362505036	0.2571428571428572
ENSMUSG00000024921.18:B1	E:26659270-26659513	exon	poly(dT)	6	0.0760421362505036	-0.08571428571428573
ENSMUSG00000024921.18:B1	E:26659270-26659513	exon	random hexamer	6	0.0760421362505036	-0.028571428571428574
ENSMUSG00000024921.18:B1	E:26661208-26661322	exon	poly(dT)	6	0.0760421362505036	-0.2571428571428572
ENSMUSG00000024921.18:B1	E:26661208-26661322	exon	random hexamer	6	0.0760421362505036	-0.8285714285714287
ENSMUSG00000024921.18:B1	E:26668744-26668852	exon	poly(dT)	6	0.0760421362505036	-0.08571428571428573
ENSMUSG00000024921.18:B1	E:26668744-26668852	exon	random hexamer	6	0.0760421362505036	0.2
ENSMUSG00000024921.18:B1	E:26669580-26669667	exon	poly(dT)	6	0.0760421362505036	-0.3142857142857143
ENSMUSG00000024921.18:B1	E:26669580-26669667	exon	random hexamer	6	0.0760421362505036	-0.4285714285714286
ENSMUSG00000024921.18:B1	E:26673575-26673622	exon	poly(dT)	6	0.0760421362505036	-0.14285714285714288
ENSMUSG00000024921.18:B1	E:26673575-26673622	exon	random hexamer	6	0.0760421362505036	0.028571428571428574
ENSMUSG00000024921.18:B1	E:26675745-26675912	exon	poly(dT)	6	0.0760421362505036	0.08571428571428573
ENSMUSG00000024921.18:B1	E:26675745-26675912	exon	random hexamer	6	0.0760421362505036	0.4285714285714286
ENSMUSG00000024921.18:B1	E:26683467-26683631	exon	poly(dT)	6	0.0760421362505036	-0.2571428571428572
ENSMUSG00000024921.18:B1	E:26683467-26683631	exon	random hexamer	6	0.0760421362505036	-0.2
ENSMUSG00000024921.18:B1	E:26687857-26688085	exon	poly(dT)	6	0.0760421362505036	-0.6571428571428573
ENSMUSG00000024921.18:B1	E:26687857-26688085	exon	random hexamer	6	0.0760421362505036	-0.2571428571428572
ENSMUSG00000024921.18:B1	E:26693514-26693592	exon	poly(dT)	6	0.0760421362505036	0.7142857142857143
ENSMUSG00000024921.18:B1	E:26693514-26693592	exon	random hexamer	6	0.0760421362505036	0.2
ENSMUSG00000024921.18:B1	E:26698128-26698347	exon	poly(dT)	6	0.0760421362505036	-0.028571428571428574
ENSMUSG00000024921.18:B1	E:26698128-26698347	exon	random hexamer	6	0.0760421362505036	-0.8285714285714287
ENSMUSG00000024921.18:B1	E:26727717-26728108	exon	poly(dT)	6	0.0703475750300194	0.3142857142857143
ENSMUSG00000024921.18:B1	E:26727717-26728108	exon	random hexamer	6	0.0703475750300194	-0.14285714285714288
ENSMUSG00000024921.18:B1	J:26582633-26597083	junction	poly(dT)	6	0.0760421362505036	0.6546536707079772
ENSMUSG00000024921.18:B1	J:26582633-26597083	junction	random hexamer	6	0.0760421362505036	0.8857142857142858
ENSMUSG00000024921.18:B1	J:26597344-26601280	junction	poly(dT)	6	0.0760421362505036	0.8406680016960503
ENSMUSG00000024921.18:B1	J:26597344-26601280	junction	random hexamer	6	0.0760421362505036	0.3142857142857143
ENSMUSG00000024921.18:B1	J:26601410-26608069	junction	poly(dT)	6	0.0760421362505036	0.33806170189140666
ENSMUSG00000024921.18:B1	J:26601410-26608069	junction	random hexamer	6	0.0760421362505036	0.2571428571428572
ENSMUSG00000024921.18:B1	J:26608531-26617787	junction	poly(dT)	6	0.0760421362505036	0.5408987230262506
ENSMUSG00000024921.18:B1	J:26608531-26617787	junction	random hexamer	6	0.0760421362505036	-0.14285714285714288
ENSMUSG00000024921.18:B1	J:26618049-26624420	junction	poly(dT)	6	0.0760421362505036	-0.028571428571428574
ENSMUSG00000024921.18:B1	J:26618049-26624420	junction	random hexamer	6	0.0760421362505036	-0.6
ENSMUSG00000024921.18:B1	J:26624547-26626383	junction	poly(dT)	6	0.0760421362505036	0.5428571428571429
ENSMUSG00000024921.18:B1	J:26624547-26626383	junction	random hexamer	6	0.0760421362505036	0.3142857142857143
ENSMUSG00000024921.18:B1	J:26626557-26628948	junction	poly(dT)	6	0.0760421362505036	0.6
ENSMUSG00000024921.18:B1	J:26626557-26628948	junction	random hexamer	6	0.0760421362505036	-0.14285714285714288
ENSMUSG00000024921.18:B1	J:26629122-26631740	junction	poly(dT)	6	0.0760421362505036	-0.14285714285714288
ENSMUSG00000024921.18:B1	J:26629122-26631740	junction	random hexamer	6	0.0760421362505036	0.028571428571428574
ENSMUSG00000024921.18:B1	J:26631911-26641450	junction	poly(dT)	6	0.0760421362505036	0.4285714285714286
ENSMUSG00000024921.18:B1	J:26631911-26641450	junction	random hexamer	6	0.0760421362505036	0.2
ENSMUSG00000024921.18:B1	J:26641504-26646152	junction	poly(dT)	6	0.0760421362505036	-0.6571428571428573
ENSMUSG00000024921.18:B1	J:26641504-26646152	junction	random hexamer	6	0.0760421362505036	-0.2
ENSMUSG00000024921.18:B1	J:26646283-26646513	junction	poly(dT)	6	0.0760421362505036	0.08571428571428573
ENSMUSG00000024921.18:B1	J:26646283-26646513	junction	random hexamer	6	0.0760421362505036	0.2571428571428572
ENSMUSG00000024921.18:B1	J:26646571-26648483	junction	poly(dT)	6	0.0760421362505036	-0.48571428571428577
ENSMUSG00000024921.18:B1	J:26646571-26648483	junction	random hexamer	6	0.0760421362505036	0.2
ENSMUSG00000024921.18:B1	J:26648584-26650098	junction	poly(dT)	6	0.0760421362505036	-0.3478626213914691
ENSMUSG00000024921.18:B1	J:26648584-26650098	junction	random hexamer	6	0.0760421362505036	-0.08571428571428573
ENSMUSG00000024921.18:B1	J:26650246-26654033	junction	poly(dT)	6	0.0760421362505036	0.8116794499134279
ENSMUSG00000024921.18:B1	J:26650246-26654033	junction	random hexamer	6	0.0760421362505036	-0.2571428571428572
ENSMUSG00000024921.18:B1	J:26654197-26655715	junction	poly(dT)	6	0.0760421362505036	0.028571428571428574
ENSMUSG00000024921.18:B1	J:26654197-26655715	junction	random hexamer	6	0.0760421362505036	-0.5428571428571429
ENSMUSG00000024921.18:B1	J:26655782-26656473	junction	poly(dT)	6	0.0760421362505036	0.3768511731740915
ENSMUSG00000024921.18:B1	J:26655782-26656473	junction	random hexamer	6	0.0760421362505036	-0.4285714285714286
ENSMUSG00000024921.18:B1	J:26656584-26659270	junction	poly(dT)	6	0.0760421362505036	0.14285714285714288
ENSMUSG00000024921.18:B1	J:26656584-26659270	junction	random hexamer	6	0.0760421362505036	0.2571428571428572
ENSMUSG00000024921.18:B1	J:26659513-26661208	junction	poly(dT)	6	0.0760421362505036	-0.3142857142857143
ENSMUSG00000024921.18:B1	J:26659513-26661208	junction	random hexamer	6	0.0760421362505036	-0.6
ENSMUSG00000024921.18:B1	J:26661322-26668744	junction	poly(dT)	6	0.0760421362505036	-0.2
ENSMUSG00000024921.18:B1	J:26661322-26668744	junction	random hexamer	6	0.0760421362505036	-0.3142857142857143
ENSMUSG00000024921.18:B1	J:26668852-26669580	junction	poly(dT)	6	0.0760421362505036	0.14285714285714288
ENSMUSG00000024921.18:B1	J:26668852-26669580	junction	random hexamer	6	0.0760421362505036	0.3142857142857143
ENSMUSG00000024921.18:B1	J:26669667-26673575	junction	poly(dT)	6	0.0760421362505036	-0.057977103565244846
ENSMUSG00000024921.18:B1	J:26669667-26673575	junction	random hexamer	6	0.0760421362505036	-0.4285714285714286
ENSMUSG00000024921.18:B1	J:26673622-26675745	junction	poly(dT)	6	0.0760421362505036	-0.08571428571428573
ENSMUSG00000024921.18:B1	J:26673622-26675745	junction	random hexamer	6	0.0760421362505036	0.2571428571428572
ENSMUSG00000024921.18:B1	J:26675912-26683467	junction	poly(dT)	6	0.0760421362505036	-0.08571428571428573
ENSMUSG00000024921.18:B1	J:26675912-26683467	junction	random hexamer	6	0.0760421362505036	0.08571428571428573
ENSMUSG00000024921.18:B1	J:26683631-26687857	junction	poly(dT)	6	0.0760421362505036	0.2571428571428572
ENSMUSG00000024921.18:B1	J:26683631-26687857	junction	random hexamer	6	0.0760421362505036	-0.2
ENSMUSG00000024921.18:B1	J:26688085-26693514	junction	poly(dT)	6	0.0760421362505036	0.48571428571428577
ENSMUSG00000024921.18:B1	J:26688085-26693514	junction	random hexamer	6	0.0760421362505036	0.14285714285714288
ENSMUSG00000024921.18:B1	J:26693592-26698128	junction	poly(dT)	6	0.0760421362505036	0.6
ENSMUSG00000024921.18:B1	J:26693592-26698128	junction	random hexamer	6	0.0760421362505036	0.3714285714285715
ENSMUSG00000024921.18:B1	J:26698347-26729223	junction	poly(dT)	6	0.0760421362505036	-0.08571428571428573
ENSMUSG00000024921.18:B1	J:26698347-26729223	junction	random hexamer	6	0.0760421362505036	-0.6
ENSMUSG00000024921.18:B3	E:26754781-26754792	exon	poly(dT)	6	0.07029086442166343	-0.08571428571428573
ENSMUSG00000024921.18:B3	E:26754781-26754792	exon	random hexamer	6	0.07029086442166343	-0.7142857142857143
ENSMUSG00000024921.18:B3	E:26754792-26754876	exon	poly(dT)	6	0.06809916189561371	0.3714285714285715
ENSMUSG00000024921.18:B3	E:26754792-26754876	exon	random hexamer	6	0.06809916189561371	0.08571428571428573
ENSMUSG00000024921.18:B3	E:26754876-26755721	exon	poly(dT)	6	0.06465042305344093	0.7714285714285715
ENSMUSG00000024921.18:B3	E:26754876-26755721	exon	random hexamer	6	0.06465042305344093	0.3714285714285715
ENSMUSG00000025266.12:B1	E:149800196-149800200	exon	poly(dT)	3	0.0636932904527101	1.0
ENSMUSG00000025266.12:B1	J:149797085-149800196	junction	poly(dT)	3	0.0636932904527101	1.0
ENSMUSG00000025266.12:B1	J:149797085-149800200	junction	poly(dT)	3	0.0636932904527101	-0.5
ENSMUSG00000025369.16:B1	E:128295162-128295176	exon	random hexamer	6	0.09847093779235813	0.48571428571428577
ENSMUSG00000025372.17:B1	E:119887714-119887834	exon	random hexamer	5	0.1438099907524295	0.6
ENSMUSG00000025372.17:B1	J:119887573-119887714	junction	random hexamer	5	0.1438099907524295	0.49999999999999994
ENSMUSG00000025372.17:B1	J:119887573-119887834	junction	random hexamer	5	0.14380999075242965	0.39999999999999997
ENSMUSG00000025372.17:B2	J:119891412-119891899	junction	random hexamer	5	0.0616913366946199	0.19999999999999998
ENSMUSG00000025404.16:B3	E:127300999-127301053	exon	random hexamer	6	0.3046122707568225	0.6
ENSMUSG00000025404.16:B3	J:127300882-127300999	junction	random hexamer	6	0.3046122707568225	0.7142857142857143
ENSMUSG00000025404.16:B3	J:127300882-127307636	junction	random hexamer	6	0.30461227075682257	0.2
ENSMUSG00000025404.16:B3	J:127301053-127307636	junction	random hexamer	6	0.3046122707568225	0.4285714285714286
ENSMUSG00000025422.11:B1	E:126926010-126926070	exon	poly(dT)	6	0.06054753207546773	-0.3142857142857143
ENSMUSG00000025422.11:B1	E:126926010-126926070	exon	random hexamer	8	0.06054753207546773	0.5952380952380953
ENSMUSG00000025422.11:B1	J:126925227-126926010	junction	poly(dT)	6	0.06054753207546773	0.14285714285714288
ENSMUSG00000025422.11:B1	J:126925227-126926010	junction	random hexamer	8	0.06054753207546773	0.023809523809523815
ENSMUSG00000025422.11:B1	J:126925227-126926295	junction	poly(dT)	6	0.060547532075467814	-0.13093073414159545
ENSMUSG00000025422.11:B1	J:126925227-126926295	junction	random hexamer	8	0.060547532075467814	-0.5367450401216933
ENSMUSG00000025422.11:B1	J:126926070-126926295	junction	poly(dT)	6	0.06054753207546773	-0.7714285714285715
ENSMUSG00000025422.11:B1	J:126926070-126926295	junction	random hexamer	8	0.06054753207546773	0.30952380952380953
ENSMUSG00000025576.18:B1	E:118800129-118800376	exon	random hexamer	4	0.05997439376718372	0.39999999999999997
ENSMUSG00000025576.18:B1	E:118800376-118800398	exon	random hexamer	4	0.45453394608901143	0.19999999999999998
ENSMUSG00000025576.18:B1	E:118802261-118802423	exon	random hexamer	4	0.05997439376718372	-0.2581988897471611
ENSMUSG00000025576.18:B1	J:118702242-118800129	junction	random hexamer	4	0.05997439376718372	0.39999999999999997
ENSMUSG00000025576.18:B1	J:118702242-118802261	junction	random hexamer	4	0.05997439376718372	-0.2581988897471611
ENSMUSG00000025576.18:B4	E:118387216-118387357	exon	poly(dT)	4	0.3717091363427052	0.7999999999999999
ENSMUSG00000025576.18:B4	J:118387216-118387763	junction	poly(dT)	4	0.371709136342705	0.39999999999999997
ENSMUSG00000025576.18:B4	J:118387357-118387763	junction	poly(dT)	4	0.3717091363427052	0.9486832980505139
ENSMUSG00000025656.18:B1	E:94174441-94174621	exon	random hexamer	5	0.15674146690880209	0.8999999999999998
ENSMUSG00000025656.18:B1	E:94209198-94209205	exon	random hexamer	5	0.11794756791053951	0.09999999999999999
ENSMUSG00000025656.18:B1	E:94209205-94209576	exon	random hexamer	5	0.0798606598822389	0.49999999999999994
ENSMUSG00000025656.18:B1	E:94209576-94209913	exon	random hexamer	5	0.11099902285682495	0.3
ENSMUSG00000025656.18:B1	E:94209913-94209967	exon	random hexamer	5	0.09203998828627374	0.09999999999999999
ENSMUSG00000025656.18:B1	E:94210029-94210092	exon	random hexamer	5	0.11794756791053951	0.7
ENSMUSG00000025656.18:B1	E:94240015-94240427	exon	random hexamer	5	0.0798606598822389	0.0
ENSMUSG00000025656.18:B1	E:94240427-94240439	exon	random hexamer	5	0.10067207182913977	0.46169025843831935
ENSMUSG00000025656.18:B1	J:94156152-94174441	junction	random hexamer	5	0.15674146690880209	0.7999999999999999
ENSMUSG00000025656.18:B1	J:94174621-94209198	junction	random hexamer	5	0.11390656447911685	0.8720815992723809
ENSMUSG00000025656.18:B1	J:94174621-94209205	junction	random hexamer	5	0.09203998828627374	-0.09999999999999999
ENSMUSG00000025656.18:B1	J:94174621-94240015	junction	random hexamer	5	0.10067207182913977	0.6668859288553501
ENSMUSG00000025656.18:B1	J:94209576-94210029	junction	random hexamer	5	0.11794756791053951	-0.10259783520851541
ENSMUSG00000025658.17:B1	E:156604431-156606832	exon	poly(dT)	6	0.20323509980297938	-0.6
ENSMUSG00000025658.17:B1	E:156604431-156606832	exon	random hexamer	5	0.20323509980297938	0.3
ENSMUSG00000025658.17:B1	E:156609352-156609549	exon	poly(dT)	6	0.20323509980297938	0.6
ENSMUSG00000025658.17:B1	E:156609352-156609549	exon	random hexamer	5	0.20323509980297938	0.6
ENSMUSG00000025658.17:B1	E:156615738-156617069	exon	poly(dT)	6	0.2032350998029793	-0.2571428571428572
ENSMUSG00000025658.17:B1	E:156615738-156617069	exon	random hexamer	5	0.2032350998029793	-0.3
ENSMUSG00000025658.17:B1	J:156606832-156609352	junction	poly(dT)	6	0.20323509980297938	-0.2571428571428572
ENSMUSG00000025658.17:B1	J:156606832-156609352	junction	random hexamer	5	0.20323509980297938	0.09999999999999999
ENSMUSG00000025658.17:B1	J:156609549-156636090	junction	poly(dT)	6	0.20323509980297938	0.2571428571428572
ENSMUSG00000025658.17:B1	J:156609549-156636090	junction	random hexamer	5	0.20323509980297938	0.09999999999999999
ENSMUSG00000025658.17:B1	J:156617069-156636090	junction	poly(dT)	6	0.2032350998029793	-0.08571428571428573
ENSMUSG00000025658.17:B1	J:156617069-156636090	junction	random hexamer	5	0.2032350998029793	0.39999999999999997
ENSMUSG00000026219.15:B1	E:84816949-84817025	exon	poly(dT)	3	0.06326010163364683	-0.5
ENSMUSG00000026219.15:B1	E:84816949-84817025	exon	random hexamer	3	0.06326010163364683	0.5
ENSMUSG00000026219.15:B1	E:84818203-84818237	exon	poly(dT)	3	0.06326010163364681	1.0
ENSMUSG00000026219.15:B1	E:84818203-84818237	exon	random hexamer	3	0.06326010163364681	0.5
ENSMUSG00000026219.15:B1	J:84792690-84816949	junction	poly(dT)	3	0.06326010163364683	-0.5
ENSMUSG00000026219.15:B1	J:84792690-84816949	junction	random hexamer	3	0.06326010163364683	0.5
ENSMUSG00000026219.15:B1	J:84792690-84818203	junction	random hexamer	3	0.06326010163364681	0.8660254037844387
ENSMUSG00000026442.15:B1	E:132634836-132635064	exon	random hexamer	6	0.27651979361009704	0.6571428571428573
ENSMUSG00000026442.15:B1	E:132669408-132669495	exon	random hexamer	6	0.27651979361009693	0.5428571428571429
ENSMUSG00000026442.15:B1	J:132593325-132634836	junction	random hexamer	6	0.27651979361009704	0.6571428571428573
ENSMUSG00000026442.15:B1	J:132593325-132669408	junction	random hexamer	6	0.27651979361009693	0.8285714285714287
ENSMUSG00000026490.19:B2	E:179921508-179921751	exon	poly(dT)	7	0.06120676193246133	0.39285714285714296
ENSMUSG00000026490.19:B2	J:179912070-179921508	junction	poly(dT)	7	0.06120676193246133	0.03571428571428572
ENSMUSG00000026490.19:B2	J:179912070-179921945	junction	poly(dT)	7	0.06120676193246127	0.5714285714285715
ENSMUSG00000026490.19:B2	J:179921751-179921945	junction	poly(dT)	7	0.06120676193246133	0.28571428571428575
ENSMUSG00000026504.18:B1	E:176656435-176656549	exon	random hexamer	4	0.0727420668667832	-0.7999999999999999
ENSMUSG00000026504.18:B1	J:176653850-176656435	junction	random hexamer	4	0.0727420668667832	-0.39999999999999997
ENSMUSG00000026504.18:B1	J:176656549-176658622	junction	random hexamer	4	0.0727420668667832	0.19999999999999998
ENSMUSG00000026587.16:B1	E:158189873-158189909	exon	random hexamer	6	0.16474809324837325	-0.3714285714285715
ENSMUSG00000026761.13:B1	E:48839246-48839288	exon	random hexamer	4	0.15086831060752526	1.0
ENSMUSG00000026797.17:B1	E:32737214-32737257	exon	poly(dT)	4	0.07414716251194312	-0.7999999999999999
ENSMUSG00000026797.17:B1	E:32737214-32737257	exon	random hexamer	5	0.07414716251194312	0.7
ENSMUSG00000026825.18:B1	E:32243296-32243302	exon	random hexamer	7	0.19494027060889763	-0.39285714285714296
ENSMUSG00000026872.19:B1	E:45000432-45000527	exon	random hexamer	3	0.07694677083714486	1.0
ENSMUSG00000026872.19:B1	E:45000527-45000745	exon	random hexamer	3	0.0716851612995238	0.5
ENSMUSG00000026872.19:B1	E:45002834-45002902	exon	random hexamer	3	0.07694677083714485	0.5
ENSMUSG00000026872.19:B1	E:45002902-45002997	exon	random hexamer	3	0.05427962645883444	0.5
ENSMUSG00000026872.19:B1	E:45002997-45003104	exon	random hexamer	3	0.052127860430090656	-1.0
ENSMUSG00000026872.19:B1	E:45003104-45003291	exon	random hexamer	3	0.06738041280402185	-1.0
ENSMUSG00000026872.19:B1	J:45000169-45000432	junction	random hexamer	3	0.0716851612995238	0.8660254037844387
ENSMUSG00000026872.19:B1	J:45000169-45002834	junction	random hexamer	3	0.07694677083714485	1.0
ENSMUSG00000026872.19:B2	E:44878453-44879165	exon	random hexamer	3	0.0685762790057094	1.0
ENSMUSG00000026872.19:B2	E:44884490-44884671	exon	random hexamer	3	0.0685762790057094	1.0
ENSMUSG00000026872.19:B2	E:44886037-44888007	exon	random hexamer	3	0.0685762790057094	-1.0
ENSMUSG00000026872.19:B2	E:44888895-44889004	exon	random hexamer	3	0.07029456227336306	-0.5
ENSMUSG00000026872.19:B2	E:44891611-44891826	exon	random hexamer	3	0.07029456227336306	0.5
ENSMUSG00000026872.19:B2	E:44892527-44892716	exon	random hexamer	3	0.0685762790057094	0.5
ENSMUSG00000026872.19:B2	E:44907408-44907477	exon	random hexamer	3	0.0685762790057094	0.5
ENSMUSG00000026872.19:B2	E:44912858-44913116	exon	random hexamer	3	0.07029456227336306	0.5
ENSMUSG00000026872.19:B2	E:44985594-44987209	exon	random hexamer	3	0.07029456227336288	1.0
ENSMUSG00000026872.19:B2	J:44879165-44884490	junction	random hexamer	3	0.0685762790057094	1.0
ENSMUSG00000026872.19:B2	J:44884671-44886037	junction	random hexamer	3	0.0685762790057094	1.0
ENSMUSG00000026872.19:B2	J:44888007-44888895	junction	random hexamer	3	0.0685762790057094	-0.5
ENSMUSG00000026872.19:B2	J:44889004-44891611	junction	random hexamer	3	0.07029456227336306	0.5
ENSMUSG00000026872.19:B2	J:44891826-44892527	junction	random hexamer	3	0.0685762790057094	-0.5
ENSMUSG00000026872.19:B2	J:44892716-44907408	junction	random hexamer	3	0.0685762790057094	1.0
ENSMUSG00000026872.19:B2	J:44913116-45000027	junction	random hexamer	3	0.07029456227336306	-0.5
ENSMUSG00000026915.17:B1	E:37593203-37593287	exon	poly(dT)	6	0.054506729208513335	0.5428571428571429
ENSMUSG00000026915.17:B1	J:37537297-37593203	junction	poly(dT)	6	0.054506729208513335	0.48571428571428577
ENSMUSG00000026959.14:B3	E:25184449-25184560	exon	poly(dT)	5	0.37295624343192213	0.39999999999999997
ENSMUSG00000026959.14:B3	E:25184449-25184560	exon	random hexamer	5	0.37295624343192213	-0.09999999999999999
ENSMUSG00000026959.14:B3	J:25182496-25184449	junction	poly(dT)	5	0.37295624343192213	0.3
ENSMUSG00000026959.14:B3	J:25182496-25184449	junction	random hexamer	5	0.37295624343192213	0.9999999999999999
ENSMUSG00000026959.14:B3	J:25182496-25185803	junction	poly(dT)	5	0.372956243431922	0.19999999999999998
ENSMUSG00000026959.14:B3	J:25182496-25185803	junction	random hexamer	5	0.372956243431922	-0.09999999999999999
ENSMUSG00000026959.14:B3	J:25184560-25185803	junction	poly(dT)	5	0.37295624343192213	0.8999999999999998
ENSMUSG00000026959.14:B3	J:25184560-25185803	junction	random hexamer	5	0.37295624343192213	0.9999999999999999
ENSMUSG00000027012.16:B1	E:71042177-71042327	exon	poly(dT)	4	0.07333521654087714	-0.39999999999999997
ENSMUSG00000027012.16:B1	E:71042177-71042327	exon	random hexamer	3	0.07333521654087714	1.0
ENSMUSG00000027012.16:B1	E:71042327-71042335	exon	poly(dT)	4	0.17021235545384006	0.39999999999999997
ENSMUSG00000027012.16:B1	E:71042327-71042335	exon	random hexamer	3	0.10775732284385392	1.0
ENSMUSG00000027012.16:B3	E:71063992-71064052	exon	poly(dT)	4	0.06361763501030471	0.7999999999999999
ENSMUSG00000027012.16:B3	J:71059034-71063992	junction	poly(dT)	4	0.06361763501030471	0.7999999999999999
ENSMUSG00000027012.16:B3	J:71059034-71066258	junction	poly(dT)	4	0.06361763501030473	-0.316227766016838
ENSMUSG00000027012.16:B3	J:71064052-71066258	junction	poly(dT)	4	0.06361763501030471	0.39999999999999997
ENSMUSG00000027254.14:B1	E:121120080-121120353	exon	random hexamer	7	0.1262107548932301	0.4642857142857144
ENSMUSG00000027254.14:B1	E:121121200-121121302	exon	random hexamer	7	0.1262107548932301	0.42857142857142866
ENSMUSG00000027254.14:B1	E:121125934-121126023	exon	random hexamer	7	0.12621075489323008	0.3214285714285715
ENSMUSG00000027254.14:B1	J:121120353-121121200	junction	random hexamer	7	0.1262107548932301	0.42857142857142866
ENSMUSG00000027254.14:B1	J:121121302-121129077	junction	random hexamer	7	0.1262107548932301	0.42857142857142866
ENSMUSG00000027254.14:B1	J:121126023-121129077	junction	random hexamer	7	0.12621075489323008	0.8928571428571429
ENSMUSG00000027309.19:B1	E:130682054-130682065	exon	random hexamer	4	0.08387242843875775	-0.6000000000000001
ENSMUSG00000027347.19:B4	E:117115333-117115713	exon	random hexamer	3	0.06388468724876184	-1.0
ENSMUSG00000027347.19:B4	E:117116552-117116705	exon	random hexamer	3	0.05773340259170934	-0.5
ENSMUSG00000027347.19:B4	J:117113157-117115333	junction	random hexamer	3	0.06388468724876184	-1.0
ENSMUSG00000027347.19:B4	J:117115713-117116552	junction	random hexamer	3	0.06388468724876184	-0.5
ENSMUSG00000027347.19:B4	J:117116705-117117322	junction	random hexamer	3	0.05773340259170934	-0.5
ENSMUSG00000027624.21:B1	E:156262828-156263020	exon	random hexamer	7	0.11621719160989691	0.4642857142857144
ENSMUSG00000027624.21:B1	E:156263020-156263219	exon	random hexamer	7	0.22399032968735533	0.28571428571428575
ENSMUSG00000027624.21:B1	E:156280504-156280553	exon	random hexamer	7	0.11621719160989691	0.6071428571428572
ENSMUSG00000027624.21:B1	E:156317453-156317926	exon	random hexamer	7	0.22399032968735522	0.7142857142857144
ENSMUSG00000027624.21:B1	J:156263219-156280504	junction	random hexamer	7	0.11621719160989691	0.5357142857142858
ENSMUSG00000027624.21:B1	J:156263219-156335823	junction	random hexamer	7	0.1906865127049841	0.10714285714285716
ENSMUSG00000027624.21:B1	J:156280553-156335823	junction	random hexamer	7	0.11621719160989691	0.5357142857142858
ENSMUSG00000027624.21:B1	J:156317926-156335823	junction	random hexamer	7	0.22399032968735522	0.6071428571428572
ENSMUSG00000027624.21:B5	E:156385132-156385134	exon	poly(dT)	6	0.21265887318942542	0.14285714285714288
ENSMUSG00000027624.21:B5	E:156385132-156385134	exon	random hexamer	6	0.21265887318942542	0.6571428571428573
ENSMUSG00000027677.18:B1	E:33853980-33854399	exon	poly(dT)	6	0.08053574353426374	0.48571428571428577
ENSMUSG00000027677.18:B1	E:33853980-33854399	exon	random hexamer	4	0.06041870218910539	-0.19999999999999998
ENSMUSG00000027692.17:B1	E:28317363-28317711	exon	poly(dT)	6	0.13728710970218228	0.7714285714285715
ENSMUSG00000027692.17:B1	E:28317363-28317711	exon	random hexamer	5	0.08443672459513585	0.0
ENSMUSG00000027692.17:B1	E:28317711-28317791	exon	poly(dT)	6	0.1025167561528808	-0.6
ENSMUSG00000027692.17:B2	E:28649055-28649142	exon	poly(dT)	5	0.10622381193609756	0.7
ENSMUSG00000027692.17:B2	E:28649055-28649142	exon	random hexamer	6	0.10622381193609756	-0.2
ENSMUSG00000027692.17:B2	J:28648281-28649055	junction	poly(dT)	5	0.10622381193609756	0.19999999999999998
ENSMUSG00000027692.17:B2	J:28648281-28649055	junction	random hexamer	6	0.10622381193609756	-0.6571428571428573
ENSMUSG00000027692.17:B2	J:28648281-28650220	junction	poly(dT)	5	0.10622381193609753	-0.22360679774997894
ENSMUSG00000027692.17:B2	J:28648281-28650220	junction	random hexamer	6	0.10622381193609753	0.5408987230262506
ENSMUSG00000027692.17:B2	J:28649142-28650220	junction	poly(dT)	5	0.10622381193609756	0.6
ENSMUSG00000027692.17:B2	J:28649142-28650220	junction	random hexamer	6	0.10622381193609756	-0.14285714285714288
ENSMUSG00000027797.16:B1	E:55149946-55150172	exon	poly(dT)	5	0.2634779196544477	0.6
ENSMUSG00000027797.16:B1	E:55149946-55150172	exon	random hexamer	6	0.3290814780657237	0.7714285714285715
ENSMUSG00000027797.16:B1	E:55154551-55154947	exon	poly(dT)	5	0.2634779196544477	0.6
ENSMUSG00000027797.16:B1	E:55154551-55154947	exon	random hexamer	6	0.3290814780657237	0.6
ENSMUSG00000027797.16:B1	E:55163285-55163632	exon	poly(dT)	5	0.2634779196544477	0.49999999999999994
ENSMUSG00000027797.16:B1	E:55163285-55163632	exon	random hexamer	6	0.3290814780657237	0.7714285714285715
ENSMUSG00000027797.16:B1	E:55288201-55288301	exon	poly(dT)	5	0.2634779196544477	0.6
ENSMUSG00000027797.16:B1	E:55288201-55288301	exon	random hexamer	6	0.3290814780657237	0.6
ENSMUSG00000027797.16:B1	E:55358387-55358504	exon	poly(dT)	5	0.2634779196544477	0.6
ENSMUSG00000027797.16:B1	E:55358387-55358504	exon	random hexamer	6	0.3290814780657237	0.48571428571428577
ENSMUSG00000027797.16:B1	E:55369178-55369319	exon	poly(dT)	5	0.1835777284544614	0.11180339887498947
ENSMUSG00000027797.16:B1	E:55369178-55369319	exon	random hexamer	6	0.23428617141269364	-0.8285714285714287
ENSMUSG00000027797.16:B1	E:55369319-55369503	exon	poly(dT)	5	0.2634779196544478	0.3
ENSMUSG00000027797.16:B1	E:55369319-55369503	exon	random hexamer	6	0.32908147806572374	0.48571428571428577
ENSMUSG00000027797.16:B1	J:55150172-55154551	junction	poly(dT)	5	0.2634779196544477	0.8999999999999998
ENSMUSG00000027797.16:B1	J:55150172-55154551	junction	random hexamer	6	0.3290814780657237	0.7714285714285715
ENSMUSG00000027797.16:B1	J:55154947-55163285	junction	poly(dT)	5	0.2634779196544477	0.7
ENSMUSG00000027797.16:B1	J:55154947-55163285	junction	random hexamer	6	0.3290814780657237	0.48571428571428577
ENSMUSG00000027797.16:B1	J:55163632-55288201	junction	poly(dT)	5	0.2634779196544477	0.6
ENSMUSG00000027797.16:B1	J:55163632-55288201	junction	random hexamer	6	0.3290814780657237	0.6
ENSMUSG00000027797.16:B1	J:55288301-55358387	junction	poly(dT)	5	0.2634779196544477	0.6
ENSMUSG00000027797.16:B1	J:55288301-55358387	junction	random hexamer	6	0.3290814780657237	0.48571428571428577
ENSMUSG00000027797.16:B1	J:55358504-55370421	junction	poly(dT)	5	0.2634779196544477	0.19999999999999998
ENSMUSG00000027797.16:B1	J:55358504-55370421	junction	random hexamer	6	0.3290814780657237	0.3142857142857143
ENSMUSG00000027797.16:B1	J:55369503-55370421	junction	poly(dT)	5	0.2634779196544478	0.6
ENSMUSG00000027797.16:B1	J:55369503-55370421	junction	random hexamer	6	0.32908147806572374	0.5428571428571429
ENSMUSG00000027797.16:B2	E:55373993-55378737	exon	poly(dT)	5	0.20288240500513371	0.3
ENSMUSG00000027797.16:B2	E:55373993-55378737	exon	random hexamer	6	0.20288240500513371	0.6571428571428573
ENSMUSG00000027797.16:B2	E:55385225-55385310	exon	poly(dT)	5	0.20288240500513377	0.6
ENSMUSG00000027797.16:B2	E:55385225-55385310	exon	random hexamer	6	0.20288240500513377	0.8285714285714287
ENSMUSG00000027797.16:B2	E:55385310-55385358	exon	poly(dT)	5	0.46366022207536717	0.3
ENSMUSG00000027797.16:B2	E:55385310-55385358	exon	random hexamer	6	0.5683517561697805	0.08571428571428573
ENSMUSG00000027797.16:B2	E:55387754-55387863	exon	poly(dT)	5	0.20288240500513377	0.6
ENSMUSG00000027797.16:B2	E:55387754-55387863	exon	random hexamer	6	0.20288240500513377	0.942857142857143
ENSMUSG00000027797.16:B2	E:55394727-55394785	exon	poly(dT)	5	0.20288240500513377	0.19999999999999998
ENSMUSG00000027797.16:B2	E:55394727-55394785	exon	random hexamer	6	0.20288240500513377	0.8285714285714287
ENSMUSG00000027797.16:B2	E:55395212-55395332	exon	poly(dT)	5	0.20288240500513377	0.3
ENSMUSG00000027797.16:B2	E:55395212-55395332	exon	random hexamer	6	0.20288240500513377	0.5428571428571429
ENSMUSG00000027797.16:B2	E:55397170-55397317	exon	poly(dT)	5	0.20288240500513377	-0.3
ENSMUSG00000027797.16:B2	E:55397170-55397317	exon	random hexamer	6	0.20288240500513377	0.6571428571428573
ENSMUSG00000027797.16:B2	E:55407455-55407589	exon	poly(dT)	5	0.20288240500513377	0.09999999999999999
ENSMUSG00000027797.16:B2	E:55407455-55407589	exon	random hexamer	6	0.20288240500513377	0.6571428571428573
ENSMUSG00000027797.16:B2	E:55409793-55409871	exon	poly(dT)	5	0.20288240500513377	0.09999999999999999
ENSMUSG00000027797.16:B2	E:55409793-55409871	exon	random hexamer	6	0.20288240500513377	0.48571428571428577
ENSMUSG00000027797.16:B2	E:55410229-55410232	exon	poly(dT)	5	0.3268384665387647	0.09999999999999999
ENSMUSG00000027797.16:B2	E:55410229-55410232	exon	random hexamer	6	0.33188967639333755	1.0
ENSMUSG00000027797.16:B2	E:55410232-55410326	exon	poly(dT)	5	0.20288240500513377	0.09999999999999999
ENSMUSG00000027797.16:B2	E:55410232-55410326	exon	random hexamer	6	0.20288240500513377	0.8285714285714287
ENSMUSG00000027797.16:B2	E:55414121-55414202	exon	poly(dT)	5	0.20288240500513377	0.0
ENSMUSG00000027797.16:B2	E:55414121-55414202	exon	random hexamer	6	0.20288240500513377	0.942857142857143
ENSMUSG00000027797.16:B2	E:55424293-55424407	exon	poly(dT)	5	0.20288240500513377	0.3
ENSMUSG00000027797.16:B2	E:55424293-55424407	exon	random hexamer	6	0.20288240500513377	0.7714285714285715
ENSMUSG00000027797.16:B2	E:55429270-55429344	exon	poly(dT)	5	0.18157502133124373	-0.6
ENSMUSG00000027797.16:B2	E:55429270-55429344	exon	random hexamer	6	0.23646207977644285	-0.48571428571428577
ENSMUSG00000027797.16:B2	E:55440990-55443973	exon	poly(dT)	5	0.20288240500513377	0.09999999999999999
ENSMUSG00000027797.16:B2	E:55440990-55443973	exon	random hexamer	6	0.20288240500513377	0.6
ENSMUSG00000027797.16:B2	E:55443973-55446485	exon	poly(dT)	5	0.3268384665387647	0.7
ENSMUSG00000027797.16:B2	E:55443973-55446485	exon	random hexamer	6	0.33188967639333755	0.942857142857143
ENSMUSG00000027797.16:B2	J:55370516-55373993	junction	poly(dT)	5	0.20288240500513371	0.7
ENSMUSG00000027797.16:B2	J:55370516-55373993	junction	random hexamer	6	0.20288240500513371	0.6571428571428573
ENSMUSG00000027797.16:B2	J:55370516-55385225	junction	poly(dT)	5	0.20288240500513377	0.7
ENSMUSG00000027797.16:B2	J:55370516-55385225	junction	random hexamer	6	0.20288240500513377	0.8285714285714287
ENSMUSG00000027797.16:B2	J:55385310-55387754	junction	poly(dT)	5	0.30666063486217954	-0.39999999999999997
ENSMUSG00000027797.16:B2	J:55385310-55387754	junction	random hexamer	6	0.3804702249697275	-0.08571428571428573
ENSMUSG00000027797.16:B2	J:55385358-55387754	junction	poly(dT)	5	0.46366022207536717	0.3
ENSMUSG00000027797.16:B2	J:55385358-55387754	junction	random hexamer	6	0.5683517561697805	-0.028571428571428574
ENSMUSG00000027797.16:B2	J:55387863-55394727	junction	poly(dT)	5	0.20288240500513377	0.49999999999999994
ENSMUSG00000027797.16:B2	J:55387863-55394727	junction	random hexamer	6	0.20288240500513377	0.942857142857143
ENSMUSG00000027797.16:B2	J:55394785-55395212	junction	poly(dT)	5	0.20288240500513377	0.6
ENSMUSG00000027797.16:B2	J:55394785-55395212	junction	random hexamer	6	0.20288240500513377	0.3142857142857143
ENSMUSG00000027797.16:B2	J:55395332-55397170	junction	poly(dT)	5	0.20288240500513377	0.09999999999999999
ENSMUSG00000027797.16:B2	J:55395332-55397170	junction	random hexamer	6	0.20288240500513377	0.6571428571428573
ENSMUSG00000027797.16:B2	J:55397317-55407455	junction	poly(dT)	5	0.20288240500513377	-0.10259783520851541
ENSMUSG00000027797.16:B2	J:55397317-55407455	junction	random hexamer	6	0.20288240500513377	0.942857142857143
ENSMUSG00000027797.16:B2	J:55407589-55409793	junction	poly(dT)	5	0.20288240500513377	0.3
ENSMUSG00000027797.16:B2	J:55407589-55409793	junction	random hexamer	6	0.20288240500513377	0.48571428571428577
ENSMUSG00000027797.16:B2	J:55409871-55410229	junction	poly(dT)	5	0.3268384665387647	0.19999999999999998
ENSMUSG00000027797.16:B2	J:55409871-55410229	junction	random hexamer	6	0.33188967639333755	1.0
ENSMUSG00000027797.16:B2	J:55409871-55410232	junction	random hexamer	6	0.15580309693400915	0.13093073414159545
ENSMUSG00000027797.16:B2	J:55410326-55414121	junction	poly(dT)	5	0.20288240500513377	0.0
ENSMUSG00000027797.16:B2	J:55410326-55414121	junction	random hexamer	6	0.20288240500513377	1.0
ENSMUSG00000027797.16:B2	J:55414202-55424293	junction	poly(dT)	5	0.20288240500513377	0.09999999999999999
ENSMUSG00000027797.16:B2	J:55414202-55424293	junction	random hexamer	6	0.20288240500513377	0.8285714285714287
ENSMUSG00000027797.16:B2	J:55424407-55429270	junction	poly(dT)	5	0.18157502133124373	-0.6
ENSMUSG00000027797.16:B2	J:55424407-55429270	junction	random hexamer	6	0.23646207977644285	-0.4285714285714286
ENSMUSG00000027797.16:B2	J:55424407-55440990	junction	poly(dT)	5	0.3719477795738448	0.3
ENSMUSG00000027797.16:B2	J:55424407-55440990	junction	random hexamer	6	0.42434361097649603	-0.6
ENSMUSG00000027797.16:B2	J:55429344-55440990	junction	poly(dT)	5	0.18157502133124373	-0.7999999999999999
ENSMUSG00000027797.16:B2	J:55429344-55440990	junction	random hexamer	6	0.23646207977644285	-0.2
ENSMUSG00000027993.17:B1	E:84177940-84178098	exon	random hexamer	5	0.06873492380223195	0.7
ENSMUSG00000027993.17:B1	J:84117661-84177940	junction	random hexamer	5	0.06873492380223195	0.35355339059327373
ENSMUSG00000028059.17:B1	E:88528431-88528598	exon	random hexamer	3	0.05663005943059303	0.5
ENSMUSG00000028059.17:B1	E:88528598-88528628	exon	random hexamer	3	0.08829851363249724	0.5
ENSMUSG00000028059.17:B1	E:88528742-88528906	exon	random hexamer	3	0.09725117470674016	-0.5
ENSMUSG00000028059.17:B1	J:88528628-88537093	junction	random hexamer	3	0.05663005943059303	0.5
ENSMUSG00000028059.17:B1	J:88528906-88537093	junction	random hexamer	3	0.09725117470674016	0.5
ENSMUSG00000028086.16:B2	E:84884952-84886504	exon	poly(dT)	4	0.1393888226681615	0.7999999999999999
ENSMUSG00000028137.10:B1	E:94385602-94385641	exon	random hexamer	4	0.08483803636330539	-0.19999999999999998
ENSMUSG00000028137.10:B1	E:94385641-94385683	exon	random hexamer	4	0.07553281179060767	-0.39999999999999997
ENSMUSG00000028137.10:B1	E:94386137-94386452	exon	random hexamer	4	0.07553281179060756	0.39999999999999997
ENSMUSG00000028137.10:B1	J:94385683-94386452	junction	random hexamer	4	0.07553281179060767	-1.0
ENSMUSG00000028137.10:B3	E:94395009-94395093	exon	random hexamer	5	0.15867238724264213	0.7999999999999999
ENSMUSG00000028137.10:B3	J:94394591-94395009	junction	random hexamer	5	0.15867238724264213	-0.3
ENSMUSG00000028137.10:B3	J:94394591-94395093	junction	random hexamer	5	0.1586723872426422	0.6
ENSMUSG00000028137.10:B5	E:94399495-94399500	exon	random hexamer	3	0.06557424111219268	0.5
ENSMUSG00000028161.18:B1	E:136375884-136376530	exon	random hexamer	7	0.11660230971375551	-0.28571428571428575
ENSMUSG00000028176.14:B1	E:158267771-158267858	exon	random hexamer	4	0.09879384730694245	-0.39999999999999997
ENSMUSG00000028248.16:B1	E:21847582-21848054	exon	poly(dT)	5	0.05111262937965552	0.19999999999999998
ENSMUSG00000028248.16:B1	E:21847582-21848054	exon	random hexamer	7	0.14618202749444698	-0.07142857142857144
ENSMUSG00000028399.19:B1	E:76051569-76052119	exon	random hexamer	3	0.0718996522338774	-0.5
ENSMUSG00000028399.19:B1	E:76053781-76053793	exon	random hexamer	3	0.0978670577982271	1.0
ENSMUSG00000028399.19:B1	E:76055047-76055158	exon	random hexamer	3	0.07189965223387745	-1.0
ENSMUSG00000028399.19:B1	E:76056792-76056810	exon	random hexamer	3	0.0978670577982271	0.5
ENSMUSG00000028399.19:B1	E:76057530-76057539	exon	random hexamer	3	0.07189965223387745	1.0
ENSMUSG00000028399.19:B1	E:76058750-76058939	exon	random hexamer	3	0.07189965223387745	1.0
ENSMUSG00000028399.19:B1	E:76161881-76162023	exon	random hexamer	3	0.07189965223387745	1.0
ENSMUSG00000028399.19:B1	E:76164989-76165135	exon	random hexamer	3	0.07189965223387745	1.0
ENSMUSG00000028399.19:B1	E:76243416-76243501	exon	random hexamer	3	0.07189965223387745	0.5
ENSMUSG00000028399.19:B1	E:76243501-76243582	exon	random hexamer	3	0.16976671003210464	1.0
ENSMUSG00000028399.19:B1	E:76262402-76262480	exon	random hexamer	3	0.16976671003210464	0.5
ENSMUSG00000028399.19:B1	J:76051569-76053781	junction	random hexamer	3	0.0978670577982271	1.0
ENSMUSG00000028399.19:B1	J:76051569-76055047	junction	random hexamer	3	0.16976671003210464	1.0
ENSMUSG00000028399.19:B1	J:76053793-76055047	junction	random hexamer	3	0.0978670577982271	1.0
ENSMUSG00000028399.19:B1	J:76055158-76056792	junction	random hexamer	3	0.0978670577982271	0.5
ENSMUSG00000028399.19:B1	J:76055158-76057530	junction	random hexamer	3	0.16976671003210464	1.0
ENSMUSG00000028399.19:B1	J:76056810-76057530	junction	random hexamer	3	0.0978670577982271	0.5
ENSMUSG00000028399.19:B1	J:76057539-76058750	junction	random hexamer	3	0.07189965223387745	1.0
ENSMUSG00000028399.19:B1	J:76058939-76161881	junction	random hexamer	3	0.07189965223387745	1.0
ENSMUSG00000028399.19:B1	J:76162023-76164989	junction	random hexamer	3	0.07189965223387745	0.5
ENSMUSG00000028399.19:B1	J:76165135-76243416	junction	random hexamer	3	0.07189965223387745	0.5
ENSMUSG00000028399.19:B1	J:76243582-76262402	junction	random hexamer	3	0.16976671003210464	0.5
ENSMUSG00000028399.19:B3	E:75972825-75972840	exon	random hexamer	4	0.055459164438389746	0.7999999999999999
ENSMUSG00000028399.19:B3	J:75968676-75972825	junction	random hexamer	4	0.055459164438389746	0.7999999999999999
ENSMUSG00000028399.19:B3	J:75968676-75977905	junction	random hexamer	4	0.05545916443838972	0.7999999999999999
ENSMUSG00000028399.19:B3	J:75972840-75977905	junction	random hexamer	4	0.055459164438389746	0.2581988897471611
ENSMUSG00000028399.19:B5	E:75859475-75863194	exon	poly(dT)	4	0.09150241258754188	0.39999999999999997
ENSMUSG00000028434.13:B1	E:56991971-56995803	exon	random hexamer	3	0.11922572788447883	1.0
ENSMUSG00000028434.13:B1	E:56999581-56999727	exon	random hexamer	3	0.11922572788447883	0.5
ENSMUSG00000028434.13:B1	E:57007905-57007977	exon	random hexamer	3	0.11922572788447883	-0.5
ENSMUSG00000028434.13:B1	E:57010061-57010178	exon	random hexamer	3	0.11922572788447883	1.0
ENSMUSG00000028434.13:B1	E:57016853-57016931	exon	random hexamer	3	0.11922572788447883	1.0
ENSMUSG00000028434.13:B1	E:57019771-57019958	exon	random hexamer	3	0.11922572788447883	1.0
ENSMUSG00000028434.13:B1	E:57024337-57024436	exon	random hexamer	3	0.11922572788447883	1.0
ENSMUSG00000028434.13:B1	E:57027608-57027676	exon	random hexamer	3	0.11922572788447883	1.0
ENSMUSG00000028434.13:B1	E:57032114-57032240	exon	random hexamer	3	0.11922572788447883	1.0
ENSMUSG00000028434.13:B1	E:57038502-57038621	exon	random hexamer	3	0.11922572788447883	-0.5
ENSMUSG00000028434.13:B1	E:57040843-57041052	exon	random hexamer	3	0.11922572788447883	0.5
ENSMUSG00000028434.13:B1	E:57061725-57063279	exon	random hexamer	3	0.11922572788447891	0.5
ENSMUSG00000028434.13:B1	J:56995803-56999581	junction	random hexamer	3	0.11922572788447883	0.5
ENSMUSG00000028434.13:B1	J:56999727-57007905	junction	random hexamer	3	0.11922572788447883	-1.0
ENSMUSG00000028434.13:B1	J:57007977-57010061	junction	random hexamer	3	0.11922572788447883	0.5
ENSMUSG00000028434.13:B1	J:57010178-57016853	junction	random hexamer	3	0.11922572788447883	-0.5
ENSMUSG00000028434.13:B1	J:57016931-57019771	junction	random hexamer	3	0.11922572788447883	0.5
ENSMUSG00000028434.13:B1	J:57019958-57024337	junction	random hexamer	3	0.11922572788447883	1.0
ENSMUSG00000028434.13:B1	J:57024436-57027608	junction	random hexamer	3	0.11922572788447883	1.0
ENSMUSG00000028434.13:B1	J:57027676-57032114	junction	random hexamer	3	0.11922572788447883	1.0
ENSMUSG00000028434.13:B1	J:57032240-57038502	junction	random hexamer	3	0.11922572788447883	0.5
ENSMUSG00000028434.13:B1	J:57038621-57040843	junction	random hexamer	3	0.11922572788447883	-0.5
ENSMUSG00000028434.13:B1	J:57041052-57064798	junction	random hexamer	3	0.11922572788447883	-1.0
ENSMUSG00000028528.18:B1	E:101353844-101353960	exon	random hexamer	4	0.3885353713404797	-0.7999999999999999
ENSMUSG00000028528.18:B1	E:101365196-101365379	exon	random hexamer	4	0.21749201266288198	0.7999999999999999
ENSMUSG00000028528.18:B1	E:101389194-101389259	exon	random hexamer	4	0.3885353713404797	-0.39999999999999997
ENSMUSG00000028528.18:B1	E:101407676-101407790	exon	random hexamer	4	0.09046611346980357	-0.19999999999999998
ENSMUSG00000028528.18:B1	E:101407790-101408052	exon	random hexamer	4	0.295149285288499	0.7999999999999999
ENSMUSG00000028528.18:B1	J:101353960-101389194	junction	random hexamer	4	0.3885353713404797	-0.2581988897471611
ENSMUSG00000028528.18:B1	J:101365379-101454997	junction	random hexamer	4	0.21749201266288198	1.0
ENSMUSG00000028528.18:B1	J:101389259-101454997	junction	random hexamer	4	0.3885353713404797	0.39999999999999997
ENSMUSG00000028528.18:B1	J:101408052-101454997	junction	random hexamer	4	0.295149285288499	-0.39999999999999997
ENSMUSG00000028649.23:B3	E:123357330-123357564	exon	poly(dT)	5	0.24375603366597406	0.8999999999999998
ENSMUSG00000028649.23:B3	E:123357330-123357564	exon	random hexamer	6	0.24516930120038055	0.7714285714285715
ENSMUSG00000028649.23:B3	E:123359148-123359298	exon	poly(dT)	5	0.24375603366597406	0.7999999999999999
ENSMUSG00000028649.23:B3	E:123359148-123359298	exon	random hexamer	6	0.24516930120038055	0.942857142857143
ENSMUSG00000028649.23:B3	E:123359651-123359867	exon	poly(dT)	5	0.24375603366597406	0.6
ENSMUSG00000028649.23:B3	E:123359651-123359867	exon	random hexamer	6	0.24516930120038055	0.942857142857143
ENSMUSG00000028649.23:B3	E:123363515-123363665	exon	poly(dT)	5	0.24375603366597406	-0.09999999999999999
ENSMUSG00000028649.23:B3	E:123363515-123363665	exon	random hexamer	6	0.24516930120038055	0.5428571428571429
ENSMUSG00000028649.23:B3	E:123364799-123370130	exon	poly(dT)	5	0.24375603366597406	0.8999999999999998
ENSMUSG00000028649.23:B3	E:123364799-123370130	exon	random hexamer	6	0.24516930120038055	0.942857142857143
ENSMUSG00000028649.23:B3	J:123355027-123357330	junction	poly(dT)	5	0.24375603366597406	0.9999999999999999
ENSMUSG00000028649.23:B3	J:123355027-123357330	junction	random hexamer	6	0.24516930120038055	0.3142857142857143
ENSMUSG00000028649.23:B3	J:123355027-123373979	junction	poly(dT)	5	0.2437560336659741	0.0
ENSMUSG00000028649.23:B3	J:123355027-123373979	junction	random hexamer	6	0.2451693012003806	0.8857142857142858
ENSMUSG00000028649.23:B3	J:123357564-123359148	junction	poly(dT)	5	0.24375603366597406	0.9746794344808964
ENSMUSG00000028649.23:B3	J:123357564-123359148	junction	random hexamer	6	0.24516930120038055	0.942857142857143
ENSMUSG00000028649.23:B3	J:123359298-123359651	junction	poly(dT)	5	0.24375603366597406	0.6
ENSMUSG00000028649.23:B3	J:123359298-123359651	junction	random hexamer	6	0.24516930120038055	0.942857142857143
ENSMUSG00000028649.23:B3	J:123359867-123363515	junction	poly(dT)	5	0.24375603366597406	-0.09999999999999999
ENSMUSG00000028649.23:B3	J:123359867-123363515	junction	random hexamer	6	0.24516930120038055	0.8406680016960503
ENSMUSG00000028649.23:B3	J:123363665-123364799	junction	poly(dT)	5	0.24375603366597406	0.3
ENSMUSG00000028649.23:B3	J:123363665-123364799	junction	random hexamer	6	0.24516930120038055	-0.08571428571428573
ENSMUSG00000028649.23:B3	J:123370130-123373979	junction	poly(dT)	5	0.24375603366597406	0.3354101966249684
ENSMUSG00000028649.23:B3	J:123370130-123373979	junction	random hexamer	6	0.24516930120038055	0.6982532518267538
ENSMUSG00000028657.15:B1	E:122730034-122730038	exon	poly(dT)	3	0.10977696803660665	1.0
ENSMUSG00000028657.15:B1	E:122730038-122730046	exon	poly(dT)	3	0.10562276127290393	-1.0
ENSMUSG00000028760.17:B1	E:137720332-137720766	exon	random hexamer	5	0.06950389666434009	-0.09999999999999999
ENSMUSG00000028760.17:B3	E:137823219-137823240	exon	random hexamer	4	0.05332433449003296	-0.39999999999999997
ENSMUSG00000028760.17:B3	J:137810299-137824062	junction	random hexamer	4	0.06055386422637543	0.19999999999999998
ENSMUSG00000028760.17:B3	J:137814876-137823219	junction	random hexamer	4	0.05332433449003296	0.39999999999999997
ENSMUSG00000028760.17:B3	J:137823240-137824062	junction	random hexamer	4	0.05332433449003296	-0.7999999999999999
ENSMUSG00000028782.15:B1	E:129878956-129879100	exon	random hexamer	4	0.05417704262875501	0.19999999999999998
ENSMUSG00000028782.15:B1	E:129885846-129885860	exon	random hexamer	4	0.05417704262875501	-0.39999999999999997
ENSMUSG00000028782.15:B1	E:129885860-129885861	exon	random hexamer	4	0.17906077098961337	0.39999999999999997
ENSMUSG00000028782.15:B1	J:129879100-129885846	junction	random hexamer	4	0.05417704262875501	-0.39999999999999997
ENSMUSG00000028782.15:B4	E:129915454-129915460	exon	random hexamer	6	0.15894155239046295	0.3714285714285715
ENSMUSG00000028782.15:B4	E:129915900-129915942	exon	random hexamer	6	0.15894155239046295	-0.08571428571428573
ENSMUSG00000028782.15:B4	J:129915454-129915942	junction	random hexamer	6	0.15894155239046293	0.48571428571428577
ENSMUSG00000028785.14:B1	E:129013942-129014739	exon	poly(dT)	3	0.1601229076931282	1.0
ENSMUSG00000028785.14:B1	E:129013942-129014739	exon	random hexamer	3	0.1601229076931282	1.0
ENSMUSG00000028785.14:B1	E:129015014-129015084	exon	poly(dT)	3	0.08813410595308069	1.0
ENSMUSG00000028785.14:B1	E:129015014-129015084	exon	random hexamer	3	0.08813410595308069	1.0
ENSMUSG00000028785.14:B1	E:129015627-129015682	exon	random hexamer	3	0.2735560595558808	0.5
ENSMUSG00000028785.14:B1	J:129012555-129013942	junction	random hexamer	3	0.1601229076931282	1.0
ENSMUSG00000028785.14:B1	J:129012555-129015014	junction	poly(dT)	3	0.08813410595308069	0.5
ENSMUSG00000028785.14:B1	J:129012555-129015014	junction	random hexamer	3	0.08813410595308069	0.5
ENSMUSG00000028785.14:B1	J:129012555-129015627	junction	random hexamer	3	0.2735560595558808	0.0
ENSMUSG00000028809.17:B1	E:135080447-135080555	exon	poly(dT)	5	0.06275940679953029	-0.19999999999999998
ENSMUSG00000028809.17:B1	E:135080447-135080555	exon	random hexamer	5	0.06275940679953029	-0.3
ENSMUSG00000028809.17:B2	E:135067918-135067933	exon	poly(dT)	5	0.06115786302553328	0.0
ENSMUSG00000028809.17:B2	E:135067918-135067933	exon	random hexamer	5	0.06115786302553328	-0.09999999999999999
ENSMUSG00000028809.17:B2	J:135067918-135068157	junction	poly(dT)	5	0.06115786302553322	0.9746794344808964
ENSMUSG00000028809.17:B2	J:135067918-135068157	junction	random hexamer	5	0.06115786302553322	0.09999999999999999
ENSMUSG00000028809.17:B2	J:135067933-135068157	junction	poly(dT)	5	0.06115786302553328	0.19999999999999998
ENSMUSG00000028809.17:B2	J:135067933-135068157	junction	random hexamer	5	0.06115786302553328	-0.3
ENSMUSG00000029004.16:B1	E:23639438-23639446	exon	random hexamer	5	0.10747089498908807	0.49999999999999994
ENSMUSG00000029108.15:B1	E:57875308-57875361	exon	random hexamer	3	0.06929797346897126	1.0
ENSMUSG00000029245.17:B1	E:84564665-84564780	exon	random hexamer	3	0.05414811946629523	-0.5
ENSMUSG00000029406.16:B1	E:124325001-124325245	exon	random hexamer	5	0.12377670295398108	0.7
ENSMUSG00000029406.16:B1	E:124354378-124354480	exon	random hexamer	5	0.10476230119777596	0.49999999999999994
ENSMUSG00000029406.16:B1	E:124354480-124354481	exon	random hexamer	5	0.13015422561338968	0.44721359549995787
ENSMUSG00000029406.16:B1	E:124387490-124387514	exon	random hexamer	5	0.05549810528806874	0.39999999999999997
ENSMUSG00000029406.16:B1	J:124290782-124325001	junction	random hexamer	5	0.12377670295398108	0.09999999999999999
ENSMUSG00000029406.16:B1	J:124290782-124354378	junction	random hexamer	5	0.10476230119777596	0.49999999999999994
ENSMUSG00000029406.16:B1	J:124354480-124387490	junction	random hexamer	5	0.05549810528806874	0.39999999999999997
ENSMUSG00000029420.15:B3	E:128861989-128862013	exon	random hexamer	5	0.10001026930463108	0.7999999999999999
ENSMUSG00000029420.15:B3	E:128863715-128863862	exon	random hexamer	5	0.10001026930463108	0.7999999999999999
ENSMUSG00000029420.15:B3	E:128865222-128865276	exon	random hexamer	5	0.10001026930463108	0.8999999999999998
ENSMUSG00000029420.15:B3	J:128862013-128863715	junction	random hexamer	5	0.10001026930463108	0.49999999999999994
ENSMUSG00000029420.15:B3	J:128863862-128865222	junction	random hexamer	5	0.10001026930463108	0.8999999999999998
ENSMUSG00000029420.15:B6	E:128834858-128837464	exon	poly(dT)	5	0.09454792336396911	0.7
ENSMUSG00000029461.18:B1	E:100355841-100355907	exon	random hexamer	5	0.08405250468099332	0.09999999999999999
ENSMUSG00000029461.18:B1	E:100355907-100355908	exon	random hexamer	5	0.066938089445159	-0.09999999999999999
ENSMUSG00000029461.18:B1	E:100363321-100363361	exon	random hexamer	5	0.06217148816321186	0.3
ENSMUSG00000029461.18:B1	J:100356100-100363321	junction	random hexamer	5	0.06217148816321186	0.30779350562554625
ENSMUSG00000029461.18:B1	J:100356100-100436010	junction	random hexamer	5	0.06217148816321194	0.49999999999999994
ENSMUSG00000029461.18:B1	J:100363361-100436010	junction	random hexamer	5	0.06217148816321186	0.8207826816681233
ENSMUSG00000029467.16:B1	E:122639958-122640288	exon	random hexamer	5	0.06647912968471803	0.49999999999999994
ENSMUSG00000029478.17:B2	E:125119028-125119031	exon	random hexamer	7	0.1613816255586838	-0.14285714285714288
ENSMUSG00000029478.17:B2	J:125119028-125119808	junction	random hexamer	7	0.16138162555868374	0.25
ENSMUSG00000029478.17:B2	J:125119031-125119808	junction	random hexamer	7	0.1613816255586838	-0.21428571428571433
ENSMUSG00000029478.17:B6	E:125094218-125094225	exon	random hexamer	4	0.09555265103276428	-0.7999999999999999
ENSMUSG00000029478.17:B6	E:125094225-125094898	exon	random hexamer	4	0.12447221707426592	-0.7999999999999999
ENSMUSG00000029505.18:B1	E:110918393-110918583	exon	random hexamer	5	0.08091615969963023	0.0
ENSMUSG00000029505.18:B2	E:110901669-110901780	exon	random hexamer	5	0.0571306022529946	0.0
ENSMUSG00000029505.18:B2	J:110889926-110901669	junction	random hexamer	5	0.0571306022529946	-0.3354101966249684
ENSMUSG00000029505.18:B2	J:110889926-110903262	junction	random hexamer	5	0.0571306022529946	-0.6
ENSMUSG00000029505.18:B2	J:110901780-110903262	junction	random hexamer	5	0.0571306022529946	-0.19999999999999998
ENSMUSG00000029505.18:B3	E:110888047-110888155	exon	random hexamer	5	0.11430808889779742	0.7
ENSMUSG00000029505.18:B3	J:110887547-110888047	junction	random hexamer	5	0.11430808889779742	0.7
ENSMUSG00000029505.18:B3	J:110887547-110889835	junction	random hexamer	5	0.11430808889779744	0.39999999999999997
ENSMUSG00000029505.18:B3	J:110888155-110889835	junction	random hexamer	5	0.11430808889779742	0.7
ENSMUSG00000029505.18:B4	E:110812238-110812243	exon	random hexamer	5	0.0530703973740686	0.7071067811865475
ENSMUSG00000029505.18:B4	E:110816590-110816611	exon	random hexamer	5	0.05625517513714917	-0.19999999999999998
ENSMUSG00000029505.18:B4	E:110839534-110839681	exon	random hexamer	5	0.05625517513714917	0.49999999999999994
ENSMUSG00000029505.18:B4	E:110841031-110841201	exon	random hexamer	5	0.05625517513714917	0.8999999999999998
ENSMUSG00000029505.18:B4	E:110841285-110841436	exon	random hexamer	5	0.05625517513714917	0.49999999999999994
ENSMUSG00000029505.18:B4	J:110816590-110818740	junction	random hexamer	5	0.06395899845294119	-0.6668859288553501
ENSMUSG00000029505.18:B4	J:110816611-110818740	junction	random hexamer	5	0.05625517513714917	-0.6
ENSMUSG00000029505.18:B4	J:110839681-110841031	junction	random hexamer	5	0.05625517513714917	0.3
ENSMUSG00000029505.18:B4	J:110841201-110841285	junction	random hexamer	5	0.05625517513714917	0.49999999999999994
ENSMUSG00000029673.20:B1	E:131566498-131567526	exon	poly(dT)	4	0.08415543513507848	0.7999999999999999
ENSMUSG00000029673.20:B1	E:131566498-131567526	exon	random hexamer	6	0.17678726618019655	-0.028571428571428574
ENSMUSG00000029673.20:B1	E:131799598-131799628	exon	poly(dT)	4	0.09469672462659717	0.7999999999999999
ENSMUSG00000029673.20:B1	E:131799598-131799628	exon	random hexamer	6	0.2194722698404632	0.942857142857143
ENSMUSG00000029673.20:B1	E:132059828-132059864	exon	poly(dT)	4	0.09469672462659717	0.7999999999999999
ENSMUSG00000029673.20:B1	E:132059828-132059864	exon	random hexamer	6	0.2194722698404632	1.0
ENSMUSG00000029673.20:B1	E:132079146-132079248	exon	poly(dT)	4	0.09469672462659717	0.7999999999999999
ENSMUSG00000029673.20:B1	E:132079146-132079248	exon	random hexamer	6	0.2194722698404632	0.942857142857143
ENSMUSG00000029673.20:B1	E:132287762-132287975	exon	poly(dT)	4	0.09469672462659717	0.6000000000000001
ENSMUSG00000029673.20:B1	E:132287762-132287975	exon	random hexamer	6	0.2194722698404632	0.8285714285714287
ENSMUSG00000029673.20:B1	E:132570353-132572183	exon	poly(dT)	4	0.09469672462659717	0.7999999999999999
ENSMUSG00000029673.20:B1	E:132570353-132572183	exon	random hexamer	6	0.2194722698404632	0.942857142857143
ENSMUSG00000029673.20:B1	J:131562711-131566498	junction	poly(dT)	4	0.08415543513507848	0.7999999999999999
ENSMUSG00000029673.20:B1	J:131562711-131566498	junction	random hexamer	6	0.17678726618019655	0.6571428571428573
ENSMUSG00000029673.20:B1	J:131562711-131799598	junction	poly(dT)	4	0.09469672462659717	0.7999999999999999
ENSMUSG00000029673.20:B1	J:131562711-131799598	junction	random hexamer	6	0.2194722698404632	0.4285714285714286
ENSMUSG00000029673.20:B1	J:131799628-132059828	junction	poly(dT)	4	0.09469672462659717	0.7999999999999999
ENSMUSG00000029673.20:B1	J:131799628-132059828	junction	random hexamer	6	0.2194722698404632	0.942857142857143
ENSMUSG00000029673.20:B1	J:132059864-132079146	junction	poly(dT)	4	0.09469672462659717	0.7999999999999999
ENSMUSG00000029673.20:B1	J:132059864-132079146	junction	random hexamer	6	0.2194722698404632	0.942857142857143
ENSMUSG00000029673.20:B1	J:132079248-132287762	junction	poly(dT)	4	0.09469672462659717	0.7999999999999999
ENSMUSG00000029673.20:B1	J:132079248-132287762	junction	random hexamer	6	0.2194722698404632	1.0
ENSMUSG00000029673.20:B1	J:132287975-132570353	junction	poly(dT)	4	0.09469672462659717	0.7999999999999999
ENSMUSG00000029673.20:B1	J:132287975-132570353	junction	random hexamer	6	0.2194722698404632	0.7714285714285715
ENSMUSG00000029673.20:B3	E:131499251-131499296	exon	random hexamer	4	0.08723752550857555	-0.7999999999999999
ENSMUSG00000029673.20:B3	J:131494965-131499251	junction	random hexamer	4	0.08723752550857555	0.19999999999999998
ENSMUSG00000029673.20:B3	J:131494965-131501096	junction	random hexamer	4	0.08723752550857554	0.2581988897471611
ENSMUSG00000029673.20:B3	J:131499296-131501096	junction	random hexamer	4	0.08723752550857555	-1.0
ENSMUSG00000030000.11:B1	E:86055038-86055065	exon	random hexamer	4	0.08506813461692891	-0.9486832980505139
ENSMUSG00000030000.11:B1	E:86055065-86055096	exon	random hexamer	4	0.09384174003798956	-0.9486832980505139
ENSMUSG00000030000.11:B1	E:86059696-86059762	exon	random hexamer	4	0.06704602103089724	-0.19999999999999998
ENSMUSG00000030000.11:B1	E:86059762-86059795	exon	random hexamer	4	0.052129785125085315	0.6000000000000001
ENSMUSG00000030000.11:B1	E:86062809-86062843	exon	random hexamer	4	0.052129785125085315	0.6000000000000001
ENSMUSG00000030000.11:B1	J:86059795-86062809	junction	random hexamer	4	0.052129785125085315	0.6000000000000001
ENSMUSG00000030058.18:B1	E:87864795-87864909	exon	random hexamer	3	0.08377899624813212	-0.5
ENSMUSG00000030102.12:B1	E:108190056-108190162	exon	random hexamer	5	0.05438783136666997	0.3
ENSMUSG00000030134.12:B2	E:118062197-118062224	exon	random hexamer	3	0.07249280129497393	-0.5
ENSMUSG00000030134.12:B2	J:118061519-118062224	junction	random hexamer	3	0.07249280129497393	-0.5
ENSMUSG00000030231.12:B1	E:140369779-140369982	exon	poly(dT)	3	0.08764953623978577	1.0
ENSMUSG00000030231.12:B1	E:140369779-140369982	exon	random hexamer	4	0.12128848027263117	0.39999999999999997
ENSMUSG00000030231.12:B1	E:140370102-140370182	exon	poly(dT)	3	0.08764953623978577	0.5
ENSMUSG00000030231.12:B1	E:140370102-140370182	exon	random hexamer	4	0.12128848027263117	-0.39999999999999997
ENSMUSG00000030231.12:B1	E:140372223-140372281	exon	poly(dT)	3	0.08764953623978577	1.0
ENSMUSG00000030231.12:B1	E:140372223-140372281	exon	random hexamer	4	0.12128848027263117	-0.39999999999999997
ENSMUSG00000030231.12:B1	E:140378714-140378780	exon	poly(dT)	3	0.08764953623978576	-0.5
ENSMUSG00000030231.12:B1	E:140378714-140378780	exon	random hexamer	4	0.12128848027263119	0.39999999999999997
ENSMUSG00000030231.12:B1	J:140369982-140370102	junction	poly(dT)	3	0.08764953623978577	0.5
ENSMUSG00000030231.12:B1	J:140369982-140370102	junction	random hexamer	4	0.12128848027263117	-0.39999999999999997
ENSMUSG00000030231.12:B1	J:140370182-140372223	junction	poly(dT)	3	0.08764953623978577	1.0
ENSMUSG00000030231.12:B1	J:140370182-140372223	junction	random hexamer	4	0.12128848027263117	-0.39999999999999997
ENSMUSG00000030231.12:B1	J:140372281-140470590	junction	poly(dT)	3	0.08764953623978577	1.0
ENSMUSG00000030231.12:B1	J:140372281-140470590	junction	random hexamer	4	0.12128848027263117	-0.39999999999999997
ENSMUSG00000030854.18:B1	E:46782025-46782465	exon	random hexamer	3	0.10766004977582744	-1.0
ENSMUSG00000030854.18:B1	E:46783003-46783432	exon	random hexamer	3	0.10766004977582745	-0.5
ENSMUSG00000030854.18:B1	J:46762545-46782025	junction	random hexamer	3	0.10766004977582744	0.5
ENSMUSG00000030854.18:B1	J:46762545-46783003	junction	random hexamer	3	0.10766004977582745	0.5
ENSMUSG00000031442.22:B1	E:12999415-12999483	exon	random hexamer	4	0.05845759551607505	-0.7745966692414834
ENSMUSG00000031592.11:B1	E:41692809-41692814	exon	poly(dT)	4	0.05992554284862801	-0.7999999999999999
ENSMUSG00000031748.17:B1	E:94537465-94537467	exon	poly(dT)	7	0.21328124134233423	-0.10811249552346709
ENSMUSG00000031748.17:B1	E:94537465-94537467	exon	random hexamer	7	0.21328124134233423	0.39285714285714296
ENSMUSG00000031748.17:B1	E:94537467-94537940	exon	poly(dT)	7	0.28756377477243356	-0.07142857142857144
ENSMUSG00000031748.17:B1	E:94537467-94537940	exon	random hexamer	7	0.28756377477243356	-0.07142857142857144
ENSMUSG00000031822.21:B1	E:121215185-121215890	exon	random hexamer	4	0.0628922667185347	-0.7999999999999999
ENSMUSG00000031822.21:B1	E:121262595-121262693	exon	random hexamer	4	0.08468517785860555	-0.9486832980505139
ENSMUSG00000031822.21:B1	E:121264167-121264301	exon	random hexamer	4	0.12516946412093732	0.7999999999999999
ENSMUSG00000031822.21:B1	J:121215890-121280322	junction	random hexamer	4	0.0628922667185347	0.39999999999999997
ENSMUSG00000031822.21:B1	J:121262693-121280322	junction	random hexamer	4	0.08468517785860555	-0.7745966692414834
ENSMUSG00000031822.21:B1	J:121264301-121280322	junction	random hexamer	4	0.12516946412093732	0.7999999999999999
ENSMUSG00000031833.11:B1	E:71244869-71245081	exon	random hexamer	5	0.14605253910491445	0.7
ENSMUSG00000031833.11:B1	E:71249356-71249446	exon	random hexamer	5	0.14605253910491434	0.7999999999999999
ENSMUSG00000031833.11:B1	E:71249543-71249632	exon	random hexamer	5	0.14605253910491434	0.09999999999999999
ENSMUSG00000031833.11:B1	J:71242729-71244869	junction	random hexamer	5	0.14605253910491445	0.3
ENSMUSG00000031833.11:B1	J:71242729-71249356	junction	random hexamer	5	0.14605253910491434	0.7
ENSMUSG00000031833.11:B1	J:71249446-71249543	junction	random hexamer	5	0.14605253910491434	0.09999999999999999
ENSMUSG00000031865.17:B1	E:83142901-83142932	exon	random hexamer	6	0.23161148676458232	0.6571428571428573
ENSMUSG00000031865.17:B1	E:83142932-83142976	exon	random hexamer	6	0.17897417618232225	0.8285714285714287
ENSMUSG00000031865.17:B1	E:83159505-83159751	exon	random hexamer	6	0.17897417618232225	0.48571428571428577
ENSMUSG00000031865.17:B1	E:83160040-83160119	exon	random hexamer	6	0.17897417618232225	0.8285714285714287
ENSMUSG00000031865.17:B1	E:83160280-83160315	exon	random hexamer	6	0.17897417618232225	1.0
ENSMUSG00000031865.17:B1	E:83160917-83160938	exon	random hexamer	6	0.13909311962576032	0.08571428571428573
ENSMUSG00000031865.17:B1	E:83162927-83163409	exon	random hexamer	6	0.17897417618232225	0.6
ENSMUSG00000031865.17:B1	E:83163409-83163427	exon	random hexamer	6	0.2316114867645822	-0.5428571428571429
ENSMUSG00000031865.17:B1	E:83164745-83164766	exon	random hexamer	6	0.2316114867645822	-0.5428571428571429
ENSMUSG00000031865.17:B1	J:83142976-83159505	junction	random hexamer	6	0.17897417618232225	0.942857142857143
ENSMUSG00000031865.17:B1	J:83159751-83160040	junction	random hexamer	6	0.17897417618232225	0.7142857142857143
ENSMUSG00000031865.17:B1	J:83160119-83160280	junction	random hexamer	6	0.17897417618232225	1.0
ENSMUSG00000031865.17:B1	J:83160315-83160917	junction	random hexamer	6	0.13909311962576032	0.08571428571428573
ENSMUSG00000031865.17:B1	J:83160315-83166058	junction	random hexamer	6	0.23161148676458232	0.6
ENSMUSG00000031865.17:B1	J:83160938-83163409	junction	random hexamer	6	0.13909311962576032	0.08571428571428573
ENSMUSG00000031865.17:B1	J:83163427-83164745	junction	random hexamer	6	0.2316114867645822	-0.5428571428571429
ENSMUSG00000031865.17:B1	J:83164766-83166058	junction	random hexamer	6	0.2316114867645822	-0.6
ENSMUSG00000031865.17:B2	E:83174300-83174315	exon	random hexamer	6	0.1409374584819979	0.5428571428571429
ENSMUSG00000031865.17:B2	J:83173089-83174300	junction	random hexamer	6	0.1409374584819979	0.48571428571428577
ENSMUSG00000031865.17:B2	J:83173089-83174472	junction	random hexamer	6	0.14093745848199782	0.40583972495671394
ENSMUSG00000031865.17:B2	J:83174315-83174472	junction	random hexamer	6	0.1409374584819979	0.7142857142857143
ENSMUSG00000031996.18:B1	E:31123087-31123089	exon	random hexamer	3	0.14304372627545603	-0.5
ENSMUSG00000032009.9:B2	E:14221543-14221726	exon	poly(dT)	4	0.06001198909368022	-0.39999999999999997
ENSMUSG00000032009.9:B2	J:14219954-14221543	junction	poly(dT)	4	0.06001198909368022	-0.39999999999999997
ENSMUSG00000032009.9:B2	J:14221726-14225791	junction	poly(dT)	4	0.06001198909368022	0.7999999999999999
ENSMUSG00000032011.6:B1	E:43954680-43954773	exon	random hexamer	6	0.11749940812145043	0.7142857142857143
ENSMUSG00000032011.6:B1	E:43957240-43957253	exon	random hexamer	6	0.11749940812145038	0.6571428571428573
ENSMUSG00000032011.6:B1	J:43954773-43957253	junction	random hexamer	6	0.11749940812145043	0.028571428571428574
ENSMUSG00000032186.16:B1	E:75504678-75504684	exon	poly(dT)	7	0.13558758536770577	0.5714285714285715
ENSMUSG00000032186.16:B1	E:75504678-75504684	exon	random hexamer	7	0.13558758536770577	0.28571428571428575
ENSMUSG00000032186.16:B1	E:75506049-75506450	exon	poly(dT)	7	0.112957012591103	0.03571428571428572
ENSMUSG00000032186.16:B1	E:75506049-75506450	exon	random hexamer	7	0.112957012591103	-0.14285714285714288
ENSMUSG00000032186.16:B1	E:75518305-75518585	exon	poly(dT)	7	0.12646290078549427	0.21428571428571433
ENSMUSG00000032186.16:B1	E:75518305-75518585	exon	random hexamer	7	0.12646290078549427	-0.5357142857142858
ENSMUSG00000032186.16:B1	E:75518585-75518607	exon	random hexamer	7	0.13558758536770577	-0.6671243849949912
ENSMUSG00000032186.16:B1	J:75504678-75518305	junction	poly(dT)	7	0.13558758536770577	-0.4925690038994379
ENSMUSG00000032186.16:B1	J:75504678-75518305	junction	random hexamer	7	0.13558758536770577	-0.2041241452319315
ENSMUSG00000032186.16:B1	J:75504684-75506049	junction	random hexamer	7	0.112957012591103	0.8017837257372733
ENSMUSG00000032186.16:B2	E:75472905-75481097	exon	random hexamer	6	0.12541093002018866	0.08571428571428573
ENSMUSG00000032216.16:B1	E:72569627-72569895	exon	random hexamer	6	0.1534662749365736	-0.2571428571428572
ENSMUSG00000032216.16:B1	E:72575961-72577233	exon	random hexamer	6	0.15346627493657344	0.48571428571428577
ENSMUSG00000032216.16:B1	J:72569895-72577233	junction	random hexamer	6	0.1534662749365736	0.08571428571428573
ENSMUSG00000032336.18:B1	E:58489574-58489689	exon	random hexamer	3	0.12425724316998568	0.5
ENSMUSG00000032407.15:B1	E:95393947-95394049	exon	poly(dT)	4	0.06862912895431147	-0.7999999999999999
ENSMUSG00000032407.15:B1	E:95393947-95394049	exon	random hexamer	3	0.06862912895431147	-0.5
ENSMUSG00000032503.19:B1	E:112016537-112016575	exon	poly(dT)	5	0.32273197165355694	-0.35909242322980395
ENSMUSG00000032503.19:B1	E:112016537-112016575	exon	random hexamer	4	0.2646087975798386	0.19999999999999998
ENSMUSG00000032503.19:B1	E:112016928-112016997	exon	poly(dT)	5	0.32273197165355694	0.44721359549995787
ENSMUSG00000032503.19:B1	E:112016928-112016997	exon	random hexamer	4	0.2646087975798386	0.7999999999999999
ENSMUSG00000032503.19:B1	E:112046323-112046329	exon	poly(dT)	5	0.2756762287238469	0.6708203932499368
ENSMUSG00000032503.19:B1	E:112046323-112046329	exon	random hexamer	4	0.2756762287238469	0.7999999999999999
ENSMUSG00000032503.19:B1	E:112046329-112046419	exon	poly(dT)	5	0.2799119448052797	0.44721359549995787
ENSMUSG00000032503.19:B1	E:112046329-112046419	exon	random hexamer	4	0.2799119448052797	0.39999999999999997
ENSMUSG00000032503.19:B1	J:112014837-112016537	junction	poly(dT)	5	0.32273197165355694	-0.35909242322980395
ENSMUSG00000032503.19:B1	J:112014837-112016537	junction	random hexamer	4	0.2646087975798386	0.316227766016838
ENSMUSG00000032503.19:B1	J:112014837-112016657	junction	poly(dT)	5	0.31576584265481	0.09999999999999999
ENSMUSG00000032503.19:B1	J:112014837-112016657	junction	random hexamer	4	0.2754975158573394	0.39999999999999997
ENSMUSG00000032503.19:B1	J:112016575-112016657	junction	poly(dT)	5	0.32273197165355694	0.7071067811865475
ENSMUSG00000032503.19:B1	J:112016575-112016657	junction	random hexamer	4	0.2646087975798386	-0.7745966692414834
ENSMUSG00000032503.19:B1	J:112016834-112016928	junction	poly(dT)	5	0.32273197165355694	0.44721359549995787
ENSMUSG00000032503.19:B1	J:112016834-112016928	junction	random hexamer	4	0.2646087975798386	0.6000000000000001
ENSMUSG00000032503.19:B1	J:112016834-112046323	junction	random hexamer	4	0.2799119448052797	0.7745966692414834
ENSMUSG00000032503.19:B2	E:111894158-111894327	exon	poly(dT)	5	0.3029721333024822	0.3
ENSMUSG00000032503.19:B2	E:111894158-111894327	exon	random hexamer	5	0.3029721333024822	0.7
ENSMUSG00000032503.19:B2	E:111894327-111895090	exon	poly(dT)	5	0.35139251663958954	0.6
ENSMUSG00000032503.19:B2	E:111894327-111895090	exon	random hexamer	5	0.35139251663958954	0.7
ENSMUSG00000032503.19:B2	E:111896228-111896377	exon	poly(dT)	5	0.35139251663958954	-0.5642880936468347
ENSMUSG00000032503.19:B2	E:111896228-111896377	exon	random hexamer	5	0.35139251663958954	0.7
ENSMUSG00000032503.19:B2	E:111948250-111948377	exon	poly(dT)	5	0.37520413664368113	-0.19999999999999998
ENSMUSG00000032503.19:B2	E:111948250-111948377	exon	random hexamer	5	0.37520413664368113	0.19999999999999998
ENSMUSG00000032503.19:B2	E:111953807-111954068	exon	poly(dT)	5	0.37520413664368113	-0.39999999999999997
ENSMUSG00000032503.19:B2	E:111953807-111954068	exon	random hexamer	5	0.37520413664368113	0.19999999999999998
ENSMUSG00000032503.19:B2	E:111955502-111955607	exon	poly(dT)	5	0.35139251663958954	0.3
ENSMUSG00000032503.19:B2	E:111955502-111955607	exon	random hexamer	5	0.35139251663958954	0.49999999999999994
ENSMUSG00000032503.19:B2	E:111956346-111956528	exon	poly(dT)	5	0.37520413664368113	0.0
ENSMUSG00000032503.19:B2	E:111956346-111956528	exon	random hexamer	5	0.37520413664368113	0.49999999999999994
ENSMUSG00000032503.19:B2	E:111965521-111965749	exon	poly(dT)	5	0.37520413664368113	-0.19999999999999998
ENSMUSG00000032503.19:B2	E:111965521-111965749	exon	random hexamer	5	0.37520413664368113	0.49999999999999994
ENSMUSG00000032503.19:B2	E:111972376-111972606	exon	poly(dT)	5	0.37520413664368113	0.09999999999999999
ENSMUSG00000032503.19:B2	E:111972376-111972606	exon	random hexamer	5	0.37520413664368113	-0.09999999999999999
ENSMUSG00000032503.19:B2	E:111976490-111976550	exon	poly(dT)	5	0.3029721333024822	0.3
ENSMUSG00000032503.19:B2	E:111976490-111976550	exon	random hexamer	5	0.3029721333024822	-0.09999999999999999
ENSMUSG00000032503.19:B2	E:111978402-111978440	exon	poly(dT)	5	0.35139251663958954	0.19999999999999998
ENSMUSG00000032503.19:B2	E:111978402-111978440	exon	random hexamer	5	0.35139251663958954	-0.09999999999999999
ENSMUSG00000032503.19:B2	E:111986757-111986866	exon	poly(dT)	5	0.35139251663958954	0.09999999999999999
ENSMUSG00000032503.19:B2	E:111986757-111986866	exon	random hexamer	5	0.35139251663958954	0.39999999999999997
ENSMUSG00000032503.19:B2	E:111990005-111990701	exon	poly(dT)	5	0.2770879991127719	0.7
ENSMUSG00000032503.19:B2	E:111990005-111990701	exon	random hexamer	5	0.2770879991127719	0.19999999999999998
ENSMUSG00000032503.19:B2	E:112005162-112005303	exon	poly(dT)	5	0.32230339230057936	0.6
ENSMUSG00000032503.19:B2	E:112005162-112005303	exon	random hexamer	5	0.32230339230057936	0.9999999999999999
ENSMUSG00000032503.19:B2	E:112006001-112006061	exon	poly(dT)	5	0.32230339230057936	0.09999999999999999
ENSMUSG00000032503.19:B2	E:112006001-112006061	exon	random hexamer	5	0.32230339230057936	0.8999999999999998
ENSMUSG00000032503.19:B2	E:112006725-112006804	exon	poly(dT)	5	0.32230339230057936	0.7
ENSMUSG00000032503.19:B2	E:112006725-112006804	exon	random hexamer	5	0.32230339230057936	0.7
ENSMUSG00000032503.19:B2	E:112008095-112008240	exon	poly(dT)	5	0.32230339230057936	0.49999999999999994
ENSMUSG00000032503.19:B2	E:112008095-112008240	exon	random hexamer	5	0.32230339230057936	0.6
ENSMUSG00000032503.19:B2	E:112009099-112011888	exon	poly(dT)	5	0.3223033923005794	0.9999999999999999
ENSMUSG00000032503.19:B2	E:112009099-112011888	exon	random hexamer	5	0.3223033923005794	0.0
ENSMUSG00000032503.19:B2	J:111895090-111896228	junction	poly(dT)	5	0.35139251663958954	-0.5642880936468347
ENSMUSG00000032503.19:B2	J:111895090-111896228	junction	random hexamer	5	0.35139251663958954	0.7
ENSMUSG00000032503.19:B2	J:111896377-111948250	junction	poly(dT)	5	0.35139251663958954	0.0
ENSMUSG00000032503.19:B2	J:111896377-111948250	junction	random hexamer	5	0.35139251663958954	0.8999999999999998
ENSMUSG00000032503.19:B2	J:111948377-111953807	junction	poly(dT)	5	0.37520413664368113	-0.19999999999999998
ENSMUSG00000032503.19:B2	J:111948377-111953807	junction	random hexamer	5	0.37520413664368113	0.49999999999999994
ENSMUSG00000032503.19:B2	J:111954068-111955502	junction	poly(dT)	5	0.35139251663958954	-0.3354101966249684
ENSMUSG00000032503.19:B2	J:111954068-111955502	junction	random hexamer	5	0.35139251663958954	0.49999999999999994
ENSMUSG00000032503.19:B2	J:111955607-111956346	junction	poly(dT)	5	0.35139251663958954	-0.6668859288553501
ENSMUSG00000032503.19:B2	J:111955607-111956346	junction	random hexamer	5	0.35139251663958954	0.49999999999999994
ENSMUSG00000032503.19:B2	J:111956528-111965521	junction	poly(dT)	5	0.37520413664368113	-0.6668859288553501
ENSMUSG00000032503.19:B2	J:111956528-111965521	junction	random hexamer	5	0.37520413664368113	0.7
ENSMUSG00000032503.19:B2	J:111965749-111972376	junction	poly(dT)	5	0.37520413664368113	-0.6668859288553501
ENSMUSG00000032503.19:B2	J:111965749-111972376	junction	random hexamer	5	0.37520413664368113	0.7
ENSMUSG00000032503.19:B2	J:111972606-111976490	junction	poly(dT)	5	0.3029721333024822	0.35355339059327373
ENSMUSG00000032503.19:B2	J:111972606-111976490	junction	random hexamer	5	0.3029721333024822	-0.20519567041703082
ENSMUSG00000032503.19:B2	J:111976550-111978402	junction	poly(dT)	5	0.3029721333024822	-0.20519567041703082
ENSMUSG00000032503.19:B2	J:111976550-111978402	junction	random hexamer	5	0.3029721333024822	-0.20519567041703082
ENSMUSG00000032503.19:B2	J:111978440-111986757	junction	poly(dT)	5	0.35139251663958954	0.0
ENSMUSG00000032503.19:B2	J:111978440-111986757	junction	random hexamer	5	0.35139251663958954	0.8999999999999998
ENSMUSG00000032503.19:B2	J:111986866-112005162	junction	poly(dT)	5	0.35139251663958954	0.09999999999999999
ENSMUSG00000032503.19:B2	J:111986866-112005162	junction	random hexamer	5	0.35139251663958954	0.8999999999999998
ENSMUSG00000032503.19:B2	J:112005303-112006001	junction	poly(dT)	5	0.32230339230057936	0.09999999999999999
ENSMUSG00000032503.19:B2	J:112005303-112006001	junction	random hexamer	5	0.32230339230057936	0.7
ENSMUSG00000032503.19:B2	J:112006061-112006725	junction	poly(dT)	5	0.32230339230057936	0.7
ENSMUSG00000032503.19:B2	J:112006061-112006725	junction	random hexamer	5	0.32230339230057936	0.7
ENSMUSG00000032503.19:B2	J:112006804-112008095	junction	poly(dT)	5	0.32230339230057936	0.6
ENSMUSG00000032503.19:B2	J:112006804-112008095	junction	random hexamer	5	0.32230339230057936	0.6
ENSMUSG00000032503.19:B2	J:112008240-112012562	junction	poly(dT)	5	0.32230339230057936	0.9999999999999999
ENSMUSG00000032503.19:B2	J:112008240-112012562	junction	random hexamer	5	0.32230339230057936	0.8999999999999998
ENSMUSG00000032503.19:B2	J:112011888-112012562	junction	poly(dT)	5	0.3223033923005794	0.7999999999999999
ENSMUSG00000032503.19:B2	J:112011888-112012562	junction	random hexamer	5	0.3223033923005794	0.6
ENSMUSG00000032549.8:B1	E:102988985-102989005	exon	random hexamer	6	0.1356431397212059	0.08571428571428573
ENSMUSG00000032936.14:B1	E:107812872-107813250	exon	random hexamer	5	0.3437418440500514	0.6
ENSMUSG00000032936.14:B1	E:107822457-107822477	exon	random hexamer	5	0.3437418440500514	0.6
ENSMUSG00000032936.14:B1	J:107813250-107822477	junction	random hexamer	5	0.3437418440500514	0.8999999999999998
ENSMUSG00000033066.18:B1	E:67345916-67346600	exon	random hexamer	4	0.09093456825777299	-0.39999999999999997
ENSMUSG00000033066.18:B1	E:67423903-67423945	exon	random hexamer	4	0.14908572849156787	-0.7745966692414834
ENSMUSG00000033066.18:B1	E:67437979-67438023	exon	random hexamer	4	0.06120598301202984	0.10540925533894598
ENSMUSG00000033066.18:B1	E:67438324-67438477	exon	random hexamer	4	0.06120598301202984	0.2581988897471611
ENSMUSG00000033066.18:B1	J:67346600-67493933	junction	random hexamer	4	0.09093456825777299	0.19999999999999998
ENSMUSG00000033565.19:B2	E:76989776-76989869	exon	random hexamer	5	0.053681617756790034	-0.3
ENSMUSG00000033565.19:B2	E:77001264-77001267	exon	random hexamer	5	0.053681617756790034	-0.19999999999999998
ENSMUSG00000033565.19:B2	J:76987139-76989776	junction	random hexamer	5	0.053681617756790034	0.09999999999999999
ENSMUSG00000033565.19:B2	J:76987139-76997804	junction	random hexamer	5	0.05368161775679006	-0.7071067811865475
ENSMUSG00000033565.19:B2	J:76989869-76997804	junction	random hexamer	5	0.053681617756790034	-0.6
ENSMUSG00000033565.19:B2	J:77001264-77016916	junction	random hexamer	5	0.05368161775679006	-0.7
ENSMUSG00000033565.19:B2	J:77001267-77016916	junction	random hexamer	5	0.053681617756790034	-0.19999999999999998
ENSMUSG00000033597.10:B1	E:24707756-24707848	exon	random hexamer	3	0.11730249888964037	0.5
ENSMUSG00000033676.14:B1	E:57069439-57069722	exon	random hexamer	3	0.056969869937209094	1.0
ENSMUSG00000033676.14:B1	E:57240265-57240396	exon	random hexamer	3	0.05743069685611894	-0.5
ENSMUSG00000033676.14:B1	E:57240909-57241103	exon	random hexamer	3	0.08217255825440672	-1.0
ENSMUSG00000033676.14:B1	J:57240396-57241228	junction	random hexamer	3	0.05743069685611894	-1.0
ENSMUSG00000033676.14:B1	J:57241103-57241228	junction	random hexamer	3	0.08217255825440672	-1.0
ENSMUSG00000033720.13:B1	E:85309261-85309732	exon	random hexamer	6	0.18077923187263084	0.3714285714285715
ENSMUSG00000033720.13:B1	E:85310289-85310401	exon	random hexamer	6	0.1807792318726309	-0.08571428571428573
ENSMUSG00000033720.13:B1	E:85310401-85310404	exon	random hexamer	6	0.39163841670382393	-0.3142857142857143
ENSMUSG00000033720.13:B1	J:85296572-85309261	junction	random hexamer	6	0.18077923187263084	0.43482827673933633
ENSMUSG00000033720.13:B1	J:85296572-85310289	junction	random hexamer	6	0.1807792318726309	0.5428571428571429
ENSMUSG00000033768.18:B1	E:6468767-6468794	exon	random hexamer	5	0.0532106276618934	0.3
ENSMUSG00000033768.18:B1	E:6468794-6469002	exon	random hexamer	5	0.10036471225427757	0.3
ENSMUSG00000033768.18:B1	E:6477834-6478808	exon	random hexamer	5	0.10036471225427757	0.49999999999999994
ENSMUSG00000033768.18:B1	E:6493660-6493678	exon	random hexamer	5	0.10036471225427757	0.7
ENSMUSG00000033768.18:B1	E:6498284-6498314	exon	random hexamer	5	0.10036471225427757	-0.09999999999999999
ENSMUSG00000033768.18:B1	E:6500557-6500629	exon	random hexamer	5	0.0532106276618934	-0.6
ENSMUSG00000033768.18:B1	E:6505008-6505310	exon	random hexamer	5	0.10036471225427757	0.3
ENSMUSG00000033768.18:B1	E:6513853-6513877	exon	random hexamer	5	0.0588827719175371	0.8999999999999998
ENSMUSG00000033768.18:B1	E:6522287-6522449	exon	random hexamer	5	0.10036471225427757	0.3
ENSMUSG00000033768.18:B1	E:6523347-6523786	exon	random hexamer	5	0.10036471225427757	0.9999999999999999
ENSMUSG00000033768.18:B1	E:6531139-6531526	exon	random hexamer	5	0.10036471225427757	0.39999999999999997
ENSMUSG00000033768.18:B1	E:6531701-6531905	exon	random hexamer	5	0.10036471225427757	0.7
ENSMUSG00000033768.18:B1	E:6538813-6538840	exon	random hexamer	5	0.0532106276618934	-0.19999999999999998
ENSMUSG00000033768.18:B1	E:6540096-6540216	exon	random hexamer	5	0.10036471225427757	0.7999999999999999
ENSMUSG00000033768.18:B1	E:6540563-6540945	exon	random hexamer	5	0.10036471225427757	0.3
ENSMUSG00000033768.18:B1	E:6541513-6541704	exon	random hexamer	5	0.10036471225427757	0.8999999999999998
ENSMUSG00000033768.18:B1	E:6542865-6543039	exon	random hexamer	5	0.10036471225427757	0.0
ENSMUSG00000033768.18:B1	E:6543365-6543485	exon	random hexamer	5	0.10036471225427757	0.7
ENSMUSG00000033768.18:B1	E:6547857-6547864	exon	random hexamer	5	0.1016302771880632	0.3
ENSMUSG00000033768.18:B1	E:6547864-6548561	exon	random hexamer	5	0.10036471225427757	0.6
ENSMUSG00000033768.18:B1	J:6469002-6477834	junction	random hexamer	5	0.10036471225427757	0.09999999999999999
ENSMUSG00000033768.18:B1	J:6478808-6493660	junction	random hexamer	5	0.10036471225427757	0.8999999999999998
ENSMUSG00000033768.18:B1	J:6493678-6498284	junction	random hexamer	5	0.10036471225427757	0.7
ENSMUSG00000033768.18:B1	J:6498314-6500557	junction	random hexamer	5	0.0532106276618934	-0.6
ENSMUSG00000033768.18:B1	J:6498314-6505008	junction	random hexamer	5	0.0588827719175371	0.49999999999999994
ENSMUSG00000033768.18:B1	J:6500629-6505008	junction	random hexamer	5	0.0532106276618934	0.09999999999999999
ENSMUSG00000033768.18:B1	J:6505310-6513853	junction	random hexamer	5	0.0588827719175371	0.7
ENSMUSG00000033768.18:B1	J:6505310-6522287	junction	random hexamer	5	0.0532106276618934	0.6
ENSMUSG00000033768.18:B1	J:6513877-6522287	junction	random hexamer	5	0.0588827719175371	0.19999999999999998
ENSMUSG00000033768.18:B1	J:6522449-6523347	junction	random hexamer	5	0.10036471225427757	0.0
ENSMUSG00000033768.18:B1	J:6523786-6531139	junction	random hexamer	5	0.10036471225427757	0.09999999999999999
ENSMUSG00000033768.18:B1	J:6531526-6531701	junction	random hexamer	5	0.10036471225427757	0.09999999999999999
ENSMUSG00000033768.18:B1	J:6531905-6538813	junction	random hexamer	5	0.0532106276618934	0.19999999999999998
ENSMUSG00000033768.18:B1	J:6531905-6540096	junction	random hexamer	5	0.0588827719175371	-0.19999999999999998
ENSMUSG00000033768.18:B1	J:6538840-6540096	junction	random hexamer	5	0.0532106276618934	0.19999999999999998
ENSMUSG00000033768.18:B1	J:6540216-6540563	junction	random hexamer	5	0.10036471225427757	0.3
ENSMUSG00000033768.18:B1	J:6540945-6541513	junction	random hexamer	5	0.10036471225427757	0.49999999999999994
ENSMUSG00000033768.18:B1	J:6541704-6542865	junction	random hexamer	5	0.10036471225427757	0.19999999999999998
ENSMUSG00000033768.18:B1	J:6543039-6543365	junction	random hexamer	5	0.10036471225427757	0.6
ENSMUSG00000033768.18:B1	J:6543485-6554904	junction	random hexamer	5	0.10036471225427757	-0.09999999999999999
ENSMUSG00000033768.18:B1	J:6548561-6554904	junction	random hexamer	5	0.10036471225427757	0.7999999999999999
ENSMUSG00000033768.18:B2	E:6563745-6563835	exon	random hexamer	6	0.05799845317060237	-0.6
ENSMUSG00000033768.18:B2	J:6559979-6563745	junction	random hexamer	6	0.05799845317060237	-0.6571428571428573
ENSMUSG00000033768.18:B2	J:6559979-6566952	junction	random hexamer	6	0.05799845317060237	-0.08571428571428573
ENSMUSG00000033768.18:B2	J:6563835-6566952	junction	random hexamer	6	0.05799845317060237	0.14285714285714288
ENSMUSG00000033808.17:B3	E:120185792-120187019	exon	poly(dT)	3	0.07144509422824841	0.5
ENSMUSG00000033808.17:B3	E:120190014-120190045	exon	poly(dT)	3	0.07144509422824841	-0.5
ENSMUSG00000033808.17:B3	E:120190519-120190575	exon	poly(dT)	3	0.07144509422824841	0.5
ENSMUSG00000033808.17:B3	E:120193359-120193421	exon	poly(dT)	3	0.07144509422824841	0.5
ENSMUSG00000033808.17:B3	E:120193774-120193842	exon	poly(dT)	3	0.07144509422824841	0.5
ENSMUSG00000033808.17:B3	J:120187019-120190014	junction	poly(dT)	3	0.07144509422824841	-0.5
ENSMUSG00000033808.17:B3	J:120190045-120190519	junction	poly(dT)	3	0.07144509422824841	-0.5
ENSMUSG00000033808.17:B3	J:120190575-120193359	junction	poly(dT)	3	0.07144509422824841	-0.5
ENSMUSG00000033808.17:B3	J:120193421-120193842	junction	poly(dT)	3	0.07144509422824841	1.0
ENSMUSG00000033981.15:B1	E:80597710-80597825	exon	poly(dT)	7	0.06742588216308987	-0.7142857142857144
ENSMUSG00000033981.15:B1	E:80597710-80597825	exon	random hexamer	7	0.0701356844852532	0.21428571428571433
ENSMUSG00000033981.15:B1	E:80598626-80598741	exon	poly(dT)	7	0.06742588216308984	0.07142857142857144
ENSMUSG00000033981.15:B1	E:80598626-80598741	exon	random hexamer	7	0.0701356844852532	-0.3571428571428572
ENSMUSG00000033981.15:B1	J:80596658-80597710	junction	poly(dT)	7	0.06742588216308987	0.1785714285714286
ENSMUSG00000033981.15:B1	J:80596658-80597710	junction	random hexamer	7	0.0701356844852532	0.14285714285714288
ENSMUSG00000033981.15:B1	J:80596658-80598626	junction	poly(dT)	7	0.06742588216308984	0.0
ENSMUSG00000033981.15:B1	J:80596658-80598626	junction	random hexamer	7	0.0701356844852532	0.21428571428571433
ENSMUSG00000033981.15:B1	J:80597825-80599591	junction	poly(dT)	7	0.06742588216308987	0.0
ENSMUSG00000033981.15:B1	J:80597825-80599591	junction	random hexamer	7	0.0701356844852532	-0.21428571428571433
ENSMUSG00000033981.15:B1	J:80598741-80599591	junction	poly(dT)	7	0.06742588216308984	-0.14285714285714288
ENSMUSG00000033981.15:B1	J:80598741-80599591	junction	random hexamer	7	0.0701356844852532	-0.5357142857142858
ENSMUSG00000034275.20:B1	E:27210499-27210523	exon	random hexamer	3	0.08557189252070352	-0.5
ENSMUSG00000034390.17:B1	E:117983802-117984140	exon	poly(dT)	6	0.22212867887055732	-0.3142857142857143
ENSMUSG00000034390.17:B1	E:117983802-117984140	exon	random hexamer	4	0.18452762664965705	0.39999999999999997
ENSMUSG00000034390.17:B1	E:118075908-118076114	exon	poly(dT)	6	0.22212867887055737	0.14285714285714288
ENSMUSG00000034390.17:B1	E:118075908-118076114	exon	random hexamer	4	0.1845276266496571	-0.39999999999999997
ENSMUSG00000034390.17:B1	J:117984140-118103813	junction	poly(dT)	6	0.22212867887055732	-0.7714285714285715
ENSMUSG00000034390.17:B1	J:117984140-118103813	junction	random hexamer	4	0.18452762664965705	0.7999999999999999
ENSMUSG00000034593.17:B1	E:74978469-74978881	exon	random hexamer	3	0.055850031845821824	0.5
ENSMUSG00000034730.18:B1	E:74388043-74388715	exon	random hexamer	5	0.12712143740227255	-0.19999999999999998
ENSMUSG00000034730.18:B1	E:74400778-74401789	exon	random hexamer	5	0.12712143740227255	-0.7999999999999999
ENSMUSG00000034730.18:B1	E:74410146-74410308	exon	random hexamer	5	0.12712143740227255	0.09999999999999999
ENSMUSG00000034730.18:B1	E:74411051-74411162	exon	random hexamer	5	0.12712143740227255	0.0
ENSMUSG00000034730.18:B1	E:74411555-74411720	exon	random hexamer	5	0.12712143740227255	-0.6
ENSMUSG00000034730.18:B1	E:74412244-74412409	exon	random hexamer	5	0.12712143740227255	0.09999999999999999
ENSMUSG00000034730.18:B1	E:74412666-74412840	exon	random hexamer	5	0.12712143740227255	-0.3
ENSMUSG00000034730.18:B1	E:74413378-74413543	exon	random hexamer	5	0.12712143740227255	-0.8999999999999998
ENSMUSG00000034730.18:B1	E:74413637-74413739	exon	random hexamer	5	0.12712143740227255	-0.3
ENSMUSG00000034730.18:B1	E:74415104-74415211	exon	random hexamer	5	0.12712143740227255	-0.3
ENSMUSG00000034730.18:B1	E:74415356-74415551	exon	random hexamer	5	0.12712143740227255	-0.49999999999999994
ENSMUSG00000034730.18:B1	E:74416125-74416194	exon	random hexamer	5	0.12712143740227255	0.0
ENSMUSG00000034730.18:B1	E:74416793-74416902	exon	random hexamer	5	0.12712143740227255	0.3
ENSMUSG00000034730.18:B1	E:74419468-74419612	exon	random hexamer	5	0.12712143740227255	-0.6
ENSMUSG00000034730.18:B1	E:74420120-74420196	exon	random hexamer	5	0.12712143740227255	-0.8999999999999998
ENSMUSG00000034730.18:B1	E:74420380-74420483	exon	random hexamer	5	0.12712143740227255	-0.8999999999999998
ENSMUSG00000034730.18:B1	E:74421862-74421906	exon	random hexamer	5	0.12712143740227255	-0.6
ENSMUSG00000034730.18:B1	E:74435640-74435701	exon	random hexamer	5	0.10972034266646885	-0.49999999999999994
ENSMUSG00000034730.18:B1	E:74435701-74435730	exon	random hexamer	5	0.1271214374022725	-0.6
ENSMUSG00000034730.18:B1	J:74388715-74400778	junction	random hexamer	5	0.12712143740227255	-0.3
ENSMUSG00000034730.18:B1	J:74401789-74410146	junction	random hexamer	5	0.12712143740227255	0.0
ENSMUSG00000034730.18:B1	J:74410308-74411051	junction	random hexamer	5	0.12712143740227255	0.09999999999999999
ENSMUSG00000034730.18:B1	J:74411162-74411555	junction	random hexamer	5	0.12712143740227255	0.09999999999999999
ENSMUSG00000034730.18:B1	J:74411720-74412244	junction	random hexamer	5	0.12712143740227255	-0.3
ENSMUSG00000034730.18:B1	J:74412409-74412666	junction	random hexamer	5	0.12712143740227255	-0.3
ENSMUSG00000034730.18:B1	J:74412840-74413378	junction	random hexamer	5	0.12712143740227255	-0.3
ENSMUSG00000034730.18:B1	J:74413543-74413637	junction	random hexamer	5	0.12712143740227255	-0.3
ENSMUSG00000034730.18:B1	J:74413739-74415104	junction	random hexamer	5	0.12712143740227255	-0.09999999999999999
ENSMUSG00000034730.18:B1	J:74415211-74415356	junction	random hexamer	5	0.12712143740227255	-0.39999999999999997
ENSMUSG00000034730.18:B1	J:74415551-74416125	junction	random hexamer	5	0.12712143740227255	-0.19999999999999998
ENSMUSG00000034730.18:B1	J:74416194-74416793	junction	random hexamer	5	0.12712143740227255	-0.09999999999999999
ENSMUSG00000034730.18:B1	J:74416902-74419468	junction	random hexamer	5	0.12712143740227255	-0.3
ENSMUSG00000034730.18:B1	J:74419612-74420120	junction	random hexamer	5	0.12712143740227255	-0.3
ENSMUSG00000034730.18:B1	J:74420196-74420380	junction	random hexamer	5	0.12712143740227255	-0.3
ENSMUSG00000034730.18:B1	J:74420483-74421862	junction	random hexamer	5	0.12712143740227255	-0.7
ENSMUSG00000034730.18:B1	J:74421906-74435808	junction	random hexamer	5	0.12712143740227255	-0.7
ENSMUSG00000034730.18:B1	J:74435730-74435808	junction	random hexamer	5	0.10972034266646885	-0.49999999999999994
ENSMUSG00000034799.17:B1	E:72124380-72124401	exon	random hexamer	6	0.112917450452091	-0.028571428571428574
ENSMUSG00000034832.16:B1	E:83418531-83418657	exon	random hexamer	3	0.08351414324277295	1.0
ENSMUSG00000034832.16:B1	E:83431731-83432462	exon	random hexamer	3	0.08351414324277293	-0.5
ENSMUSG00000034832.16:B1	E:83433270-83433374	exon	random hexamer	3	0.08351414324277293	-0.5
ENSMUSG00000034832.16:B1	J:83418255-83418531	junction	random hexamer	3	0.08351414324277295	1.0
ENSMUSG00000034832.16:B1	J:83418255-83431731	junction	random hexamer	3	0.08351414324277293	0.5
ENSMUSG00000034832.16:B1	J:83432462-83433270	junction	random hexamer	3	0.08351414324277293	0.5
ENSMUSG00000034902.18:B1	E:81128813-81128838	exon	random hexamer	4	0.09193193264085742	0.0
ENSMUSG00000035863.15:B1	E:79629405-79629500	exon	random hexamer	6	0.24187979651521063	-0.14285714285714288
ENSMUSG00000035864.15:B1	E:108846836-108846843	exon	poly(dT)	9	0.07874650870268529	0.2970442628930023
ENSMUSG00000035864.15:B1	E:108846836-108846843	exon	random hexamer	10	0.13531548657861325	0.24848484848484845
ENSMUSG00000036054.16:B1	E:70686875-70686882	exon	poly(dT)	3	0.0736064093288078	-1.0
ENSMUSG00000036095.12:B1	E:37930335-37930417	exon	poly(dT)	4	0.18487427198392967	0.7999999999999999
ENSMUSG00000036095.12:B1	E:37930335-37930417	exon	random hexamer	4	0.18487427198392967	0.39999999999999997
ENSMUSG00000036095.12:B1	E:37930703-37930953	exon	poly(dT)	4	0.1848742719839297	0.7999999999999999
ENSMUSG00000036095.12:B1	E:37930703-37930953	exon	random hexamer	4	0.1848742719839297	1.0
ENSMUSG00000036095.12:B1	J:37930417-38031753	junction	poly(dT)	4	0.18487427198392967	0.39999999999999997
ENSMUSG00000036095.12:B1	J:37930417-38031753	junction	random hexamer	4	0.18487427198392967	0.7999999999999999
ENSMUSG00000036095.12:B1	J:37930953-38031753	junction	poly(dT)	4	0.1848742719839297	0.7999999999999999
ENSMUSG00000036095.12:B1	J:37930953-38031753	junction	random hexamer	4	0.1848742719839297	0.7999999999999999
ENSMUSG00000036333.12:B1	E:25024923-25024970	exon	poly(dT)	5	0.12292177364363932	-0.3
ENSMUSG00000036333.12:B1	E:25024923-25024970	exon	random hexamer	5	0.12292177364363932	0.09999999999999999
ENSMUSG00000037487.8:B1	E:38078669-38079098	exon	random hexamer	3	0.08881596688095442	-0.5
ENSMUSG00000037541.23:B1	E:143555664-143555754	exon	random hexamer	5	0.07761046613506928	-0.20519567041703082
ENSMUSG00000037541.23:B1	E:143584987-143585207	exon	random hexamer	5	0.07761046613506928	0.6708203932499368
ENSMUSG00000037541.23:B1	E:143606025-143606229	exon	random hexamer	5	0.07761046613506928	-0.19999999999999998
ENSMUSG00000037541.23:B1	E:143608518-143608590	exon	random hexamer	5	0.07761046613506928	0.19999999999999998
ENSMUSG00000037541.23:B1	E:143611423-143611532	exon	random hexamer	5	0.07761046613506928	0.19999999999999998
ENSMUSG00000037541.23:B1	E:143622459-143622611	exon	random hexamer	5	0.07761046613506928	-0.19999999999999998
ENSMUSG00000037541.23:B1	E:143623760-143623928	exon	random hexamer	5	0.07761046613506928	-0.41039134083406165
ENSMUSG00000037541.23:B1	E:143635539-143635656	exon	random hexamer	5	0.07761046613506928	0.44721359549995787
ENSMUSG00000037541.23:B1	E:143645448-143645526	exon	random hexamer	5	0.07761046613506928	0.44721359549995787
ENSMUSG00000037541.23:B1	E:143682075-143682142	exon	random hexamer	5	0.07761046613506928	0.39999999999999997
ENSMUSG00000037541.23:B1	E:143729265-143729693	exon	random hexamer	5	0.10993613650579778	-0.19999999999999998
ENSMUSG00000037541.23:B1	E:143733491-143733810	exon	random hexamer	5	0.09117248236268005	0.39999999999999997
ENSMUSG00000037541.23:B1	E:143740556-143740726	exon	random hexamer	5	0.09117248236268005	0.39999999999999997
ENSMUSG00000037541.23:B1	E:143746153-143746267	exon	random hexamer	5	0.09117248236268005	0.39999999999999997
ENSMUSG00000037541.23:B1	E:143812801-143812877	exon	random hexamer	5	0.09117248236268005	0.8999999999999998
ENSMUSG00000037541.23:B1	E:143838281-143838791	exon	random hexamer	5	0.0911724823626801	0.39999999999999997
ENSMUSG00000037541.23:B1	J:143555754-143584987	junction	random hexamer	5	0.07761046613506928	0.44721359549995787
ENSMUSG00000037541.23:B1	J:143585207-143606025	junction	random hexamer	5	0.07761046613506928	0.7071067811865475
ENSMUSG00000037541.23:B1	J:143606229-143608518	junction	random hexamer	5	0.07761046613506928	0.09999999999999999
ENSMUSG00000037541.23:B1	J:143608590-143611423	junction	random hexamer	5	0.07761046613506928	0.35355339059327373
ENSMUSG00000037541.23:B1	J:143611532-143622459	junction	random hexamer	5	0.07761046613506928	0.09999999999999999
ENSMUSG00000037541.23:B1	J:143622611-143623760	junction	random hexamer	5	0.07761046613506928	-0.20519567041703082
ENSMUSG00000037541.23:B1	J:143623928-143635539	junction	random hexamer	5	0.07761046613506928	0.7071067811865475
ENSMUSG00000037541.23:B1	J:143635656-143645448	junction	random hexamer	5	0.07761046613506928	0.7071067811865475
ENSMUSG00000037541.23:B1	J:143645526-143682075	junction	random hexamer	5	0.07761046613506928	0.44721359549995787
ENSMUSG00000037541.23:B1	J:143682142-143733491	junction	random hexamer	5	0.07761046613506928	0.3
ENSMUSG00000037541.23:B1	J:143729693-143733491	junction	random hexamer	5	0.10993613650579778	-0.09999999999999999
ENSMUSG00000037541.23:B1	J:143733810-143740556	junction	random hexamer	5	0.09117248236268005	0.49999999999999994
ENSMUSG00000037541.23:B1	J:143740726-143746153	junction	random hexamer	5	0.09117248236268005	-0.09999999999999999
ENSMUSG00000037541.23:B1	J:143746267-143812801	junction	random hexamer	5	0.09117248236268005	0.3
ENSMUSG00000037541.23:B1	J:143812877-143838791	junction	random hexamer	5	0.09117248236268005	0.8999999999999998
ENSMUSG00000037754.14:B1	E:158508549-158508652	exon	random hexamer	5	0.4974333160477701	-0.8944271909999157
ENSMUSG00000037989.16:B5	E:49196342-49196360	exon	random hexamer	6	0.07010110873480638	0.3142857142857143
ENSMUSG00000037989.16:B5	E:49197849-49197894	exon	random hexamer	6	0.11457222366956643	-0.2571428571428572
ENSMUSG00000037989.16:B5	E:49203959-49204058	exon	random hexamer	6	0.08149241547733421	0.08571428571428573
ENSMUSG00000037989.16:B5	E:49204832-49205003	exon	random hexamer	6	0.07010110873480646	0.6
ENSMUSG00000037989.16:B5	J:49196342-49197849	junction	random hexamer	6	0.08149241547733421	0.6
ENSMUSG00000037989.16:B5	J:49196342-49204832	junction	random hexamer	6	0.1145722236695664	-0.09107651110783746
ENSMUSG00000037989.16:B5	J:49197894-49203959	junction	random hexamer	6	0.08149241547733421	0.8285714285714287
ENSMUSG00000037989.16:B5	J:49197894-49206034	junction	random hexamer	6	0.07010110873480638	0.6
ENSMUSG00000037989.16:B5	J:49204058-49204832	junction	random hexamer	6	0.08149241547733421	-0.5428571428571429
ENSMUSG00000037989.16:B5	J:49205003-49206034	junction	random hexamer	6	0.07010110873480646	0.6
ENSMUSG00000037989.16:B6	E:49189778-49189785	exon	random hexamer	6	0.1313803844007818	-0.030358837035945815
ENSMUSG00000037989.16:B6	E:49189785-49189981	exon	random hexamer	6	0.08219909427461014	-0.08571428571428573
ENSMUSG00000037989.16:B6	E:49191456-49191608	exon	random hexamer	6	0.0645426279937856	-0.6
ENSMUSG00000037989.16:B6	J:49189981-49192567	junction	random hexamer	6	0.08219909427461014	0.3142857142857143
ENSMUSG00000037989.16:B6	J:49191608-49192567	junction	random hexamer	6	0.0645426279937856	-0.39279220242478635
ENSMUSG00000038170.16:B1	E:97673789-97675325	exon	random hexamer	4	0.061799012337508424	0.39999999999999997
ENSMUSG00000038170.16:B1	E:97700054-97700172	exon	random hexamer	4	0.061799012337508286	0.7999999999999999
ENSMUSG00000038170.16:B1	E:97700460-97700636	exon	random hexamer	4	0.061799012337508286	0.7999999999999999
ENSMUSG00000038170.16:B1	E:97700800-97700924	exon	random hexamer	4	0.061799012337508286	1.0
ENSMUSG00000038170.16:B1	E:97704047-97704124	exon	random hexamer	4	0.061799012337508286	1.0
ENSMUSG00000038170.16:B1	E:97731530-97731641	exon	random hexamer	4	0.061799012337508286	0.7999999999999999
ENSMUSG00000038170.16:B1	E:97748949-97749101	exon	random hexamer	4	0.061799012337508286	0.6000000000000001
ENSMUSG00000038170.16:B1	E:97750974-97751030	exon	random hexamer	4	0.061799012337508286	0.7999999999999999
ENSMUSG00000038170.16:B1	E:97795804-97796023	exon	random hexamer	4	0.061799012337508286	-0.39999999999999997
ENSMUSG00000038170.16:B1	J:97666246-97673789	junction	random hexamer	4	0.061799012337508424	0.7999999999999999
ENSMUSG00000038170.16:B1	J:97666246-97700054	junction	random hexamer	4	0.061799012337508286	0.6000000000000001
ENSMUSG00000038170.16:B1	J:97700172-97700460	junction	random hexamer	4	0.061799012337508286	0.39999999999999997
ENSMUSG00000038170.16:B1	J:97700636-97700800	junction	random hexamer	4	0.061799012337508286	1.0
ENSMUSG00000038170.16:B1	J:97700924-97704047	junction	random hexamer	4	0.061799012337508286	1.0
ENSMUSG00000038170.16:B1	J:97704124-97731530	junction	random hexamer	4	0.061799012337508286	0.7999999999999999
ENSMUSG00000038170.16:B1	J:97731641-97748949	junction	random hexamer	4	0.061799012337508286	0.0
ENSMUSG00000038170.16:B1	J:97749101-97750974	junction	random hexamer	4	0.061799012337508286	0.7999999999999999
ENSMUSG00000038170.16:B1	J:97751030-97795804	junction	random hexamer	4	0.061799012337508286	0.6000000000000001
ENSMUSG00000038453.18:B1	E:97464621-97464770	exon	random hexamer	5	0.09230517505857835	-0.7
ENSMUSG00000038453.18:B1	E:97464770-97464879	exon	random hexamer	5	0.0513331504737677	0.6
ENSMUSG00000038453.18:B1	E:97465793-97466041	exon	random hexamer	5	0.09230517505857827	0.6
ENSMUSG00000038453.18:B1	E:97466041-97466052	exon	random hexamer	5	0.11341295090496395	-0.49999999999999994
ENSMUSG00000038453.18:B1	J:97442804-97464621	junction	random hexamer	5	0.09230517505857835	-0.7
ENSMUSG00000038453.18:B1	J:97442804-97465793	junction	random hexamer	5	0.09230517505857827	0.8999999999999998
ENSMUSG00000038453.18:B2	E:97400165-97403474	exon	random hexamer	7	0.0993803773025076	0.0
ENSMUSG00000038453.18:B2	E:97407489-97409435	exon	random hexamer	7	0.11450364248064607	0.3571428571428572
ENSMUSG00000038453.18:B2	E:97413198-97413321	exon	random hexamer	7	0.0943636736421023	0.0
ENSMUSG00000038453.18:B2	J:97403474-97409435	junction	random hexamer	7	0.0993803773025076	0.07142857142857144
ENSMUSG00000038453.18:B2	J:97409582-97413198	junction	random hexamer	7	0.10026879245198628	-0.14824986333222026
ENSMUSG00000038453.18:B2	J:97409582-97413915	junction	random hexamer	7	0.09436367364210219	-0.3214285714285715
ENSMUSG00000038453.18:B2	J:97413321-97413915	junction	random hexamer	7	0.0943636736421023	-0.3783937343321348
ENSMUSG00000038738.16:B1	E:43962111-43962130	exon	random hexamer	9	0.09535846916994571	-0.48333333333333334
ENSMUSG00000039000.9:B1	E:29774239-29774443	exon	poly(dT)	3	0.14637985628432404	-0.5
ENSMUSG00000039218.18:B1	E:24022160-24022194	exon	poly(dT)	5	0.06322563889392807	0.6
ENSMUSG00000039218.18:B1	E:24022160-24022194	exon	random hexamer	10	0.10050755058235228	-0.28484848484848485
ENSMUSG00000039585.16:B2	E:59819819-59819873	exon	poly(dT)	3	0.0806690644131949	-1.0
ENSMUSG00000039585.16:B2	J:59817990-59819819	junction	poly(dT)	3	0.0806690644131949	-1.0
ENSMUSG00000039585.16:B2	J:59817990-59829005	junction	poly(dT)	3	0.08066906441319477	0.5
ENSMUSG00000039585.16:B2	J:59819873-59829005	junction	poly(dT)	3	0.0806690644131949	-1.0
ENSMUSG00000039671.19:B1	E:165724068-165724198	exon	poly(dT)	4	0.0773725724354688	-0.7999999999999999
ENSMUSG00000039671.19:B1	E:165724068-165724198	exon	random hexamer	4	0.0773725724354688	-0.7999999999999999
ENSMUSG00000039671.19:B1	E:165725247-165725318	exon	poly(dT)	4	0.05034111301333041	0.19999999999999998
ENSMUSG00000039671.19:B1	E:165725247-165725318	exon	random hexamer	4	0.05034111301333041	0.7999999999999999
ENSMUSG00000039671.19:B1	E:165726527-165726692	exon	poly(dT)	4	0.0773725724354688	0.6000000000000001
ENSMUSG00000039671.19:B1	E:165726527-165726692	exon	random hexamer	4	0.0773725724354688	0.7999999999999999
ENSMUSG00000039671.19:B1	E:165726692-165726794	exon	poly(dT)	4	0.051858540550300175	0.2581988897471611
ENSMUSG00000039671.19:B1	E:165726692-165726794	exon	random hexamer	4	0.051858540550300175	0.39999999999999997
ENSMUSG00000039671.19:B1	J:165717695-165724068	junction	poly(dT)	4	0.0773725724354688	0.10540925533894598
ENSMUSG00000039671.19:B1	J:165717695-165724068	junction	random hexamer	4	0.0773725724354688	-0.632455532033676
ENSMUSG00000039671.19:B1	J:165717695-165725247	junction	poly(dT)	4	0.05034111301333041	0.0
ENSMUSG00000039671.19:B1	J:165717695-165725247	junction	random hexamer	4	0.05034111301333041	-0.39999999999999997
ENSMUSG00000039671.19:B1	J:165717695-165726527	junction	poly(dT)	4	0.051858540550300175	1.0
ENSMUSG00000039671.19:B1	J:165717695-165726527	junction	random hexamer	4	0.051858540550300175	0.7999999999999999
ENSMUSG00000039686.15:B1	E:30014466-30014594	exon	random hexamer	3	0.19319912599784425	1.0
ENSMUSG00000039967.15:B1	E:34882930-34882960	exon	poly(dT)	4	0.052352592204122084	-0.39999999999999997
ENSMUSG00000040003.19:B1	E:19432048-19432587	exon	poly(dT)	5	0.2269253092861246	0.8999999999999998
ENSMUSG00000040003.19:B1	E:19432048-19432587	exon	random hexamer	4	0.2269253092861246	0.7999999999999999
ENSMUSG00000040003.19:B1	E:19883650-19883767	exon	poly(dT)	5	0.2269253092861246	0.7999999999999999
ENSMUSG00000040003.19:B1	E:19883650-19883767	exon	random hexamer	4	0.2269253092861246	0.7999999999999999
ENSMUSG00000040003.19:B1	E:20112515-20113011	exon	poly(dT)	5	0.23928694077916277	0.7999999999999999
ENSMUSG00000040003.19:B1	E:20112515-20113011	exon	random hexamer	4	0.19500712400621528	0.0
ENSMUSG00000040003.19:B1	E:20270549-20270669	exon	poly(dT)	5	0.1837138858263212	0.3
ENSMUSG00000040003.19:B1	E:20400018-20400231	exon	poly(dT)	5	0.1837138858263212	0.39999999999999997
ENSMUSG00000040003.19:B1	E:20420316-20420527	exon	poly(dT)	5	0.1837138858263212	0.8999999999999998
ENSMUSG00000040003.19:B1	E:20433183-20433242	exon	poly(dT)	5	0.18371388582632125	0.8207826816681233
ENSMUSG00000040003.19:B1	J:19432587-19883650	junction	poly(dT)	5	0.2269253092861246	0.8999999999999998
ENSMUSG00000040003.19:B1	J:19432587-19883650	junction	random hexamer	4	0.2269253092861246	0.6000000000000001
ENSMUSG00000040003.19:B1	J:19883767-20270549	junction	poly(dT)	5	0.2269253092861246	0.6
ENSMUSG00000040003.19:B1	J:19883767-20270549	junction	random hexamer	4	0.2269253092861246	0.7999999999999999
ENSMUSG00000040003.19:B1	J:20113011-20270549	junction	poly(dT)	5	0.23928694077916277	0.7
ENSMUSG00000040003.19:B1	J:20113011-20270549	junction	random hexamer	4	0.19500712400621528	-0.39999999999999997
ENSMUSG00000040003.19:B1	J:20270669-20400018	junction	poly(dT)	5	0.1837138858263212	0.3
ENSMUSG00000040003.19:B1	J:20400231-20420316	junction	poly(dT)	5	0.1837138858263212	0.8999999999999998
ENSMUSG00000040003.19:B1	J:20420527-20433369	junction	poly(dT)	5	0.1837138858263212	0.8999999999999998
ENSMUSG00000040003.19:B1	J:20433242-20433369	junction	poly(dT)	5	0.18371388582632125	0.8207826816681233
ENSMUSG00000040003.19:B3	E:20907901-20909790	exon	random hexamer	3	0.1813146721112296	1.0
ENSMUSG00000040035.15:B1	E:118610199-118610202	exon	random hexamer	3	0.05168976171281517	1.0
ENSMUSG00000040035.15:B1	E:118610202-118610222	exon	random hexamer	3	0.12132725198519456	0.5
ENSMUSG00000040035.15:B2	E:118610410-118610425	exon	random hexamer	3	0.11842315477232812	0.5
ENSMUSG00000040035.15:B2	J:118610410-118616526	junction	random hexamer	3	0.11842315477232793	0.5
ENSMUSG00000040035.15:B2	J:118610425-118616526	junction	random hexamer	3	0.11842315477232812	0.5
ENSMUSG00000040097.17:B1	E:23982292-23982749	exon	random hexamer	4	0.071644988125947	0.39999999999999997
ENSMUSG00000040097.17:B1	E:23990388-23990496	exon	random hexamer	4	0.07164498812594705	-0.39999999999999997
ENSMUSG00000040097.17:B1	J:23982292-23990388	junction	random hexamer	4	0.07164498812594705	-0.39999999999999997
ENSMUSG00000040111.18:B1	E:40257203-40257586	exon	random hexamer	4	0.18972590414866308	-0.39999999999999997
ENSMUSG00000040111.18:B1	E:40324592-40324670	exon	random hexamer	4	0.15640185849023291	0.7999999999999999
ENSMUSG00000040111.18:B1	E:40366589-40367060	exon	random hexamer	4	0.15640185849023291	0.39999999999999997
ENSMUSG00000040111.18:B1	J:40244951-40257203	junction	random hexamer	4	0.18972590414866308	-0.7999999999999999
ENSMUSG00000040111.18:B1	J:40244951-40324592	junction	random hexamer	4	0.15640185849023291	0.7999999999999999
ENSMUSG00000040111.18:B1	J:40324670-40366589	junction	random hexamer	4	0.15640185849023291	0.7999999999999999
ENSMUSG00000040111.18:B2	E:40211735-40211747	exon	random hexamer	3	0.23787210274398674	1.0
ENSMUSG00000040111.18:B2	J:40211392-40211735	junction	random hexamer	3	0.23787210274398674	1.0
ENSMUSG00000040111.18:B2	J:40211392-40214793	junction	random hexamer	3	0.2378721027439868	1.0
ENSMUSG00000040111.18:B2	J:40211747-40214793	junction	random hexamer	3	0.23787210274398674	1.0
ENSMUSG00000040249.16:B1	E:127456791-127457017	exon	poly(dT)	6	0.055298781287486665	-0.5428571428571429
ENSMUSG00000040249.16:B1	E:127456791-127457017	exon	random hexamer	6	0.055298781287486665	0.942857142857143
ENSMUSG00000040276.16:B1	E:27874521-27874733	exon	random hexamer	5	0.12955684959358243	-0.49999999999999994
ENSMUSG00000040276.16:B1	E:27904154-27904170	exon	random hexamer	5	0.12352514219288091	-0.09999999999999999
ENSMUSG00000040276.16:B1	E:27904170-27904399	exon	random hexamer	5	0.12955684959358238	0.6
ENSMUSG00000040276.16:B1	E:27920740-27920799	exon	random hexamer	5	0.07975593976802048	0.0
ENSMUSG00000040276.16:B1	J:27874733-27920799	junction	random hexamer	5	0.11636066909991166	0.09999999999999999
ENSMUSG00000040276.16:B1	J:27904399-27920740	junction	random hexamer	5	0.08705762587293542	0.5642880936468347
ENSMUSG00000040276.16:B1	J:27904399-27920799	junction	random hexamer	5	0.12352514219288091	0.09999999999999999
ENSMUSG00000040479.13:B1	E:91775518-91776269	exon	random hexamer	3	0.06051791048887434	-0.5
ENSMUSG00000040479.13:B1	E:91780565-91780772	exon	random hexamer	3	0.06051791048887434	0.5
ENSMUSG00000040479.13:B1	E:91793630-91794002	exon	random hexamer	3	0.1008016015003286	1.0
ENSMUSG00000040479.13:B1	E:91805911-91806209	exon	random hexamer	3	0.10523544900976706	1.0
ENSMUSG00000040479.13:B1	J:91775214-91775518	junction	random hexamer	3	0.06051791048887434	-1.0
ENSMUSG00000040479.13:B1	J:91775214-91793630	junction	random hexamer	3	0.1008016015003286	1.0
ENSMUSG00000040479.13:B1	J:91775214-91805911	junction	random hexamer	3	0.10523544900976706	1.0
ENSMUSG00000040479.13:B1	J:91776269-91780565	junction	random hexamer	3	0.06051791048887434	0.8660254037844387
ENSMUSG00000040479.13:B2	E:91763168-91763170	exon	random hexamer	4	0.10567148653138275	-0.10540925533894598
ENSMUSG00000040537.18:B1	E:8417982-8418077	exon	random hexamer	4	0.08862366252832199	0.0
ENSMUSG00000040537.18:B1	E:8418077-8418081	exon	random hexamer	4	0.058226270252309115	0.7999999999999999
ENSMUSG00000040640.12:B1	E:27344384-27344398	exon	poly(dT)	5	0.07005932856648478	-0.41039134083406165
ENSMUSG00000040640.12:B1	E:27344384-27344398	exon	random hexamer	6	0.1750252788064932	0.48571428571428577
ENSMUSG00000040640.12:B1	E:27498115-27498139	exon	poly(dT)	5	0.07005932856648478	0.0
ENSMUSG00000040640.12:B1	E:27498115-27498139	exon	random hexamer	6	0.1750252788064932	0.5428571428571429
ENSMUSG00000040640.12:B1	J:27375440-27498115	junction	poly(dT)	5	0.07005932856648478	0.09999999999999999
ENSMUSG00000040640.12:B1	J:27375440-27498115	junction	random hexamer	6	0.1750252788064932	0.2571428571428572
ENSMUSG00000040640.12:B1	J:27375440-27498782	junction	poly(dT)	5	0.06733431546510757	0.09999999999999999
ENSMUSG00000040640.12:B1	J:27375440-27498782	junction	random hexamer	6	0.17467125230437566	0.2
ENSMUSG00000040640.12:B1	J:27498139-27498782	junction	poly(dT)	5	0.07005932856648478	0.0
ENSMUSG00000040640.12:B1	J:27498139-27498782	junction	random hexamer	6	0.1750252788064932	0.14285714285714288
ENSMUSG00000040797.17:B1	E:121349891-121353490	exon	random hexamer	4	0.2655077692924711	-0.7999999999999999
ENSMUSG00000040797.17:B1	E:121356953-121357003	exon	random hexamer	4	0.2655077692924711	0.19999999999999998
ENSMUSG00000040797.17:B1	E:121358607-121358700	exon	random hexamer	4	0.2655077692924711	0.39999999999999997
ENSMUSG00000040797.17:B1	E:121360873-121361035	exon	random hexamer	4	0.2655077692924711	0.0
ENSMUSG00000040797.17:B1	E:121361160-121361260	exon	random hexamer	4	0.2655077692924711	-0.7999999999999999
ENSMUSG00000040797.17:B1	E:121363531-121363657	exon	random hexamer	4	0.2655077692924711	-0.6000000000000001
ENSMUSG00000040797.17:B1	E:121364692-121364832	exon	random hexamer	4	0.2655077692924711	-0.7999999999999999
ENSMUSG00000040797.17:B1	E:121366425-121366592	exon	random hexamer	4	0.2655077692924711	-0.6000000000000001
ENSMUSG00000040797.17:B1	E:121366958-121367081	exon	random hexamer	4	0.2655077692924711	-0.6000000000000001
ENSMUSG00000040797.17:B1	E:121381785-121387572	exon	random hexamer	4	0.265507769292471	0.7999999999999999
ENSMUSG00000040797.17:B1	J:121353490-121356953	junction	random hexamer	4	0.2655077692924711	0.39999999999999997
ENSMUSG00000040797.17:B1	J:121357003-121358607	junction	random hexamer	4	0.2655077692924711	0.19999999999999998
ENSMUSG00000040797.17:B1	J:121358700-121360873	junction	random hexamer	4	0.2655077692924711	0.7999999999999999
ENSMUSG00000040797.17:B1	J:121361035-121361160	junction	random hexamer	4	0.2655077692924711	-1.0
ENSMUSG00000040797.17:B1	J:121361260-121363531	junction	random hexamer	4	0.2655077692924711	-0.7999999999999999
ENSMUSG00000040797.17:B1	J:121363657-121364692	junction	random hexamer	4	0.2655077692924711	-0.6000000000000001
ENSMUSG00000040797.17:B1	J:121364832-121366425	junction	random hexamer	4	0.2655077692924711	-0.39999999999999997
ENSMUSG00000040797.17:B1	J:121366592-121366958	junction	random hexamer	4	0.2655077692924711	-0.7999999999999999
ENSMUSG00000040797.17:B1	J:121367081-121387572	junction	random hexamer	4	0.2655077692924711	0.7999999999999999
ENSMUSG00000040860.17:B2	E:140774082-140774166	exon	random hexamer	3	0.06260383522507781	1.0
ENSMUSG00000040860.17:B2	E:140774254-140774440	exon	random hexamer	3	0.06260383522507781	1.0
ENSMUSG00000040860.17:B2	J:140774008-140774082	junction	random hexamer	3	0.06260383522507781	0.5
ENSMUSG00000040860.17:B2	J:140774008-140778351	junction	random hexamer	3	0.06260383522507784	0.5
ENSMUSG00000040860.17:B2	J:140774166-140774254	junction	random hexamer	3	0.06260383522507781	1.0
ENSMUSG00000040860.17:B2	J:140774440-140778351	junction	random hexamer	3	0.06260383522507781	-0.5
ENSMUSG00000041351.17:B1	E:137408977-137409066	exon	random hexamer	6	0.050432308404662174	0.14285714285714288
ENSMUSG00000041351.17:B1	E:137410771-137410807	exon	random hexamer	6	0.050432308404662174	-0.5428571428571429
ENSMUSG00000041351.17:B1	E:137431384-137431478	exon	random hexamer	6	0.050432308404662174	-0.08571428571428573
ENSMUSG00000041351.17:B1	E:137434832-137434971	exon	random hexamer	6	0.050432308404662084	0.2571428571428572
ENSMUSG00000041351.17:B1	J:137409066-137410771	junction	random hexamer	6	0.050432308404662174	0.40583972495671394
ENSMUSG00000041351.17:B1	J:137410807-137431384	junction	random hexamer	6	0.050432308404662174	-0.7714285714285715
ENSMUSG00000041351.17:B1	J:137431478-137437197	junction	random hexamer	6	0.050432308404662174	0.028571428571428574
ENSMUSG00000041351.17:B1	J:137434971-137437197	junction	random hexamer	6	0.050432308404662084	-0.5768179036829705
ENSMUSG00000041670.20:B2	E:22356474-22357138	exon	random hexamer	4	0.05845046859207159	0.7999999999999999
ENSMUSG00000041670.20:B2	E:22357138-22358645	exon	random hexamer	4	0.07251341742278739	0.0
ENSMUSG00000042700.17:B1	E:82216799-82216850	exon	poly(dT)	3	0.061197277628021296	-0.5
ENSMUSG00000042700.17:B1	E:82281236-82281302	exon	poly(dT)	3	0.061197277628021296	1.0
ENSMUSG00000042700.17:B1	E:82312730-82312799	exon	poly(dT)	3	0.06048309545348035	-0.5
ENSMUSG00000042700.17:B1	J:82216850-82281236	junction	poly(dT)	3	0.061197277628021296	-0.5
ENSMUSG00000042700.17:B1	J:82281302-82312730	junction	poly(dT)	3	0.06048309545348035	-0.5
ENSMUSG00000042700.17:B1	J:82312799-82358122	junction	poly(dT)	3	0.06048309545348035	-0.5
ENSMUSG00000045103.20:B1	E:81992508-81992753	exon	random hexamer	3	0.12147667097802783	1.0
ENSMUSG00000045103.20:B1	E:82180233-82180295	exon	random hexamer	3	0.12147667097802783	1.0
ENSMUSG00000045103.20:B1	E:82389867-82389960	exon	random hexamer	3	0.12147667097802783	1.0
ENSMUSG00000045103.20:B1	E:82395031-82395109	exon	random hexamer	3	0.12147667097802783	1.0
ENSMUSG00000045103.20:B1	E:82418664-82418757	exon	random hexamer	3	0.12147667097802783	1.0
ENSMUSG00000045103.20:B1	E:82424790-82424963	exon	random hexamer	3	0.12147667097802783	1.0
ENSMUSG00000045103.20:B1	E:82533432-82533551	exon	random hexamer	3	0.12147667097802783	1.0
ENSMUSG00000045103.20:B1	E:82670867-82671052	exon	random hexamer	3	0.12147667097802783	1.0
ENSMUSG00000045103.20:B1	E:82672172-82672304	exon	random hexamer	3	0.12147667097802783	1.0
ENSMUSG00000045103.20:B1	E:82707653-82707842	exon	random hexamer	3	0.12147667097802783	1.0
ENSMUSG00000045103.20:B1	E:82708653-82708835	exon	random hexamer	3	0.12147667097802783	1.0
ENSMUSG00000045103.20:B1	E:82721884-82722035	exon	random hexamer	3	0.12147667097802783	1.0
ENSMUSG00000045103.20:B1	E:82735373-82735493	exon	random hexamer	3	0.12147667097802783	1.0
ENSMUSG00000045103.20:B1	E:82757708-82757810	exon	random hexamer	3	0.12147667097802783	1.0
ENSMUSG00000045103.20:B1	E:82757905-82758013	exon	random hexamer	3	0.12147667097802783	1.0
ENSMUSG00000045103.20:B1	E:82765473-82765653	exon	random hexamer	3	0.12147667097802783	1.0
ENSMUSG00000045103.20:B1	E:82772926-82773102	exon	random hexamer	3	0.12147667097802783	1.0
ENSMUSG00000045103.20:B1	E:82798982-82799106	exon	random hexamer	3	0.12147667097802783	1.0
ENSMUSG00000045103.20:B1	E:82816140-82816228	exon	random hexamer	3	0.12147667097802783	1.0
ENSMUSG00000045103.20:B1	E:82825134-82825376	exon	random hexamer	3	0.12147667097802783	1.0
ENSMUSG00000045103.20:B1	E:82829740-82829921	exon	random hexamer	3	0.12147667097802783	1.0
ENSMUSG00000045103.20:B1	E:82845852-82845998	exon	random hexamer	3	0.12147667097802783	1.0
ENSMUSG00000045103.20:B1	E:82846911-82847124	exon	random hexamer	3	0.12147667097802783	1.0
ENSMUSG00000045103.20:B1	E:82849731-82849845	exon	random hexamer	3	0.12147667097802783	1.0
ENSMUSG00000045103.20:B1	E:82850941-82851097	exon	random hexamer	3	0.12147667097802783	1.0
ENSMUSG00000045103.20:B1	E:82857080-82857251	exon	random hexamer	3	0.12147667097802783	1.0
ENSMUSG00000045103.20:B1	E:82861737-82861920	exon	random hexamer	3	0.12147667097802783	1.0
ENSMUSG00000045103.20:B1	E:82871560-82871695	exon	random hexamer	3	0.12147667097802783	1.0
ENSMUSG00000045103.20:B1	E:82874025-82874175	exon	random hexamer	3	0.12147667097802783	1.0
ENSMUSG00000045103.20:B1	E:82899311-82899473	exon	random hexamer	3	0.12147667097802783	1.0
ENSMUSG00000045103.20:B1	E:82921652-82921763	exon	random hexamer	3	0.12147667097802783	1.0
ENSMUSG00000045103.20:B1	E:82922081-82922255	exon	random hexamer	3	0.12147667097802783	1.0
ENSMUSG00000045103.20:B1	E:82924884-82925040	exon	random hexamer	3	0.12147667097802783	1.0
ENSMUSG00000045103.20:B1	E:82930668-82930839	exon	random hexamer	3	0.12147667097802783	1.0
ENSMUSG00000045103.20:B1	E:82948553-82948733	exon	random hexamer	3	0.12147667097802783	1.0
ENSMUSG00000045103.20:B1	E:82949594-82949723	exon	random hexamer	3	0.12147667097802783	1.0
ENSMUSG00000045103.20:B1	E:82951986-82952157	exon	random hexamer	3	0.12147667097802783	1.0
ENSMUSG00000045103.20:B1	E:82966072-82966195	exon	random hexamer	3	0.12147667097802783	1.0
ENSMUSG00000045103.20:B1	E:82968457-82968595	exon	random hexamer	3	0.12147667097802783	1.0
ENSMUSG00000045103.20:B1	E:82971450-82971603	exon	random hexamer	3	0.12147667097802783	1.0
ENSMUSG00000045103.20:B1	E:82972408-82972591	exon	random hexamer	3	0.12147667097802783	0.5
ENSMUSG00000045103.20:B1	E:82998568-82998763	exon	random hexamer	3	0.12147667097802783	1.0
ENSMUSG00000045103.20:B1	E:83008274-83008447	exon	random hexamer	3	0.12147667097802783	1.0
ENSMUSG00000045103.20:B1	E:83065870-83066018	exon	random hexamer	3	0.12147667097802783	1.0
ENSMUSG00000045103.20:B1	E:83315557-83315733	exon	random hexamer	3	0.12147667097802783	1.0
ENSMUSG00000045103.20:B1	E:83353404-83353546	exon	random hexamer	3	0.12147667097802783	1.0
ENSMUSG00000045103.20:B1	E:83356082-83356232	exon	random hexamer	3	0.12147667097802783	1.0
ENSMUSG00000045103.20:B1	E:83416988-83417153	exon	random hexamer	3	0.12147667097802783	1.0
ENSMUSG00000045103.20:B1	E:83469313-83469415	exon	random hexamer	3	0.12147667097802783	0.5
ENSMUSG00000045103.20:B1	E:83475489-83475598	exon	random hexamer	3	0.12147667097802783	1.0
ENSMUSG00000045103.20:B1	E:83517739-83517972	exon	random hexamer	3	0.12147667097802783	0.5
ENSMUSG00000045103.20:B1	E:83575479-83575597	exon	random hexamer	3	0.12147667097802783	1.0
ENSMUSG00000045103.20:B1	E:83619165-83619377	exon	random hexamer	3	0.12147667097802783	1.0
ENSMUSG00000045103.20:B1	E:83642701-83642856	exon	random hexamer	3	0.12147667097802783	0.5
ENSMUSG00000045103.20:B1	E:83690642-83690832	exon	random hexamer	3	0.12147667097802783	1.0
ENSMUSG00000045103.20:B1	E:83817187-83817360	exon	random hexamer	3	0.12147667097802783	0.5
ENSMUSG00000045103.20:B1	E:83825524-83825681	exon	random hexamer	3	0.12147667097802783	0.5
ENSMUSG00000045103.20:B1	E:83860903-83861024	exon	random hexamer	3	0.12147667097802783	1.0
ENSMUSG00000045103.20:B1	E:83861632-83861901	exon	random hexamer	3	0.12147667097802783	1.0
ENSMUSG00000045103.20:B1	E:83892253-83892400	exon	random hexamer	3	0.12147667097802783	1.0
ENSMUSG00000045103.20:B1	E:83987750-83987829	exon	random hexamer	3	0.12147667097802783	1.0
ENSMUSG00000045103.20:B1	E:84018310-84018371	exon	random hexamer	3	0.12147667097802783	1.0
ENSMUSG00000045103.20:B1	E:84092018-84092065	exon	random hexamer	3	0.12147667097802792	-0.5
ENSMUSG00000045103.20:B1	J:82180295-82389867	junction	random hexamer	3	0.12147667097802783	1.0
ENSMUSG00000045103.20:B1	J:82389960-82395031	junction	random hexamer	3	0.12147667097802783	1.0
ENSMUSG00000045103.20:B1	J:82395109-82418664	junction	random hexamer	3	0.12147667097802783	1.0
ENSMUSG00000045103.20:B1	J:82418757-82424790	junction	random hexamer	3	0.12147667097802783	1.0
ENSMUSG00000045103.20:B1	J:82424963-82533432	junction	random hexamer	3	0.12147667097802783	1.0
ENSMUSG00000045103.20:B1	J:82533551-82670867	junction	random hexamer	3	0.12147667097802783	1.0
ENSMUSG00000045103.20:B1	J:82671052-82672172	junction	random hexamer	3	0.12147667097802783	1.0
ENSMUSG00000045103.20:B1	J:82672304-82707653	junction	random hexamer	3	0.12147667097802783	1.0
ENSMUSG00000045103.20:B1	J:82707842-82708653	junction	random hexamer	3	0.12147667097802783	1.0
ENSMUSG00000045103.20:B1	J:82708835-82721884	junction	random hexamer	3	0.12147667097802783	1.0
ENSMUSG00000045103.20:B1	J:82722035-82735373	junction	random hexamer	3	0.12147667097802783	1.0
ENSMUSG00000045103.20:B1	J:82735493-82757708	junction	random hexamer	3	0.12147667097802783	1.0
ENSMUSG00000045103.20:B1	J:82757810-82757905	junction	random hexamer	3	0.12147667097802783	1.0
ENSMUSG00000045103.20:B1	J:82758013-82765473	junction	random hexamer	3	0.12147667097802783	1.0
ENSMUSG00000045103.20:B1	J:82765653-82772926	junction	random hexamer	3	0.12147667097802783	1.0
ENSMUSG00000045103.20:B1	J:82773102-82798982	junction	random hexamer	3	0.12147667097802783	1.0
ENSMUSG00000045103.20:B1	J:82799106-82816140	junction	random hexamer	3	0.12147667097802783	1.0
ENSMUSG00000045103.20:B1	J:82816228-82825134	junction	random hexamer	3	0.12147667097802783	1.0
ENSMUSG00000045103.20:B1	J:82825376-82829740	junction	random hexamer	3	0.12147667097802783	1.0
ENSMUSG00000045103.20:B1	J:82829921-82845852	junction	random hexamer	3	0.12147667097802783	1.0
ENSMUSG00000045103.20:B1	J:82845998-82846911	junction	random hexamer	3	0.12147667097802783	1.0
ENSMUSG00000045103.20:B1	J:82847124-82849731	junction	random hexamer	3	0.12147667097802783	1.0
ENSMUSG00000045103.20:B1	J:82849845-82850941	junction	random hexamer	3	0.12147667097802783	1.0
ENSMUSG00000045103.20:B1	J:82851097-82857080	junction	random hexamer	3	0.12147667097802783	1.0
ENSMUSG00000045103.20:B1	J:82857251-82861737	junction	random hexamer	3	0.12147667097802783	1.0
ENSMUSG00000045103.20:B1	J:82861920-82871560	junction	random hexamer	3	0.12147667097802783	1.0
ENSMUSG00000045103.20:B1	J:82871695-82874025	junction	random hexamer	3	0.12147667097802783	1.0
ENSMUSG00000045103.20:B1	J:82874175-82899311	junction	random hexamer	3	0.12147667097802783	1.0
ENSMUSG00000045103.20:B1	J:82899473-82921652	junction	random hexamer	3	0.12147667097802783	1.0
ENSMUSG00000045103.20:B1	J:82921763-82922081	junction	random hexamer	3	0.12147667097802783	1.0
ENSMUSG00000045103.20:B1	J:82922255-82924884	junction	random hexamer	3	0.12147667097802783	1.0
ENSMUSG00000045103.20:B1	J:82925040-82930668	junction	random hexamer	3	0.12147667097802783	1.0
ENSMUSG00000045103.20:B1	J:82930839-82948553	junction	random hexamer	3	0.12147667097802783	1.0
ENSMUSG00000045103.20:B1	J:82948733-82949594	junction	random hexamer	3	0.12147667097802783	1.0
ENSMUSG00000045103.20:B1	J:82949723-82951986	junction	random hexamer	3	0.12147667097802783	1.0
ENSMUSG00000045103.20:B1	J:82952157-82966072	junction	random hexamer	3	0.12147667097802783	1.0
ENSMUSG00000045103.20:B1	J:82966195-82968457	junction	random hexamer	3	0.12147667097802783	1.0
ENSMUSG00000045103.20:B1	J:82968595-82971450	junction	random hexamer	3	0.12147667097802783	1.0
ENSMUSG00000045103.20:B1	J:82971603-82972408	junction	random hexamer	3	0.12147667097802783	0.5
ENSMUSG00000045103.20:B1	J:82972591-82998568	junction	random hexamer	3	0.12147667097802783	0.5
ENSMUSG00000045103.20:B1	J:82998763-83008274	junction	random hexamer	3	0.12147667097802783	1.0
ENSMUSG00000045103.20:B1	J:83008447-83065870	junction	random hexamer	3	0.12147667097802783	1.0
ENSMUSG00000045103.20:B1	J:83066018-83315557	junction	random hexamer	3	0.12147667097802783	1.0
ENSMUSG00000045103.20:B1	J:83315733-83353404	junction	random hexamer	3	0.12147667097802783	1.0
ENSMUSG00000045103.20:B1	J:83353546-83356082	junction	random hexamer	3	0.12147667097802783	1.0
ENSMUSG00000045103.20:B1	J:83356232-83416988	junction	random hexamer	3	0.12147667097802783	1.0
ENSMUSG00000045103.20:B1	J:83417153-83469313	junction	random hexamer	3	0.12147667097802783	0.5
ENSMUSG00000045103.20:B1	J:83469415-83475489	junction	random hexamer	3	0.12147667097802783	0.5
ENSMUSG00000045103.20:B1	J:83475598-83517739	junction	random hexamer	3	0.12147667097802783	1.0
ENSMUSG00000045103.20:B1	J:83517972-83575479	junction	random hexamer	3	0.12147667097802783	1.0
ENSMUSG00000045103.20:B1	J:83575597-83619165	junction	random hexamer	3	0.12147667097802783	1.0
ENSMUSG00000045103.20:B1	J:83619377-83642701	junction	random hexamer	3	0.12147667097802783	1.0
ENSMUSG00000045103.20:B1	J:83642856-83690642	junction	random hexamer	3	0.12147667097802783	1.0
ENSMUSG00000045103.20:B1	J:83690832-83817187	junction	random hexamer	3	0.12147667097802783	1.0
ENSMUSG00000045103.20:B1	J:83817360-83825524	junction	random hexamer	3	0.12147667097802783	0.5
ENSMUSG00000045103.20:B1	J:83825681-83860903	junction	random hexamer	3	0.12147667097802783	-0.5
ENSMUSG00000045103.20:B1	J:83861024-83861632	junction	random hexamer	3	0.12147667097802783	-0.5
ENSMUSG00000045103.20:B1	J:83861901-83892253	junction	random hexamer	3	0.12147667097802783	0.5
ENSMUSG00000045103.20:B1	J:83892400-83987750	junction	random hexamer	3	0.12147667097802783	1.0
ENSMUSG00000045103.20:B1	J:83987829-84018310	junction	random hexamer	3	0.12147667097802783	0.5
ENSMUSG00000045103.20:B1	J:84018371-84097576	junction	random hexamer	3	0.12147667097802783	1.0
ENSMUSG00000045103.20:B1	J:84092065-84097576	junction	random hexamer	3	0.12147667097802792	0.5
ENSMUSG00000048078.17:B1	E:95820452-95820700	exon	random hexamer	4	0.10196875486498636	-0.39999999999999997
ENSMUSG00000048078.17:B1	E:95860877-95861197	exon	random hexamer	4	0.10196875486498636	-0.7999999999999999
ENSMUSG00000048078.17:B1	J:95820700-96004562	junction	random hexamer	4	0.10196875486498636	0.19999999999999998
ENSMUSG00000048078.17:B1	J:95861197-96004562	junction	random hexamer	4	0.10196875486498636	-0.7999999999999999
ENSMUSG00000049044.17:B1	E:71811583-71811630	exon	poly(dT)	5	0.5245497242434066	0.09999999999999999
ENSMUSG00000049044.17:B1	E:71811583-71811630	exon	random hexamer	6	0.5658096872285319	-0.4285714285714286
ENSMUSG00000049044.17:B1	E:71811630-71811695	exon	poly(dT)	5	0.09869387612697678	0.8999999999999998
ENSMUSG00000049044.17:B1	E:71811630-71811695	exon	random hexamer	6	0.09869387612697678	0.2571428571428572
ENSMUSG00000049044.17:B1	E:71861376-71861519	exon	poly(dT)	5	0.09869387612697678	0.6
ENSMUSG00000049044.17:B1	E:71861376-71861519	exon	random hexamer	6	0.09869387612697678	-0.14285714285714288
ENSMUSG00000049044.17:B1	E:71864374-71864463	exon	poly(dT)	5	0.09869387612697678	0.6
ENSMUSG00000049044.17:B1	E:71864374-71864463	exon	random hexamer	6	0.09869387612697678	0.4285714285714286
ENSMUSG00000049044.17:B1	E:71875445-71875592	exon	poly(dT)	5	0.09869387612697678	0.0
ENSMUSG00000049044.17:B1	E:71875445-71875592	exon	random hexamer	6	0.09869387612697678	0.48571428571428577
ENSMUSG00000049044.17:B1	E:71884947-71885368	exon	poly(dT)	5	0.09869387612697672	-0.39999999999999997
ENSMUSG00000049044.17:B1	E:71884947-71885368	exon	random hexamer	6	0.09869387612697672	-0.08571428571428573
ENSMUSG00000049044.17:B1	J:71811695-71861376	junction	poly(dT)	5	0.09869387612697678	0.7
ENSMUSG00000049044.17:B1	J:71811695-71861376	junction	random hexamer	6	0.09869387612697678	0.2571428571428572
ENSMUSG00000049044.17:B1	J:71861519-71864374	junction	poly(dT)	5	0.09869387612697678	-0.09999999999999999
ENSMUSG00000049044.17:B1	J:71861519-71864374	junction	random hexamer	6	0.09869387612697678	0.2
ENSMUSG00000049044.17:B1	J:71864463-71875445	junction	poly(dT)	5	0.09869387612697678	0.3
ENSMUSG00000049044.17:B1	J:71864463-71875445	junction	random hexamer	6	0.09869387612697678	0.2
ENSMUSG00000049044.17:B1	J:71875592-71967585	junction	poly(dT)	5	0.09869387612697678	0.19999999999999998
ENSMUSG00000049044.17:B1	J:71875592-71967585	junction	random hexamer	6	0.09869387612697678	0.08571428571428573
ENSMUSG00000049044.17:B1	J:71885368-71967585	junction	poly(dT)	5	0.09869387612697672	0.5642880936468347
ENSMUSG00000049044.17:B1	J:71885368-71967585	junction	random hexamer	6	0.09869387612697672	0.8196885999705371
ENSMUSG00000049044.17:B2	E:72004766-72004820	exon	poly(dT)	4	0.5117488830726485	0.19999999999999998
ENSMUSG00000049044.17:B2	E:72004766-72004820	exon	random hexamer	6	0.5119723519355037	-0.028571428571428574
ENSMUSG00000049044.17:B2	J:71971516-72004766	junction	poly(dT)	4	0.5117488830726485	0.39999999999999997
ENSMUSG00000049044.17:B2	J:71971516-72004766	junction	random hexamer	6	0.5119723519355037	0.6
ENSMUSG00000049044.17:B2	J:71971516-72005145	junction	poly(dT)	4	0.5117488830726484	-1.0
ENSMUSG00000049044.17:B2	J:71971516-72005145	junction	random hexamer	6	0.5119723519355036	-0.2
ENSMUSG00000049044.17:B2	J:72004820-72005145	junction	poly(dT)	4	0.5117488830726485	0.39999999999999997
ENSMUSG00000049044.17:B2	J:72004820-72005145	junction	random hexamer	6	0.5119723519355037	0.3714285714285715
ENSMUSG00000049583.16:B1	E:87233600-87233748	exon	random hexamer	3	0.10051843930949556	-0.5
ENSMUSG00000049583.16:B1	E:87245323-87245470	exon	random hexamer	3	0.10051843930949556	0.5
ENSMUSG00000049583.16:B1	E:87251553-87251648	exon	random hexamer	3	0.10051843930949556	0.5
ENSMUSG00000049583.16:B1	E:87251648-87251751	exon	random hexamer	3	0.06973098968598967	-1.0
ENSMUSG00000049583.16:B1	J:87233748-87245323	junction	random hexamer	3	0.10051843930949556	-0.5
ENSMUSG00000049583.16:B1	J:87245470-87251553	junction	random hexamer	3	0.10051843930949556	0.5
ENSMUSG00000049583.16:B2	E:87765400-87765496	exon	random hexamer	4	0.06032814801428879	0.39999999999999997
ENSMUSG00000049583.16:B2	J:87724338-87765400	junction	random hexamer	4	0.06032814801428879	-0.39999999999999997
ENSMUSG00000049583.16:B2	J:87724338-87779188	junction	random hexamer	4	0.06032814801428865	0.19999999999999998
ENSMUSG00000049583.16:B2	J:87765496-87779188	junction	random hexamer	4	0.06032814801428879	0.39999999999999997
ENSMUSG00000050556.10:B1	E:167030708-167030738	exon	random hexamer	3	0.051158583447114214	0.5
ENSMUSG00000050556.10:B1	E:167031740-167032075	exon	random hexamer	3	0.051158583447114284	-0.5
ENSMUSG00000050556.10:B1	J:167030708-167031740	junction	random hexamer	3	0.051158583447114284	-0.8660254037844387
ENSMUSG00000050812.19:B2	E:58798910-58800320	exon	poly(dT)	6	0.17600113297741526	0.3714285714285715
ENSMUSG00000050812.19:B2	E:58798910-58800320	exon	random hexamer	3	0.06603639825616858	1.0
ENSMUSG00000050812.19:B2	E:58801732-58801804	exon	poly(dT)	6	0.17600113297741526	0.3714285714285715
ENSMUSG00000050812.19:B2	E:58801732-58801804	exon	random hexamer	3	0.06603639825616858	-1.0
ENSMUSG00000050812.19:B2	E:58803669-58803758	exon	poly(dT)	6	0.17600113297741526	0.6
ENSMUSG00000050812.19:B2	E:58803669-58803758	exon	random hexamer	3	0.06603639825616858	-0.5
ENSMUSG00000050812.19:B2	E:58805540-58805646	exon	poly(dT)	6	0.17600113297741526	0.7714285714285715
ENSMUSG00000050812.19:B2	E:58805540-58805646	exon	random hexamer	3	0.06603639825616858	1.0
ENSMUSG00000050812.19:B2	E:58807750-58807889	exon	poly(dT)	6	0.17600113297741526	0.5428571428571429
ENSMUSG00000050812.19:B2	E:58807750-58807889	exon	random hexamer	3	0.06603639825616858	0.5
ENSMUSG00000050812.19:B2	E:58809395-58809588	exon	poly(dT)	6	0.17600113297741526	0.7714285714285715
ENSMUSG00000050812.19:B2	E:58809395-58809588	exon	random hexamer	3	0.06603639825616858	0.5
ENSMUSG00000050812.19:B2	E:58809681-58809725	exon	poly(dT)	6	0.17600113297741526	0.3142857142857143
ENSMUSG00000050812.19:B2	E:58809681-58809725	exon	random hexamer	3	0.06603639825616858	0.5
ENSMUSG00000050812.19:B2	E:58810615-58810824	exon	poly(dT)	6	0.17600113297741526	0.3714285714285715
ENSMUSG00000050812.19:B2	E:58810615-58810824	exon	random hexamer	3	0.06603639825616858	1.0
ENSMUSG00000050812.19:B2	E:58811370-58811562	exon	poly(dT)	6	0.17600113297741526	0.6
ENSMUSG00000050812.19:B2	E:58811370-58811562	exon	random hexamer	3	0.06603639825616858	-0.5
ENSMUSG00000050812.19:B2	E:58811708-58811775	exon	poly(dT)	6	0.17600113297741526	0.7142857142857143
ENSMUSG00000050812.19:B2	E:58811708-58811775	exon	random hexamer	3	0.06603639825616858	0.5
ENSMUSG00000050812.19:B2	E:58811851-58811943	exon	poly(dT)	6	0.17600113297741526	0.7142857142857143
ENSMUSG00000050812.19:B2	E:58811851-58811943	exon	random hexamer	3	0.06603639825616858	0.5
ENSMUSG00000050812.19:B2	E:58812643-58812710	exon	poly(dT)	6	0.17600113297741526	0.08571428571428573
ENSMUSG00000050812.19:B2	E:58812643-58812710	exon	random hexamer	3	0.06603639825616858	-0.5
ENSMUSG00000050812.19:B2	E:58813991-58814081	exon	poly(dT)	6	0.17600113297741526	0.2732295333235123
ENSMUSG00000050812.19:B2	E:58813991-58814081	exon	random hexamer	3	0.06603639825616858	0.5
ENSMUSG00000050812.19:B2	E:58815258-58815324	exon	poly(dT)	6	0.17600113297741526	0.942857142857143
ENSMUSG00000050812.19:B2	E:58815258-58815324	exon	random hexamer	3	0.06603639825616858	1.0
ENSMUSG00000050812.19:B2	E:58817399-58817550	exon	poly(dT)	6	0.17600113297741526	0.7714285714285715
ENSMUSG00000050812.19:B2	E:58817399-58817550	exon	random hexamer	3	0.06603639825616858	1.0
ENSMUSG00000050812.19:B2	E:58819142-58819264	exon	poly(dT)	6	0.17600113297741526	0.08571428571428573
ENSMUSG00000050812.19:B2	E:58819142-58819264	exon	random hexamer	3	0.06603639825616858	0.5
ENSMUSG00000050812.19:B2	E:58820127-58820175	exon	poly(dT)	6	0.17600113297741526	0.2
ENSMUSG00000050812.19:B2	E:58820127-58820175	exon	random hexamer	3	0.06603639825616858	0.5
ENSMUSG00000050812.19:B2	E:58821362-58821468	exon	poly(dT)	6	0.17600113297741526	0.4285714285714286
ENSMUSG00000050812.19:B2	E:58821362-58821468	exon	random hexamer	3	0.06603639825616858	0.5
ENSMUSG00000050812.19:B2	E:58822035-58822115	exon	poly(dT)	6	0.17600113297741526	0.3714285714285715
ENSMUSG00000050812.19:B2	E:58822035-58822115	exon	random hexamer	3	0.06603639825616858	0.5
ENSMUSG00000050812.19:B2	E:58824165-58824333	exon	poly(dT)	6	0.17600113297741526	0.4285714285714286
ENSMUSG00000050812.19:B2	E:58824165-58824333	exon	random hexamer	3	0.06603639825616858	-0.5
ENSMUSG00000050812.19:B2	E:58824697-58824815	exon	poly(dT)	6	0.17600113297741526	0.45538255553918716
ENSMUSG00000050812.19:B2	E:58824697-58824815	exon	random hexamer	3	0.06603639825616858	0.5
ENSMUSG00000050812.19:B2	E:58826401-58826470	exon	poly(dT)	6	0.17600113297741526	0.7142857142857143
ENSMUSG00000050812.19:B2	E:58826401-58826470	exon	random hexamer	3	0.06603639825616858	0.5
ENSMUSG00000050812.19:B2	E:58827036-58827151	exon	poly(dT)	6	0.17600113297741526	0.48571428571428577
ENSMUSG00000050812.19:B2	E:58827036-58827151	exon	random hexamer	3	0.06603639825616858	-1.0
ENSMUSG00000050812.19:B2	E:58828007-58828062	exon	poly(dT)	6	0.17600113297741526	0.5428571428571429
ENSMUSG00000050812.19:B2	E:58828007-58828062	exon	random hexamer	3	0.06603639825616858	-0.5
ENSMUSG00000050812.19:B2	E:58828506-58828652	exon	poly(dT)	6	0.17600113297741526	0.14285714285714288
ENSMUSG00000050812.19:B2	E:58828506-58828652	exon	random hexamer	3	0.06603639825616858	-0.5
ENSMUSG00000050812.19:B2	E:58830333-58830457	exon	poly(dT)	6	0.17600113297741526	0.3714285714285715
ENSMUSG00000050812.19:B2	E:58830333-58830457	exon	random hexamer	3	0.06603639825616858	-0.5
ENSMUSG00000050812.19:B2	E:58832703-58832805	exon	poly(dT)	6	0.17600113297741526	0.7714285714285715
ENSMUSG00000050812.19:B2	E:58832703-58832805	exon	random hexamer	3	0.06603639825616858	-0.5
ENSMUSG00000050812.19:B2	E:58833925-58834098	exon	poly(dT)	6	0.17600113297741526	0.2
ENSMUSG00000050812.19:B2	E:58833925-58834098	exon	random hexamer	3	0.06603639825616858	1.0
ENSMUSG00000050812.19:B2	E:58834496-58834659	exon	poly(dT)	6	0.17600113297741526	0.942857142857143
ENSMUSG00000050812.19:B2	E:58834496-58834659	exon	random hexamer	3	0.06603639825616858	0.5
ENSMUSG00000050812.19:B2	E:58836121-58836256	exon	poly(dT)	6	0.17600113297741526	0.7142857142857143
ENSMUSG00000050812.19:B2	E:58836121-58836256	exon	random hexamer	3	0.06603639825616858	1.0
ENSMUSG00000050812.19:B2	E:58840674-58840766	exon	poly(dT)	6	0.17600113297741526	-0.6571428571428573
ENSMUSG00000050812.19:B2	E:58840674-58840766	exon	random hexamer	3	0.06603639825616858	0.5
ENSMUSG00000050812.19:B2	E:58841382-58841605	exon	poly(dT)	6	0.17600113297741526	0.028571428571428574
ENSMUSG00000050812.19:B2	E:58841382-58841605	exon	random hexamer	3	0.06603639825616858	0.5
ENSMUSG00000050812.19:B2	E:58842567-58842648	exon	poly(dT)	6	0.17600113297741526	-0.3714285714285715
ENSMUSG00000050812.19:B2	E:58842567-58842648	exon	random hexamer	3	0.06603639825616858	1.0
ENSMUSG00000050812.19:B2	E:58844078-58844202	exon	poly(dT)	6	0.17600113297741526	0.2571428571428572
ENSMUSG00000050812.19:B2	E:58844078-58844202	exon	random hexamer	3	0.06603639825616858	1.0
ENSMUSG00000050812.19:B2	E:58846998-58847102	exon	poly(dT)	6	0.17600113297741526	0.08571428571428573
ENSMUSG00000050812.19:B2	E:58846998-58847102	exon	random hexamer	3	0.06603639825616858	0.5
ENSMUSG00000050812.19:B2	E:58849679-58849802	exon	poly(dT)	6	0.17600113297741526	0.6
ENSMUSG00000050812.19:B2	E:58849679-58849802	exon	random hexamer	3	0.06603639825616858	0.5
ENSMUSG00000050812.19:B2	E:58849886-58849953	exon	poly(dT)	6	0.17600113297741526	0.7142857142857143
ENSMUSG00000050812.19:B2	E:58849886-58849953	exon	random hexamer	3	0.06603639825616858	0.5
ENSMUSG00000050812.19:B2	E:58850903-58850953	exon	poly(dT)	6	0.17600113297741526	0.8285714285714287
ENSMUSG00000050812.19:B2	E:58850903-58850953	exon	random hexamer	3	0.06603639825616858	-0.5
ENSMUSG00000050812.19:B2	E:58853115-58853194	exon	poly(dT)	6	0.17600113297741526	-0.028571428571428574
ENSMUSG00000050812.19:B2	E:58853115-58853194	exon	random hexamer	3	0.06603639825616858	-0.5
ENSMUSG00000050812.19:B2	E:58853650-58853736	exon	poly(dT)	6	0.17600113297741526	0.48571428571428577
ENSMUSG00000050812.19:B2	E:58853650-58853736	exon	random hexamer	3	0.06603639825616858	-0.5
ENSMUSG00000050812.19:B2	E:58860795-58860968	exon	poly(dT)	6	0.17600113297741538	-0.2571428571428572
ENSMUSG00000050812.19:B2	E:58860795-58860968	exon	random hexamer	3	0.06603639825616862	-0.5
ENSMUSG00000050812.19:B2	J:58800320-58801732	junction	poly(dT)	6	0.17600113297741526	0.2571428571428572
ENSMUSG00000050812.19:B2	J:58800320-58801732	junction	random hexamer	3	0.06603639825616858	-1.0
ENSMUSG00000050812.19:B2	J:58801804-58803669	junction	poly(dT)	6	0.17600113297741526	0.3714285714285715
ENSMUSG00000050812.19:B2	J:58801804-58803669	junction	random hexamer	3	0.06603639825616858	-0.5
ENSMUSG00000050812.19:B2	J:58803758-58805540	junction	poly(dT)	6	0.17600113297741526	0.3142857142857143
ENSMUSG00000050812.19:B2	J:58803758-58805540	junction	random hexamer	3	0.06603639825616858	-0.5
ENSMUSG00000050812.19:B2	J:58805646-58807750	junction	poly(dT)	6	0.17600113297741526	0.6
ENSMUSG00000050812.19:B2	J:58805646-58807750	junction	random hexamer	3	0.06603639825616858	0.5
ENSMUSG00000050812.19:B2	J:58807889-58809395	junction	poly(dT)	6	0.17600113297741526	0.7142857142857143
ENSMUSG00000050812.19:B2	J:58807889-58809395	junction	random hexamer	3	0.06603639825616858	-0.5
ENSMUSG00000050812.19:B2	J:58809588-58809681	junction	poly(dT)	6	0.17600113297741526	0.2571428571428572
ENSMUSG00000050812.19:B2	J:58809588-58809681	junction	random hexamer	3	0.06603639825616858	0.5
ENSMUSG00000050812.19:B2	J:58809725-58810615	junction	poly(dT)	6	0.17600113297741526	0.028571428571428574
ENSMUSG00000050812.19:B2	J:58809725-58810615	junction	random hexamer	3	0.06603639825616858	0.5
ENSMUSG00000050812.19:B2	J:58810824-58811370	junction	poly(dT)	6	0.17600113297741526	1.0
ENSMUSG00000050812.19:B2	J:58810824-58811370	junction	random hexamer	3	0.06603639825616858	-1.0
ENSMUSG00000050812.19:B2	J:58811562-58811708	junction	poly(dT)	6	0.17600113297741526	0.6
ENSMUSG00000050812.19:B2	J:58811562-58811708	junction	random hexamer	3	0.06603639825616858	0.5
ENSMUSG00000050812.19:B2	J:58811775-58811851	junction	poly(dT)	6	0.17600113297741526	0.48571428571428577
ENSMUSG00000050812.19:B2	J:58811775-58811851	junction	random hexamer	3	0.06603639825616858	0.5
ENSMUSG00000050812.19:B2	J:58811943-58812643	junction	poly(dT)	6	0.17600113297741526	-0.6
ENSMUSG00000050812.19:B2	J:58811943-58812643	junction	random hexamer	3	0.06603639825616858	-1.0
ENSMUSG00000050812.19:B2	J:58812710-58813991	junction	poly(dT)	6	0.17600113297741526	0.33394720739540396
ENSMUSG00000050812.19:B2	J:58812710-58813991	junction	random hexamer	3	0.06603639825616858	1.0
ENSMUSG00000050812.19:B2	J:58814081-58815258	junction	poly(dT)	6	0.17600113297741526	0.6546536707079772
ENSMUSG00000050812.19:B2	J:58814081-58815258	junction	random hexamer	3	0.06603639825616858	1.0
ENSMUSG00000050812.19:B2	J:58815324-58817399	junction	poly(dT)	6	0.17600113297741526	0.6546536707079772
ENSMUSG00000050812.19:B2	J:58815324-58817399	junction	random hexamer	3	0.06603639825616858	1.0
ENSMUSG00000050812.19:B2	J:58817550-58819142	junction	poly(dT)	6	0.17600113297741526	0.7142857142857143
ENSMUSG00000050812.19:B2	J:58817550-58819142	junction	random hexamer	3	0.06603639825616858	-0.5
ENSMUSG00000050812.19:B2	J:58819264-58820127	junction	poly(dT)	6	0.17600113297741526	0.2571428571428572
ENSMUSG00000050812.19:B2	J:58819264-58820127	junction	random hexamer	3	0.06603639825616858	-0.5
ENSMUSG00000050812.19:B2	J:58820175-58821362	junction	poly(dT)	6	0.17600113297741526	0.2
ENSMUSG00000050812.19:B2	J:58820175-58821362	junction	random hexamer	3	0.06603639825616858	-1.0
ENSMUSG00000050812.19:B2	J:58821468-58822035	junction	poly(dT)	6	0.17600113297741526	-0.5428571428571429
ENSMUSG00000050812.19:B2	J:58821468-58822035	junction	random hexamer	3	0.06603639825616858	0.5
ENSMUSG00000050812.19:B2	J:58822115-58824165	junction	poly(dT)	6	0.17600113297741526	0.2571428571428572
ENSMUSG00000050812.19:B2	J:58822115-58824165	junction	random hexamer	3	0.06603639825616858	0.5
ENSMUSG00000050812.19:B2	J:58824333-58824697	junction	poly(dT)	6	0.17600113297741526	-0.16903085094570333
ENSMUSG00000050812.19:B2	J:58824333-58824697	junction	random hexamer	3	0.06603639825616858	-0.5
ENSMUSG00000050812.19:B2	J:58824815-58826401	junction	random hexamer	3	0.06603639825616858	-0.5
ENSMUSG00000050812.19:B2	J:58826470-58827036	junction	poly(dT)	6	0.17600113297741526	0.2
ENSMUSG00000050812.19:B2	J:58826470-58827036	junction	random hexamer	3	0.06603639825616858	-0.5
ENSMUSG00000050812.19:B2	J:58827151-58828007	junction	poly(dT)	6	0.17600113297741526	0.2571428571428572
ENSMUSG00000050812.19:B2	J:58827151-58828007	junction	random hexamer	3	0.06603639825616858	-1.0
ENSMUSG00000050812.19:B2	J:58828062-58828506	junction	poly(dT)	6	0.17600113297741526	-0.14285714285714288
ENSMUSG00000050812.19:B2	J:58828062-58828506	junction	random hexamer	3	0.06603639825616858	-1.0
ENSMUSG00000050812.19:B2	J:58828652-58830333	junction	poly(dT)	6	0.17600113297741526	0.028571428571428574
ENSMUSG00000050812.19:B2	J:58828652-58830333	junction	random hexamer	3	0.06603639825616858	-1.0
ENSMUSG00000050812.19:B2	J:58830457-58832703	junction	poly(dT)	6	0.17600113297741526	0.48571428571428577
ENSMUSG00000050812.19:B2	J:58830457-58832703	junction	random hexamer	3	0.06603639825616858	-1.0
ENSMUSG00000050812.19:B2	J:58832805-58833925	junction	poly(dT)	6	0.17600113297741526	0.7714285714285715
ENSMUSG00000050812.19:B2	J:58832805-58833925	junction	random hexamer	3	0.06603639825616858	0.5
ENSMUSG00000050812.19:B2	J:58834098-58834496	junction	poly(dT)	6	0.17600113297741526	0.3714285714285715
ENSMUSG00000050812.19:B2	J:58834098-58834496	junction	random hexamer	3	0.06603639825616858	0.5
ENSMUSG00000050812.19:B2	J:58834659-58836121	junction	poly(dT)	6	0.17600113297741526	0.48571428571428577
ENSMUSG00000050812.19:B2	J:58834659-58836121	junction	random hexamer	3	0.06603639825616858	1.0
ENSMUSG00000050812.19:B2	J:58836256-58840674	junction	poly(dT)	6	0.17600113297741526	-0.2
ENSMUSG00000050812.19:B2	J:58836256-58840674	junction	random hexamer	3	0.06603639825616858	-0.5
ENSMUSG00000050812.19:B2	J:58840766-58841382	junction	poly(dT)	6	0.17600113297741526	-0.6571428571428573
ENSMUSG00000050812.19:B2	J:58840766-58841382	junction	random hexamer	3	0.06603639825616858	0.5
ENSMUSG00000050812.19:B2	J:58841605-58842567	junction	poly(dT)	6	0.17600113297741526	-0.3714285714285715
ENSMUSG00000050812.19:B2	J:58841605-58842567	junction	random hexamer	3	0.06603639825616858	0.5
ENSMUSG00000050812.19:B2	J:58842648-58844078	junction	poly(dT)	6	0.17600113297741526	-0.4285714285714286
ENSMUSG00000050812.19:B2	J:58842648-58844078	junction	random hexamer	3	0.06603639825616858	-0.5
ENSMUSG00000050812.19:B2	J:58844202-58846998	junction	poly(dT)	6	0.17600113297741526	0.48571428571428577
ENSMUSG00000050812.19:B2	J:58844202-58846998	junction	random hexamer	3	0.06603639825616858	0.5
ENSMUSG00000050812.19:B2	J:58847102-58849679	junction	poly(dT)	6	0.17600113297741526	0.028571428571428574
ENSMUSG00000050812.19:B2	J:58847102-58849679	junction	random hexamer	3	0.06603639825616858	-0.5
ENSMUSG00000050812.19:B2	J:58849802-58849886	junction	poly(dT)	6	0.17600113297741526	0.8285714285714287
ENSMUSG00000050812.19:B2	J:58849802-58849886	junction	random hexamer	3	0.06603639825616858	-1.0
ENSMUSG00000050812.19:B2	J:58849953-58850903	junction	poly(dT)	6	0.17600113297741526	0.8116794499134279
ENSMUSG00000050812.19:B2	J:58849953-58850903	junction	random hexamer	3	0.06603639825616858	-1.0
ENSMUSG00000050812.19:B2	J:58850953-58853115	junction	poly(dT)	6	0.17600113297741526	0.5768179036829705
ENSMUSG00000050812.19:B2	J:58850953-58853115	junction	random hexamer	3	0.06603639825616858	-1.0
ENSMUSG00000050812.19:B2	J:58853194-58853650	junction	poly(dT)	6	0.17600113297741526	0.3714285714285715
ENSMUSG00000050812.19:B2	J:58853194-58853650	junction	random hexamer	3	0.06603639825616858	-0.5
ENSMUSG00000050812.19:B2	J:58853736-58861524	junction	poly(dT)	6	0.17600113297741526	0.3142857142857143
ENSMUSG00000050812.19:B2	J:58853736-58861524	junction	random hexamer	3	0.06603639825616858	-0.5
ENSMUSG00000050812.19:B2	J:58860968-58861524	junction	random hexamer	3	0.06603639825616862	-0.8660254037844387
ENSMUSG00000051177.17:B1	E:134628078-134628449	exon	random hexamer	3	0.09692050723497325	0.5
ENSMUSG00000051586.18:B2	E:120943014-120943077	exon	random hexamer	4	0.052315452527304074	0.39999999999999997
ENSMUSG00000051586.18:B2	J:120939826-120943014	junction	random hexamer	4	0.052315452527304074	0.7745966692414834
ENSMUSG00000051674.16:B1	E:73638550-73638611	exon	poly(dT)	4	0.11823310860982725	-0.7745966692414834
ENSMUSG00000051674.16:B1	E:73638550-73638611	exon	random hexamer	3	0.10661171487681256	-0.8660254037844387
ENSMUSG00000051674.16:B1	E:73648375-73648534	exon	poly(dT)	4	0.11823310860982728	0.7999999999999999
ENSMUSG00000051674.16:B1	E:73648375-73648534	exon	random hexamer	3	0.10661171487681265	0.5
ENSMUSG00000051674.16:B1	J:73638611-73668228	junction	poly(dT)	4	0.11823310860982725	-0.7745966692414834
ENSMUSG00000051674.16:B1	J:73638611-73668228	junction	random hexamer	3	0.10661171487681256	-0.8660254037844387
ENSMUSG00000051674.16:B1	J:73648534-73668228	junction	poly(dT)	4	0.11823310860982728	0.7999999999999999
ENSMUSG00000051674.16:B1	J:73648534-73668228	junction	random hexamer	3	0.10661171487681265	0.5
ENSMUSG00000051790.16:B1	E:69725503-69725675	exon	random hexamer	5	0.06045598889942616	-0.09999999999999999
ENSMUSG00000051790.16:B1	E:69727873-69728610	exon	random hexamer	5	0.06045598889942613	0.6
ENSMUSG00000051790.16:B1	J:69725503-69727873	junction	random hexamer	5	0.06045598889942613	0.6
ENSMUSG00000052512.18:B1	E:48608844-48608925	exon	poly(dT)	3	0.08032435356509623	1.0
ENSMUSG00000052512.18:B1	E:48608844-48608925	exon	random hexamer	3	0.08032435356509623	1.0
ENSMUSG00000052512.18:B1	E:48613545-48614188	exon	poly(dT)	3	0.08032435356509623	0.5
ENSMUSG00000052512.18:B1	E:48613545-48614188	exon	random hexamer	3	0.08032435356509623	1.0
ENSMUSG00000052512.18:B1	E:48895936-48896946	exon	poly(dT)	3	0.08032435356509615	1.0
ENSMUSG00000052512.18:B1	E:48895936-48896946	exon	random hexamer	3	0.08032435356509615	0.5
ENSMUSG00000052512.18:B1	J:48608925-48613545	junction	poly(dT)	3	0.08032435356509623	0.8660254037844387
ENSMUSG00000052512.18:B1	J:48608925-48613545	junction	random hexamer	3	0.08032435356509623	1.0
ENSMUSG00000052512.18:B1	J:48614188-49011845	junction	poly(dT)	3	0.08032435356509623	0.5
ENSMUSG00000052512.18:B1	J:48614188-49011845	junction	random hexamer	3	0.08032435356509623	1.0
ENSMUSG00000052512.18:B1	J:48896946-49011845	junction	poly(dT)	3	0.08032435356509615	1.0
ENSMUSG00000052512.18:B1	J:48896946-49011845	junction	random hexamer	3	0.08032435356509615	-0.5
ENSMUSG00000052572.20:B1	E:90739913-90739935	exon	random hexamer	4	0.120358419726878	1.0
ENSMUSG00000052572.20:B1	E:90739935-90740256	exon	random hexamer	4	0.19616310445038487	0.7999999999999999
ENSMUSG00000052572.20:B1	E:91098961-91099123	exon	random hexamer	4	0.19616310445038487	0.7999999999999999
ENSMUSG00000052572.20:B1	E:91360627-91361006	exon	random hexamer	4	0.10228184115680032	-0.7999999999999999
ENSMUSG00000052572.20:B1	E:91382298-91382352	exon	random hexamer	4	0.19616310445038487	0.7999999999999999
ENSMUSG00000052572.20:B1	E:91459686-91459737	exon	random hexamer	4	0.09388126329358437	0.6000000000000001
ENSMUSG00000052572.20:B1	E:91521583-91521708	exon	random hexamer	4	0.09388126329358437	0.7999999999999999
ENSMUSG00000052572.20:B1	E:91549942-91550112	exon	random hexamer	4	0.09388126329358437	0.39999999999999997
ENSMUSG00000052572.20:B1	E:91589206-91589343	exon	random hexamer	4	0.09388126329358437	0.7999999999999999
ENSMUSG00000052572.20:B1	E:91614803-91614948	exon	random hexamer	4	0.09388126329358437	0.19999999999999998
ENSMUSG00000052572.20:B1	E:91617325-91617464	exon	random hexamer	4	0.09388126329358437	0.19999999999999998
ENSMUSG00000052572.20:B1	E:91646373-91646529	exon	random hexamer	4	0.19616310445038487	0.7999999999999999
ENSMUSG00000052572.20:B1	E:91690005-91690074	exon	random hexamer	4	0.09388126329358437	0.7999999999999999
ENSMUSG00000052572.20:B1	E:91711601-91711667	exon	random hexamer	4	0.0938812632935844	-0.7999999999999999
ENSMUSG00000052572.20:B1	E:91715464-91715614	exon	random hexamer	4	0.0938812632935844	-0.7999999999999999
ENSMUSG00000052572.20:B1	J:90740256-91098961	junction	random hexamer	4	0.19616310445038487	0.7999999999999999
ENSMUSG00000052572.20:B1	J:91099123-91382298	junction	random hexamer	4	0.19616310445038487	1.0
ENSMUSG00000052572.20:B1	J:91382352-91459686	junction	random hexamer	4	0.19616310445038487	0.6000000000000001
ENSMUSG00000052572.20:B1	J:91459737-91521583	junction	random hexamer	4	0.09388126329358437	0.6000000000000001
ENSMUSG00000052572.20:B1	J:91521708-91549942	junction	random hexamer	4	0.09388126329358437	0.7999999999999999
ENSMUSG00000052572.20:B1	J:91550112-91589206	junction	random hexamer	4	0.09388126329358437	0.7999999999999999
ENSMUSG00000052572.20:B1	J:91589343-91614803	junction	random hexamer	4	0.09388126329358437	0.39999999999999997
ENSMUSG00000052572.20:B1	J:91614948-91617325	junction	random hexamer	4	0.09388126329358437	0.19999999999999998
ENSMUSG00000052572.20:B1	J:91617464-91646373	junction	random hexamer	4	0.19616310445038487	0.39999999999999997
ENSMUSG00000052572.20:B1	J:91617464-91690005	junction	random hexamer	4	0.10228184115680032	0.10540925533894598
ENSMUSG00000052572.20:B1	J:91646529-91690005	junction	random hexamer	4	0.19616310445038487	0.6000000000000001
ENSMUSG00000052572.20:B1	J:91690074-91737769	junction	random hexamer	4	0.09388126329358437	1.0
ENSMUSG00000052572.20:B2	E:92069839-92069881	exon	poly(dT)	4	0.055955992478912156	0.7999999999999999
ENSMUSG00000052572.20:B2	E:92069839-92069881	exon	random hexamer	3	0.055955992478912156	-1.0
ENSMUSG00000052572.20:B2	J:92066531-92069839	junction	poly(dT)	4	0.055955992478912156	0.316227766016838
ENSMUSG00000052572.20:B2	J:92066531-92076898	junction	poly(dT)	4	0.07279435932527484	0.7999999999999999
ENSMUSG00000052572.20:B2	J:92066531-92076898	junction	random hexamer	3	0.07279435932527484	-0.5
ENSMUSG00000052572.20:B2	J:92069881-92076898	junction	poly(dT)	4	0.055955992478912156	0.39999999999999997
ENSMUSG00000052572.20:B2	J:92069881-92076898	junction	random hexamer	3	0.055955992478912156	-0.5
ENSMUSG00000052727.7:B1	E:99583683-99584128	exon	random hexamer	9	0.054647251580836616	-0.18333333333333335
ENSMUSG00000052727.7:B1	E:99644615-99644717	exon	random hexamer	9	0.05464725158083672	0.35
ENSMUSG00000052727.7:B1	E:99652811-99653048	exon	random hexamer	9	0.05464725158083672	0.43333333333333335
ENSMUSG00000052727.7:B1	J:99580804-99583683	junction	random hexamer	9	0.054647251580836616	0.5049752469181039
ENSMUSG00000052727.7:B1	J:99580804-99644615	junction	random hexamer	9	0.05464725158083672	0.43333333333333335
ENSMUSG00000052727.7:B1	J:99644717-99652811	junction	random hexamer	9	0.05464725158083672	0.11666666666666665
ENSMUSG00000052889.12:B1	E:121888519-121888531	exon	random hexamer	4	0.12571457777247008	0.39999999999999997
ENSMUSG00000053199.14:B1	E:51676651-51676911	exon	poly(dT)	3	0.15642595729232556	1.0
ENSMUSG00000053199.14:B1	E:51676959-51677144	exon	poly(dT)	3	0.15642595729232553	-0.8660254037844387
ENSMUSG00000053199.14:B1	J:51676911-51697035	junction	poly(dT)	3	0.15642595729232556	0.5
ENSMUSG00000053877.13:B1	E:127111198-127111510	exon	random hexamer	6	0.06839721633462299	0.3142857142857143
ENSMUSG00000053877.13:B1	E:127112163-127112189	exon	random hexamer	6	0.057332661523262204	0.5161002296110789
ENSMUSG00000053877.13:B1	E:127112189-127112218	exon	random hexamer	6	0.136873109928213	-0.6957252427829382
ENSMUSG00000053877.13:B1	E:127112218-127112295	exon	random hexamer	6	0.11715671887434542	-0.6571428571428573
ENSMUSG00000053877.13:B1	E:127113336-127113412	exon	random hexamer	6	0.15684287377856732	0.028571428571428574
ENSMUSG00000053877.13:B1	E:127115113-127115319	exon	random hexamer	6	0.15684287377856732	-0.08571428571428573
ENSMUSG00000053877.13:B1	J:127111510-127113336	junction	random hexamer	6	0.06839721633462299	0.6571428571428573
ENSMUSG00000053877.13:B1	J:127113412-127115113	junction	random hexamer	6	0.15684287377856732	0.028571428571428574
ENSMUSG00000053877.13:B2	E:127118774-127118831	exon	random hexamer	6	0.05132518898402705	0.7142857142857143
ENSMUSG00000053877.13:B2	J:127118774-127118831	junction	random hexamer	6	0.05132518898402702	-0.3714285714285715
ENSMUSG00000054728.18:B1	E:42834098-42834402	exon	poly(dT)	4	0.10552581430231	1.0
ENSMUSG00000054728.18:B1	E:42834098-42834402	exon	random hexamer	5	0.10552581430231	0.8999999999999998
ENSMUSG00000054728.18:B1	E:42836125-42836173	exon	poly(dT)	4	0.10552581430231	1.0
ENSMUSG00000054728.18:B1	E:42836125-42836173	exon	random hexamer	5	0.10552581430231	0.7
ENSMUSG00000054728.18:B1	E:43213046-43213253	exon	poly(dT)	4	0.07040706754753967	-0.6000000000000001
ENSMUSG00000054728.18:B1	E:43213046-43213253	exon	random hexamer	5	0.08319424914159862	-0.6
ENSMUSG00000054728.18:B1	J:42834402-42836125	junction	poly(dT)	4	0.10552581430231	0.7999999999999999
ENSMUSG00000054728.18:B1	J:42834402-42836125	junction	random hexamer	5	0.10552581430231	0.8999999999999998
ENSMUSG00000054728.18:B1	J:43210822-43213046	junction	poly(dT)	4	0.07040706754753967	1.0
ENSMUSG00000054728.18:B1	J:43210822-43213046	junction	random hexamer	5	0.08319424914159862	0.39999999999999997
ENSMUSG00000054728.18:B1	J:43210822-43231130	junction	poly(dT)	4	0.09517192649794703	0.7999999999999999
ENSMUSG00000054728.18:B1	J:43210822-43231130	junction	random hexamer	5	0.09517192649794703	0.7
ENSMUSG00000054728.18:B1	J:43213253-43231130	junction	poly(dT)	4	0.07040706754753967	0.632455532033676
ENSMUSG00000054728.18:B1	J:43213253-43231130	junction	random hexamer	5	0.08319424914159862	0.7
ENSMUSG00000055065.8:B1	E:79430756-79430760	exon	poly(dT)	6	0.112574340152233	-0.3714285714285715
ENSMUSG00000055065.8:B1	E:79430756-79430760	exon	random hexamer	5	0.05650933375473988	-0.09999999999999999
ENSMUSG00000055065.8:B1	E:79430760-79430942	exon	poly(dT)	6	0.12851545626524719	0.39279220242478635
ENSMUSG00000055065.8:B1	E:79430760-79430942	exon	random hexamer	5	0.07607568851675711	-0.6
ENSMUSG00000055254.16:B1	E:58955510-58955827	exon	poly(dT)	5	0.3262342806389485	0.3
ENSMUSG00000055254.16:B1	E:58955510-58955827	exon	random hexamer	6	0.42047346666520585	-0.028571428571428574
ENSMUSG00000055254.16:B1	E:58956094-58956198	exon	poly(dT)	5	0.39320748191177457	0.20519567041703082
ENSMUSG00000055254.16:B1	E:58956094-58956198	exon	random hexamer	6	0.39320748191177457	0.2
ENSMUSG00000055254.16:B1	E:58956198-58956504	exon	poly(dT)	5	0.09016355337580939	-0.6
ENSMUSG00000055254.16:B1	E:58956198-58956504	exon	random hexamer	6	0.33679766433995084	-0.7142857142857143
ENSMUSG00000055254.16:B1	J:58955827-58956198	junction	poly(dT)	5	0.3262342806389485	-0.3
ENSMUSG00000055254.16:B1	J:58955827-58956198	junction	random hexamer	6	0.42047346666520585	-0.14285714285714288
ENSMUSG00000055254.16:B2	E:59035005-59035084	exon	random hexamer	6	0.10408166700244656	0.028571428571428574
ENSMUSG00000055254.16:B2	E:59035084-59036293	exon	poly(dT)	3	0.08935869201970081	1.0
ENSMUSG00000055254.16:B2	E:59035084-59036293	exon	random hexamer	6	0.33338906882966046	-0.08571428571428573
ENSMUSG00000055254.16:B2	E:59079836-59084841	exon	poly(dT)	3	0.37687521758116665	1.0
ENSMUSG00000055254.16:B2	E:59079836-59084841	exon	random hexamer	6	0.3942413547326288	0.8285714285714287
ENSMUSG00000055254.16:B2	E:59133615-59133804	exon	poly(dT)	3	0.29637901245841247	1.0
ENSMUSG00000055254.16:B2	E:59133615-59133804	exon	random hexamer	6	0.41803499093900165	0.8285714285714287
ENSMUSG00000055254.16:B2	E:59185780-59185911	exon	poly(dT)	3	0.29637901245841247	0.5
ENSMUSG00000055254.16:B2	E:59185780-59185911	exon	random hexamer	6	0.41803499093900165	0.48571428571428577
ENSMUSG00000055254.16:B2	E:59202106-59202279	exon	poly(dT)	3	0.29637901245841247	1.0
ENSMUSG00000055254.16:B2	E:59202106-59202279	exon	random hexamer	6	0.41803499093900165	0.48571428571428577
ENSMUSG00000055254.16:B2	E:59208041-59208276	exon	poly(dT)	3	0.29637901245841247	0.5
ENSMUSG00000055254.16:B2	E:59208041-59208276	exon	random hexamer	6	0.41803499093900165	0.7142857142857143
ENSMUSG00000055254.16:B2	E:59274246-59274405	exon	poly(dT)	3	0.29637901245841247	0.5
ENSMUSG00000055254.16:B2	E:59274246-59274405	exon	random hexamer	6	0.41803499093900165	0.7714285714285715
ENSMUSG00000055254.16:B2	E:59275981-59281784	exon	poly(dT)	3	0.29637901245841247	0.5
ENSMUSG00000055254.16:B2	E:59275981-59281784	exon	random hexamer	6	0.41803499093900165	0.942857142857143
ENSMUSG00000055254.16:B2	J:59026076-59035084	junction	poly(dT)	3	0.10417814535887662	0.8660254037844387
ENSMUSG00000055254.16:B2	J:59026076-59035084	junction	random hexamer	6	0.28039320851235566	0.5408987230262506
ENSMUSG00000055254.16:B2	J:59026076-59079836	junction	poly(dT)	3	0.37687521758116665	1.0
ENSMUSG00000055254.16:B2	J:59026076-59079836	junction	random hexamer	6	0.3942413547326288	0.4285714285714286
ENSMUSG00000055254.16:B2	J:59026076-59133615	junction	poly(dT)	3	0.29637901245841247	0.5
ENSMUSG00000055254.16:B2	J:59026076-59133615	junction	random hexamer	6	0.41803499093900165	0.8285714285714287
ENSMUSG00000055254.16:B2	J:59133804-59185780	junction	poly(dT)	3	0.29637901245841247	1.0
ENSMUSG00000055254.16:B2	J:59133804-59185780	junction	random hexamer	6	0.41803499093900165	0.4285714285714286
ENSMUSG00000055254.16:B2	J:59185911-59202106	junction	poly(dT)	3	0.29637901245841247	0.5
ENSMUSG00000055254.16:B2	J:59185911-59202106	junction	random hexamer	6	0.41803499093900165	0.8857142857142858
ENSMUSG00000055254.16:B2	J:59202279-59208041	junction	poly(dT)	3	0.29637901245841247	1.0
ENSMUSG00000055254.16:B2	J:59202279-59208041	junction	random hexamer	6	0.41803499093900165	0.5428571428571429
ENSMUSG00000055254.16:B2	J:59208276-59274246	junction	poly(dT)	3	0.29637901245841247	0.5
ENSMUSG00000055254.16:B2	J:59208276-59274246	junction	random hexamer	6	0.41803499093900165	-0.3142857142857143
ENSMUSG00000055254.16:B2	J:59274405-59275981	junction	poly(dT)	3	0.29637901245841247	1.0
ENSMUSG00000055254.16:B2	J:59274405-59275981	junction	random hexamer	6	0.41803499093900165	0.7714285714285715
ENSMUSG00000055421.9:B1	E:94125797-94126168	exon	poly(dT)	6	0.1291000586934044	0.08571428571428573
ENSMUSG00000055421.9:B1	E:94125797-94126168	exon	random hexamer	5	0.1291000586934044	-0.7
ENSMUSG00000055421.9:B1	E:94126168-94126324	exon	poly(dT)	6	0.113663947927507	0.942857142857143
ENSMUSG00000055421.9:B1	E:94126168-94126324	exon	random hexamer	5	0.113663947927507	0.39999999999999997
ENSMUSG00000055421.9:B1	E:94128065-94128105	exon	poly(dT)	6	0.113663947927507	0.8285714285714287
ENSMUSG00000055421.9:B1	E:94128065-94128105	exon	random hexamer	5	0.113663947927507	0.7
ENSMUSG00000055421.9:B1	J:94125797-94127556	junction	poly(dT)	6	0.12910005869340446	0.6761234037828133
ENSMUSG00000055421.9:B1	J:94125797-94127556	junction	random hexamer	5	0.12910005869340446	0.15389675281277312
ENSMUSG00000055421.9:B1	J:94126324-94127556	junction	poly(dT)	6	0.113663947927507	0.6571428571428573
ENSMUSG00000055421.9:B1	J:94126324-94127556	junction	random hexamer	5	0.113663947927507	0.6
ENSMUSG00000056211.14:B1	E:128114646-128116593	exon	random hexamer	5	0.2145668504885016	0.7
ENSMUSG00000056211.14:B1	E:128118374-128118476	exon	random hexamer	5	0.21456685048850155	-0.3
ENSMUSG00000056211.14:B1	E:128121196-128121493	exon	random hexamer	5	0.21456685048850155	-0.49999999999999994
ENSMUSG00000056211.14:B1	E:128124710-128124834	exon	random hexamer	5	0.21456685048850155	-0.7999999999999999
ENSMUSG00000056211.14:B1	E:128138941-128139096	exon	random hexamer	5	0.21456685048850155	-0.8999999999999998
ENSMUSG00000056211.14:B1	E:128144137-128144289	exon	random hexamer	5	0.21456685048850155	-0.7
ENSMUSG00000056211.14:B1	E:128149336-128149440	exon	random hexamer	5	0.21456685048850155	-0.9999999999999999
ENSMUSG00000056211.14:B1	E:128151205-128151378	exon	random hexamer	5	0.21456685048850155	-0.09999999999999999
ENSMUSG00000056211.14:B1	E:128159059-128159204	exon	random hexamer	5	0.21456685048850155	0.09999999999999999
ENSMUSG00000056211.14:B1	E:128162802-128162885	exon	random hexamer	5	0.21456685048850155	-0.7
ENSMUSG00000056211.14:B1	E:128163278-128163363	exon	random hexamer	5	0.21456685048850155	-0.19999999999999998
ENSMUSG00000056211.14:B1	E:128164133-128165473	exon	random hexamer	5	0.21456685048850155	-0.7
ENSMUSG00000056211.14:B1	J:128114646-128118374	junction	random hexamer	5	0.21456685048850155	0.7
ENSMUSG00000056211.14:B1	J:128118476-128121196	junction	random hexamer	5	0.21456685048850155	-0.19999999999999998
ENSMUSG00000056211.14:B1	J:128121493-128124710	junction	random hexamer	5	0.21456685048850155	0.6
ENSMUSG00000056211.14:B1	J:128124834-128138941	junction	random hexamer	5	0.21456685048850155	-0.7
ENSMUSG00000056211.14:B1	J:128139096-128144137	junction	random hexamer	5	0.21456685048850155	-0.7
ENSMUSG00000056211.14:B1	J:128144289-128149336	junction	random hexamer	5	0.21456685048850155	-0.9999999999999999
ENSMUSG00000056211.14:B1	J:128149440-128151205	junction	random hexamer	5	0.21456685048850155	-0.09999999999999999
ENSMUSG00000056211.14:B1	J:128151378-128159059	junction	random hexamer	5	0.21456685048850155	0.49999999999999994
ENSMUSG00000056211.14:B1	J:128159204-128162802	junction	random hexamer	5	0.21456685048850155	-0.9999999999999999
ENSMUSG00000056211.14:B1	J:128162885-128163278	junction	random hexamer	5	0.21456685048850155	0.09999999999999999
ENSMUSG00000056211.14:B1	J:128163363-128164133	junction	random hexamer	5	0.21456685048850155	-0.39999999999999997
ENSMUSG00000057649.7:B1	E:74085929-74085956	exon	poly(dT)	4	0.06562387369326417	0.7999999999999999
ENSMUSG00000057738.15:B1	E:29855691-29855694	exon	poly(dT)	4	0.05442273234847572	-0.7999999999999999
ENSMUSG00000057738.15:B1	E:29855691-29855694	exon	random hexamer	7	0.1036849785571955	0.07142857142857144
ENSMUSG00000057738.15:B3	E:29904169-29904184	exon	poly(dT)	6	0.10368464366713759	0.48571428571428577
ENSMUSG00000057738.15:B3	E:29904169-29904184	exon	random hexamer	7	0.10368464366713759	-0.7500000000000002
ENSMUSG00000057738.15:B3	J:29903850-29904169	junction	poly(dT)	6	0.10368464366713759	0.3142857142857143
ENSMUSG00000057738.15:B3	J:29903850-29904169	junction	random hexamer	7	0.10368464366713759	-0.5357142857142858
ENSMUSG00000057738.15:B3	J:29903850-29905600	junction	poly(dT)	6	0.10368464366713753	-0.4394802124588286
ENSMUSG00000057738.15:B3	J:29904184-29905600	junction	poly(dT)	6	0.10368464366713759	0.7714285714285715
ENSMUSG00000057738.15:B3	J:29904184-29905600	junction	random hexamer	7	0.10368464366713759	-0.5714285714285715
ENSMUSG00000057897.15:B1	E:6015545-6015612	exon	random hexamer	5	0.1591102440275099	0.6
ENSMUSG00000058153.16:B1	E:112724734-112724841	exon	random hexamer	5	0.0803543505676162	0.39999999999999997
ENSMUSG00000058153.16:B1	E:112724841-112725043	exon	random hexamer	5	0.07271869757729917	-0.7
ENSMUSG00000058153.16:B1	E:112725043-112725051	exon	random hexamer	5	0.08099828092611464	-0.3
ENSMUSG00000058297.17:B1	E:59942040-59942289	exon	random hexamer	5	0.05520673518823688	0.8999999999999998
ENSMUSG00000058756.14:B1	E:98632636-98632698	exon	random hexamer	6	0.3199065770237018	0.2571428571428572
ENSMUSG00000058799.17:B1	E:111309083-111309102	exon	poly(dT)	4	0.07229013637964557	0.39999999999999997
ENSMUSG00000058975.8:B1	E:46045920-46047071	exon	random hexamer	3	0.08571295968488313	-0.5
ENSMUSG00000059146.13:B1	E:78227537-78227730	exon	random hexamer	5	0.0533078861823556	-0.3
ENSMUSG00000059146.13:B1	E:78227730-78228156	exon	random hexamer	5	0.15588364603504745	-0.09999999999999999
ENSMUSG00000061080.12:B1	E:41353219-41353398	exon	random hexamer	5	0.17044111481315055	0.3
ENSMUSG00000061576.16:B1	E:27022354-27023116	exon	poly(dT)	5	0.19981645209983906	0.09999999999999999
ENSMUSG00000061576.16:B1	E:27022354-27023116	exon	random hexamer	4	0.19981645209983906	0.39999999999999997
ENSMUSG00000061576.16:B1	E:27109692-27110286	exon	poly(dT)	5	0.23890010317332883	0.8999999999999998
ENSMUSG00000061576.16:B1	E:27109692-27110286	exon	random hexamer	4	0.23890010317332883	0.7999999999999999
ENSMUSG00000061576.16:B1	E:27254196-27254811	exon	poly(dT)	5	0.14383184834546478	-0.8999999999999998
ENSMUSG00000061576.16:B1	E:27254196-27254811	exon	random hexamer	4	0.14383184834546478	-0.39999999999999997
ENSMUSG00000061576.16:B1	E:27466972-27467359	exon	poly(dT)	5	0.262597083513096	0.8999999999999998
ENSMUSG00000061576.16:B1	E:27466972-27467359	exon	random hexamer	4	0.262597083513096	0.7999999999999999
ENSMUSG00000061576.16:B1	J:27023116-27587752	junction	poly(dT)	5	0.19981645209983906	0.3
ENSMUSG00000061576.16:B1	J:27023116-27587752	junction	random hexamer	4	0.19981645209983906	0.9486832980505139
ENSMUSG00000061576.16:B1	J:27110286-27587752	junction	poly(dT)	5	0.23890010317332883	0.3
ENSMUSG00000061576.16:B1	J:27110286-27587752	junction	random hexamer	4	0.23890010317332883	0.7999999999999999
ENSMUSG00000061576.16:B1	J:27254811-27587752	junction	poly(dT)	5	0.14383184834546478	-0.09999999999999999
ENSMUSG00000061576.16:B1	J:27254811-27587752	junction	random hexamer	4	0.14383184834546478	-0.39999999999999997
ENSMUSG00000061576.16:B1	J:27467359-27587752	junction	poly(dT)	5	0.262597083513096	0.39999999999999997
ENSMUSG00000061576.16:B1	J:27467359-27587752	junction	random hexamer	4	0.262597083513096	0.7999999999999999
ENSMUSG00000061601.16:B1	E:14844040-14846007	exon	poly(dT)	6	0.2817422175971155	0.14285714285714288
ENSMUSG00000061601.16:B1	E:14844040-14846007	exon	random hexamer	6	0.2817422175971155	0.48571428571428577
ENSMUSG00000061601.16:B1	E:14861623-14861765	exon	poly(dT)	6	0.28174221759711554	0.8857142857142858
ENSMUSG00000061601.16:B1	E:14861623-14861765	exon	random hexamer	6	0.28174221759711554	0.48571428571428577
ENSMUSG00000061601.16:B1	E:14867280-14867348	exon	poly(dT)	6	0.28174221759711554	0.8857142857142858
ENSMUSG00000061601.16:B1	E:14867280-14867348	exon	random hexamer	6	0.28174221759711554	0.2571428571428572
ENSMUSG00000061601.16:B1	E:14905556-14905691	exon	poly(dT)	6	0.28174221759711554	1.0
ENSMUSG00000061601.16:B1	E:14905556-14905691	exon	random hexamer	6	0.28174221759711554	1.0
ENSMUSG00000061601.16:B1	E:14906917-14907063	exon	poly(dT)	6	0.28174221759711554	0.3714285714285715
ENSMUSG00000061601.16:B1	E:14906917-14907063	exon	random hexamer	6	0.28174221759711554	0.48571428571428577
ENSMUSG00000061601.16:B1	E:14908759-14913473	exon	poly(dT)	6	0.28174221759711554	1.0
ENSMUSG00000061601.16:B1	E:14908759-14913473	exon	random hexamer	6	0.28174221759711554	0.2571428571428572
ENSMUSG00000061601.16:B1	J:14844040-14861623	junction	poly(dT)	6	0.28174221759711554	0.6957252427829382
ENSMUSG00000061601.16:B1	J:14844040-14861623	junction	random hexamer	6	0.28174221759711554	0.3142857142857143
ENSMUSG00000061601.16:B1	J:14861765-14867280	junction	poly(dT)	6	0.28174221759711554	0.8857142857142858
ENSMUSG00000061601.16:B1	J:14861765-14867280	junction	random hexamer	6	0.28174221759711554	0.2571428571428572
ENSMUSG00000061601.16:B1	J:14867348-14905556	junction	poly(dT)	6	0.28174221759711554	0.8857142857142858
ENSMUSG00000061601.16:B1	J:14867348-14905556	junction	random hexamer	6	0.28174221759711554	-0.48571428571428577
ENSMUSG00000061601.16:B1	J:14905691-14906917	junction	poly(dT)	6	0.28174221759711554	0.8285714285714287
ENSMUSG00000061601.16:B1	J:14905691-14906917	junction	random hexamer	6	0.28174221759711554	0.7714285714285715
ENSMUSG00000061601.16:B1	J:14907063-14908759	junction	poly(dT)	6	0.28174221759711554	0.8857142857142858
ENSMUSG00000061601.16:B1	J:14907063-14908759	junction	random hexamer	6	0.28174221759711554	0.48571428571428577
ENSMUSG00000061603.9:B1	E:52746165-52746225	exon	random hexamer	4	0.10218211767118213	0.39999999999999997
ENSMUSG00000061603.9:B1	E:52842618-52842619	exon	random hexamer	4	0.10218211767118207	-0.6000000000000001
ENSMUSG00000061603.9:B1	J:52746225-52842619	junction	random hexamer	4	0.10218211767118213	0.39999999999999997
ENSMUSG00000061689.16:B1	E:156542541-156543594	exon	random hexamer	6	0.16569010119724875	0.4285714285714286
ENSMUSG00000061689.16:B1	E:156546329-156546574	exon	random hexamer	6	0.16569010119724875	0.4285714285714286
ENSMUSG00000061689.16:B1	E:156547775-156547890	exon	random hexamer	6	0.16569010119724875	0.7714285714285715
ENSMUSG00000061689.16:B1	E:156548997-156549048	exon	random hexamer	6	0.16569010119724875	0.028571428571428574
ENSMUSG00000061689.16:B1	E:156552940-156553181	exon	random hexamer	6	0.16569010119724875	-0.2571428571428572
ENSMUSG00000061689.16:B1	E:156562964-156562989	exon	random hexamer	6	0.18095240794370618	0.8285714285714287
ENSMUSG00000061689.16:B1	E:156562989-156563007	exon	random hexamer	6	0.15239054058816612	0.7714285714285715
ENSMUSG00000061689.16:B1	E:156563411-156564022	exon	random hexamer	6	0.08419076504599307	-0.3714285714285715
ENSMUSG00000061689.16:B1	J:156543594-156546329	junction	random hexamer	6	0.16569010119724875	0.7142857142857143
ENSMUSG00000061689.16:B1	J:156546574-156547775	junction	random hexamer	6	0.16569010119724875	0.6571428571428573
ENSMUSG00000061689.16:B1	J:156547890-156548997	junction	random hexamer	6	0.16569010119724875	0.6
ENSMUSG00000061689.16:B1	J:156549048-156552940	junction	random hexamer	6	0.16569010119724875	0.028571428571428574
ENSMUSG00000061689.16:B1	J:156553181-156587754	junction	random hexamer	6	0.16569010119724875	-0.2571428571428572
ENSMUSG00000061689.16:B1	J:156563007-156587754	junction	random hexamer	6	0.15239054058816612	-0.08571428571428573
ENSMUSG00000061689.16:B1	J:156564022-156587754	junction	random hexamer	6	0.08419076504599307	0.48571428571428577
ENSMUSG00000061689.16:B2	E:156589942-156590022	exon	random hexamer	6	0.10164930183278353	0.5428571428571429
ENSMUSG00000061689.16:B2	E:156590251-156590340	exon	random hexamer	6	0.10164930183278348	0.7714285714285715
ENSMUSG00000061689.16:B2	J:156588116-156589942	junction	random hexamer	6	0.10164930183278353	0.3714285714285715
ENSMUSG00000061689.16:B2	J:156588116-156590251	junction	random hexamer	6	0.10164930183278348	0.7714285714285715
ENSMUSG00000061689.16:B2	J:156590022-156590863	junction	random hexamer	6	0.10164930183278353	0.5428571428571429
ENSMUSG00000061689.16:B2	J:156590340-156590863	junction	random hexamer	6	0.10164930183278348	0.8285714285714287
ENSMUSG00000061689.16:B3	E:156603848-156603919	exon	poly(dT)	4	0.06974335963229755	-0.39999999999999997
ENSMUSG00000061689.16:B3	E:156603848-156603919	exon	random hexamer	4	0.06974335963229755	-1.0
ENSMUSG00000061689.16:B3	J:156603848-156604604	junction	poly(dT)	4	0.0697433596322975	-1.0
ENSMUSG00000061689.16:B3	J:156603848-156604604	junction	random hexamer	4	0.0697433596322975	-0.6000000000000001
ENSMUSG00000061689.16:B3	J:156603919-156604604	junction	poly(dT)	4	0.06974335963229755	-1.0
ENSMUSG00000061689.16:B3	J:156603919-156604604	junction	random hexamer	4	0.06974335963229755	-1.0
ENSMUSG00000061718.13:B1	E:98239229-98240000	exon	random hexamer	3	0.05313779860309187	1.0
ENSMUSG00000061718.13:B1	E:98240821-98240936	exon	random hexamer	3	0.05313779860309209	-1.0
ENSMUSG00000061718.13:B1	J:98240000-98241394	junction	random hexamer	3	0.05313779860309187	-1.0
ENSMUSG00000061911.16:B1	E:29578382-29578795	exon	random hexamer	5	0.11565655608541991	-0.3
ENSMUSG00000061911.16:B1	E:29584613-29585228	exon	random hexamer	5	0.05877163804724608	0.7
ENSMUSG00000061911.16:B1	E:29616700-29616796	exon	random hexamer	5	0.07523441863595626	-0.09999999999999999
ENSMUSG00000061911.16:B1	E:29694311-29694418	exon	random hexamer	5	0.07523441863595626	-0.19999999999999998
ENSMUSG00000061911.16:B1	E:29780939-29781075	exon	random hexamer	5	0.07523441863595626	-0.09999999999999999
ENSMUSG00000061911.16:B1	E:29825438-29825592	exon	random hexamer	5	0.07523441863595626	-0.09999999999999999
ENSMUSG00000061911.16:B1	E:29833619-29833674	exon	random hexamer	5	0.07523441863595626	-0.09999999999999999
ENSMUSG00000061911.16:B1	E:29833853-29833887	exon	random hexamer	5	0.07523441863595626	-0.19999999999999998
ENSMUSG00000061911.16:B1	E:29834249-29834312	exon	random hexamer	5	0.07523441863595626	-0.19999999999999998
ENSMUSG00000061911.16:B1	E:29861371-29861733	exon	random hexamer	5	0.07523441863595626	0.09999999999999999
ENSMUSG00000061911.16:B1	E:29876864-29877830	exon	random hexamer	5	0.07523441863595626	0.6
ENSMUSG00000061911.16:B1	E:29877830-29877836	exon	random hexamer	5	0.11565655608541991	0.6
ENSMUSG00000061911.16:B1	E:29882286-29882421	exon	random hexamer	5	0.07523441863595626	-0.6
ENSMUSG00000061911.16:B1	E:29886348-29886439	exon	random hexamer	5	0.07523441863595626	-0.09999999999999999
ENSMUSG00000061911.16:B1	E:29888038-29888146	exon	random hexamer	5	0.07523441863595626	-0.39999999999999997
ENSMUSG00000061911.16:B1	E:29890208-29890391	exon	random hexamer	5	0.07523441863595624	0.3
ENSMUSG00000061911.16:B1	J:29578795-29616700	junction	random hexamer	5	0.11565655608541991	0.6
ENSMUSG00000061911.16:B1	J:29585228-29616700	junction	random hexamer	5	0.05877163804724608	0.9999999999999999
ENSMUSG00000061911.16:B1	J:29616796-29694311	junction	random hexamer	5	0.07523441863595626	-0.09999999999999999
ENSMUSG00000061911.16:B1	J:29694418-29780939	junction	random hexamer	5	0.07523441863595626	-0.19999999999999998
ENSMUSG00000061911.16:B1	J:29781075-29825438	junction	random hexamer	5	0.07523441863595626	-0.6
ENSMUSG00000061911.16:B1	J:29825592-29833619	junction	random hexamer	5	0.07523441863595626	-0.09999999999999999
ENSMUSG00000061911.16:B1	J:29833674-29833853	junction	random hexamer	5	0.07523441863595626	-0.49999999999999994
ENSMUSG00000061911.16:B1	J:29833887-29834249	junction	random hexamer	5	0.07523441863595626	0.19999999999999998
ENSMUSG00000061911.16:B1	J:29834312-29861371	junction	random hexamer	5	0.07523441863595626	0.09999999999999999
ENSMUSG00000061911.16:B1	J:29861733-29876864	junction	random hexamer	5	0.07523441863595626	-0.49999999999999994
ENSMUSG00000061911.16:B1	J:29877830-29882286	junction	random hexamer	5	0.05877163804724608	-0.39999999999999997
ENSMUSG00000061911.16:B1	J:29877836-29882286	junction	random hexamer	5	0.11565655608541991	0.09999999999999999
ENSMUSG00000061911.16:B1	J:29882421-29886348	junction	random hexamer	5	0.07523441863595626	0.49999999999999994
ENSMUSG00000061911.16:B1	J:29886439-29888038	junction	random hexamer	5	0.07523441863595626	-0.6
ENSMUSG00000061911.16:B1	J:29888146-29892393	junction	random hexamer	5	0.07523441863595626	-0.7999999999999999
ENSMUSG00000062044.17:B1	E:45433161-45433370	exon	random hexamer	5	0.12864686526528607	0.09999999999999999
ENSMUSG00000062044.17:B3	E:45453533-45453568	exon	random hexamer	6	0.09378275709138004	-0.21251185925162072
ENSMUSG00000062078.16:B2	E:10432362-10433123	exon	poly(dT)	3	0.17106905443372955	-0.5
ENSMUSG00000062078.16:B2	E:10432362-10433123	exon	random hexamer	4	0.17106905443372955	0.39999999999999997
ENSMUSG00000062078.16:B2	E:10433123-10434403	exon	poly(dT)	3	0.2011681352154095	0.5
ENSMUSG00000062078.16:B2	E:10433123-10434403	exon	random hexamer	4	0.2011681352154095	0.7999999999999999
ENSMUSG00000062078.16:B2	J:10432362-10435088	junction	poly(dT)	3	0.17106905443372955	0.5
ENSMUSG00000062078.16:B2	J:10432362-10435088	junction	random hexamer	4	0.17106905443372955	0.39999999999999997
ENSMUSG00000062078.16:B2	J:10433123-10435088	junction	poly(dT)	3	0.07462688115582566	1.0
ENSMUSG00000062078.16:B2	J:10433123-10435088	junction	random hexamer	4	0.07462688115582566	0.39999999999999997
ENSMUSG00000062078.16:B2	J:10434403-10435088	junction	poly(dT)	3	0.2011681352154095	0.5
ENSMUSG00000062078.16:B2	J:10434403-10435088	junction	random hexamer	4	0.2011681352154095	0.7999999999999999
ENSMUSG00000062590.14:B1	E:86082519-86082531	exon	poly(dT)	4	0.08290019158537532	0.39999999999999997
ENSMUSG00000062590.14:B1	E:86082519-86082531	exon	random hexamer	3	0.050963644760912086	0.5
ENSMUSG00000062590.14:B1	E:86082531-86082536	exon	poly(dT)	4	0.05700364246579026	-0.39999999999999997
ENSMUSG00000062590.14:B1	E:86082531-86082536	exon	random hexamer	3	0.05700364246579026	-1.0
ENSMUSG00000062785.15:B2	E:44247804-44247807	exon	random hexamer	4	0.06762471967881922	-0.19999999999999998
ENSMUSG00000062785.15:B2	J:44245692-44247804	junction	random hexamer	4	0.06762471967881922	-0.19999999999999998
ENSMUSG00000062785.15:B2	J:44245692-44247807	junction	random hexamer	4	0.0770362014919729	0.39999999999999997
ENSMUSG00000063077.16:B1	E:149392080-149392149	exon	poly(dT)	7	0.1488028535112137	0.1785714285714286
ENSMUSG00000063077.16:B1	E:149392080-149392149	exon	random hexamer	8	0.1488028535112137	0.6904761904761906
ENSMUSG00000063077.16:B2	E:149349801-149349819	exon	poly(dT)	10	0.14274070412384054	0.6363636363636362
ENSMUSG00000063077.16:B2	E:149349801-149349819	exon	random hexamer	7	0.14274070412384054	0.42857142857142866
ENSMUSG00000063077.16:B2	J:149348147-149349801	junction	poly(dT)	10	0.14274070412384054	0.7575757575757575
ENSMUSG00000063077.16:B2	J:149348147-149349801	junction	random hexamer	7	0.14274070412384054	0.7500000000000002
ENSMUSG00000063077.16:B2	J:149348147-149350708	junction	poly(dT)	10	0.14274070412384054	0.4424242424242424
ENSMUSG00000063077.16:B2	J:149348147-149350708	junction	random hexamer	7	0.14274070412384054	0.4642857142857144
ENSMUSG00000063077.16:B2	J:149349819-149350708	junction	poly(dT)	10	0.14274070412384054	0.8060606060606059
ENSMUSG00000063077.16:B2	J:149349819-149350708	junction	random hexamer	7	0.14274070412384054	0.6785714285714287
ENSMUSG00000063870.13:B1	E:125072943-125073124	exon	poly(dT)	5	0.05922456729630898	0.09999999999999999
ENSMUSG00000063870.13:B1	E:125072943-125073124	exon	random hexamer	5	0.05922456729630898	-0.09999999999999999
ENSMUSG00000064043.16:B1	E:47451867-47451891	exon	random hexamer	3	0.07241979659612374	0.5
ENSMUSG00000064043.16:B1	E:47452057-47452110	exon	random hexamer	3	0.07241979659612374	0.5
ENSMUSG00000064043.16:B1	E:47452749-47452835	exon	random hexamer	3	0.07241979659612374	-1.0
ENSMUSG00000064043.16:B1	E:47541155-47541242	exon	random hexamer	3	0.07241979659612374	-0.5
ENSMUSG00000064043.16:B1	E:47597667-47597782	exon	random hexamer	3	0.07241979659612374	-0.5
ENSMUSG00000064043.16:B1	E:47604994-47605112	exon	random hexamer	3	0.07241979659612383	-1.0
ENSMUSG00000064043.16:B1	J:47452110-47452749	junction	random hexamer	3	0.07241979659612374	-1.0
ENSMUSG00000064043.16:B1	J:47452835-47541155	junction	random hexamer	3	0.07241979659612374	-0.5
ENSMUSG00000064043.16:B1	J:47541242-47597667	junction	random hexamer	3	0.07241979659612374	-0.5
ENSMUSG00000064043.16:B1	J:47597782-47624718	junction	random hexamer	3	0.07241979659612374	-1.0
ENSMUSG00000067629.14:B1	E:27160226-27160425	exon	random hexamer	6	0.20140889915647803	-0.4285714285714286
ENSMUSG00000067629.14:B1	E:27160425-27160492	exon	random hexamer	6	0.13829392475817814	0.6
ENSMUSG00000067629.14:B1	E:27163606-27163728	exon	random hexamer	6	0.13829392475817814	0.6
ENSMUSG00000067629.14:B1	E:27165606-27165712	exon	random hexamer	6	0.13829392475817814	0.4285714285714286
ENSMUSG00000067629.14:B1	E:27171111-27171410	exon	random hexamer	6	0.13829392475817803	-0.2
ENSMUSG00000067629.14:B1	J:27160492-27163606	junction	random hexamer	6	0.13829392475817814	0.6
ENSMUSG00000067629.14:B1	J:27163728-27165606	junction	random hexamer	6	0.13829392475817814	0.3142857142857143
ENSMUSG00000067629.14:B1	J:27165712-27171535	junction	random hexamer	6	0.13829392475817814	0.48571428571428577
ENSMUSG00000067629.14:B1	J:27171410-27171535	junction	random hexamer	6	0.13829392475817803	0.4285714285714286
ENSMUSG00000068923.15:B1	E:88659218-88659358	exon	poly(dT)	6	0.07570691290105958	-0.46381682852195877
ENSMUSG00000068923.15:B1	E:88659218-88659358	exon	random hexamer	7	0.09601138257752628	-0.14285714285714288
ENSMUSG00000068923.15:B1	E:88669032-88669856	exon	poly(dT)	6	0.07570691290105958	-0.2
ENSMUSG00000068923.15:B1	E:88669032-88669856	exon	random hexamer	7	0.09601138257752623	-0.28571428571428575
ENSMUSG00000068923.15:B1	E:88679597-88679906	exon	poly(dT)	6	0.07570691290105958	-0.4285714285714286
ENSMUSG00000068923.15:B1	E:88679597-88679906	exon	random hexamer	7	0.09601138257752623	-0.3214285714285715
ENSMUSG00000068923.15:B1	J:88656209-88669032	junction	poly(dT)	6	0.07570691290105958	0.2
ENSMUSG00000068923.15:B1	J:88656209-88669032	junction	random hexamer	7	0.09601138257752623	0.3571428571428572
ENSMUSG00000068923.15:B1	J:88669856-88679597	junction	poly(dT)	6	0.07570691290105958	-0.7714285714285715
ENSMUSG00000068923.15:B1	J:88669856-88679597	junction	random hexamer	7	0.09601138257752623	-0.3571428571428572
ENSMUSG00000069729.15:B1	E:5045213-5045348	exon	random hexamer	4	0.1604917642548559	0.7999999999999999
ENSMUSG00000069729.15:B1	E:5045348-5046695	exon	random hexamer	4	0.11268070541943875	0.39999999999999997
ENSMUSG00000069729.15:B2	E:5314306-5314396	exon	random hexamer	5	0.16867561465567316	-0.7
ENSMUSG00000069729.15:B2	J:5293346-5314306	junction	random hexamer	5	0.16867561465567316	-0.8999999999999998
ENSMUSG00000069729.15:B2	J:5314396-5329477	junction	random hexamer	5	0.16867561465567316	-0.8999999999999998
ENSMUSG00000072825.12:B2	E:112698517-112698519	exon	random hexamer	5	0.05992985660851724	-0.20519567041703082
ENSMUSG00000072825.12:B2	E:112698933-112698935	exon	random hexamer	5	0.059929856608517316	-0.3
ENSMUSG00000072825.12:B2	J:112698517-112698933	junction	random hexamer	5	0.059929856608517316	-0.3
ENSMUSG00000075318.14:B1	E:65499108-65499158	exon	random hexamer	5	0.06270174352221672	0.09999999999999999
ENSMUSG00000075318.14:B1	J:65499158-65500788	junction	random hexamer	5	0.06270174352221672	0.49999999999999994
ENSMUSG00000085438.3:B3	E:119433437-119437983	exon	poly(dT)	3	0.05441613482875973	-0.5
ENSMUSG00000097545.9:B1	E:64824743-64825257	exon	poly(dT)	5	0.12562038925056104	0.9999999999999999
ENSMUSG00000097545.9:B1	E:64824743-64825257	exon	random hexamer	6	0.24483630953941307	-0.3142857142857143
ENSMUSG00000097545.9:B1	E:64825483-64825503	exon	poly(dT)	5	0.12562038925056096	0.9999999999999999
ENSMUSG00000097545.9:B1	E:64825483-64825503	exon	random hexamer	6	0.24483630953941304	-0.3714285714285715
ENSMUSG00000097545.9:B1	J:64825257-64825503	junction	poly(dT)	5	0.12562038925056104	0.8999999999999998
ENSMUSG00000097545.9:B1	J:64825257-64825503	junction	random hexamer	6	0.24483630953941307	-0.028571428571428574
