test_id	feature_id	feature_type	start	end	path_numbers	primer	low_cell_type	high_cell_type	n_common_subjects	fitted_delta	observed_delta	observed_delta_se	minimum_total_denominator
ENSMUSG00000000631.21:B1	E:77654071-77654205	exon	77654071	77654205	1	random hexamer	EX_cerebellum_granule	EX_cortical	3	0.43997278506118276	0.3169228506125326	0.4850935486282505	16.86448598130841
ENSMUSG00000000631.21:B1	E:77662976-77663051	exon	77662976	77663051	2	random hexamer	EX_cerebellum_granule	EX_cortical	3	0.08530135010729911	0.0190011098779134	0.0190011098779134	16.86448598130841
ENSMUSG00000000631.21:B1	E:77668060-77668090	exon	77668060	77668090	1,2	random hexamer	EX_cerebellum_granule	EX_cortical	3	0.5252741351684819	0.2774457429338178	0.32315633086593526	16.86448598130841
ENSMUSG00000000631.21:B1	E:77668090-77668141	exon	77668090	77668141	1,2,3	random hexamer	EX_cerebellum_granule	EX_cortical	3	0.40371784234567415	0.04392748610593008	0.2038381512445383	16.86448598130841
ENSMUSG00000000631.21:B1	E:77668141-77669140	exon	77668141	77669140	1,2,3,4	random hexamer	EX_cerebellum_granule	EX_cortical	3	0.40003306131617594	0.050988121561279985	0.09633970302985322	16.86448598130841
ENSMUSG00000000631.21:B1	E:77692200-77692206	exon	77692200	77692206	5,6,7	random hexamer	EX_cortical	EX_cerebellum_granule	3	0.39677273688561215	-0.2468535646737565	0.2515185699185534	16.86448598130841
ENSMUSG00000000631.21:B1	J:77654205-77668060	junction	77654205	77668060	1	poly(dT)	EX_cerebellum_granule	EX_cortical	3	0.2904440175613341	0.01754385964912279	0.01754385964912279	38.0
ENSMUSG00000000631.21:B1	J:77654205-77668060	junction	77654205	77668060	1	random hexamer	INH_midbrain	EX_cortical	5	0.18324951315325136	0.0	0.0	38.0
ENSMUSG00000000631.21:B1	J:77663051-77668060	junction	77663051	77668060	2	poly(dT)	EX_cerebellum_granule	EX_cortical	3	0.08720023636741671	0.0	0.0	38.0
ENSMUSG00000000631.21:B2	E:77713488-77713500	exon	77713488	77713500	2	random hexamer	ASC	EX_cortical	5	0.09673290486672904	0.1846608113925196	0.2834139187287398	8.60604960677556
ENSMUSG00000000631.21:B2	E:77713915-77713930	exon	77713915	77713930	3	random hexamer	EX_cortical	ASC	5	0.07419928101123945	-0.05042624468663183	0.08609423400351239	8.60604960677556
ENSMUSG00000000631.21:B5	E:77755663-77755674	exon	77755663	77755674	2,3,4,5,6	random hexamer	EX_cerebellum_granule	ASC	3	0.24655932585219198	-0.041482510191293766	0.19013521152569043	11.34013605442177
ENSMUSG00000000631.21:B5	E:77755674-77755882	exon	77755674	77755882	3,4,5,6	random hexamer	EX_cerebellum_granule	ASC	3	0.2646944508942283	0.04723319223484548	0.0745970368888166	11.34013605442177
ENSMUSG00000000631.21:B5	E:77755882-77755935	exon	77755882	77755935	4,5,6	random hexamer	EX_cerebellum_granule	ASC	3	0.2972693029612945	-0.026090823382360375	0.24107818076010565	11.34013605442177
ENSMUSG00000000631.21:B5	E:77755935-77756663	exon	77755935	77756663	5,6	random hexamer	EX_cerebellum_granule	ASC	3	0.2979853523519966	0.1231564480221755	0.12092252938306235	11.34013605442177
ENSMUSG00000000631.21:B5	E:77756663-77756806	exon	77756663	77756806	6	random hexamer	EX_cerebellum_granule	ASC	3	0.2851050077963974	0.0	0.0	11.34013605442177
ENSMUSG00000000826.17:B1	E:181162277-181162490	exon	181162277	181162490	1	random hexamer	EX_cerebellum_granule	EX_cortical	7	0.060384344489894416	-0.006387796112682064	0.20528925009988885	30.720338983050844
ENSMUSG00000000826.17:B1	E:181162739-181162851	exon	181162739	181162851	2	random hexamer	EX_cortical	EX_cerebellum_granule	7	0.06038434448989446	0.010741035952531055	0.042428054951496486	30.720338983050844
ENSMUSG00000001248.16:B1	E:30850439-30850507	exon	30850439	30850507	2	random hexamer	INH_migrating_interneuron	EX_cortical	4	0.07834265501579968	-0.0665018083206391	0.14830023510782475	28.957983193277315
ENSMUSG00000001419.18:B3	E:88069087-88069108	exon	88069087	88069108	2	random hexamer	EX_cortical	INH_migrating_interneuron	4	0.31344162112358487	-0.14937309742721622	0.23322364877811633	41.33197744663713
ENSMUSG00000001419.18:B3	J:88068688-88070264	junction	88068688	88070264	1	random hexamer	INH_migrating_interneuron	EX_cortical	3	0.39466626984481396	0.009259259259259233	0.009259259259259234	43.0
ENSMUSG00000001419.18:B3	J:88069108-88070264	junction	88069108	88070264	2	random hexamer	EX_cortical	INH_migrating_interneuron	3	0.39466626984481396	0.014492753623188396	0.014492753623188399	27.0
ENSMUSG00000001472.18:B1	E:124100522-124100562	exon	124100522	124100562	1	random hexamer	EX_cortical	EX_cerebellum_granule	7	0.12809077279621248	0.21969449848185965	0.1862148682184162	31.61635220125786
ENSMUSG00000001472.18:B1	E:124109265-124109340	exon	124109265	124109340	2	random hexamer	EX_cerebellum_granule	EX_cortical	7	0.12809077279621245	0.0	0.0	31.61635220125786
ENSMUSG00000001472.18:B1	J:124108300-124109265	junction	124108300	124109265	2	poly(dT)	INH_migrating_interneuron	EX_cortical	21	0.07790803947590762	0.00024023844388515724	0.004387772238206924	665.0
ENSMUSG00000001472.18:B1	J:124108300-124109265	junction	124108300	124109265	2	random hexamer	INH_medium_spiny	ASC	4	0.13434578945444042	0.0774621212121212	0.04055021105519369	25.0
ENSMUSG00000001472.18:B1	J:124108300-124110063	junction	124108300	124110063	1	poly(dT)	EX_cortical	INH_migrating_interneuron	21	0.07790803947590763	0.002657441128502496	0.004079174927349962	695.0
ENSMUSG00000001472.18:B1	J:124108300-124110063	junction	124108300	124110063	1	random hexamer	ASC	INH_medium_spiny	4	0.13434578945444042	0.05366161616161615	0.03320451014951572	41.0
ENSMUSG00000001472.18:B1	J:124109340-124110063	junction	124109340	124110063	2	random hexamer	INH_medium_spiny	EX_cortical	4	0.14063288805049873	0.055160154173312104	0.08540838323116971	27.0
ENSMUSG00000001911.17:B1	E:85499982-85500025	exon	85499982	85500025	1	random hexamer	EX_cerebellum_granule	EX_cortical	4	0.11454420456918929	0.10874654660530095	0.18846288044223258	14.511278195488721
ENSMUSG00000001911.17:B1	E:85526626-85526769	exon	85526626	85526769	2,3	random hexamer	EX_cortical	EX_cerebellum_granule	4	0.11454420456918933	0.0	0.0	14.511278195488721
ENSMUSG00000001911.17:B1	E:85526769-85526973	exon	85526769	85526973	3	random hexamer	EX_cortical	EX_cerebellum_granule	4	0.12301624006363535	0.0	0.0	14.511278195488721
ENSMUSG00000001911.17:B4	E:85442769-85442917	exon	85442769	85442917	2	poly(dT)	EX_cerebellum_granule	EX_cortical	6	0.10029042064587342	-0.005576997621428801	0.03787976028215319	103.02285079051384
ENSMUSG00000001911.17:B4	E:85442769-85442917	exon	85442769	85442917	2	random hexamer	EX_cerebellum_granule	ASC	3	0.08957056698569188	0.24607590834947088	0.14938305020173137	15.605854743083004
ENSMUSG00000001911.17:B4	J:85440486-85442769	junction	85440486	85442769	2	poly(dT)	EX_cerebellum_granule	EX_cortical	5	0.07955304702218031	0.002971362292480936	0.06042521922185428	152.0
ENSMUSG00000001911.17:B4	J:85440486-85442769	junction	85440486	85442769	2	random hexamer	EX_cortical	ASC	3	0.05607339836047979	-0.2064814814814815	0.09547818429499413	16.0
ENSMUSG00000001911.17:B4	J:85440486-85448271	junction	85440486	85448271	1	poly(dT)	EX_cortical	EX_cerebellum_granule	5	0.07955304702218029	0.009518789231237768	0.062186562686044965	156.0
ENSMUSG00000001911.17:B4	J:85440486-85448271	junction	85440486	85448271	1	random hexamer	ASC	EX_cortical	3	0.056073398360479754	-0.0983560090702948	0.17878748222705948	21.0
ENSMUSG00000001911.17:B4	J:85442917-85448271	junction	85442917	85448271	2	poly(dT)	EX_cerebellum_granule	EX_cortical	5	0.07955304702218031	-0.0026563683174314805	0.020598628680123406	142.0
ENSMUSG00000001911.17:B4	J:85442917-85448271	junction	85442917	85448271	2	random hexamer	EX_cortical	ASC	3	0.05607339836047979	-0.005749746707193508	0.10157139129922017	21.0
ENSMUSG00000001986.17:B1	E:40490004-40490134	exon	40490004	40490134	1	random hexamer	EX_cerebellum_granule	INH_midbrain	3	0.0852757219737451	0.007682908108440033	0.019031570002815256	42.2967032967033
ENSMUSG00000001986.17:B1	E:40490180-40490405	exon	40490180	40490405	2	random hexamer	INH_midbrain	EX_cerebellum_granule	3	0.08527572197374507	-0.02383922830495484	0.027900679083355952	42.2967032967033
ENSMUSG00000002107.19:B1	E:6726424-6726426	exon	6726424	6726426	1	random hexamer	INH_medium_spiny	ASC	3	0.06344898502554712	-0.032079465885035	0.032079465885035005	4.5126903553299496
ENSMUSG00000002107.19:B1	E:6967189-6967225	exon	6967189	6967225	3,4	poly(dT)	ASC	INH_medium_spiny	3	0.056695973382567044	0.2018094994897336	0.03300359081703762	14.35532994923858
ENSMUSG00000002107.19:B1	E:6967189-6967225	exon	6967189	6967225	3,4	random hexamer	ASC	INH_medium_spiny	3	0.0780666042974996	-0.25744956102098965	0.28804028647868263	4.5126903553299496
ENSMUSG00000002107.19:B1	E:7085917-7086018	exon	7085917	7086018	3	poly(dT)	ASC	INH_medium_spiny	3	0.05739302286626886	-0.10857994963538985	0.15907839012724628	14.35532994923858
ENSMUSG00000002107.19:B1	E:7085917-7086018	exon	7085917	7086018	3	random hexamer	ASC	INH_medium_spiny	3	0.07860600628277266	0.007566016384242295	0.15207061773260078	4.5126903553299496
ENSMUSG00000002107.19:B1	J:6726424-6967189	junction	6726424	6967189	3,4	random hexamer	EX_cerebellum_granule	INH_medium_spiny	3	0.0663233420964125	-0.041154333407854536	0.0429269328138918	24.0
ENSMUSG00000002107.19:B1	J:7190321-7400668	junction	7190321	7400668	4	random hexamer	INH_migrating_interneuron	EX_cortical	4	0.05649614020238582	0.016426358092644172	0.08614406494464344	39.0
ENSMUSG00000002265.18:B1	E:6721555-6721847	exon	6721555	6721847	2	poly(dT)	INH_midbrain	INH_medium_spiny	9	0.09714446139733253	0.10392673361969947	0.13816735737412328	19.104625056129322
ENSMUSG00000002265.18:B1	E:6721555-6721847	exon	6721555	6721847	2	random hexamer	EX_cerebellum_granule	INH_migrating_interneuron	13	0.05446521738226814	0.10605601475275818	0.037059309378590886	184.48657386618768
ENSMUSG00000002265.18:B1	J:6721555-6729488	junction	6721555	6729488	1	poly(dT)	INH_migrating_interneuron	INH_midbrain	3	0.09555838955528972	0.2094017094017094	0.13493720857988842	24.0
ENSMUSG00000002265.18:B1	J:6721555-6729488	junction	6721555	6729488	1	random hexamer	INH_migrating_interneuron	EX_cerebellum_granule	5	0.09813469739470307	0.08862708554178074	0.035862191537901544	179.0
ENSMUSG00000002265.18:B1	J:6721847-6729488	junction	6721847	6729488	2	poly(dT)	INH_midbrain	INH_migrating_interneuron	3	0.09555838955528971	0.0	0.0	18.0
ENSMUSG00000002265.18:B1	J:6721847-6729488	junction	6721847	6729488	2	random hexamer	EX_cerebellum_granule	INH_migrating_interneuron	5	0.09813469739470311	0.0	0.0	173.0
ENSMUSG00000002985.17:B1	E:19432192-19432197	exon	19432192	19432197	2,3	poly(dT)	EX_cortical	ASC	5	0.06778598728944543	0.019008	0.019007999999999997	20.96969696969697
ENSMUSG00000002985.17:B1	E:19432935-19432977	exon	19432935	19432977	3	poly(dT)	EX_cortical	ASC	5	0.07540061483162927	0.09881226136253615	0.1048357690530493	20.96969696969697
ENSMUSG00000002985.17:B1	E:19432935-19432977	exon	19432935	19432977	3	random hexamer	EX_cortical	ASC	9	0.06449819044014873	0.058537659974943056	0.06116520413018764	147.2121212121212
ENSMUSG00000002985.17:B1	J:19432197-19432935	junction	19432197	19432935	3	random hexamer	EX_cortical	ASC	7	0.07383371740011395	0.0	0.0	96.0
ENSMUSG00000002985.17:B2	E:19430196-19431028	exon	19430196	19431028	1	poly(dT)	EX_cortical	EX_cerebellum_granule	4	0.05425642070353673	0.0	0.0	14.568047337278108
ENSMUSG00000002985.17:B2	E:19431180-19431403	exon	19431180	19431403	2	poly(dT)	EX_cerebellum_granule	EX_cortical	4	0.05425642070353673	-0.0071454196028187	0.0071454196028187	14.568047337278108
ENSMUSG00000002985.17:B2	J:19431028-19431403	junction	19431028	19431403	1	random hexamer	EX_cortical	ASC	4	0.05664837511023657	0.0	0.0	60.0
ENSMUSG00000003279.18:B1	E:70276240-70276665	exon	70276240	70276665	1	poly(dT)	EX_cortical	INH_migrating_interneuron	9	0.20633066073265097	-0.08409307040134611	0.15307977244749404	19.29767441860465
ENSMUSG00000003279.18:B1	E:70276240-70276665	exon	70276240	70276665	1	random hexamer	EX_cerebellum_granule	INH_medium_spiny	3	0.31133506870566474	0.5874520686183474	0.12353501386516653	11.986046511627906
ENSMUSG00000003279.18:B1	E:70385256-70385418	exon	70385256	70385418	1	poly(dT)	EX_cortical	INH_migrating_interneuron	9	0.20633066073265097	0.1693652683969472	0.0585499522333477	19.29767441860465
ENSMUSG00000003279.18:B1	E:70385256-70385418	exon	70385256	70385418	1	random hexamer	EX_cerebellum_granule	INH_medium_spiny	3	0.31133506870566474	0.5885164435677086	0.09499324115777284	11.986046511627906
ENSMUSG00000003279.18:B1	E:70513231-70513340	exon	70513231	70513340	1	poly(dT)	EX_cortical	INH_migrating_interneuron	9	0.20633066073265097	0.39508749599195014	0.1225362462313087	19.29767441860465
ENSMUSG00000003279.18:B1	E:70513231-70513340	exon	70513231	70513340	1	random hexamer	EX_cerebellum_granule	INH_medium_spiny	3	0.31133506870566474	-0.0172279967804396	0.017227996780439597	11.986046511627906
ENSMUSG00000003279.18:B1	E:70615041-70615165	exon	70615041	70615165	1	poly(dT)	EX_cortical	INH_migrating_interneuron	9	0.20633066073265097	0.17159222458475124	0.14045846548061444	19.29767441860465
ENSMUSG00000003279.18:B1	E:70615041-70615165	exon	70615041	70615165	1	random hexamer	EX_cerebellum_granule	INH_medium_spiny	3	0.31133506870566474	0.10110838670897614	0.11965059555051874	11.986046511627906
ENSMUSG00000003279.18:B1	E:70731790-70731883	exon	70731790	70731883	1	poly(dT)	EX_cortical	INH_migrating_interneuron	9	0.20633066073265097	0.2631917126358473	0.1424718653768905	19.29767441860465
ENSMUSG00000003279.18:B1	E:70731790-70731883	exon	70731790	70731883	1	random hexamer	EX_cerebellum_granule	INH_medium_spiny	3	0.31133506870566474	0.4190023138312963	0.12209189698478573	11.986046511627906
ENSMUSG00000003279.18:B1	E:70822948-70823991	exon	70822948	70823991	1	poly(dT)	EX_cortical	INH_migrating_interneuron	9	0.20633066073265097	-0.048633640429164245	0.03381827802174129	19.29767441860465
ENSMUSG00000003279.18:B1	E:70822948-70823991	exon	70822948	70823991	1	random hexamer	EX_cerebellum_granule	INH_medium_spiny	3	0.31133506870566474	0.048902167512549076	0.14930328486081157	11.986046511627906
ENSMUSG00000003279.18:B1	E:70829049-70829263	exon	70829049	70829263	2	poly(dT)	INH_migrating_interneuron	EX_cerebellum_granule	3	0.18213187803750755	-0.1594708063030165	0.19279378002187791	3.8279069767441856
ENSMUSG00000003279.18:B1	E:70829049-70829263	exon	70829049	70829263	2	random hexamer	INH_medium_spiny	EX_cerebellum_granule	3	0.3544208331563426	0.23854631073909927	0.20290345580529676	11.986046511627906
ENSMUSG00000003279.18:B1	E:70868546-70868866	exon	70868546	70868866	3	poly(dT)	INH_migrating_interneuron	EX_cortical	9	0.09096374802255322	0.009850347109450017	0.06625304933978658	19.29767441860465
ENSMUSG00000003279.18:B1	E:70868546-70868866	exon	70868546	70868866	3	random hexamer	EX_hippocampus_pyramidal	EX_cortical	4	0.1657034831324868	0.01672743918958805	0.018071191910937538	13.762790697674419
ENSMUSG00000003279.18:B1	J:70276665-70385256	junction	70276665	70385256	1	poly(dT)	EX_cortical	INH_migrating_interneuron	3	0.15327445575711	0.041666666666666664	0.04166666666666667	17.0
ENSMUSG00000003279.18:B1	J:70276665-70385256	junction	70276665	70385256	1	random hexamer	EX_cerebellum_granule	INH_midbrain	3	0.28710102878742444	-0.055555555555555546	0.055555555555555546	16.0
ENSMUSG00000003279.18:B1	J:70385418-70513231	junction	70385418	70513231	1	poly(dT)	EX_cortical	INH_migrating_interneuron	7	0.18444149412945215	0.2619047619047619	0.13569961531083294	58.0
ENSMUSG00000003279.18:B1	J:70513340-70615041	junction	70513340	70615041	1	poly(dT)	EX_cortical	INH_migrating_interneuron	3	0.14053115105917843	0.35767195767195764	0.057998686163152256	27.0
ENSMUSG00000003279.18:B1	J:70731883-70822948	junction	70731883	70822948	1	random hexamer	EX_cortical	INH_midbrain	4	0.32312611018890075	0.013738967440792949	0.09201858474828309	71.0
ENSMUSG00000003279.18:B1	J:70823991-70900161	junction	70823991	70900161	1	random hexamer	EX_cortical	INH_migrating_interneuron	5	0.22817968322762794	0.11383099615368812	0.07111021464102532	66.0
ENSMUSG00000003279.18:B1	J:70829263-70900161	junction	70829263	70900161	2	random hexamer	INH_migrating_interneuron	EX_cortical	5	0.1117927191356289	-0.045879657543240436	0.0952509189497885	61.0
ENSMUSG00000003279.18:B1	J:70868866-70900161	junction	70868866	70900161	3	random hexamer	INH_migrating_interneuron	EX_cortical	5	0.11638696409199903	0.04412206292913046	0.04817262120702464	61.0
ENSMUSG00000003847.17:B1	E:108020140-108020190	exon	108020140	108020190	1	poly(dT)	INH_midbrain	EX_cortical	5	0.08705145523360538	0.0	0.0	12.613595706618963
ENSMUSG00000003847.17:B1	E:108020140-108020190	exon	108020140	108020190	1	random hexamer	ASC	EX_cortical	3	0.13020950383258348	0.09850871665616467	0.09850871665616467	5.438282647584973
ENSMUSG00000003847.17:B1	E:108020190-108020530	exon	108020190	108020530	1,2	poly(dT)	INH_midbrain	EX_cortical	5	0.148232719173876	0.018056329253597857	0.09109342152302707	12.613595706618963
ENSMUSG00000003847.17:B1	E:108020190-108020530	exon	108020190	108020530	1,2	random hexamer	EX_cortical	INH_medium_spiny	3	0.17249125415375519	0.0	0.0	4.311270125223613
ENSMUSG00000003847.17:B1	E:108022212-108022266	exon	108022212	108022266	1	poly(dT)	INH_midbrain	EX_cortical	5	0.08705145523360538	0.04017720279097576	0.04017720279097575	12.613595706618963
ENSMUSG00000003847.17:B1	E:108022212-108022266	exon	108022212	108022266	1	random hexamer	ASC	EX_cortical	3	0.13020950383258348	0.5705047579729573	0.28563475867101656	5.438282647584973
ENSMUSG00000003847.17:B1	E:108051270-108051396	exon	108051270	108051396	1,2	poly(dT)	INH_midbrain	EX_cortical	5	0.148232719173876	-0.07052045604119635	0.15682653776185532	12.613595706618963
ENSMUSG00000003847.17:B1	E:108051270-108051396	exon	108051270	108051396	1,2	random hexamer	EX_cortical	INH_medium_spiny	3	0.17249125415375519	-0.15149489975449223	0.2911248425324131	4.311270125223613
ENSMUSG00000003847.17:B1	E:108065438-108065440	exon	108065438	108065440	3	poly(dT)	EX_cortical	INH_midbrain	5	0.148232719173876	-0.027004830917874378	0.027004830917874374	12.613595706618963
ENSMUSG00000003847.17:B1	E:108065438-108065440	exon	108065438	108065440	3	random hexamer	INH_medium_spiny	EX_cortical	3	0.1724912541537551	-0.42716317480248084	0.15408681555554707	4.311270125223613
ENSMUSG00000003847.17:B2	E:108095450-108096183	exon	108095450	108096183	1,2,3	poly(dT)	INH_medium_spiny	INH_migrating_interneuron	3	0.09698154381946937	-0.21645036419973826	0.2537828586914901	4.4994350282485875
ENSMUSG00000003847.17:B2	E:108095450-108096183	exon	108095450	108096183	1,2,3	random hexamer	INH_midbrain	INH_migrating_interneuron	6	0.07620736148016971	0.06858136988607057	0.0720160080015263	18.088700564971752
ENSMUSG00000003847.17:B2	E:108097049-108097291	exon	108097049	108097291	1,2,3	poly(dT)	INH_medium_spiny	INH_migrating_interneuron	3	0.09698154381946937	0.06779661879882647	0.13808754053752129	4.4994350282485875
ENSMUSG00000003847.17:B2	E:108097049-108097291	exon	108097049	108097291	1,2,3	random hexamer	INH_midbrain	INH_migrating_interneuron	6	0.07620736148016971	0.21312006277221276	0.13697481536913086	18.088700564971752
ENSMUSG00000003847.17:B2	E:108097789-108098810	exon	108097789	108098810	2,3	poly(dT)	INH_medium_spiny	INH_migrating_interneuron	3	0.09741720695882723	0.05433276781203478	0.05743114365556831	4.4994350282485875
ENSMUSG00000003847.17:B2	E:108097789-108098810	exon	108097789	108098810	2,3	random hexamer	INH_medium_spiny	INH_migrating_interneuron	5	0.1084275120422326	-0.012006050562809855	0.06081986979065745	13.998305084745763
ENSMUSG00000003847.17:B2	E:108098810-108105424	exon	108098810	108105424	3	poly(dT)	INH_medium_spiny	INH_migrating_interneuron	3	0.10028766026365232	0.049160322302951254	0.12063421706072587	4.4994350282485875
ENSMUSG00000003847.17:B2	E:108098810-108105424	exon	108098810	108105424	3	random hexamer	INH_medium_spiny	EX_cortical	8	0.09933566814829237	0.0302433072328234	0.021086636390333646	19.605649717514126
ENSMUSG00000003847.17:B2	E:108105424-108106140	exon	108105424	108106140	3,4	poly(dT)	ASC	EX_cortical	3	0.06380262101384133	0.24740380894438094	0.17753532448617348	5.556497175141242
ENSMUSG00000003847.17:B2	E:108105424-108106140	exon	108105424	108106140	3,4	random hexamer	INH_migrating_interneuron	EX_cortical	11	0.07592048071705884	0.05011667572191226	0.023158767020329957	32.496610169491525
ENSMUSG00000003847.17:B2	E:108106140-108106148	exon	108106140	108106148	3	poly(dT)	INH_medium_spiny	INH_migrating_interneuron	3	0.10028766026365232	0.057662236121970266	0.057662236121970266	4.4994350282485875
ENSMUSG00000003847.17:B2	E:108106140-108106148	exon	108106140	108106148	3	random hexamer	INH_medium_spiny	EX_cortical	8	0.09933566814829237	0.026468477090561063	0.02646847709056106	19.605649717514126
ENSMUSG00000004110.18:B1	E:154601666-154602102	exon	154601666	154602102	2	random hexamer	EX_cerebellum_granule	INH_migrating_interneuron	4	0.11280778794708865	0.06479618704211626	0.31186594468773526	12.592857142857145
ENSMUSG00000004113.19:B2	E:24651892-24651893	exon	24651892	24651893	1	random hexamer	INH_migrating_interneuron	EX_cortical	7	0.06082735802155818	0.3364015743877218	0.15159610033253496	17.090140845070422
ENSMUSG00000004113.19:B2	E:24652774-24652775	exon	24652774	24652775	2	random hexamer	EX_cortical	INH_migrating_interneuron	7	0.060827358021558135	-0.03189409031732545	0.09832191960298914	17.090140845070422
ENSMUSG00000004113.19:B8	E:24493898-24496386	exon	24493898	24496386	2	random hexamer	INH_medium_spiny	INH_migrating_interneuron	5	0.05266194345177252	0.03845262641868634	0.10803268551672712	19.94915254237288
ENSMUSG00000004113.19:B8	E:24496386-24496581	exon	24496386	24496581	2,3	random hexamer	INH_medium_spiny	INH_migrating_interneuron	5	0.06619690217548141	0.1428479054787014	0.08783088023040464	19.94915254237288
ENSMUSG00000004207.15:B1	E:60113448-60113449	exon	60113448	60113449	1	poly(dT)	EX_cerebellum_granule	EX_cortical	5	0.05316313209067147	-0.1433155080213904	0.1433155080213904	12.574626865671643
ENSMUSG00000004207.15:B1	E:60113448-60113449	exon	60113448	60113449	1	random hexamer	ASC	INH_migrating_interneuron	7	0.06264824819184403	0.0	0.0	40.55223880597015
ENSMUSG00000004207.15:B2	E:60131782-60131786	exon	60131782	60131786	2	random hexamer	INH_medium_spiny	ASC	3	0.05266976017875192	0.010594264354974839	0.06727229802687638	31.541068580542262
ENSMUSG00000004207.15:B2	E:60134820-60134825	exon	60134820	60134825	2	random hexamer	INH_medium_spiny	ASC	3	0.05266976017875192	0.39971149411297385	0.4427463675902589	31.541068580542262
ENSMUSG00000004207.15:B2	J:60131782-60134870	junction	60131782	60134870	3	random hexamer	INH_migrating_interneuron	ASC	3	0.053153058278042765	0.0	0.0	23.0
ENSMUSG00000004207.15:B2	J:60131782-60134876	junction	60131782	60134876	1	random hexamer	ASC	INH_migrating_interneuron	6	0.08441907895894661	0.014696769396017516	0.050694698802517695	78.0
ENSMUSG00000004267.17:B1	E:124746584-124746636	exon	124746584	124746636	2	random hexamer	EX_cerebellum_granule	INH_medium_spiny	3	0.11575902433611825	-0.17254243923962634	0.12927475614764114	26.892857142857142
ENSMUSG00000004933.18:B1	E:81088768-81089112	exon	81088768	81089112	1	random hexamer	EX_cortical	INH_medium_spiny	5	0.20398898584511044	-0.059494159987335794	0.02582655078304407	94.15
ENSMUSG00000004933.18:B1	E:81093132-81093138	exon	81093132	81093138	2,3	random hexamer	INH_medium_spiny	EX_cortical	5	0.10310511226948553	0.05135780867077435	0.02811501148981305	94.15
ENSMUSG00000004933.18:B1	E:81093751-81093804	exon	81093751	81093804	5	random hexamer	INH_medium_spiny	EX_cortical	5	0.15490327677941454	0.053017129951852995	0.04724969505842324	94.15
ENSMUSG00000004933.18:B1	E:81094002-81094138	exon	81094002	81094138	3	random hexamer	INH_medium_spiny	EX_cortical	5	0.08263196298354288	0.02826388022163056	0.024320912620093	94.15
ENSMUSG00000004933.18:B1	J:81089112-81094313	junction	81089112	81094313	1	random hexamer	EX_cortical	INH_medium_spiny	4	0.22740508522688263	-0.04563768582046882	0.015287690253894261	86.0
ENSMUSG00000004933.18:B1	J:81093408-81094002	junction	81093408	81094002	3	random hexamer	INH_medium_spiny	EX_cortical	4	0.13533966902207734	0.0	0.0	75.0
ENSMUSG00000004933.18:B1	J:81093804-81094313	junction	81093804	81094313	5	random hexamer	INH_medium_spiny	EX_cortical	4	0.1109249862478391	0.05392194399200501	0.06602796823669498	86.0
ENSMUSG00000004933.18:B1	J:81094138-81094313	junction	81094138	81094313	3	random hexamer	INH_medium_spiny	EX_cortical	4	0.13533966902207734	0.02720357010728815	0.005873519283280677	86.0
ENSMUSG00000004933.18:B3	E:81098809-81098815	exon	81098809	81098815	2,3,4	poly(dT)	EX_cortical	INH_medium_spiny	5	0.13311098282827652	0.01096862964798111	0.04418184882971515	70.33994334277621
ENSMUSG00000004933.18:B3	E:81098809-81098815	exon	81098809	81098815	2,3,4	random hexamer	EX_cortical	INH_medium_spiny	4	0.09008206912417663	-0.07867756315007428	0.07867756315007428	10.72804532577904
ENSMUSG00000004933.18:B3	E:81098815-81098819	exon	81098815	81098819	3,4	poly(dT)	EX_cortical	INH_medium_spiny	5	0.19951799427804381	0.03971532723515651	0.06510569828846942	70.33994334277621
ENSMUSG00000004933.18:B3	E:81098815-81098819	exon	81098815	81098819	3,4	random hexamer	EX_cortical	INH_medium_spiny	4	0.15927614099814852	-0.07867756315007428	0.07867756315007428	10.72804532577904
ENSMUSG00000005045.17:B1	E:152423107-152423343	exon	152423107	152423343	2	poly(dT)	ASC	EX_cortical	9	0.10507259978699679	-0.02631986711812516	0.036471135146795515	25.083333333333336
ENSMUSG00000005045.17:B1	E:152423107-152423343	exon	152423107	152423343	2	random hexamer	ASC	EX_cortical	4	0.13644071027191498	0.10912830417691616	0.24906021044293083	7.388888888888889
ENSMUSG00000005417.18:B1	E:59553320-59553332	exon	59553320	59553332	2	random hexamer	EX_cerebellum_granule	INH_migrating_interneuron	5	0.12082654013456243	0.0	0.0	15.744343891402714
ENSMUSG00000005417.18:B2	E:59626655-59626769	exon	59626655	59626769	2	random hexamer	INH_migrating_interneuron	EX_cortical	7	0.1291177196330345	-0.006640071682791214	0.09837738896374847	14.250947982498785
ENSMUSG00000005417.18:B3	E:59632816-59632924	exon	59632816	59632924	2	random hexamer	EX_cerebellum_granule	INH_migrating_interneuron	3	0.10687823382445825	-0.3022192123703316	0.20257908538413702	15.729243884358784
ENSMUSG00000005506.17:B1	E:90770887-90770986	exon	90770887	90770986	1,2,3	random hexamer	INH_migrating_interneuron	EX_cortical	3	0.2888783808991325	0.0	0.0	6.132978723404256
ENSMUSG00000005506.17:B1	E:90828923-90828924	exon	90828923	90828924	4	random hexamer	EX_cortical	INH_migrating_interneuron	3	0.28887838089913226	-0.1446380822278274	0.13585232431862337	6.132978723404256
ENSMUSG00000005506.17:B3	E:90839546-90839549	exon	90839546	90839549	2	random hexamer	INH_migrating_interneuron	INH_medium_spiny	3	0.06958049651952716	-0.1481176989586986	0.17022856292561525	6.656610098470564
ENSMUSG00000005583.17:B2	E:83773383-83773443	exon	83773383	83773443	1,2	poly(dT)	EX_cerebellum_granule	EX_cortical	6	0.07321979633204813	0.48563012526957144	0.15087472798072504	14.378119429590017
ENSMUSG00000005583.17:B2	E:83773383-83773443	exon	83773383	83773443	1,2	random hexamer	EX_cerebellum_granule	EX_cortical	8	0.10936788843456774	-0.025108400131280725	0.15673370123840408	54.70320855614973
ENSMUSG00000005583.17:B2	E:83773443-83773527	exon	83773443	83773527	2	poly(dT)	EX_cerebellum_granule	EX_cortical	6	0.05720225714903087	0.47018347348581013	0.18475048452107812	14.378119429590017
ENSMUSG00000005583.17:B2	E:83773443-83773527	exon	83773443	83773527	2	random hexamer	EX_cerebellum_granule	INH_migrating_interneuron	4	0.11837154892548934	-0.1939409458790476	0.1550270932014039	17.628342245989305
ENSMUSG00000005583.17:B2	E:83773588-83773726	exon	83773588	83773726	1,3	poly(dT)	EX_cortical	EX_cerebellum_granule	6	0.057202257149030954	-0.44718857065869266	0.16780209795153195	14.378119429590017
ENSMUSG00000005583.17:B2	E:83773588-83773726	exon	83773588	83773726	1,3	random hexamer	INH_migrating_interneuron	EX_cerebellum_granule	4	0.11837154892548941	-0.016934227944812426	0.016934227944812426	17.628342245989305
ENSMUSG00000005583.17:B2	J:83741100-83773383	junction	83741100	83773383	1,2	poly(dT)	EX_cortical	INH_migrating_interneuron	3	0.08242635999680015	-0.0017907712810261895	0.02147815501791728	30.0
ENSMUSG00000005583.17:B2	J:83741100-83773383	junction	83741100	83773383	1,2	random hexamer	EX_cerebellum_granule	EX_cortical	4	0.1492787260022008	0.01458333333333331	0.04001952648395532	43.0
ENSMUSG00000005583.17:B2	J:83741100-83773588	junction	83741100	83773588	3	poly(dT)	INH_migrating_interneuron	EX_cortical	3	0.08242635999680016	-0.01628352490421457	0.034971525409058755	30.0
ENSMUSG00000005583.17:B2	J:83741100-83773588	junction	83741100	83773588	3	random hexamer	EX_cortical	EX_cerebellum_granule	4	0.14927872600220082	0.0	0.0	43.0
ENSMUSG00000005583.17:B2	J:83773527-83781173	junction	83773527	83781173	2	random hexamer	EX_cortical	INH_migrating_interneuron	3	0.12379428822725629	0.0037453183520599342	0.0037453183520599347	24.0
ENSMUSG00000005583.17:B2	J:83773726-83781173	junction	83773726	83781173	1,3	random hexamer	INH_migrating_interneuron	EX_cortical	3	0.12379428822725626	0.0037453183520599	0.003745318352059901	24.0
ENSMUSG00000005583.17:B3	E:83802716-83802740	exon	83802716	83802740	2	random hexamer	ASC	EX_cortical	3	0.13412954324680018	-0.2301705766799886	0.23140087904870235	8.585460204535348
ENSMUSG00000006005.19:B1	E:150268588-150268764	exon	150268588	150268764	1	random hexamer	INH_migrating_interneuron	EX_cortical	4	0.07315501303541799	0.46213878361633853	0.21931280440406528	5.993399339933994
ENSMUSG00000006005.19:B1	E:150269000-150269106	exon	150269000	150269106	2	random hexamer	EX_cortical	INH_migrating_interneuron	4	0.07315501303541788	-0.13353393869127478	0.3122515121152291	5.993399339933994
ENSMUSG00000006575.15:B1	E:102288910-102288925	exon	102288910	102288925	2	random hexamer	INH_migrating_interneuron	EX_cortical	7	0.1287252396058827	0.21751553890479483	0.17650649162925136	51.956124549665475
ENSMUSG00000006800.15:B1	E:165983633-165983686	exon	165983633	165983686	3	random hexamer	INH_migrating_interneuron	EX_cortical	6	0.09730197561344149	0.187597429841837	0.11284448436453669	16.40449438202247
ENSMUSG00000006800.15:B1	E:165996866-165997205	exon	165996866	165997205	1	random hexamer	EX_cortical	ODC	4	0.08035890820487453	0.01965445875353219	0.12063637489081058	9.213483146067416
ENSMUSG00000006800.15:B1	E:165997422-165997583	exon	165997422	165997583	2,3	random hexamer	ODC	EX_cortical	4	0.0803589082048744	-0.21499028108881751	0.24377443545664745	9.213483146067416
ENSMUSG00000006930.16:B1	E:100246913-100246954	exon	100246913	100246954	2	poly(dT)	EX_cortical	INH_midbrain	4	0.3567291749117209	-0.009207482318725625	0.009207482318725625	14.394472361809045
ENSMUSG00000006930.16:B1	E:100246913-100246954	exon	100246913	100246954	2	random hexamer	EX_cortical	INH_midbrain	9	0.3039030456510031	-0.13605708708084555	0.045777204603523435	174.1708542713568
ENSMUSG00000008658.17:B1	E:6167001-6167095	exon	6167001	6167095	1	poly(dT)	INH_migrating_interneuron	EX_cortical	4	0.16191201715753145	0.4508815119935822	0.22011681049167664	12.220833333333333
ENSMUSG00000008658.17:B1	E:6167001-6167095	exon	6167001	6167095	1	random hexamer	EX_cerebellum_granule	EX_cortical	7	0.07863977598118531	0.37552795482777507	0.10793256952618913	108.02499999999999
ENSMUSG00000008658.17:B1	E:6305682-6305730	exon	6305682	6305730	1	poly(dT)	INH_migrating_interneuron	EX_cortical	4	0.16191201715753145	0.06111501670327074	0.36495704708402527	12.220833333333333
ENSMUSG00000008658.17:B1	E:6305682-6305730	exon	6305682	6305730	1	random hexamer	EX_cerebellum_granule	EX_cortical	7	0.07863977598118531	0.27923579048604463	0.11328936560306	108.02499999999999
ENSMUSG00000008658.17:B1	E:6627070-6627085	exon	6627070	6627085	1	poly(dT)	INH_migrating_interneuron	EX_cortical	4	0.16191201715753145	0.1752131347059459	0.2870451070234884	12.220833333333333
ENSMUSG00000008658.17:B1	E:6627070-6627085	exon	6627070	6627085	1	random hexamer	EX_cerebellum_granule	EX_cortical	7	0.07863977598118531	0.11483691195819731	0.15910215061175798	108.02499999999999
ENSMUSG00000008658.17:B1	E:6627085-6627112	exon	6627085	6627112	1,2	poly(dT)	INH_migrating_interneuron	EX_cortical	4	0.14668848572186244	0.16061067764525083	0.2188129881247841	12.220833333333333
ENSMUSG00000008658.17:B1	E:6627085-6627112	exon	6627085	6627112	1,2	random hexamer	EX_cerebellum_granule	EX_cortical	7	0.05978493360153182	0.14554377573352859	0.13848092922192812	108.02499999999999
ENSMUSG00000008658.17:B1	E:6887709-6887949	exon	6887709	6887949	3	poly(dT)	EX_cortical	INH_migrating_interneuron	4	0.06553972654569049	-0.009659768768804651	0.023512154889734908	12.220833333333333
ENSMUSG00000008658.17:B1	E:6887709-6887949	exon	6887709	6887949	3	random hexamer	EX_cerebellum_granule	INH_migrating_interneuron	4	0.08214043201947571	0.14241486068111456	0.14241486068111456	56.2625
ENSMUSG00000008658.17:B1	E:7042173-7042174	exon	7042173	7042174	4	poly(dT)	EX_cortical	EX_cerebellum_granule	3	0.14566367639443759	-0.040567951318458396	0.04056795131845841	8.516666666666666
ENSMUSG00000008658.17:B1	E:7042173-7042174	exon	7042173	7042174	4	random hexamer	EX_cortical	EX_cerebellum_granule	7	0.08466682449216488	0.01142749444957673	0.05418289771151257	108.02499999999999
ENSMUSG00000008658.17:B1	J:6167095-6305682	junction	6167095	6305682	1	random hexamer	EX_cerebellum_granule	EX_cortical	4	0.14616754793710016	0.011123254970004201	0.223261138827022	47.0
ENSMUSG00000008658.17:B1	J:6305730-6627070	junction	6305730	6627070	1	random hexamer	EX_cerebellum_granule	EX_cortical	3	0.15025679462564234	-0.049675470728102265	0.013047689447236046	41.0
ENSMUSG00000008658.17:B1	J:6627112-7042174	junction	6627112	7042174	1,2	random hexamer	EX_cerebellum_granule	EX_cortical	6	0.06689998509184723	-0.06656551509492688	0.06296307592205883	71.0
ENSMUSG00000008658.17:B1	J:6887949-7042174	junction	6887949	7042174	3	random hexamer	EX_cerebellum_granule	INH_migrating_interneuron	3	0.09392618552529747	0.0	0.0	44.0
ENSMUSG00000008658.17:B3	E:7181728-7181768	exon	7181728	7181768	1	random hexamer	INH_migrating_interneuron	EX_cerebellum_granule	3	0.10333141842258138	0.17648471663730916	0.2833326930855672	8.378773857721226
ENSMUSG00000008658.17:B3	E:7187664-7187707	exon	7187664	7187707	2	random hexamer	EX_cerebellum_granule	INH_migrating_interneuron	3	0.10333141842258135	0.1807337342742411	0.18073373427424116	8.378773857721226
ENSMUSG00000008658.17:B4	E:7227677-7227861	exon	7227677	7227861	2,3	poly(dT)	INH_migrating_interneuron	INH_medium_spiny	4	0.07957621067170925	0.0	0.0	23.86178861788618
ENSMUSG00000008658.17:B4	E:7227861-7229390	exon	7227861	7229390	3	poly(dT)	EX_cerebellum_granule	EX_cortical	7	0.07564280325817749	0.04068243766754491	0.11136927358352156	66.40650406504065
ENSMUSG00000009079.17:B1	E:5049066-5049067	exon	5049066	5049067	2,3	random hexamer	INH_migrating_interneuron	EX_cortical	5	0.10257385602127722	-0.12447737034873652	0.11693696445814801	66.97058823529412
ENSMUSG00000009079.17:B1	E:5049067-5049096	exon	5049067	5049096	3	random hexamer	EX_cortical	INH_medium_spiny	4	0.0504722465140136	0.012329083851582798	0.05929824974909806	65.32352941176471
ENSMUSG00000009394.14:B1	E:115111862-115111877	exon	115111862	115111877	1	random hexamer	EX_hippocampus_granule	EX_hippocampus_pyramidal	3	0.2214254824147831	0.0	0.0	13.166340508806263
ENSMUSG00000011751.17:B1	J:27093729-27095542	junction	27093729	27095542	2	poly(dT)	INH_medium_spiny	EX_cortical	3	0.05468839047024243	0.0	0.0	18.0
ENSMUSG00000011751.17:B1	J:27126331-27127608	junction	27126331	27127608	4	random hexamer	EX_cortical	INH_migrating_interneuron	6	0.06780754419902778	0.0	0.0	60.0
ENSMUSG00000011751.17:B1	J:27127700-27132472	junction	27127700	27132472	4	random hexamer	EX_cortical	INH_migrating_interneuron	6	0.06780754419902778	0.0	0.0	54.0
ENSMUSG00000013033.17:B1	E:84627343-84627363	exon	84627343	84627363	1	random hexamer	INH_medium_spiny	EX_cerebellum_granule	7	0.05057926416259791	0.0671021518325084	0.0564075297564948	45.401997503121095
ENSMUSG00000013033.17:B1	E:84652890-84652905	exon	84652890	84652905	1,3	random hexamer	EX_cerebellum_granule	INH_migrating_interneuron	6	0.05440955185973457	0.315975681356299	0.20424138661290184	42.962546816479396
ENSMUSG00000013033.17:B1	J:84649737-84656092	junction	84649737	84656092	2	random hexamer	INH_midbrain	EX_cerebellum_granule	3	0.08051170640035472	-0.3872100122100122	0.25717772991545945	19.0
ENSMUSG00000013033.17:B1	J:84652905-84656092	junction	84652905	84656092	1,3	random hexamer	EX_cerebellum_granule	INH_midbrain	3	0.0805117064003547	0.033333333333333326	0.2603416558635552	16.0
ENSMUSG00000013033.17:B2	E:84663954-84664089	exon	84663954	84664089	2	random hexamer	INH_migrating_interneuron	EX_cerebellum_granule	6	0.053322665934504354	-0.23937335436329846	0.08990398534860411	45.23687365140254
ENSMUSG00000013236.18:B1	E:56769103-56769216	exon	56769103	56769216	1	poly(dT)	EX_cortical	EX_cerebellum_granule	3	0.15807194457943413	0.0	0.0	4.435483870967742
ENSMUSG00000013236.18:B1	E:56769103-56769216	exon	56769103	56769216	1	random hexamer	EX_cortical	EX_hippocampus_granule	4	0.1896783261883672	-0.020757537971010175	0.008835655375584759	19.844086021505376
ENSMUSG00000013236.18:B1	E:56783339-56783483	exon	56783339	56783483	2	poly(dT)	EX_cerebellum_granule	EX_cortical	3	0.1580719445794341	-0.15653729164078137	0.08411115370179263	4.435483870967742
ENSMUSG00000013236.18:B1	E:56783339-56783483	exon	56783339	56783483	2	random hexamer	EX_hippocampus_granule	EX_cortical	4	0.1896783261883672	0.34299785476712763	0.1639810228527503	19.844086021505376
ENSMUSG00000013236.18:B1	J:56765377-56769103	junction	56765377	56769103	1	random hexamer	ASC	EX_cortical	4	0.18775375418054085	-0.019230769230769225	0.019230769230769225	38.0
ENSMUSG00000013236.18:B1	J:56765377-56783339	junction	56765377	56783339	2	random hexamer	EX_cortical	ASC	4	0.18775375418054094	-0.01923076923076919	0.01923076923076919	38.0
ENSMUSG00000014602.16:B1	E:93010143-93010202	exon	93010143	93010202	2,3	poly(dT)	INH_midbrain	INH_medium_spiny	3	0.09917498387096761	0.0	0.0	5.650943396226415
ENSMUSG00000014602.16:B1	E:93010143-93010202	exon	93010143	93010202	2,3	random hexamer	EX_thalamus	EX_hippocampus_granule	3	0.12934742329987736	0.0	0.0	25.349056603773587
ENSMUSG00000014602.16:B1	E:93029484-93029553	exon	93029484	93029553	2,3	poly(dT)	INH_midbrain	INH_medium_spiny	3	0.09917498387096761	0.0	0.0	5.650943396226415
ENSMUSG00000014602.16:B1	E:93029484-93029553	exon	93029484	93029553	2,3	random hexamer	EX_thalamus	EX_hippocampus_granule	3	0.12934742329987736	0.0	0.0	25.349056603773587
ENSMUSG00000014602.16:B1	E:93029553-93029569	exon	93029553	93029569	3	poly(dT)	INH_midbrain	INH_medium_spiny	3	0.09150688481270686	-0.055118110236220486	0.055118110236220486	5.650943396226415
ENSMUSG00000014602.16:B1	E:93029553-93029569	exon	93029553	93029569	3	random hexamer	EX_thalamus	EX_hippocampus_granule	3	0.15459766933423574	0.0	0.0	25.349056603773587
ENSMUSG00000014602.16:B1	J:93010202-93029484	junction	93010202	93029484	2,3	poly(dT)	INH_migrating_interneuron	INH_medium_spiny	4	0.10104463723308435	0.060416666666666646	0.04755296754380552	23.0
ENSMUSG00000014602.16:B1	J:93010202-93029484	junction	93010202	93029484	2,3	random hexamer	EX_thalamus	EX_hippocampus_granule	3	0.12934742329987736	0.020903010033444785	0.01257891203611678	59.0
ENSMUSG00000014602.16:B2	E:92993273-92993300	exon	92993273	92993300	2	poly(dT)	INH_medium_spiny	EX_cortical	3	0.07927499078180948	0.2512213148739026	0.38108288797373624	4.6993528859200495
ENSMUSG00000014602.16:B2	E:92993273-92993300	exon	92993273	92993300	2	random hexamer	INH_midbrain	EX_hippocampus_granule	3	0.1490875838399939	-0.324777287866971	0.18568349105904938	4.510541697108861
ENSMUSG00000014602.16:B4	E:92962267-92962294	exon	92962267	92962294	2	random hexamer	EX_hippocampus_granule	INH_midbrain	5	0.0968433519036968	-0.21991757821080857	0.1750809033761399	13.57124692370796
ENSMUSG00000014602.16:B4	J:92953457-92964567	junction	92953457	92964567	1	random hexamer	INH_migrating_interneuron	EX_cerebellum_granule	5	0.05242515672844319	0.27214285714285713	0.09871883388323276	39.0
ENSMUSG00000015222.19:B1	E:66290820-66290871	exon	66290820	66290871	1	poly(dT)	EX_hippocampus_pyramidal	EX_hippocampus_granule	3	0.155344539954127	0.22363356428021555	0.39963951271838866	6.8350877192982455
ENSMUSG00000015222.19:B1	E:66290820-66290871	exon	66290820	66290871	1	random hexamer	EX_hippocampus_pyramidal	EX_cortical	4	0.12664997592995897	0.1044185854439082	0.02674685297730338	12.40701754385965
ENSMUSG00000015222.19:B1	E:66360877-66361301	exon	66360877	66361301	2	poly(dT)	EX_hippocampus_granule	EX_hippocampus_pyramidal	3	0.07294956527925635	-0.2463156493923817	0.12969809132003787	6.8350877192982455
ENSMUSG00000015222.19:B1	E:66360877-66361301	exon	66360877	66361301	2	random hexamer	EX_cerebellum_granule	EX_hippocampus_pyramidal	3	0.08348036104935914	0.11967458537660151	0.2333308294381763	11.347368421052632
ENSMUSG00000015222.19:B1	E:66361562-66361627	exon	66361562	66361627	1,2	poly(dT)	EX_hippocampus_pyramidal	EX_cortical	4	0.1298416923099901	0.07378177357698881	0.057432180397435244	13.947368421052632
ENSMUSG00000015222.19:B1	E:66361562-66361627	exon	66361562	66361627	1,2	random hexamer	EX_hippocampus_pyramidal	INH_medium_spiny	3	0.11860937946660399	-0.09264648132085078	0.3299005867325697	8.364912280701756
ENSMUSG00000015222.19:B1	E:66401361-66401439	exon	66401361	66401439	1,2	poly(dT)	EX_hippocampus_pyramidal	EX_cortical	4	0.1298416923099901	0.14579582952590453	0.11516980892830254	13.947368421052632
ENSMUSG00000015222.19:B1	E:66401361-66401439	exon	66401361	66401439	1,2	random hexamer	EX_hippocampus_pyramidal	INH_medium_spiny	3	0.11860937946660399	0.2532221740563396	0.25236028227012963	8.364912280701756
ENSMUSG00000015222.19:B1	E:66403813-66403816	exon	66403813	66403816	3	poly(dT)	EX_cortical	EX_hippocampus_pyramidal	4	0.10140311039576078	0.0	0.0	13.947368421052632
ENSMUSG00000015222.19:B1	E:66403813-66403816	exon	66403813	66403816	3	random hexamer	INH_medium_spiny	EX_hippocampus_pyramidal	3	0.09339771920828942	0.0	0.0	8.364912280701756
ENSMUSG00000015222.19:B1	E:66403816-66403935	exon	66403816	66403935	3,4	poly(dT)	EX_cortical	EX_hippocampus_pyramidal	4	0.12984169230998996	-0.013384231429798174	0.013384231429798174	13.947368421052632
ENSMUSG00000015222.19:B1	E:66403816-66403935	exon	66403816	66403935	3,4	random hexamer	INH_medium_spiny	EX_hippocampus_pyramidal	3	0.11860937946660395	-0.1024022174314752	0.1024022174314752	8.364912280701756
ENSMUSG00000015222.19:B1	J:66290871-66361562	junction	66290871	66361562	1	poly(dT)	INH_migrating_interneuron	ASC	8	0.06994007113083597	0.057404447286160856	0.08149663633112861	71.0
ENSMUSG00000015222.19:B1	J:66290871-66361562	junction	66290871	66361562	1	random hexamer	EX_hippocampus_granule	EX_cortical	3	0.10539984036689709	-0.22073412698412698	0.15839209411084998	21.0
ENSMUSG00000015222.19:B1	J:66361301-66361562	junction	66361301	66361562	2	poly(dT)	ASC	INH_midbrain	7	0.06087123713724047	0.20407981374367928	0.08535424684811023	50.0
ENSMUSG00000015222.19:B1	J:66361301-66361562	junction	66361301	66361562	2	random hexamer	EX_cortical	EX_hippocampus_granule	3	0.07345724035695722	-0.220734126984127	0.15839209411085003	21.0
ENSMUSG00000015222.19:B1	J:66361627-66401361	junction	66361627	66401361	1,2	poly(dT)	INH_migrating_interneuron	EX_cortical	12	0.06884473455889219	0.005681818181818167	0.016181825275222595	166.0
ENSMUSG00000015222.19:B1	J:66361627-66401361	junction	66361627	66401361	1,2	random hexamer	EX_hippocampus_granule	ASC	3	0.06099636486009441	0.055555555555555546	0.055555555555555546	16.0
ENSMUSG00000015222.19:B1	J:66401439-66419647	junction	66401439	66419647	1,2	poly(dT)	EX_cerebellum_granule	ASC	4	0.05665477412426853	0.0	0.0	45.0
ENSMUSG00000015222.19:B1	J:66403935-66419647	junction	66403935	66419647	3,4	poly(dT)	ASC	EX_cerebellum_granule	4	0.056654774124268545	0.0	0.0	45.0
ENSMUSG00000015222.19:B2	J:66438661-66440602	junction	66438661	66440602	2	poly(dT)	EX_hippocampus_granule	EX_cortical	3	0.06425926531075436	-0.008547008547008517	0.008547008547008517	22.0
ENSMUSG00000015222.19:B2	J:66438661-66440605	junction	66438661	66440605	1	poly(dT)	EX_cortical	EX_hippocampus_granule	3	0.06425926531075422	-0.008547008547008532	0.008547008547008532	22.0
ENSMUSG00000015222.19:B3	E:66451565-66455306	exon	66451565	66455306	2	poly(dT)	EX_hippocampus_granule	EX_cerebellum_granule	3	0.08348538587373093	0.2253876510910293	0.12303379091893299	4.023763440860215
ENSMUSG00000015222.19:B3	E:66451565-66455306	exon	66451565	66455306	2	random hexamer	INH_medium_spiny	EX_hippocampus_granule	5	0.07028173888916969	-0.052876037477741764	0.17585866187260024	15.874086021505377
ENSMUSG00000015222.19:B3	E:66455502-66455709	exon	66455502	66455709	2	poly(dT)	EX_hippocampus_granule	EX_cerebellum_granule	3	0.08348538587373093	0.0	0.0	4.023763440860215
ENSMUSG00000015222.19:B3	E:66455502-66455709	exon	66455502	66455709	2	random hexamer	INH_medium_spiny	EX_hippocampus_granule	5	0.07028173888916969	-0.01026360467624113	0.29584015682328024	15.874086021505377
ENSMUSG00000015222.19:B3	E:66455890-66456025	exon	66455890	66456025	2	poly(dT)	EX_hippocampus_granule	EX_cerebellum_granule	3	0.08348538587373093	0.11827924822898421	0.4849288836748547	4.023763440860215
ENSMUSG00000015222.19:B3	E:66455890-66456025	exon	66455890	66456025	2	random hexamer	INH_medium_spiny	EX_hippocampus_granule	5	0.07028173888916969	0.3124845993860138	0.36134967655132927	15.874086021505377
ENSMUSG00000015222.19:B3	J:66440680-66451565	junction	66440680	66451565	2	random hexamer	EX_cortical	ASC	4	0.05450260343071395	-0.16860902255639101	0.18673538830204034	37.0
ENSMUSG00000015222.19:B3	J:66440680-66459293	junction	66440680	66459293	1	random hexamer	INH_midbrain	INH_medium_spiny	3	0.05062750669399423	0.047619047619047596	0.0476190476190476	18.0
ENSMUSG00000015222.19:B3	J:66455306-66455502	junction	66455306	66455502	2	poly(dT)	EX_hippocampus_granule	EX_cerebellum_granule	3	0.08348538587373093	0.0	0.0	24.0
ENSMUSG00000015222.19:B3	J:66455709-66455890	junction	66455709	66455890	2	random hexamer	INH_migrating_interneuron	EX_cortical	4	0.060064729886969564	0.024999999999999994	0.10126514518643434	26.0
ENSMUSG00000015222.19:B3	J:66456025-66459293	junction	66456025	66459293	2	random hexamer	ASC	EX_cortical	3	0.07015883957625084	0.41005291005291006	0.03160794482896431	51.0
ENSMUSG00000015222.19:B5	E:66478347-66481740	exon	66478347	66481740	2,3	poly(dT)	INH_midbrain	ASC	3	0.08562960029026723	0.07180082414347162	0.03752609134663771	6.937027707808565
ENSMUSG00000015222.19:B5	E:66478347-66481740	exon	66478347	66481740	2,3	random hexamer	INH_midbrain	ASC	14	0.07160233478423539	0.010593168106540266	0.09072692446619429	30.770780856423173
ENSMUSG00000015222.19:B5	E:66481740-66481742	exon	66481740	66481742	3	poly(dT)	EX_cerebellum_granule	INH_medium_spiny	3	0.0562089387804195	0.0971154976426154	0.08290142306686052	9.841309823677584
ENSMUSG00000015222.19:B5	E:66481740-66481742	exon	66481740	66481742	3	random hexamer	INH_medium_spiny	EX_hippocampus_granule	3	0.07833908286177897	-0.1131054131054131	0.1131054131054131	5.16624685138539
ENSMUSG00000015501.11:B1	E:13841818-13841964	exon	13841818	13841964	1	poly(dT)	EX_cerebellum_granule	EX_cortical	3	0.07924130065611996	-0.09492864675082739	0.465546713034625	5.8235294117647065
ENSMUSG00000015501.11:B1	E:13841818-13841964	exon	13841818	13841964	1	random hexamer	INH_midbrain	EX_cerebellum_granule	3	0.19784053524480136	0.264214007240172	0.1252547487895186	7.764705882352942
ENSMUSG00000015501.11:B1	E:13842122-13842441	exon	13842122	13842441	2	poly(dT)	EX_cortical	EX_cerebellum_granule	3	0.07924130065611999	-0.3335719483293258	0.6354751460062663	5.8235294117647065
ENSMUSG00000015501.11:B1	E:13842122-13842441	exon	13842122	13842441	2	random hexamer	EX_cerebellum_granule	INH_midbrain	3	0.19784053524480136	-0.6518721468244949	0.17893788283863185	7.764705882352942
ENSMUSG00000015501.11:B1	E:13879944-13880019	exon	13879944	13880019	1	poly(dT)	EX_cerebellum_granule	EX_cortical	3	0.07924130065611996	-0.41856706803503174	0.3308909971678519	5.8235294117647065
ENSMUSG00000015501.11:B1	E:13879944-13880019	exon	13879944	13880019	1	random hexamer	INH_midbrain	EX_cerebellum_granule	3	0.19784053524480136	0.6171650671633784	0.2257641266486418	7.764705882352942
ENSMUSG00000015501.11:B1	J:13841964-13879944	junction	13841964	13879944	1	random hexamer	INH_migrating_interneuron	EX_cerebellum_granule	3	0.13171634305616622	0.025000000000000005	0.09464847243000457	26.0
ENSMUSG00000015501.11:B1	J:13842441-13942326	junction	13842441	13942326	2	random hexamer	EX_cortical	INH_migrating_interneuron	11	0.10659896403617654	-0.02457899369216234	0.09045299693994832	110.0
ENSMUSG00000015501.11:B1	J:13880019-13942326	junction	13880019	13942326	1	random hexamer	INH_medium_spiny	EX_cortical	5	0.06904042204612607	-0.028641774891774885	0.10747565163241372	55.0
ENSMUSG00000015968.19:B1	E:30074881-30074948	exon	30074881	30074948	1,2,3	poly(dT)	EX_cortical	INH_midbrain	5	0.10352513535908063	-0.12331777227612346	0.1597332568239358	22.212903225806453
ENSMUSG00000015968.19:B1	E:30074881-30074948	exon	30074881	30074948	1,2,3	random hexamer	EX_cortical	INH_migrating_interneuron	9	0.08704566861263507	-0.12264059171562873	0.13021835527554895	66.90322580645162
ENSMUSG00000015968.19:B1	E:30074948-30075441	exon	30074948	30075441	2,3	poly(dT)	EX_cortical	INH_midbrain	5	0.09164143505883593	-0.05315677779646992	0.05041231936862969	22.212903225806453
ENSMUSG00000015968.19:B1	E:30074948-30075441	exon	30074948	30075441	2,3	random hexamer	EX_cortical	INH_migrating_interneuron	9	0.08052160363856638	-0.07278025336206034	0.09921386495997657	66.90322580645162
ENSMUSG00000015968.19:B1	E:30075441-30075483	exon	30075441	30075483	3	poly(dT)	EX_cortical	INH_migrating_interneuron	9	0.07453398555783974	0.0	0.0	56.73225806451613
ENSMUSG00000015968.19:B1	E:30075441-30075483	exon	30075441	30075483	3	random hexamer	EX_cortical	INH_migrating_interneuron	9	0.07786807868465373	0.0	0.0	66.90322580645162
ENSMUSG00000015968.19:B1	E:30212925-30213410	exon	30212925	30213410	4	poly(dT)	INH_midbrain	EX_cortical	5	0.10352513535908059	0.04976839127666625	0.10061906988542575	22.212903225806453
ENSMUSG00000015968.19:B1	E:30212925-30213410	exon	30212925	30213410	4	random hexamer	INH_migrating_interneuron	EX_cortical	9	0.087045668612635	0.021353805066699	0.008870856907054277	66.90322580645162
ENSMUSG00000015968.19:B1	J:30072906-30074881	junction	30072906	30074881	1,2,3	poly(dT)	EX_cortical	INH_midbrain	3	0.1980454979905759	0.055555555555555546	0.055555555555555546	29.0
ENSMUSG00000015968.19:B1	J:30072906-30074881	junction	30072906	30074881	1,2,3	random hexamer	EX_cortical	INH_midbrain	4	0.12351345350223966	0.006154206154206143	0.004286517687873154	64.0
ENSMUSG00000015968.19:B1	J:30072906-30212925	junction	30072906	30212925	4	poly(dT)	INH_midbrain	EX_cortical	3	0.19804549799057589	0.0	0.0	29.0
ENSMUSG00000015968.19:B1	J:30072906-30212925	junction	30072906	30212925	4	random hexamer	INH_midbrain	EX_cortical	4	0.12351345350223958	0.0	0.0	63.0
ENSMUSG00000017631.20:B1	E:76359080-76359291	exon	76359080	76359291	1	random hexamer	EX_cortical	INH_midbrain	6	0.14500013475987586	0.1262819463988255	0.08418481830458702	69.18867924528303
ENSMUSG00000017631.20:B1	E:76359541-76359602	exon	76359541	76359602	2,3,4	random hexamer	INH_midbrain	EX_cortical	6	0.14500013475987586	0.03269443360106141	0.04375503698620828	69.18867924528303
ENSMUSG00000017631.20:B1	E:76363314-76363422	exon	76363314	76363422	2,3,4	random hexamer	INH_midbrain	EX_cortical	6	0.14500013475987586	0.08975603188166918	0.10658902543546182	69.18867924528303
ENSMUSG00000017631.20:B1	E:76369820-76370006	exon	76369820	76370006	2,3,4	random hexamer	INH_midbrain	EX_cortical	6	0.14500013475987586	0.09675598071568221	0.10209294517809356	69.18867924528303
ENSMUSG00000017631.20:B1	E:76377263-76377362	exon	76377263	76377362	2,3,4	random hexamer	INH_midbrain	EX_cortical	6	0.14500013475987586	0.28607135466175543	0.16133040914844538	69.18867924528303
ENSMUSG00000017631.20:B1	E:76399713-76399821	exon	76399713	76399821	2,3,4	random hexamer	INH_midbrain	EX_cortical	6	0.14500013475987586	0.1158536568545846	0.10462227264025505	69.18867924528303
ENSMUSG00000017631.20:B1	E:76399821-76399898	exon	76399821	76399898	3,4	random hexamer	EX_cerebellum_granule	INH_medium_spiny	3	0.3519143308297155	0.09610655653710587	0.10200653152726881	22.113207547169814
ENSMUSG00000017631.20:B1	E:76399898-76400245	exon	76399898	76400245	3	random hexamer	EX_cerebellum_granule	INH_migrating_interneuron	4	0.13247129187914336	0.2211767103575883	0.12601604396620564	44.0943396226415
ENSMUSG00000017631.20:B1	E:76461856-76462361	exon	76461856	76462361	4	random hexamer	EX_cerebellum_granule	INH_medium_spiny	3	0.2757211191209911	0.12069084630546671	0.10939520765536023	22.113207547169814
ENSMUSG00000017631.20:B1	J:76355116-76359080	junction	76355116	76359080	1	random hexamer	EX_cortical	EX_cerebellum_granule	6	0.1402952152535358	0.0	0.0	116.0
ENSMUSG00000017631.20:B1	J:76355116-76359541	junction	76355116	76359541	2,3,4	random hexamer	EX_cerebellum_granule	EX_cortical	6	0.1402952152535358	0.0	0.0	116.0
ENSMUSG00000017631.20:B1	J:76359602-76363314	junction	76359602	76363314	2,3,4	random hexamer	EX_cerebellum_granule	EX_cortical	3	0.12265532847606904	0.0	0.0	43.0
ENSMUSG00000017631.20:B1	J:76363422-76369820	junction	76363422	76369820	2,3,4	random hexamer	ASC	EX_cortical	4	0.17320181193929615	0.0	0.0	44.0
ENSMUSG00000017631.20:B1	J:76370006-76377263	junction	76370006	76377263	2,3,4	random hexamer	INH_midbrain	EX_cortical	4	0.138428748234956	0.0	0.0	31.0
ENSMUSG00000017631.20:B1	J:76377362-76399713	junction	76377362	76399713	2,3,4	random hexamer	ASC	EX_cortical	6	0.1281173835652326	0.03705141476880608	0.05020109890768511	89.0
ENSMUSG00000017631.20:B2	E:76307559-76307560	exon	76307559	76307560	1	random hexamer	EX_cerebellum_granule	INH_medium_spiny	3	0.33111123647404267	0.05016722408026753	0.05016722408026754	14.855555555555554
ENSMUSG00000017631.20:B2	E:76307560-76307576	exon	76307560	76307576	1,2	random hexamer	INH_midbrain	EX_cortical	7	0.12210450907968781	-0.014133065545380756	0.018939083184337662	50.31111111111111
ENSMUSG00000017670.17:B1	E:165158561-165158823	exon	165158561	165158823	1	random hexamer	INH_midbrain	ASC	3	0.14613037948876606	0.054846912168297866	0.03410897290449623	16.867256637168143
ENSMUSG00000017670.17:B1	E:165168337-165168399	exon	165168337	165168399	2	random hexamer	ASC	INH_midbrain	3	0.14613037948876598	0.01787104674800562	0.2959900412757742	16.867256637168143
ENSMUSG00000017670.17:B1	J:165158271-165158561	junction	165158271	165158561	1	random hexamer	EX_cortical	ASC	3	0.12844004921903804	0.0	0.0	44.0
ENSMUSG00000017670.17:B1	J:165158271-165168337	junction	165158271	165168337	2	random hexamer	ASC	EX_cortical	3	0.12844004921903798	0.0	0.0	44.0
ENSMUSG00000017670.17:B2	E:165145585-165145621	exon	165145585	165145621	2	poly(dT)	EX_cortical	INH_midbrain	3	0.0642286869796072	0.0	0.0	4.804666170265575
ENSMUSG00000017670.17:B2	E:165145585-165145621	exon	165145585	165145621	2	random hexamer	EX_cortical	INH_midbrain	4	0.1358814865648092	0.18675169205726577	0.16367720281605877	7.63812360387193
ENSMUSG00000017740.18:B1	E:164802765-164802923	exon	164802765	164802923	1	poly(dT)	EX_cortical	EX_cerebellum_granule	10	0.1208948870224981	0.07307643305292702	0.06188862315634896	102.33684210526314
ENSMUSG00000017740.18:B1	E:164802765-164802923	exon	164802765	164802923	1	random hexamer	EX_cortical	EX_cerebellum_granule	9	0.13319717497935157	0.08099438330585465	0.0931977320838789	80.37894736842105
ENSMUSG00000017740.18:B1	E:164809902-164810374	exon	164809902	164810374	2	poly(dT)	EX_cerebellum_granule	EX_cortical	10	0.12089488702249804	-0.030295760631808933	0.044209720214188085	102.33684210526314
ENSMUSG00000017740.18:B1	E:164809902-164810374	exon	164809902	164810374	2	random hexamer	EX_cerebellum_granule	EX_cortical	9	0.13319717497935152	-0.09386813589508189	0.10393122443825063	80.37894736842105
ENSMUSG00000017740.18:B1	J:164802923-164815606	junction	164802923	164815606	1	poly(dT)	INH_midbrain	EX_cerebellum_granule	3	0.09189626573246534	0.07539159713072757	0.07342417869096919	34.0
ENSMUSG00000017740.18:B1	J:164802923-164815606	junction	164802923	164815606	1	random hexamer	EX_cortical	INH_migrating_interneuron	7	0.1531603449666421	-0.03219802813779016	0.010490383424323168	114.0
ENSMUSG00000017740.18:B1	J:164810374-164815606	junction	164810374	164815606	2	poly(dT)	EX_cerebellum_granule	INH_midbrain	3	0.09189626573246534	0.07539159713072756	0.07342417869096919	34.0
ENSMUSG00000017740.18:B1	J:164810374-164815606	junction	164810374	164815606	2	random hexamer	INH_migrating_interneuron	EX_cortical	7	0.15316034496664205	-0.03219802813779022	0.010490383424323181	114.0
ENSMUSG00000018411.18:B1	J:104122433-104173193	junction	104122433	104173193	2	random hexamer	INH_midbrain	EX_cortical	3	0.11692413516878557	-0.011494252873563204	0.011494252873563206	28.0
ENSMUSG00000018750.15:B1	E:69656737-69656747	exon	69656737	69656747	2	random hexamer	EX_cortical	INH_migrating_interneuron	5	0.0579226024281533	-0.3728041061969118	0.28254349658452665	14.054054054054053
ENSMUSG00000018750.15:B1	E:69656747-69656911	exon	69656747	69656911	2,3	random hexamer	EX_cerebellum_granule	EX_cortical	3	0.1569467810074694	-0.21178589753011756	0.24849671726373176	26.729729729729726
ENSMUSG00000018750.15:B1	E:69666201-69666231	exon	69666201	69666231	2,3	random hexamer	EX_cerebellum_granule	EX_cortical	3	0.1569467810074694	-0.003440835476780979	0.1261596394290263	26.729729729729726
ENSMUSG00000018750.15:B2	E:69666627-69666687	exon	69666627	69666687	2	random hexamer	EX_cortical	INH_migrating_interneuron	4	0.0876322558733151	0.1560141505958315	0.17419411237049545	10.960879167104848
ENSMUSG00000018750.15:B3	E:69668297-69669012	exon	69668297	69669012	2	random hexamer	EX_cerebellum_granule	EX_cortical	4	0.15026635223219062	0.23455281547117776	0.10747100109129527	10.430915208067844
ENSMUSG00000019302.17:B1	E:100900277-100900390	exon	100900277	100900390	2	poly(dT)	INH_midbrain	INH_medium_spiny	5	0.10444942319068687	0.0936647267982538	0.0464704914661073	32.666666666666664
ENSMUSG00000019302.17:B1	E:100900277-100900390	exon	100900277	100900390	2	random hexamer	EX_cortical	INH_medium_spiny	5	0.09372286429195369	-0.011671802820170996	0.11836270739383567	39.205128205128204
ENSMUSG00000019302.17:B1	E:100902582-100902646	exon	100902582	100902646	2	poly(dT)	INH_midbrain	INH_medium_spiny	5	0.10444942319068687	0.2743848556795711	0.1822890899972867	32.666666666666664
ENSMUSG00000019302.17:B1	E:100902582-100902646	exon	100902582	100902646	2	random hexamer	EX_cortical	INH_medium_spiny	5	0.09372286429195369	-0.134593912895535	0.11714895244043216	39.205128205128204
ENSMUSG00000019302.17:B1	J:100900390-100902582	junction	100900390	100902582	2	random hexamer	EX_cortical	INH_medium_spiny	5	0.06421759569281364	0.0	0.0	35.0
ENSMUSG00000019302.17:B2	E:100917485-100917506	exon	100917485	100917506	2	poly(dT)	INH_midbrain	INH_medium_spiny	3	0.08624947312780155	-0.2865078448154185	0.2281501319894422	11.189782385355375
ENSMUSG00000019302.17:B2	E:100917485-100917506	exon	100917485	100917506	2	random hexamer	ASC	INH_migrating_interneuron	3	0.19013656740033605	0.2888942852517403	0.2888942852517403	11.408517792098628
ENSMUSG00000019302.17:B2	J:100912008-100917485	junction	100912008	100917485	2	random hexamer	EX_cortical	EX_cerebellum_granule	3	0.12193218339521623	0.0	0.0	22.0
ENSMUSG00000019302.17:B2	J:100912008-100917506	junction	100912008	100917506	1	random hexamer	EX_cerebellum_granule	EX_cortical	3	0.12193218339521623	0.019047619047619018	0.09943149056105287	22.0
ENSMUSG00000019302.17:B3	E:100940284-100940302	exon	100940284	100940302	2	random hexamer	ASC	INH_medium_spiny	3	0.05580472623445851	0.3463135699739294	0.24699105423443335	7.208019460138104
ENSMUSG00000019302.17:B3	J:100939351-100945851	junction	100939351	100945851	1	random hexamer	INH_medium_spiny	EX_cortical	4	0.08145008286917088	0.0	0.0	50.0
ENSMUSG00000019852.8:B1	E:18619501-18619697	exon	18619501	18619697	2	random hexamer	EX_cerebellum_granule	INH_midbrain	3	0.07306110675708355	-0.13135470706272376	0.32965020878897683	5.36150234741784
ENSMUSG00000019971.11:B1	E:100323419-100323614	exon	100323419	100323614	2	poly(dT)	EX_cortical	INH_medium_spiny	3	0.09016424062820427	0.13592507585718236	0.1359250758571824	9.825
ENSMUSG00000019971.11:B1	E:100324140-100324150	exon	100324140	100324150	2	poly(dT)	EX_cortical	INH_medium_spiny	3	0.09016424062820427	0.06230555852241637	0.07082603765569859	9.825
ENSMUSG00000019971.11:B2	E:100331502-100331523	exon	100331502	100331523	2	poly(dT)	INH_midbrain	INH_medium_spiny	3	0.06939992714826382	0.0	0.0	5.77995642701525
ENSMUSG00000020070.19:B1	E:62816020-62816040	exon	62816020	62816040	2	poly(dT)	INH_midbrain	INH_migrating_interneuron	5	0.08024330675355754	-0.057148624028086015	0.1289502716327509	13.478873239436618
ENSMUSG00000020070.19:B1	E:62816020-62816040	exon	62816020	62816040	2	random hexamer	INH_migrating_interneuron	INH_medium_spiny	4	0.12713590769357885	0.11736627399773138	0.1849207226582854	9.64788732394366
ENSMUSG00000020181.19:B1	E:109667753-109669082	exon	109667753	109669082	1	random hexamer	EX_cortical	INH_migrating_interneuron	7	0.19653085640837217	0.0040441656930459684	0.02557142679872413	20.77064220183486
ENSMUSG00000020181.19:B1	E:109677563-109677679	exon	109677563	109677679	2	random hexamer	INH_migrating_interneuron	EX_cortical	7	0.19653085640837212	0.06911016004605387	0.22149713408480312	20.77064220183486
ENSMUSG00000020181.19:B1	E:109688365-109689395	exon	109688365	109689395	2	random hexamer	INH_migrating_interneuron	EX_cortical	7	0.19653085640837212	0.48623308805495874	0.14980473260721816	20.77064220183486
ENSMUSG00000020181.19:B1	E:109699612-109699752	exon	109699612	109699752	2	random hexamer	INH_migrating_interneuron	EX_cortical	7	0.19653085640837212	0.4226768446793133	0.1828399092999608	20.77064220183486
ENSMUSG00000020181.19:B1	E:109702791-109702860	exon	109702791	109702860	2	random hexamer	INH_migrating_interneuron	EX_cortical	7	0.19653085640837212	0.36729565488720517	0.13052416039583917	20.77064220183486
ENSMUSG00000020181.19:B1	E:109716395-109716579	exon	109716395	109716579	2	random hexamer	INH_migrating_interneuron	EX_cortical	7	0.19653085640837212	0.14615680734184153	0.1814594569608287	20.77064220183486
ENSMUSG00000020181.19:B1	E:109719474-109719547	exon	109719474	109719547	2	random hexamer	INH_migrating_interneuron	EX_cortical	7	0.19653085640837212	0.32892917655121806	0.20663998251410315	20.77064220183486
ENSMUSG00000020181.19:B1	E:109738922-109738975	exon	109738922	109738975	2	random hexamer	INH_migrating_interneuron	EX_cortical	7	0.19653085640837212	0.3986098100897059	0.14217612838682867	20.77064220183486
ENSMUSG00000020181.19:B1	E:109739606-109739724	exon	109739606	109739724	2	random hexamer	INH_migrating_interneuron	EX_cortical	7	0.19653085640837212	0.2931080120593824	0.10723168504864992	20.77064220183486
ENSMUSG00000020181.19:B1	E:109835837-109836080	exon	109835837	109836080	2	random hexamer	INH_migrating_interneuron	EX_cortical	7	0.19653085640837212	0.13359527868708881	0.09444331664589162	20.77064220183486
ENSMUSG00000020181.19:B1	J:109660542-109667753	junction	109660542	109667753	1	random hexamer	EX_cortical	INH_midbrain	3	0.14779233091709593	0.4535522273425499	0.16000655000864078	17.0
ENSMUSG00000020181.19:B1	J:109660542-109677563	junction	109660542	109677563	2	random hexamer	INH_midbrain	EX_cortical	3	0.14779233091709595	0.4535522273425499	0.16000655000864078	17.0
ENSMUSG00000020181.19:B1	J:109699752-109702791	junction	109699752	109702791	2	poly(dT)	INH_migrating_interneuron	EX_cortical	3	0.11789587177127601	-0.10461760461760465	0.37717101493759664	17.0
ENSMUSG00000020220.17:B1	E:144921488-144921575	exon	144921488	144921575	2	poly(dT)	EX_cortical	INH_migrating_interneuron	4	0.06564229480200964	-0.296978249772927	0.348402250184528	12.47953216374269
ENSMUSG00000020220.17:B1	E:144921488-144921575	exon	144921488	144921575	2	random hexamer	INH_midbrain	INH_migrating_interneuron	4	0.09153524342250084	-0.18973649967469097	0.18973649967469097	10.777777777777779
ENSMUSG00000020297.11:B1	E:31950462-31950501	exon	31950462	31950501	2	random hexamer	INH_migrating_interneuron	INH_medium_spiny	6	0.081141738095993	0.2843431921959001	0.1464872544189922	23.505263157894735
ENSMUSG00000020300.15:B1	E:31822210-31822225	exon	31822210	31822225	2	poly(dT)	INH_migrating_interneuron	ASC	5	0.08226164179595843	0.2453184664072016	0.12673862161250174	22.544229149115417
ENSMUSG00000020300.15:B1	E:31822210-31822225	exon	31822210	31822225	2	random hexamer	EX_cerebellum_granule	ASC	3	0.08810435607949992	0.13965197377181887	0.08758233450102053	10.65290648694187
ENSMUSG00000020315.19:B1	E:30147723-30148257	exon	30147723	30148257	1	poly(dT)	INH_medium_spiny	ODC	3	0.16521243570644997	-0.07332444205424833	0.05910196670887662	3.9342105263157894
ENSMUSG00000020315.19:B1	E:30147723-30148257	exon	30147723	30148257	1	random hexamer	ODC	INH_midbrain	3	0.06768637975239414	0.20038309827630277	0.1843006846252018	8.302631578947368
ENSMUSG00000020315.19:B1	E:30169578-30169772	exon	30169578	30169772	2,3	poly(dT)	ODC	INH_medium_spiny	3	0.16521243570645003	-0.05727077003525394	0.08089727404352287	3.9342105263157894
ENSMUSG00000020315.19:B1	E:30169578-30169772	exon	30169578	30169772	2,3	random hexamer	INH_midbrain	ODC	3	0.067686379752394	0.00882254901312085	0.22545001090543268	8.302631578947368
ENSMUSG00000020390.13:B1	E:51891188-51891311	exon	51891188	51891311	1	poly(dT)	EX_cortical	INH_medium_spiny	5	0.33676970742589957	0.014909023907296237	0.13392931668728827	26.0
ENSMUSG00000020390.13:B1	E:51891188-51891311	exon	51891188	51891311	1	random hexamer	ASC	INH_medium_spiny	4	0.3087067788218203	0.02901064508210592	0.13154698991209476	13.44927536231884
ENSMUSG00000020390.13:B1	E:51891503-51891589	exon	51891503	51891589	2	poly(dT)	INH_medium_spiny	EX_cortical	5	0.3367697074258995	-0.16847369043442634	0.24538869042762557	26.0
ENSMUSG00000020390.13:B1	E:51891503-51891589	exon	51891503	51891589	2	random hexamer	INH_medium_spiny	ASC	4	0.3087067788218203	0.06457339869739392	0.12084404420382479	13.44927536231884
ENSMUSG00000020524.17:B1	E:56902635-56902781	exon	56902635	56902781	1	random hexamer	INH_midbrain	EX_hippocampus_granule	6	0.0810700716274526	-0.03108157079204016	0.10950432059840914	23.65217391304348
ENSMUSG00000020661.16:B1	E:3857029-3857120	exon	3857029	3857120	1	random hexamer	EX_cortical	INH_migrating_interneuron	3	0.08748486601399526	0.22915108238389595	0.42958211924680045	12.48611111111111
ENSMUSG00000020661.16:B1	E:3885026-3885260	exon	3885026	3885260	1	random hexamer	EX_cortical	INH_migrating_interneuron	3	0.08748486601399526	-0.15457386242027313	0.15457386242027313	12.48611111111111
ENSMUSG00000020661.16:B1	E:3899634-3899739	exon	3899634	3899739	1	random hexamer	EX_cortical	INH_migrating_interneuron	3	0.08748486601399526	0.0744613695622341	0.0744613695622341	12.48611111111111
ENSMUSG00000020661.16:B1	E:3915984-3916252	exon	3915984	3916252	1	random hexamer	EX_cortical	INH_migrating_interneuron	3	0.08748486601399526	-0.33566761682285423	0.14870399234682002	12.48611111111111
ENSMUSG00000020661.16:B1	E:3922834-3922878	exon	3922834	3922878	1	random hexamer	EX_cortical	INH_migrating_interneuron	3	0.08748486601399526	0.24757739690243863	0.2324399386192845	12.48611111111111
ENSMUSG00000020661.16:B1	E:3923281-3923428	exon	3923281	3923428	1	random hexamer	EX_cortical	INH_migrating_interneuron	3	0.08748486601399526	-0.015788437657483927	0.22308714228803644	12.48611111111111
ENSMUSG00000020661.16:B1	E:3941727-3941743	exon	3941727	3941743	2	random hexamer	INH_migrating_interneuron	EX_cortical	3	0.1138769205384668	0.0	0.0	12.48611111111111
ENSMUSG00000020661.16:B1	E:3941743-3941860	exon	3941743	3941860	2,3	random hexamer	INH_migrating_interneuron	EX_cortical	3	0.08748486601399519	0.0	0.0	12.48611111111111
ENSMUSG00000020661.16:B1	J:3899739-3915984	junction	3899739	3915984	1	random hexamer	INH_medium_spiny	INH_midbrain	3	0.05508815421852322	0.0	0.0	34.0
ENSMUSG00000020661.16:B1	J:3916252-3922834	junction	3916252	3922834	1	random hexamer	EX_cortical	INH_midbrain	3	0.06513620103112928	0.0	0.0	18.0
ENSMUSG00000020827.19:B1	E:70453706-70453715	exon	70453706	70453715	2	random hexamer	ASC	INH_midbrain	3	0.08700213502340652	-0.2543952815691946	0.16808422682740562	17.29824561403509
ENSMUSG00000020827.19:B1	E:70453715-70453842	exon	70453715	70453842	2,3	poly(dT)	ASC	EX_cortical	4	0.09580103317672503	0.11261795197309661	0.06369916586494657	9.0
ENSMUSG00000020827.19:B1	E:70453715-70453842	exon	70453715	70453842	2,3	random hexamer	INH_medium_spiny	EX_cerebellum_granule	5	0.13596345835336304	-0.37373962065996	0.23421595969175354	21.578947368421055
ENSMUSG00000020827.19:B1	E:70453842-70453895	exon	70453842	70453895	2,3,4	poly(dT)	ASC	EX_cortical	4	0.1679817302737719	0.2647803660120278	0.23740330435686552	9.0
ENSMUSG00000020827.19:B1	E:70453842-70453895	exon	70453842	70453895	2,3,4	random hexamer	ASC	ODC	5	0.09696633914796424	0.17409942481357552	0.10319280397189226	24.017543859649123
ENSMUSG00000020827.19:B2	E:70494760-70494769	exon	70494760	70494769	2	random hexamer	INH_migrating_interneuron	INH_midbrain	3	0.11232271120150479	0.644755122510494	0.19369892204536873	6.701625320786998
ENSMUSG00000020827.19:B3	E:70499414-70499525	exon	70499414	70499525	2	random hexamer	ASC	ODC	3	0.15675095129248048	0.22887666456636038	0.17552292332328337	8.437463357435998
ENSMUSG00000020827.19:B4	E:70500233-70500257	exon	70500233	70500257	2	random hexamer	EX_cortical	INH_midbrain	4	0.055481214340275496	0.12297156566184272	0.29739354433261717	12.591052343107702
ENSMUSG00000020859.17:B1	E:93886928-93887399	exon	93886928	93887399	1	poly(dT)	EX_cerebellum_granule	ASC	7	0.29309020869691077	0.37675564544175016	0.09944799733470348	25.370860927152318
ENSMUSG00000020859.17:B1	E:93886928-93887399	exon	93886928	93887399	1	random hexamer	EX_cerebellum_granule	EX_cortical	4	0.20983323055104086	0.23045831854443738	0.1871305906059796	14.225165562913908
ENSMUSG00000020859.17:B1	E:93904448-93904569	exon	93904448	93904569	1	poly(dT)	EX_cerebellum_granule	ASC	7	0.29309020869691077	0.19898379871659316	0.14822176972998155	25.370860927152318
ENSMUSG00000020859.17:B1	E:93904448-93904569	exon	93904448	93904569	1	random hexamer	EX_cerebellum_granule	EX_cortical	4	0.20983323055104086	0.21403046966326372	0.25941416073665435	14.225165562913908
ENSMUSG00000020859.17:B1	E:93927425-93927496	exon	93927425	93927496	1	poly(dT)	EX_cerebellum_granule	ASC	7	0.29309020869691077	0.018209907156494065	0.21541935487699482	25.370860927152318
ENSMUSG00000020859.17:B1	E:93927425-93927496	exon	93927425	93927496	1	random hexamer	EX_cerebellum_granule	EX_cortical	4	0.20983323055104086	0.1098349956475771	0.3694603421134324	14.225165562913908
ENSMUSG00000020859.17:B1	E:93934397-93934492	exon	93934397	93934492	1	poly(dT)	EX_cerebellum_granule	ASC	7	0.29309020869691077	-0.09705369677337014	0.23461322343816368	25.370860927152318
ENSMUSG00000020859.17:B1	E:93934397-93934492	exon	93934397	93934492	1	random hexamer	EX_cerebellum_granule	EX_cortical	4	0.20983323055104086	0.34035595837662025	0.16570246901985014	14.225165562913908
ENSMUSG00000020859.17:B1	E:93935030-93935190	exon	93935030	93935190	2	poly(dT)	ASC	EX_cerebellum_granule	7	0.2544002100045672	-0.01711850280390595	0.07501186008781	25.370860927152318
ENSMUSG00000020859.17:B1	E:93935030-93935190	exon	93935030	93935190	2	random hexamer	EX_cortical	EX_cerebellum_granule	4	0.24770448541653528	0.4045580379480432	0.24559082122169296	14.225165562913908
ENSMUSG00000020859.17:B1	E:93935190-93935351	exon	93935190	93935351	2,3	poly(dT)	ASC	EX_cerebellum_granule	7	0.29309020869691077	-0.0008512734968951616	0.2196829854483239	25.370860927152318
ENSMUSG00000020859.17:B1	E:93935190-93935351	exon	93935190	93935351	2,3	random hexamer	EX_cortical	EX_cerebellum_granule	4	0.20983323055104092	0.09449689787769844	0.2764336424862479	14.225165562913908
ENSMUSG00000020859.17:B1	J:93887399-93904448	junction	93887399	93904448	1	poly(dT)	INH_migrating_interneuron	EX_cortical	6	0.18749176199447445	0.0	0.0	66.0
ENSMUSG00000020859.17:B2	E:93962648-93962656	exon	93962648	93962656	2	poly(dT)	INH_midbrain	EX_cerebellum_granule	3	0.12107512264114106	-0.10119124229553676	0.10119124229553675	8.768654607122668
ENSMUSG00000020859.17:B2	E:93962648-93962656	exon	93962648	93962656	2	random hexamer	INH_midbrain	ASC	3	0.15853892112225443	0.0	0.0	8.337337478801583
ENSMUSG00000020859.17:B2	E:93970024-93970036	exon	93970024	93970036	3	poly(dT)	ASC	EX_cerebellum_granule	8	0.22696379559712299	-0.04893819277655305	0.14428043405435645	39.97230073487846
ENSMUSG00000020859.17:B2	E:93970024-93970036	exon	93970024	93970036	3	random hexamer	ASC	INH_midbrain	3	0.34613025099697925	0.5857331727904834	0.03007656102426634	8.337337478801583
ENSMUSG00000020859.17:B2	E:93971565-93971580	exon	93971565	93971580	4	poly(dT)	EX_cortical	EX_cerebellum_granule	7	0.09905989641372735	-0.22527502902572732	0.15432956827182337	35.913651780667045
ENSMUSG00000020859.17:B2	E:93971565-93971580	exon	93971565	93971580	4	random hexamer	EX_cortical	EX_cerebellum_granule	5	0.13459570427074716	0.019759264522887555	0.0890057579314662	18.766393442622956
ENSMUSG00000020859.17:B2	E:93972161-93972165	exon	93972161	93972165	2	poly(dT)	INH_midbrain	EX_cerebellum_granule	3	0.12107512264114106	-0.26786739522737046	0.25873710261814253	8.768654607122668
ENSMUSG00000020859.17:B2	E:93972161-93972165	exon	93972161	93972165	2	random hexamer	INH_midbrain	ASC	3	0.15853892112225443	0.14629171338736344	0.09103973991794964	8.337337478801583
ENSMUSG00000020859.17:B2	J:93962512-93972165	junction	93962512	93972165	1	poly(dT)	INH_migrating_interneuron	EX_cortical	4	0.14794038513789773	0.12406955922020481	0.08386911076049527	33.0
ENSMUSG00000020859.17:B3	E:93983637-93983640	exon	93983637	93983640	2	poly(dT)	ASC	EX_cerebellum_granule	7	0.21592131309806528	-0.13645319846976484	0.10673806957325815	31.730753968253964
ENSMUSG00000020859.17:B3	E:93983637-93983640	exon	93983637	93983640	2	random hexamer	ASC	EX_cerebellum_granule	3	0.1778066277268675	0.0	0.0	7.02281746031746
ENSMUSG00000020863.16:B2	E:94183858-94183963	exon	94183858	94183963	2	poly(dT)	EX_cortical	ODC	3	0.10314477787500924	0.03938601105983719	0.23624423959458582	6.096010638297873
ENSMUSG00000020863.16:B2	E:94183858-94183963	exon	94183858	94183963	2	random hexamer	EX_cortical	INH_medium_spiny	13	0.11547856416715921	0.1392677488252992	0.11110756599151125	26.355206318504187
ENSMUSG00000020866.18:B2	E:94350652-94350703	exon	94350652	94350703	2	random hexamer	INH_migrating_interneuron	EX_cortical	7	0.0639357313044869	-0.025688932265728295	0.06865118046393169	18.243409761035075
ENSMUSG00000020866.18:B4	E:94314496-94314550	exon	94314496	94314550	1,3	random hexamer	EX_cortical	INH_midbrain	8	0.06374305828848945	-0.23279091059365947	0.13097016863014177	19.356388055631307
ENSMUSG00000020866.18:B7	E:94299231-94299461	exon	94299231	94299461	2,3	random hexamer	EX_cortical	INH_midbrain	10	0.07094121175430444	-0.00108799938335139	0.0010879993833513898	36.93623804463337
ENSMUSG00000020886.18:B1	E:69909269-69909659	exon	69909269	69909659	1	random hexamer	INH_midbrain	EX_cerebellum_granule	5	0.3106940718989083	0.05049144922152302	0.0751094030599915	27.685185185185187
ENSMUSG00000020886.18:B1	E:69909659-69909704	exon	69909659	69909704	1,2	random hexamer	INH_midbrain	EX_cerebellum_granule	5	0.32098340694086397	0.27627493666458947	0.14744934571571527	27.685185185185187
ENSMUSG00000020886.18:B1	E:69909704-69909775	exon	69909704	69909775	1,2,3	random hexamer	EX_cerebellum_granule	INH_midbrain	5	0.32479845919537703	-0.3543284648988544	0.13844518805070274	27.685185185185187
ENSMUSG00000020886.18:B1	E:69917748-69917814	exon	69917748	69917814	1,3	random hexamer	EX_cerebellum_granule	INH_midbrain	5	0.33508779423733276	-0.010150044130626635	0.010150044130626635	27.685185185185187
ENSMUSG00000020886.18:B1	E:69920350-69920534	exon	69920350	69920534	5,6	random hexamer	INH_midbrain	EX_cerebellum_granule	5	0.318024989195891	-0.01401250043102334	0.008659799114003969	27.685185185185187
ENSMUSG00000020886.18:B1	J:69909775-69917748	junction	69909775	69917748	1,3	random hexamer	EX_cerebellum_granule	INH_midbrain	3	0.3395227978204895	0.129382461279013	0.038020864861204436	27.0
ENSMUSG00000020886.18:B1	J:69917814-69921224	junction	69917814	69921224	1,3	random hexamer	EX_cerebellum_granule	INH_migrating_interneuron	4	0.3526820646940796	0.1396363671845201	0.1003216634912439	33.0
ENSMUSG00000020886.18:B1	J:69920534-69921224	junction	69920534	69921224	5,6	random hexamer	INH_migrating_interneuron	EX_cerebellum_granule	4	0.33668025178477373	0.0	0.0	33.0
ENSMUSG00000020886.18:B2	E:69921420-69921429	exon	69921420	69921429	2	random hexamer	INH_midbrain	EX_cerebellum_granule	5	0.6352832431131602	-0.17474470821753682	0.1093493125381087	26.39161220043573
ENSMUSG00000020886.18:B2	J:69921278-69921420	junction	69921278	69921420	2	random hexamer	EX_cortical	EX_cerebellum_granule	5	0.615465479494335	0.10695374800637954	0.15514729504564545	57.0
ENSMUSG00000020886.18:B2	J:69921278-69921429	junction	69921278	69921429	1	random hexamer	EX_cerebellum_granule	EX_cortical	5	0.615465479494335	0.11240829346092503	0.16036780878708098	58.0
ENSMUSG00000020894.17:B1	E:68979315-68979335	exon	68979315	68979335	2	random hexamer	ASC	EX_cerebellum_granule	5	0.18948591109350854	0.03878840422672282	0.017290256457983547	51.33898305084745
ENSMUSG00000020900.16:B1	E:68582937-68583008	exon	68582937	68583008	1	poly(dT)	INH_migrating_interneuron	INH_medium_spiny	4	0.07012618438392829	-0.22463930800392629	0.14330580290899386	6.944148936170213
ENSMUSG00000020900.16:B1	E:68582937-68583008	exon	68582937	68583008	1	random hexamer	EX_cerebellum_granule	EX_cortical	4	0.16055666640458438	0.2696417264935369	0.28007455588492636	12.582446808510639
ENSMUSG00000020900.16:B1	E:68583141-68583385	exon	68583141	68583385	2	poly(dT)	INH_medium_spiny	INH_migrating_interneuron	4	0.07012618438392826	0.0	0.0	6.944148936170213
ENSMUSG00000020900.16:B1	E:68583141-68583385	exon	68583141	68583385	2	random hexamer	EX_cortical	EX_cerebellum_granule	4	0.16055666640458444	-0.0578566485570607	0.053135883613878665	12.582446808510639
ENSMUSG00000021010.10:B1	E:53294939-53295459	exon	53294939	53295459	1	poly(dT)	INH_migrating_interneuron	ASC	5	0.1206916286593795	0.11967368470136246	0.1413090383434859	9.657142857142858
ENSMUSG00000021010.10:B1	E:53294939-53295459	exon	53294939	53295459	1	random hexamer	EX_cortical	ASC	4	0.36583604688259735	0.5663010350817246	0.0665068295324089	8.273469387755103
ENSMUSG00000021010.10:B1	E:53295459-53295530	exon	53295459	53295530	1,2	poly(dT)	INH_migrating_interneuron	ASC	5	0.10270868807404498	0.3438016558491504	0.2105536549905201	9.657142857142858
ENSMUSG00000021010.10:B1	E:53295459-53295530	exon	53295459	53295530	1,2	random hexamer	EX_cortical	ASC	4	0.1883891497908803	0.27133673358211086	0.16265164391815973	8.273469387755103
ENSMUSG00000021010.10:B1	E:53299828-53299878	exon	53299828	53299878	3	poly(dT)	ASC	INH_migrating_interneuron	5	0.1027086880740451	-0.02220312499999998	0.02220312499999998	9.657142857142858
ENSMUSG00000021010.10:B1	E:53299828-53299878	exon	53299828	53299878	3	random hexamer	ASC	EX_cortical	4	0.18838914979088034	-0.047665369649805424	0.047665369649805424	8.273469387755103
ENSMUSG00000021010.10:B1	E:53401127-53401217	exon	53401127	53401217	2	random hexamer	ASC	EX_cortical	4	0.17744689709171702	-0.07639097542995536	0.06435455881172178	8.273469387755103
ENSMUSG00000021010.10:B1	J:53295530-53401127	junction	53295530	53401127	2	random hexamer	ASC	INH_migrating_interneuron	3	0.3197695822485408	0.551994301994302	0.15924339528244189	36.0
ENSMUSG00000021010.10:B1	J:53295530-53547816	junction	53295530	53547816	1	poly(dT)	INH_migrating_interneuron	EX_cortical	3	0.05246168412733706	-0.17777777777777778	0.19277057303219414	23.0
ENSMUSG00000021010.10:B1	J:53295530-53547816	junction	53295530	53547816	1	random hexamer	INH_migrating_interneuron	ASC	4	0.301320569661658	0.39933804961378483	0.1145443741033212	71.0
ENSMUSG00000021010.10:B1	J:53401217-53547816	junction	53401217	53547816	2	random hexamer	ASC	INH_migrating_interneuron	3	0.15438151522544372	0.5124946948476361	0.17397791971674983	33.0
ENSMUSG00000021068.18:B1	J:70149628-70158627	junction	70149628	70158627	2	random hexamer	EX_cortical	INH_medium_spiny	3	0.09837994905079639	-0.056330891330891364	0.05562197622134266	25.0
ENSMUSG00000021071.18:B1	E:70394106-70394124	exon	70394106	70394124	3,4	poly(dT)	EX_cortical	ASC	3	0.21207972903635788	0.19850310935006332	0.19850310935006332	5.029591836734694
ENSMUSG00000021071.18:B1	E:70394106-70394124	exon	70394106	70394124	3,4	random hexamer	INH_midbrain	EX_cortical	4	0.2715935040508949	-0.14323754068859645	0.11612754135894457	30.940816326530616
ENSMUSG00000021071.18:B1	E:70394124-70394388	exon	70394124	70394388	4	poly(dT)	EX_cortical	ASC	3	0.10749707750730243	-0.1755376325133661	0.07174359095860824	5.029591836734694
ENSMUSG00000021071.18:B1	E:70394124-70394388	exon	70394124	70394388	4	random hexamer	INH_medium_spiny	EX_cortical	6	0.19410256453053545	0.014634100755712115	0.019530094771607387	40.936734693877554
ENSMUSG00000021087.19:B1	E:72283302-72283498	exon	72283302	72283498	1	poly(dT)	INH_medium_spiny	EX_cortical	4	0.19315744881484515	0.4320403568622724	0.20141292909668193	5.615384615384617
ENSMUSG00000021087.19:B1	E:72283302-72283498	exon	72283302	72283498	1	random hexamer	EX_cerebellum_granule	INH_midbrain	8	0.14240782080634493	0.08577136679518119	0.09827307902410831	39.480769230769226
ENSMUSG00000021087.19:B1	E:72350430-72351192	exon	72350430	72351192	2	poly(dT)	EX_cortical	INH_medium_spiny	4	0.19315744881484506	0.1994990799860217	0.25286858983811117	5.615384615384617
ENSMUSG00000021087.19:B1	E:72350430-72351192	exon	72350430	72351192	2	random hexamer	INH_midbrain	EX_cerebellum_granule	8	0.14240782080634495	0.03757227083315131	0.04255314593031597	39.480769230769226
ENSMUSG00000021087.19:B1	E:72354929-72355703	exon	72354929	72355703	2	poly(dT)	EX_cortical	INH_medium_spiny	4	0.19315744881484506	-0.14067851452470445	0.12451476690553076	5.615384615384617
ENSMUSG00000021087.19:B1	E:72354929-72355703	exon	72354929	72355703	2	random hexamer	INH_midbrain	EX_cerebellum_granule	8	0.14240782080634495	0.17159872634827475	0.13724818916446194	39.480769230769226
ENSMUSG00000021087.19:B1	E:72455084-72455828	exon	72455084	72455828	2	poly(dT)	EX_cortical	INH_medium_spiny	4	0.19315744881484506	0.050154022445482296	0.08256993384077922	5.615384615384617
ENSMUSG00000021087.19:B1	E:72455084-72455828	exon	72455084	72455828	2	random hexamer	INH_midbrain	EX_cerebellum_granule	8	0.14240782080634495	-0.0010372024803424439	0.14979724613388604	39.480769230769226
ENSMUSG00000021087.19:B1	J:72270313-72283302	junction	72270313	72283302	1	random hexamer	INH_medium_spiny	EX_cortical	3	0.07540053361218833	0.1381026867868973	0.178439693108507	24.0
ENSMUSG00000021087.19:B1	J:72270313-72350430	junction	72270313	72350430	2	random hexamer	EX_cortical	INH_medium_spiny	3	0.07540053361218828	0.13810268678689733	0.17843969310850702	24.0
ENSMUSG00000021244.16:B1	E:85043094-85043125	exon	85043094	85043125	2	random hexamer	EX_cortical	ASC	8	0.10645181661975292	-0.0030724087550914247	0.0020825890101682596	27.847368421052632
ENSMUSG00000021244.16:B1	E:85043125-85043263	exon	85043125	85043263	2,3	random hexamer	EX_hippocampus_pyramidal	INH_medium_spiny	3	0.24036429165369821	0.03887765511843309	0.14825680335635377	9.478947368421053
ENSMUSG00000021268.19:B1	E:109506879-109506880	exon	109506879	109506880	1	poly(dT)	ASC	ODC	4	0.12124345308183815	0.0	0.0	7.831858407079647
ENSMUSG00000021268.19:B1	E:109506879-109506880	exon	109506879	109506880	1	random hexamer	EX_hippocampus_granule	EX_cerebellum_granule	7	0.06414634075019061	-0.040346420647541056	0.04429396095701242	185.05309734513273
ENSMUSG00000021268.19:B1	E:109510830-109510924	exon	109510830	109510924	2	poly(dT)	ODC	ASC	4	0.1212434530818381	-0.03389056877260749	0.3910742182959502	7.831858407079647
ENSMUSG00000021268.19:B1	E:109510830-109510924	exon	109510830	109510924	2	random hexamer	EX_cerebellum_granule	EX_hippocampus_granule	7	0.06414634075019061	0.02450011419381101	0.060600732057636324	185.05309734513273
ENSMUSG00000021268.19:B1	J:109510625-109510830	junction	109510625	109510830	2	random hexamer	ASC	EX_hippocampus_granule	3	0.0911174054430625	0.03649211970183836	0.04670490341439194	45.0
ENSMUSG00000021268.19:B1	J:109510625-109512312	junction	109510625	109512312	1	random hexamer	ODC	ASC	3	0.1131397659043518	-0.044241542770954566	0.27278119260021333	26.0
ENSMUSG00000021268.19:B1	J:109510924-109512312	junction	109510924	109512312	2	random hexamer	ASC	EX_hippocampus_granule	3	0.0911174054430625	-0.04563492063492063	0.06112270555852919	46.0
ENSMUSG00000021288.20:B1	E:111725282-111725389	exon	111725282	111725389	2	random hexamer	INH_migrating_interneuron	ASC	3	0.10531349762231117	0.22066447882119058	0.1265168485265396	27.33587786259542
ENSMUSG00000021288.20:B1	E:111725389-111725446	exon	111725389	111725446	2,3	random hexamer	ASC	INH_midbrain	3	0.3239682306303741	0.02964821208282627	0.029648212082826274	27.33587786259542
ENSMUSG00000021288.20:B1	E:111725446-111725476	exon	111725446	111725476	2,3,4	poly(dT)	EX_cortical	INH_migrating_interneuron	3	0.07471394150670035	0.13736145626341711	0.5749942029663949	6.305343511450382
ENSMUSG00000021288.20:B1	E:111725446-111725476	exon	111725446	111725476	2,3,4	random hexamer	ASC	INH_migrating_interneuron	3	0.2900913016993792	-0.18328274332126712	0.12574788895890573	27.33587786259542
ENSMUSG00000021288.20:B1	J:111725476-111738752	junction	111725476	111738752	2,3,4	random hexamer	EX_cortical	INH_migrating_interneuron	5	0.2739051983257395	-0.036363636363636355	0.036363636363636355	47.0
ENSMUSG00000021488.9:B1	E:55357594-55357688	exon	55357594	55357688	1	poly(dT)	ASC	INH_midbrain	4	0.19703771271308732	-0.11223110379687315	0.11223110379687315	6.254385964912281
ENSMUSG00000021488.9:B1	E:55357594-55357688	exon	55357594	55357688	1	random hexamer	INH_medium_spiny	EX_cortical	5	0.2212746994240912	0.0	0.0	12.87719298245614
ENSMUSG00000021488.9:B1	E:55358547-55358878	exon	55358547	55358878	2	poly(dT)	INH_medium_spiny	INH_migrating_interneuron	6	0.07058677083200343	-0.1262102356908967	0.09824311162586503	19.096491228070175
ENSMUSG00000021488.9:B1	E:55358547-55358878	exon	55358547	55358878	2	random hexamer	EX_cortical	INH_medium_spiny	5	0.06248233288862646	-0.14975940946828223	0.11726909642780832	12.87719298245614
ENSMUSG00000021488.9:B1	E:55359887-55359920	exon	55359887	55359920	3	poly(dT)	INH_midbrain	ASC	4	0.1819121649407584	0.0	0.0	6.254385964912281
ENSMUSG00000021488.9:B1	E:55359887-55359920	exon	55359887	55359920	3	random hexamer	EX_cortical	ASC	3	0.18224103497481023	-0.09389589818728113	0.14723491009671433	9.710526315789474
ENSMUSG00000021488.9:B2	E:55361130-55361873	exon	55361130	55361873	2	poly(dT)	ASC	INH_midbrain	5	0.13469393154045997	0.2391564297208832	0.1010168992663904	9.138304093567251
ENSMUSG00000021488.9:B2	E:55361130-55361873	exon	55361130	55361873	2	random hexamer	INH_medium_spiny	EX_cortical	7	0.13958141668774643	0.02471636759904602	0.06551086608572	16.87690058479532
ENSMUSG00000021488.9:B2	J:55361130-55361873	junction	55361130	55361873	1	poly(dT)	EX_cortical	INH_migrating_interneuron	4	0.08279885614711308	0.0	0.0	25.0
ENSMUSG00000021488.9:B3	E:55381707-55381843	exon	55381707	55381843	1,2,3	poly(dT)	INH_midbrain	ASC	4	0.18122827080535747	0.03274927520862293	0.30795726933806317	11.022222222222222
ENSMUSG00000021488.9:B3	E:55381707-55381843	exon	55381707	55381843	1,2,3	random hexamer	EX_cortical	EX_cerebellum_granule	4	0.27987941331027205	0.029466154509403972	0.10908479836159449	9.688888888888888
ENSMUSG00000021488.9:B3	E:55386502-55386675	exon	55386502	55386675	1,2,3	poly(dT)	INH_midbrain	ASC	4	0.18122827080535747	0.15428405682444257	0.12826818270315052	11.022222222222222
ENSMUSG00000021488.9:B3	E:55386502-55386675	exon	55386502	55386675	1,2,3	random hexamer	EX_cortical	EX_cerebellum_granule	4	0.27987941331027205	-0.1567425937433528	0.10389920357462737	9.688888888888888
ENSMUSG00000021488.9:B3	E:55388354-55388659	exon	55388354	55388659	1,2	poly(dT)	EX_cerebellum_granule	ASC	5	0.17989232342011943	0.07767955007777912	0.12130846582280133	14.4
ENSMUSG00000021488.9:B3	E:55388354-55388659	exon	55388354	55388659	1,2	random hexamer	EX_cortical	ASC	3	0.25061824674798244	0.09686907020872863	0.04903319314841134	8.988888888888889
ENSMUSG00000021488.9:B3	E:55388659-55388660	exon	55388659	55388660	2	poly(dT)	EX_cerebellum_granule	ASC	5	0.17271218960471926	0.0	0.0	14.4
ENSMUSG00000021488.9:B3	E:55388659-55388660	exon	55388659	55388660	2	random hexamer	EX_cortical	ASC	3	0.2645002859692176	0.3333333333333333	0.33333333333333337	8.988888888888889
ENSMUSG00000021488.9:B3	E:55393330-55395890	exon	55393330	55395890	3,4	poly(dT)	ASC	EX_cerebellum_granule	5	0.17989232342011935	-0.12397021180280059	0.07502408867462575	14.4
ENSMUSG00000021488.9:B3	E:55393330-55395890	exon	55393330	55395890	3,4	random hexamer	ASC	EX_cortical	3	0.2506182467479824	0.5850844328661075	0.09227330130694265	8.988888888888889
ENSMUSG00000021488.9:B3	E:55408156-55408281	exon	55408156	55408281	3,4	poly(dT)	ASC	EX_cerebellum_granule	5	0.17989232342011935	-0.13757740333213164	0.18344267249013946	14.4
ENSMUSG00000021488.9:B3	E:55408156-55408281	exon	55408156	55408281	3,4	random hexamer	ASC	EX_cortical	3	0.2506182467479824	0.10337365491651207	0.0759064781249674	8.988888888888889
ENSMUSG00000021488.9:B3	E:55409356-55409627	exon	55409356	55409627	3,4	poly(dT)	ASC	EX_cerebellum_granule	5	0.17989232342011935	0.16989747909043454	0.2464885948327812	14.4
ENSMUSG00000021488.9:B3	E:55409356-55409627	exon	55409356	55409627	3,4	random hexamer	ASC	EX_cortical	3	0.2506182467479824	0.6763821466408806	0.08039909650117401	8.988888888888889
ENSMUSG00000021488.9:B3	E:55411145-55411255	exon	55411145	55411255	3,4	poly(dT)	ASC	EX_cerebellum_granule	5	0.17989232342011935	-0.06102495345024559	0.15753586157442181	14.4
ENSMUSG00000021488.9:B3	E:55411145-55411255	exon	55411145	55411255	3,4	random hexamer	ASC	EX_cortical	3	0.2506182467479824	-0.14192743329044896	0.14775743821701975	8.988888888888889
ENSMUSG00000021488.9:B3	E:55416260-55416336	exon	55416260	55416336	3,4	poly(dT)	ASC	EX_cerebellum_granule	5	0.17989232342011935	0.015986312654622248	0.17159860356497503	14.4
ENSMUSG00000021488.9:B3	E:55416260-55416336	exon	55416260	55416336	3,4	random hexamer	ASC	EX_cortical	3	0.2506182467479824	0.15742176967498972	0.18510579136592312	8.988888888888889
ENSMUSG00000021488.9:B3	E:55424335-55424454	exon	55424335	55424454	3,4	poly(dT)	ASC	EX_cerebellum_granule	5	0.17989232342011935	0.04783250244396394	0.10016395650381665	14.4
ENSMUSG00000021488.9:B3	E:55424335-55424454	exon	55424335	55424454	3,4	random hexamer	ASC	EX_cortical	3	0.2506182467479824	0.28610769141371384	0.09033008164253888	8.988888888888889
ENSMUSG00000021488.9:B3	E:55425344-55425488	exon	55425344	55425488	3,4	poly(dT)	ASC	EX_cerebellum_granule	5	0.17989232342011935	0.15855436120277494	0.1842759087110791	14.4
ENSMUSG00000021488.9:B3	E:55425344-55425488	exon	55425344	55425488	3,4	random hexamer	ASC	EX_cortical	3	0.2506182467479824	0.26257147505907735	0.1513824094716034	8.988888888888889
ENSMUSG00000021488.9:B3	E:55430471-55430595	exon	55430471	55430595	3,4	poly(dT)	ASC	EX_cerebellum_granule	5	0.17989232342011935	0.018059098699481885	0.03329556377200334	14.4
ENSMUSG00000021488.9:B3	E:55430471-55430595	exon	55430471	55430595	3,4	random hexamer	ASC	EX_cortical	3	0.2506182467479824	0.1900293255131965	0.1900293255131965	8.988888888888889
ENSMUSG00000021488.9:B3	E:55437867-55438068	exon	55437867	55438068	3,4	poly(dT)	ASC	EX_cerebellum_granule	5	0.17989232342011935	0.007615075860609379	0.007615075860609379	14.4
ENSMUSG00000021488.9:B3	E:55437867-55438068	exon	55437867	55438068	3,4	random hexamer	ASC	EX_cortical	3	0.2506182467479824	0.41736194516587144	0.16758440637929034	8.988888888888889
ENSMUSG00000021488.9:B3	E:55438943-55439123	exon	55438943	55439123	3,4	poly(dT)	ASC	EX_cerebellum_granule	5	0.17989232342011935	-0.03190269126806908	0.03043212224153735	14.4
ENSMUSG00000021488.9:B3	E:55438943-55439123	exon	55438943	55439123	3,4	random hexamer	ASC	EX_cortical	3	0.2506182467479824	0.22238196463176277	0.1331135309631335	8.988888888888889
ENSMUSG00000021488.9:B3	E:55441370-55441527	exon	55441370	55441527	3,4	poly(dT)	ASC	EX_cerebellum_granule	5	0.17989232342011935	-0.2882660867756199	0.15987463244493108	14.4
ENSMUSG00000021488.9:B3	E:55441370-55441527	exon	55441370	55441527	3,4	random hexamer	ASC	EX_cortical	3	0.2506182467479824	0.22016676677009459	0.2668856147281891	8.988888888888889
ENSMUSG00000021488.9:B3	E:55443799-55444005	exon	55443799	55444005	3,4	poly(dT)	ASC	EX_cerebellum_granule	5	0.17989232342011935	-0.010314904549334342	0.19799812742633194	14.4
ENSMUSG00000021488.9:B3	E:55443799-55444005	exon	55443799	55444005	3,4	random hexamer	ASC	EX_cortical	3	0.2506182467479824	0.4054155223216311	0.208100855656858	8.988888888888889
ENSMUSG00000021488.9:B3	E:55446376-55446489	exon	55446376	55446489	3,4	poly(dT)	ASC	EX_cerebellum_granule	5	0.17989232342011935	-0.01128841195735488	0.01128841195735488	14.4
ENSMUSG00000021488.9:B3	E:55446376-55446489	exon	55446376	55446489	3,4	random hexamer	ASC	EX_cortical	3	0.2506182467479824	0.586615051122932	0.024025991477933516	8.988888888888889
ENSMUSG00000021488.9:B3	E:55447503-55447773	exon	55447503	55447773	3,4	poly(dT)	ASC	EX_cerebellum_granule	5	0.17989232342011935	0.07689285135758162	0.0337121101373308	14.4
ENSMUSG00000021488.9:B3	E:55447503-55447773	exon	55447503	55447773	3,4	random hexamer	ASC	EX_cortical	3	0.2506182467479824	0.34661685081261967	0.25284114443137384	8.988888888888889
ENSMUSG00000021488.9:B3	E:55449539-55449656	exon	55449539	55449656	3,4	poly(dT)	ASC	EX_cerebellum_granule	5	0.17989232342011935	0.051318617615762605	0.10384780707257346	14.4
ENSMUSG00000021488.9:B3	E:55449539-55449656	exon	55449539	55449656	3,4	random hexamer	ASC	EX_cortical	3	0.2506182467479824	0.3781232606376941	0.17496908183968826	8.988888888888889
ENSMUSG00000021488.9:B3	E:55450651-55450793	exon	55450651	55450793	3,4	poly(dT)	ASC	EX_cerebellum_granule	5	0.17989232342011935	-0.053456725809194985	0.18508243307152528	14.4
ENSMUSG00000021488.9:B3	E:55450651-55450793	exon	55450651	55450793	3,4	random hexamer	ASC	EX_cortical	3	0.2506182467479824	0.36297230107493544	0.05149029115271141	8.988888888888889
ENSMUSG00000021488.9:B3	E:55454748-55454855	exon	55454748	55454855	3,4	poly(dT)	ASC	EX_cerebellum_granule	5	0.17989232342011935	0.277049605917313	0.2005236057210504	14.4
ENSMUSG00000021488.9:B3	E:55454748-55454855	exon	55454748	55454855	3,4	random hexamer	ASC	EX_cortical	3	0.2506182467479824	0.23068471625479722	0.4626596099880505	8.988888888888889
ENSMUSG00000021488.9:B3	E:55458149-55458354	exon	55458149	55458354	3,4	poly(dT)	ASC	EX_cerebellum_granule	5	0.17989232342011935	-0.1843856485774352	0.13671883088845624	14.4
ENSMUSG00000021488.9:B3	E:55458149-55458354	exon	55458149	55458354	3,4	random hexamer	ASC	EX_cortical	3	0.2506182467479824	0.430154043912686	0.28544294025404227	8.988888888888889
ENSMUSG00000021488.9:B3	E:55459931-55463568	exon	55459931	55463568	3,4	poly(dT)	ASC	EX_cerebellum_granule	5	0.17989232342011935	-0.04380668134283899	0.07812833885944195	14.4
ENSMUSG00000021488.9:B3	E:55459931-55463568	exon	55459931	55463568	3,4	random hexamer	ASC	EX_cortical	3	0.2506182467479824	0.3826222602729021	0.044526993601708593	8.988888888888889
ENSMUSG00000021488.9:B3	E:55463568-55466138	exon	55463568	55466138	3	poly(dT)	ASC	EX_cerebellum_granule	5	0.25597039341505184	0.018632483620498116	0.027165045850448356	14.4
ENSMUSG00000021488.9:B3	E:55463568-55466138	exon	55463568	55466138	3	random hexamer	EX_cortical	EX_cerebellum_granule	4	0.23786206552511718	0.15136975801039707	0.23039444318382854	9.688888888888888
ENSMUSG00000021488.9:B3	J:55361963-55381707	junction	55361963	55381707	1,2,3	poly(dT)	EX_cortical	INH_migrating_interneuron	5	0.0891038218506491	0.02929292929292928	0.018788964886604306	41.0
ENSMUSG00000021488.9:B3	J:55361963-55393330	junction	55361963	55393330	4	poly(dT)	EX_cortical	INH_medium_spiny	6	0.08836722121961034	0.0	0.0	47.0
ENSMUSG00000021488.9:B3	J:55381843-55386502	junction	55381843	55386502	1,2,3	poly(dT)	EX_cerebellum_granule	EX_cortical	3	0.053595503527101095	0.0	0.0	16.0
ENSMUSG00000021488.9:B3	J:55450793-55454748	junction	55450793	55454748	3,4	poly(dT)	EX_cortical	INH_migrating_interneuron	3	0.07828519248512726	0.0	0.0	22.0
ENSMUSG00000021488.9:B3	J:55454855-55458149	junction	55454855	55458149	3,4	poly(dT)	INH_midbrain	EX_cortical	4	0.07995549530853094	0.0	0.0	24.0
ENSMUSG00000021500.18:B3	E:55806911-55806982	exon	55806911	55806982	1	poly(dT)	EX_cortical	INH_midbrain	3	0.05032428753909924	-0.2131024529443822	0.2131024529443822	4.762869198312235
ENSMUSG00000021500.18:B3	E:55808529-55808612	exon	55808529	55808612	2	poly(dT)	INH_midbrain	EX_cortical	3	0.050324287539099156	-0.2696973555732332	0.36928666556388834	4.762869198312235
ENSMUSG00000021557.16:B1	E:59705100-59705114	exon	59705100	59705114	2,3	poly(dT)	EX_cerebellum_granule	INH_migrating_interneuron	3	0.06963613149302854	-0.09468455370517222	0.05270099489368286	4.320754716981131
ENSMUSG00000021557.16:B1	E:59705114-59705125	exon	59705114	59705125	3	poly(dT)	INH_migrating_interneuron	EX_cerebellum_granule	3	0.7671022896300318	0.09468455370517222	0.05270099489368286	4.320754716981131
ENSMUSG00000021557.16:B1	E:59705114-59705125	exon	59705114	59705125	3	random hexamer	EX_cortical	INH_migrating_interneuron	6	0.1060485832422771	-0.13710689809216803	0.08639822280134962	18.132075471698116
ENSMUSG00000021700.11:B1	E:110416528-110416684	exon	110416528	110416684	1	poly(dT)	INH_midbrain	EX_cortical	4	0.08545018779205521	0.001093693768080925	0.15260270429320358	38.25
ENSMUSG00000021700.11:B1	E:110416528-110416684	exon	110416528	110416684	1	random hexamer	INH_migrating_interneuron	INH_midbrain	3	0.07704469933052933	-0.028857912874192704	0.23182339498601162	6.473684210526315
ENSMUSG00000021700.11:B1	E:110417326-110417435	exon	110417326	110417435	2	poly(dT)	EX_cortical	INH_midbrain	4	0.08545018779205515	0.018251916418988174	0.018251916418988174	38.25
ENSMUSG00000021700.11:B1	E:110417326-110417435	exon	110417326	110417435	2	random hexamer	INH_midbrain	INH_migrating_interneuron	3	0.07704469933052935	0.1495022808594346	0.14950228085943462	6.473684210526315
ENSMUSG00000021708.19:B1	J:92130975-92131571	junction	92130975	92131571	1	random hexamer	INH_migrating_interneuron	EX_cortical	3	0.11243366873015881	0.0	0.0	24.0
ENSMUSG00000021819.12:B3	E:20766130-20766151	exon	20766130	20766151	2	random hexamer	INH_midbrain	EX_cortical	4	0.12423395296196274	0.07618879827393243	0.1837693438789161	18.81238738738739
ENSMUSG00000021843.18:B1	E:47901212-47901243	exon	47901212	47901243	2	poly(dT)	EX_cortical	INH_migrating_interneuron	5	0.08515218432307009	0.01882887671343265	0.09530237516279154	34.652173913043484
ENSMUSG00000021843.18:B1	E:47901212-47901243	exon	47901212	47901243	2	random hexamer	EX_cortical	ASC	4	0.0837650282381554	-0.08370741189565598	0.2438777659754049	8.217391304347826
ENSMUSG00000021843.18:B2	E:47941876-47941945	exon	47941876	47941945	2	poly(dT)	EX_cortical	ASC	4	0.1870634364292409	-0.2533154129886573	0.36644257257125956	16.338924233661075
ENSMUSG00000021843.18:B3	E:47954330-47954417	exon	47954330	47954417	2	poly(dT)	INH_medium_spiny	INH_midbrain	3	0.10878537099616403	0.47218582193897635	0.2609249087222866	5.8820512820512825
ENSMUSG00000021843.18:B4	E:47963385-47963457	exon	47963385	47963457	2	poly(dT)	EX_cortical	ASC	5	0.16036016466659775	0.28478500540682467	0.047766818216432125	44.89093701996928
ENSMUSG00000021843.18:B4	E:47963385-47963457	exon	47963385	47963457	2	random hexamer	EX_cortical	ASC	3	0.1989024595307646	-0.12871350143204893	0.09970771151247897	5.691052227342549
ENSMUSG00000021843.18:B4	J:47962427-47963385	junction	47962427	47963385	2	poly(dT)	EX_cortical	ASC	4	0.18706345462310806	0.5678218839983546	0.09325342755825346	44.0
ENSMUSG00000021843.18:B4	J:47962427-47963682	junction	47962427	47963682	1	poly(dT)	ASC	EX_cortical	4	0.18706345462310803	0.29320942016127444	0.02296100835260762	73.0
ENSMUSG00000021843.18:B4	J:47963457-47963682	junction	47963457	47963682	2	poly(dT)	EX_cortical	ASC	3	0.15157504019701132	0.406547619047619	0.047068995770164795	26.0
ENSMUSG00000021843.18:B5	E:47963927-47964011	exon	47963927	47964011	2	poly(dT)	INH_medium_spiny	INH_midbrain	3	0.10897847896594813	0.1508112319845984	0.13868045567960613	11.017857142857142
ENSMUSG00000021843.18:B5	J:47963766-47963927	junction	47963766	47963927	2	poly(dT)	EX_cortical	ASC	3	0.08753205991702784	0.3064814814814815	0.1923186263642688	22.0
ENSMUSG00000021843.18:B5	J:47963766-47967796	junction	47963766	47967796	1	poly(dT)	ASC	EX_cortical	3	0.08753205991702791	0.3723196881091618	0.2574501951029658	27.0
ENSMUSG00000021843.18:B5	J:47964011-47967796	junction	47964011	47967796	2	poly(dT)	EX_cortical	ASC	3	0.08753205991702784	0.25925925925925924	0.2135659739753851	21.0
ENSMUSG00000022000.12:B1	E:75521812-75521825	exon	75521812	75521825	2	poly(dT)	INH_migrating_interneuron	INH_midbrain	4	0.061353005783996925	-0.0002882434768423092	0.3859890139531541	15.157142857142858
ENSMUSG00000022010.20:B1	E:76653026-76656449	exon	76653026	76656449	1	poly(dT)	INH_medium_spiny	EX_cortical	4	0.1080054923753338	0.3769652690014582	0.10522150662259666	13.204081632653061
ENSMUSG00000022010.20:B1	E:76653026-76656449	exon	76653026	76656449	1	random hexamer	EX_cortical	INH_midbrain	4	0.12882380755816478	-0.10840389797660777	0.15409544396614	18.0
ENSMUSG00000022010.20:B1	E:76714356-76714463	exon	76714356	76714463	2	poly(dT)	EX_cortical	INH_medium_spiny	4	0.08813778681291008	-0.09584262196690388	0.0958426219669039	13.204081632653061
ENSMUSG00000022010.20:B1	E:76714356-76714463	exon	76714356	76714463	2	random hexamer	INH_midbrain	EX_cortical	4	0.1926949483318952	-0.0005832173093929215	0.028757469713868007	18.0
ENSMUSG00000022010.20:B1	E:76725875-76726115	exon	76725875	76726115	4	random hexamer	EX_cortical	INH_midbrain	4	0.05868235829781482	0.0742460990487665	0.09918013082947577	18.0
ENSMUSG00000022099.18:B1	E:70855848-70855985	exon	70855848	70855985	1	random hexamer	INH_midbrain	EX_cortical	4	0.07900019468818784	-0.04066843622032329	0.04741744481227236	69.75294117647059
ENSMUSG00000022099.18:B1	E:70864178-70864494	exon	70864178	70864494	2,3	random hexamer	EX_cortical	INH_migrating_interneuron	4	0.07534258700158493	0.022947131557491868	0.06216920193276655	56.48235294117647
ENSMUSG00000022099.18:B1	E:70864494-70864748	exon	70864494	70864748	3	random hexamer	EX_cortical	INH_midbrain	4	0.09444425834947298	0.17359144036066765	0.12237397282320109	69.75294117647059
ENSMUSG00000022185.20:B1	E:54890670-54890735	exon	54890670	54890735	2,3	poly(dT)	EX_cortical	INH_midbrain	8	0.11445916642729047	-0.23620355861583886	0.14940359295985517	63.55633802816902
ENSMUSG00000022185.20:B1	E:54890670-54890735	exon	54890670	54890735	2,3	random hexamer	EX_cortical	INH_midbrain	8	0.11445916642729047	0.00260041934367021	0.23627619212856277	32.04225352112677
ENSMUSG00000022185.20:B1	E:54890991-54891073	exon	54890991	54891073	1	poly(dT)	INH_midbrain	INH_migrating_interneuron	4	0.05871022424626608	-0.13506957862495148	0.11924266660015477	18.190140845070424
ENSMUSG00000022185.20:B1	E:54890991-54891073	exon	54890991	54891073	1	random hexamer	ASC	EX_cortical	4	0.10983600479679542	0.11328508759980935	0.09598673124802336	8.816901408450704
ENSMUSG00000022185.20:B1	E:54891136-54891152	exon	54891136	54891152	2,3	poly(dT)	EX_cortical	INH_midbrain	8	0.11445916642729047	-0.0023824513410709985	0.18440221635676043	63.55633802816902
ENSMUSG00000022185.20:B1	E:54891136-54891152	exon	54891136	54891152	2,3	random hexamer	EX_cortical	INH_midbrain	8	0.11445916642729047	-0.12683301385104342	0.13578551915577805	32.04225352112677
ENSMUSG00000022185.20:B1	E:54891152-54891158	exon	54891152	54891158	3	poly(dT)	EX_cortical	INH_midbrain	8	0.11419113492977476	0.10575322968572404	0.11903659075799987	63.55633802816902
ENSMUSG00000022185.20:B1	E:54891152-54891158	exon	54891152	54891158	3	random hexamer	EX_cortical	INH_midbrain	8	0.11419113492977476	0.002939540630082435	0.10959104396043577	32.04225352112677
ENSMUSG00000022185.20:B1	E:54899624-54899740	exon	54899624	54899740	4	poly(dT)	INH_midbrain	EX_cortical	8	0.07678252582597417	0.30628924448793593	0.08134494346037263	63.55633802816902
ENSMUSG00000022185.20:B1	E:54899624-54899740	exon	54899624	54899740	4	random hexamer	INH_midbrain	ASC	3	0.10875133183743346	-0.03376334616810054	0.4363947288956099	5.429577464788732
ENSMUSG00000022185.20:B1	E:54901043-54901262	exon	54901043	54901262	4	poly(dT)	INH_midbrain	EX_cortical	8	0.07678252582597417	0.1272374235010306	0.057167410770262606	63.55633802816902
ENSMUSG00000022185.20:B1	E:54901043-54901262	exon	54901043	54901262	4	random hexamer	INH_midbrain	ASC	3	0.10875133183743346	0.2924139756463497	0.2302089908057938	5.429577464788732
ENSMUSG00000022185.20:B1	E:54901828-54903091	exon	54901828	54903091	4	poly(dT)	INH_midbrain	EX_cortical	8	0.07678252582597417	0.19698102751608734	0.11191483467129477	63.55633802816902
ENSMUSG00000022185.20:B1	E:54901828-54903091	exon	54901828	54903091	4	random hexamer	INH_midbrain	ASC	3	0.10875133183743346	0.2330370950353953	0.153950872826756	5.429577464788732
ENSMUSG00000022185.20:B1	E:54904529-54904618	exon	54904529	54904618	4	poly(dT)	INH_midbrain	EX_cortical	8	0.07678252582597417	0.13241989354383304	0.09025281457255047	63.55633802816902
ENSMUSG00000022185.20:B1	E:54904529-54904618	exon	54904529	54904618	4	random hexamer	INH_midbrain	ASC	3	0.10875133183743346	0.2195484700345761	0.2439831295217003	5.429577464788732
ENSMUSG00000022185.20:B1	E:54916199-54916319	exon	54916199	54916319	4	poly(dT)	INH_midbrain	EX_cortical	8	0.07678252582597417	-0.0340327863379783	0.06285156519306614	63.55633802816902
ENSMUSG00000022185.20:B1	E:54916199-54916319	exon	54916199	54916319	4	random hexamer	INH_midbrain	ASC	3	0.10875133183743346	0.19380096446763115	0.32318002846673105	5.429577464788732
ENSMUSG00000022185.20:B1	E:54916697-54916809	exon	54916697	54916809	4	poly(dT)	INH_midbrain	EX_cortical	8	0.07678252582597417	0.18408910633500158	0.05158297186120066	63.55633802816902
ENSMUSG00000022185.20:B1	E:54916697-54916809	exon	54916697	54916809	4	random hexamer	INH_midbrain	ASC	3	0.10875133183743346	0.2022789563512275	0.3315478367710452	5.429577464788732
ENSMUSG00000022185.20:B1	E:54922467-54922533	exon	54922467	54922533	4	poly(dT)	INH_midbrain	EX_cortical	8	0.07678252582597417	0.0991517590283818	0.058219838618346426	63.55633802816902
ENSMUSG00000022185.20:B1	E:54922467-54922533	exon	54922467	54922533	4	random hexamer	INH_midbrain	ASC	3	0.10875133183743346	0.14336184754946424	0.33609998652979717	5.429577464788732
ENSMUSG00000022185.20:B1	E:54923925-54924388	exon	54923925	54924388	4	poly(dT)	INH_midbrain	EX_cortical	8	0.07678252582597417	0.31821636952364557	0.12928204815784122	63.55633802816902
ENSMUSG00000022185.20:B1	E:54923925-54924388	exon	54923925	54924388	4	random hexamer	INH_midbrain	ASC	3	0.10875133183743346	0.017939425268910753	0.36382060122453946	5.429577464788732
ENSMUSG00000022185.20:B1	J:54889315-54890670	junction	54889315	54890670	2,3	poly(dT)	EX_cortical	INH_midbrain	6	0.06119136415987541	-0.07030352545058426	0.18367333665188032	60.0
ENSMUSG00000022185.20:B1	J:54889315-54890670	junction	54889315	54890670	2,3	random hexamer	EX_cortical	INH_midbrain	3	0.2893952391007607	-0.2597883597883598	0.31780448715821036	19.0
ENSMUSG00000022185.20:B1	J:54889315-54899624	junction	54889315	54899624	4	random hexamer	INH_midbrain	EX_cortical	3	0.25887729080918553	-0.29126984126984123	0.3121813063788512	19.0
ENSMUSG00000022185.20:B1	J:54903091-54904529	junction	54903091	54904529	4	poly(dT)	EX_cortical	ASC	3	0.051828518421213166	0.0	0.0	26.0
ENSMUSG00000022185.20:B1	J:54904618-54916199	junction	54904618	54916199	4	poly(dT)	EX_cortical	INH_midbrain	3	0.07292517120381169	0.26666666666666666	0.2742742012084981	22.0
ENSMUSG00000022185.20:B4	E:54879617-54879618	exon	54879617	54879618	1	poly(dT)	INH_midbrain	EX_cortical	4	0.16447904663428065	-0.24382762765882257	0.24975526823002103	12.180685358255452
ENSMUSG00000022185.20:B4	E:54879617-54879618	exon	54879617	54879618	1	random hexamer	INH_midbrain	EX_cortical	7	0.15595978111734796	-0.006012367890218114	0.006012367890218114	95.81931464174454
ENSMUSG00000022194.16:B1	E:55131604-55131951	exon	55131604	55131951	1	poly(dT)	ASC	EX_cortical	3	0.1133600555647311	-0.02879248124204899	0.028792481242048997	5.6347826086956525
ENSMUSG00000022194.16:B1	E:55131604-55131951	exon	55131604	55131951	1	random hexamer	ASC	INH_midbrain	3	0.13516262317396807	0.21586096792087783	0.21586096792087783	5.460869565217391
ENSMUSG00000022194.16:B1	E:55132058-55132126	exon	55132058	55132126	2,3	poly(dT)	EX_cortical	ASC	3	0.1133600555647311	0.0	0.0	5.6347826086956525
ENSMUSG00000022194.16:B1	E:55132058-55132126	exon	55132058	55132126	2,3	random hexamer	INH_midbrain	ASC	3	0.13516262317396813	0.13425303833654675	0.34205335178099133	5.460869565217391
ENSMUSG00000022194.16:B1	E:55132126-55132304	exon	55132126	55132304	3	poly(dT)	EX_cortical	ASC	3	0.09394962177865988	-0.25730823483632476	0.25730823483632476	5.6347826086956525
ENSMUSG00000022194.16:B1	E:55132126-55132304	exon	55132126	55132304	3	random hexamer	INH_midbrain	ASC	3	0.13168779126435357	-0.16181215679999109	0.1531922318907162	5.460869565217391
ENSMUSG00000022194.16:B3	E:55134729-55134856	exon	55134729	55134856	1,2,3	poly(dT)	ASC	INH_migrating_interneuron	8	0.22665298966058478	0.04249483490696178	0.032814847388273255	93.81578947368422
ENSMUSG00000022194.16:B3	E:55134729-55134856	exon	55134729	55134856	1,2,3	random hexamer	ASC	INH_migrating_interneuron	7	0.20175731352968748	-0.04078094163333196	0.08768618870112546	39.453947368421055
ENSMUSG00000022194.16:B3	E:55134856-55135014	exon	55134856	55135014	2,3	poly(dT)	ASC	INH_medium_spiny	5	0.24191208288164487	0.0	0.0	83.98684210526315
ENSMUSG00000022194.16:B3	E:55134856-55135014	exon	55134856	55135014	2,3	random hexamer	ASC	INH_migrating_interneuron	7	0.23165693049492023	0.019462576992038672	0.08240747082084456	39.453947368421055
ENSMUSG00000022194.16:B3	E:55135014-55135473	exon	55135014	55135473	3	poly(dT)	ASC	INH_medium_spiny	5	0.2387243643818285	0.4546077712739258	0.08129062709351098	83.98684210526315
ENSMUSG00000022194.16:B3	E:55135014-55135473	exon	55135014	55135473	3	random hexamer	ASC	EX_cortical	10	0.23914543580516612	0.2491436649024025	0.07687533172669508	52.33552631578947
ENSMUSG00000022194.16:B3	E:55135473-55135613	exon	55135473	55135613	3,4	random hexamer	INH_medium_spiny	INH_migrating_interneuron	5	0.05913935150870213	-0.3088255756192888	0.1675115824834706	33.13815789473684
ENSMUSG00000022194.16:B3	E:55135613-55135626	exon	55135613	55135626	4	poly(dT)	INH_migrating_interneuron	ASC	8	0.22665298966058478	-0.17514920171862414	0.08297303694000885	93.81578947368422
ENSMUSG00000022194.16:B3	E:55135613-55135626	exon	55135613	55135626	4	random hexamer	INH_migrating_interneuron	ASC	7	0.20175731352968748	-0.0713194098507076	0.21632484169990812	39.453947368421055
ENSMUSG00000022194.16:B3	J:55134729-55135473	junction	55134729	55135473	4	poly(dT)	INH_migrating_interneuron	ASC	8	0.22665298966058478	0.0	0.0	187.0
ENSMUSG00000022263.11:B1	E:27919357-27919377	exon	27919357	27919377	2	random hexamer	INH_migrating_interneuron	EX_cortical	4	0.06383325840161003	0.07585616438356162	0.07585616438356162	6.963636363636364
ENSMUSG00000022263.11:B1	E:28025425-28025934	exon	28025425	28025934	2	random hexamer	INH_migrating_interneuron	EX_cortical	4	0.06383325840161003	0.03413825859798352	0.025047735815408607	6.963636363636364
ENSMUSG00000022415.13:B1	E:79975534-79975544	exon	79975534	79975544	2	random hexamer	EX_cortical	INH_migrating_interneuron	7	0.052214034389173394	0.024515698779917716	0.032681105984601236	74.89932885906042
ENSMUSG00000022456.19:B1	E:82153002-82153268	exon	82153002	82153268	1	random hexamer	EX_cerebellum_granule	ASC	3	0.11663114197334258	0.0	0.0	9.505208333333334
ENSMUSG00000022456.19:B1	E:82155633-82157066	exon	82155633	82157066	1	random hexamer	EX_cerebellum_granule	ASC	3	0.11663114197334258	0.0	0.0	9.505208333333334
ENSMUSG00000022456.19:B1	E:82159439-82159687	exon	82159439	82159687	3	random hexamer	ASC	EX_cerebellum_granule	3	0.09975830078384322	0.5551573078454799	0.29389736634086117	9.505208333333334
ENSMUSG00000022456.19:B2	E:82175032-82175453	exon	82175032	82175453	2	random hexamer	ASC	EX_cerebellum_granule	3	0.2190648907495407	0.06851842460484116	0.04830901891764593	15.704384268214055
ENSMUSG00000022456.19:B2	J:82175032-82175453	junction	82175032	82175453	1	random hexamer	EX_cortical	EX_cerebellum_granule	3	0.06261082535192306	0.042508417508417495	0.20304916477149326	26.0
ENSMUSG00000022456.19:B3	E:82176267-82178775	exon	82176267	82178775	2	random hexamer	EX_cortical	INH_medium_spiny	3	0.07599317887778223	-0.12662780008563823	0.12662780008563823	6.7727272727272725
ENSMUSG00000022477.14:B1	E:81756509-81756684	exon	81756509	81756684	2	random hexamer	INH_migrating_interneuron	EX_cortical	4	0.1512089449834417	-0.055227673852536255	0.0429902668251083	21.615384615384613
ENSMUSG00000022477.14:B2	E:81773580-81773635	exon	81773580	81773635	1,2	random hexamer	INH_midbrain	EX_cerebellum_granule	3	0.11740425778080225	-0.009086081229344142	0.012317817704645701	19.32926829268293
ENSMUSG00000022477.14:B2	E:81773635-81773686	exon	81773635	81773686	2	random hexamer	EX_cerebellum_granule	INH_migrating_interneuron	3	0.14992967098991183	0.051830334328518766	0.051830334328518766	10.707317073170731
ENSMUSG00000022477.14:B2	E:81773686-81773889	exon	81773686	81773889	2,3	random hexamer	EX_cerebellum_granule	INH_migrating_interneuron	3	0.2213182228392159	0.0288133417124477	0.028813341712447697	10.707317073170731
ENSMUSG00000022477.14:B2	E:81773889-81773890	exon	81773889	81773890	3	random hexamer	EX_cerebellum_granule	INH_midbrain	3	0.11740425778080239	0.0739404869251578	0.07394048692515781	19.32926829268293
ENSMUSG00000022477.14:B2	E:81779370-81779629	exon	81779370	81779629	1	random hexamer	INH_migrating_interneuron	EX_cerebellum_granule	3	0.22131822283921576	-0.16351634940499782	0.36590484760105924	10.707317073170731
ENSMUSG00000022477.14:B2	E:81783329-81783422	exon	81783329	81783422	1	random hexamer	INH_migrating_interneuron	EX_cerebellum_granule	3	0.22131822283921576	0.024926828110094428	0.18180886233091018	10.707317073170731
ENSMUSG00000022477.14:B2	E:81787676-81787835	exon	81787676	81787835	1	random hexamer	INH_migrating_interneuron	EX_cerebellum_granule	3	0.22131822283921576	0.1273640761719089	0.07048539258462332	10.707317073170731
ENSMUSG00000022477.14:B2	E:81788056-81788207	exon	81788056	81788207	1	random hexamer	INH_migrating_interneuron	EX_cerebellum_granule	3	0.22131822283921576	0.011732275523582211	0.011732275523582213	10.707317073170731
ENSMUSG00000022477.14:B2	E:81788963-81789068	exon	81788963	81789068	1	random hexamer	INH_migrating_interneuron	EX_cerebellum_granule	3	0.22131822283921576	0.15389640080998104	0.15389640080998107	10.707317073170731
ENSMUSG00000022477.14:B2	E:81790052-81790144	exon	81790052	81790144	1	random hexamer	INH_migrating_interneuron	EX_cerebellum_granule	3	0.22131822283921576	0.25234028742323195	0.3031951208885134	10.707317073170731
ENSMUSG00000022477.14:B2	E:81791626-81791732	exon	81791626	81791732	1	random hexamer	INH_migrating_interneuron	EX_cerebellum_granule	3	0.22131822283921576	0.3609865986301542	0.384787118780205	10.707317073170731
ENSMUSG00000022477.14:B2	E:81793690-81793848	exon	81793690	81793848	1	random hexamer	INH_migrating_interneuron	EX_cerebellum_granule	3	0.22131822283921576	0.18144297257388373	0.10779453223229474	10.707317073170731
ENSMUSG00000022477.14:B2	E:81794042-81794116	exon	81794042	81794116	1	random hexamer	INH_migrating_interneuron	EX_cerebellum_granule	3	0.22131822283921576	0.0	0.0	10.707317073170731
ENSMUSG00000022477.14:B2	E:81794613-81794725	exon	81794613	81794725	1	random hexamer	INH_migrating_interneuron	EX_cerebellum_granule	3	0.22131822283921576	0.0	0.0	10.707317073170731
ENSMUSG00000022477.14:B2	E:81796086-81796209	exon	81796086	81796209	1	random hexamer	INH_migrating_interneuron	EX_cerebellum_granule	3	0.22131822283921576	0.0	0.0	10.707317073170731
ENSMUSG00000022477.14:B2	E:81796406-81796562	exon	81796406	81796562	1	random hexamer	INH_migrating_interneuron	EX_cerebellum_granule	3	0.22131822283921576	0.3513252323462967	0.2401269328670102	10.707317073170731
ENSMUSG00000022477.14:B2	E:81797306-81797498	exon	81797306	81797498	1	random hexamer	INH_migrating_interneuron	EX_cerebellum_granule	3	0.22131822283921576	0.20878764312190864	0.13889133188771494	10.707317073170731
ENSMUSG00000022477.14:B2	E:81797880-81798013	exon	81797880	81798013	1	random hexamer	INH_migrating_interneuron	EX_cerebellum_granule	3	0.22131822283921576	0.49057547044901223	0.24831635217356207	10.707317073170731
ENSMUSG00000022477.14:B2	E:81798438-81798560	exon	81798438	81798560	1	random hexamer	INH_migrating_interneuron	EX_cerebellum_granule	3	0.22131822283921576	0.18434994868380908	0.1843499486838091	10.707317073170731
ENSMUSG00000022477.14:B2	E:81798828-81799334	exon	81798828	81799334	1	random hexamer	INH_migrating_interneuron	EX_cerebellum_granule	3	0.22131822283921576	0.1254617651910325	0.19002547064870112	10.707317073170731
ENSMUSG00000022477.14:B2	J:81788207-81788963	junction	81788207	81788963	1	random hexamer	INH_medium_spiny	EX_cortical	3	0.09651788025743875	0.0	0.0	33.0
ENSMUSG00000022477.14:B2	J:81789068-81790052	junction	81789068	81790052	1	random hexamer	EX_cortical	EX_cerebellum_granule	3	0.05878317392593516	0.0	0.0	18.0
ENSMUSG00000022477.14:B2	J:81793848-81794042	junction	81793848	81794042	1	random hexamer	INH_migrating_interneuron	ASC	3	0.07518205985507533	0.0	0.0	21.0
ENSMUSG00000022477.14:B2	J:81794116-81794613	junction	81794116	81794613	1	random hexamer	INH_migrating_interneuron	EX_cortical	3	0.10688601192516506	0.0	0.0	17.0
ENSMUSG00000022477.14:B2	J:81794725-81796086	junction	81794725	81796086	1	random hexamer	INH_midbrain	EX_cerebellum_granule	4	0.12832522940057314	0.0	0.0	36.0
ENSMUSG00000022477.14:B2	J:81798013-81798438	junction	81798013	81798438	1	random hexamer	INH_midbrain	EX_cortical	3	0.12281847616294732	0.0	0.0	40.0
ENSMUSG00000022477.14:B2	J:81798560-81798828	junction	81798560	81798828	1	random hexamer	EX_cortical	EX_cerebellum_granule	5	0.0705048827021818	0.0	0.0	56.0
ENSMUSG00000022489.7:B1	E:103411460-103411799	exon	103411460	103411799	1	random hexamer	EX_cortical	EX_cerebellum_granule	3	0.21464991662322774	0.11202017362683044	0.3043476440259255	12.342105263157894
ENSMUSG00000022489.7:B1	E:103411887-103412010	exon	103411887	103412010	1	random hexamer	EX_cortical	EX_cerebellum_granule	3	0.21464991662322774	0.07592708064505611	0.11655740310769083	12.342105263157894
ENSMUSG00000022489.7:B1	E:103423346-103423848	exon	103423346	103423848	2	random hexamer	EX_cerebellum_granule	EX_cortical	3	0.21464991662322777	0.1718432871905273	0.1432550071849729	12.342105263157894
ENSMUSG00000022514.15:B1	E:26400453-26400491	exon	26400453	26400491	2	random hexamer	INH_migrating_interneuron	EX_cortical	4	0.18660268382045936	0.10238747549363328	0.10292593581543638	12.923076923076923
ENSMUSG00000022514.15:B1	E:26400491-26400502	exon	26400491	26400502	2,3	random hexamer	INH_migrating_interneuron	EX_cortical	4	0.14950320497520472	0.43220509707857974	0.22840091744845695	12.923076923076923
ENSMUSG00000022558.17:B1	E:76264712-76264776	exon	76264712	76264776	3	random hexamer	INH_midbrain	INH_migrating_interneuron	7	0.06424391040370929	0.0233792885315451	0.08864520232885918	17.989690721649485
ENSMUSG00000022565.16:B1	E:76089797-76090521	exon	76089797	76090521	6,7	random hexamer	INH_migrating_interneuron	ASC	4	0.06595860751387844	0.035961330018347254	0.1446685731414688	6.258064516129032
ENSMUSG00000022623.18:B1	E:89383825-89384122	exon	89383825	89384122	1	random hexamer	EX_cerebellum_granule	INH_midbrain	4	0.14185425362840254	-0.11980985195896554	0.08042564217687505	12.461538461538462
ENSMUSG00000022623.18:B1	E:89384417-89384621	exon	89384417	89384621	1	random hexamer	EX_cerebellum_granule	INH_midbrain	4	0.14185425362840254	-0.09083974032617831	0.07550291233742873	12.461538461538462
ENSMUSG00000022623.18:B1	E:89385606-89385678	exon	89385606	89385678	1	random hexamer	EX_cerebellum_granule	INH_midbrain	4	0.14185425362840254	-0.0409018470211186	0.028462819080557228	12.461538461538462
ENSMUSG00000022623.18:B1	E:89387322-89387431	exon	89387322	89387431	1	random hexamer	EX_cerebellum_granule	INH_midbrain	4	0.14185425362840254	-0.1496987217935391	0.10281589486455167	12.461538461538462
ENSMUSG00000022623.18:B1	E:89387505-89387657	exon	89387505	89387657	1	random hexamer	EX_cerebellum_granule	INH_midbrain	4	0.14185425362840254	-0.029636357685257922	0.07279219510075108	12.461538461538462
ENSMUSG00000022623.18:B1	E:89387742-89387910	exon	89387742	89387910	1	random hexamer	EX_cerebellum_granule	INH_midbrain	4	0.14185425362840254	0.035759446813551275	0.020892736789999672	12.461538461538462
ENSMUSG00000022623.18:B1	E:89387999-89388116	exon	89387999	89388116	1	random hexamer	EX_cerebellum_granule	INH_midbrain	4	0.14185425362840254	0.04048271665554969	0.0966249317508001	12.461538461538462
ENSMUSG00000022623.18:B1	E:89388519-89388597	exon	89388519	89388597	1	random hexamer	EX_cerebellum_granule	INH_midbrain	4	0.14185425362840254	-0.07811640448675342	0.22060691187849654	12.461538461538462
ENSMUSG00000022623.18:B1	E:89389592-89389659	exon	89389592	89389659	1	random hexamer	EX_cerebellum_granule	INH_midbrain	4	0.14185425362840254	-0.1841840661009741	0.10960069105694185	12.461538461538462
ENSMUSG00000022623.18:B1	E:89405305-89405576	exon	89405305	89405576	1	random hexamer	EX_cerebellum_granule	INH_midbrain	4	0.14185425362840254	0.019607952354964556	0.1468398903168183	12.461538461538462
ENSMUSG00000022623.18:B1	E:89407963-89408228	exon	89407963	89408228	2	random hexamer	INH_medium_spiny	EX_cerebellum_granule	7	0.1566202066631761	0.0	0.0	24.230769230769234
ENSMUSG00000022623.18:B1	E:89431828-89434085	exon	89431828	89434085	1	random hexamer	EX_cerebellum_granule	INH_midbrain	4	0.14185425362840254	0.17711043112849595	0.07752133636520266	12.461538461538462
ENSMUSG00000022623.18:B1	J:89428081-89431828	junction	89428081	89431828	1	random hexamer	EX_cerebellum_granule	EX_cortical	7	0.175182114103525	-0.061052754435107395	0.03911088806281128	153.0
ENSMUSG00000022623.18:B1	J:89428081-89441937	junction	89428081	89441937	2	random hexamer	INH_midbrain	EX_cerebellum_granule	3	0.1411905518656311	0.0	0.0	38.0
ENSMUSG00000022623.18:B2	E:89441963-89444464	exon	89441963	89444464	2	random hexamer	EX_cerebellum_granule	INH_medium_spiny	7	0.13628091430446862	-0.025011176987703294	0.1048832826336167	24.230769230769234
ENSMUSG00000022629.18:B1	E:90934041-90934048	exon	90934041	90934048	2	poly(dT)	INH_midbrain	INH_migrating_interneuron	3	0.3282204496319477	0.5330286633394424	0.3148348514078813	11.39375
ENSMUSG00000022629.18:B1	E:90934041-90934048	exon	90934041	90934048	2	random hexamer	ASC	EX_cortical	3	0.20080841883075587	0.6819659025511985	0.18161604931008735	22.19375
ENSMUSG00000022812.15:B1	E:37909362-37910649	exon	37909362	37910649	2	poly(dT)	EX_cerebellum_granule	EX_cortical	8	0.09028170358435178	0.02076050633115325	0.11888628695287033	25.647239263803684
ENSMUSG00000022812.15:B1	E:37909362-37910649	exon	37909362	37910649	2	random hexamer	EX_cerebellum_granule	ASC	5	0.11418882223006159	-0.06628229373543375	0.10444837870516702	7.32515337423313
ENSMUSG00000022822.17:B1	E:20245104-20245144	exon	20245104	20245144	2	poly(dT)	INH_medium_spiny	INH_midbrain	3	0.086871064701691	-0.03621937351390463	0.030603458036834865	15.920454545454547
ENSMUSG00000022822.17:B1	E:20245104-20245144	exon	20245104	20245144	2	random hexamer	INH_medium_spiny	INH_midbrain	3	0.086871064701691	-0.019172113289760335	0.01917211328976033	10.25
ENSMUSG00000022892.12:B1	E:84970623-84970646	exon	84970623	84970646	3	poly(dT)	INH_medium_spiny	EX_cortical	4	0.12578574691802047	0.0	0.0	7.421568627450981
ENSMUSG00000022892.12:B1	E:84970623-84970646	exon	84970623	84970646	3	random hexamer	ASC	EX_hippocampus_pyramidal	3	0.2842715265306128	-0.0631814827972563	0.0631814827972563	12.892156862745098
ENSMUSG00000022914.18:B1	E:95883628-95883647	exon	95883628	95883647	2,3	random hexamer	INH_migrating_interneuron	INH_midbrain	4	0.20545676900510967	-0.25551541547957307	0.10935948937698299	14.777142857142856
ENSMUSG00000022914.18:B2	E:95793291-95793648	exon	95793291	95793648	3	random hexamer	INH_midbrain	EX_cortical	5	0.0561042960496733	0.0	0.0	12.099337748344372
ENSMUSG00000022914.18:B2	E:95809919-95810768	exon	95809919	95810768	3	random hexamer	INH_midbrain	EX_cortical	5	0.0561042960496733	0.0	0.0	12.099337748344372
ENSMUSG00000022914.18:B2	E:95811019-95811187	exon	95811019	95811187	3	random hexamer	INH_midbrain	EX_cortical	5	0.0561042960496733	0.0	0.0	12.099337748344372
ENSMUSG00000022961.19:B1	E:91444766-91444767	exon	91444766	91444767	1,2	poly(dT)	ASC	OPC	4	0.17752420073434755	-0.05858633808095329	0.15523937854882958	16.92
ENSMUSG00000022961.19:B1	E:91444766-91444767	exon	91444766	91444767	1,2	random hexamer	EX_hippocampus_pyramidal	INH_migrating_interneuron	3	0.1875758507366019	-0.14212575103664213	0.2463293241227484	7.66
ENSMUSG00000022961.19:B3	E:91459379-91460921	exon	91459379	91460921	1	poly(dT)	INH_medium_spiny	ASC	8	0.09451137731175956	-0.05055448468158495	0.021951834910088456	21.96273291925466
ENSMUSG00000022961.19:B3	E:91459379-91460921	exon	91459379	91460921	1	random hexamer	INH_medium_spiny	ASC	6	0.2032994494357554	0.03890593244499529	0.03094151811023298	18.024844720496894
ENSMUSG00000022961.19:B3	E:91461085-91461232	exon	91461085	91461232	2,3,4	poly(dT)	ASC	INH_medium_spiny	8	0.09451137731175954	-0.011538897923670372	0.06390793214233778	21.96273291925466
ENSMUSG00000022961.19:B3	E:91461085-91461232	exon	91461085	91461232	2,3,4	random hexamer	ASC	INH_medium_spiny	6	0.2032994494357555	0.16632865606360472	0.1590866009515167	18.024844720496894
ENSMUSG00000022961.19:B3	E:91461521-91461710	exon	91461521	91461710	2,3,4	poly(dT)	ASC	INH_medium_spiny	8	0.09451137731175954	0.06689264521865299	0.14810033081016577	21.96273291925466
ENSMUSG00000022961.19:B3	E:91461521-91461710	exon	91461521	91461710	2,3,4	random hexamer	ASC	INH_medium_spiny	6	0.2032994494357555	0.19736474160787523	0.19743240862065176	18.024844720496894
ENSMUSG00000022961.19:B3	E:91461807-91462596	exon	91461807	91462596	2	poly(dT)	INH_migrating_interneuron	INH_medium_spiny	4	0.08576517170571511	-0.24800398786624805	0.21556782584956025	6.049689440993788
ENSMUSG00000022961.19:B3	E:91461807-91462596	exon	91461807	91462596	2	random hexamer	INH_midbrain	EX_cortical	4	0.07626561644454607	0.11328222061803656	0.14298774998321936	8.826086956521738
ENSMUSG00000022961.19:B3	E:91467351-91467462	exon	91467351	91467462	3,4	poly(dT)	ASC	INH_medium_spiny	8	0.0986319048128382	-0.00950116616837067	0.16914535358353044	21.96273291925466
ENSMUSG00000022961.19:B3	E:91467351-91467462	exon	91467351	91467462	3,4	random hexamer	ASC	INH_medium_spiny	6	0.2016002399738462	-0.006412915896630622	0.1352650336645302	18.024844720496894
ENSMUSG00000022961.19:B3	E:91468236-91468353	exon	91468236	91468353	3,4	poly(dT)	ASC	INH_medium_spiny	8	0.0986319048128382	-0.19693090754121845	0.1806418537962032	21.96273291925466
ENSMUSG00000022961.19:B3	E:91468236-91468353	exon	91468236	91468353	3,4	random hexamer	ASC	INH_medium_spiny	6	0.2016002399738462	0.03395946919242028	0.018294712627853975	18.024844720496894
ENSMUSG00000022961.19:B3	E:91472288-91472436	exon	91472288	91472436	3,4	poly(dT)	ASC	INH_medium_spiny	8	0.0986319048128382	-0.3408717207505025	0.1375696868932067	21.96273291925466
ENSMUSG00000022961.19:B3	E:91472288-91472436	exon	91472288	91472436	3,4	random hexamer	ASC	INH_medium_spiny	6	0.2016002399738462	0.024941575174405445	0.15000489912845896	18.024844720496894
ENSMUSG00000022961.19:B3	E:91474292-91474364	exon	91474292	91474364	3,4	poly(dT)	ASC	INH_medium_spiny	8	0.0986319048128382	0.08076352633366425	0.12313590709286347	21.96273291925466
ENSMUSG00000022961.19:B3	E:91474292-91474364	exon	91474292	91474364	3,4	random hexamer	ASC	INH_medium_spiny	6	0.2016002399738462	0.0689003658222793	0.18868450182702584	18.024844720496894
ENSMUSG00000022961.19:B3	E:91474476-91474592	exon	91474476	91474592	3,4	poly(dT)	ASC	INH_medium_spiny	8	0.0986319048128382	0.021969784271790888	0.01461237757252215	21.96273291925466
ENSMUSG00000022961.19:B3	E:91474476-91474592	exon	91474476	91474592	3,4	random hexamer	ASC	INH_medium_spiny	6	0.2016002399738462	0.06605318265703604	0.2754144784691836	18.024844720496894
ENSMUSG00000022961.19:B3	E:91474988-91475041	exon	91474988	91475041	3	poly(dT)	ASC	INH_medium_spiny	8	0.08809038953701102	0.07002897754127274	0.07569327773335502	21.96273291925466
ENSMUSG00000022961.19:B3	E:91474988-91475041	exon	91474988	91475041	3	random hexamer	ASC	INH_medium_spiny	6	0.1945286024140557	0.02010060495979307	0.05818322186560391	18.024844720496894
ENSMUSG00000022961.19:B3	E:91475041-91476083	exon	91475041	91476083	3,4	poly(dT)	ASC	INH_medium_spiny	8	0.0986319048128382	-0.1755598407741033	0.152598580651163	21.96273291925466
ENSMUSG00000022961.19:B3	E:91475041-91476083	exon	91475041	91476083	3,4	random hexamer	ASC	INH_medium_spiny	6	0.2016002399738462	-0.05806942502934757	0.11776853604246089	18.024844720496894
ENSMUSG00000022961.19:B3	J:91461232-91461521	junction	91461232	91461521	2,3,4	poly(dT)	EX_cortical	INH_midbrain	4	0.10886401830865051	0.0	0.0	22.0
ENSMUSG00000022961.19:B3	J:91468353-91472288	junction	91468353	91472288	3,4	poly(dT)	EX_cortical	INH_medium_spiny	3	0.12500154512279446	0.08711484593837537	0.1593476482696651	17.0
ENSMUSG00000022961.19:B3	J:91472436-91474292	junction	91472436	91474292	3,4	random hexamer	ASC	INH_medium_spiny	3	0.09764775009736025	0.0	0.0	19.0
ENSMUSG00000022961.19:B3	J:91474592-91474988	junction	91474592	91474988	3	random hexamer	ASC	EX_cortical	3	0.10467815909010225	-0.003174603174603182	0.24126984126984133	18.0
ENSMUSG00000022973.19:B1	E:90807983-90808196	exon	90807983	90808196	2	random hexamer	INH_migrating_interneuron	EX_cortical	4	0.08540039487180476	-0.035766683433936984	0.048055285284444735	8.0
ENSMUSG00000023007.16:B1	E:99193775-99193791	exon	99193775	99193791	1	random hexamer	EX_cortical	INH_migrating_interneuron	6	0.05841268866704385	0.0	0.0	25.451388888888893
ENSMUSG00000023007.16:B1	E:99201164-99201244	exon	99201164	99201244	2	random hexamer	INH_migrating_interneuron	EX_cortical	6	0.05841268866704382	0.13600337607009363	0.14902428498486256	25.451388888888893
ENSMUSG00000023007.16:B1	J:99193791-99201921	junction	99193791	99201921	1	random hexamer	EX_cortical	INH_migrating_interneuron	3	0.08813492252404011	0.0	0.0	18.0
ENSMUSG00000023007.16:B1	J:99201244-99201921	junction	99201244	99201921	2	random hexamer	INH_migrating_interneuron	EX_cortical	3	0.08813492252403998	-0.1130104463437797	0.057224861900029754	18.0
ENSMUSG00000023033.15:B1	E:100768563-100768624	exon	100768563	100768624	1	poly(dT)	INH_migrating_interneuron	INH_medium_spiny	3	0.11736376943884856	-0.3959004462261675	0.3068713906985211	4.398550724637681
ENSMUSG00000023033.15:B1	E:100768563-100768624	exon	100768563	100768624	1	random hexamer	EX_cerebellum_granule	EX_hippocampus_pyramidal	3	0.18474407115985106	0.4793650793650794	0.2894117020490754	5.489130434782608
ENSMUSG00000023033.15:B1	E:100768832-100768949	exon	100768832	100768949	2	poly(dT)	INH_medium_spiny	INH_midbrain	3	0.1175222459723944	0.22713306229789745	0.22713306229789748	5.188405797101448
ENSMUSG00000023033.15:B1	E:100768832-100768949	exon	100768832	100768949	2	random hexamer	EX_hippocampus_pyramidal	EX_cerebellum_granule	3	0.21056815530785555	-0.04433313405979785	0.2450855175416649	5.489130434782608
ENSMUSG00000023033.15:B1	J:100768624-100834151	junction	100768624	100834151	1	random hexamer	INH_medium_spiny	EX_cortical	7	0.056435105791915734	-0.036070208969368654	0.09032081143915768	79.0
ENSMUSG00000023033.15:B1	J:100768949-100834151	junction	100768949	100834151	2	random hexamer	INH_medium_spiny	INH_midbrain	4	0.0682291218729349	0.059310134310134266	0.17999519807242678	63.0
ENSMUSG00000023473.14:B1	E:108709886-108709892	exon	108709886	108709892	2	random hexamer	INH_midbrain	INH_medium_spiny	4	0.09421423165909691	-0.019221166805861417	0.08351696584729598	11.088954056695993
ENSMUSG00000023473.14:B1	J:108709527-108709886	junction	108709527	108709886	2	random hexamer	EX_cortical	INH_migrating_interneuron	3	0.05268681295059343	0.0	0.0	18.0
ENSMUSG00000023473.14:B1	J:108709527-108709892	junction	108709527	108709892	1	random hexamer	INH_migrating_interneuron	EX_cortical	3	0.05268681295059341	0.0	0.0	18.0
ENSMUSG00000023868.18:B1	E:8744203-8744647	exon	8744203	8744647	1	poly(dT)	INH_medium_spiny	EX_cortical	3	0.17029283048354146	0.6952414123789487	0.23058542564816073	7.132231404958677
ENSMUSG00000023868.18:B1	E:8744203-8744647	exon	8744203	8744647	1	random hexamer	INH_medium_spiny	EX_cortical	12	0.17531298152417985	0.6449731946076073	0.10238205730159115	73.02479338842977
ENSMUSG00000023868.18:B1	E:8745632-8745947	exon	8745632	8745947	2	random hexamer	INH_medium_spiny	EX_cortical	12	0.06521929808551567	0.7182487410848216	0.1138341897144042	73.02479338842977
ENSMUSG00000023868.18:B1	E:8975793-8975925	exon	8975793	8975925	2	random hexamer	INH_medium_spiny	EX_cortical	12	0.06521929808551567	0.8297759316001532	0.06140842823491156	73.02479338842977
ENSMUSG00000023868.18:B1	E:9020524-9020977	exon	9020524	9020977	3	poly(dT)	EX_cortical	INH_medium_spiny	3	0.07916227049790286	0.5241879765378874	0.1660258374066201	7.132231404958677
ENSMUSG00000023868.18:B1	E:9020524-9020977	exon	9020524	9020977	3	random hexamer	EX_cortical	INH_medium_spiny	12	0.16904740732564505	0.22936667529322885	0.1326284059679688	73.02479338842977
ENSMUSG00000023868.18:B1	E:9099257-9099311	exon	9099257	9099311	5	poly(dT)	EX_cortical	INH_medium_spiny	3	0.05070523368271826	0.0	0.0	7.132231404958677
ENSMUSG00000023868.18:B1	E:9099257-9099311	exon	9099257	9099311	5	random hexamer	EX_cortical	INH_medium_spiny	12	0.051868558311983594	0.01218212904331279	0.03721202761805561	73.02479338842977
ENSMUSG00000023868.18:B1	J:8744647-9117692	junction	8744647	9117692	1	poly(dT)	INH_medium_spiny	EX_cortical	12	0.18969436984058627	0.016666666666666666	0.01666666666666667	125.0
ENSMUSG00000023868.18:B1	J:8744647-9117692	junction	8744647	9117692	1	random hexamer	INH_medium_spiny	EX_cortical	11	0.23449950767671002	-0.0032638639358006914	0.012425079307190882	107.0
ENSMUSG00000023868.18:B1	J:8975925-9117692	junction	8975925	9117692	2	poly(dT)	INH_medium_spiny	EX_cortical	13	0.08350340810290932	0.6301150882715869	0.07902069874693936	128.0
ENSMUSG00000023868.18:B1	J:9020977-9117692	junction	9020977	9117692	3	poly(dT)	EX_cortical	INH_medium_spiny	12	0.21385953738593158	0.5465279840143724	0.09430148810155951	119.0
ENSMUSG00000023868.18:B1	J:9020977-9117692	junction	9020977	9117692	3	random hexamer	EX_cortical	INH_medium_spiny	6	0.12152276047179082	0.4991085531131298	0.1348419466680878	36.0
ENSMUSG00000023868.18:B1	J:9099311-9117692	junction	9099311	9117692	5	poly(dT)	EX_cortical	INH_medium_spiny	12	0.07220515355675418	0.0	0.0	119.0
ENSMUSG00000023868.18:B1	J:9099311-9117692	junction	9099311	9117692	5	random hexamer	EX_cortical	INH_medium_spiny	6	0.0942483411285454	0.0	0.0	36.0
ENSMUSG00000024044.20:B1	E:69463804-69463839	exon	69463804	69463839	2	random hexamer	INH_migrating_interneuron	INH_midbrain	4	0.0978465183890517	0.04267536355859711	0.04267536355859711	22.17391304347826
ENSMUSG00000024044.20:B1	E:69463839-69463905	exon	69463839	69463905	2,3	random hexamer	INH_migrating_interneuron	INH_midbrain	4	0.08841748709413166	0.0	0.0	22.17391304347826
ENSMUSG00000024044.20:B1	E:69514853-69514864	exon	69514853	69514864	2,3	random hexamer	INH_migrating_interneuron	INH_midbrain	4	0.08841748709413166	-0.0664079822616408	0.0664079822616408	22.17391304347826
ENSMUSG00000024044.20:B4	E:69580876-69580912	exon	69580876	69580912	2	poly(dT)	EX_cortical	INH_migrating_interneuron	4	0.06376659823907374	-0.4682065886386	0.32379470634066726	7.3505291005291005
ENSMUSG00000024044.20:B4	E:69580876-69580912	exon	69580876	69580912	2	random hexamer	INH_migrating_interneuron	INH_midbrain	8	0.0700053848273602	-0.006837042477118638	0.16832875804467307	43.43783068783068
ENSMUSG00000024044.20:B4	E:69581698-69581890	exon	69581698	69581890	2,3,4	random hexamer	INH_migrating_interneuron	ODC	3	0.20300292318871707	-0.004476781960608171	0.30382159949123916	10.228835978835978
ENSMUSG00000024044.20:B4	E:69590879-69591002	exon	69590879	69591002	2,3	random hexamer	INH_migrating_interneuron	INH_midbrain	8	0.06506798908494271	0.03610847434028422	0.10535431029000636	43.43783068783068
ENSMUSG00000024044.20:B4	J:69577659-69581698	junction	69577659	69581698	4	random hexamer	INH_migrating_interneuron	INH_midbrain	3	0.08973513366854104	0.06666666666666667	0.06666666666666668	33.0
ENSMUSG00000024044.20:B4	J:69577659-69591533	junction	69577659	69591533	1	random hexamer	INH_midbrain	INH_migrating_interneuron	7	0.0810294048591014	0.0	0.0	88.0
ENSMUSG00000024044.20:B4	J:69591002-69591533	junction	69591002	69591533	2,3	random hexamer	INH_migrating_interneuron	INH_midbrain	4	0.07348856071104173	0.0	0.0	43.0
ENSMUSG00000024073.17:B1	E:74835289-74835462	exon	74835289	74835462	1	random hexamer	INH_migrating_interneuron	EX_cortical	3	0.05482832253946896	0.0809349450702751	0.09478274513629896	7.86
ENSMUSG00000024073.17:B4	E:74920371-74920389	exon	74920371	74920389	2	random hexamer	EX_cortical	INH_midbrain	4	0.05165582702902409	-0.5669594548216178	0.30400890140489917	6.216131195252091
ENSMUSG00000024073.17:B5	E:74922325-74922352	exon	74922325	74922352	2	poly(dT)	EX_cortical	EX_cerebellum_granule	3	0.13649038571695696	-0.11104405096919286	0.1974261916627166	9.455623592342342
ENSMUSG00000024073.17:B5	J:74922325-74925430	junction	74922325	74925430	1	poly(dT)	INH_midbrain	EX_cortical	5	0.10268654384832607	0.08170498084291188	0.034870242035266515	40.0
ENSMUSG00000024073.17:B5	J:74922352-74925430	junction	74922352	74925430	2	poly(dT)	EX_cortical	INH_midbrain	5	0.1026865438483261	0.08170498084291189	0.03487024203526652	40.0
ENSMUSG00000024109.19:B1	E:90471219-90471309	exon	90471219	90471309	2,3,4,5	poly(dT)	EX_cortical	INH_migrating_interneuron	5	0.0518185179405354	-0.4297051838836589	0.23669092154575405	18.164556962025316
ENSMUSG00000024109.19:B1	E:90471219-90471309	exon	90471219	90471309	2,3,4,5	random hexamer	EX_cortical	ASC	5	0.07033178120916947	0.5306658767755108	0.18867035176511485	10.278481012658228
ENSMUSG00000024109.19:B1	E:90762233-90763300	exon	90762233	90763300	1	poly(dT)	INH_migrating_interneuron	EX_cortical	5	0.05181851794053538	0.14097433942866697	0.07548202761260875	18.164556962025316
ENSMUSG00000024109.19:B1	E:90762233-90763300	exon	90762233	90763300	1	random hexamer	ASC	EX_cortical	5	0.07033178120916957	0.703937231306668	0.0975017123330239	10.278481012658228
ENSMUSG00000024109.19:B1	E:90868168-90868288	exon	90868168	90868288	2,3,4,5	poly(dT)	EX_cortical	INH_migrating_interneuron	5	0.0518185179405354	-0.06321147821351208	0.2677640849950512	18.164556962025316
ENSMUSG00000024109.19:B1	E:90868168-90868288	exon	90868168	90868288	2,3,4,5	random hexamer	EX_cortical	ASC	5	0.07033178120916947	0.08636336336336337	0.07627311908974	10.278481012658228
ENSMUSG00000024109.19:B1	E:90872732-90872906	exon	90872732	90872906	2,3,4,5	poly(dT)	EX_cortical	INH_migrating_interneuron	5	0.0518185179405354	-0.5361901804863607	0.2858347446153683	18.164556962025316
ENSMUSG00000024109.19:B1	E:90872732-90872906	exon	90872732	90872906	2,3,4,5	random hexamer	EX_cortical	ASC	5	0.07033178120916947	-0.1612395153774464	0.21302212004961027	10.278481012658228
ENSMUSG00000024109.19:B1	E:90896098-90896289	exon	90896098	90896289	2,3,4,5	poly(dT)	EX_cortical	INH_migrating_interneuron	5	0.0518185179405354	-0.11955369336570727	0.09894014567985898	18.164556962025316
ENSMUSG00000024109.19:B1	E:90896098-90896289	exon	90896098	90896289	2,3,4,5	random hexamer	EX_cortical	ASC	5	0.07033178120916947	0.09044856374699309	0.09044856374699309	10.278481012658228
ENSMUSG00000024109.19:B1	E:90897275-90897657	exon	90897275	90897657	2,3,4,5	poly(dT)	EX_cortical	INH_migrating_interneuron	5	0.0518185179405354	-0.2161464707268843	0.16377527113598908	18.164556962025316
ENSMUSG00000024109.19:B1	E:90897275-90897657	exon	90897275	90897657	2,3,4,5	random hexamer	EX_cortical	ASC	5	0.07033178120916947	0.13214518183104568	0.1339691130755373	10.278481012658228
ENSMUSG00000024109.19:B1	E:90904934-90905057	exon	90904934	90905057	2,3,4,5	poly(dT)	EX_cortical	INH_migrating_interneuron	5	0.0518185179405354	0.0134497927438619	0.03871062653223738	18.164556962025316
ENSMUSG00000024109.19:B1	E:90904934-90905057	exon	90904934	90905057	2,3,4,5	random hexamer	EX_cortical	ASC	5	0.07033178120916947	0.15700130606717977	0.08443991033200622	10.278481012658228
ENSMUSG00000024109.19:B1	E:90928292-90928319	exon	90928292	90928319	2,3,4,5	poly(dT)	EX_cortical	INH_migrating_interneuron	5	0.0518185179405354	-0.43844430738865725	0.1131444392297521	18.164556962025316
ENSMUSG00000024109.19:B1	E:90928292-90928319	exon	90928292	90928319	2,3,4,5	random hexamer	EX_cortical	ASC	5	0.07033178120916947	0.415230528294532	0.17863905228427704	10.278481012658228
ENSMUSG00000024109.19:B1	E:90930847-90931051	exon	90930847	90931051	2,3,4,5	poly(dT)	EX_cortical	INH_migrating_interneuron	5	0.0518185179405354	0.08624103483110343	0.2773226810554148	18.164556962025316
ENSMUSG00000024109.19:B1	E:90930847-90931051	exon	90930847	90931051	2,3,4,5	random hexamer	EX_cortical	ASC	5	0.07033178120916947	0.01788285216686235	0.08572203786874355	10.278481012658228
ENSMUSG00000024109.19:B1	E:90937312-90937696	exon	90937312	90937696	2,3,4,5	poly(dT)	EX_cortical	INH_migrating_interneuron	5	0.0518185179405354	-0.2651224796393644	0.14125818006470567	18.164556962025316
ENSMUSG00000024109.19:B1	E:90937312-90937696	exon	90937312	90937696	2,3,4,5	random hexamer	EX_cortical	ASC	5	0.07033178120916947	0.1293128892486654	0.20553945792367936	10.278481012658228
ENSMUSG00000024109.19:B1	E:90950418-90950857	exon	90950418	90950857	2,3,4,5	poly(dT)	EX_cortical	INH_migrating_interneuron	5	0.0518185179405354	-0.3798457535094854	0.22199634593660617	18.164556962025316
ENSMUSG00000024109.19:B1	E:90950418-90950857	exon	90950418	90950857	2,3,4,5	random hexamer	EX_cortical	ASC	5	0.07033178120916947	0.1848669462732812	0.17385523375429737	10.278481012658228
ENSMUSG00000024109.19:B1	E:91008171-91008333	exon	91008171	91008333	2,3,4,5	poly(dT)	EX_cortical	INH_migrating_interneuron	5	0.0518185179405354	-0.07961923272250933	0.20827611525831718	18.164556962025316
ENSMUSG00000024109.19:B1	E:91008171-91008333	exon	91008171	91008333	2,3,4,5	random hexamer	EX_cortical	ASC	5	0.07033178120916947	-0.12141108376959195	0.1183674852013193	10.278481012658228
ENSMUSG00000024109.19:B1	E:91009394-91009439	exon	91009394	91009439	3	random hexamer	ASC	EX_cortical	5	0.0665848178979351	-0.14793232707679516	0.14186995061861235	10.278481012658228
ENSMUSG00000024109.19:B1	E:91011493-91011795	exon	91011493	91011795	2,3,4,5	poly(dT)	EX_cortical	INH_migrating_interneuron	5	0.0518185179405354	-0.3184561868563782	0.17068454690799476	18.164556962025316
ENSMUSG00000024109.19:B1	E:91011493-91011795	exon	91011493	91011795	2,3,4,5	random hexamer	EX_cortical	ASC	5	0.07033178120916947	-0.07228340403169008	0.11108339525559732	10.278481012658228
ENSMUSG00000024109.19:B1	E:91298794-91298806	exon	91298794	91298806	2,3,4	random hexamer	EX_cortical	INH_migrating_interneuron	7	0.09855664929045169	-0.2741018413082507	0.20827917208311697	17.974683544303794
ENSMUSG00000024109.19:B1	E:91299542-91299572	exon	91299542	91299572	2,3,4,5	poly(dT)	EX_cortical	INH_migrating_interneuron	5	0.0518185179405354	0.027310404378543505	0.14027685318858737	18.164556962025316
ENSMUSG00000024109.19:B1	E:91299542-91299572	exon	91299542	91299572	2,3,4,5	random hexamer	EX_cortical	ASC	5	0.07033178120916947	-0.25353956512792164	0.1521297813840524	10.278481012658228
ENSMUSG00000024109.19:B1	E:91302888-91302906	exon	91302888	91302906	2,3,4,5	poly(dT)	EX_cortical	INH_migrating_interneuron	5	0.0518185179405354	-0.02438558280199683	0.02893596323483565	18.164556962025316
ENSMUSG00000024109.19:B1	E:91302888-91302906	exon	91302888	91302906	2,3,4,5	random hexamer	EX_cortical	ASC	5	0.07033178120916947	-0.38776309087185645	0.19956780155878884	10.278481012658228
ENSMUSG00000024109.19:B1	E:91395382-91396154	exon	91395382	91396154	2,3,4,5	poly(dT)	EX_cortical	INH_migrating_interneuron	5	0.0518185179405354	-0.0241265831875818	0.0241265831875818	18.164556962025316
ENSMUSG00000024109.19:B1	E:91395382-91396154	exon	91395382	91396154	2,3,4,5	random hexamer	EX_cortical	ASC	5	0.07033178120916947	-0.05403265226317333	0.05403265226317333	10.278481012658228
ENSMUSG00000024109.19:B1	E:91396154-91396335	exon	91396154	91396335	4,5	random hexamer	EX_cortical	ASC	5	0.11807480551633968	-0.05615051515604001	0.056150515156040005	10.278481012658228
ENSMUSG00000024109.19:B1	E:91396335-91397033	exon	91396335	91397033	5	poly(dT)	EX_cortical	INH_migrating_interneuron	5	0.08256899184037256	-0.11520403345256036	0.11520403345256035	18.164556962025316
ENSMUSG00000024109.19:B1	E:91396335-91397033	exon	91396335	91397033	5	random hexamer	EX_cerebellum_granule	EX_cortical	5	0.08294671571178838	0.37235628334207094	0.13177468052095823	24.05063291139241
ENSMUSG00000024109.19:B1	E:91400026-91400161	exon	91400026	91400161	5	poly(dT)	EX_cortical	INH_migrating_interneuron	5	0.08256899184037256	0.0	0.0	18.164556962025316
ENSMUSG00000024109.19:B1	E:91400026-91400161	exon	91400026	91400161	5	random hexamer	EX_cerebellum_granule	EX_cortical	5	0.08294671571178838	0.46750706468920544	0.1919781212273356	24.05063291139241
ENSMUSG00000024109.19:B1	J:90469861-90515750	junction	90469861	90515750	1	random hexamer	ASC	EX_cortical	3	0.06523491500022359	0.6367521367521367	0.14102564102564105	24.0
ENSMUSG00000024109.19:B1	J:90868288-90872732	junction	90868288	90872732	2,3,4,5	random hexamer	EX_cortical	ASC	5	0.1210642515129247	0.3323565323565324	0.07727118550941386	34.0
ENSMUSG00000024109.19:B1	J:90896289-90897275	junction	90896289	90897275	2,3,4,5	poly(dT)	EX_cortical	INH_migrating_interneuron	4	0.05344413743181059	0.0	0.0	26.0
ENSMUSG00000024109.19:B1	J:90896289-90897275	junction	90896289	90897275	2,3,4,5	random hexamer	EX_cortical	ASC	7	0.057623682689043484	0.0	0.0	65.0
ENSMUSG00000024109.19:B1	J:90897657-90904934	junction	90897657	90904934	2,3,4,5	random hexamer	EX_cortical	ASC	7	0.0812938670615981	0.0	0.0	65.0
ENSMUSG00000024109.19:B1	J:90931051-90937312	junction	90931051	90937312	2,3,4,5	random hexamer	EX_cortical	ASC	5	0.08929571842195302	0.0	0.0	44.0
ENSMUSG00000024109.19:B1	J:90937696-90950418	junction	90937696	90950418	2,3,4,5	random hexamer	EX_cortical	ASC	3	0.0960358782067009	0.0	0.0	27.0
ENSMUSG00000024109.19:B1	J:91008333-91011493	junction	91008333	91011493	2,4,5	random hexamer	EX_cortical	ASC	6	0.1425363384955813	0.4375300625300625	0.1297356960357459	53.0
ENSMUSG00000024109.19:B1	J:91011795-91299542	junction	91011795	91299542	5	random hexamer	INH_migrating_interneuron	EX_cortical	3	0.14425768612602277	0.059142702116115	0.031076611126101675	34.0
ENSMUSG00000024109.19:B1	J:91298806-91299542	junction	91298806	91299542	2,3,4	random hexamer	EX_cortical	ASC	4	0.05499971189459113	-0.4417582417582418	0.24715260487277713	30.0
ENSMUSG00000024109.19:B1	J:91299572-91302888	junction	91299572	91302888	2,3,4,5	poly(dT)	EX_cortical	INH_migrating_interneuron	4	0.06993946925122552	0.04534632034632033	0.03480089380287285	25.0
ENSMUSG00000024109.19:B1	J:91299572-91302888	junction	91299572	91302888	2,3,4,5	random hexamer	EX_cortical	ASC	4	0.10737100154510223	-0.05944444444444444	0.03947573094109003	40.0
ENSMUSG00000024109.19:B1	J:91302906-91395382	junction	91302906	91395382	2,3,4,5	poly(dT)	INH_medium_spiny	EX_cortical	3	0.05710626380996028	0.24731481481481477	0.14620018526012893	19.0
ENSMUSG00000024109.19:B1	J:91302906-91395382	junction	91302906	91395382	2,3,4,5	random hexamer	EX_cortical	ASC	6	0.06121861518875573	-0.18897236778815718	0.06555230791615708	59.0
ENSMUSG00000024109.19:B1	J:91397033-91400026	junction	91397033	91400026	5	poly(dT)	INH_medium_spiny	ASC	4	0.15149822365219673	0.05654761904761907	0.03483541640095127	29.0
ENSMUSG00000024109.19:B1	J:91397033-91400026	junction	91397033	91400026	5	random hexamer	EX_cortical	INH_midbrain	7	0.08119550546578426	0.05642036534893678	0.03781065759614413	55.0
ENSMUSG00000024109.19:B2	E:90366903-90366912	exon	90366903	90366912	2	poly(dT)	EX_cerebellum_granule	INH_medium_spiny	7	0.09366548463935308	0.042449564557709096	0.057367444449603885	47.81376355776449
ENSMUSG00000024109.19:B2	E:90366903-90366912	exon	90366903	90366912	2	random hexamer	EX_cerebellum_granule	INH_migrating_interneuron	6	0.12357448765264141	0.22103041068887305	0.22849094274483134	12.789482539929072
ENSMUSG00000024130.17:B1	E:24570996-24571019	exon	24570996	24571019	2	random hexamer	EX_cortical	INH_midbrain	4	0.05382789138361445	-0.45270495999244875	0.48521867333155383	17.438095238095237
ENSMUSG00000024130.17:B1	E:24576892-24576965	exon	24576892	24576965	2	random hexamer	EX_cortical	INH_midbrain	4	0.05382789138361445	0.1841160013954125	0.26291544969429687	17.438095238095237
ENSMUSG00000024163.18:B1	E:25155868-25155886	exon	25155868	25155886	2,3,4	poly(dT)	INH_migrating_interneuron	EX_cortical	11	0.08743393704016988	-0.09491038475220037	0.09289359640387061	52.729050279329606
ENSMUSG00000024163.18:B1	E:25155868-25155886	exon	25155868	25155886	2,3,4	random hexamer	ASC	EX_cortical	8	0.13214146898470125	0.08512311064221659	0.12348532731396487	30.368715083798886
ENSMUSG00000024163.18:B1	E:25155886-25155942	exon	25155886	25155942	3,4	poly(dT)	INH_midbrain	EX_cortical	11	0.21888117356563755	-0.01253206540891688	0.022381589782127016	43.701117318435756
ENSMUSG00000024163.18:B1	E:25155886-25155942	exon	25155886	25155942	3,4	random hexamer	INH_midbrain	EX_cortical	14	0.2377887034346428	0.02635442346359781	0.12236492718176673	51.77932960893855
ENSMUSG00000024163.18:B1	E:25155942-25155951	exon	25155942	25155951	4	poly(dT)	INH_migrating_interneuron	INH_midbrain	6	0.06273183827721522	0.0025381430435029166	0.002538143043502917	27.91899441340782
ENSMUSG00000024163.18:B1	E:25155942-25155951	exon	25155942	25155951	4	random hexamer	INH_medium_spiny	INH_midbrain	6	0.06049397077752367	0.0488082351973728	0.1390011983681771	19.494413407821227
ENSMUSG00000024163.18:B2	E:25139445-25139469	exon	25139445	25139469	2	random hexamer	ASC	INH_midbrain	4	0.34451479950154873	-0.1200383828054569	0.22775290580829802	18.78149955634428
ENSMUSG00000024163.18:B2	J:25137113-25139445	junction	25137113	25139445	2	random hexamer	EX_cortical	INH_midbrain	9	0.23817877772452598	0.2762417190483766	0.08587657326977777	80.0
ENSMUSG00000024163.18:B2	J:25137113-25142789	junction	25137113	25142789	1	random hexamer	INH_midbrain	EX_cortical	10	0.28492061625576304	0.3281818039162473	0.07594873355381687	132.0
ENSMUSG00000024163.18:B2	J:25139469-25142789	junction	25139469	25142789	2	random hexamer	EX_cortical	INH_midbrain	9	0.23817877772452598	0.32836706710119756	0.07338791745865612	96.0
ENSMUSG00000024163.18:B3	E:25136968-25137061	exon	25136968	25137061	2	random hexamer	INH_midbrain	ASC	5	0.2711182005743928	0.23246715473469842	0.14047815585537507	26.092993472692722
ENSMUSG00000024163.18:B3	J:25133679-25136968	junction	25133679	25136968	2	random hexamer	INH_midbrain	EX_cerebellum_granule	6	0.29514846921253274	0.40883906337535375	0.08226853060615308	68.0
ENSMUSG00000024163.18:B3	J:25133679-25137061	junction	25133679	25137061	1	random hexamer	ASC	INH_midbrain	4	0.32046924878186067	0.43120490620490626	0.11615382391653647	40.0
ENSMUSG00000024163.18:B4	E:25127384-25127402	exon	25127384	25127402	2,3	poly(dT)	ASC	EX_cortical	7	0.180088172941091	0.32191120564392073	0.16384873269043507	27.808243987250073
ENSMUSG00000024163.18:B4	E:25127384-25127402	exon	25127384	25127402	2,3	random hexamer	ASC	EX_cortical	6	0.09672099361992255	0.17035666538384073	0.14955119307962875	24.373152709359605
ENSMUSG00000024163.18:B4	E:25128123-25128135	exon	25128123	25128135	1,2	poly(dT)	INH_medium_spiny	ASC	4	0.07615353756981144	-0.044421913370153665	0.07695350657174929	14.728412054476962
ENSMUSG00000024163.18:B4	E:25128123-25128135	exon	25128123	25128135	1,2	random hexamer	INH_medium_spiny	EX_cortical	6	0.07009408340444084	0.14776520474876242	0.1702847989237161	22.1130831643002
ENSMUSG00000024163.18:B4	E:25131709-25131721	exon	25131709	25131721	3	poly(dT)	ASC	INH_medium_spiny	4	0.07615353756981152	-0.003903510557915825	0.003903510557915825	14.728412054476962
ENSMUSG00000024163.18:B4	E:25131709-25131721	exon	25131709	25131721	3	random hexamer	EX_cortical	INH_medium_spiny	6	0.07009408340444077	-0.011370244620055583	0.011370244620055583	22.1130831643002
ENSMUSG00000024163.18:B4	J:25126360-25127384	junction	25126360	25127384	2,3	poly(dT)	ASC	EX_cortical	3	0.18508106440086847	0.31428571428571433	0.20698315317718147	18.0
ENSMUSG00000024163.18:B4	J:25126360-25128123	junction	25126360	25128123	1	poly(dT)	EX_cortical	ASC	4	0.14834574326464067	0.2422619047619048	0.10844175195767211	32.0
ENSMUSG00000024163.18:B4	J:25126360-25128123	junction	25126360	25128123	1	random hexamer	EX_cortical	INH_migrating_interneuron	4	0.0626889292924714	-0.014705882352941175	0.014705882352941175	29.0
ENSMUSG00000024163.18:B4	J:25127402-25128123	junction	25127402	25128123	2	poly(dT)	INH_medium_spiny	EX_cortical	4	0.17834113067842788	-0.04604468599033815	0.05940648804056997	25.0
ENSMUSG00000024163.18:B4	J:25127402-25131709	junction	25127402	25131709	3	poly(dT)	EX_cortical	INH_medium_spiny	4	0.13353064049418067	0.0	0.0	24.0
ENSMUSG00000024163.18:B4	J:25128135-25131721	junction	25128135	25131721	1,2	poly(dT)	INH_medium_spiny	EX_cortical	4	0.13353064049418065	0.0	0.0	24.0
ENSMUSG00000024163.18:B5	E:25125120-25125147	exon	25125120	25125147	2	poly(dT)	INH_migrating_interneuron	INH_midbrain	3	0.15049770409453692	0.39562508994359896	0.3086834053130173	6.648369188063844
ENSMUSG00000024163.18:B5	E:25125120-25125147	exon	25125120	25125147	2	random hexamer	ASC	EX_cortical	12	0.23225171629119715	0.1284760361273256	0.124309896583803	51.24073560027759
ENSMUSG00000024163.18:B5	J:25124272-25125120	junction	25124272	25125120	2	random hexamer	ASC	EX_cortical	4	0.22640536070130754	0.08844696969696972	0.1384241680016915	26.0
ENSMUSG00000024163.18:B5	J:25124272-25125147	junction	25124272	25125147	1	random hexamer	EX_cortical	ASC	4	0.22640536070130748	0.08844696969696969	0.1384241680016915	26.0
ENSMUSG00000024163.18:B6	E:25116479-25116506	exon	25116479	25116506	1	random hexamer	EX_cortical	ASC	8	0.07892909592743813	-0.017058165548098424	0.017058165548098424	28.368852459016395
ENSMUSG00000024220.15:B1	E:28396102-28396391	exon	28396102	28396391	1	random hexamer	EX_cortical	INH_migrating_interneuron	3	0.08187169147236985	0.0025264080044010893	0.3355788266139463	8.532051282051283
ENSMUSG00000024220.15:B1	E:28396391-28396499	exon	28396391	28396499	1,2	random hexamer	INH_midbrain	EX_cortical	5	0.12508216528665933	0.2883398609667469	0.17782955378469675	18.615384615384613
ENSMUSG00000024220.15:B1	E:28398530-28398667	exon	28398530	28398667	2	random hexamer	INH_migrating_interneuron	EX_cortical	3	0.13709028920348013	-0.07737575304035921	0.04289883455268083	8.532051282051283
ENSMUSG00000024220.15:B1	E:28405160-28405184	exon	28405160	28405184	3	random hexamer	EX_cortical	INH_midbrain	5	0.12508216528665936	0.0	0.0	18.615384615384613
ENSMUSG00000024220.15:B3	E:28424858-28424860	exon	28424858	28424860	2	random hexamer	EX_cortical	INH_midbrain	3	0.051130420186344804	-0.3333333333333333	0.33333333333333337	4.54780361757106
ENSMUSG00000024242.16:B3	E:80900712-80900714	exon	80900712	80900714	2	poly(dT)	EX_cortical	INH_migrating_interneuron	3	0.08771534312641328	-0.36634290102796224	0.18336836497687012	3.6297607010448267
ENSMUSG00000024242.16:B3	E:80900712-80900714	exon	80900712	80900714	2	random hexamer	EX_cortical	INH_midbrain	3	0.1945591632511446	-0.16663858466722833	0.16663858466722833	4.1976744186046515
ENSMUSG00000024242.16:B3	E:80904977-80904981	exon	80904977	80904981	2	poly(dT)	EX_cortical	INH_migrating_interneuron	3	0.08771534312641328	-0.3333333333333333	0.33333333333333337	3.6297607010448267
ENSMUSG00000024242.16:B3	E:80904977-80904981	exon	80904977	80904981	2	random hexamer	EX_cortical	INH_midbrain	3	0.1945591632511446	-0.0682428313897427	0.5085721319304262	4.1976744186046515
ENSMUSG00000024260.15:B1	E:31767423-31767435	exon	31767423	31767435	2	random hexamer	INH_medium_spiny	EX_cortical	3	0.18492121144443388	-0.053645061612226895	0.07198621455698123	10.05607476635514
ENSMUSG00000024268.17:B1	E:25886807-25887040	exon	25886807	25887040	2	poly(dT)	INH_midbrain	INH_medium_spiny	4	0.11701093479757375	0.0	0.0	6.177285318559557
ENSMUSG00000024268.17:B1	E:25886807-25887040	exon	25886807	25887040	2	random hexamer	INH_midbrain	INH_medium_spiny	10	0.0886369069026122	0.14700383667076714	0.1281630661016863	67.41828254847645
ENSMUSG00000024393.15:B1	E:35381945-35382022	exon	35381945	35382022	2	poly(dT)	INH_migrating_interneuron	EX_cortical	7	0.15769633819220566	-0.059071168469216236	0.11630279038398594	17.959183673469386
ENSMUSG00000024393.15:B1	E:35381945-35382022	exon	35381945	35382022	2	random hexamer	EX_cerebellum_granule	EX_cortical	13	0.11737054935605684	0.04145720365093302	0.08467736053222515	322.86734693877554
ENSMUSG00000024393.15:B1	E:35383710-35383873	exon	35383710	35383873	2	poly(dT)	INH_migrating_interneuron	EX_cortical	7	0.15769633819220566	-0.0006036235362131746	0.06657393637798338	17.959183673469386
ENSMUSG00000024393.15:B1	E:35383710-35383873	exon	35383710	35383873	2	random hexamer	EX_cerebellum_granule	EX_cortical	13	0.11737054935605684	-0.008714976203348627	0.1309916661285213	322.86734693877554
ENSMUSG00000024393.15:B1	J:35382022-35383710	junction	35382022	35383710	2	random hexamer	ASC	EX_cortical	4	0.11745903310882824	-0.0062500000000000056	0.0062500000000000056	35.0
ENSMUSG00000024498.17:B1	E:42644551-42644565	exon	42644551	42644565	2	random hexamer	EX_cortical	INH_medium_spiny	4	0.12409703865156037	0.011825303544607903	0.07265714027139124	20.188235294117646
ENSMUSG00000024743.17:B1	E:10366794-10366846	exon	10366794	10366846	2,3	random hexamer	EX_cerebellum_granule	EX_cortical	4	0.26691034754841225	0.11044693568029348	0.13813078680548607	17.35483870967742
ENSMUSG00000024743.17:B2	E:10399120-10399252	exon	10399120	10399252	2,3,4	poly(dT)	INH_migrating_interneuron	EX_cortical	3	0.07515216113380048	-0.4318979690084844	0.17548003190705777	6.746691176470588
ENSMUSG00000024743.17:B2	E:10399120-10399252	exon	10399120	10399252	2,3,4	random hexamer	INH_migrating_interneuron	EX_cerebellum_granule	4	0.051606769800371405	-0.21459629397366556	0.22914879842336075	9.948161764705883
ENSMUSG00000024743.17:B2	E:10400148-10400376	exon	10400148	10400376	3	random hexamer	EX_thalamus	INH_midbrain	3	0.055176332375912664	0.14342953943814832	0.14342953943814835	9.487867647058824
ENSMUSG00000024743.17:B2	E:10403662-10404031	exon	10403662	10404031	3,4,5	poly(dT)	EX_cerebellum_granule	EX_cortical	3	0.26494071799910307	-0.24919211609270095	0.34459767508162936	3.291544117647059
ENSMUSG00000024743.17:B2	E:10403662-10404031	exon	10403662	10404031	3,4,5	random hexamer	INH_midbrain	EX_cortical	10	0.17487923110621925	0.03753466080040179	0.11711029506251254	42.80404411764705
ENSMUSG00000024743.17:B2	E:10407701-10407824	exon	10407701	10407824	3,4,5	poly(dT)	EX_cerebellum_granule	EX_cortical	3	0.26494071799910307	-0.27118337850045166	0.36836175101087915	3.291544117647059
ENSMUSG00000024743.17:B2	E:10407701-10407824	exon	10407701	10407824	3,4,5	random hexamer	INH_midbrain	EX_cortical	10	0.17487923110621925	-0.0036286778254147724	0.11461531248297807	42.80404411764705
ENSMUSG00000024743.17:B2	J:10399252-10403662	junction	10399252	10403662	4	random hexamer	INH_medium_spiny	EX_cortical	3	0.2152709201220271	0.08996987418040049	0.1606263389930484	34.0
ENSMUSG00000024743.17:B2	J:10399252-10412913	junction	10399252	10412913	2	random hexamer	EX_cortical	INH_medium_spiny	4	0.17941800843484026	0.0	0.0	35.0
ENSMUSG00000024743.17:B2	J:10400376-10403662	junction	10400376	10403662	3	random hexamer	EX_cortical	EX_cerebellum_granule	3	0.05396717027252921	-0.21170124800492282	0.01558032197321505	43.0
ENSMUSG00000024743.17:B3	E:10425808-10430544	exon	10425808	10430544	2	random hexamer	EX_cerebellum_granule	EX_cortical	6	0.1205398505868175	-0.026238707340862182	0.05560976381568041	35.733333333333334
ENSMUSG00000024758.16:B1	E:7460637-7460646	exon	7460637	7460646	2	poly(dT)	EX_cortical	INH_medium_spiny	3	0.09360043875652142	0.0	0.0	5.818181818181818
ENSMUSG00000024758.16:B1	E:7460637-7460646	exon	7460637	7460646	2	random hexamer	INH_medium_spiny	EX_cerebellum_granule	3	0.30779194940469196	-0.008005031220520209	0.16172369229949393	7.378787878787879
ENSMUSG00000024921.18:B1	E:26582451-26582633	exon	26582451	26582633	1	poly(dT)	INH_medium_spiny	EX_cortical	8	0.08504522906567474	0.0012044731258840126	0.0012044731258840126	60.62385321100918
ENSMUSG00000024921.18:B1	E:26582451-26582633	exon	26582451	26582633	1	random hexamer	INH_medium_spiny	INH_midbrain	3	0.11548278531990323	0.3432417241748933	0.17269420497435609	12.995412844036696
ENSMUSG00000024921.18:B1	E:26597083-26597344	exon	26597083	26597344	1	poly(dT)	INH_medium_spiny	EX_cortical	8	0.08504522906567474	0.009503269343722325	0.004935488588636722	60.62385321100918
ENSMUSG00000024921.18:B1	E:26597083-26597344	exon	26597083	26597344	1	random hexamer	INH_medium_spiny	INH_midbrain	3	0.11548278531990323	0.20920765866737503	0.31341410179525286	12.995412844036696
ENSMUSG00000024921.18:B1	E:26601280-26601410	exon	26601280	26601410	1	poly(dT)	INH_medium_spiny	EX_cortical	8	0.08504522906567474	0.0025608973940522747	0.0012516333139835467	60.62385321100918
ENSMUSG00000024921.18:B1	E:26601280-26601410	exon	26601280	26601410	1	random hexamer	INH_medium_spiny	INH_midbrain	3	0.11548278531990323	0.0896456352636128	0.0896456352636128	12.995412844036696
ENSMUSG00000024921.18:B1	E:26608069-26608531	exon	26608069	26608531	1	poly(dT)	INH_medium_spiny	EX_cortical	8	0.08504522906567474	0.016805959031318336	0.013667581415646219	60.62385321100918
ENSMUSG00000024921.18:B1	E:26608069-26608531	exon	26608069	26608531	1	random hexamer	INH_medium_spiny	INH_midbrain	3	0.11548278531990323	0.15270799604908158	0.07650891438003536	12.995412844036696
ENSMUSG00000024921.18:B1	E:26617787-26618049	exon	26617787	26618049	1	poly(dT)	INH_medium_spiny	EX_cortical	8	0.08504522906567474	0.023131315746463526	0.014388463847842748	60.62385321100918
ENSMUSG00000024921.18:B1	E:26617787-26618049	exon	26617787	26618049	1	random hexamer	INH_medium_spiny	INH_midbrain	3	0.11548278531990323	0.11246083813593251	0.3996735995335675	12.995412844036696
ENSMUSG00000024921.18:B1	E:26624420-26624547	exon	26624420	26624547	1	poly(dT)	INH_medium_spiny	EX_cortical	8	0.08504522906567474	-0.008316168789919864	0.024467574675242836	60.62385321100918
ENSMUSG00000024921.18:B1	E:26624420-26624547	exon	26624420	26624547	1	random hexamer	INH_medium_spiny	INH_midbrain	3	0.11548278531990323	-0.2714667175068964	0.2834614125091806	12.995412844036696
ENSMUSG00000024921.18:B1	E:26626383-26626557	exon	26626383	26626557	1	poly(dT)	INH_medium_spiny	EX_cortical	8	0.08504522906567474	0.1966763590510459	0.1407831170719499	60.62385321100918
ENSMUSG00000024921.18:B1	E:26626383-26626557	exon	26626383	26626557	1	random hexamer	INH_medium_spiny	INH_midbrain	3	0.11548278531990323	-0.025422008672140433	0.44286111062391986	12.995412844036696
ENSMUSG00000024921.18:B1	E:26628948-26629122	exon	26628948	26629122	1	poly(dT)	INH_medium_spiny	EX_cortical	8	0.08504522906567474	0.022685828098077343	0.07464869837702082	60.62385321100918
ENSMUSG00000024921.18:B1	E:26628948-26629122	exon	26628948	26629122	1	random hexamer	INH_medium_spiny	INH_midbrain	3	0.11548278531990323	-0.07663191446752332	0.15310732524652046	12.995412844036696
ENSMUSG00000024921.18:B1	E:26631740-26631911	exon	26631740	26631911	1	poly(dT)	INH_medium_spiny	EX_cortical	8	0.08504522906567474	0.11436921257893423	0.09173097356958233	60.62385321100918
ENSMUSG00000024921.18:B1	E:26631740-26631911	exon	26631740	26631911	1	random hexamer	INH_medium_spiny	INH_midbrain	3	0.11548278531990323	0.49165522586526933	0.1445151173465007	12.995412844036696
ENSMUSG00000024921.18:B1	E:26641450-26641504	exon	26641450	26641504	1	poly(dT)	INH_medium_spiny	EX_cortical	8	0.08504522906567474	0.0954433640504103	0.13627142844250165	60.62385321100918
ENSMUSG00000024921.18:B1	E:26641450-26641504	exon	26641450	26641504	1	random hexamer	INH_medium_spiny	INH_midbrain	3	0.11548278531990323	-0.10414353332047677	0.32086752917089995	12.995412844036696
ENSMUSG00000024921.18:B1	E:26646152-26646283	exon	26646152	26646283	1	poly(dT)	INH_medium_spiny	EX_cortical	8	0.08504522906567474	-0.12272631932667569	0.18775850727233426	60.62385321100918
ENSMUSG00000024921.18:B1	E:26646152-26646283	exon	26646152	26646283	1	random hexamer	INH_medium_spiny	INH_midbrain	3	0.11548278531990323	-0.020360555404591845	0.2587091140372202	12.995412844036696
ENSMUSG00000024921.18:B1	E:26646513-26646571	exon	26646513	26646571	1	poly(dT)	INH_medium_spiny	EX_cortical	8	0.08504522906567474	0.00048807592720917503	0.13150840653662996	60.62385321100918
ENSMUSG00000024921.18:B1	E:26646513-26646571	exon	26646513	26646571	1	random hexamer	INH_medium_spiny	INH_midbrain	3	0.11548278531990323	0.21442893642434593	0.11116812729208582	12.995412844036696
ENSMUSG00000024921.18:B1	E:26648483-26648584	exon	26648483	26648584	1	poly(dT)	INH_medium_spiny	EX_cortical	8	0.08504522906567474	-0.11022884693710083	0.08910343975146388	60.62385321100918
ENSMUSG00000024921.18:B1	E:26648483-26648584	exon	26648483	26648584	1	random hexamer	INH_medium_spiny	INH_midbrain	3	0.11548278531990323	0.04632212954381034	0.1987482967132426	12.995412844036696
ENSMUSG00000024921.18:B1	E:26650098-26650246	exon	26650098	26650246	1	poly(dT)	INH_medium_spiny	EX_cortical	8	0.08504522906567474	-0.040437375558246856	0.044362640326897115	60.62385321100918
ENSMUSG00000024921.18:B1	E:26650098-26650246	exon	26650098	26650246	1	random hexamer	INH_medium_spiny	INH_midbrain	3	0.11548278531990323	0.14698222026353502	0.13490652079005322	12.995412844036696
ENSMUSG00000024921.18:B1	E:26654033-26654197	exon	26654033	26654197	1	poly(dT)	INH_medium_spiny	EX_cortical	8	0.08504522906567474	0.09404717939104196	0.16049014804923176	60.62385321100918
ENSMUSG00000024921.18:B1	E:26654033-26654197	exon	26654033	26654197	1	random hexamer	INH_medium_spiny	INH_midbrain	3	0.11548278531990323	0.2934003580061539	0.578076330532219	12.995412844036696
ENSMUSG00000024921.18:B1	E:26655715-26655782	exon	26655715	26655782	1	poly(dT)	INH_medium_spiny	EX_cortical	8	0.08504522906567474	0.20461084681923716	0.13493983060434966	60.62385321100918
ENSMUSG00000024921.18:B1	E:26655715-26655782	exon	26655715	26655782	1	random hexamer	INH_medium_spiny	INH_midbrain	3	0.11548278531990323	0.03489830459546186	0.30974359701614074	12.995412844036696
ENSMUSG00000024921.18:B1	E:26656473-26656584	exon	26656473	26656584	1	poly(dT)	INH_medium_spiny	EX_cortical	8	0.08504522906567474	-0.05479222030989911	0.07178792384447111	60.62385321100918
ENSMUSG00000024921.18:B1	E:26656473-26656584	exon	26656473	26656584	1	random hexamer	INH_medium_spiny	INH_midbrain	3	0.11548278531990323	-0.14631953400322606	0.23613359125023978	12.995412844036696
ENSMUSG00000024921.18:B1	E:26659270-26659513	exon	26659270	26659513	1	poly(dT)	INH_medium_spiny	EX_cortical	8	0.08504522906567474	-0.0247919079517769	0.052164260981555445	60.62385321100918
ENSMUSG00000024921.18:B1	E:26659270-26659513	exon	26659270	26659513	1	random hexamer	INH_medium_spiny	INH_midbrain	3	0.11548278531990323	-0.0876685880696594	0.16697733888707747	12.995412844036696
ENSMUSG00000024921.18:B1	E:26661208-26661322	exon	26661208	26661322	1	poly(dT)	INH_medium_spiny	EX_cortical	8	0.08504522906567474	-0.1610430039358573	0.12693041234971644	60.62385321100918
ENSMUSG00000024921.18:B1	E:26661208-26661322	exon	26661208	26661322	1	random hexamer	INH_medium_spiny	INH_midbrain	3	0.11548278531990323	-0.501855091710531	0.23940827464859424	12.995412844036696
ENSMUSG00000024921.18:B1	E:26668744-26668852	exon	26668744	26668852	1	poly(dT)	INH_medium_spiny	EX_cortical	8	0.08504522906567474	-0.14110838278486376	0.07365606398932022	60.62385321100918
ENSMUSG00000024921.18:B1	E:26668744-26668852	exon	26668744	26668852	1	random hexamer	INH_medium_spiny	INH_midbrain	3	0.11548278531990323	-0.07920432284317179	0.14927583798841956	12.995412844036696
ENSMUSG00000024921.18:B1	E:26669580-26669667	exon	26669580	26669667	1	poly(dT)	INH_medium_spiny	EX_cortical	8	0.08504522906567474	-0.014676055985765523	0.031974713787006434	60.62385321100918
ENSMUSG00000024921.18:B1	E:26669580-26669667	exon	26669580	26669667	1	random hexamer	INH_medium_spiny	INH_midbrain	3	0.11548278531990323	-0.2668039307476304	0.24626857103160835	12.995412844036696
ENSMUSG00000024921.18:B1	E:26673575-26673622	exon	26673575	26673622	1	poly(dT)	INH_medium_spiny	EX_cortical	8	0.08504522906567474	-0.01725716473965013	0.05889623030757697	60.62385321100918
ENSMUSG00000024921.18:B1	E:26673575-26673622	exon	26673575	26673622	1	random hexamer	INH_medium_spiny	INH_midbrain	3	0.11548278531990323	-0.09008825993599363	0.14416324727677202	12.995412844036696
ENSMUSG00000024921.18:B1	E:26675745-26675912	exon	26675745	26675912	1	poly(dT)	INH_medium_spiny	EX_cortical	8	0.08504522906567474	0.021159220956136433	0.053110656070052276	60.62385321100918
ENSMUSG00000024921.18:B1	E:26675745-26675912	exon	26675745	26675912	1	random hexamer	INH_medium_spiny	INH_midbrain	3	0.11548278531990323	0.1470315662328572	0.13650757134576805	12.995412844036696
ENSMUSG00000024921.18:B1	E:26683467-26683631	exon	26683467	26683631	1	poly(dT)	INH_medium_spiny	EX_cortical	8	0.08504522906567474	-0.02497059887005002	0.04720913864145983	60.62385321100918
ENSMUSG00000024921.18:B1	E:26683467-26683631	exon	26683467	26683631	1	random hexamer	INH_medium_spiny	INH_midbrain	3	0.11548278531990323	0.0866459758290598	0.21878014992933267	12.995412844036696
ENSMUSG00000024921.18:B1	E:26687857-26688085	exon	26687857	26688085	1	poly(dT)	INH_medium_spiny	EX_cortical	8	0.08504522906567474	-0.029294628779454324	0.07023450637554703	60.62385321100918
ENSMUSG00000024921.18:B1	E:26687857-26688085	exon	26687857	26688085	1	random hexamer	INH_medium_spiny	INH_midbrain	3	0.11548278531990323	0.38125755700517	0.21731474053933653	12.995412844036696
ENSMUSG00000024921.18:B1	E:26693514-26693592	exon	26693514	26693592	1	poly(dT)	INH_medium_spiny	EX_cortical	8	0.08504522906567474	0.059472189476505094	0.10843952629673877	60.62385321100918
ENSMUSG00000024921.18:B1	E:26693514-26693592	exon	26693514	26693592	1	random hexamer	INH_medium_spiny	INH_midbrain	3	0.11548278531990323	0.033173302610283506	0.033173302610283506	12.995412844036696
ENSMUSG00000024921.18:B1	E:26698128-26698347	exon	26698128	26698347	1	poly(dT)	INH_medium_spiny	EX_cortical	8	0.08504522906567474	0.11617464770960555	0.08048157610518084	60.62385321100918
ENSMUSG00000024921.18:B1	E:26698128-26698347	exon	26698128	26698347	1	random hexamer	INH_medium_spiny	INH_midbrain	3	0.11548278531990323	-0.2931964862071103	0.29319648620711036	12.995412844036696
ENSMUSG00000024921.18:B1	E:26725650-26725698	exon	26725650	26725698	2	random hexamer	INH_migrating_interneuron	ASC	7	0.07676846067334218	0.0	0.0	16.21100917431193
ENSMUSG00000024921.18:B1	E:26727717-26728108	exon	26727717	26728108	5	poly(dT)	ASC	INH_medium_spiny	4	0.08426497755341905	0.017201936402677323	0.03185070147600407	26.76605504587156
ENSMUSG00000024921.18:B1	E:26727717-26728108	exon	26727717	26728108	5	random hexamer	ASC	EX_cerebellum_granule	6	0.10233313753779118	-0.01260163867149817	0.03481063927938941	20.995412844036696
ENSMUSG00000024921.18:B1	J:26597344-26601280	junction	26597344	26601280	1	random hexamer	EX_cortical	INH_migrating_interneuron	3	0.0625689349357595	0.006172839506172793	0.006172839506172793	21.0
ENSMUSG00000024921.18:B1	J:26601410-26608069	junction	26601410	26608069	1	random hexamer	EX_cortical	ASC	3	0.09729415790363738	0.004694835680751204	0.004694835680751205	38.0
ENSMUSG00000024921.18:B1	J:26608531-26617787	junction	26608531	26617787	1	random hexamer	EX_cortical	INH_midbrain	3	0.06300172807780006	-0.11309523809523814	0.13135759815901135	19.0
ENSMUSG00000024921.18:B1	J:26629122-26631740	junction	26629122	26631740	1	poly(dT)	INH_midbrain	INH_migrating_interneuron	4	0.06918771914124439	0.0	0.0	30.0
ENSMUSG00000024921.18:B1	J:26629122-26631740	junction	26629122	26631740	1	random hexamer	INH_migrating_interneuron	EX_cortical	3	0.05116464688420064	0.0	0.0	21.0
ENSMUSG00000024921.18:B1	J:26641504-26646152	junction	26641504	26646152	1	poly(dT)	EX_cerebellum_granule	EX_cortical	4	0.08313030361603344	0.0	0.0	29.0
ENSMUSG00000024921.18:B1	J:26641504-26646152	junction	26641504	26646152	1	random hexamer	ASC	INH_migrating_interneuron	3	0.06469126939993579	0.0	0.0	29.0
ENSMUSG00000024921.18:B1	J:26646283-26646513	junction	26646283	26646513	1	random hexamer	EX_cerebellum_granule	EX_cortical	3	0.08068615097630905	0.0	0.0	28.0
ENSMUSG00000024921.18:B1	J:26646571-26648483	junction	26646571	26648483	1	random hexamer	EX_cerebellum_granule	EX_cortical	5	0.07552965979655801	0.0	0.0	56.0
ENSMUSG00000024921.18:B1	J:26648584-26650098	junction	26648584	26650098	1	random hexamer	ASC	EX_cortical	3	0.06465019599295045	0.0	0.0	33.0
ENSMUSG00000024921.18:B1	J:26693592-26698128	junction	26693592	26698128	1	poly(dT)	EX_cerebellum_granule	EX_cortical	3	0.11059292330695347	0.0	0.0	17.0
ENSMUSG00000024921.18:B1	J:26698347-26729223	junction	26698347	26729223	1	poly(dT)	INH_medium_spiny	ASC	4	0.07972396045317995	-0.06204693998811642	0.02633291010328951	86.0
ENSMUSG00000024921.18:B1	J:26698347-26729223	junction	26698347	26729223	1	random hexamer	INH_migrating_interneuron	INH_midbrain	3	0.06959784666541828	-0.16666666666666666	0.16666666666666669	28.0
ENSMUSG00000024921.18:B1	J:26725698-26729223	junction	26725698	26729223	2	random hexamer	EX_cortical	INH_migrating_interneuron	3	0.06605393376078357	-0.0185185185185185	0.018518518518518497	34.0
ENSMUSG00000024921.18:B1	J:26728108-26729223	junction	26728108	26729223	5	poly(dT)	ASC	INH_medium_spiny	4	0.08426497755341905	0.0	0.0	86.0
ENSMUSG00000024921.18:B2	E:26737277-26737331	exon	26737277	26737331	2	random hexamer	INH_migrating_interneuron	ASC	3	0.052765213483544265	0.041466737328393045	0.16462619546300913	5.128959667647568
ENSMUSG00000024921.18:B3	E:26754781-26754792	exon	26754781	26754792	2,3,4	poly(dT)	EX_cerebellum_granule	INH_midbrain	5	0.09190075549544019	-0.01568627450980391	0.01568627450980391	27.97872340425532
ENSMUSG00000024921.18:B3	E:26754781-26754792	exon	26754781	26754792	2,3,4	random hexamer	EX_cerebellum_granule	ASC	9	0.05520475727518067	0.04510447093095071	0.04137919397146531	41.76595744680851
ENSMUSG00000024921.18:B3	E:26754792-26754876	exon	26754792	26754876	3,4	poly(dT)	EX_cerebellum_granule	INH_midbrain	5	0.09256677764795822	0.0533403542921058	0.05587510931113569	27.97872340425532
ENSMUSG00000024921.18:B3	E:26754792-26754876	exon	26754792	26754876	3,4	random hexamer	EX_cerebellum_granule	ASC	9	0.053917779108786035	-0.002370871835090771	0.0393944356410328	41.76595744680851
ENSMUSG00000024921.18:B3	E:26754876-26755721	exon	26754876	26755721	4	poly(dT)	EX_cerebellum_granule	INH_midbrain	5	0.07610833362954798	0.08811056462337716	0.12745241956456452	27.97872340425532
ENSMUSG00000024969.16:B1	E:7318662-7318824	exon	7318662	7318824	2	random hexamer	INH_midbrain	INH_medium_spiny	3	0.1202131039744807	0.0	0.0	11.0
ENSMUSG00000024969.16:B1	E:7318953-7319184	exon	7318953	7319184	2	random hexamer	INH_midbrain	INH_medium_spiny	3	0.1202131039744807	-0.1969343251103214	0.28044119812927293	11.0
ENSMUSG00000025261.19:B1	E:150586322-150586565	exon	150586322	150586565	2	poly(dT)	ASC	EX_thalamus	4	0.12508348963093285	0.4504928079667746	0.19552589544085308	9.266666666666666
ENSMUSG00000025261.19:B1	E:150586322-150586565	exon	150586322	150586565	2	random hexamer	EX_cortical	ODC	3	0.08329880309560532	-0.332086295049258	0.33395859869693156	6.066666666666666
ENSMUSG00000025261.19:B1	E:150589715-150589856	exon	150589715	150589856	2	poly(dT)	ASC	EX_thalamus	4	0.12508348963093285	0.20862574728008615	0.16543545411199492	9.266666666666666
ENSMUSG00000025261.19:B1	E:150589715-150589856	exon	150589715	150589856	2	random hexamer	EX_cortical	ODC	3	0.08329880309560532	-0.14989917960661137	0.41258457094765544	6.066666666666666
ENSMUSG00000025261.19:B1	E:150618219-150618243	exon	150618219	150618243	2	poly(dT)	ASC	EX_thalamus	4	0.12508348963093285	-0.07954545454545453	0.07954545454545454	9.266666666666666
ENSMUSG00000025261.19:B1	E:150618219-150618243	exon	150618219	150618243	2	random hexamer	EX_cortical	ODC	3	0.08329880309560532	0.26920008352573144	0.1852481992882356	6.066666666666666
ENSMUSG00000025261.19:B1	J:150586565-150589715	junction	150586565	150589715	2	poly(dT)	EX_cerebellum_granule	EX_cortical	3	0.07979073860370506	0.17717324804497028	0.15796789112523624	21.0
ENSMUSG00000025261.19:B1	J:150589856-150618219	junction	150589856	150618219	2	poly(dT)	EX_cerebellum_granule	EX_cortical	3	0.05311700692816349	0.0	0.0	26.0
ENSMUSG00000025266.12:B1	E:149800196-149800200	exon	149800196	149800200	2	poly(dT)	INH_migrating_interneuron	EX_cortical	5	0.05466578299282032	0.0	0.0	104.07620977646769
ENSMUSG00000025266.12:B1	J:149797085-149800196	junction	149797085	149800196	2	poly(dT)	INH_migrating_interneuron	EX_cortical	5	0.05466578299282032	-0.0027897120417761157	0.028190194510560755	149.0
ENSMUSG00000025266.12:B1	J:149797085-149800200	junction	149797085	149800200	1	poly(dT)	EX_cortical	INH_migrating_interneuron	5	0.054665782992820364	-0.016650246305418698	0.013368191147026021	144.0
ENSMUSG00000025272.17:B1	E:149440395-149440432	exon	149440395	149440432	3	poly(dT)	EX_cortical	INH_medium_spiny	6	0.08015373085392019	-0.03645774352895281	0.05245062128943147	119.42222222222223
ENSMUSG00000025272.17:B1	E:149440395-149440432	exon	149440395	149440432	3	random hexamer	INH_midbrain	INH_medium_spiny	5	0.06423880706054465	0.07306267055161295	0.07971040434329398	31.88888888888889
ENSMUSG00000025272.17:B3	E:149428689-149429115	exon	149428689	149429115	1,2	poly(dT)	EX_cortical	INH_migrating_interneuron	3	0.0934742312070448	-0.25962783296961633	0.15410728781659078	7.396059782608695
ENSMUSG00000025272.17:B3	E:149432460-149432543	exon	149432460	149432543	1,2	poly(dT)	EX_cortical	INH_migrating_interneuron	3	0.0934742312070448	0.07634498389597996	0.07634498389597996	7.396059782608695
ENSMUSG00000025272.17:B4	E:149428299-149428303	exon	149428299	149428303	2	poly(dT)	EX_cortical	INH_medium_spiny	4	0.10829221472095267	-0.0485224557215074	0.4438940038208609	15.604166666666666
ENSMUSG00000025326.13:B1	E:58878498-58878549	exon	58878498	58878549	2	random hexamer	INH_midbrain	INH_migrating_interneuron	12	0.08899406279485718	-0.0648224725998325	0.15732371839932785	30.195744680851064
ENSMUSG00000025369.16:B1	E:128295162-128295176	exon	128295162	128295176	1	random hexamer	INH_medium_spiny	EX_cerebellum_granule	3	0.20892102025010725	-0.06960629065175838	0.0696062906517584	12.18803418803419
ENSMUSG00000025372.17:B1	E:119887714-119887834	exon	119887714	119887834	2	random hexamer	INH_midbrain	EX_cortical	3	0.2630420278603063	-0.02504621051209503	0.08280954233802489	12.293468834688348
ENSMUSG00000025372.17:B1	J:119887573-119887714	junction	119887573	119887714	2	random hexamer	EX_cerebellum_granule	EX_cortical	3	0.3230310503631165	0.16830517153097801	0.1473239297290623	26.0
ENSMUSG00000025372.17:B1	J:119887573-119887834	junction	119887573	119887834	1	random hexamer	EX_cortical	EX_cerebellum_granule	3	0.3230310503631166	0.168305171530978	0.1473239297290623	26.0
ENSMUSG00000025372.17:B2	E:119891412-119891899	exon	119891412	119891899	1	random hexamer	EX_cerebellum_granule	INH_midbrain	3	0.08543022739291688	0.06713997485829833	0.03938833667831813	9.37142857142857
ENSMUSG00000025372.17:B2	E:119891899-119893447	exon	119891899	119893447	1,2	random hexamer	INH_midbrain	EX_cerebellum_granule	3	0.05804883243280412	0.23819871395051836	0.04150611874822232	9.37142857142857
ENSMUSG00000025372.17:B2	E:119897184-119897608	exon	119897184	119897608	3	random hexamer	EX_cerebellum_granule	INH_midbrain	3	0.05804883243280404	0.18538097303549483	0.14573247534984207	9.37142857142857
ENSMUSG00000025404.16:B2	E:127298056-127298152	exon	127298056	127298152	2	poly(dT)	EX_cortical	EX_cerebellum_granule	3	0.13702171412814798	0.10853001912160348	0.17114196938089934	5.284403669724771
ENSMUSG00000025404.16:B2	E:127298056-127298152	exon	127298056	127298152	2	random hexamer	INH_midbrain	EX_cerebellum_granule	3	0.19237066322197613	-0.2607910319889639	0.33266074695289194	6.109375
ENSMUSG00000025404.16:B3	E:127300999-127301053	exon	127300999	127301053	2	random hexamer	ASC	EX_cortical	5	0.29481896094731413	0.10666509938428677	0.07271983588850643	27.859442060085836
ENSMUSG00000025404.16:B3	J:127300882-127300999	junction	127300882	127300999	2	random hexamer	EX_cerebellum_granule	EX_cortical	3	0.20781032559019963	-0.03300865800865801	0.05638188842951595	25.0
ENSMUSG00000025404.16:B3	J:127300882-127307636	junction	127300882	127307636	1	random hexamer	EX_cortical	INH_midbrain	4	0.2203143894118527	0.2192599162493371	0.11665292039933295	29.0
ENSMUSG00000025404.16:B3	J:127301053-127307636	junction	127301053	127307636	2	random hexamer	INH_midbrain	EX_cortical	4	0.22031438941185263	0.19499191984486103	0.12087552941245504	28.0
ENSMUSG00000025422.11:B1	E:126926010-126926070	exon	126926010	126926070	2	poly(dT)	INH_migrating_interneuron	EX_hippocampus_pyramidal	3	0.1200872975329002	-0.21674986606313118	0.144923771841394	7.916731699703449
ENSMUSG00000025422.11:B1	E:126926010-126926070	exon	126926010	126926070	2	random hexamer	EX_cerebellum_granule	ODC	3	0.24335765241940885	0.5933852622155925	0.09510772948494078	4.521174756776443
ENSMUSG00000025422.11:B1	J:126925227-126926295	junction	126925227	126926295	1	poly(dT)	EX_cerebellum_granule	EX_cortical	4	0.052450588237617723	0.0	0.0	34.0
ENSMUSG00000025422.11:B1	J:126926070-126926295	junction	126926070	126926295	2	random hexamer	EX_cerebellum_granule	ASC	3	0.054266092218545565	-0.07870370370370372	0.03955557289498858	26.0
ENSMUSG00000025576.18:B1	E:118800129-118800376	exon	118800129	118800376	1,2	poly(dT)	INH_migrating_interneuron	EX_cortical	4	0.059854875607583014	0.24815411256489006	0.2763727897782569	11.60952380952381
ENSMUSG00000025576.18:B1	E:118800129-118800376	exon	118800129	118800376	1,2	random hexamer	EX_cerebellum_granule	INH_medium_spiny	4	0.0565960197805056	0.2572737786594285	0.2273946579574527	43.523809523809526
ENSMUSG00000025576.18:B1	E:118800376-118800398	exon	118800376	118800398	2	poly(dT)	INH_migrating_interneuron	EX_cortical	4	0.09500674306672267	0.2709703166984648	0.37007306466917383	11.60952380952381
ENSMUSG00000025576.18:B1	E:118800376-118800398	exon	118800376	118800398	2	random hexamer	EX_cerebellum_granule	INH_medium_spiny	4	0.44695677087173324	0.36907201373196297	0.13681699097455108	43.523809523809526
ENSMUSG00000025576.18:B1	E:118802261-118802423	exon	118802261	118802423	3	poly(dT)	EX_cortical	INH_migrating_interneuron	4	0.05985487560758307	0.0	0.0	11.60952380952381
ENSMUSG00000025576.18:B1	E:118802261-118802423	exon	118802261	118802423	3	random hexamer	INH_medium_spiny	EX_cerebellum_granule	4	0.0565960197805056	0.0	0.0	43.523809523809526
ENSMUSG00000025576.18:B3	E:118393667-118393760	exon	118393667	118393760	2	random hexamer	EX_cerebellum_granule	INH_medium_spiny	4	0.22429462809576575	0.18371252040838132	0.03574793676303016	11.396174863387976
ENSMUSG00000025576.18:B4	E:118387216-118387357	exon	118387216	118387357	2	poly(dT)	EX_cerebellum_granule	INH_migrating_interneuron	3	0.35067428346332163	0.14192262319155094	0.22048441672004462	8.673872180451127
ENSMUSG00000025576.18:B4	E:118387216-118387357	exon	118387216	118387357	2	random hexamer	EX_cerebellum_granule	INH_medium_spiny	3	0.4607454994225888	0.36719004400449934	0.24009471262520168	5.37781954887218
ENSMUSG00000025656.18:B1	E:94174441-94174621	exon	94174441	94174621	2,3,4,6	poly(dT)	INH_medium_spiny	EX_cortical	6	0.053238557379620834	-0.10403092027834217	0.1523075148745449	21.812499999999996
ENSMUSG00000025656.18:B1	E:94174441-94174621	exon	94174441	94174621	2,3,4,6	random hexamer	EX_cerebellum_granule	EX_cortical	8	0.15835258902784033	0.10333049345651306	0.13156169404918502	44.61458333333333
ENSMUSG00000025656.18:B1	E:94209198-94209205	exon	94209198	94209205	3,4	poly(dT)	EX_cortical	INH_midbrain	3	0.05177111411458804	-0.042077580539119	0.04207758053911901	7.395833333333333
ENSMUSG00000025656.18:B1	E:94209198-94209205	exon	94209198	94209205	3,4	random hexamer	ASC	INH_medium_spiny	3	0.1514380557478396	0.0017881586990845337	0.0017881586990845337	20.223958333333332
ENSMUSG00000025656.18:B1	E:94209205-94209576	exon	94209205	94209576	1,2,3,4	poly(dT)	INH_midbrain	EX_cortical	3	0.10518782647824508	0.6057858960278867	0.17335151775284002	7.395833333333333
ENSMUSG00000025656.18:B1	E:94209205-94209576	exon	94209205	94209576	1,2,3,4	random hexamer	INH_midbrain	EX_cortical	5	0.13459572446597828	0.13077875789751975	0.1347195544128633	17.989583333333332
ENSMUSG00000025656.18:B1	E:94209576-94209913	exon	94209576	94209913	1,2	poly(dT)	INH_midbrain	EX_cortical	3	0.15695894059283313	0.04664500068510197	0.04182973533160356	7.395833333333333
ENSMUSG00000025656.18:B1	E:94209576-94209913	exon	94209576	94209913	1,2	random hexamer	INH_midbrain	EX_cortical	5	0.16800999164790445	-0.01851691424974731	0.01851691424974731	17.989583333333332
ENSMUSG00000025656.18:B1	E:94209913-94209967	exon	94209913	94209967	2	poly(dT)	INH_midbrain	EX_cortical	3	0.15684586862371064	0.0	0.0	7.395833333333333
ENSMUSG00000025656.18:B1	E:94209913-94209967	exon	94209913	94209967	2	random hexamer	EX_cerebellum_granule	EX_cortical	8	0.18537466959403404	0.103187691314172	0.13064175904309655	44.61458333333333
ENSMUSG00000025656.18:B1	E:94210029-94210092	exon	94210029	94210092	3,4	poly(dT)	EX_cortical	INH_midbrain	3	0.05177111411458804	0.0	0.0	7.395833333333333
ENSMUSG00000025656.18:B1	E:94210029-94210092	exon	94210029	94210092	3,4	random hexamer	ASC	INH_medium_spiny	3	0.1514380557478396	0.011046187327974799	0.005867967419009883	20.223958333333332
ENSMUSG00000025656.18:B1	E:94240015-94240427	exon	94240015	94240427	5,6	poly(dT)	EX_cortical	INH_midbrain	3	0.10518782647824515	0.0039012280001773	0.0039012280001773	7.395833333333333
ENSMUSG00000025656.18:B1	E:94240015-94240427	exon	94240015	94240427	5,6	random hexamer	EX_cortical	INH_midbrain	5	0.1345957244659784	-0.027754027270696167	0.15270274298229258	17.989583333333332
ENSMUSG00000025656.18:B1	E:94240427-94240439	exon	94240427	94240439	6	poly(dT)	EX_cortical	INH_midbrain	3	0.09712229295398045	0.0	0.0	7.395833333333333
ENSMUSG00000025656.18:B1	E:94240427-94240439	exon	94240427	94240439	6	random hexamer	EX_cortical	INH_midbrain	5	0.10123186516848744	0.16271465295629822	0.10335237691355167	17.989583333333332
ENSMUSG00000025658.17:B1	E:156604431-156606832	exon	156604431	156606832	1	poly(dT)	INH_midbrain	EX_cortical	10	0.23375305935751917	0.055488404729852156	0.06331084686646353	18.03512014787431
ENSMUSG00000025658.17:B1	E:156604431-156606832	exon	156604431	156606832	1	random hexamer	EX_hippocampus_pyramidal	EX_cortical	4	0.29025590256368455	0.41924340450655173	0.08607408067306345	6.454713493530499
ENSMUSG00000025658.17:B1	E:156609352-156609549	exon	156609352	156609549	1	poly(dT)	INH_midbrain	EX_cortical	10	0.23375305935751917	0.11086914044228098	0.13253395375310753	18.03512014787431
ENSMUSG00000025658.17:B1	E:156609352-156609549	exon	156609352	156609549	1	random hexamer	EX_hippocampus_pyramidal	EX_cortical	4	0.29025590256368455	0.38152040158959233	0.1639736678837483	6.454713493530499
ENSMUSG00000025658.17:B1	E:156615738-156617069	exon	156615738	156617069	2	poly(dT)	EX_cortical	INH_midbrain	10	0.23375305935751917	-0.0329643046469182	0.04667712752227077	18.03512014787431
ENSMUSG00000025658.17:B1	E:156615738-156617069	exon	156615738	156617069	2	random hexamer	EX_cortical	EX_hippocampus_pyramidal	4	0.29025590256368466	-0.0281477591282054	0.1113291170787168	6.454713493530499
ENSMUSG00000025658.17:B1	J:156606832-156609352	junction	156606832	156609352	1	random hexamer	EX_cerebellum_granule	EX_cortical	3	0.14400856619069005	0.0	0.0	20.0
ENSMUSG00000025892.17:B1	E:4796142-4796234	exon	4796142	4796234	2	random hexamer	INH_midbrain	INH_migrating_interneuron	6	0.06658814300390235	0.12003260039722874	0.0655671453371729	40.80225988700565
ENSMUSG00000025892.17:B2	E:4432772-4432887	exon	4432772	4432887	2	random hexamer	EX_cortical	INH_migrating_interneuron	5	0.05223650483754725	-0.21459108343207825	0.26402384774401827	12.972972972972972
ENSMUSG00000025964.16:B1	E:63485053-63485369	exon	63485053	63485369	2	poly(dT)	INH_medium_spiny	EX_cortical	4	0.11576647126917727	0.00023219471216609847	0.03874712866028971	24.15841584158416
ENSMUSG00000025964.16:B1	E:63485053-63485369	exon	63485053	63485369	2	random hexamer	INH_medium_spiny	EX_cortical	3	0.0751535039129263	0.0	0.0	12.44059405940594
ENSMUSG00000025964.16:B2	E:63620295-63620386	exon	63620295	63620386	2	random hexamer	EX_cortical	INH_medium_spiny	4	0.09961504749623248	-0.07765042348204028	0.10947020081806481	16.066583723653395
ENSMUSG00000025964.16:B2	E:63624523-63624614	exon	63624523	63624614	3	poly(dT)	INH_medium_spiny	EX_cortical	4	0.11131445374796634	-0.19113962006193994	0.09973828057925978	18.79230093676815
ENSMUSG00000025964.16:B2	E:63624523-63624614	exon	63624523	63624614	3	random hexamer	INH_medium_spiny	EX_cortical	4	0.1439220894045492	-0.1636148082631652	0.1614489745934225	16.066583723653395
ENSMUSG00000025964.16:B3	E:63632071-63635435	exon	63632071	63635435	2	poly(dT)	INH_medium_spiny	EX_cortical	6	0.06484270168707718	-0.08978972720372802	0.06419304294320224	39.6
ENSMUSG00000025964.16:B3	E:63632071-63635435	exon	63632071	63635435	2	random hexamer	INH_medium_spiny	EX_cortical	3	0.058644456344278395	0.12168358600280431	0.2698612580376563	10.934426229508198
ENSMUSG00000026014.16:B1	E:60605924-60605928	exon	60605924	60605928	2,3	poly(dT)	INH_midbrain	EX_cortical	3	0.1959442766684154	-0.44627497870411625	0.23908078485449086	6.0945273631840795
ENSMUSG00000026014.16:B1	E:60605924-60605928	exon	60605924	60605928	2,3	random hexamer	INH_migrating_interneuron	EX_cortical	4	0.07541827267718897	-0.08017785427423983	0.31689669617398775	5.845771144278607
ENSMUSG00000026014.16:B1	E:60605928-60605938	exon	60605928	60605938	3	poly(dT)	INH_midbrain	EX_cortical	3	0.23316710579510144	-0.44627497870411625	0.23908078485449086	6.0945273631840795
ENSMUSG00000026014.16:B1	E:60605928-60605938	exon	60605928	60605938	3	random hexamer	INH_migrating_interneuron	EX_cortical	4	0.1566116116205437	-0.08017785427423983	0.31689669617398775	5.845771144278607
ENSMUSG00000026207.17:B1	E:75351940-75352477	exon	75351940	75352477	1	random hexamer	EX_cortical	INH_migrating_interneuron	3	0.07771990857088518	-0.001760966705801	0.0013308502908875432	3.460227272727273
ENSMUSG00000026207.17:B1	E:75361299-75361389	exon	75361299	75361389	1	random hexamer	EX_cortical	INH_migrating_interneuron	3	0.07771990857088518	-0.3333333333333333	0.33333333333333337	3.460227272727273
ENSMUSG00000026207.17:B1	E:75361471-75361808	exon	75361471	75361808	1	random hexamer	EX_cortical	INH_migrating_interneuron	3	0.07771990857088518	0.0001290184038080048	0.1834066088824432	3.460227272727273
ENSMUSG00000026207.17:B1	E:75364441-75365748	exon	75364441	75365748	1	random hexamer	EX_cortical	INH_migrating_interneuron	3	0.07771990857088518	0.09979525572918584	0.1586358488351712	3.460227272727273
ENSMUSG00000026207.17:B1	E:75367622-75367766	exon	75367622	75367766	1	random hexamer	EX_cortical	INH_migrating_interneuron	3	0.07771990857088518	0.11006819093461695	0.11006819093461695	3.460227272727273
ENSMUSG00000026207.17:B1	E:75368405-75368588	exon	75368405	75368588	1	random hexamer	EX_cortical	INH_migrating_interneuron	3	0.07771990857088518	-0.314629621173299	0.34306779312504404	3.460227272727273
ENSMUSG00000026207.17:B1	E:75376728-75376906	exon	75376728	75376906	2	random hexamer	EX_cortical	INH_migrating_interneuron	3	0.05294681209074689	-0.00023128983507456665	0.00023128983507456665	3.460227272727273
ENSMUSG00000026207.17:B1	E:75377278-75377305	exon	75377278	75377305	4	random hexamer	INH_migrating_interneuron	EX_cortical	3	0.10287518321417106	0.0	0.0	3.460227272727273
ENSMUSG00000026207.17:B1	E:75377653-75377698	exon	75377653	75377698	5	random hexamer	EX_cortical	INH_midbrain	5	0.07896355643081897	-0.14156964976681324	0.06102206902152766	10.863636363636363
ENSMUSG00000026207.17:B1	J:75361808-75364441	junction	75361808	75364441	1	random hexamer	INH_medium_spiny	INH_midbrain	3	0.15054470682213192	0.1199367625838214	0.09259926646610946	22.0
ENSMUSG00000026219.15:B1	E:84816949-84817025	exon	84816949	84817025	1	poly(dT)	EX_cortical	INH_migrating_interneuron	4	0.14064802296716164	-0.23169409840631544	0.2938886590703267	10.938775510204081
ENSMUSG00000026219.15:B1	E:84816949-84817025	exon	84816949	84817025	1	random hexamer	EX_cortical	INH_medium_spiny	3	0.2307752812145638	-0.11654899443731281	0.11654899443731281	10.306122448979592
ENSMUSG00000026219.15:B1	E:84818203-84818237	exon	84818203	84818237	2	poly(dT)	INH_migrating_interneuron	EX_cortical	4	0.14064802296716178	-0.0049864942893592945	0.1459352662872793	10.938775510204081
ENSMUSG00000026219.15:B1	E:84818203-84818237	exon	84818203	84818237	2	random hexamer	INH_medium_spiny	EX_cortical	3	0.23077528121456392	-0.13927392739273928	0.4620136716505174	10.306122448979592
ENSMUSG00000026219.15:B1	J:84792690-84816949	junction	84792690	84816949	1	random hexamer	EX_cortical	INH_midbrain	3	0.054340448350155356	-0.1904761904761905	0.23967728365938892	26.0
ENSMUSG00000026219.15:B1	J:84792690-84818203	junction	84792690	84818203	2	random hexamer	INH_midbrain	EX_cortical	3	0.054340448350155356	0.0	0.0	26.0
ENSMUSG00000026259.15:B1	E:87437814-87438084	exon	87437814	87438084	1	poly(dT)	ASC	EX_cortical	3	0.19116354224063323	0.26178436623479734	0.3538668749790025	8.405594405594407
ENSMUSG00000026259.15:B1	E:87437814-87438084	exon	87437814	87438084	1	random hexamer	ASC	INH_medium_spiny	6	0.14086990297346078	0.0	0.0	17.356643356643357
ENSMUSG00000026259.15:B1	E:87468380-87468495	exon	87468380	87468495	2	poly(dT)	EX_cortical	ASC	3	0.19116354224063328	-0.0754059818294792	0.0754059818294792	8.405594405594407
ENSMUSG00000026259.15:B1	E:87468380-87468495	exon	87468380	87468495	2	random hexamer	INH_medium_spiny	ASC	6	0.14086990297346078	0.0	0.0	17.356643356643357
ENSMUSG00000026259.15:B1	E:87473518-87473853	exon	87473518	87473853	2	poly(dT)	EX_cortical	ASC	3	0.19116354224063328	0.0	0.0	8.405594405594407
ENSMUSG00000026259.15:B1	E:87473518-87473853	exon	87473518	87473853	2	random hexamer	INH_medium_spiny	ASC	6	0.14086990297346078	-0.04281533508925958	0.04281533508925959	17.356643356643357
ENSMUSG00000026259.15:B1	E:87501409-87501592	exon	87501409	87501592	2	poly(dT)	EX_cortical	ASC	3	0.19116354224063328	0.0	0.0	8.405594405594407
ENSMUSG00000026259.15:B1	E:87501409-87501592	exon	87501409	87501592	2	random hexamer	INH_medium_spiny	ASC	6	0.14086990297346078	0.0	0.0	17.356643356643357
ENSMUSG00000026259.15:B1	J:87437109-87437814	junction	87437109	87437814	1	random hexamer	ASC	INH_medium_spiny	4	0.13447394496687146	0.0	0.0	30.0
ENSMUSG00000026259.15:B1	J:87437109-87468380	junction	87437109	87468380	2	random hexamer	INH_medium_spiny	ASC	4	0.13447394496687154	0.0	0.0	30.0
ENSMUSG00000026442.15:B1	E:132634836-132635064	exon	132634836	132635064	1	poly(dT)	EX_cortical	INH_midbrain	3	0.05784454911566992	0.0909624908592917	0.0909624908592917	5.116022099447513
ENSMUSG00000026442.15:B1	E:132634836-132635064	exon	132634836	132635064	1	random hexamer	EX_cortical	INH_migrating_interneuron	11	0.23826289786299554	0.027214895151140686	0.019512304708182056	275.46408839779
ENSMUSG00000026442.15:B1	E:132669408-132669495	exon	132669408	132669495	2	poly(dT)	INH_midbrain	EX_cortical	3	0.05784454911566994	-0.07556643985819105	0.11361567350825096	5.116022099447513
ENSMUSG00000026442.15:B1	E:132669408-132669495	exon	132669408	132669495	2	random hexamer	INH_migrating_interneuron	EX_cortical	11	0.23826289786299554	-0.001184694562254787	0.08504801609794209	275.46408839779
ENSMUSG00000026442.15:B1	J:132593325-132634836	junction	132593325	132634836	1	random hexamer	EX_cortical	INH_migrating_interneuron	5	0.33762836951385633	-0.01336996336996336	0.009337067469985992	37.0
ENSMUSG00000026442.15:B1	J:132593325-132669408	junction	132593325	132669408	2	random hexamer	INH_migrating_interneuron	INH_midbrain	5	0.34108672042416455	0.052863802863802836	0.21221420238763483	47.0
ENSMUSG00000026490.19:B1	E:179788036-179788674	exon	179788036	179788674	2	poly(dT)	EX_cortical	ODC	3	0.13900574075847652	-0.34274403715443524	0.2540005690548322	18.589887640449437
ENSMUSG00000026490.19:B2	E:179921508-179921751	exon	179921508	179921751	2	poly(dT)	ODC	EX_cerebellum_granule	3	0.08808082948624314	-0.010962578219228072	0.12073843554838391	9.509883017345704
ENSMUSG00000026490.19:B2	J:179912070-179921945	junction	179912070	179921945	1	poly(dT)	EX_cortical	ODC	5	0.07481278077947444	0.2961165048543689	0.15683623881740724	32.0
ENSMUSG00000026490.19:B2	J:179921751-179921945	junction	179921751	179921945	2	poly(dT)	ODC	EX_cortical	3	0.09605328602176666	0.22584269662921344	0.15137713162927063	19.0
ENSMUSG00000026504.18:B1	E:176656435-176656549	exon	176656435	176656549	2	poly(dT)	EX_cortical	INH_medium_spiny	4	0.11428360793621786	-0.36083149327000397	0.2546334609424185	5.727390180878553
ENSMUSG00000026504.18:B1	E:176656435-176656549	exon	176656435	176656549	2	random hexamer	INH_midbrain	INH_migrating_interneuron	4	0.19088474697653768	0.06654390418926437	0.12724302960031855	9.732373569582874
ENSMUSG00000026587.16:B1	E:158189873-158189909	exon	158189873	158189909	1	random hexamer	INH_medium_spiny	INH_midbrain	3	0.2337371137445257	-0.06533845924396012	0.07066784411333334	21.246835443037977
ENSMUSG00000026761.13:B1	E:48839246-48839288	exon	48839246	48839288	2	poly(dT)	INH_midbrain	EX_cortical	3	0.2610950980035443	0.3004159712873631	0.1470680803030909	6.516949152542373
ENSMUSG00000026761.13:B1	E:48839246-48839288	exon	48839246	48839288	2	random hexamer	INH_midbrain	EX_cortical	5	0.1514099112493758	-0.11402997254868899	0.14926137325532782	21.78813559322034
ENSMUSG00000026797.17:B1	E:32737214-32737257	exon	32737214	32737257	2	poly(dT)	INH_midbrain	EX_cortical	5	0.08645448814731035	-0.13127931658722297	0.11214592596346962	42.33108108108108
ENSMUSG00000026797.17:B1	E:32737214-32737257	exon	32737214	32737257	2	random hexamer	INH_midbrain	EX_cerebellum_granule	8	0.07556802292614781	0.048428966959151554	0.07052532810909892	59.73648648648649
ENSMUSG00000026812.17:B1	E:28531248-28531252	exon	28531248	28531252	1	random hexamer	EX_cortical	INH_midbrain	7	0.13452309584906666	-0.01894593090780026	0.015083982734044005	18.365591397849464
ENSMUSG00000026812.17:B1	E:28531252-28531254	exon	28531252	28531254	1,2	random hexamer	EX_cortical	INH_midbrain	7	0.24681339919454034	-0.03002351369188666	0.01938360964934269	18.365591397849464
ENSMUSG00000026812.17:B1	E:28531302-28531331	exon	28531302	28531331	2,3	random hexamer	INH_midbrain	EX_cortical	7	0.1345230958490667	0.20089561037685902	0.2103343264057664	18.365591397849464
ENSMUSG00000026812.17:B2	E:28562793-28562796	exon	28562793	28562796	2	random hexamer	EX_cortical	INH_medium_spiny	5	0.10761643446108045	-0.368340116338661	0.20105656020395438	6.322478991596639
ENSMUSG00000026825.18:B1	E:32243296-32243302	exon	32243296	32243302	2	poly(dT)	EX_cerebellum_granule	INH_medium_spiny	3	0.15358280154064227	0.0540091177259319	0.2069310130696206	3.645161290322581
ENSMUSG00000026825.18:B1	E:32243296-32243302	exon	32243296	32243302	2	random hexamer	EX_hippocampus_granule	INH_medium_spiny	3	0.26420404880809806	0.09242083697040426	0.05393279789990808	16.467741935483872
ENSMUSG00000026867.20:B1	E:34644571-34644573	exon	34644571	34644573	1	random hexamer	INH_midbrain	EX_cortical	3	0.10814693819404682	0.0	0.0	7.826530612244898
ENSMUSG00000026867.20:B1	E:34644989-34645244	exon	34644989	34645244	2	random hexamer	EX_cortical	INH_midbrain	3	0.10814693819404676	0.0	0.0	7.826530612244898
ENSMUSG00000026872.19:B1	E:45000432-45000527	exon	45000432	45000527	1,2	poly(dT)	EX_cortical	ODC	3	0.061444795266058505	0.0	0.0	6.04225352112676
ENSMUSG00000026872.19:B1	E:45000432-45000527	exon	45000432	45000527	1,2	random hexamer	EX_cerebellum_granule	INH_migrating_interneuron	3	0.13696727900734493	0.299084778836555	0.10845185988015535	15.97887323943662
ENSMUSG00000026872.19:B1	E:45000527-45000745	exon	45000527	45000745	2	poly(dT)	EX_cortical	ODC	3	0.061699515229146705	-0.020622492209511234	0.020622492209511234	6.04225352112676
ENSMUSG00000026872.19:B1	E:45000527-45000745	exon	45000527	45000745	2	random hexamer	EX_cerebellum_granule	INH_migrating_interneuron	3	0.1413815984344319	0.18167945193418114	0.15153283489759836	15.97887323943662
ENSMUSG00000026872.19:B1	E:45002834-45002902	exon	45002834	45002902	3,4,5,6	poly(dT)	ODC	EX_cortical	3	0.06144479526605843	0.16111427706870263	0.5561753505756675	6.04225352112676
ENSMUSG00000026872.19:B1	E:45002834-45002902	exon	45002834	45002902	3,4,5,6	random hexamer	INH_migrating_interneuron	EX_cerebellum_granule	3	0.13696727900734496	-0.44214029697849694	0.2356709938013472	15.97887323943662
ENSMUSG00000026872.19:B1	E:45002902-45002997	exon	45002902	45002997	4,5,6	random hexamer	ODC	INH_migrating_interneuron	6	0.1523063441748207	0.13102413416359823	0.1515130497227921	33.99295774647887
ENSMUSG00000026872.19:B1	E:45002997-45003104	exon	45002997	45003104	5,6	random hexamer	ODC	INH_migrating_interneuron	6	0.16015013242981951	0.07047288296393373	0.16650466006106612	33.99295774647887
ENSMUSG00000026872.19:B1	E:45003104-45003291	exon	45003104	45003291	5	poly(dT)	ODC	EX_cortical	3	0.10332661206137717	-0.21224900792995027	0.2122490079299503	6.04225352112676
ENSMUSG00000026872.19:B1	E:45003104-45003291	exon	45003104	45003291	5	random hexamer	EX_cortical	EX_cerebellum_granule	4	0.12137952376192884	-0.3689276320239737	0.23470698585783836	17.58450704225352
ENSMUSG00000026872.19:B1	E:45007211-45007407	exon	45007211	45007407	6	poly(dT)	EX_cortical	ODC	3	0.11649597887993919	-0.3090734251713743	0.35542799576868356	6.04225352112676
ENSMUSG00000026872.19:B1	E:45007211-45007407	exon	45007211	45007407	6	random hexamer	EX_cerebellum_granule	EX_cortical	4	0.14523500672440792	0.2862365119769884	0.2390452092932151	17.58450704225352
ENSMUSG00000026872.19:B2	E:44873643-44877132	exon	44873643	44877132	3	poly(dT)	EX_cortical	ODC	3	0.11909935788169157	-0.022954812589696356	0.2429362277119069	6.04225352112676
ENSMUSG00000026872.19:B2	E:44873643-44877132	exon	44873643	44877132	3	random hexamer	EX_cerebellum_granule	EX_cortical	4	0.14199208977173228	0.04126655160380853	0.030557527799527424	17.58450704225352
ENSMUSG00000026872.19:B2	E:44877132-44877134	exon	44877132	44877134	1,3	poly(dT)	EX_cortical	ODC	3	0.12922731417794514	-0.18951008305753017	0.14405175213471264	6.04225352112676
ENSMUSG00000026872.19:B2	E:44877132-44877134	exon	44877132	44877134	1,3	random hexamer	EX_cerebellum_granule	EX_cortical	4	0.11566257750253793	0.0	0.0	17.58450704225352
ENSMUSG00000026872.19:B2	E:44877134-44878007	exon	44877134	44878007	1,3,4	random hexamer	ODC	INH_migrating_interneuron	6	0.1338602224081412	0.06149986948762925	0.038753744878540025	33.99295774647887
ENSMUSG00000026872.19:B2	E:44878007-44878453	exon	44878007	44878453	3,4	random hexamer	ODC	INH_migrating_interneuron	6	0.14309112466534132	0.1149085781123036	0.068974830130566	33.99295774647887
ENSMUSG00000026872.19:B2	E:44878453-44879165	exon	44878453	44879165	2,3,4	poly(dT)	ODC	EX_cortical	3	0.07007071077073364	0.17268679876835083	0.17268679876835086	6.04225352112676
ENSMUSG00000026872.19:B2	E:44878453-44879165	exon	44878453	44879165	2,3,4	random hexamer	INH_migrating_interneuron	EX_cerebellum_granule	3	0.1103002229165233	-0.05771823691469771	0.15579491275354607	15.97887323943662
ENSMUSG00000026872.19:B2	E:44884490-44884671	exon	44884490	44884671	2,3,4	poly(dT)	ODC	EX_cortical	3	0.07007071077073364	0.08026151221543591	0.24044107076397592	6.04225352112676
ENSMUSG00000026872.19:B2	E:44884490-44884671	exon	44884490	44884671	2,3,4	random hexamer	INH_migrating_interneuron	EX_cerebellum_granule	3	0.1103002229165233	0.16690497110251812	0.18015025448922073	15.97887323943662
ENSMUSG00000026872.19:B2	E:44886037-44888007	exon	44886037	44888007	2,3,4	poly(dT)	ODC	EX_cortical	3	0.07007071077073364	0.04123608868460138	0.31491163665037436	6.04225352112676
ENSMUSG00000026872.19:B2	E:44886037-44888007	exon	44886037	44888007	2,3,4	random hexamer	INH_migrating_interneuron	EX_cerebellum_granule	3	0.1103002229165233	-0.10784751450902998	0.1420342142798025	15.97887323943662
ENSMUSG00000026872.19:B2	E:44888895-44889004	exon	44888895	44889004	1,2,3,4	poly(dT)	ODC	EX_cortical	3	0.05994275447448013	0.253512083347124	0.3275103838589534	6.04225352112676
ENSMUSG00000026872.19:B2	E:44888895-44889004	exon	44888895	44889004	1,2,3,4	random hexamer	INH_migrating_interneuron	EX_cerebellum_granule	3	0.1403276149039104	-0.2345336830981417	0.03986000366777566	15.97887323943662
ENSMUSG00000026872.19:B2	E:44891611-44891826	exon	44891611	44891826	1,2,3,4	poly(dT)	ODC	EX_cortical	3	0.05994275447448013	0.31735230737054443	0.3454362609688681	6.04225352112676
ENSMUSG00000026872.19:B2	E:44891611-44891826	exon	44891611	44891826	1,2,3,4	random hexamer	INH_migrating_interneuron	EX_cerebellum_granule	3	0.1403276149039104	-0.1747808267705628	0.13059243494463774	15.97887323943662
ENSMUSG00000026872.19:B2	E:44892527-44892716	exon	44892527	44892716	2,3,4	poly(dT)	ODC	EX_cortical	3	0.07007071077073364	0.31192421279760013	0.16304114368412392	6.04225352112676
ENSMUSG00000026872.19:B2	E:44892527-44892716	exon	44892527	44892716	2,3,4	random hexamer	INH_migrating_interneuron	EX_cerebellum_granule	3	0.1103002229165233	-0.30919847355105506	0.18679204335482782	15.97887323943662
ENSMUSG00000026872.19:B2	E:44907408-44907477	exon	44907408	44907477	2,3,4	poly(dT)	ODC	EX_cortical	3	0.07007071077073364	0.16926235312842489	0.20661914466856238	6.04225352112676
ENSMUSG00000026872.19:B2	E:44907408-44907477	exon	44907408	44907477	2,3,4	random hexamer	INH_migrating_interneuron	EX_cerebellum_granule	3	0.1103002229165233	-0.20242222388562525	0.10150741971224757	15.97887323943662
ENSMUSG00000026872.19:B2	E:44907477-44907480	exon	44907477	44907480	3,4	random hexamer	ODC	INH_migrating_interneuron	6	0.14309112466534132	0.005329964714505593	0.1782114918607701	33.99295774647887
ENSMUSG00000026872.19:B2	E:44912858-44913116	exon	44912858	44913116	1,2,3,4	poly(dT)	ODC	EX_cortical	3	0.05994275447448013	0.2386458977742495	0.2083360601763689	6.04225352112676
ENSMUSG00000026872.19:B2	E:44912858-44913116	exon	44912858	44913116	1,2,3,4	random hexamer	INH_migrating_interneuron	EX_cerebellum_granule	3	0.1403276149039104	-0.14432567792989634	0.29825458301100777	15.97887323943662
ENSMUSG00000026872.19:B2	E:44985594-44987209	exon	44985594	44987209	5	poly(dT)	EX_cortical	ODC	3	0.05994275447447997	0.06497260117723819	0.2728189187267336	6.04225352112676
ENSMUSG00000026872.19:B2	E:44985594-44987209	exon	44985594	44987209	5	random hexamer	EX_cerebellum_granule	INH_migrating_interneuron	3	0.14032761490391052	0.18540447765240087	0.07592708693336311	15.97887323943662
ENSMUSG00000026915.17:B1	E:37593203-37593287	exon	37593203	37593287	2	poly(dT)	INH_medium_spiny	ASC	4	0.0799776697358217	0.38047331817182606	0.15680144853201516	27.21764705882353
ENSMUSG00000026915.17:B1	E:37593203-37593287	exon	37593203	37593287	2	random hexamer	EX_cortical	INH_medium_spiny	3	0.07039564207308643	-0.26001341704852515	0.13047931928508452	8.547058823529412
ENSMUSG00000026915.17:B1	J:37537297-37593203	junction	37537297	37593203	2	poly(dT)	EX_cortical	ASC	5	0.07312914324904374	0.0018314726209463395	0.047740323096145676	50.0
ENSMUSG00000026924.18:B1	E:26335226-26335228	exon	26335226	26335228	2	random hexamer	INH_midbrain	EX_cortical	7	0.1297266258710443	-0.3347102070506326	0.16390217400406942	18.714285714285715
ENSMUSG00000026959.14:B3	E:25184449-25184560	exon	25184449	25184560	2	poly(dT)	INH_midbrain	EX_cerebellum_granule	3	0.4088371592240326	0.4591851349670642	0.24762443714883609	6.240910930004046
ENSMUSG00000026959.14:B3	E:25184449-25184560	exon	25184449	25184560	2	random hexamer	INH_midbrain	INH_medium_spiny	9	0.350907870238796	0.13535690393530608	0.06743200209811896	112.0062424137333
ENSMUSG00000026959.14:B3	J:25182496-25184449	junction	25182496	25184449	2	poly(dT)	EX_cortical	INH_medium_spiny	5	0.13531080339508852	0.24793650793650795	0.11998541998013978	44.0
ENSMUSG00000026959.14:B3	J:25182496-25184449	junction	25182496	25184449	2	random hexamer	INH_migrating_interneuron	EX_cerebellum_granule	3	0.34154056723726595	0.12777777777777777	0.13571773849054705	28.0
ENSMUSG00000026959.14:B3	J:25182496-25185803	junction	25182496	25185803	1	poly(dT)	INH_medium_spiny	INH_migrating_interneuron	6	0.3326830399680329	0.10934343434343434	0.05761616958505052	75.0
ENSMUSG00000026959.14:B3	J:25182496-25185803	junction	25182496	25185803	1	random hexamer	INH_medium_spiny	INH_midbrain	7	0.34266417538043475	0.05089683967428609	0.1082381900503151	121.0
ENSMUSG00000026959.14:B3	J:25184560-25185803	junction	25184560	25185803	2	poly(dT)	INH_migrating_interneuron	INH_medium_spiny	6	0.33268303996803295	0.185577915376677	0.061847615862163904	71.0
ENSMUSG00000026959.14:B3	J:25184560-25185803	junction	25184560	25185803	2	random hexamer	INH_midbrain	INH_medium_spiny	7	0.3426641753804347	0.46371112547583143	0.12497779477885672	114.0
ENSMUSG00000027012.16:B1	E:71042327-71042335	exon	71042327	71042335	1,2	poly(dT)	INH_medium_spiny	EX_cortical	5	0.08541288692184543	-0.08213937058011889	0.11538396819608226	261.1880341880342
ENSMUSG00000027012.16:B1	E:71042327-71042335	exon	71042327	71042335	1,2	random hexamer	INH_medium_spiny	INH_midbrain	3	0.11004666354482012	0.2003854786216834	0.4170869955688179	9.58974358974359
ENSMUSG00000027012.16:B3	J:71059034-71066258	junction	71059034	71066258	1	poly(dT)	EX_cortical	INH_medium_spiny	4	0.051512270143881	-0.011259191176470576	0.007083519513166533	87.0
ENSMUSG00000027254.14:B1	E:121120080-121120353	exon	121120080	121120353	1	random hexamer	ASC	ODC	8	0.09320482258778057	0.030757898063224758	0.1399362701589756	32.59036144578313
ENSMUSG00000027254.14:B1	E:121121200-121121302	exon	121121200	121121302	1	random hexamer	ASC	ODC	8	0.09320482258778057	-0.005552708642855647	0.14676029131017587	32.59036144578313
ENSMUSG00000027254.14:B1	E:121125934-121126023	exon	121125934	121126023	2	random hexamer	ODC	ASC	8	0.09320482258778054	0.30334586082730886	0.11861261157496324	32.59036144578313
ENSMUSG00000027309.19:B1	E:130682054-130682065	exon	130682054	130682065	2	poly(dT)	EX_cortical	INH_medium_spiny	3	0.05104729325405758	0.0	0.0	5.125
ENSMUSG00000027309.19:B1	E:130682054-130682065	exon	130682054	130682065	2	random hexamer	ASC	ODC	3	0.1695983285325353	0.0	0.0	5.425
ENSMUSG00000027347.19:B4	E:117115333-117115713	exon	117115333	117115713	3	poly(dT)	INH_medium_spiny	EX_cortical	7	0.08212452423344815	0.12060084871098817	0.09096426496728953	27.912612612612616
ENSMUSG00000027347.19:B4	E:117116552-117116705	exon	117116552	117116705	2,3	poly(dT)	INH_medium_spiny	EX_cortical	7	0.06507705283082542	0.2734559592763725	0.19478584872582264	27.912612612612616
ENSMUSG00000027347.19:B4	J:117113157-117115333	junction	117113157	117115333	3	poly(dT)	EX_cerebellum_granule	INH_medium_spiny	3	0.06030249696253731	0.0	0.0	38.0
ENSMUSG00000027347.19:B4	J:117113157-117115333	junction	117113157	117115333	3	random hexamer	EX_cortical	INH_medium_spiny	3	0.13118320870184796	0.0	0.0	40.0
ENSMUSG00000027347.19:B4	J:117113157-117116552	junction	117113157	117116552	2	poly(dT)	INH_medium_spiny	EX_cerebellum_granule	4	0.0672527387961286	0.0	0.0	53.0
ENSMUSG00000027347.19:B4	J:117113157-117117322	junction	117113157	117117322	1	random hexamer	INH_medium_spiny	EX_cortical	4	0.07828872661850067	0.0	0.0	74.0
ENSMUSG00000027363.16:B1	E:126549262-126549279	exon	126549262	126549279	2	poly(dT)	EX_cortical	INH_migrating_interneuron	6	0.09645528746242349	-0.10986650159216627	0.1217795242614621	14.6640625
ENSMUSG00000027363.16:B1	E:126549262-126549279	exon	126549262	126549279	2	random hexamer	EX_cortical	INH_migrating_interneuron	5	0.25901264231972265	-0.05351115292036205	0.07064435668479467	24.0078125
ENSMUSG00000027624.21:B1	E:156262828-156263020	exon	156262828	156263020	1	poly(dT)	EX_cortical	INH_midbrain	5	0.12502261860037978	-0.01851395429694614	0.011509777598291701	15.502617801047121
ENSMUSG00000027624.21:B1	E:156262828-156263020	exon	156262828	156263020	1	random hexamer	EX_cerebellum_granule	INH_midbrain	8	0.1916418479747259	0.008221816172398737	0.011709469013118829	71.99476439790575
ENSMUSG00000027624.21:B1	E:156263020-156263219	exon	156263020	156263219	1,2	poly(dT)	INH_migrating_interneuron	EX_cortical	6	0.23785964136438384	0.034016910740623886	0.034016910740623886	13.298429319371728
ENSMUSG00000027624.21:B1	E:156263020-156263219	exon	156263020	156263219	1,2	random hexamer	EX_cortical	EX_hippocampus_granule	4	0.34586562650427344	0.020730916510309824	0.10866710817553263	35.57591623036649
ENSMUSG00000027624.21:B1	E:156280504-156280553	exon	156280504	156280553	1	poly(dT)	EX_cortical	INH_midbrain	5	0.12502261860037978	0.02579769210621381	0.32024319271237806	15.502617801047121
ENSMUSG00000027624.21:B1	E:156280504-156280553	exon	156280504	156280553	1	random hexamer	EX_cerebellum_granule	INH_midbrain	8	0.1916418479747259	0.31397429476011884	0.10410689911535095	71.99476439790575
ENSMUSG00000027624.21:B1	E:156317453-156317926	exon	156317453	156317926	3	poly(dT)	EX_cortical	INH_migrating_interneuron	6	0.23785964136438387	0.18286345590211095	0.09571391125616507	13.298429319371728
ENSMUSG00000027624.21:B1	E:156317453-156317926	exon	156317453	156317926	3	random hexamer	EX_hippocampus_granule	EX_cortical	4	0.3458656265042735	0.13411181129401045	0.044494591769005304	35.57591623036649
ENSMUSG00000027624.21:B1	J:156263219-156335823	junction	156263219	156335823	2	random hexamer	EX_cortical	ASC	5	0.25140530347914225	0.05	0.05000000000000001	39.0
ENSMUSG00000027624.21:B1	J:156280553-156335823	junction	156280553	156335823	1	random hexamer	EX_cerebellum_granule	INH_medium_spiny	3	0.22498923929756706	0.20850748867990251	0.07231965902670737	45.0
ENSMUSG00000027624.21:B1	J:156317926-156335823	junction	156317926	156335823	3	random hexamer	ASC	EX_cortical	5	0.24432556036504235	0.10037754833005152	0.13304030793661326	37.0
ENSMUSG00000027624.21:B5	E:156385132-156385134	exon	156385132	156385134	2	poly(dT)	EX_cerebellum_granule	INH_midbrain	7	0.2308161104016744	0.02476637610216314	0.17172001257290806	12.803702615339406
ENSMUSG00000027624.21:B5	E:156385132-156385134	exon	156385132	156385134	2	random hexamer	EX_cerebellum_granule	INH_midbrain	8	0.2912912699091564	0.0	0.0	16.223332353805464
ENSMUSG00000027677.18:B1	E:33853980-33854399	exon	33853980	33854399	1	poly(dT)	EX_hippocampus_granule	INH_midbrain	4	0.07514853809533126	-0.03924844685375592	0.055823797508420495	25.448275862068968
ENSMUSG00000027677.18:B1	E:33853980-33854399	exon	33853980	33854399	1	random hexamer	INH_migrating_interneuron	ASC	5	0.10029668062987566	0.02115515029477678	0.2001070627875505	9.7183908045977
ENSMUSG00000027692.17:B1	E:28317363-28317711	exon	28317363	28317711	2	poly(dT)	ASC	INH_migrating_interneuron	4	0.3067484786867671	0.07533679770151758	0.024157150085139377	20.10526315789474
ENSMUSG00000027692.17:B1	E:28317363-28317711	exon	28317363	28317711	2	random hexamer	EX_cerebellum_granule	INH_medium_spiny	3	0.18537810966861135	-0.5821910836103436	0.20624308854492263	3.43859649122807
ENSMUSG00000027692.17:B1	E:28317711-28317791	exon	28317711	28317791	2,3	poly(dT)	INH_medium_spiny	EX_hippocampus_granule	3	0.18006542846583282	0.05275825611554221	0.06421026156589119	11.719298245614034
ENSMUSG00000027692.17:B1	E:28317711-28317791	exon	28317711	28317791	2,3	random hexamer	INH_medium_spiny	INH_midbrain	7	0.11513988808864038	0.06049504823562275	0.09988093211546802	33.12280701754386
ENSMUSG00000027692.17:B2	E:28649055-28649142	exon	28649055	28649142	2	poly(dT)	INH_medium_spiny	EX_cerebellum_granule	5	0.14953993109437533	0.3196334679764983	0.2428130129847164	10.187544687544689
ENSMUSG00000027692.17:B2	E:28649055-28649142	exon	28649055	28649142	2	random hexamer	INH_medium_spiny	ASC	15	0.1650759827861168	0.013128320930260343	0.09290367088177223	58.564421564421565
ENSMUSG00000027692.17:B2	J:28648281-28649055	junction	28648281	28649055	2	poly(dT)	INH_migrating_interneuron	INH_medium_spiny	3	0.11837215569258057	0.0	0.0	26.0
ENSMUSG00000027692.17:B2	J:28648281-28649055	junction	28648281	28649055	2	random hexamer	EX_cortical	ASC	4	0.2043873270592899	0.023809523809523808	0.023809523809523808	26.0
ENSMUSG00000027692.17:B2	J:28648281-28650220	junction	28648281	28650220	1	poly(dT)	ASC	INH_medium_spiny	3	0.13813615943057353	0.0	0.0	24.0
ENSMUSG00000027692.17:B2	J:28648281-28650220	junction	28648281	28650220	1	random hexamer	ASC	INH_medium_spiny	3	0.2417156428965271	0.0	0.0	24.0
ENSMUSG00000027692.17:B2	J:28649142-28650220	junction	28649142	28650220	2	random hexamer	EX_cortical	INH_migrating_interneuron	6	0.07788200579631248	-0.06666666666666665	0.042163702135578386	36.0
ENSMUSG00000027797.16:B1	E:55149946-55150172	exon	55149946	55150172	1	poly(dT)	INH_medium_spiny	ASC	5	0.22059977262146063	0.06162890007450346	0.06162890007450346	18.82105263157895
ENSMUSG00000027797.16:B1	E:55149946-55150172	exon	55149946	55150172	1	random hexamer	INH_medium_spiny	INH_midbrain	4	0.38804823178716197	0.11711470661598841	0.2787329861761486	26.589473684210525
ENSMUSG00000027797.16:B1	E:55154551-55154947	exon	55154551	55154947	1	poly(dT)	INH_medium_spiny	ASC	5	0.22059977262146063	-0.009896944442591349	0.06845410719870686	18.82105263157895
ENSMUSG00000027797.16:B1	E:55154551-55154947	exon	55154551	55154947	1	random hexamer	INH_medium_spiny	INH_midbrain	4	0.38804823178716197	0.4509192372554146	0.1187970873777535	26.589473684210525
ENSMUSG00000027797.16:B1	E:55163285-55163632	exon	55163285	55163632	1	poly(dT)	INH_medium_spiny	ASC	5	0.22059977262146063	-0.6593091834310472	0.15859942856269016	18.82105263157895
ENSMUSG00000027797.16:B1	E:55163285-55163632	exon	55163285	55163632	1	random hexamer	INH_medium_spiny	INH_midbrain	4	0.38804823178716197	0.1344618532764022	0.08129807321830433	26.589473684210525
ENSMUSG00000027797.16:B1	E:55288201-55288301	exon	55288201	55288301	1	poly(dT)	INH_medium_spiny	ASC	5	0.22059977262146063	-0.8038985743990142	0.12790601346603092	18.82105263157895
ENSMUSG00000027797.16:B1	E:55288201-55288301	exon	55288201	55288301	1	random hexamer	INH_medium_spiny	INH_midbrain	4	0.38804823178716197	0.42921458473154284	0.26207126506812733	26.589473684210525
ENSMUSG00000027797.16:B1	E:55358387-55358504	exon	55358387	55358504	1	poly(dT)	INH_medium_spiny	ASC	5	0.22059977262146063	-0.10247224110286532	0.02760084223684742	18.82105263157895
ENSMUSG00000027797.16:B1	E:55358387-55358504	exon	55358387	55358504	1	random hexamer	INH_medium_spiny	INH_midbrain	4	0.38804823178716197	0.4037609732559095	0.20917983221779451	26.589473684210525
ENSMUSG00000027797.16:B1	E:55369178-55369319	exon	55369178	55369319	2	poly(dT)	EX_cortical	EX_cerebellum_granule	7	0.17821197036205455	0.0	0.0	31.95789473684211
ENSMUSG00000027797.16:B1	E:55369178-55369319	exon	55369178	55369319	2	random hexamer	INH_midbrain	ASC	3	0.19869684432074142	0.08657947586130393	0.1569274494604087	13.368421052631579
ENSMUSG00000027797.16:B1	E:55369319-55369503	exon	55369319	55369503	2,3	poly(dT)	ASC	INH_medium_spiny	5	0.22059977262146072	0.17863478515064185	0.20880569965464743	18.82105263157895
ENSMUSG00000027797.16:B1	E:55369319-55369503	exon	55369319	55369503	2,3	random hexamer	INH_midbrain	INH_medium_spiny	4	0.3880482317871621	0.46757300875167096	0.18393989423893478	26.589473684210525
ENSMUSG00000027797.16:B1	J:55150172-55154551	junction	55150172	55154551	1	random hexamer	INH_migrating_interneuron	INH_midbrain	3	0.13196767627554962	0.0	0.0	22.0
ENSMUSG00000027797.16:B1	J:55163632-55288201	junction	55163632	55288201	1	poly(dT)	EX_cortical	INH_midbrain	4	0.06774246880458559	-0.0625	0.0625	26.0
ENSMUSG00000027797.16:B1	J:55288301-55358387	junction	55288301	55358387	1	random hexamer	EX_cerebellum_granule	EX_cortical	4	0.11858933867087866	0.0	0.0	48.0
ENSMUSG00000027797.16:B1	J:55358504-55370421	junction	55358504	55370421	1	random hexamer	INH_medium_spiny	INH_migrating_interneuron	4	0.24937707787227037	0.18838383838383838	0.1365776472531699	40.0
ENSMUSG00000027797.16:B1	J:55369503-55370421	junction	55369503	55370421	2,3	random hexamer	INH_migrating_interneuron	INH_medium_spiny	4	0.24937707787227043	0.18838383838383838	0.1365776472531699	40.0
ENSMUSG00000027797.16:B2	E:55373993-55378737	exon	55373993	55378737	1	poly(dT)	INH_medium_spiny	ASC	5	0.2756133633985035	-0.20538425550614808	0.04647446626721125	18.82105263157895
ENSMUSG00000027797.16:B2	E:55373993-55378737	exon	55373993	55378737	1	random hexamer	INH_medium_spiny	ASC	6	0.24252450166914472	0.07980041088412071	0.030873041411416054	43.873684210526314
ENSMUSG00000027797.16:B2	E:55385225-55385310	exon	55385225	55385310	2,3,4	poly(dT)	ASC	INH_medium_spiny	5	0.27561336339850345	0.6183688811968151	0.16724556115611652	18.82105263157895
ENSMUSG00000027797.16:B2	E:55385225-55385310	exon	55385225	55385310	2,3,4	random hexamer	ASC	INH_medium_spiny	6	0.24252450166914472	0.23174337143859183	0.2167259781077589	43.873684210526314
ENSMUSG00000027797.16:B2	E:55385310-55385358	exon	55385310	55385358	4	poly(dT)	ASC	EX_cortical	12	0.4396763064799261	0.4497571874462771	0.07386447833382266	88.9578947368421
ENSMUSG00000027797.16:B2	E:55385310-55385358	exon	55385310	55385358	4	random hexamer	ASC	INH_migrating_interneuron	9	0.44783421195524764	0.19059706013356564	0.07844463238500403	59.86315789473684
ENSMUSG00000027797.16:B2	E:55387754-55387863	exon	55387754	55387863	2,3,4	poly(dT)	ASC	INH_medium_spiny	5	0.27561336339850345	0.6456305567801557	0.17356547965106175	18.82105263157895
ENSMUSG00000027797.16:B2	E:55387754-55387863	exon	55387754	55387863	2,3,4	random hexamer	ASC	INH_medium_spiny	6	0.24252450166914472	0.3227925134283773	0.1777472823617589	43.873684210526314
ENSMUSG00000027797.16:B2	E:55394727-55394785	exon	55394727	55394785	2,3,4	poly(dT)	ASC	INH_medium_spiny	5	0.27561336339850345	0.37638160811915	0.21224410408018698	18.82105263157895
ENSMUSG00000027797.16:B2	E:55394727-55394785	exon	55394727	55394785	2,3,4	random hexamer	ASC	INH_medium_spiny	6	0.24252450166914472	0.3654279554125502	0.09727558130845988	43.873684210526314
ENSMUSG00000027797.16:B2	E:55395212-55395332	exon	55395212	55395332	2,3,4	poly(dT)	ASC	INH_medium_spiny	5	0.27561336339850345	0.3428015570576528	0.1714489401218621	18.82105263157895
ENSMUSG00000027797.16:B2	E:55395212-55395332	exon	55395212	55395332	2,3,4	random hexamer	ASC	INH_medium_spiny	6	0.24252450166914472	0.1507421613943495	0.12754515951229917	43.873684210526314
ENSMUSG00000027797.16:B2	E:55397170-55397317	exon	55397170	55397317	2,3,4	poly(dT)	ASC	INH_medium_spiny	5	0.27561336339850345	0.1098916984054609	0.25120080071301254	18.82105263157895
ENSMUSG00000027797.16:B2	E:55397170-55397317	exon	55397170	55397317	2,3,4	random hexamer	ASC	INH_medium_spiny	6	0.24252450166914472	0.4546151936041114	0.10118506893242316	43.873684210526314
ENSMUSG00000027797.16:B2	E:55407455-55407589	exon	55407455	55407589	2,3,4	poly(dT)	ASC	INH_medium_spiny	5	0.27561336339850345	0.1525002161212642	0.16030631598076947	18.82105263157895
ENSMUSG00000027797.16:B2	E:55407455-55407589	exon	55407455	55407589	2,3,4	random hexamer	ASC	INH_medium_spiny	6	0.24252450166914472	0.5336619387659942	0.14748706065741504	43.873684210526314
ENSMUSG00000027797.16:B2	E:55409793-55409871	exon	55409793	55409871	2,3,4	poly(dT)	ASC	INH_medium_spiny	5	0.27561336339850345	0.2	0.2	18.82105263157895
ENSMUSG00000027797.16:B2	E:55409793-55409871	exon	55409793	55409871	2,3,4	random hexamer	ASC	INH_medium_spiny	6	0.24252450166914472	0.2909711196666321	0.13466635404461258	43.873684210526314
ENSMUSG00000027797.16:B2	E:55410229-55410232	exon	55410229	55410232	2,4	poly(dT)	ASC	EX_cortical	12	0.279874950259092	-0.08853087262425939	0.11502608384571164	88.9578947368421
ENSMUSG00000027797.16:B2	E:55410229-55410232	exon	55410229	55410232	2,4	random hexamer	ASC	INH_migrating_interneuron	9	0.286260580293124	0.11894112297689508	0.061588291451039466	59.86315789473684
ENSMUSG00000027797.16:B2	E:55410232-55410326	exon	55410232	55410326	2,3,4	poly(dT)	ASC	INH_medium_spiny	5	0.27561336339850345	0.18804420756579948	0.1773887931079267	18.82105263157895
ENSMUSG00000027797.16:B2	E:55410232-55410326	exon	55410232	55410326	2,3,4	random hexamer	ASC	INH_medium_spiny	6	0.24252450166914472	0.3438271038305947	0.21532419422026436	43.873684210526314
ENSMUSG00000027797.16:B2	E:55414121-55414202	exon	55414121	55414202	2,3,4	poly(dT)	ASC	INH_medium_spiny	5	0.27561336339850345	0.2916885312386184	0.20827353776979354	18.82105263157895
ENSMUSG00000027797.16:B2	E:55414121-55414202	exon	55414121	55414202	2,3,4	random hexamer	ASC	INH_medium_spiny	6	0.24252450166914472	0.31511206355884636	0.20011675404120702	43.873684210526314
ENSMUSG00000027797.16:B2	E:55424293-55424407	exon	55424293	55424407	2,3,4	poly(dT)	ASC	INH_medium_spiny	5	0.27561336339850345	0.6178604973229542	0.10424826861340676	18.82105263157895
ENSMUSG00000027797.16:B2	E:55424293-55424407	exon	55424293	55424407	2,3,4	random hexamer	ASC	INH_medium_spiny	6	0.24252450166914472	0.2327980889194361	0.1484702078935234	43.873684210526314
ENSMUSG00000027797.16:B2	E:55429270-55429344	exon	55429270	55429344	2	poly(dT)	EX_cortical	EX_cerebellum_granule	7	0.1762716479757323	0.04061324800205516	0.06942413784093918	31.95789473684211
ENSMUSG00000027797.16:B2	E:55429270-55429344	exon	55429270	55429344	2	random hexamer	INH_midbrain	ASC	3	0.275787273912208	-0.05979661231150404	0.11220312541171334	13.368421052631579
ENSMUSG00000027797.16:B2	E:55440990-55443973	exon	55440990	55443973	2,3,4	poly(dT)	ASC	INH_medium_spiny	5	0.27561336339850345	0.5349797095063296	0.13515694073885748	18.82105263157895
ENSMUSG00000027797.16:B2	E:55440990-55443973	exon	55440990	55443973	2,3,4	random hexamer	ASC	INH_medium_spiny	6	0.24252450166914472	0.1683723852128797	0.09714061068030022	43.873684210526314
ENSMUSG00000027797.16:B2	E:55443973-55446485	exon	55443973	55446485	2,4	poly(dT)	ASC	EX_cortical	12	0.279874950259092	0.19723176955871732	0.05680617175808898	88.9578947368421
ENSMUSG00000027797.16:B2	E:55443973-55446485	exon	55443973	55446485	2,4	random hexamer	ASC	INH_migrating_interneuron	9	0.286260580293124	0.09229612264252801	0.05130678875879787	59.86315789473684
ENSMUSG00000027797.16:B2	J:55370516-55373993	junction	55370516	55373993	1	poly(dT)	EX_cortical	ASC	7	0.2117797971857102	0.8483020627605882	0.06723923716745583	88.0
ENSMUSG00000027797.16:B2	J:55370516-55373993	junction	55370516	55373993	1	random hexamer	EX_cortical	ASC	6	0.1803009316202022	0.5842676767676768	0.14886310518149592	47.0
ENSMUSG00000027797.16:B2	J:55370516-55385225	junction	55370516	55385225	2,3,4	poly(dT)	ASC	INH_migrating_interneuron	3	0.1981084977219879	0.596031746031746	0.0358551015811953	18.0
ENSMUSG00000027797.16:B2	J:55370516-55385225	junction	55370516	55385225	2,3,4	random hexamer	ASC	EX_cortical	6	0.1803009316202023	0.5253451178451178	0.1372812252968679	47.0
ENSMUSG00000027797.16:B2	J:55385310-55387754	junction	55385310	55387754	2,3	poly(dT)	INH_migrating_interneuron	INH_medium_spiny	3	0.3646826671169445	0.015350877192982448	0.05937274723982845	33.0
ENSMUSG00000027797.16:B2	J:55385310-55387754	junction	55385310	55387754	2,3	random hexamer	EX_cortical	INH_medium_spiny	6	0.2757382330638298	-0.06921874421874424	0.16642197191157718	54.0
ENSMUSG00000027797.16:B2	J:55385358-55387754	junction	55385358	55387754	4	poly(dT)	ASC	EX_cortical	4	0.4369053355540009	-0.1852256938463835	0.24014199998839791	25.0
ENSMUSG00000027797.16:B2	J:55385358-55387754	junction	55385358	55387754	4	random hexamer	INH_medium_spiny	EX_cortical	6	0.276863795781025	-0.006917156917156904	0.17003191559395286	54.0
ENSMUSG00000027797.16:B2	J:55387863-55394727	junction	55387863	55394727	2,3,4	random hexamer	INH_migrating_interneuron	EX_cortical	5	0.06441191093154061	0.0	0.0	36.0
ENSMUSG00000027797.16:B2	J:55410326-55414121	junction	55410326	55414121	2,3,4	random hexamer	ASC	EX_cortical	3	0.13718109627830102	0.0	0.0	21.0
ENSMUSG00000027797.16:B2	J:55414202-55424293	junction	55414202	55424293	2,3,4	random hexamer	ASC	EX_cortical	3	0.15068389852060882	-0.013888888888888876	0.013888888888888878	25.0
ENSMUSG00000027797.16:B2	J:55424407-55429270	junction	55424407	55429270	2	random hexamer	EX_cortical	INH_medium_spiny	5	0.09833800268408326	0.07278569083135647	0.10758291828376104	57.0
ENSMUSG00000027797.16:B2	J:55424407-55440990	junction	55424407	55440990	3,4	random hexamer	ASC	EX_cortical	5	0.3762912583801995	-0.14744366744366738	0.13583319009085837	39.0
ENSMUSG00000027797.16:B2	J:55429344-55440990	junction	55429344	55440990	2	random hexamer	EX_cortical	EX_cerebellum_granule	4	0.0787496276055834	-0.10644841269841271	0.125175023913986	36.0
ENSMUSG00000027806.10:B1	E:58322135-58322140	exon	58322135	58322140	2	random hexamer	EX_cortical	INH_midbrain	5	0.3102676894645716	0.4306649006622516	0.23410970932487063	10.032826537664132
ENSMUSG00000027894.15:B1	E:107381771-107381780	exon	107381771	107381780	2	random hexamer	INH_migrating_interneuron	INH_midbrain	6	0.06265338081861094	0.19775848678699645	0.13638881234031922	22.463223699031314
ENSMUSG00000027993.17:B1	E:84119892-84120145	exon	84119892	84120145	1	random hexamer	INH_medium_spiny	INH_migrating_interneuron	3	0.05351249185354556	-0.020570151644320436	0.020570151644320436	17.2967032967033
ENSMUSG00000027993.17:B1	E:84127935-84128184	exon	84127935	84128184	2	random hexamer	INH_migrating_interneuron	EX_cerebellum_granule	5	0.10253113928930746	-0.009968527412074619	0.02054561998633421	41.395604395604394
ENSMUSG00000027993.17:B1	E:84166631-84167119	exon	84166631	84167119	3	random hexamer	EX_cerebellum_granule	INH_midbrain	4	0.0914317265867082	0.060819566167965716	0.0505131780522307	35.362637362637365
ENSMUSG00000027993.17:B1	E:84177940-84178098	exon	84177940	84178098	4	random hexamer	EX_cerebellum_granule	INH_migrating_interneuron	5	0.08697693251769276	0.008392704802748379	0.008392704802748379	41.395604395604394
ENSMUSG00000027993.17:B1	E:84211896-84212116	exon	84211896	84212116	5	random hexamer	EX_cerebellum_granule	INH_medium_spiny	4	0.06269412341118112	0.2216372149486754	0.09593443056760124	21.28021978021978
ENSMUSG00000027993.17:B1	J:84117661-84119892	junction	84117661	84119892	1	random hexamer	EX_cortical	EX_cerebellum_granule	3	0.08038655989364725	0.0	0.0	32.0
ENSMUSG00000027993.17:B1	J:84117661-84166631	junction	84117661	84166631	3	random hexamer	EX_cerebellum_granule	EX_cortical	3	0.05827824385083822	0.1787652434711258	0.08952377325517188	32.0
ENSMUSG00000028059.17:B1	E:88528431-88528598	exon	88528431	88528598	2,3	random hexamer	EX_cortical	INH_migrating_interneuron	6	0.07123977718113896	0.3706460500841943	0.15846044826164074	42.717241379310344
ENSMUSG00000028059.17:B1	E:88528598-88528628	exon	88528598	88528628	2,3,4	random hexamer	EX_cortical	INH_migrating_interneuron	6	0.10080394509372655	0.32914707189745696	0.18253387601197302	42.717241379310344
ENSMUSG00000028059.17:B1	E:88528742-88528906	exon	88528742	88528906	4,5	random hexamer	INH_migrating_interneuron	EX_cortical	6	0.1074836440889702	-0.09742833191295282	0.09325284230824932	42.717241379310344
ENSMUSG00000028059.17:B1	J:88528628-88537093	junction	88528628	88537093	2,3	random hexamer	EX_cortical	INH_migrating_interneuron	4	0.06684778297650312	0.17709899749373434	0.11097502807227222	62.0
ENSMUSG00000028059.17:B1	J:88528906-88537093	junction	88528906	88537093	4,5	random hexamer	INH_migrating_interneuron	EX_cortical	4	0.11102704327610308	-0.08384241854636593	0.08588687799741516	62.0
ENSMUSG00000028059.17:B2	E:88539640-88539646	exon	88539640	88539646	2	random hexamer	EX_cortical	INH_migrating_interneuron	4	0.0690904336458756	-0.21531387072087924	0.2017565170023643	8.904641909814323
ENSMUSG00000028059.17:B3	E:88540806-88540812	exon	88540806	88540812	2	random hexamer	INH_migrating_interneuron	EX_cortical	4	0.07164381491956048	-0.17408829178541058	0.18930261919176622	9.443197936814958
ENSMUSG00000028086.16:B1	E:84832786-84833106	exon	84832786	84833106	3	random hexamer	EX_cortical	EX_cerebellum_granule	3	0.12159831717478736	0.0	0.0	16.65060240963855
ENSMUSG00000028086.16:B1	E:84859452-84859946	exon	84859452	84859946	4	random hexamer	EX_cerebellum_granule	EX_cortical	3	0.1202051183711091	0.15723333996306801	0.07010833768866874	16.65060240963855
ENSMUSG00000028086.16:B2	E:84884952-84886504	exon	84884952	84886504	2,3	poly(dT)	EX_cortical	EX_cerebellum_granule	4	0.09518689036026609	-0.003931103215739501	0.05985991484269228	76.23592493297588
ENSMUSG00000028086.16:B2	E:84884952-84886504	exon	84884952	84886504	2,3	random hexamer	EX_cortical	INH_migrating_interneuron	4	0.12209825669624333	0.03356608457655654	0.27222072678177106	7.045576407506703
ENSMUSG00000028137.10:B1	E:94385602-94385641	exon	94385602	94385641	1	random hexamer	EX_cortical	EX_hippocampus_granule	3	0.10577202326214906	-0.04221387687910863	0.02971270237606831	16.9811320754717
ENSMUSG00000028137.10:B1	E:94385641-94385683	exon	94385641	94385683	1,2	random hexamer	INH_midbrain	EX_hippocampus_granule	3	0.294959293157317	-0.30546055382303944	0.32550812819829034	11.40566037735849
ENSMUSG00000028137.10:B1	E:94386137-94386452	exon	94386137	94386452	3	random hexamer	EX_hippocampus_granule	INH_midbrain	3	0.2949592931573169	0.1516961184556356	0.15169611845563563	11.40566037735849
ENSMUSG00000028137.10:B3	E:94395009-94395093	exon	94395009	94395093	2	random hexamer	INH_medium_spiny	EX_hippocampus_granule	3	0.30185488695550394	0.21073535033290436	0.03916085129648445	18.251707212974818
ENSMUSG00000028137.10:B3	J:94394591-94395009	junction	94394591	94395009	2	random hexamer	EX_cortical	INH_migrating_interneuron	6	0.08170629468536332	0.19794254292993038	0.04694132157290568	66.0
ENSMUSG00000028137.10:B3	J:94394591-94395093	junction	94394591	94395093	1	random hexamer	INH_migrating_interneuron	EX_cortical	7	0.07767552735011764	0.2322156310624524	0.053337181099301974	69.0
ENSMUSG00000028137.10:B5	E:94399495-94399500	exon	94399495	94399500	2	poly(dT)	INH_migrating_interneuron	EX_cortical	4	0.1671766604613513	0.25	0.25	5.9356060606060606
ENSMUSG00000028137.10:B5	E:94399495-94399500	exon	94399495	94399500	2	random hexamer	INH_migrating_interneuron	INH_medium_spiny	3	0.13652859932759584	-0.2019506597819851	0.2019506597819851	6.9602272727272725
ENSMUSG00000028161.18:B1	E:136375884-136376530	exon	136375884	136376530	2	poly(dT)	INH_midbrain	EX_hippocampus_granule	3	0.11515890557965709	-0.0320518997882826	0.31884492288276384	8.257575757575758
ENSMUSG00000028161.18:B1	E:136375884-136376530	exon	136375884	136376530	2	random hexamer	INH_midbrain	ASC	4	0.0744634619817109	-0.059653267711643976	0.043666285410312554	8.818181818181818
ENSMUSG00000028176.14:B1	E:158267771-158267858	exon	158267771	158267858	2	random hexamer	EX_cortical	INH_medium_spiny	23	0.1209480781483256	-0.06982143704215496	0.040058675810758254	115.11078717201167
ENSMUSG00000028248.16:B1	E:21847582-21848054	exon	21847582	21848054	1	poly(dT)	EX_hippocampus_granule	INH_migrating_interneuron	3	0.20773952030305518	0.0015210150820168	0.0029202736015725385	7.829268292682927
ENSMUSG00000028248.16:B1	E:21847582-21848054	exon	21847582	21848054	1	random hexamer	EX_cortical	EX_thalamus	3	0.17997209950701473	0.007886084370776468	0.009481650613763586	8.707317073170731
ENSMUSG00000028397.14:B1	E:74160733-74160877	exon	74160733	74160877	1	random hexamer	INH_midbrain	EX_cortical	3	0.17519360505366952	0.0	0.0	9.360248447204969
ENSMUSG00000028397.14:B1	E:74170172-74170323	exon	74170172	74170323	2	random hexamer	EX_cortical	INH_midbrain	3	0.17519360505366946	-0.5904437259274415	0.13972377189785853	9.360248447204969
ENSMUSG00000028399.19:B1	E:76051569-76052119	exon	76051569	76052119	1	poly(dT)	ODC	INH_migrating_interneuron	3	0.10182191153873081	0.015127923931094966	0.0550793023913668	7.207407407407408
ENSMUSG00000028399.19:B1	E:76051569-76052119	exon	76051569	76052119	1	random hexamer	ODC	EX_cortical	10	0.0917206402743761	-0.09422023178977502	0.10642674107062483	42.69259259259259
ENSMUSG00000028399.19:B1	E:76053781-76053793	exon	76053781	76053793	2	poly(dT)	ODC	INH_migrating_interneuron	3	0.08739483258619778	-0.279915611814346	0.3630020265182923	7.207407407407408
ENSMUSG00000028399.19:B1	E:76053781-76053793	exon	76053781	76053793	2	random hexamer	ODC	INH_midbrain	4	0.1359939522909342	0.3779145729499327	0.19668756591594647	7.866666666666667
ENSMUSG00000028399.19:B1	E:76055047-76055158	exon	76055047	76055158	2,3	poly(dT)	INH_migrating_interneuron	ODC	3	0.10182191153873084	0.18350720197352133	0.3342523019586765	7.207407407407408
ENSMUSG00000028399.19:B1	E:76055047-76055158	exon	76055047	76055158	2,3	random hexamer	EX_cortical	ODC	10	0.09172064027437613	0.06971629948424393	0.13861520817512818	42.69259259259259
ENSMUSG00000028399.19:B1	E:76056792-76056810	exon	76056792	76056810	2	poly(dT)	ODC	INH_migrating_interneuron	3	0.08739483258619778	0.0	0.0	7.207407407407408
ENSMUSG00000028399.19:B1	E:76056792-76056810	exon	76056792	76056810	2	random hexamer	ODC	INH_midbrain	4	0.1359939522909342	0.6405727020755654	0.3077249934171566	7.866666666666667
ENSMUSG00000028399.19:B1	E:76057530-76057539	exon	76057530	76057539	2,3	poly(dT)	INH_migrating_interneuron	ODC	3	0.10182191153873084	0.7024940047961631	0.15829270283924493	7.207407407407408
ENSMUSG00000028399.19:B1	E:76057530-76057539	exon	76057530	76057539	2,3	random hexamer	EX_cortical	ODC	10	0.09172064027437613	0.22826212831321468	0.14507995176751556	42.69259259259259
ENSMUSG00000028399.19:B1	E:76058750-76058939	exon	76058750	76058939	2,3	poly(dT)	INH_migrating_interneuron	ODC	3	0.10182191153873084	0.0	0.0	7.207407407407408
ENSMUSG00000028399.19:B1	E:76058750-76058939	exon	76058750	76058939	2,3	random hexamer	EX_cortical	ODC	10	0.09172064027437613	0.13900010390812956	0.0944434206171921	42.69259259259259
ENSMUSG00000028399.19:B1	E:76161881-76162023	exon	76161881	76162023	2,3	poly(dT)	INH_migrating_interneuron	ODC	3	0.10182191153873084	0.46366742913707876	0.21285841873677458	7.207407407407408
ENSMUSG00000028399.19:B1	E:76161881-76162023	exon	76161881	76162023	2,3	random hexamer	EX_cortical	ODC	10	0.09172064027437613	0.17685764136148127	0.12315984213171938	42.69259259259259
ENSMUSG00000028399.19:B1	E:76164989-76165135	exon	76164989	76165135	2,3	poly(dT)	INH_migrating_interneuron	ODC	3	0.10182191153873084	0.16590563165905634	0.16590563165905634	7.207407407407408
ENSMUSG00000028399.19:B1	E:76164989-76165135	exon	76164989	76165135	2,3	random hexamer	EX_cortical	ODC	10	0.09172064027437613	0.2313532113440711	0.16142832433424936	42.69259259259259
ENSMUSG00000028399.19:B1	E:76243416-76243501	exon	76243416	76243501	2,3	poly(dT)	INH_migrating_interneuron	ODC	3	0.10182191153873084	0.0	0.0	7.207407407407408
ENSMUSG00000028399.19:B1	E:76243416-76243501	exon	76243416	76243501	2,3	random hexamer	EX_cortical	ODC	10	0.09172064027437613	0.2328711206415172	0.12344614007885761	42.69259259259259
ENSMUSG00000028399.19:B1	E:76243501-76243582	exon	76243501	76243582	3	poly(dT)	INH_migrating_interneuron	ODC	3	0.1892167441249286	0.17836665116999847	0.17836665116999847	7.207407407407408
ENSMUSG00000028399.19:B1	E:76243501-76243582	exon	76243501	76243582	3	random hexamer	INH_midbrain	ODC	4	0.16947152833341828	0.18625561978163133	0.2778262215471248	7.866666666666667
ENSMUSG00000028399.19:B1	E:76262402-76262480	exon	76262402	76262480	3	poly(dT)	INH_migrating_interneuron	ODC	3	0.1892167441249286	0.5918723019653154	0.4081276980346846	7.207407407407408
ENSMUSG00000028399.19:B1	E:76262402-76262480	exon	76262402	76262480	3	random hexamer	INH_midbrain	ODC	4	0.16947152833341828	0.75	0.25	7.866666666666667
ENSMUSG00000028399.19:B1	J:76058939-76161881	junction	76058939	76161881	2,3	random hexamer	EX_cortical	ODC	4	0.12794624964199047	0.0	0.0	27.0
ENSMUSG00000028399.19:B1	J:76165135-76243416	junction	76165135	76243416	2,3	poly(dT)	EX_cortical	ODC	14	0.07776890357903896	-0.000686528083788345	0.0021434432973364156	218.0
ENSMUSG00000028399.19:B1	J:76243582-76262402	junction	76243582	76262402	3	poly(dT)	EX_cortical	ODC	5	0.11186682334705726	0.8866666666666667	0.07859884081701064	30.0
ENSMUSG00000028399.19:B1	J:76243582-76262402	junction	76243582	76262402	3	random hexamer	EX_cortical	ODC	8	0.17379145656796718	0.8832870370370369	0.06039216292402172	101.0
ENSMUSG00000028399.19:B3	E:75972825-75972840	exon	75972825	75972840	2	random hexamer	ODC	INH_migrating_interneuron	5	0.0827081620033919	0.5764013763947	0.17729980810172416	17.774913428241632
ENSMUSG00000028399.19:B3	J:75968676-75977905	junction	75968676	75977905	1	random hexamer	INH_midbrain	EX_cortical	3	0.0736747568544693	0.35159869370395685	0.15460480897595752	22.0
ENSMUSG00000028399.19:B4	E:75958116-75958158	exon	75958116	75958158	2	poly(dT)	INH_midbrain	ODC	3	0.15057521386334796	0.451629240799138	0.1454957573508374	5.01530612244898
ENSMUSG00000028399.19:B4	E:75958116-75958158	exon	75958116	75958158	2	random hexamer	EX_cortical	ODC	9	0.13836841578395712	0.3460516440292348	0.15752793195037482	26.847164529528627
ENSMUSG00000028399.19:B5	E:75859475-75863194	exon	75859475	75863194	2	poly(dT)	ODC	INH_midbrain	10	0.09338301942354724	-0.01017666702881404	0.019873631510961734	125.57971014492752
ENSMUSG00000028399.19:B5	E:75859475-75863194	exon	75859475	75863194	2	random hexamer	ODC	EX_cortical	4	0.12865533400208784	0.24493674348010758	0.1910118837163372	17.3768115942029
ENSMUSG00000028434.13:B1	E:56991971-56995803	exon	56991971	56995803	1	random hexamer	INH_migrating_interneuron	EX_cortical	6	0.16550466387574753	0.08066979618307887	0.06743349415072673	14.03076923076923
ENSMUSG00000028434.13:B1	E:56999581-56999727	exon	56999581	56999727	1	random hexamer	INH_migrating_interneuron	EX_cortical	6	0.16550466387574753	-0.07708818368848507	0.21206414660482256	14.03076923076923
ENSMUSG00000028434.13:B1	E:57007905-57007977	exon	57007905	57007977	1	random hexamer	INH_migrating_interneuron	EX_cortical	6	0.16550466387574753	-0.061659767074559196	0.07647140795596791	14.03076923076923
ENSMUSG00000028434.13:B1	E:57010061-57010178	exon	57010061	57010178	1	random hexamer	INH_migrating_interneuron	EX_cortical	6	0.16550466387574753	0.029038649169542564	0.02894006788782051	14.03076923076923
ENSMUSG00000028434.13:B1	E:57016853-57016931	exon	57016853	57016931	1	random hexamer	INH_migrating_interneuron	EX_cortical	6	0.16550466387574753	-0.004487408201895786	0.22759380158049278	14.03076923076923
ENSMUSG00000028434.13:B1	E:57019771-57019958	exon	57019771	57019958	1	random hexamer	INH_migrating_interneuron	EX_cortical	6	0.16550466387574753	0.2159011493046	0.21475381316658823	14.03076923076923
ENSMUSG00000028434.13:B1	E:57024337-57024436	exon	57024337	57024436	1	random hexamer	INH_migrating_interneuron	EX_cortical	6	0.16550466387574753	0.2111473604722693	0.1424155168325665	14.03076923076923
ENSMUSG00000028434.13:B1	E:57027608-57027676	exon	57027608	57027676	1	random hexamer	INH_migrating_interneuron	EX_cortical	6	0.16550466387574753	0.033710909189042924	0.2057565980559015	14.03076923076923
ENSMUSG00000028434.13:B1	E:57032114-57032240	exon	57032114	57032240	1	random hexamer	INH_migrating_interneuron	EX_cortical	6	0.16550466387574753	0.2625696083390661	0.1688797900401225	14.03076923076923
ENSMUSG00000028434.13:B1	E:57038502-57038621	exon	57038502	57038621	1	random hexamer	INH_migrating_interneuron	EX_cortical	6	0.16550466387574753	-0.0501168778202945	0.05984416200322444	14.03076923076923
ENSMUSG00000028434.13:B1	E:57040843-57041052	exon	57040843	57041052	1	random hexamer	INH_migrating_interneuron	EX_cortical	6	0.16550466387574753	0.4834411526550333	0.12708326722427304	14.03076923076923
ENSMUSG00000028434.13:B1	E:57061725-57063279	exon	57061725	57063279	2	random hexamer	EX_cortical	INH_migrating_interneuron	6	0.1655046638757475	-0.009144228118649738	0.025020742638065925	14.03076923076923
ENSMUSG00000028528.18:B1	E:101353844-101353960	exon	101353844	101353960	1	random hexamer	INH_midbrain	EX_cerebellum_granule	4	0.42953973898750286	0.08403944262762253	0.11803639290581039	9.417218543046358
ENSMUSG00000028528.18:B1	E:101365196-101365379	exon	101365196	101365379	2,3	random hexamer	INH_midbrain	ODC	3	0.2159396067551643	-0.37272977634763954	0.3154854087939016	5.814569536423841
ENSMUSG00000028528.18:B1	E:101389194-101389259	exon	101389194	101389259	1	random hexamer	INH_midbrain	EX_cerebellum_granule	4	0.42953973898750286	0.08304372838126131	0.2732906183413722	9.417218543046358
ENSMUSG00000028528.18:B1	E:101407676-101407790	exon	101407676	101407790	4	random hexamer	EX_cortical	EX_cerebellum_granule	4	0.07768301195123756	-0.025686862324250326	0.025686862324250326	27.066225165562912
ENSMUSG00000028528.18:B1	E:101407790-101408052	exon	101407790	101408052	4,5	random hexamer	EX_cerebellum_granule	EX_cortical	4	0.4358653632161425	0.22456089320059597	0.08949059282933577	27.066225165562912
ENSMUSG00000028528.18:B2	E:101499979-101499995	exon	101499979	101499995	2,3	poly(dT)	EX_cortical	EX_cerebellum_granule	3	0.4864962332050154	-0.036311699261685836	0.5397492090760866	4.958459541324102
ENSMUSG00000028528.18:B2	E:101499979-101499995	exon	101499979	101499995	2,3	random hexamer	EX_cortical	EX_cerebellum_granule	4	0.4266895803502232	-0.25	0.25	7.197317178710515
ENSMUSG00000028528.18:B2	E:101499995-101499996	exon	101499995	101499996	3	poly(dT)	EX_cortical	EX_cerebellum_granule	3	0.4391917280930857	-0.17525978208554185	0.551389905485137	4.958459541324102
ENSMUSG00000028528.18:B2	E:101499995-101499996	exon	101499995	101499996	3	random hexamer	EX_cortical	EX_cerebellum_granule	4	0.4829962553819549	-0.25	0.25	7.197317178710515
ENSMUSG00000028649.23:B1	E:123466409-123466853	exon	123466409	123466853	1	random hexamer	ASC	ODC	4	0.05351751204888543	0.0	0.0	11.741935483870968
ENSMUSG00000028649.23:B1	E:123577762-123578153	exon	123577762	123578153	2	random hexamer	ODC	ASC	4	0.05351751204888541	0.5801998629102932	0.1448042132220578	11.741935483870968
ENSMUSG00000028649.23:B3	E:123357330-123357564	exon	123357330	123357564	2	poly(dT)	INH_midbrain	INH_medium_spiny	5	0.2342688522355421	0.04126572529525484	0.03936268377090294	12.606127450980392
ENSMUSG00000028649.23:B3	E:123357330-123357564	exon	123357330	123357564	2	random hexamer	INH_midbrain	INH_medium_spiny	12	0.2705156959937376	0.24576431841114688	0.11117003768696265	28.849264705882355
ENSMUSG00000028649.23:B3	E:123359148-123359298	exon	123359148	123359298	2	poly(dT)	INH_midbrain	INH_medium_spiny	5	0.2342688522355421	0.1514592933947773	0.1514592933947773	12.606127450980392
ENSMUSG00000028649.23:B3	E:123359148-123359298	exon	123359148	123359298	2	random hexamer	INH_midbrain	INH_medium_spiny	12	0.2705156959937376	-0.0180109476054315	0.18879384360872956	28.849264705882355
ENSMUSG00000028649.23:B3	E:123359651-123359867	exon	123359651	123359867	2	poly(dT)	INH_midbrain	INH_medium_spiny	5	0.2342688522355421	0.04323112725602352	0.027339764020848444	12.606127450980392
ENSMUSG00000028649.23:B3	E:123359651-123359867	exon	123359651	123359867	2	random hexamer	INH_midbrain	INH_medium_spiny	12	0.2705156959937376	-0.03198594013831867	0.09726987845842991	28.849264705882355
ENSMUSG00000028649.23:B3	E:123363515-123363665	exon	123363515	123363665	2	poly(dT)	INH_midbrain	INH_medium_spiny	5	0.2342688522355421	-0.06634714138993499	0.3231128953951173	12.606127450980392
ENSMUSG00000028649.23:B3	E:123363515-123363665	exon	123363515	123363665	2	random hexamer	INH_midbrain	INH_medium_spiny	12	0.2705156959937376	-0.03428770294490077	0.03490201978962662	28.849264705882355
ENSMUSG00000028649.23:B3	E:123364799-123370130	exon	123364799	123370130	2	poly(dT)	INH_midbrain	INH_medium_spiny	5	0.2342688522355421	0.2204644821082118	0.06716829218203704	12.606127450980392
ENSMUSG00000028649.23:B3	E:123364799-123370130	exon	123364799	123370130	2	random hexamer	INH_midbrain	INH_medium_spiny	12	0.2705156959937376	0.18163824168547227	0.07083059530761444	28.849264705882355
ENSMUSG00000028657.15:B1	E:122730034-122730038	exon	122730034	122730038	2	poly(dT)	EX_cortical	INH_midbrain	4	0.14465245349781988	-0.04956257441844364	0.11725471248391324	43.10317460317461
ENSMUSG00000028657.15:B1	E:122730038-122730046	exon	122730038	122730046	2,3	poly(dT)	INH_migrating_interneuron	EX_cortical	4	0.17906075131651802	0.03754883297602564	0.040680261798862936	38.35714285714286
ENSMUSG00000028760.17:B1	E:137720332-137720766	exon	137720332	137720766	1	random hexamer	EX_cerebellum_granule	INH_midbrain	3	0.10902177181672328	-0.15633939967477042	0.09514379454617353	8.678260869565218
ENSMUSG00000028760.17:B2	E:137785259-137785388	exon	137785259	137785388	2	random hexamer	ASC	INH_midbrain	5	0.09665445243677998	-0.13675049098901454	0.17522741124201324	11.398026315789473
ENSMUSG00000028760.17:B2	J:137772729-137785259	junction	137772729	137785259	2	random hexamer	INH_medium_spiny	EX_cortical	3	0.07256056135781397	0.10561990561990563	0.17952176897429137	16.0
ENSMUSG00000028760.17:B2	J:137772729-137810203	junction	137772729	137810203	1	random hexamer	INH_midbrain	INH_medium_spiny	3	0.07487512871035948	0.06108706108706107	0.04251619818671946	23.0
ENSMUSG00000028760.17:B3	E:137814843-137814876	exon	137814843	137814876	3,4	random hexamer	INH_midbrain	EX_cerebellum_granule	5	0.07788690483129956	-0.0681117154739102	0.127916486523143	9.950694444444444
ENSMUSG00000028760.17:B3	E:137823219-137823240	exon	137823219	137823240	4	random hexamer	EX_cortical	INH_medium_spiny	6	0.07856406900675551	-0.2917531937931631	0.15347657298060477	17.002777777777776
ENSMUSG00000028760.17:B3	J:137814876-137823219	junction	137814876	137823219	4	random hexamer	EX_cortical	INH_midbrain	3	0.06847321389809453	0.06666666666666667	0.06666666666666668	17.0
ENSMUSG00000028760.17:B3	J:137814876-137824062	junction	137814876	137824062	3	random hexamer	INH_migrating_interneuron	INH_midbrain	3	0.054355732922794366	0.0	0.0	24.0
ENSMUSG00000028760.17:B3	J:137823240-137824062	junction	137823240	137824062	4	random hexamer	EX_cortical	INH_migrating_interneuron	6	0.06472596708305256	-0.027051228820096734	0.13475121852425415	51.0
ENSMUSG00000028782.15:B1	E:129878956-129879100	exon	129878956	129879100	2	random hexamer	EX_cerebellum_granule	ASC	3	0.07472117660776643	0.24116627349645925	0.23547379601700433	5.696670776818742
ENSMUSG00000028782.15:B1	E:129885846-129885860	exon	129885846	129885860	2	random hexamer	EX_cerebellum_granule	ASC	3	0.07472117660776643	0.10988827819882985	0.10988827819882986	5.696670776818742
ENSMUSG00000028782.15:B1	E:129885860-129885861	exon	129885860	129885861	2,3	random hexamer	INH_midbrain	EX_cerebellum_granule	3	0.20229227147810672	0.015236674998319008	0.23843736383161807	13.826140567200987
ENSMUSG00000028782.15:B1	J:129879100-129885846	junction	129879100	129885846	2	random hexamer	EX_cortical	INH_medium_spiny	4	0.06775743722266216	0.005555555555555591	0.005555555555555591	32.0
ENSMUSG00000028782.15:B3	E:129908727-129908826	exon	129908727	129908826	2	random hexamer	EX_cortical	EX_cerebellum_granule	4	0.1593615261274612	-0.31693853747207695	0.25666272834928006	9.00581395348837
ENSMUSG00000028782.15:B4	E:129915454-129915460	exon	129915454	129915460	2	random hexamer	EX_hippocampus_granule	INH_midbrain	3	0.16986532284272196	0.041359729895641496	0.0413597298956415	27.70923520923521
ENSMUSG00000028782.15:B4	E:129915900-129915942	exon	129915900	129915942	2	random hexamer	EX_hippocampus_granule	INH_midbrain	3	0.16986532284272196	0.018912862063782898	0.035347783479442604	27.70923520923521
ENSMUSG00000028782.15:B4	J:129915454-129915942	junction	129915454	129915942	1	random hexamer	EX_cortical	EX_hippocampus_granule	3	0.13284878083570226	0.0	0.0	36.0
ENSMUSG00000028785.14:B1	E:129012555-129012760	exon	129012555	129012760	1	poly(dT)	EX_cerebellum_granule	INH_medium_spiny	6	0.0739795255017167	0.17206773853827517	0.11028429804260631	18.94235588972431
ENSMUSG00000028785.14:B1	E:129013942-129014739	exon	129013942	129014739	2	poly(dT)	EX_cerebellum_granule	EX_cortical	8	0.16028302712327192	0.11732447853780803	0.0667415991667454	24.40350877192983
ENSMUSG00000028785.14:B1	E:129013942-129014739	exon	129013942	129014739	2	random hexamer	EX_cerebellum_granule	EX_cortical	9	0.15729644086899447	0.3258499434637047	0.08633136544740592	124.13784461152882
ENSMUSG00000028785.14:B1	E:129015014-129015084	exon	129015014	129015084	3	poly(dT)	EX_cerebellum_granule	EX_cortical	8	0.10488559355505887	0.11610489441309704	0.11967473119623463	24.40350877192983
ENSMUSG00000028785.14:B1	E:129015014-129015084	exon	129015014	129015084	3	random hexamer	EX_cerebellum_granule	EX_cortical	9	0.08606739295129262	-0.004671367897108659	0.08070718932209205	124.13784461152882
ENSMUSG00000028785.14:B1	E:129015627-129015682	exon	129015627	129015682	4	poly(dT)	EX_cortical	EX_cerebellum_granule	8	0.30272893516333915	0.0	0.0	24.40350877192983
ENSMUSG00000028785.14:B1	E:129015627-129015682	exon	129015627	129015682	4	random hexamer	EX_cortical	EX_cerebellum_granule	9	0.27866035094040115	0.06028463007374277	0.06974769462277956	124.13784461152882
ENSMUSG00000028785.14:B1	J:129012555-129013942	junction	129012555	129013942	2	random hexamer	EX_cerebellum_granule	EX_cortical	6	0.16225039152189916	0.11296296296296299	0.08116521111411529	67.0
ENSMUSG00000028785.14:B1	J:129012555-129015014	junction	129012555	129015014	3	random hexamer	EX_cerebellum_granule	EX_cortical	6	0.09508462118835785	-0.1336700336700337	0.07695293377143013	69.0
ENSMUSG00000028785.14:B1	J:129012555-129015627	junction	129012555	129015627	4	random hexamer	EX_cortical	EX_cerebellum_granule	6	0.28265580396636086	0.0	0.0	73.0
ENSMUSG00000028809.17:B1	E:135080447-135080555	exon	135080447	135080555	2,3	poly(dT)	ODC	INH_migrating_interneuron	3	0.06982711270810461	-0.03587247191974977	0.2243570136050947	9.5
ENSMUSG00000028809.17:B1	E:135080447-135080555	exon	135080447	135080555	2,3	random hexamer	INH_medium_spiny	INH_midbrain	10	0.07279341474935255	-0.03050374425249195	0.08788995121064219	34.525
ENSMUSG00000028809.17:B2	E:135067918-135067933	exon	135067918	135067933	2	poly(dT)	ASC	ODC	3	0.15243107514023682	0.033249696353839474	0.3021266291689106	7.690476190476192
ENSMUSG00000028809.17:B2	E:135067918-135067933	exon	135067918	135067933	2	random hexamer	INH_migrating_interneuron	ODC	4	0.10944873082308254	0.15347426690488575	0.08888381433400368	16.71111111111111
ENSMUSG00000028809.17:B3	E:135056314-135056356	exon	135056314	135056356	2	random hexamer	ODC	EX_cortical	3	0.0636970406720027	-0.15614066590642664	0.2021811167887371	11.780094043887146
ENSMUSG00000028809.17:B3	J:135054534-135056314	junction	135054534	135056314	2	random hexamer	ASC	EX_cortical	7	0.07640682181699965	0.31725006439158926	0.14348036635748185	61.0
ENSMUSG00000028809.17:B3	J:135054534-135056683	junction	135054534	135056683	1	random hexamer	INH_medium_spiny	ASC	4	0.06274636163182716	0.05203130203130202	0.039265191016616845	49.0
ENSMUSG00000028809.17:B3	J:135056356-135056683	junction	135056356	135056683	2	random hexamer	ASC	EX_cortical	3	0.09848933939327804	0.38095238095238093	0.11904761904761904	21.0
ENSMUSG00000028991.16:B1	E:148533067-148533081	exon	148533067	148533081	2	random hexamer	INH_medium_spiny	INH_midbrain	3	0.08894238740808225	0.08879717895063162	0.08879717895063163	9.571428571428571
ENSMUSG00000029004.16:B1	E:23639438-23639446	exon	23639438	23639446	2	random hexamer	EX_cortical	ASC	10	0.22716380974102696	-0.09732835130492282	0.14173989823916816	21.620895522388057
ENSMUSG00000029055.18:B1	E:155095095-155095323	exon	155095095	155095323	1	random hexamer	INH_migrating_interneuron	EX_cortical	5	0.11938282736732382	0.004237188487848302	0.017390652140983467	78.24489795918366
ENSMUSG00000029055.18:B1	J:155093594-155095095	junction	155093594	155095095	1	random hexamer	INH_migrating_interneuron	EX_cortical	5	0.11938282736732382	0.0	0.0	74.0
ENSMUSG00000029055.18:B1	J:155093594-155095323	junction	155093594	155095323	2	random hexamer	EX_cortical	INH_migrating_interneuron	5	0.15344362586964116	0.0	0.0	74.0
ENSMUSG00000029055.18:B2	E:155067833-155068118	exon	155067833	155068118	2,3	random hexamer	INH_migrating_interneuron	EX_cortical	5	0.30383951800769543	0.004376445650108518	0.017453722835640364	46.205479452054796
ENSMUSG00000029055.18:B2	E:155068118-155069422	exon	155068118	155069422	2,3,4	random hexamer	INH_migrating_interneuron	EX_cortical	5	0.16175378539320037	-0.1958389269400696	0.10938689945216595	46.205479452054796
ENSMUSG00000029055.18:B2	E:155069822-155069849	exon	155069822	155069849	2	random hexamer	INH_migrating_interneuron	EX_cortical	5	0.3105744956460846	-0.31597358482800075	0.1129851992310094	46.205479452054796
ENSMUSG00000029055.18:B2	E:155070671-155071175	exon	155070671	155071175	2	random hexamer	INH_migrating_interneuron	EX_cortical	5	0.3105744956460846	-0.1542615624686404	0.06486244772600318	46.205479452054796
ENSMUSG00000029055.18:B2	E:155071175-155071473	exon	155071175	155071473	2,3,4	random hexamer	INH_migrating_interneuron	EX_cortical	5	0.16175378539320037	-0.01726642439932074	0.07040439336445567	46.205479452054796
ENSMUSG00000029055.18:B2	E:155073574-155073654	exon	155073574	155073654	2,3,4	random hexamer	INH_migrating_interneuron	EX_cortical	5	0.16175378539320037	0.08517315431926142	0.0925564835942337	46.205479452054796
ENSMUSG00000029055.18:B2	E:155073876-155074023	exon	155073876	155074023	2,3,4	random hexamer	INH_migrating_interneuron	EX_cortical	5	0.16175378539320037	0.010409083208664321	0.06948872126621386	46.205479452054796
ENSMUSG00000029055.18:B2	E:155074186-155074271	exon	155074186	155074271	2,3,4	random hexamer	INH_migrating_interneuron	EX_cortical	5	0.16175378539320037	-0.015756409004379322	0.054215988152473284	46.205479452054796
ENSMUSG00000029055.18:B2	E:155074349-155074474	exon	155074349	155074474	2,3,4	random hexamer	INH_migrating_interneuron	EX_cortical	5	0.16175378539320037	-0.18150738760123067	0.1680928629328379	46.205479452054796
ENSMUSG00000029055.18:B2	E:155075145-155075253	exon	155075145	155075253	2,3,4	random hexamer	INH_migrating_interneuron	EX_cortical	5	0.16175378539320037	-0.23898696829757124	0.12952225156708805	46.205479452054796
ENSMUSG00000029055.18:B2	E:155075471-155075654	exon	155075471	155075654	2,3,4	random hexamer	INH_migrating_interneuron	EX_cortical	5	0.16175378539320037	-0.25400577734231367	0.16071711765765015	46.205479452054796
ENSMUSG00000029055.18:B2	E:155075741-155075839	exon	155075741	155075839	2,3,4	random hexamer	INH_migrating_interneuron	EX_cortical	5	0.16175378539320037	-0.24840528342146162	0.1705176187187151	46.205479452054796
ENSMUSG00000029055.18:B2	E:155076989-155077072	exon	155076989	155077072	2,3,4	random hexamer	INH_migrating_interneuron	EX_cortical	5	0.16175378539320037	-0.1374322774277308	0.1481818855177647	46.205479452054796
ENSMUSG00000029055.18:B2	E:155077381-155077480	exon	155077381	155077480	2,3,4	random hexamer	INH_migrating_interneuron	EX_cortical	5	0.16175378539320037	-0.11328311290912105	0.020000048695896635	46.205479452054796
ENSMUSG00000029055.18:B2	E:155080588-155080747	exon	155080588	155080747	2,3,4	random hexamer	INH_migrating_interneuron	EX_cortical	5	0.16175378539320037	-0.020899402608756158	0.1841594646324494	46.205479452054796
ENSMUSG00000029055.18:B2	E:155082600-155082909	exon	155082600	155082909	1	random hexamer	EX_cortical	INH_migrating_interneuron	5	0.16175378539320034	-0.01532084720995934	0.009164974632968191	46.205479452054796
ENSMUSG00000029055.18:B2	J:155075839-155076989	junction	155075839	155076989	2,3,4	random hexamer	INH_migrating_interneuron	EX_cortical	4	0.15718670950401012	-0.09545454545454543	0.05523553373805509	34.0
ENSMUSG00000029095.18:B1	E:35915223-35915309	exon	35915223	35915309	1	random hexamer	INH_medium_spiny	EX_cortical	7	0.12871004688983412	0.24797884571157233	0.1328527252778914	89.02272727272728
ENSMUSG00000029095.18:B1	E:35915309-35915404	exon	35915309	35915404	1,2	random hexamer	INH_medium_spiny	EX_cortical	7	0.08686623273483274	0.40238333450943153	0.20036538304403417	89.02272727272728
ENSMUSG00000029095.18:B1	E:35955796-35955940	exon	35955796	35955940	1,2	random hexamer	INH_medium_spiny	EX_cortical	7	0.08686623273483274	0.2541755876956004	0.07308196953568098	89.02272727272728
ENSMUSG00000029095.18:B1	E:35959703-35959887	exon	35959703	35959887	1,2	random hexamer	INH_medium_spiny	EX_cortical	7	0.08686623273483274	0.47053269165829065	0.10376570134047194	89.02272727272728
ENSMUSG00000029095.18:B1	E:35964382-35964498	exon	35964382	35964498	1,2	random hexamer	INH_medium_spiny	EX_cortical	7	0.08686623273483274	0.02484946290028712	0.12397545623278142	89.02272727272728
ENSMUSG00000029095.18:B1	E:35966526-35966653	exon	35966526	35966653	1,2	random hexamer	INH_medium_spiny	EX_cortical	7	0.08686623273483274	0.21099712411681693	0.08276449310093335	89.02272727272728
ENSMUSG00000029095.18:B1	E:35969469-35969563	exon	35969469	35969563	1,2	random hexamer	INH_medium_spiny	EX_cortical	7	0.08686623273483274	0.271726574965946	0.10372158978340697	89.02272727272728
ENSMUSG00000029095.18:B1	E:35971769-35972007	exon	35971769	35972007	3	random hexamer	EX_cortical	INH_medium_spiny	7	0.08686623273483275	0.1405383718649198	0.12311528646494314	89.02272727272728
ENSMUSG00000029095.18:B1	J:35969563-35981368	junction	35969563	35981368	1,2	random hexamer	INH_medium_spiny	EX_cortical	5	0.11299000555746894	0.43775910364145665	0.10014468462006788	58.0
ENSMUSG00000029095.18:B1	J:35972007-35981368	junction	35972007	35981368	3	random hexamer	EX_cortical	INH_medium_spiny	5	0.11299000555746894	0.43775910364145665	0.10014468462006793	58.0
ENSMUSG00000029095.18:B3	E:36000511-36000610	exon	36000511	36000610	2,3	poly(dT)	EX_cortical	INH_medium_spiny	3	0.17016337552355443	0.10563111476944904	0.18961726333752632	9.295454545454545
ENSMUSG00000029095.18:B3	E:36000511-36000610	exon	36000511	36000610	2,3	random hexamer	EX_cortical	INH_medium_spiny	7	0.16369293984972555	0.19614525426986523	0.13895715285034488	120.61363636363636
ENSMUSG00000029095.18:B3	E:36006859-36006913	exon	36006859	36006913	1,2,4	poly(dT)	INH_medium_spiny	EX_cortical	3	0.3372757536260546	-0.31077023401953374	0.2781759744131166	9.295454545454545
ENSMUSG00000029095.18:B3	E:36006859-36006913	exon	36006859	36006913	1,2,4	random hexamer	INH_medium_spiny	EX_cortical	7	0.15291792557728792	0.0022560055093836756	0.05507279964847902	120.61363636363636
ENSMUSG00000029095.18:B3	E:36024048-36024110	exon	36024048	36024110	1,4	poly(dT)	INH_medium_spiny	EX_cortical	3	0.17016337552355443	-0.1039426523297491	0.10394265232974911	9.295454545454545
ENSMUSG00000029095.18:B3	E:36024048-36024110	exon	36024048	36024110	1,4	random hexamer	INH_medium_spiny	EX_cortical	7	0.16369293984972555	-0.29413480771497225	0.14502944211229185	120.61363636363636
ENSMUSG00000029095.18:B3	E:36030513-36030568	exon	36030513	36030568	1,4	poly(dT)	INH_medium_spiny	EX_cortical	3	0.17016337552355443	0.012555810202868964	0.4946550110477055	9.295454545454545
ENSMUSG00000029095.18:B3	E:36030513-36030568	exon	36030513	36030568	1,4	random hexamer	INH_medium_spiny	EX_cortical	7	0.16369293984972555	-0.1407656609497526	0.12939146285007488	120.61363636363636
ENSMUSG00000029095.18:B3	E:36041810-36042317	exon	36041810	36042317	4	poly(dT)	INH_medium_spiny	EX_cortical	3	0.13202491937543942	0.09307089477414644	0.155410712043856	9.295454545454545
ENSMUSG00000029095.18:B3	E:36041810-36042317	exon	36041810	36042317	4	random hexamer	INH_medium_spiny	EX_cortical	7	0.14517290888801598	0.013370052215927944	0.01682341854001115	120.61363636363636
ENSMUSG00000029095.18:B3	J:35998745-36000511	junction	35998745	36000511	2,3	random hexamer	EX_cortical	INH_medium_spiny	5	0.1507940400456015	0.0027272727272727336	0.06728774061246925	49.0
ENSMUSG00000029095.18:B3	J:35998745-36006147	junction	35998745	36006147	4	random hexamer	INH_medium_spiny	EX_cortical	6	0.13593843804164651	-0.0036519036519036645	0.05264012532558047	66.0
ENSMUSG00000029095.18:B3	J:36015308-36024048	junction	36015308	36024048	1,4	random hexamer	INH_medium_spiny	EX_cortical	3	0.15593443182749184	-0.11375661375661371	0.07162426651153904	21.0
ENSMUSG00000029095.18:B3	J:36015308-36031976	junction	36015308	36031976	2,3	random hexamer	EX_cortical	INH_medium_spiny	3	0.15593443182749192	-0.083531746031746	0.0712235262420376	23.0
ENSMUSG00000029108.15:B1	E:57875308-57875361	exon	57875308	57875361	1	poly(dT)	EX_cortical	INH_migrating_interneuron	3	0.1423516605247218	-0.3617202070480096	0.18497361449025282	5.311475409836065
ENSMUSG00000029108.15:B1	E:57875308-57875361	exon	57875308	57875361	1	random hexamer	INH_midbrain	EX_cortical	5	0.20643745363374122	0.09775136854189086	0.06912206305837837	19.03551912568306
ENSMUSG00000029108.15:B1	E:57875361-57876438	exon	57875361	57876438	1,2	poly(dT)	EX_cortical	INH_migrating_interneuron	3	0.09489367599905134	-0.270726130929204	0.27072613092920406	5.311475409836065
ENSMUSG00000029108.15:B1	E:57875361-57876438	exon	57875361	57876438	1,2	random hexamer	EX_cortical	INH_migrating_interneuron	6	0.06943018672621327	-0.20693245171803898	0.13746813055452686	24.516393442622952
ENSMUSG00000029120.11:B1	E:37025856-37026006	exon	37025856	37026006	2	random hexamer	INH_midbrain	EX_cortical	4	0.09034941502959606	0.041062236787093274	0.05422924611826681	16.907894736842103
ENSMUSG00000029245.17:B2	E:84381441-84381777	exon	84381441	84381777	3	poly(dT)	INH_migrating_interneuron	EX_cortical	3	0.09574754938913366	0.18049837909940988	0.09147879242993816	5.753240963855422
ENSMUSG00000029245.17:B2	E:84381441-84381777	exon	84381441	84381777	3	random hexamer	INH_midbrain	INH_migrating_interneuron	3	0.15544234172009555	0.5764562689111604	0.2262746421885311	8.37778313253012
ENSMUSG00000029245.17:B2	E:84385257-84385413	exon	84385257	84385413	2,3	poly(dT)	INH_migrating_interneuron	EX_cortical	3	0.07744235348231847	0.1281414566663149	0.1281414566663149	5.753240963855422
ENSMUSG00000029245.17:B2	E:84385257-84385413	exon	84385257	84385413	2,3	random hexamer	INH_midbrain	EX_cortical	4	0.05830847935579836	-0.0474182390858216	0.18334912815590287	10.262349397590363
ENSMUSG00000029406.16:B1	E:124325001-124325245	exon	124325001	124325245	1	poly(dT)	INH_medium_spiny	EX_cortical	3	0.08134874375396613	0.3621497318353309	0.5191551313500837	6.2102272727272725
ENSMUSG00000029406.16:B1	E:124325001-124325245	exon	124325001	124325245	1	random hexamer	ASC	INH_medium_spiny	3	0.30018565342450365	-0.3434093784452453	0.2533673237268338	7.8125
ENSMUSG00000029406.16:B1	E:124327604-124327810	exon	124327604	124327810	2	random hexamer	EX_cortical	INH_medium_spiny	9	0.0586488548763699	-0.027298091487738388	0.08795965925808784	31.14204545454545
ENSMUSG00000029406.16:B1	E:124354378-124354480	exon	124354378	124354480	3,4	poly(dT)	EX_cortical	INH_medium_spiny	3	0.093034457542933	-0.22478324663198612	0.22478324663198612	6.2102272727272725
ENSMUSG00000029406.16:B1	E:124354378-124354480	exon	124354378	124354480	3,4	random hexamer	INH_medium_spiny	ASC	3	0.27506850082845097	0.16165210941580524	0.09158017351035608	7.8125
ENSMUSG00000029406.16:B1	E:124354480-124354481	exon	124354480	124354481	3	poly(dT)	EX_cortical	INH_medium_spiny	3	0.10216764279157227	0.0	0.0	6.2102272727272725
ENSMUSG00000029406.16:B1	E:124354480-124354481	exon	124354480	124354481	3	random hexamer	INH_medium_spiny	INH_migrating_interneuron	3	0.25077930597974823	0.0	0.0	9.176136363636363
ENSMUSG00000029406.16:B1	E:124387490-124387514	exon	124387490	124387514	4	random hexamer	EX_cortical	ASC	5	0.06910190217633314	0.020661393216318946	0.09079979429932702	19.323863636363633
ENSMUSG00000029406.16:B1	J:124290782-124325001	junction	124290782	124325001	1	random hexamer	EX_cortical	INH_medium_spiny	3	0.06293550031896797	0.37318007662835245	0.12681992337164752	42.0
ENSMUSG00000029406.16:B1	J:124290782-124327604	junction	124290782	124327604	2	random hexamer	EX_cortical	INH_medium_spiny	3	0.06896399882728659	0.0	0.0	42.0
ENSMUSG00000029406.16:B1	J:124290782-124354378	junction	124290782	124354378	3,4	random hexamer	INH_medium_spiny	EX_cortical	3	0.13189949914625457	0.19348659003831414	0.07421981083452307	42.0
ENSMUSG00000029420.15:B1	E:128896911-128897086	exon	128896911	128897086	1	random hexamer	INH_medium_spiny	EX_cortical	3	0.08654370415590422	0.043360704258824434	0.46135987886055285	9.047619047619047
ENSMUSG00000029420.15:B1	E:128914726-128914841	exon	128914726	128914841	2,3	random hexamer	EX_cortical	INH_medium_spiny	3	0.08654370415590414	-0.3702247159865459	0.2162065662959012	9.047619047619047
ENSMUSG00000029420.15:B1	E:128922647-128922735	exon	128922647	128922735	2,3	random hexamer	EX_cortical	INH_medium_spiny	3	0.08654370415590414	-0.40437505689088	0.29752065949333767	9.047619047619047
ENSMUSG00000029420.15:B1	E:129030030-129030119	exon	129030030	129030119	2,3	random hexamer	EX_cortical	INH_medium_spiny	3	0.08654370415590414	-0.6493546735645191	0.32502330970085425	9.047619047619047
ENSMUSG00000029420.15:B3	E:128861989-128862013	exon	128861989	128862013	2	random hexamer	INH_midbrain	EX_cortical	7	0.1333131734564516	-0.027459640097503426	0.12304371545585899	32.674350469872856
ENSMUSG00000029420.15:B3	E:128863715-128863862	exon	128863715	128863862	2	random hexamer	INH_midbrain	EX_cortical	7	0.1333131734564516	0.07008416222077717	0.06463538280548747	32.674350469872856
ENSMUSG00000029420.15:B3	E:128865222-128865276	exon	128865222	128865276	2	random hexamer	INH_midbrain	EX_cortical	7	0.1333131734564516	0.10641914178933527	0.06639219866908885	32.674350469872856
ENSMUSG00000029420.15:B6	E:128834858-128837464	exon	128834858	128837464	1	poly(dT)	INH_midbrain	INH_medium_spiny	4	0.14053075155170666	0.1583565195285429	0.10549098720699761	19.3953488372093
ENSMUSG00000029461.18:B1	E:100355841-100355907	exon	100355841	100355907	1	random hexamer	EX_cortical	EX_cerebellum_granule	6	0.1297475177362011	-0.024385492296178406	0.12228174829203933	54.80681818181819
ENSMUSG00000029461.18:B1	E:100355907-100355908	exon	100355907	100355908	1,2	random hexamer	INH_medium_spiny	INH_migrating_interneuron	6	0.14768089010951344	0.0020400259205090587	0.22157978173889642	35.30681818181818
ENSMUSG00000029461.18:B1	E:100355908-100355926	exon	100355908	100355926	1,2,3	random hexamer	EX_cortical	EX_cerebellum_granule	6	0.07826064797747102	-0.2599058917567653	0.19384385117055736	54.80681818181819
ENSMUSG00000029461.18:B1	E:100363321-100363361	exon	100363321	100363361	3	random hexamer	INH_migrating_interneuron	INH_medium_spiny	6	0.11874349599777784	-0.022564996232581836	0.05937332890396683	35.30681818181818
ENSMUSG00000029461.18:B1	J:100356100-100363321	junction	100356100	100363321	3	random hexamer	INH_migrating_interneuron	INH_medium_spiny	3	0.1282481074904279	0.0	0.0	27.0
ENSMUSG00000029461.18:B1	J:100356100-100436010	junction	100356100	100436010	1,2,4	random hexamer	INH_medium_spiny	INH_migrating_interneuron	3	0.12824810749042803	0.0	0.0	27.0
ENSMUSG00000029461.18:B1	J:100363361-100436010	junction	100363361	100436010	3	random hexamer	INH_migrating_interneuron	INH_medium_spiny	3	0.1282481074904279	0.0	0.0	27.0
ENSMUSG00000029461.18:B2	E:100467942-100467969	exon	100467942	100467969	2	poly(dT)	EX_cortical	INH_medium_spiny	3	0.15289125751436045	0.07627469078087995	0.20787295486936835	5.35273368606702
ENSMUSG00000029461.18:B2	E:100467942-100467969	exon	100467942	100467969	2	random hexamer	EX_cortical	INH_migrating_interneuron	5	0.17582291888746937	-0.021904140417408024	0.15598772867876354	9.990740740740742
ENSMUSG00000029467.16:B1	E:122639958-122640288	exon	122639958	122640288	2	random hexamer	INH_medium_spiny	INH_migrating_interneuron	3	0.1731821828686504	0.0	0.0	6.7804878048780495
ENSMUSG00000029478.17:B1	E:125179706-125179763	exon	125179706	125179763	1,2,3	poly(dT)	EX_cortical	INH_migrating_interneuron	3	0.13155942078733138	-0.2985087930263369	0.2985087930263369	7.320754716981131
ENSMUSG00000029478.17:B1	E:125179706-125179763	exon	125179706	125179763	1,2,3	random hexamer	INH_migrating_interneuron	INH_midbrain	5	0.09829574186926789	-0.032814923940991614	0.1358911612612587	16.79245283018868
ENSMUSG00000029478.17:B1	E:125183262-125183376	exon	125183262	125183376	1,2,3	poly(dT)	EX_cortical	INH_migrating_interneuron	3	0.13155942078733138	-0.11180676860501425	0.07934856777778174	7.320754716981131
ENSMUSG00000029478.17:B1	E:125183262-125183376	exon	125183262	125183376	1,2,3	random hexamer	INH_migrating_interneuron	INH_midbrain	5	0.09829574186926789	-0.16115337167042448	0.13097496205128575	16.79245283018868
ENSMUSG00000029478.17:B1	E:125186956-125187136	exon	125186956	125187136	1,2,3	poly(dT)	EX_cortical	INH_migrating_interneuron	3	0.13155942078733138	0.0682735088985089	0.06827350889850889	7.320754716981131
ENSMUSG00000029478.17:B1	E:125186956-125187136	exon	125186956	125187136	1,2,3	random hexamer	INH_migrating_interneuron	INH_midbrain	5	0.09829574186926789	-0.18175816582630913	0.13899325808161672	16.79245283018868
ENSMUSG00000029478.17:B1	E:125195680-125195858	exon	125195680	125195858	1,2,3	poly(dT)	EX_cortical	INH_migrating_interneuron	3	0.13155942078733138	0.19628018413130777	0.30214478178665743	7.320754716981131
ENSMUSG00000029478.17:B1	E:125195680-125195858	exon	125195680	125195858	1,2,3	random hexamer	INH_migrating_interneuron	INH_midbrain	5	0.09829574186926789	0.08631815087502623	0.13787517002154273	16.79245283018868
ENSMUSG00000029478.17:B1	E:125196545-125196673	exon	125196545	125196673	1,2,3	poly(dT)	EX_cortical	INH_migrating_interneuron	3	0.13155942078733138	-0.011240333017676766	0.011240333017676764	7.320754716981131
ENSMUSG00000029478.17:B1	E:125196545-125196673	exon	125196545	125196673	1,2,3	random hexamer	INH_migrating_interneuron	INH_midbrain	5	0.09829574186926789	0.17787379421221866	0.17787379421221866	16.79245283018868
ENSMUSG00000029478.17:B1	E:125201833-125201964	exon	125201833	125201964	1,2,4	poly(dT)	INH_migrating_interneuron	EX_cortical	3	0.18238473460322754	0.0301391780399414	0.0301391780399414	7.320754716981131
ENSMUSG00000029478.17:B1	E:125201833-125201964	exon	125201833	125201964	1,2,4	random hexamer	EX_cerebellum_granule	EX_cortical	3	0.15665144190852118	0.23344687953158771	0.1689377946059424	9.283018867924529
ENSMUSG00000029478.17:B1	E:125201964-125202044	exon	125201964	125202044	2,4	poly(dT)	INH_medium_spiny	EX_cortical	3	0.11125664950049162	-0.3877698538217224	0.31156310275662724	10.339622641509434
ENSMUSG00000029478.17:B1	E:125201964-125202044	exon	125201964	125202044	2,4	random hexamer	EX_cerebellum_granule	INH_migrating_interneuron	4	0.06795057449289917	0.11235338009000997	0.06803917254896932	7.962264150943397
ENSMUSG00000029478.17:B1	E:125230670-125230716	exon	125230670	125230716	3,4	poly(dT)	INH_medium_spiny	EX_cortical	3	0.16311539876538309	0.0029095300834431	0.0029095300834431	10.339622641509434
ENSMUSG00000029478.17:B1	E:125230670-125230716	exon	125230670	125230716	3,4	random hexamer	EX_cortical	EX_cerebellum_granule	3	0.1602328492943158	-0.24961055100469087	0.3821363755277791	9.283018867924529
ENSMUSG00000029478.17:B1	E:125256060-125256117	exon	125256060	125256117	2,3,4	poly(dT)	INH_medium_spiny	EX_cortical	3	0.22445439643409396	-0.02725059877121733	0.08268380066466513	10.339622641509434
ENSMUSG00000029478.17:B1	E:125256060-125256117	exon	125256060	125256117	2,3,4	random hexamer	EX_cortical	EX_cerebellum_granule	3	0.1779087016477752	-0.3268762183235867	0.39507412475995807	9.283018867924529
ENSMUSG00000029478.17:B1	E:125256117-125256244	exon	125256117	125256244	3,4	poly(dT)	INH_medium_spiny	EX_cortical	3	0.16311539876538309	0.011076242578393734	0.019502897922288886	10.339622641509434
ENSMUSG00000029478.17:B1	E:125256117-125256244	exon	125256117	125256244	3,4	random hexamer	EX_cortical	EX_cerebellum_granule	3	0.1602328492943158	0.07398017875745892	0.08515256170707178	9.283018867924529
ENSMUSG00000029478.17:B1	E:125256244-125256266	exon	125256244	125256266	4	poly(dT)	INH_migrating_interneuron	EX_cortical	3	0.1315594207873313	0.0	0.0	7.320754716981131
ENSMUSG00000029478.17:B1	E:125256244-125256266	exon	125256244	125256266	4	random hexamer	INH_midbrain	INH_migrating_interneuron	5	0.0982957418692679	-0.07823571091166745	0.1061183614724027	16.79245283018868
ENSMUSG00000029478.17:B1	J:125175063-125201833	junction	125175063	125201833	4	random hexamer	EX_cortical	EX_hippocampus_granule	3	0.1668114485214678	0.0	0.0	46.0
ENSMUSG00000029478.17:B1	J:125183376-125186956	junction	125183376	125186956	1,2,3	random hexamer	INH_migrating_interneuron	INH_midbrain	4	0.1082237101715181	0.0	0.0	51.0
ENSMUSG00000029478.17:B1	J:125187136-125195680	junction	125187136	125195680	1,2,3	random hexamer	EX_cortical	INH_migrating_interneuron	4	0.19216210453015076	0.0	0.0	35.0
ENSMUSG00000029478.17:B1	J:125195858-125196545	junction	125195858	125196545	1,2,3	random hexamer	EX_cortical	INH_medium_spiny	4	0.1430775797943577	0.0	0.0	30.0
ENSMUSG00000029478.17:B1	J:125196673-125201833	junction	125196673	125201833	1,2	random hexamer	EX_cortical	INH_midbrain	6	0.07366505153074278	0.08078209788736103	0.06339789836295749	53.0
ENSMUSG00000029478.17:B1	J:125196673-125230670	junction	125196673	125230670	3	random hexamer	EX_hippocampus_granule	EX_cortical	3	0.056101847629616654	0.018055555555555533	0.009722222222222212	59.0
ENSMUSG00000029478.17:B1	J:125202044-125230670	junction	125202044	125230670	4	random hexamer	INH_midbrain	EX_cortical	4	0.11556790070986055	-0.019345238095238082	0.23778967247385452	31.0
ENSMUSG00000029478.17:B1	J:125202044-125256060	junction	125202044	125256060	2	random hexamer	INH_midbrain	EX_cortical	8	0.07596961240634245	0.030952380952380953	0.024857872640263214	72.0
ENSMUSG00000029478.17:B2	E:125119028-125119031	exon	125119028	125119031	2	random hexamer	EX_cerebellum_granule	INH_medium_spiny	5	0.2171980026598074	-0.036522538961512516	0.036522538961512516	20.936329404860874
ENSMUSG00000029478.17:B3	E:125114440-125114443	exon	125114440	125114443	2	random hexamer	INH_midbrain	INH_migrating_interneuron	3	0.11846647112726268	-0.45984468716050175	0.23286383108658734	5.814470980086458
ENSMUSG00000029478.17:B4	E:125114125-125114230	exon	125114125	125114230	2	random hexamer	INH_midbrain	EX_cerebellum_granule	3	0.14262403899793863	-0.2015613066011979	0.1321695189415058	4.413958787398455
ENSMUSG00000029478.17:B6	E:125094218-125094225	exon	125094218	125094225	2	random hexamer	EX_hippocampus_granule	ASC	3	0.34081604039362223	-0.07284580498866212	0.07284580498866214	7.437743190661479
ENSMUSG00000029478.17:B6	E:125094225-125094898	exon	125094225	125094898	2,3	random hexamer	EX_hippocampus_granule	ASC	3	0.4647098011820268	-0.0022725487085617224	0.08281608253605803	7.437743190661479
ENSMUSG00000029505.18:B1	E:110917914-110918021	exon	110917914	110918021	1	random hexamer	EX_cerebellum_granule	INH_migrating_interneuron	3	0.0738885721620736	0.0	0.0	11.458394160583943
ENSMUSG00000029505.18:B1	E:110918357-110918393	exon	110918357	110918393	2,3	random hexamer	INH_migrating_interneuron	EX_cerebellum_granule	3	0.07388857216207367	-0.6425743832613159	0.2572392097036936	11.458394160583943
ENSMUSG00000029505.18:B1	E:110918393-110918583	exon	110918393	110918583	3	random hexamer	EX_cortical	INH_medium_spiny	5	0.10634646330950526	0.03469025889830085	0.18263949301527288	20.649635036496345
ENSMUSG00000029505.18:B1	J:110904632-110917914	junction	110904632	110917914	1	random hexamer	INH_midbrain	INH_medium_spiny	3	0.06786697539739857	0.08316430020283977	0.08316430020283977	40.0
ENSMUSG00000029505.18:B1	J:110904632-110918357	junction	110904632	110918357	2,3	random hexamer	INH_medium_spiny	INH_midbrain	3	0.0678669753973985	0.08316430020283976	0.08316430020283976	40.0
ENSMUSG00000029505.18:B2	E:110901669-110901780	exon	110901669	110901780	2	random hexamer	EX_cerebellum_granule	INH_migrating_interneuron	3	0.08765299498402669	0.22610209331160205	0.20234950753066847	9.784142135237026
ENSMUSG00000029505.18:B3	E:110888047-110888155	exon	110888047	110888155	2	random hexamer	INH_medium_spiny	EX_cortical	5	0.14037096189946355	0.042603209483507806	0.15317344703815752	29.06419746057052
ENSMUSG00000029505.18:B3	J:110887547-110888047	junction	110887547	110888047	2	random hexamer	INH_medium_spiny	EX_cortical	4	0.16859994014791824	0.15814114466477439	0.10901224241173843	34.0
ENSMUSG00000029505.18:B3	J:110887547-110889835	junction	110887547	110889835	1	random hexamer	EX_cortical	INH_medium_spiny	4	0.16859994014791818	0.1180428971051826	0.11176140673862049	41.0
ENSMUSG00000029505.18:B3	J:110888155-110889835	junction	110888155	110889835	2	random hexamer	INH_medium_spiny	EX_cortical	4	0.16859994014791824	-0.013839285714285735	0.055201915298877045	33.0
ENSMUSG00000029505.18:B4	E:110812238-110812243	exon	110812238	110812243	1,3	random hexamer	INH_medium_spiny	INH_midbrain	4	0.09708364771439973	0.0	0.0	24.064766839378237
ENSMUSG00000029505.18:B4	E:110812243-110813940	exon	110812243	110813940	1,2,3	random hexamer	INH_migrating_interneuron	EX_cerebellum_granule	3	0.07252473721549635	-0.017189789952020775	0.04110441492507456	12.733160621761659
ENSMUSG00000029505.18:B4	E:110814405-110814483	exon	110814405	110814483	1,2,3	random hexamer	INH_migrating_interneuron	EX_cerebellum_granule	3	0.07252473721549635	-0.1582514328025908	0.3546561051880363	12.733160621761659
ENSMUSG00000029505.18:B4	E:110815333-110815480	exon	110815333	110815480	1,2,3	random hexamer	INH_migrating_interneuron	EX_cerebellum_granule	3	0.07252473721549635	0.10225745841762324	0.3756905989828468	12.733160621761659
ENSMUSG00000029505.18:B4	E:110815928-110816056	exon	110815928	110816056	1,2,3	random hexamer	INH_migrating_interneuron	EX_cerebellum_granule	3	0.07252473721549635	0.08904163764884725	0.15614626524490574	12.733160621761659
ENSMUSG00000029505.18:B4	E:110816415-110816590	exon	110816415	110816590	1,2,3	random hexamer	INH_migrating_interneuron	EX_cerebellum_granule	3	0.07252473721549635	-0.2627663757025052	0.13707817322933946	12.733160621761659
ENSMUSG00000029505.18:B4	E:110816590-110816611	exon	110816590	110816611	1,2	random hexamer	INH_medium_spiny	INH_midbrain	4	0.09788827519965165	0.15311611796509492	0.08460040692431828	24.064766839378237
ENSMUSG00000029505.18:B4	E:110818740-110818962	exon	110818740	110818962	1,2,3	random hexamer	INH_migrating_interneuron	EX_cerebellum_granule	3	0.07252473721549635	-0.2819555444814105	0.08281096898477516	12.733160621761659
ENSMUSG00000029505.18:B4	E:110820974-110821159	exon	110820974	110821159	1,2,3	random hexamer	INH_migrating_interneuron	EX_cerebellum_granule	3	0.07252473721549635	-0.08030955127600466	0.27818371111108264	12.733160621761659
ENSMUSG00000029505.18:B4	E:110821272-110821480	exon	110821272	110821480	1,2,3	random hexamer	INH_migrating_interneuron	EX_cerebellum_granule	3	0.07252473721549635	0.003482701189080987	0.1528668617256663	12.733160621761659
ENSMUSG00000029505.18:B4	E:110822726-110822836	exon	110822726	110822836	1,2,3	random hexamer	INH_migrating_interneuron	EX_cerebellum_granule	3	0.07252473721549635	-0.20756562873373852	0.17555573473732436	12.733160621761659
ENSMUSG00000029505.18:B4	E:110822909-110822955	exon	110822909	110822955	1,2,3	random hexamer	INH_migrating_interneuron	EX_cerebellum_granule	3	0.07252473721549635	0.17027296824686142	0.3371986941937622	12.733160621761659
ENSMUSG00000029505.18:B4	E:110824316-110824613	exon	110824316	110824613	1,2,3	random hexamer	INH_migrating_interneuron	EX_cerebellum_granule	3	0.07252473721549635	-0.20296049563252425	0.20296049563252425	12.733160621761659
ENSMUSG00000029505.18:B4	E:110824725-110824804	exon	110824725	110824804	1,2,3	random hexamer	INH_migrating_interneuron	EX_cerebellum_granule	3	0.07252473721549635	-0.03478423004412775	0.03478423004412775	12.733160621761659
ENSMUSG00000029505.18:B4	E:110827829-110827886	exon	110827829	110827886	1,2,3	random hexamer	INH_migrating_interneuron	EX_cerebellum_granule	3	0.07252473721549635	-0.2754460301452247	0.18777589567102457	12.733160621761659
ENSMUSG00000029505.18:B4	E:110828007-110828144	exon	110828007	110828144	1,2,3	random hexamer	INH_migrating_interneuron	EX_cerebellum_granule	3	0.07252473721549635	-0.13343130689511798	0.2740990974564051	12.733160621761659
ENSMUSG00000029505.18:B4	E:110830664-110830838	exon	110830664	110830838	1,2,3	random hexamer	INH_migrating_interneuron	EX_cerebellum_granule	3	0.07252473721549635	-0.21595917742513346	0.3708625150042867	12.733160621761659
ENSMUSG00000029505.18:B4	E:110831001-110831243	exon	110831001	110831243	1,2,3	random hexamer	INH_migrating_interneuron	EX_cerebellum_granule	3	0.07252473721549635	-0.0002165552760630037	0.04327236293904428	12.733160621761659
ENSMUSG00000029505.18:B4	E:110831711-110831865	exon	110831711	110831865	1,2,3	random hexamer	INH_migrating_interneuron	EX_cerebellum_granule	3	0.07252473721549635	0.024639346355164033	0.024639346355164037	12.733160621761659
ENSMUSG00000029505.18:B4	E:110831952-110831997	exon	110831952	110831997	1,2,3	random hexamer	INH_migrating_interneuron	EX_cerebellum_granule	3	0.07252473721549635	-0.0355705070693243	0.019946065563594084	12.733160621761659
ENSMUSG00000029505.18:B4	E:110832398-110832533	exon	110832398	110832533	1,2,3	random hexamer	INH_migrating_interneuron	EX_cerebellum_granule	3	0.07252473721549635	0.015445517905429392	0.01252347679242484	12.733160621761659
ENSMUSG00000029505.18:B4	E:110832942-110833026	exon	110832942	110833026	1,2,3	random hexamer	INH_migrating_interneuron	EX_cerebellum_granule	3	0.07252473721549635	0.018489076471023824	0.26622914549214793	12.733160621761659
ENSMUSG00000029505.18:B4	E:110833217-110833376	exon	110833217	110833376	1,2,3	random hexamer	INH_migrating_interneuron	EX_cerebellum_granule	3	0.07252473721549635	0.18846966067880802	0.15403220022813563	12.733160621761659
ENSMUSG00000029505.18:B4	E:110835663-110835807	exon	110835663	110835807	1,2,3	random hexamer	INH_migrating_interneuron	EX_cerebellum_granule	3	0.07252473721549635	0.05037403929658413	0.23262117603406954	12.733160621761659
ENSMUSG00000029505.18:B4	E:110836057-110836169	exon	110836057	110836169	1,2,3	random hexamer	INH_migrating_interneuron	EX_cerebellum_granule	3	0.07252473721549635	-0.3947829347314822	0.3027039106862191	12.733160621761659
ENSMUSG00000029505.18:B4	E:110839484-110839534	exon	110839484	110839534	1,2,3	random hexamer	INH_migrating_interneuron	EX_cerebellum_granule	3	0.07252473721549635	-0.404481505096053	0.33396585853881994	12.733160621761659
ENSMUSG00000029505.18:B4	E:110839534-110839681	exon	110839534	110839681	1,2	random hexamer	INH_medium_spiny	INH_midbrain	4	0.09788827519965165	0.07462280711456099	0.060751245362781765	24.064766839378237
ENSMUSG00000029505.18:B4	E:110841031-110841201	exon	110841031	110841201	1,2	random hexamer	INH_medium_spiny	INH_midbrain	4	0.09788827519965165	0.052528771607105215	0.06161031959206676	24.064766839378237
ENSMUSG00000029505.18:B4	E:110841285-110841436	exon	110841285	110841436	1,2	random hexamer	INH_medium_spiny	INH_midbrain	4	0.09788827519965165	0.11171695280867996	0.11171695280867995	24.064766839378237
ENSMUSG00000029505.18:B4	E:110841436-110841488	exon	110841436	110841488	1,2,3	random hexamer	INH_migrating_interneuron	EX_cerebellum_granule	3	0.07252473721549635	0.08623771224307418	0.08623771224307417	12.733160621761659
ENSMUSG00000029505.18:B4	E:110843138-110843404	exon	110843138	110843404	1,2,3	random hexamer	INH_migrating_interneuron	EX_cerebellum_granule	3	0.07252473721549635	0.03139099738052057	0.024489297437869623	12.733160621761659
ENSMUSG00000029505.18:B4	E:110843818-110843913	exon	110843818	110843913	1,2,3	random hexamer	INH_migrating_interneuron	EX_cerebellum_granule	3	0.07252473721549635	0.04600166845429626	0.04600166845429626	12.733160621761659
ENSMUSG00000029505.18:B4	E:110845074-110845233	exon	110845074	110845233	1,2,3	random hexamer	INH_migrating_interneuron	EX_cerebellum_granule	3	0.07252473721549635	0.022097591261236907	0.07834685720825825	12.733160621761659
ENSMUSG00000029505.18:B4	E:110846617-110846782	exon	110846617	110846782	1,2,3	random hexamer	INH_migrating_interneuron	EX_cerebellum_granule	3	0.07252473721549635	-0.21763079490161585	0.11935594534226981	12.733160621761659
ENSMUSG00000029505.18:B4	E:110849486-110849656	exon	110849486	110849656	1,2,3	random hexamer	INH_migrating_interneuron	EX_cerebellum_granule	3	0.07252473721549635	0.04001007479367439	0.11150071999234565	12.733160621761659
ENSMUSG00000029505.18:B4	E:110851317-110851484	exon	110851317	110851484	1,2,3	random hexamer	INH_migrating_interneuron	EX_cerebellum_granule	3	0.07252473721549635	0.13539503906759345	0.13539503906759348	12.733160621761659
ENSMUSG00000029505.18:B4	E:110852747-110852934	exon	110852747	110852934	1,2,3	random hexamer	INH_migrating_interneuron	EX_cerebellum_granule	3	0.07252473721549635	-0.03136511568498959	0.11257732649108812	12.733160621761659
ENSMUSG00000029505.18:B4	E:110855794-110855931	exon	110855794	110855931	1,2,3	random hexamer	INH_migrating_interneuron	EX_cerebellum_granule	3	0.07252473721549635	-0.17437198118480568	0.12350636089647066	12.733160621761659
ENSMUSG00000029505.18:B4	E:110856028-110856203	exon	110856028	110856203	1,2,3	random hexamer	INH_migrating_interneuron	EX_cerebellum_granule	3	0.07252473721549635	0.00843216986993651	0.1305192915279511	12.733160621761659
ENSMUSG00000029505.18:B4	E:110856639-110856809	exon	110856639	110856809	1,2,3	random hexamer	INH_migrating_interneuron	EX_cerebellum_granule	3	0.07252473721549635	-0.07281279813739373	0.05124256768830011	12.733160621761659
ENSMUSG00000029505.18:B4	E:110858896-110859033	exon	110858896	110859033	1,2,3	random hexamer	INH_migrating_interneuron	EX_cerebellum_granule	3	0.07252473721549635	-0.06458494551690963	0.06458494551690963	12.733160621761659
ENSMUSG00000029505.18:B4	E:110866952-110867130	exon	110866952	110867130	1,2,3	random hexamer	INH_migrating_interneuron	EX_cerebellum_granule	3	0.07252473721549635	0.02008147272341027	0.0754594036338592	12.733160621761659
ENSMUSG00000029505.18:B4	E:110867298-110867489	exon	110867298	110867489	1,2,3	random hexamer	INH_migrating_interneuron	EX_cerebellum_granule	3	0.07252473721549635	0.04387707012553554	0.1545746209667403	12.733160621761659
ENSMUSG00000029505.18:B4	E:110868601-110868709	exon	110868601	110868709	1,2,3	random hexamer	INH_migrating_interneuron	EX_cerebellum_granule	3	0.07252473721549635	0.11698960501600024	0.1388476009524348	12.733160621761659
ENSMUSG00000029505.18:B4	E:110872287-110872377	exon	110872287	110872377	1,2,3	random hexamer	INH_migrating_interneuron	EX_cerebellum_granule	3	0.07252473721549635	0.021622682562181694	0.17031063804368202	12.733160621761659
ENSMUSG00000029505.18:B4	E:110874756-110874814	exon	110874756	110874814	1,2,3	random hexamer	INH_migrating_interneuron	EX_cerebellum_granule	3	0.07252473721549635	0.15818528994409195	0.33604458915162216	12.733160621761659
ENSMUSG00000029505.18:B4	E:110875394-110875444	exon	110875394	110875444	1,2,3	random hexamer	INH_migrating_interneuron	EX_cerebellum_granule	3	0.07252473721549635	0.1138726174260492	0.32682030942317014	12.733160621761659
ENSMUSG00000029505.18:B4	E:110877099-110877178	exon	110877099	110877178	1,2,3	random hexamer	INH_migrating_interneuron	EX_cerebellum_granule	3	0.07252473721549635	0.24051259992379728	0.058902461148251255	12.733160621761659
ENSMUSG00000029505.18:B4	E:110877688-110877829	exon	110877688	110877829	1,2,3	random hexamer	INH_migrating_interneuron	EX_cerebellum_granule	3	0.07252473721549635	0.06190591803674594	0.061094362672687724	12.733160621761659
ENSMUSG00000029505.18:B4	E:110881584-110881770	exon	110881584	110881770	1,2,3	random hexamer	INH_migrating_interneuron	EX_cerebellum_granule	3	0.07252473721549635	0.20478144070817886	0.1417453628432786	12.733160621761659
ENSMUSG00000029505.18:B4	E:110883215-110883512	exon	110883215	110883512	1,2,3	random hexamer	INH_migrating_interneuron	EX_cerebellum_granule	3	0.07252473721549635	0.24187452913897936	0.1449105320610037	12.733160621761659
ENSMUSG00000029505.18:B4	E:110885935-110887161	exon	110885935	110887161	4	random hexamer	EX_cerebellum_granule	INH_migrating_interneuron	3	0.07252473721549646	0.09467396620336523	0.047487363163336516	12.733160621761659
ENSMUSG00000029505.18:B4	J:110818962-110820974	junction	110818962	110820974	1,2,3	random hexamer	INH_migrating_interneuron	EX_cerebellum_granule	3	0.07252473721549635	0.0	0.0	27.0
ENSMUSG00000029505.18:B4	J:110824613-110824725	junction	110824613	110824725	1,2,3	random hexamer	INH_migrating_interneuron	EX_cerebellum_granule	3	0.07252473721549635	0.0	0.0	37.0
ENSMUSG00000029505.18:B4	J:110824804-110827829	junction	110824804	110827829	1,2,3	random hexamer	EX_cortical	INH_midbrain	4	0.05178528824038281	0.0	0.0	33.0
ENSMUSG00000029505.18:B4	J:110849656-110851317	junction	110849656	110851317	1,2,3	random hexamer	INH_medium_spiny	INH_midbrain	3	0.061847905199363416	0.0	0.0	17.0
ENSMUSG00000029673.20:B1	E:131566498-131567526	exon	131566498	131567526	1	poly(dT)	INH_migrating_interneuron	INH_midbrain	7	0.10157316530541409	0.11444497420393619	0.137786216558412	17.53846153846154
ENSMUSG00000029673.20:B1	E:131566498-131567526	exon	131566498	131567526	1	random hexamer	INH_migrating_interneuron	EX_cerebellum_granule	3	0.12767215548702068	-0.07145851485781822	0.133480024184187	19.403846153846153
ENSMUSG00000029673.20:B1	E:131644795-131645444	exon	131644795	131645444	2	random hexamer	INH_migrating_interneuron	EX_hippocampus_granule	3	0.06911236856456911	0.10956449031203123	0.08439080055193196	8.461538461538462
ENSMUSG00000029673.20:B1	E:131799598-131799628	exon	131799598	131799628	3	poly(dT)	INH_midbrain	INH_migrating_interneuron	7	0.11613063723796647	0.5989699787108981	0.17252409927219872	17.53846153846154
ENSMUSG00000029673.20:B1	E:131799598-131799628	exon	131799598	131799628	3	random hexamer	EX_hippocampus_granule	INH_migrating_interneuron	3	0.18969751047719705	0.220624593908562	0.12459475111359435	8.461538461538462
ENSMUSG00000029673.20:B1	E:132059828-132059864	exon	132059828	132059864	3	poly(dT)	INH_midbrain	INH_migrating_interneuron	7	0.11613063723796647	0.5292394312014889	0.14378975243034156	17.53846153846154
ENSMUSG00000029673.20:B1	E:132059828-132059864	exon	132059828	132059864	3	random hexamer	EX_hippocampus_granule	INH_migrating_interneuron	3	0.18969751047719705	-0.10292533241879996	0.12909526803113808	8.461538461538462
ENSMUSG00000029673.20:B1	E:132079146-132079248	exon	132079146	132079248	3	poly(dT)	INH_midbrain	INH_migrating_interneuron	7	0.11613063723796647	0.2019344090691436	0.24998305440433768	17.53846153846154
ENSMUSG00000029673.20:B1	E:132079146-132079248	exon	132079146	132079248	3	random hexamer	EX_hippocampus_granule	INH_migrating_interneuron	3	0.18969751047719705	-0.06897440807958206	0.16789299588557596	8.461538461538462
ENSMUSG00000029673.20:B1	E:132287762-132287975	exon	132287762	132287975	3	poly(dT)	INH_midbrain	INH_migrating_interneuron	7	0.11613063723796647	0.16946056115383673	0.09700097753387231	17.53846153846154
ENSMUSG00000029673.20:B1	E:132287762-132287975	exon	132287762	132287975	3	random hexamer	EX_hippocampus_granule	INH_migrating_interneuron	3	0.18969751047719705	0.08607198748043816	0.08607198748043818	8.461538461538462
ENSMUSG00000029673.20:B1	E:132570353-132572183	exon	132570353	132572183	3	poly(dT)	INH_midbrain	INH_migrating_interneuron	7	0.11613063723796647	0.0	0.0	17.53846153846154
ENSMUSG00000029673.20:B1	E:132570353-132572183	exon	132570353	132572183	3	random hexamer	EX_hippocampus_granule	INH_migrating_interneuron	3	0.18969751047719705	0.4460724704416766	0.19052724541142074	8.461538461538462
ENSMUSG00000029673.20:B1	J:131562711-131799598	junction	131562711	131799598	3	random hexamer	EX_cerebellum_granule	EX_cortical	3	0.0723966588123189	-0.225	0.16560619409500887	26.0
ENSMUSG00000029673.20:B1	J:131799628-132059828	junction	131799628	132059828	3	random hexamer	EX_cortical	INH_migrating_interneuron	12	0.06009763200685674	0.0	0.0	131.0
ENSMUSG00000029673.20:B1	J:132059864-132079146	junction	132059864	132079146	3	random hexamer	INH_medium_spiny	INH_migrating_interneuron	3	0.07582260084045041	0.0	0.0	49.0
ENSMUSG00000029673.20:B1	J:132079248-132287762	junction	132079248	132287762	3	random hexamer	INH_medium_spiny	INH_migrating_interneuron	4	0.074838793968349	-0.05769230769230768	0.057692307692307675	51.0
ENSMUSG00000029673.20:B1	J:132287975-132570353	junction	132287975	132570353	3	poly(dT)	EX_hippocampus_granule	INH_medium_spiny	3	0.1237365834287824	0.0	0.0	33.0
ENSMUSG00000029673.20:B1	J:132287975-132570353	junction	132287975	132570353	3	random hexamer	EX_hippocampus_granule	INH_migrating_interneuron	4	0.14702992257016473	-0.006213450292397643	0.029168865062468997	44.0
ENSMUSG00000029673.20:B3	E:131499251-131499296	exon	131499251	131499296	2	random hexamer	INH_midbrain	INH_migrating_interneuron	3	0.11890266786209354	-0.6984085134674215	0.20194620377850941	7.97169588989442
ENSMUSG00000030000.11:B1	E:86005728-86005928	exon	86005728	86005928	2	random hexamer	INH_medium_spiny	INH_midbrain	4	0.09171726477743307	0.0804534864538602	0.04646349477316747	11.961748633879782
ENSMUSG00000030000.11:B1	E:86055038-86055065	exon	86055038	86055065	3	random hexamer	INH_medium_spiny	EX_cerebellum_granule	4	0.08371963192446542	0.0	0.0	15.579234972677595
ENSMUSG00000030000.11:B1	E:86055065-86055096	exon	86055065	86055096	3,4	random hexamer	INH_medium_spiny	EX_cerebellum_granule	4	0.08491120322770855	0.0	0.0	15.579234972677595
ENSMUSG00000030000.11:B1	E:86059696-86059762	exon	86059696	86059762	2,3,4	random hexamer	INH_medium_spiny	INH_midbrain	4	0.12160965753681827	0.34181216134858516	0.23585471392377932	11.961748633879782
ENSMUSG00000030000.11:B1	E:86059762-86059795	exon	86059762	86059795	2,3,4,5	random hexamer	INH_medium_spiny	INH_midbrain	4	0.11934221560406828	0.25	0.25	11.961748633879782
ENSMUSG00000030000.11:B1	E:86062809-86062843	exon	86062809	86062843	2,3,4,5	random hexamer	INH_medium_spiny	INH_midbrain	4	0.11934221560406828	0.09212806289408573	0.32839671964073297	11.961748633879782
ENSMUSG00000030000.11:B2	E:86078136-86078235	exon	86078136	86078235	1,2,3	poly(dT)	EX_cortical	INH_midbrain	3	0.06590987412503951	-0.3628998589628511	0.2273181947439848	8.48611111111111
ENSMUSG00000030000.11:B2	E:86078136-86078235	exon	86078136	86078235	1,2,3	random hexamer	EX_cortical	INH_migrating_interneuron	5	0.07839751433457866	-0.35931430655603175	0.22237269980333935	14.625000000000002
ENSMUSG00000030000.11:B2	E:86081463-86081640	exon	86081463	86081640	1,2,3	poly(dT)	EX_cortical	INH_midbrain	3	0.06590987412503951	0.0987355394135055	0.09873553941350552	8.48611111111111
ENSMUSG00000030000.11:B2	E:86081463-86081640	exon	86081463	86081640	1,2,3	random hexamer	EX_cortical	INH_migrating_interneuron	5	0.07839751433457866	0.024068816619349565	0.024068816619349565	14.625000000000002
ENSMUSG00000030000.11:B2	E:86083028-86083286	exon	86083028	86083286	1,2,3	poly(dT)	EX_cortical	INH_midbrain	3	0.06590987412503951	-0.2854928017718716	0.2854928017718716	8.48611111111111
ENSMUSG00000030000.11:B2	E:86083028-86083286	exon	86083028	86083286	1,2,3	random hexamer	EX_cortical	INH_migrating_interneuron	5	0.07839751433457866	-0.01578105724859504	0.015781057248595038	14.625000000000002
ENSMUSG00000030000.11:B2	E:86084336-86084456	exon	86084336	86084456	1,2,3	poly(dT)	EX_cortical	INH_midbrain	3	0.06590987412503951	-0.3333333333333333	0.33333333333333337	8.48611111111111
ENSMUSG00000030000.11:B2	E:86084336-86084456	exon	86084336	86084456	1,2,3	random hexamer	EX_cortical	INH_migrating_interneuron	5	0.07839751433457866	-0.06891083421992181	0.057763247989236544	14.625000000000002
ENSMUSG00000030000.11:B2	E:86084878-86084968	exon	86084878	86084968	1,2,3	poly(dT)	EX_cortical	INH_midbrain	3	0.06590987412503951	-0.6666666666666666	0.33333333333333337	8.48611111111111
ENSMUSG00000030000.11:B2	E:86084878-86084968	exon	86084878	86084968	1,2,3	random hexamer	EX_cortical	INH_migrating_interneuron	5	0.07839751433457866	-0.34643538662388684	0.20305814526014768	14.625000000000002
ENSMUSG00000030000.11:B2	E:86084968-86085278	exon	86084968	86085278	2,3	poly(dT)	INH_medium_spiny	INH_migrating_interneuron	4	0.0557521851276033	0.0	0.0	7.152777777777777
ENSMUSG00000030000.11:B2	E:86084968-86085278	exon	86084968	86085278	2,3	random hexamer	EX_cortical	EX_hippocampus_granule	3	0.07897872494510515	0.08401139585058955	0.22171984706748696	8.20138888888889
ENSMUSG00000030000.11:B2	E:86085278-86086449	exon	86085278	86086449	3	random hexamer	INH_medium_spiny	INH_migrating_interneuron	3	0.05121776347891804	-0.06899084078745288	0.06156867417371819	9.819444444444445
ENSMUSG00000030000.11:B2	E:86086690-86086844	exon	86086690	86086844	1,4	poly(dT)	INH_migrating_interneuron	INH_medium_spiny	4	0.05575218512760324	0.24959118235811342	0.22121714448734353	7.152777777777777
ENSMUSG00000030000.11:B2	E:86086690-86086844	exon	86086690	86086844	1,4	random hexamer	EX_hippocampus_granule	EX_cortical	3	0.07897872494510512	0.01397606494267308	0.01397606494267308	8.20138888888889
ENSMUSG00000030000.11:B2	E:86087801-86087927	exon	86087801	86087927	1,4	poly(dT)	INH_migrating_interneuron	INH_medium_spiny	4	0.05575218512760324	0.17756588072122054	0.29379357174849996	7.152777777777777
ENSMUSG00000030000.11:B2	E:86087801-86087927	exon	86087801	86087927	1,4	random hexamer	EX_hippocampus_granule	EX_cortical	3	0.07897872494510512	0.0735626412252071	0.07356264122520709	8.20138888888889
ENSMUSG00000030000.11:B2	E:86095458-86095783	exon	86095458	86095783	1,4	poly(dT)	INH_migrating_interneuron	INH_medium_spiny	4	0.05575218512760324	0.0	0.0	7.152777777777777
ENSMUSG00000030000.11:B2	E:86095458-86095783	exon	86095458	86095783	1,4	random hexamer	EX_hippocampus_granule	EX_cortical	3	0.07897872494510512	0.3498849001800983	0.12231848274864414	8.20138888888889
ENSMUSG00000030000.11:B2	E:86095783-86096537	exon	86095783	86096537	1	poly(dT)	EX_cortical	INH_midbrain	3	0.08396522615020202	-0.2679863451254206	0.3583028921673703	8.48611111111111
ENSMUSG00000030000.11:B2	E:86095783-86096537	exon	86095783	86096537	1	random hexamer	EX_cortical	INH_migrating_interneuron	5	0.07529805156762703	0.04817438614594718	0.16912928912759362	14.625000000000002
ENSMUSG00000030000.11:B2	J:86081640-86083028	junction	86081640	86083028	1,2,3	poly(dT)	EX_cortical	INH_midbrain	3	0.1366703571125502	0.0	0.0	30.0
ENSMUSG00000030000.11:B2	J:86081640-86083028	junction	86081640	86083028	1,2,3	random hexamer	EX_cortical	INH_midbrain	4	0.09529160881461866	0.0	0.0	31.0
ENSMUSG00000030000.11:B2	J:86083286-86084336	junction	86083286	86084336	1,2,3	random hexamer	EX_cortical	INH_migrating_interneuron	4	0.08630706782872191	0.0	0.0	27.0
ENSMUSG00000030000.11:B2	J:86087927-86095458	junction	86087927	86095458	1,4	poly(dT)	EX_hippocampus_granule	INH_medium_spiny	3	0.10409642385730185	0.0	0.0	25.0
ENSMUSG00000030016.15:B3	E:83953332-83953336	exon	83953332	83953336	2,3	poly(dT)	INH_midbrain	EX_cortical	3	0.16393859075124778	0.20239848003447566	0.1800903412449916	8.667446274828825
ENSMUSG00000030016.15:B3	E:83953336-83954411	exon	83953336	83954411	3	poly(dT)	INH_midbrain	EX_cortical	3	0.15694157831974864	0.1968803105908001	0.12231990330439843	8.667446274828825
ENSMUSG00000030016.15:B3	E:83955003-83955069	exon	83955003	83955069	3	poly(dT)	INH_midbrain	EX_cortical	3	0.15694157831974864	-0.15509980947432234	0.15509980947432236	8.667446274828825
ENSMUSG00000030016.15:B3	E:83955975-83956828	exon	83955975	83956828	3	poly(dT)	INH_midbrain	EX_cortical	3	0.15694157831974864	0.21385698792603702	0.21385698792603702	8.667446274828825
ENSMUSG00000030016.15:B3	E:83956828-83956891	exon	83956828	83956891	3,4	poly(dT)	INH_midbrain	EX_cortical	3	0.15002226629601514	-0.10858175109408917	0.28098554900650446	8.667446274828825
ENSMUSG00000030016.15:B3	J:83954411-83955003	junction	83954411	83955003	3	poly(dT)	INH_migrating_interneuron	EX_cortical	4	0.1472828617172765	0.04166666666666666	0.04166666666666666	29.0
ENSMUSG00000030016.15:B3	J:83955069-83955975	junction	83955069	83955975	3	poly(dT)	INH_migrating_interneuron	EX_cortical	5	0.1583818115242905	0.0	0.0	36.0
ENSMUSG00000030058.18:B1	E:87864795-87864909	exon	87864795	87864909	2	random hexamer	INH_migrating_interneuron	EX_cortical	3	0.13133982469900454	-0.033067041110189994	0.03195094990067992	13.751724137931035
ENSMUSG00000030102.12:B1	E:108190056-108190162	exon	108190056	108190162	2	random hexamer	EX_cortical	INH_migrating_interneuron	8	0.05923240444486182	-0.2689530123815919	0.12014799379868957	24.578947368421055
ENSMUSG00000030134.12:B2	E:118062197-118062224	exon	118062197	118062224	2	random hexamer	INH_midbrain	INH_medium_spiny	3	0.13887554202922925	-0.3145589798087141	0.31455897980871417	4.552193497845672
ENSMUSG00000030231.12:B1	E:140369779-140369982	exon	140369779	140369982	1	poly(dT)	INH_migrating_interneuron	EX_cortical	7	0.0650779668755472	0.047026602237549626	0.04522947014859508	31.714285714285715
ENSMUSG00000030231.12:B1	E:140369779-140369982	exon	140369779	140369982	1	random hexamer	INH_midbrain	EX_cortical	5	0.21222271442477486	-0.11505251630602246	0.11469275984963796	38.32142857142857
ENSMUSG00000030231.12:B1	E:140370102-140370182	exon	140370102	140370182	1	poly(dT)	INH_migrating_interneuron	EX_cortical	7	0.0650779668755472	0.06866005999297257	0.14581883729891157	31.714285714285715
ENSMUSG00000030231.12:B1	E:140370102-140370182	exon	140370102	140370182	1	random hexamer	INH_midbrain	EX_cortical	5	0.21222271442477486	-0.27074784259292556	0.15061138991420722	38.32142857142857
ENSMUSG00000030231.12:B1	E:140372223-140372281	exon	140372223	140372281	1	poly(dT)	INH_migrating_interneuron	EX_cortical	7	0.0650779668755472	0.34655923153696083	0.16585740312244174	31.714285714285715
ENSMUSG00000030231.12:B1	E:140372223-140372281	exon	140372223	140372281	1	random hexamer	INH_midbrain	EX_cortical	5	0.21222271442477486	0.13783691929622754	0.22378685545170202	38.32142857142857
ENSMUSG00000030231.12:B1	E:140378714-140378780	exon	140378714	140378780	2	poly(dT)	EX_cortical	INH_migrating_interneuron	7	0.06507796687554716	0.0	0.0	31.714285714285715
ENSMUSG00000030231.12:B1	E:140378714-140378780	exon	140378714	140378780	2	random hexamer	EX_cortical	INH_midbrain	5	0.2122227144247749	0.18495012496844399	0.20593381117047121	38.32142857142857
ENSMUSG00000030231.12:B1	J:140369982-140370102	junction	140369982	140370102	1	random hexamer	INH_midbrain	EX_cortical	3	0.23391563628525736	0.0	0.0	30.0
ENSMUSG00000030231.12:B1	J:140370182-140372223	junction	140370182	140372223	1	random hexamer	INH_midbrain	EX_cortical	3	0.23391563628525736	-0.037037037037037056	0.03703703703703706	46.0
ENSMUSG00000030231.12:B1	J:140372281-140470590	junction	140372281	140470590	1	poly(dT)	INH_medium_spiny	EX_cortical	8	0.05085258054634484	0.29535959796376465	0.06001233113187717	115.0
ENSMUSG00000030231.12:B1	J:140372281-140470590	junction	140372281	140470590	1	random hexamer	INH_midbrain	EX_cortical	3	0.23391563628525736	0.03917771187637439	0.13650369534590057	50.0
ENSMUSG00000030231.12:B1	J:140378780-140470590	junction	140378780	140470590	2	poly(dT)	EX_cortical	INH_medium_spiny	8	0.050852580546344804	0.0	0.0	115.0
ENSMUSG00000030231.12:B1	J:140378780-140470590	junction	140378780	140470590	2	random hexamer	EX_cortical	INH_midbrain	3	0.23391563628525747	0.0	0.0	50.0
ENSMUSG00000030451.17:B1	E:55700000-55700050	exon	55700000	55700050	2	poly(dT)	INH_migrating_interneuron	ASC	6	0.07686962371980757	-0.07698261140974676	0.1746416747531287	34.333333333333336
ENSMUSG00000030451.17:B1	E:55700000-55700050	exon	55700000	55700050	2	random hexamer	EX_cortical	EX_cerebellum_granule	3	0.05595655158460006	-0.2693818681318681	0.16923258492764362	6.638888888888888
ENSMUSG00000030451.17:B1	E:55700603-55700624	exon	55700603	55700624	2,3	poly(dT)	INH_migrating_interneuron	ASC	6	0.059358998357538745	-0.06889217299195878	0.12461653628812093	34.333333333333336
ENSMUSG00000030451.17:B1	E:55700603-55700624	exon	55700603	55700624	2,3	random hexamer	INH_migrating_interneuron	EX_cortical	3	0.054515430907869866	0.03611111111111113	0.12945086745521653	10.069444444444445
ENSMUSG00000030757.14:B1	E:123094155-123094515	exon	123094155	123094515	2	poly(dT)	EX_cortical	INH_migrating_interneuron	3	0.14094448098586757	0.05598832034395454	0.08944795207616218	6.284129976710657
ENSMUSG00000030779.17:B1	E:122569922-122570140	exon	122569922	122570140	2,3	poly(dT)	EX_cortical	INH_migrating_interneuron	3	0.09570513935427276	0.11719238795452984	0.09279716590529972	4.876190476190477
ENSMUSG00000030779.17:B1	E:122569922-122570140	exon	122569922	122570140	2,3	random hexamer	EX_cortical	INH_midbrain	3	0.06900682982281449	0.08408956053130923	0.48535791139488477	7.152380952380952
ENSMUSG00000030854.18:B1	E:46782025-46782465	exon	46782025	46782465	1	poly(dT)	INH_medium_spiny	EX_cortical	5	0.11123840927184134	0.020212043168344372	0.07122579653857654	12.870129870129869
ENSMUSG00000030854.18:B1	E:46782025-46782465	exon	46782025	46782465	1	random hexamer	INH_midbrain	EX_cortical	6	0.11118861162271086	-0.13450040509268943	0.10711658086543531	164.03896103896105
ENSMUSG00000030854.18:B1	E:46783003-46783432	exon	46783003	46783432	2	poly(dT)	EX_cortical	INH_medium_spiny	5	0.11123840927184143	-0.2209883492658546	0.09972054490950316	12.870129870129869
ENSMUSG00000030854.18:B1	E:46783003-46783432	exon	46783003	46783432	2	random hexamer	EX_cortical	INH_midbrain	6	0.11118861162271088	0.03158726575564986	0.012318810911083637	164.03896103896105
ENSMUSG00000030854.18:B1	J:46762545-46782025	junction	46762545	46782025	1	random hexamer	INH_midbrain	EX_cortical	5	0.11131588851349594	0.02728552395219066	0.01218813378802268	129.0
ENSMUSG00000030854.18:B1	J:46762545-46783003	junction	46762545	46783003	2	random hexamer	EX_cortical	INH_midbrain	5	0.11131588851349594	0.025455907191067016	0.013978930950070688	131.0
ENSMUSG00000031292.15:B1	E:159711484-159711651	exon	159711484	159711651	2	poly(dT)	EX_cortical	INH_migrating_interneuron	5	0.0594523879040989	0.024715098475919028	0.2086415698596041	26.78125
ENSMUSG00000031292.15:B1	E:159777586-159777700	exon	159777586	159777700	2	poly(dT)	EX_cortical	INH_migrating_interneuron	5	0.0594523879040989	-0.0861234808704218	0.06625233763355337	26.78125
ENSMUSG00000031511.17:B2	E:11874504-11874681	exon	11874504	11874681	1	random hexamer	EX_cortical	INH_medium_spiny	4	0.27885644057322	0.2175077086646224	0.18482814792408625	16.27777777777778
ENSMUSG00000031540.15:B1	E:23349550-23349564	exon	23349550	23349564	2	random hexamer	INH_medium_spiny	EX_cortical	3	0.11892436292647435	0.49465528591781927	0.30097286011147595	6.976190476190477
ENSMUSG00000031592.11:B1	E:41692809-41692814	exon	41692809	41692814	2	poly(dT)	EX_cortical	INH_migrating_interneuron	7	0.08819809947385922	-0.2037515978812045	0.20774426729730683	32.16129032258064
ENSMUSG00000031592.11:B1	E:41692809-41692814	exon	41692809	41692814	2	random hexamer	EX_cortical	INH_migrating_interneuron	3	0.06275119695289823	0.08277082826181022	0.47490785124543605	6.650537634408602
ENSMUSG00000031626.19:B1	E:45960824-45960830	exon	45960824	45960830	1	random hexamer	INH_medium_spiny	INH_migrating_interneuron	3	0.05156585449137933	-0.36760441602222266	0.16507010532650002	13.58
ENSMUSG00000031626.19:B1	E:45960830-45960954	exon	45960830	45960954	1,2	random hexamer	INH_medium_spiny	INH_migrating_interneuron	3	0.0710668118303557	-0.4628927961744311	0.28882166064281917	13.58
ENSMUSG00000031626.19:B2	E:46194523-46194616	exon	46194523	46194616	2	poly(dT)	INH_midbrain	INH_migrating_interneuron	3	0.10302997417062036	0.23281907433380086	0.23281907433380086	3.8703703703703702
ENSMUSG00000031626.19:B2	E:46194523-46194616	exon	46194523	46194616	2	random hexamer	INH_midbrain	INH_medium_spiny	4	0.09538760214639752	0.3782729819087487	0.23914650545846586	15.354444444444443
ENSMUSG00000031748.17:B1	E:94537465-94537467	exon	94537465	94537467	2	poly(dT)	ASC	EX_cerebellum_granule	8	0.1881186218211678	-0.026971984129051427	0.021342481891268694	57.737588652482266
ENSMUSG00000031748.17:B1	E:94537465-94537467	exon	94537465	94537467	2	random hexamer	ASC	EX_cerebellum_granule	13	0.19997404055790674	0.20322685239314103	0.0852893925827986	151.45390070921988
ENSMUSG00000031748.17:B1	E:94537467-94537940	exon	94537467	94537940	2,3	poly(dT)	ODC	EX_cerebellum_granule	4	0.29862027353816817	-0.08737777426614751	0.16618696570078131	14.72340425531915
ENSMUSG00000031748.17:B1	E:94537467-94537940	exon	94537467	94537940	2,3	random hexamer	ODC	EX_cerebellum_granule	8	0.29734005059895674	-0.18857878512477128	0.07815007704232639	64.7872340425532
ENSMUSG00000031778.14:B1	E:95498636-95498831	exon	95498636	95498831	2	poly(dT)	EX_cerebellum_granule	EX_cortical	4	0.09415446106722614	0.00239500332909595	0.0019186148652266556	22.297709923664122
ENSMUSG00000031778.14:B1	E:95498636-95498831	exon	95498636	95498831	2	random hexamer	INH_midbrain	INH_medium_spiny	3	0.1321467399943492	-0.08154997197108739	0.04744297019917681	15.106870229007633
ENSMUSG00000031778.14:B2	E:95504655-95504776	exon	95504655	95504776	1,2	poly(dT)	EX_cerebellum_granule	EX_cortical	4	0.05237394599431772	0.26312369217165715	0.26715731804241727	22.297709923664122
ENSMUSG00000031778.14:B2	E:95504776-95504994	exon	95504776	95504994	2	poly(dT)	INH_migrating_interneuron	INH_medium_spiny	3	0.08433544131758895	0.0	0.0	14.099236641221374
ENSMUSG00000031778.14:B2	E:95504776-95504994	exon	95504776	95504994	2	random hexamer	INH_medium_spiny	INH_midbrain	3	0.11425812089458957	0.17387574531760275	0.21723022267080228	15.106870229007633
ENSMUSG00000031778.14:B2	E:95506187-95506433	exon	95506187	95506433	1,3	poly(dT)	INH_medium_spiny	INH_migrating_interneuron	3	0.08433544131758904	0.10933812010320869	0.1903054514594696	14.099236641221374
ENSMUSG00000031778.14:B2	E:95506187-95506433	exon	95506187	95506433	1,3	random hexamer	INH_midbrain	INH_medium_spiny	3	0.11425812089458957	-0.21810554505019428	0.21810554505019428	15.106870229007633
ENSMUSG00000031778.14:B2	E:95506433-95509055	exon	95506433	95509055	1	poly(dT)	EX_cerebellum_granule	EX_cortical	4	0.0916692184143944	0.27059790583990756	0.09950879062615742	22.297709923664122
ENSMUSG00000031778.14:B2	E:95506433-95509055	exon	95506433	95509055	1	random hexamer	INH_midbrain	INH_medium_spiny	3	0.14389847114071	-0.04828462331402552	0.2169439063381595	15.106870229007633
ENSMUSG00000031778.14:B2	J:95498962-95506187	junction	95498962	95506187	3	random hexamer	EX_cortical	INH_midbrain	3	0.05880006292627133	0.0	0.0	28.0
ENSMUSG00000031822.21:B1	E:121215185-121215890	exon	121215185	121215890	1	random hexamer	EX_cortical	INH_migrating_interneuron	12	0.10523356321373382	-0.09767274439223861	0.06503028021381164	41.28310502283105
ENSMUSG00000031822.21:B1	E:121262595-121262693	exon	121262595	121262693	2	random hexamer	EX_cortical	ASC	3	0.12004910937260516	-0.0686815420533609	0.06868154205336091	7.602739726027398
ENSMUSG00000031822.21:B1	E:121264167-121264301	exon	121264167	121264301	3	random hexamer	INH_migrating_interneuron	EX_cortical	12	0.18827788035703708	0.11395521065919421	0.09326958278802878	41.28310502283105
ENSMUSG00000031833.11:B1	E:71244869-71245081	exon	71244869	71245081	1	random hexamer	EX_cerebellum_granule	INH_medium_spiny	4	0.17171198527770123	0.23008025421975048	0.2159154335991364	19.50561797752809
ENSMUSG00000031833.11:B1	E:71249356-71249446	exon	71249356	71249446	2	random hexamer	INH_medium_spiny	EX_cerebellum_granule	4	0.17171198527770115	0.04471018851366538	0.07142598867229566	19.50561797752809
ENSMUSG00000031833.11:B1	E:71249543-71249632	exon	71249543	71249632	2	random hexamer	INH_medium_spiny	EX_cerebellum_granule	4	0.17171198527770115	-0.2401477832512315	0.2401477832512315	19.50561797752809
ENSMUSG00000031833.11:B1	J:71242729-71244869	junction	71242729	71244869	1	random hexamer	EX_cortical	INH_medium_spiny	3	0.15981137392957637	0.3983210853129553	0.1917444218810785	21.0
ENSMUSG00000031833.11:B1	J:71242729-71249356	junction	71242729	71249356	2	random hexamer	INH_medium_spiny	EX_cortical	3	0.15981137392957623	0.1122667382829984	0.03856180312080755	21.0
ENSMUSG00000031865.17:B1	E:83142901-83142932	exon	83142901	83142932	1	poly(dT)	INH_migrating_interneuron	EX_cortical	3	0.16462111509992247	0.0	0.0	8.354166666666666
ENSMUSG00000031865.17:B1	E:83142901-83142932	exon	83142901	83142932	1	random hexamer	EX_cortical	ASC	9	0.2647257538620272	-0.07597538958151319	0.11183816138890879	27.447916666666664
ENSMUSG00000031865.17:B1	E:83142932-83142976	exon	83142932	83142976	1,2	poly(dT)	INH_medium_spiny	EX_cortical	5	0.15076574375223145	0.18704798045004087	0.10918069513848254	8.989583333333332
ENSMUSG00000031865.17:B1	E:83142932-83142976	exon	83142932	83142976	1,2	random hexamer	INH_medium_spiny	ASC	7	0.1510683528657578	0.20453041115327972	0.14327052734431275	24.338541666666668
ENSMUSG00000031865.17:B1	E:83159505-83159751	exon	83159505	83159751	1,2	poly(dT)	INH_medium_spiny	EX_cortical	5	0.15076574375223145	0.0	0.0	8.989583333333332
ENSMUSG00000031865.17:B1	E:83159505-83159751	exon	83159505	83159751	1,2	random hexamer	INH_medium_spiny	ASC	7	0.1510683528657578	0.20129513062575707	0.10128203229640446	24.338541666666668
ENSMUSG00000031865.17:B1	E:83160040-83160119	exon	83160040	83160119	1,2	poly(dT)	INH_medium_spiny	EX_cortical	5	0.15076574375223145	0.18641754815631217	0.1769251622589554	8.989583333333332
ENSMUSG00000031865.17:B1	E:83160040-83160119	exon	83160040	83160119	1,2	random hexamer	INH_medium_spiny	ASC	7	0.1510683528657578	-0.0021771618803874643	0.09330693857523868	24.338541666666668
ENSMUSG00000031865.17:B1	E:83160280-83160315	exon	83160280	83160315	1,2	poly(dT)	INH_medium_spiny	EX_cortical	5	0.15076574375223145	0.0007033040126144142	0.11055044427978056	8.989583333333332
ENSMUSG00000031865.17:B1	E:83160280-83160315	exon	83160280	83160315	1,2	random hexamer	INH_medium_spiny	ASC	7	0.1510683528657578	0.17884573674517856	0.16847032190701008	24.338541666666668
ENSMUSG00000031865.17:B1	E:83160917-83160938	exon	83160917	83160938	2	poly(dT)	EX_cortical	INH_migrating_interneuron	3	0.2722259380749153	-0.34612201604625015	0.30297067179908044	8.354166666666666
ENSMUSG00000031865.17:B1	E:83160917-83160938	exon	83160917	83160938	2	random hexamer	ASC	EX_cerebellum_granule	5	0.20171522715915807	0.003793464520364398	0.011399655687295566	15.526041666666666
ENSMUSG00000031865.17:B1	E:83162927-83163409	exon	83162927	83163409	3	poly(dT)	EX_cortical	INH_medium_spiny	5	0.15076574375223137	0.02930382494826096	0.16121987616828173	8.989583333333332
ENSMUSG00000031865.17:B1	E:83162927-83163409	exon	83162927	83163409	3	random hexamer	ASC	INH_medium_spiny	7	0.15106835286575776	0.18113698817045185	0.10013953190388658	24.338541666666668
ENSMUSG00000031865.17:B1	E:83163409-83163427	exon	83163409	83163427	2,3	poly(dT)	EX_cortical	INH_migrating_interneuron	3	0.16462111509992242	-0.047606130311741345	0.24784289325989786	8.354166666666666
ENSMUSG00000031865.17:B1	E:83163409-83163427	exon	83163409	83163427	2,3	random hexamer	ASC	EX_cortical	9	0.2647257538620271	0.1655066421703545	0.08658176622359454	27.447916666666664
ENSMUSG00000031865.17:B1	E:83164745-83164766	exon	83164745	83164766	2,3	poly(dT)	EX_cortical	INH_migrating_interneuron	3	0.16462111509992242	0.018259490226109325	0.27646783757939486	8.354166666666666
ENSMUSG00000031865.17:B1	E:83164745-83164766	exon	83164745	83164766	2,3	random hexamer	ASC	EX_cortical	9	0.2647257538620271	0.23229752853732202	0.12275429079902199	27.447916666666664
ENSMUSG00000031865.17:B1	J:83142976-83159505	junction	83142976	83159505	1,2	poly(dT)	INH_midbrain	EX_cerebellum_granule	3	0.18846243476070298	-0.1970837321286615	0.16396990986726945	71.0
ENSMUSG00000031865.17:B1	J:83159751-83160040	junction	83159751	83160040	1,2	random hexamer	EX_cortical	ASC	3	0.08033427043666837	0.0	0.0	23.0
ENSMUSG00000031865.17:B1	J:83160119-83160280	junction	83160119	83160280	1,2	random hexamer	INH_midbrain	EX_cerebellum_granule	3	0.17364821648161413	0.0	0.0	21.0
ENSMUSG00000031865.17:B1	J:83160315-83160917	junction	83160315	83160917	2	random hexamer	INH_medium_spiny	EX_cortical	3	0.20168602206143135	0.055555555555555546	0.055555555555555546	26.0
ENSMUSG00000031865.17:B1	J:83160315-83166058	junction	83160315	83166058	1	random hexamer	EX_cortical	ASC	7	0.21417979085316072	0.08874458874458872	0.0436671883156537	82.0
ENSMUSG00000031865.17:B1	J:83160938-83163409	junction	83160938	83163409	2	random hexamer	INH_midbrain	EX_cerebellum_granule	4	0.10779592039506754	-0.0473790322580645	0.030011442421272284	29.0
ENSMUSG00000031865.17:B1	J:83163427-83164745	junction	83163427	83164745	2,3	random hexamer	ASC	EX_cortical	5	0.2223813602284853	0.087037037037037	0.0802730251914564	34.0
ENSMUSG00000031865.17:B1	J:83164766-83166058	junction	83164766	83166058	2,3	random hexamer	ASC	EX_cortical	6	0.2235085846759298	0.1767857142857143	0.08056850509724903	43.0
ENSMUSG00000031865.17:B2	E:83174300-83174315	exon	83174300	83174315	1	random hexamer	ASC	INH_migrating_interneuron	3	0.19005143236862213	-0.06495972396628454	0.3598263039104867	13.3994158994159
ENSMUSG00000031865.17:B2	J:83173089-83174300	junction	83173089	83174300	1	random hexamer	EX_cortical	EX_cerebellum_granule	4	0.19996303105782035	-0.009139784946236518	0.009139784946236518	43.0
ENSMUSG00000031865.17:B2	J:83173089-83174472	junction	83173089	83174472	2	random hexamer	EX_cerebellum_granule	EX_cortical	7	0.14236296734192125	-0.005286654135338342	0.005286654135338343	142.0
ENSMUSG00000031865.17:B2	J:83174315-83174472	junction	83174315	83174472	1	random hexamer	EX_cortical	EX_cerebellum_granule	6	0.1596841498485766	-0.000175438596491199	0.000175438596491199	74.0
ENSMUSG00000031865.17:B3	E:83177098-83177099	exon	83177098	83177099	2	random hexamer	INH_migrating_interneuron	INH_medium_spiny	3	0.2157796014489395	0.0	0.0	12.198653198653199
ENSMUSG00000031996.18:B1	E:31123087-31123089	exon	31123087	31123089	2	random hexamer	ASC	INH_midbrain	3	0.1830039005972146	0.24768320372003583	0.2584545171983409	5.890909090909091
ENSMUSG00000032009.9:B1	E:14186378-14186733	exon	14186378	14186733	1,2	random hexamer	EX_cortical	INH_medium_spiny	5	0.09125603208109843	0.0	0.0	7.924242424242425
ENSMUSG00000032009.9:B1	E:14187596-14187925	exon	14187596	14187925	3	random hexamer	INH_medium_spiny	EX_cortical	5	0.0912560320810984	0.05800320832539672	0.08246880420988997	7.924242424242425
ENSMUSG00000032009.9:B2	E:14221543-14221726	exon	14221543	14221726	2	poly(dT)	INH_medium_spiny	EX_cerebellum_granule	4	0.16426947707514916	0.1474496352893519	0.02825769042580819	9.301048459276307
ENSMUSG00000032009.9:B2	E:14221543-14221726	exon	14221543	14221726	2	random hexamer	INH_medium_spiny	EX_cerebellum_granule	4	0.17298250539004545	-0.11880507409340406	0.3131024777192446	8.091036951796445
ENSMUSG00000032011.6:B1	E:43954680-43954773	exon	43954680	43954773	1	poly(dT)	INH_medium_spiny	EX_cortical	4	0.1619258063952115	0.39952346485058765	0.2774507422307519	9.693548387096774
ENSMUSG00000032011.6:B1	E:43954680-43954773	exon	43954680	43954773	1	random hexamer	INH_medium_spiny	EX_cortical	6	0.10906162811175248	0.16084650140397494	0.05093190608653401	203.09677419354838
ENSMUSG00000032011.6:B1	E:43957240-43957253	exon	43957240	43957253	2	poly(dT)	EX_cortical	INH_medium_spiny	4	0.16192580639521145	0.14548684872540252	0.2891441476621629	9.693548387096774
ENSMUSG00000032011.6:B1	E:43957240-43957253	exon	43957240	43957253	2	random hexamer	EX_cortical	INH_medium_spiny	6	0.10906162811175245	-0.06706697859825565	0.03501387625084765	203.09677419354838
ENSMUSG00000032011.6:B1	J:43954773-43957253	junction	43954773	43957253	1	random hexamer	INH_medium_spiny	EX_cortical	6	0.10906162811175248	-0.09010971418586324	0.04114292574769107	176.0
ENSMUSG00000032186.16:B1	E:75504678-75504684	exon	75504678	75504684	1,2,3	poly(dT)	ASC	INH_medium_spiny	6	0.12262546111503747	0.2621663252504665	0.10047734723434586	32.36898395721926
ENSMUSG00000032186.16:B1	E:75504678-75504684	exon	75504678	75504684	1,2,3	random hexamer	INH_midbrain	INH_medium_spiny	3	0.28504223619923785	-0.4430798266399396	0.201025777383412	17.096256684491976
ENSMUSG00000032186.16:B1	E:75506049-75506450	exon	75506049	75506450	2	poly(dT)	ODC	INH_medium_spiny	3	0.12046392161260257	0.0	0.0	8.545454545454547
ENSMUSG00000032186.16:B1	E:75506049-75506450	exon	75506049	75506450	2	random hexamer	ODC	INH_medium_spiny	3	0.20545428435976956	0.22343635918173788	0.219696994802595	17.096256684491976
ENSMUSG00000032186.16:B1	E:75518305-75518585	exon	75518305	75518585	3,4	poly(dT)	INH_medium_spiny	ODC	3	0.13638216792032407	0.08617723611229622	0.11655639009111113	8.545454545454547
ENSMUSG00000032186.16:B1	E:75518305-75518585	exon	75518305	75518585	3,4	random hexamer	INH_medium_spiny	ODC	3	0.2522314704440151	-0.07538770641501959	0.11096409172149964	17.096256684491976
ENSMUSG00000032186.16:B1	E:75518585-75518607	exon	75518585	75518607	4	poly(dT)	INH_medium_spiny	ASC	6	0.12262546111503742	0.0	0.0	32.36898395721926
ENSMUSG00000032186.16:B1	E:75518585-75518607	exon	75518585	75518607	4	random hexamer	INH_medium_spiny	INH_midbrain	3	0.2850422361992378	-0.037059056678557266	0.03705905667855727	17.096256684491976
ENSMUSG00000032186.16:B1	J:75504678-75518305	junction	75504678	75518305	4	poly(dT)	INH_medium_spiny	EX_cortical	3	0.10561768003606004	0.0777777777777778	0.1681416216713506	16.0
ENSMUSG00000032186.16:B1	J:75504678-75518305	junction	75504678	75518305	4	random hexamer	EX_cerebellum_granule	ASC	3	0.18546401747166405	0.0	0.0	19.0
ENSMUSG00000032186.16:B1	J:75504684-75506049	junction	75504684	75506049	2	random hexamer	ASC	EX_cerebellum_granule	3	0.19346913696475632	0.0	0.0	21.0
ENSMUSG00000032186.16:B1	J:75504684-75518305	junction	75504684	75518305	3	poly(dT)	EX_cortical	INH_medium_spiny	3	0.13937057858038038	0.07777777777777779	0.16814162167135063	16.0
ENSMUSG00000032186.16:B1	J:75504684-75518305	junction	75504684	75518305	3	random hexamer	EX_cerebellum_granule	INH_medium_spiny	3	0.13839539696263942	-0.06861598440545809	0.09064725724341928	20.0
ENSMUSG00000032186.16:B2	E:75472902-75472905	exon	75472902	75472905	1	random hexamer	INH_midbrain	EX_cerebellum_granule	4	0.10041966562287911	0.0	0.0	15.222222222222221
ENSMUSG00000032186.16:B2	E:75472905-75481097	exon	75472905	75481097	1,2	random hexamer	INH_medium_spiny	ODC	3	0.20696567233344831	0.011617714826145056	0.04165695223693511	11.462962962962964
ENSMUSG00000032187.17:B2	E:21597308-21597317	exon	21597308	21597317	2	random hexamer	INH_migrating_interneuron	EX_cerebellum_granule	3	0.08816339119843379	-0.008319246390482649	0.13251963805101735	10.063423578901954
ENSMUSG00000032216.16:B1	E:72569627-72569895	exon	72569627	72569895	1	poly(dT)	INH_migrating_interneuron	EX_cerebellum_granule	3	0.18138792498587375	0.1332778320510159	0.1249919388337588	7.3053892215568865
ENSMUSG00000032216.16:B1	E:72569627-72569895	exon	72569627	72569895	1	random hexamer	INH_midbrain	EX_cerebellum_granule	5	0.17125892415065036	0.08973996642018234	0.2942649097647956	13.832335329341317
ENSMUSG00000032216.16:B1	E:72575961-72577233	exon	72575961	72577233	2	poly(dT)	EX_cerebellum_granule	INH_migrating_interneuron	3	0.18138792498587386	0.03372425478836513	0.03372425478836513	7.3053892215568865
ENSMUSG00000032216.16:B1	E:72575961-72577233	exon	72575961	72577233	2	random hexamer	EX_cerebellum_granule	INH_midbrain	5	0.17125892415065028	0.26930889868112157	0.10343870382677395	13.832335329341317
ENSMUSG00000032336.18:B1	E:58489574-58489689	exon	58489574	58489689	1	poly(dT)	INH_midbrain	EX_cortical	3	0.1401114988281116	0.049969649854774124	0.04542055746663149	9.992537313432834
ENSMUSG00000032336.18:B1	E:58489574-58489689	exon	58489574	58489689	1	random hexamer	INH_migrating_interneuron	EX_cortical	4	0.06948196718726452	-0.10437043347792094	0.2315500995445356	27.80597014925373
ENSMUSG00000032336.18:B1	E:58489689-58489809	exon	58489689	58489809	1,2	poly(dT)	INH_midbrain	EX_cortical	3	0.06766965348968938	0.11561027874257677	0.06026300813255917	9.992537313432834
ENSMUSG00000032336.18:B1	E:58530969-58531138	exon	58530969	58531138	1,2	poly(dT)	INH_midbrain	EX_cortical	3	0.06766965348968938	0.0	0.0	9.992537313432834
ENSMUSG00000032336.18:B1	E:58535116-58535211	exon	58535116	58535211	1,2	poly(dT)	INH_midbrain	EX_cortical	3	0.06766965348968938	0.0	0.0	9.992537313432834
ENSMUSG00000032336.18:B1	E:58536388-58536538	exon	58536388	58536538	3	poly(dT)	EX_cortical	INH_midbrain	3	0.06766965348968934	0.0370016254063516	0.06151266860725135	9.992537313432834
ENSMUSG00000032336.18:B1	J:58531138-58535116	junction	58531138	58535116	1,2	poly(dT)	INH_midbrain	EX_cortical	3	0.06766965348968938	-0.002544529262086518	0.002544529262086519	78.0
ENSMUSG00000032356.13:B2	E:89793500-89793645	exon	89793500	89793645	1	poly(dT)	EX_cortical	EX_hippocampus_pyramidal	4	0.06559500791685631	-0.02039320598945665	0.02039320598945665	6.230136986301369
ENSMUSG00000032356.13:B2	E:89793500-89793645	exon	89793500	89793645	1	random hexamer	EX_cortical	ASC	7	0.05077470488195059	-0.009694345791447715	0.01627462907060673	18.832876712328765
ENSMUSG00000032356.13:B2	E:89797544-89797887	exon	89797544	89797887	1	poly(dT)	EX_cortical	EX_hippocampus_pyramidal	4	0.06559500791685631	-0.2179750913882991	0.16113334738841836	6.230136986301369
ENSMUSG00000032356.13:B2	E:89797544-89797887	exon	89797544	89797887	1	random hexamer	EX_cortical	ASC	7	0.05077470488195059	-0.04242124068422881	0.02186775426507728	18.832876712328765
ENSMUSG00000032356.13:B2	E:89806113-89806223	exon	89806113	89806223	2	poly(dT)	EX_hippocampus_pyramidal	EX_cortical	4	0.06559500791685627	0.11228889687387711	0.1122888968738771	6.230136986301369
ENSMUSG00000032356.13:B2	E:89806113-89806223	exon	89806113	89806223	2	random hexamer	ASC	EX_cortical	7	0.05077470488195062	0.5538850436611998	0.16341198122699702	18.832876712328765
ENSMUSG00000032356.13:B2	E:89826778-89826932	exon	89826778	89826932	2	poly(dT)	EX_hippocampus_pyramidal	EX_cortical	4	0.06559500791685627	-0.14899401811422716	0.19148941501962558	6.230136986301369
ENSMUSG00000032356.13:B2	E:89826778-89826932	exon	89826778	89826932	2	random hexamer	ASC	EX_cortical	7	0.05077470488195062	0.07150617205548593	0.1677647554639606	18.832876712328765
ENSMUSG00000032356.13:B2	E:89832960-89833056	exon	89832960	89833056	2	poly(dT)	EX_hippocampus_pyramidal	EX_cortical	4	0.06559500791685627	-0.17001645848884828	0.19911989950334286	6.230136986301369
ENSMUSG00000032356.13:B2	E:89832960-89833056	exon	89832960	89833056	2	random hexamer	ASC	EX_cortical	7	0.05077470488195062	-0.06977614146288451	0.2416048562228324	18.832876712328765
ENSMUSG00000032356.13:B2	E:89835909-89836163	exon	89835909	89836163	2	poly(dT)	EX_hippocampus_pyramidal	EX_cortical	4	0.06559500791685627	0.2662602487310408	0.12523565262777522	6.230136986301369
ENSMUSG00000032356.13:B2	E:89835909-89836163	exon	89835909	89836163	2	random hexamer	ASC	EX_cortical	7	0.05077470488195062	0.179152868995706	0.1468243270028421	18.832876712328765
ENSMUSG00000032356.13:B2	E:89849903-89849983	exon	89849903	89849983	2	poly(dT)	EX_hippocampus_pyramidal	EX_cortical	4	0.06559500791685627	0.17344882478683282	0.12936281946532627	6.230136986301369
ENSMUSG00000032356.13:B2	E:89849903-89849983	exon	89849903	89849983	2	random hexamer	ASC	EX_cortical	7	0.05077470488195062	0.5329393944934556	0.17832478788107228	18.832876712328765
ENSMUSG00000032356.13:B2	E:89852405-89852599	exon	89852405	89852599	2	poly(dT)	EX_hippocampus_pyramidal	EX_cortical	4	0.06559500791685627	-0.028894965998614	0.032683599471867136	6.230136986301369
ENSMUSG00000032356.13:B2	E:89852405-89852599	exon	89852405	89852599	2	random hexamer	ASC	EX_cortical	7	0.05077470488195062	0.1439697775992352	0.2484698729645391	18.832876712328765
ENSMUSG00000032356.13:B2	E:89853030-89853140	exon	89853030	89853140	2	poly(dT)	EX_hippocampus_pyramidal	EX_cortical	4	0.06559500791685627	-0.2913480987119397	0.196823226053694	6.230136986301369
ENSMUSG00000032356.13:B2	E:89853030-89853140	exon	89853030	89853140	2	random hexamer	ASC	EX_cortical	7	0.05077470488195062	0.31418398246114243	0.16707824968587304	18.832876712328765
ENSMUSG00000032356.13:B2	E:89856817-89856936	exon	89856817	89856936	2	poly(dT)	EX_hippocampus_pyramidal	EX_cortical	4	0.06559500791685627	0.20525323086511274	0.2731816775659348	6.230136986301369
ENSMUSG00000032356.13:B2	E:89856817-89856936	exon	89856817	89856936	2	random hexamer	ASC	EX_cortical	7	0.05077470488195062	0.1246122147686037	0.21453695613840906	18.832876712328765
ENSMUSG00000032356.13:B2	E:89858736-89858897	exon	89858736	89858897	2	poly(dT)	EX_hippocampus_pyramidal	EX_cortical	4	0.06559500791685627	0.401675823656592	0.14421122540994413	6.230136986301369
ENSMUSG00000032356.13:B2	E:89858736-89858897	exon	89858736	89858897	2	random hexamer	ASC	EX_cortical	7	0.05077470488195062	0.024795186376810743	0.1857878862002035	18.832876712328765
ENSMUSG00000032356.13:B2	E:89862799-89862863	exon	89862799	89862863	2	poly(dT)	EX_hippocampus_pyramidal	EX_cortical	4	0.06559500791685627	0.4522426380418649	0.20564241544706524	6.230136986301369
ENSMUSG00000032356.13:B2	E:89862799-89862863	exon	89862799	89862863	2	random hexamer	ASC	EX_cortical	7	0.05077470488195062	0.07325587312564677	0.18911842542109564	18.832876712328765
ENSMUSG00000032356.13:B2	E:89863653-89863790	exon	89863653	89863790	2	poly(dT)	EX_hippocampus_pyramidal	EX_cortical	4	0.06559500791685627	0.03993818147798674	0.18815399206621064	6.230136986301369
ENSMUSG00000032356.13:B2	E:89863653-89863790	exon	89863653	89863790	2	random hexamer	ASC	EX_cortical	7	0.05077470488195062	-0.04714745128142806	0.14823558100373968	18.832876712328765
ENSMUSG00000032356.13:B2	E:89866318-89866401	exon	89866318	89866401	2	poly(dT)	EX_hippocampus_pyramidal	EX_cortical	4	0.06559500791685627	-0.3147665913197569	0.12961321076532642	6.230136986301369
ENSMUSG00000032356.13:B2	E:89866318-89866401	exon	89866318	89866401	2	random hexamer	ASC	EX_cortical	7	0.05077470488195062	0.06932064028418713	0.27570508017726963	18.832876712328765
ENSMUSG00000032356.13:B2	E:89873530-89873779	exon	89873530	89873779	2	poly(dT)	EX_hippocampus_pyramidal	EX_cortical	4	0.06559500791685627	-0.10517518585233755	0.20266002821711573	6.230136986301369
ENSMUSG00000032356.13:B2	E:89873530-89873779	exon	89873530	89873779	2	random hexamer	ASC	EX_cortical	7	0.05077470488195062	0.2633566486360416	0.22833974640322396	18.832876712328765
ENSMUSG00000032356.13:B2	E:89876723-89877100	exon	89876723	89877100	2	poly(dT)	EX_hippocampus_pyramidal	EX_cortical	4	0.06559500791685627	0.18829790860072593	0.08998137289257462	6.230136986301369
ENSMUSG00000032356.13:B2	E:89876723-89877100	exon	89876723	89877100	2	random hexamer	ASC	EX_cortical	7	0.05077470488195062	0.24704352395878174	0.12995133626949232	18.832876712328765
ENSMUSG00000032356.13:B2	E:89880719-89880842	exon	89880719	89880842	2	poly(dT)	EX_hippocampus_pyramidal	EX_cortical	4	0.06559500791685627	0.2347219701636524	0.06315029711894501	6.230136986301369
ENSMUSG00000032356.13:B2	E:89880719-89880842	exon	89880719	89880842	2	random hexamer	ASC	EX_cortical	7	0.05077470488195062	0.042353410987923154	0.07352782044868608	18.832876712328765
ENSMUSG00000032356.13:B2	E:89882766-89882940	exon	89882766	89882940	2	poly(dT)	EX_hippocampus_pyramidal	EX_cortical	4	0.06559500791685627	0.4838454437871743	0.19892813842322035	6.230136986301369
ENSMUSG00000032356.13:B2	E:89882766-89882940	exon	89882766	89882940	2	random hexamer	ASC	EX_cortical	7	0.05077470488195062	0.10918010968334399	0.13910663811871535	18.832876712328765
ENSMUSG00000032356.13:B2	E:89883857-89883964	exon	89883857	89883964	2	poly(dT)	EX_hippocampus_pyramidal	EX_cortical	4	0.06559500791685627	0.1950600893975787	0.20762951173003671	6.230136986301369
ENSMUSG00000032356.13:B2	E:89883857-89883964	exon	89883857	89883964	2	random hexamer	ASC	EX_cortical	7	0.05077470488195062	0.07558437888941305	0.22560693093301099	18.832876712328765
ENSMUSG00000032356.13:B2	E:89884404-89884517	exon	89884404	89884517	2	poly(dT)	EX_hippocampus_pyramidal	EX_cortical	4	0.06559500791685627	-0.037916021855187665	0.2192510867764349	6.230136986301369
ENSMUSG00000032356.13:B2	E:89884404-89884517	exon	89884404	89884517	2	random hexamer	ASC	EX_cortical	7	0.05077470488195062	0.07819984954557317	0.16819312675936285	18.832876712328765
ENSMUSG00000032356.13:B2	E:89886894-89886955	exon	89886894	89886955	2	poly(dT)	EX_hippocampus_pyramidal	EX_cortical	4	0.06559500791685627	0.07310312272339389	0.04421687856655043	6.230136986301369
ENSMUSG00000032356.13:B2	E:89886894-89886955	exon	89886894	89886955	2	random hexamer	ASC	EX_cortical	7	0.05077470488195062	0.1556451791311511	0.13494517112102805	18.832876712328765
ENSMUSG00000032356.13:B2	E:89891325-89891429	exon	89891325	89891429	2	poly(dT)	EX_hippocampus_pyramidal	EX_cortical	4	0.06559500791685627	-0.09169626758965471	0.09794005333528917	6.230136986301369
ENSMUSG00000032356.13:B2	E:89891325-89891429	exon	89891325	89891429	2	random hexamer	ASC	EX_cortical	7	0.05077470488195062	-0.03722388428601616	0.19959750089602324	18.832876712328765
ENSMUSG00000032356.13:B2	E:89892447-89892532	exon	89892447	89892532	2	poly(dT)	EX_hippocampus_pyramidal	EX_cortical	4	0.06559500791685627	-0.10474456659401082	0.264448211081272	6.230136986301369
ENSMUSG00000032356.13:B2	E:89892447-89892532	exon	89892447	89892532	2	random hexamer	ASC	EX_cortical	7	0.05077470488195062	0.13577531416194094	0.1869443693430666	18.832876712328765
ENSMUSG00000032356.13:B2	E:89894812-89895010	exon	89894812	89895010	2	poly(dT)	EX_hippocampus_pyramidal	EX_cortical	4	0.06559500791685627	-0.30786959296125194	0.18352608396672584	6.230136986301369
ENSMUSG00000032356.13:B2	E:89894812-89895010	exon	89894812	89895010	2	random hexamer	ASC	EX_cortical	7	0.05077470488195062	0.18061143226289408	0.20714565660674178	18.832876712328765
ENSMUSG00000032356.13:B2	E:89899088-89899168	exon	89899088	89899168	2	poly(dT)	EX_hippocampus_pyramidal	EX_cortical	4	0.06559500791685627	-0.3163313746305687	0.228453067818299	6.230136986301369
ENSMUSG00000032356.13:B2	E:89899088-89899168	exon	89899088	89899168	2	random hexamer	ASC	EX_cortical	7	0.05077470488195062	0.07020699119657127	0.14830897175181162	18.832876712328765
ENSMUSG00000032356.13:B2	E:89902365-89902483	exon	89902365	89902483	2	poly(dT)	EX_hippocampus_pyramidal	EX_cortical	4	0.06559500791685627	0.027271158448304043	0.3878857202556064	6.230136986301369
ENSMUSG00000032356.13:B2	E:89902365-89902483	exon	89902365	89902483	2	random hexamer	ASC	EX_cortical	7	0.05077470488195062	-0.008723487906439018	0.1196298556332245	18.832876712328765
ENSMUSG00000032356.13:B2	E:89903415-89903484	exon	89903415	89903484	2	poly(dT)	EX_hippocampus_pyramidal	EX_cortical	4	0.06559500791685627	-0.04086309521786921	0.36886441039901574	6.230136986301369
ENSMUSG00000032356.13:B2	E:89903415-89903484	exon	89903415	89903484	2	random hexamer	ASC	EX_cortical	7	0.05077470488195062	0.0013324323959238596	0.12217500038475232	18.832876712328765
ENSMUSG00000032356.13:B2	E:89908723-89909030	exon	89908723	89909030	2	poly(dT)	EX_hippocampus_pyramidal	EX_cortical	4	0.06559500791685627	0.0783809092335368	0.3032107079873522	6.230136986301369
ENSMUSG00000032356.13:B2	E:89908723-89909030	exon	89908723	89909030	2	random hexamer	ASC	EX_cortical	7	0.05077470488195062	0.03725649139705778	0.07639642827180831	18.832876712328765
ENSMUSG00000032356.13:B2	J:89833056-89835909	junction	89833056	89835909	2	random hexamer	ASC	INH_midbrain	4	0.05641171469737227	0.0	0.0	25.0
ENSMUSG00000032405.11:B1	E:62888161-62888165	exon	62888161	62888165	2	random hexamer	EX_cortical	INH_midbrain	6	0.16459022882460708	-0.12501544824079744	0.19837602726534184	9.1875
ENSMUSG00000032407.15:B1	E:95393947-95394049	exon	95393947	95394049	2	poly(dT)	INH_medium_spiny	INH_midbrain	3	0.08557482160831863	0.011867905056759533	0.011867905056759534	12.057971014492754
ENSMUSG00000032407.15:B1	E:95393947-95394049	exon	95393947	95394049	2	random hexamer	EX_cortical	INH_medium_spiny	4	0.09459198605456241	-0.014777090316085099	0.010363020832545023	23.08695652173913
ENSMUSG00000032503.19:B1	E:112016537-112016575	exon	112016537	112016575	3	poly(dT)	INH_migrating_interneuron	INH_medium_spiny	6	0.3552965434535608	0.006505515847238334	0.004695015246369051	62.04347826086956
ENSMUSG00000032503.19:B1	E:112016537-112016575	exon	112016537	112016575	3	random hexamer	INH_migrating_interneuron	INH_medium_spiny	4	0.32829062489763056	-0.02909179256810726	0.2317570166303759	21.819875776397517
ENSMUSG00000032503.19:B1	E:112016928-112016997	exon	112016928	112016997	3	poly(dT)	INH_migrating_interneuron	INH_medium_spiny	6	0.3552965434535608	0.0017929529154973335	0.001792952915497334	62.04347826086956
ENSMUSG00000032503.19:B1	E:112016928-112016997	exon	112016928	112016997	3	random hexamer	INH_migrating_interneuron	INH_medium_spiny	4	0.32829062489763056	0.2583149355876539	0.22544140400171478	21.819875776397517
ENSMUSG00000032503.19:B1	E:112045995-112046323	exon	112045995	112046323	4	poly(dT)	EX_cerebellum_granule	EX_cortical	4	0.05088933353277451	0.01507641785017565	0.009115309005810639	33.59006211180124
ENSMUSG00000032503.19:B1	E:112045995-112046323	exon	112045995	112046323	4	random hexamer	EX_cerebellum_granule	EX_cortical	4	0.05088933353277451	0.18516150980849688	0.08401282228801851	21.18633540372671
ENSMUSG00000032503.19:B1	E:112046323-112046329	exon	112046323	112046329	4,5	poly(dT)	EX_cerebellum_granule	INH_migrating_interneuron	3	0.2055677182565279	0.0	0.0	22.434782608695652
ENSMUSG00000032503.19:B1	E:112046323-112046329	exon	112046323	112046329	4,5	random hexamer	EX_cerebellum_granule	INH_migrating_interneuron	3	0.2055677182565279	0.3333333333333333	0.33333333333333337	9.50310559006211
ENSMUSG00000032503.19:B1	E:112046329-112046419	exon	112046329	112046419	5	poly(dT)	EX_cerebellum_granule	INH_migrating_interneuron	3	0.1929350305833486	0.0	0.0	22.434782608695652
ENSMUSG00000032503.19:B1	E:112046329-112046419	exon	112046329	112046419	5	random hexamer	EX_cerebellum_granule	INH_migrating_interneuron	3	0.1929350305833486	0.3333333333333333	0.33333333333333337	9.50310559006211
ENSMUSG00000032503.19:B1	E:112061402-112061569	exon	112061402	112061569	6	poly(dT)	INH_migrating_interneuron	INH_midbrain	3	0.08167650918198173	0.0	0.0	23.006211180124225
ENSMUSG00000032503.19:B1	E:112061402-112061569	exon	112061402	112061569	6	random hexamer	INH_medium_spiny	EX_cerebellum_granule	3	0.07781575515280273	-0.026799393438832465	0.0643676287867436	19.888198757763973
ENSMUSG00000032503.19:B1	J:112014837-112016537	junction	112014837	112016537	3	poly(dT)	EX_cortical	INH_medium_spiny	5	0.2900984176623719	0.029053221288515403	0.022785076151960716	72.0
ENSMUSG00000032503.19:B1	J:112014837-112016657	junction	112014837	112016657	2,4,5,6	poly(dT)	INH_medium_spiny	EX_cortical	5	0.3023938759234868	0.1415425261013497	0.09338171278356866	73.0
ENSMUSG00000032503.19:B1	J:112016575-112016657	junction	112016575	112016657	3	poly(dT)	EX_cortical	INH_medium_spiny	5	0.2900984176623719	0.0125	0.012500000000000002	58.0
ENSMUSG00000032503.19:B1	J:112016834-112016928	junction	112016834	112016928	3	random hexamer	EX_cortical	INH_medium_spiny	9	0.2410112950039967	0.48920164802517746	0.0512703363577701	84.0
ENSMUSG00000032503.19:B1	J:112016834-112046323	junction	112016834	112046323	5	random hexamer	EX_cortical	INH_medium_spiny	9	0.06273004999694348	0.0	0.0	84.0
ENSMUSG00000032503.19:B2	E:111894158-111894327	exon	111894158	111894327	3	poly(dT)	INH_medium_spiny	EX_cortical	26	0.26590594496489867	0.007059204830941627	0.0021534869314105546	2403.366666666667
ENSMUSG00000032503.19:B2	E:111894158-111894327	exon	111894158	111894327	3	random hexamer	INH_medium_spiny	EX_cortical	25	0.2670330307987218	0.04553716575357516	0.015325090471038378	309.12222222222215
ENSMUSG00000032503.19:B2	E:111894327-111895090	exon	111894327	111895090	2,3	poly(dT)	INH_medium_spiny	EX_cortical	26	0.2777295256991839	0.022583969762137744	0.003994916975778495	2403.366666666667
ENSMUSG00000032503.19:B2	E:111894327-111895090	exon	111894327	111895090	2,3	random hexamer	INH_medium_spiny	EX_cortical	25	0.28272719558511283	0.2165506199755599	0.04056938290415932	309.12222222222215
ENSMUSG00000032503.19:B2	E:111896228-111896377	exon	111896228	111896377	2,3	poly(dT)	INH_medium_spiny	EX_cortical	26	0.2777295256991839	0.011828534501483816	0.0029781517305727217	2403.366666666667
ENSMUSG00000032503.19:B2	E:111896228-111896377	exon	111896228	111896377	2,3	random hexamer	INH_medium_spiny	EX_cortical	25	0.28272719558511283	0.5210308425879009	0.055490533202484	309.12222222222215
ENSMUSG00000032503.19:B2	E:111948250-111948377	exon	111948250	111948377	1,2,3	poly(dT)	INH_medium_spiny	INH_midbrain	5	0.28322475140941006	-0.0074941214919513	0.024670212063256407	131.76666666666665
ENSMUSG00000032503.19:B2	E:111948250-111948377	exon	111948250	111948377	1,2,3	random hexamer	INH_medium_spiny	INH_midbrain	5	0.28322475140941006	0.2971075994937603	0.16984204045123602	23.12222222222222
ENSMUSG00000032503.19:B2	E:111953807-111954068	exon	111953807	111954068	1,2,3	poly(dT)	INH_medium_spiny	INH_midbrain	5	0.28322475140941006	-0.0008744993377271601	0.0015549314248148752	131.76666666666665
ENSMUSG00000032503.19:B2	E:111953807-111954068	exon	111953807	111954068	1,2,3	random hexamer	INH_medium_spiny	INH_midbrain	5	0.28322475140941006	0.3255670420035818	0.12901250265481426	23.12222222222222
ENSMUSG00000032503.19:B2	E:111955502-111955607	exon	111955502	111955607	2,3	poly(dT)	INH_medium_spiny	EX_cortical	26	0.2777295256991839	0.004370647946035988	0.0020107264532329095	2403.366666666667
ENSMUSG00000032503.19:B2	E:111955502-111955607	exon	111955502	111955607	2,3	random hexamer	INH_medium_spiny	EX_cortical	25	0.28272719558511283	0.4678449501282328	0.07247640257394379	309.12222222222215
ENSMUSG00000032503.19:B2	E:111956346-111956528	exon	111956346	111956528	1,2,3	poly(dT)	INH_medium_spiny	INH_midbrain	5	0.28322475140941006	0.005901235475731441	0.008862368835303414	131.76666666666665
ENSMUSG00000032503.19:B2	E:111956346-111956528	exon	111956346	111956528	1,2,3	random hexamer	INH_medium_spiny	INH_midbrain	5	0.28322475140941006	0.3970669978643301	0.1456834363748147	23.12222222222222
ENSMUSG00000032503.19:B2	E:111965521-111965749	exon	111965521	111965749	1,2,3	poly(dT)	INH_medium_spiny	INH_midbrain	5	0.28322475140941006	0.04993732695959024	0.027597179990923523	131.76666666666665
ENSMUSG00000032503.19:B2	E:111965521-111965749	exon	111965521	111965749	1,2,3	random hexamer	INH_medium_spiny	INH_midbrain	5	0.28322475140941006	0.12221354399816065	0.17441155985023177	23.12222222222222
ENSMUSG00000032503.19:B2	E:111972376-111972606	exon	111972376	111972606	1,2,3	poly(dT)	INH_medium_spiny	INH_midbrain	5	0.28322475140941006	0.0026051367222255	0.0026051367222255004	131.76666666666665
ENSMUSG00000032503.19:B2	E:111972376-111972606	exon	111972376	111972606	1,2,3	random hexamer	INH_medium_spiny	INH_midbrain	5	0.28322475140941006	0.09842992817936405	0.07566311707871436	23.12222222222222
ENSMUSG00000032503.19:B2	E:111976490-111976550	exon	111976490	111976550	3	poly(dT)	INH_medium_spiny	EX_cortical	26	0.26590594496489867	0.0033890857084290077	0.0020655378998874338	2403.366666666667
ENSMUSG00000032503.19:B2	E:111976490-111976550	exon	111976490	111976550	3	random hexamer	INH_medium_spiny	EX_cortical	25	0.2670330307987218	0.19024636662879715	0.04155194878601371	309.12222222222215
ENSMUSG00000032503.19:B2	E:111978402-111978440	exon	111978402	111978440	2,3	poly(dT)	INH_medium_spiny	EX_cortical	26	0.2777295256991839	0.007160763309153857	0.002296982028877058	2403.366666666667
ENSMUSG00000032503.19:B2	E:111978402-111978440	exon	111978402	111978440	2,3	random hexamer	INH_medium_spiny	EX_cortical	25	0.28272719558511283	0.37490895591175827	0.06354749783124031	309.12222222222215
ENSMUSG00000032503.19:B2	E:111986757-111986866	exon	111986757	111986866	2,3	poly(dT)	INH_medium_spiny	EX_cortical	26	0.2777295256991839	0.046254260414430405	0.009457502273589869	2403.366666666667
ENSMUSG00000032503.19:B2	E:111986757-111986866	exon	111986757	111986866	2,3	random hexamer	INH_medium_spiny	EX_cortical	25	0.28272719558511283	0.4856206783362416	0.07241693006748263	309.12222222222215
ENSMUSG00000032503.19:B2	E:111990005-111990701	exon	111990005	111990701	4	poly(dT)	EX_cerebellum_granule	INH_migrating_interneuron	3	0.19006133832300195	0.0829846302024468	0.022334711084171035	101.77777777777777
ENSMUSG00000032503.19:B2	E:111990005-111990701	exon	111990005	111990701	4	random hexamer	EX_cerebellum_granule	INH_migrating_interneuron	3	0.19006133832300195	0.021804595369710435	0.008485747982760094	33.48888888888889
ENSMUSG00000032503.19:B2	E:112005162-112005303	exon	112005162	112005303	1,2,3,4	poly(dT)	INH_medium_spiny	INH_migrating_interneuron	6	0.3552073721471691	0.1040532480131911	0.05119067123648653	286.3
ENSMUSG00000032503.19:B2	E:112005162-112005303	exon	112005162	112005303	1,2,3,4	random hexamer	INH_medium_spiny	INH_migrating_interneuron	6	0.3552073721471691	0.18767180937058292	0.08267318082977933	47.233333333333334
ENSMUSG00000032503.19:B2	E:112006001-112006061	exon	112006001	112006061	1,2,3,4	poly(dT)	INH_medium_spiny	INH_migrating_interneuron	6	0.3552073721471691	0.08060751502158155	0.038424928886644755	286.3
ENSMUSG00000032503.19:B2	E:112006001-112006061	exon	112006001	112006061	1,2,3,4	random hexamer	INH_medium_spiny	INH_migrating_interneuron	6	0.3552073721471691	0.27687860618169385	0.12516808188720405	47.233333333333334
ENSMUSG00000032503.19:B2	E:112006725-112006804	exon	112006725	112006804	1,2,3,4	poly(dT)	INH_medium_spiny	INH_migrating_interneuron	6	0.3552073721471691	0.06713837068098862	0.02278244495234598	286.3
ENSMUSG00000032503.19:B2	E:112006725-112006804	exon	112006725	112006804	1,2,3,4	random hexamer	INH_medium_spiny	INH_migrating_interneuron	6	0.3552073721471691	0.38572992787535876	0.1531846604337839	47.233333333333334
ENSMUSG00000032503.19:B2	E:112008095-112008240	exon	112008095	112008240	1,2,3,4	poly(dT)	INH_medium_spiny	INH_migrating_interneuron	6	0.3552073721471691	0.2122511682385958	0.03966085020328778	286.3
ENSMUSG00000032503.19:B2	E:112008095-112008240	exon	112008095	112008240	1,2,3,4	random hexamer	INH_medium_spiny	INH_migrating_interneuron	6	0.3552073721471691	0.5745868563465585	0.07301733566550161	47.233333333333334
ENSMUSG00000032503.19:B2	E:112009099-112011888	exon	112009099	112011888	5	poly(dT)	INH_migrating_interneuron	INH_medium_spiny	6	0.35520737214716896	0.020313513782945786	0.00934029079830833	286.3
ENSMUSG00000032503.19:B2	E:112009099-112011888	exon	112009099	112011888	5	random hexamer	INH_migrating_interneuron	INH_medium_spiny	6	0.35520737214716896	0.013364121820645024	0.033105187920383035	47.233333333333334
ENSMUSG00000032503.19:B2	J:111895090-111896228	junction	111895090	111896228	2,3	random hexamer	INH_medium_spiny	EX_cortical	13	0.253106554679545	0.0	0.0	99.0
ENSMUSG00000032503.19:B2	J:111954068-111956346	junction	111954068	111956346	1	random hexamer	INH_migrating_interneuron	EX_cortical	4	0.05207290465478547	-0.040506916329284756	0.03729997624962347	45.0
ENSMUSG00000032503.19:B2	J:111955607-111956346	junction	111955607	111956346	2,3	random hexamer	INH_medium_spiny	EX_cortical	6	0.2575010765188696	-0.020324582824582788	0.06304718775341571	55.0
ENSMUSG00000032503.19:B2	J:111956528-111965521	junction	111956528	111965521	1,2,3	random hexamer	INH_medium_spiny	EX_cortical	11	0.23948398599875242	0.0	0.0	127.0
ENSMUSG00000032503.19:B2	J:111965749-111972376	junction	111965749	111972376	1,2,3	random hexamer	INH_medium_spiny	EX_cortical	6	0.21796413451297333	0.0	0.0	64.0
ENSMUSG00000032503.19:B2	J:111986866-112005162	junction	111986866	112005162	2,3	poly(dT)	INH_medium_spiny	EX_cortical	7	0.27796892345969987	0.009070294784580515	0.018281763601584015	52.0
ENSMUSG00000032503.19:B2	J:111990701-112005162	junction	111990701	112005162	4	poly(dT)	INH_migrating_interneuron	EX_cortical	4	0.05783347083952969	0.0	0.0	33.0
ENSMUSG00000032503.19:B2	J:112005303-112006001	junction	112005303	112006001	1,2,3,4	poly(dT)	INH_medium_spiny	EX_cortical	5	0.27235204396584	-0.02857142857142858	0.02857142857142858	37.0
ENSMUSG00000032503.19:B2	J:112006804-112008095	junction	112006804	112008095	1,2,3,4	poly(dT)	INH_medium_spiny	EX_cortical	3	0.18580109745860088	0.0	0.0	20.0
ENSMUSG00000032503.19:B2	J:112008240-112012562	junction	112008240	112012562	1,2,3,4	poly(dT)	INH_medium_spiny	INH_migrating_interneuron	6	0.3552073721471691	0.5578865637583369	0.08145687502324947	207.0
ENSMUSG00000032503.19:B2	J:112008240-112012562	junction	112008240	112012562	1,2,3,4	random hexamer	INH_medium_spiny	INH_midbrain	3	0.3115410624711296	0.3730688154494765	0.10896540513359208	19.0
ENSMUSG00000032503.19:B2	J:112011888-112012562	junction	112011888	112012562	5	poly(dT)	INH_migrating_interneuron	INH_medium_spiny	6	0.35520737214716896	0.5578865637583369	0.08145687502324947	207.0
ENSMUSG00000032503.19:B2	J:112011888-112012562	junction	112011888	112012562	5	random hexamer	INH_midbrain	INH_medium_spiny	3	0.31154106247112967	0.37306881544947634	0.10896540513359203	19.0
ENSMUSG00000032549.8:B1	E:102988985-102989005	exon	102988985	102989005	2	random hexamer	ASC	EX_hippocampus_granule	3	0.19707018056201972	-0.03835768967007621	0.1044382491625851	15.835714285714285
ENSMUSG00000032621.9:B1	E:103900514-103901090	exon	103900514	103901090	1	random hexamer	INH_midbrain	INH_migrating_interneuron	3	0.17523888151681558	0.0705675004847799	0.048828063699175785	15.088
ENSMUSG00000032621.9:B1	E:103905824-103905958	exon	103905824	103905958	2	random hexamer	INH_migrating_interneuron	INH_midbrain	3	0.17523888151681558	0.2927554975403966	0.32617992157146913	15.088
ENSMUSG00000032621.9:B1	E:103910806-103911116	exon	103910806	103911116	2	random hexamer	INH_migrating_interneuron	INH_midbrain	3	0.17523888151681558	-0.06515107653627583	0.3637654197058156	15.088
ENSMUSG00000032777.10:B1	E:125306849-125306952	exon	125306849	125306952	2	random hexamer	INH_midbrain	INH_medium_spiny	3	0.11144674405848258	0.10093582726901122	0.23641737781245256	8.547511312217194
ENSMUSG00000032827.16:B1	E:4902973-4903031	exon	4902973	4903031	1	poly(dT)	EX_cerebellum_granule	INH_migrating_interneuron	4	0.06797786289224425	0.0	0.0	7.796361091672498
ENSMUSG00000032827.16:B1	E:4902973-4903031	exon	4902973	4903031	1	random hexamer	EX_cerebellum_granule	INH_migrating_interneuron	5	0.06443128351268693	0.0	0.0	12.615815255423371
ENSMUSG00000032827.16:B1	E:4903319-4903448	exon	4903319	4903448	2	poly(dT)	INH_migrating_interneuron	EX_cerebellum_granule	4	0.06797786289224436	0.0	0.0	7.796361091672498
ENSMUSG00000032827.16:B1	E:4903319-4903448	exon	4903319	4903448	2	random hexamer	INH_migrating_interneuron	EX_cerebellum_granule	5	0.06443128351268701	0.05231405682603276	0.07038315102763174	12.615815255423371
ENSMUSG00000032936.14:B1	E:107812872-107813250	exon	107812872	107813250	1	poly(dT)	EX_cortical	INH_medium_spiny	3	0.26782547885918895	-0.13332640605636922	0.1928009082682651	14.326923076923077
ENSMUSG00000032936.14:B1	E:107812872-107813250	exon	107812872	107813250	1	random hexamer	INH_midbrain	EX_cerebellum_granule	4	0.35779696283207973	-0.09948576253732894	0.21577414849741816	21.39423076923077
ENSMUSG00000032936.14:B1	E:107822457-107822477	exon	107822457	107822477	2	poly(dT)	INH_medium_spiny	EX_cortical	3	0.267825478859189	0.0	0.0	14.326923076923077
ENSMUSG00000032936.14:B1	E:107822457-107822477	exon	107822457	107822477	2	random hexamer	EX_cerebellum_granule	INH_midbrain	4	0.35779696283207973	-0.0054054054054054	0.0054054054054054005	21.39423076923077
ENSMUSG00000032936.14:B1	J:107813250-107822477	junction	107813250	107822477	1	random hexamer	EX_cortical	EX_cerebellum_granule	5	0.2607213002813918	-0.016666666666666673	0.016666666666666673	60.0
ENSMUSG00000032998.17:B2	E:119400644-119400723	exon	119400644	119400723	2	random hexamer	EX_cortical	INH_migrating_interneuron	3	0.08647711771350343	0.0	0.0	8.525753212228622
ENSMUSG00000032998.17:B2	E:119416964-119417028	exon	119416964	119417028	2	random hexamer	EX_cortical	INH_migrating_interneuron	3	0.08647711771350343	0.0	0.0	8.525753212228622
ENSMUSG00000033065.15:B1	E:97990469-97990524	exon	97990469	97990524	1	random hexamer	INH_medium_spiny	EX_cortical	3	0.1730929564104542	0.0	0.0	11.881720430107528
ENSMUSG00000033065.15:B1	E:97990524-97990546	exon	97990524	97990546	1,2	random hexamer	INH_medium_spiny	EX_cortical	3	0.15531600714835084	-0.03672534619412734	0.10877849135506462	11.881720430107528
ENSMUSG00000033065.15:B1	E:98006346-98006492	exon	98006346	98006492	3	random hexamer	EX_cortical	INH_medium_spiny	3	0.1553160071483509	-0.058014099544945304	0.1282757839524904	11.881720430107528
ENSMUSG00000033066.18:B1	E:67345916-67346600	exon	67345916	67346600	1	poly(dT)	INH_medium_spiny	EX_cortical	4	0.06308861958697909	0.011376970363860376	0.009715703635826942	14.008264462809917
ENSMUSG00000033066.18:B1	E:67345916-67346600	exon	67345916	67346600	1	random hexamer	INH_migrating_interneuron	EX_cortical	4	0.0737053121323582	-0.051352875590215154	0.04292935517243656	27.975206611570247
ENSMUSG00000033066.18:B1	E:67423903-67423945	exon	67423903	67423945	2	random hexamer	EX_cerebellum_granule	INH_migrating_interneuron	3	0.20244611490206801	0.0	0.0	26.975206611570247
ENSMUSG00000033066.18:B1	E:67437979-67438023	exon	67437979	67438023	3	poly(dT)	EX_cortical	INH_medium_spiny	4	0.06753247933547071	-0.603824943438914	0.2303183751563442	14.008264462809917
ENSMUSG00000033066.18:B1	E:67437979-67438023	exon	67437979	67438023	3	random hexamer	INH_medium_spiny	EX_cortical	7	0.05841262105487429	0.0022816070313838705	0.019796683337485035	110.98347107438016
ENSMUSG00000033066.18:B1	E:67438324-67438477	exon	67438324	67438477	3	poly(dT)	EX_cortical	INH_medium_spiny	4	0.06753247933547071	-0.024884158842166826	0.024884158842166826	14.008264462809917
ENSMUSG00000033066.18:B1	E:67438324-67438477	exon	67438324	67438477	3	random hexamer	INH_medium_spiny	EX_cortical	7	0.05841262105487429	0.0	0.0	110.98347107438016
ENSMUSG00000033066.18:B1	E:67477526-67477641	exon	67477526	67477641	4	random hexamer	INH_migrating_interneuron	INH_medium_spiny	3	0.09235024747516968	0.03991537810475623	0.03764721963173923	26.975206611570247
ENSMUSG00000033066.18:B1	J:67346600-67493933	junction	67346600	67493933	1	random hexamer	INH_medium_spiny	EX_cortical	5	0.12884159070446022	0.00276476214691318	0.0491467057787341	83.0
ENSMUSG00000033066.18:B1	J:67423945-67493933	junction	67423945	67493933	2	random hexamer	EX_cortical	INH_medium_spiny	5	0.07502373281835785	0.0	0.0	83.0
ENSMUSG00000033066.18:B1	J:67477641-67493933	junction	67477641	67493933	4	random hexamer	EX_cortical	EX_cerebellum_granule	4	0.06606715970952302	0.0	0.0	47.0
ENSMUSG00000033419.17:B4	E:86663757-86663772	exon	86663757	86663772	2	random hexamer	INH_migrating_interneuron	EX_cortical	3	0.07251813890899372	-0.011653286728947887	0.18438367528907068	12.925925925925924
ENSMUSG00000033565.19:B2	E:76989776-76989869	exon	76989776	76989869	2	poly(dT)	INH_medium_spiny	EX_cortical	7	0.06970973055926624	-0.12236610920692327	0.14410842202573806	16.398907103825138
ENSMUSG00000033565.19:B2	E:76989776-76989869	exon	76989776	76989869	2	random hexamer	INH_migrating_interneuron	INH_midbrain	6	0.07205176368014264	0.0877808633020309	0.0579250373746475	45.54837887067396
ENSMUSG00000033565.19:B2	E:77001264-77001267	exon	77001264	77001267	2	poly(dT)	INH_medium_spiny	EX_cortical	7	0.06970973055926624	0.0025337659418425617	0.05867674996432486	16.398907103825138
ENSMUSG00000033565.19:B2	E:77001264-77001267	exon	77001264	77001267	2	random hexamer	INH_migrating_interneuron	INH_midbrain	6	0.07205176368014264	-0.17318285656555918	0.2774201103711086	45.54837887067396
ENSMUSG00000033565.19:B2	J:77001264-77016916	junction	77001264	77016916	1	poly(dT)	EX_cortical	INH_medium_spiny	3	0.057989983895332164	0.19444444444444445	0.281913654585895	23.0
ENSMUSG00000033565.19:B2	J:77001264-77016916	junction	77001264	77016916	1	random hexamer	EX_cortical	INH_migrating_interneuron	6	0.07063492340191514	-0.012612190011570797	0.03188645940894239	45.0
ENSMUSG00000033565.19:B2	J:77001267-77016916	junction	77001267	77016916	2	poly(dT)	INH_medium_spiny	EX_cortical	3	0.05798998389533213	0.19444444444444445	0.281913654585895	23.0
ENSMUSG00000033565.19:B2	J:77001267-77016916	junction	77001267	77016916	2	random hexamer	INH_migrating_interneuron	EX_cortical	6	0.07063492340191514	0.017309415348631025	0.04690381518489573	47.0
ENSMUSG00000033565.19:B4	E:76976011-76976054	exon	76976011	76976054	2	poly(dT)	EX_cortical	INH_medium_spiny	5	0.08731733429347673	0.15408941631860693	0.19373160412702797	14.816929965362846
ENSMUSG00000033565.19:B4	E:76976011-76976054	exon	76976011	76976054	2	random hexamer	INH_midbrain	INH_migrating_interneuron	3	0.05487579733554753	-0.15419012656641642	0.46600486748946135	8.278575652614684
ENSMUSG00000033565.19:B4	E:76978650-76978690	exon	76978650	76978690	3	poly(dT)	INH_migrating_interneuron	EX_cortical	8	0.06583258425360747	0.1647273061198836	0.12841676564840446	15.627143701951507
ENSMUSG00000033565.19:B4	E:76978650-76978690	exon	76978650	76978690	3	random hexamer	INH_migrating_interneuron	INH_midbrain	3	0.17021138000731084	0.17908960805311191	0.0895774609490679	8.278575652614684
ENSMUSG00000033569.18:B1	E:25865841-25865856	exon	25865841	25865856	3,4	random hexamer	EX_cortical	INH_midbrain	3	0.14442399544185505	0.36166642417188033	0.2599847931115078	13.062992125984252
ENSMUSG00000033569.18:B1	E:25868542-25868592	exon	25868542	25868592	3,4	random hexamer	EX_cortical	INH_midbrain	3	0.14442399544185505	0.3170110092633009	0.21694115859647564	13.062992125984252
ENSMUSG00000033569.18:B1	E:25868592-25868788	exon	25868592	25868788	4	random hexamer	EX_cortical	INH_midbrain	3	0.1291094916538511	0.1565092240917616	0.08383007053114085	13.062992125984252
ENSMUSG00000033569.18:B2	E:25106630-25106758	exon	25106630	25106758	2,3	poly(dT)	EX_cortical	INH_migrating_interneuron	6	0.05465568460624213	-0.23578761425977088	0.13254260543792826	12.050073637702504
ENSMUSG00000033597.10:B1	E:24707756-24707848	exon	24707756	24707848	2	random hexamer	EX_cortical	ASC	8	0.12027185945698543	0.10419316339295528	0.10048118332203591	25.719576719576718
ENSMUSG00000033676.14:B1	E:57069439-57069722	exon	57069439	57069722	1	random hexamer	INH_migrating_interneuron	EX_cortical	3	0.11313322394711194	-0.0208128929773699	0.0208128929773699	27.26086956521739
ENSMUSG00000033676.14:B1	E:57200677-57200725	exon	57200677	57200725	1	random hexamer	INH_migrating_interneuron	EX_cortical	3	0.11313322394711194	0.0	0.0	27.26086956521739
ENSMUSG00000033676.14:B1	E:57240265-57240396	exon	57240265	57240396	2	random hexamer	EX_cortical	INH_migrating_interneuron	3	0.07322444554924633	-0.1861815591486312	0.10300248942758698	27.26086956521739
ENSMUSG00000033720.13:B1	E:85309261-85309732	exon	85309261	85309732	1	poly(dT)	EX_cortical	INH_migrating_interneuron	3	0.14260688693505955	-0.0383263782121678	0.07431738072618585	4.36231884057971
ENSMUSG00000033720.13:B1	E:85309261-85309732	exon	85309261	85309732	1	random hexamer	ASC	INH_migrating_interneuron	11	0.10120535148917394	0.043783915655825595	0.09213187128009621	44.59420289855072
ENSMUSG00000033720.13:B1	E:85310289-85310401	exon	85310289	85310401	2,3	poly(dT)	INH_migrating_interneuron	EX_cortical	3	0.1426068869350594	0.1618947858472998	0.3437148309436991	4.36231884057971
ENSMUSG00000033720.13:B1	E:85310289-85310401	exon	85310289	85310401	2,3	random hexamer	INH_migrating_interneuron	ASC	11	0.10120535148917399	0.4563723370995655	0.1372934958475793	44.59420289855072
ENSMUSG00000033720.13:B1	E:85310401-85310404	exon	85310401	85310404	3	poly(dT)	INH_migrating_interneuron	EX_cortical	3	0.5313287360725902	-0.06808957646946474	0.2835723888541574	4.36231884057971
ENSMUSG00000033720.13:B1	E:85310401-85310404	exon	85310401	85310404	3	random hexamer	INH_midbrain	ASC	11	0.2021835169903488	-0.05590448549673115	0.11326980284245365	37.84057971014492
ENSMUSG00000033768.18:B1	E:6468767-6468794	exon	6468767	6468794	1	random hexamer	EX_cortical	OPC	3	0.15573065007472017	0.0048815012235497645	0.01697421208303598	6.93956043956044
ENSMUSG00000033768.18:B1	E:6468794-6469002	exon	6468794	6469002	1,2	random hexamer	EX_cortical	OPC	3	0.1494589599781662	-0.18448497784854037	0.09062136809263543	6.93956043956044
ENSMUSG00000033768.18:B1	E:6477834-6478808	exon	6477834	6478808	1,2	random hexamer	EX_cortical	OPC	3	0.1494589599781662	-0.03626789078848022	0.10806732178690705	6.93956043956044
ENSMUSG00000033768.18:B1	E:6493660-6493678	exon	6493660	6493678	1,2	random hexamer	EX_cortical	OPC	3	0.1494589599781662	-0.32549971316255516	0.1726111703466392	6.93956043956044
ENSMUSG00000033768.18:B1	E:6498284-6498314	exon	6498284	6498314	1,2	random hexamer	EX_cortical	OPC	3	0.1494589599781662	-0.08050148520466953	0.45023472098754613	6.93956043956044
ENSMUSG00000033768.18:B1	E:6500557-6500629	exon	6500557	6500629	1	random hexamer	EX_cortical	OPC	3	0.15573065007472017	-0.20839093229393166	0.3926693005008359	6.93956043956044
ENSMUSG00000033768.18:B1	E:6505008-6505310	exon	6505008	6505310	1,2	random hexamer	EX_cortical	OPC	3	0.1494589599781662	0.03910033811699115	0.21239365493357368	6.93956043956044
ENSMUSG00000033768.18:B1	E:6513853-6513877	exon	6513853	6513877	2	random hexamer	EX_cerebellum_granule	ASC	6	0.09597999540390377	-0.102057139739813	0.18886222565052466	17.604395604395606
ENSMUSG00000033768.18:B1	E:6522287-6522449	exon	6522287	6522449	1,2	random hexamer	EX_cortical	OPC	3	0.1494589599781662	0.39618984479637037	0.17179787196523805	6.93956043956044
ENSMUSG00000033768.18:B1	E:6523347-6523786	exon	6523347	6523786	1,2	random hexamer	EX_cortical	OPC	3	0.1494589599781662	-0.07995859032741758	0.27745731145082975	6.93956043956044
ENSMUSG00000033768.18:B1	E:6531139-6531526	exon	6531139	6531526	1,2	random hexamer	EX_cortical	OPC	3	0.1494589599781662	0.4154783145474619	0.26683351607519	6.93956043956044
ENSMUSG00000033768.18:B1	E:6531701-6531905	exon	6531701	6531905	1,2	random hexamer	EX_cortical	OPC	3	0.1494589599781662	-5.1212633825311236e-05	0.09682686772520792	6.93956043956044
ENSMUSG00000033768.18:B1	E:6538813-6538840	exon	6538813	6538840	1	random hexamer	EX_cortical	OPC	3	0.15573065007472017	-0.1558083636932051	0.08416625449487454	6.93956043956044
ENSMUSG00000033768.18:B1	E:6540096-6540216	exon	6540096	6540216	1,2	random hexamer	EX_cortical	OPC	3	0.1494589599781662	0.017822896110581493	0.029269283947731366	6.93956043956044
ENSMUSG00000033768.18:B1	E:6540563-6540945	exon	6540563	6540945	1,2	random hexamer	EX_cortical	OPC	3	0.1494589599781662	0.12436206462163611	0.1717566533168751	6.93956043956044
ENSMUSG00000033768.18:B1	E:6541513-6541704	exon	6541513	6541704	1,2	random hexamer	EX_cortical	OPC	3	0.1494589599781662	0.3493006206363616	0.06665310560651874	6.93956043956044
ENSMUSG00000033768.18:B1	E:6542865-6543039	exon	6542865	6543039	1,2	random hexamer	EX_cortical	OPC	3	0.1494589599781662	-0.3778216097080512	0.16673496590489284	6.93956043956044
ENSMUSG00000033768.18:B1	E:6543365-6543485	exon	6543365	6543485	1,2	random hexamer	EX_cortical	OPC	3	0.1494589599781662	-0.0973608358886056	0.062470972078793714	6.93956043956044
ENSMUSG00000033768.18:B1	E:6547857-6547864	exon	6547857	6547864	3	random hexamer	OPC	EX_cortical	3	0.15930030944834347	0.6609955891619408	0.33053428424738907	6.93956043956044
ENSMUSG00000033768.18:B1	E:6547864-6548561	exon	6547864	6548561	3,4	random hexamer	OPC	EX_cortical	3	0.14945895997816616	0.5538600494594479	0.24973705218568712	6.93956043956044
ENSMUSG00000033768.18:B1	J:6498314-6505008	junction	6498314	6505008	2	random hexamer	EX_cerebellum_granule	ASC	3	0.06048745981106629	-0.08333333333333333	0.08333333333333334	29.0
ENSMUSG00000033768.18:B2	E:6563745-6563835	exon	6563745	6563835	2	random hexamer	EX_cerebellum_granule	OPC	3	0.11542266003333539	0.14378734966855009	0.029544389591181514	12.256723498359252
ENSMUSG00000033768.18:B2	J:6559979-6563745	junction	6559979	6563745	2	random hexamer	INH_midbrain	EX_cortical	4	0.051488593928722015	-0.21342501097935881	0.14468799027721585	26.0
ENSMUSG00000033768.18:B2	J:6559979-6566952	junction	6559979	6566952	1	random hexamer	EX_cerebellum_granule	INH_migrating_interneuron	3	0.08360941512195914	-0.41246857717445945	0.14425345814918022	27.0
ENSMUSG00000033768.18:B2	J:6563835-6566952	junction	6563835	6566952	2	random hexamer	INH_midbrain	EX_cortical	4	0.051488593928722015	-0.2937010237339852	0.03927502654488882	33.0
ENSMUSG00000033808.17:B3	E:120185792-120187019	exon	120185792	120187019	1	poly(dT)	EX_cortical	INH_midbrain	3	0.2824350019557802	-0.042592145274286536	0.014463812362184468	19.62162162162162
ENSMUSG00000033808.17:B3	E:120190014-120190045	exon	120190014	120190045	1	poly(dT)	EX_cortical	INH_midbrain	3	0.2824350019557802	0.210324280256681	0.18123554941837222	19.62162162162162
ENSMUSG00000033808.17:B3	E:120190519-120190575	exon	120190519	120190575	1	poly(dT)	EX_cortical	INH_midbrain	3	0.2824350019557802	0.3607338447148871	0.2954526622768113	19.62162162162162
ENSMUSG00000033808.17:B3	E:120193359-120193421	exon	120193359	120193421	1	poly(dT)	EX_cortical	INH_midbrain	3	0.2824350019557802	0.30305320945490505	0.14329953911879342	19.62162162162162
ENSMUSG00000033808.17:B3	E:120193774-120193842	exon	120193774	120193842	2	poly(dT)	INH_midbrain	EX_cortical	3	0.28243500195578014	0.11948781757088822	0.08718164936857743	19.62162162162162
ENSMUSG00000033981.15:B1	E:80597710-80597825	exon	80597710	80597825	1	poly(dT)	EX_hippocampus_pyramidal	EX_hippocampus_granule	4	0.058167104594959315	-0.04615162654707983	0.027969636301694495	20.903452519756446
ENSMUSG00000033981.15:B1	E:80597710-80597825	exon	80597710	80597825	1	random hexamer	EX_cerebellum_granule	INH_migrating_interneuron	6	0.07880509187284523	0.1052203117137332	0.13809785377073514	18.64967126570799
ENSMUSG00000033981.15:B1	E:80598626-80598741	exon	80598626	80598741	2	poly(dT)	EX_hippocampus_granule	EX_hippocampus_pyramidal	4	0.058167104594959385	0.4395935016462764	0.20360411646302373	20.903452519756446
ENSMUSG00000033981.15:B1	E:80598626-80598741	exon	80598626	80598741	2	random hexamer	INH_migrating_interneuron	EX_cerebellum_granule	6	0.07880509187284528	-0.1744184670466998	0.18364959830693836	18.64967126570799
ENSMUSG00000033981.15:B1	J:80596658-80597710	junction	80596658	80597710	1	random hexamer	INH_midbrain	ASC	3	0.08448051267312633	0.39356725146198834	0.33181298917600716	23.0
ENSMUSG00000033981.15:B1	J:80596658-80598626	junction	80596658	80598626	2	poly(dT)	INH_migrating_interneuron	ASC	3	0.05915282096260099	-0.7173913043478262	0.14797520185987056	24.0
ENSMUSG00000033981.15:B1	J:80596658-80598626	junction	80596658	80598626	2	random hexamer	ASC	INH_midbrain	3	0.08448051267312633	0.41578947368421054	0.3338822811331308	23.0
ENSMUSG00000033981.15:B1	J:80597825-80599591	junction	80597825	80599591	1	poly(dT)	EX_hippocampus_pyramidal	INH_migrating_interneuron	3	0.1655850871942767	-0.04357298474945533	0.043572984749455326	29.0
ENSMUSG00000033981.15:B1	J:80598741-80599591	junction	80598741	80599591	2	poly(dT)	INH_migrating_interneuron	EX_hippocampus_pyramidal	3	0.16558508719427667	-0.006535947712418277	0.006535947712418277	29.0
ENSMUSG00000034269.13:B1	E:113054325-113054673	exon	113054325	113054673	2	random hexamer	EX_cortical	ASC	3	0.10917286490862425	-0.2952603434493784	0.29526034344937846	5.094117647058823
ENSMUSG00000034269.13:B1	E:113081895-113081997	exon	113081895	113081997	2	random hexamer	EX_cortical	ASC	3	0.10917286490862425	-0.14859762675296653	0.14859762675296656	5.094117647058823
ENSMUSG00000034269.13:B1	J:113054673-113081895	junction	113054673	113081895	2	random hexamer	EX_cortical	INH_migrating_interneuron	3	0.12247944065431625	0.0	0.0	17.0
ENSMUSG00000034275.20:B1	E:27210499-27210523	exon	27210499	27210523	2	random hexamer	INH_midbrain	EX_cortical	15	0.10465258093591648	-0.07439139023261619	0.058313970360814184	52.41724137931035
ENSMUSG00000034353.15:B1	E:91107543-91107763	exon	91107543	91107763	2	random hexamer	ASC	EX_cortical	3	0.05012450622694067	-0.0015151515151515	0.0015151515151515002	6.052631578947368
ENSMUSG00000034353.15:B1	E:91107763-91107767	exon	91107763	91107767	2,3	random hexamer	ASC	EX_cortical	3	0.10058342205471744	-0.7414529914529915	0.24583795316905507	6.052631578947368
ENSMUSG00000034390.17:B1	E:117983802-117984140	exon	117983802	117984140	1	poly(dT)	INH_midbrain	EX_cerebellum_granule	7	0.18232129398219607	-0.06895704245127274	0.10215401363226799	15.015873015873016
ENSMUSG00000034390.17:B1	E:117983802-117984140	exon	117983802	117984140	1	random hexamer	INH_medium_spiny	EX_cortical	6	0.20141469646483665	-0.026061470597697634	0.033438740757673946	11.277777777777777
ENSMUSG00000034390.17:B1	E:118075908-118076114	exon	118075908	118076114	2	poly(dT)	EX_cerebellum_granule	INH_midbrain	7	0.1823212939821961	0.10475781794775518	0.10475781794775518	15.015873015873016
ENSMUSG00000034390.17:B1	E:118075908-118076114	exon	118075908	118076114	2	random hexamer	EX_cortical	INH_medium_spiny	6	0.20141469646483665	-0.041881116684192414	0.026821155891721512	11.277777777777777
ENSMUSG00000034390.17:B1	J:117984140-118103813	junction	117984140	118103813	1	poly(dT)	INH_migrating_interneuron	EX_cortical	3	0.16843994454888767	0.11111111111111112	0.06415002990995843	23.0
ENSMUSG00000034390.17:B1	J:118076114-118103813	junction	118076114	118103813	2	poly(dT)	EX_cortical	INH_migrating_interneuron	3	0.16843994454888764	0.0	0.0	23.0
ENSMUSG00000034593.17:B1	E:74978469-74978881	exon	74978469	74978881	2	random hexamer	INH_midbrain	INH_medium_spiny	3	0.1210613047762303	-0.06588072122052706	0.06588072122052706	8.516666666666666
ENSMUSG00000034656.19:B3	E:85366692-85366875	exon	85366692	85366875	2	poly(dT)	INH_midbrain	EX_cerebellum_granule	3	0.050640063901346656	0.20806798948650032	0.29095046139273256	6.516949152542374
ENSMUSG00000034675.18:B1	E:55635874-55635924	exon	55635874	55635924	2	random hexamer	INH_midbrain	EX_cortical	4	0.08062887535864027	-0.3489631148995754	0.22208113426584158	19.804020100502512
ENSMUSG00000034723.12:B1	E:134486010-134486065	exon	134486010	134486065	2	poly(dT)	EX_cortical	EX_cerebellum_granule	4	0.1451094238095242	0.2686946755311037	0.1948884259522074	12.815
ENSMUSG00000034730.18:B1	E:74388043-74388715	exon	74388043	74388715	1	random hexamer	EX_hippocampus_pyramidal	EX_cortical	4	0.24743334389020913	0.10395919175344807	0.07962294333229197	15.873239436619718
ENSMUSG00000034730.18:B1	E:74400778-74401789	exon	74400778	74401789	1	random hexamer	EX_hippocampus_pyramidal	EX_cortical	4	0.24743334389020913	0.055570587003582195	0.12348824792203474	15.873239436619718
ENSMUSG00000034730.18:B1	E:74410146-74410308	exon	74410146	74410308	1	random hexamer	EX_hippocampus_pyramidal	EX_cortical	4	0.24743334389020913	0.18488868826481142	0.07734181973397887	15.873239436619718
ENSMUSG00000034730.18:B1	E:74411051-74411162	exon	74411051	74411162	1	random hexamer	EX_hippocampus_pyramidal	EX_cortical	4	0.24743334389020913	0.02179392807795929	0.0763867588425157	15.873239436619718
ENSMUSG00000034730.18:B1	E:74411555-74411720	exon	74411555	74411720	1	random hexamer	EX_hippocampus_pyramidal	EX_cortical	4	0.24743334389020913	-0.0994809533938615	0.08985816689340864	15.873239436619718
ENSMUSG00000034730.18:B1	E:74412244-74412409	exon	74412244	74412409	1	random hexamer	EX_hippocampus_pyramidal	EX_cortical	4	0.24743334389020913	0.20269280085686187	0.07808429698509989	15.873239436619718
ENSMUSG00000034730.18:B1	E:74412666-74412840	exon	74412666	74412840	1	random hexamer	EX_hippocampus_pyramidal	EX_cortical	4	0.24743334389020913	0.021699347266846476	0.05091360683365267	15.873239436619718
ENSMUSG00000034730.18:B1	E:74413378-74413543	exon	74413378	74413543	1	random hexamer	EX_hippocampus_pyramidal	EX_cortical	4	0.24743334389020913	-0.145371206175314	0.14339417677822036	15.873239436619718
ENSMUSG00000034730.18:B1	E:74413637-74413739	exon	74413637	74413739	1	random hexamer	EX_hippocampus_pyramidal	EX_cortical	4	0.24743334389020913	-0.15431803365524274	0.21439577626709375	15.873239436619718
ENSMUSG00000034730.18:B1	E:74415104-74415211	exon	74415104	74415211	1	random hexamer	EX_hippocampus_pyramidal	EX_cortical	4	0.24743334389020913	0.032075268760307266	0.18030038322120567	15.873239436619718
ENSMUSG00000034730.18:B1	E:74415356-74415551	exon	74415356	74415551	1	random hexamer	EX_hippocampus_pyramidal	EX_cortical	4	0.24743334389020913	-0.10934547473005124	0.23527173184759764	15.873239436619718
ENSMUSG00000034730.18:B1	E:74416125-74416194	exon	74416125	74416194	1	random hexamer	EX_hippocampus_pyramidal	EX_cortical	4	0.24743334389020913	-0.13124112405444016	0.19258401580162204	15.873239436619718
ENSMUSG00000034730.18:B1	E:74416793-74416902	exon	74416793	74416902	1	random hexamer	EX_hippocampus_pyramidal	EX_cortical	4	0.24743334389020913	-0.028237086292795144	0.14053939379774813	15.873239436619718
ENSMUSG00000034730.18:B1	E:74419468-74419612	exon	74419468	74419612	1	random hexamer	EX_hippocampus_pyramidal	EX_cortical	4	0.24743334389020913	0.1573422388187787	0.15308872807844787	15.873239436619718
ENSMUSG00000034730.18:B1	E:74420120-74420196	exon	74420120	74420196	1	random hexamer	EX_hippocampus_pyramidal	EX_cortical	4	0.24743334389020913	0.15965654622087974	0.2660257769536937	15.873239436619718
ENSMUSG00000034730.18:B1	E:74420380-74420483	exon	74420380	74420483	1	random hexamer	EX_hippocampus_pyramidal	EX_cortical	4	0.24743334389020913	0.06456096475396658	0.20496084839387468	15.873239436619718
ENSMUSG00000034730.18:B1	E:74421862-74421906	exon	74421862	74421906	1	random hexamer	EX_hippocampus_pyramidal	EX_cortical	4	0.24743334389020913	0.18777127039687105	0.155474445690924	15.873239436619718
ENSMUSG00000034730.18:B1	E:74435640-74435701	exon	74435640	74435701	2	random hexamer	EX_cortical	EX_hippocampus_pyramidal	4	0.2117420363219923	0.3720595066680862	0.14045311422175225	15.873239436619718
ENSMUSG00000034730.18:B1	E:74435701-74435730	exon	74435701	74435730	2,3	random hexamer	EX_cortical	EX_hippocampus_pyramidal	4	0.24743334389020913	0.2718809746638512	0.15348598899213223	15.873239436619718
ENSMUSG00000034730.18:B1	J:74401789-74410146	junction	74401789	74410146	1	random hexamer	INH_medium_spiny	EX_cortical	5	0.11237130763608853	0.09134199134199135	0.0533337901256651	29.0
ENSMUSG00000034730.18:B1	J:74410308-74411051	junction	74410308	74411051	1	random hexamer	INH_migrating_interneuron	EX_cortical	3	0.13970897076940955	-0.033333333333333326	0.033333333333333326	34.0
ENSMUSG00000034730.18:B1	J:74413543-74413637	junction	74413543	74413637	1	random hexamer	INH_midbrain	EX_cortical	3	0.15249139837224915	0.0	0.0	30.0
ENSMUSG00000034730.18:B1	J:74413739-74415104	junction	74413739	74415104	1	random hexamer	INH_medium_spiny	EX_cortical	5	0.22169951165209872	0.01428571428571428	0.014285714285714278	45.0
ENSMUSG00000034730.18:B1	J:74416194-74416793	junction	74416194	74416793	1	random hexamer	INH_medium_spiny	EX_cortical	3	0.1503854579763018	0.0	0.0	20.0
ENSMUSG00000034730.18:B1	J:74416902-74419468	junction	74416902	74419468	1	random hexamer	INH_migrating_interneuron	EX_cortical	4	0.24235389382773515	-0.03125	0.03125	26.0
ENSMUSG00000034730.18:B1	J:74419612-74420120	junction	74419612	74420120	1	random hexamer	INH_migrating_interneuron	EX_cortical	5	0.19080006709750413	0.001252138214163545	0.02664102815337106	50.0
ENSMUSG00000034730.18:B1	J:74420196-74420380	junction	74420196	74420380	1	random hexamer	INH_midbrain	EX_cortical	6	0.17332765103696082	0.0	0.0	49.0
ENSMUSG00000034730.18:B1	J:74421906-74435808	junction	74421906	74435808	1	random hexamer	EX_hippocampus_granule	EX_cortical	3	0.2430720559484565	-0.2386894633065932	0.04768573240088809	22.0
ENSMUSG00000034730.18:B1	J:74435730-74435808	junction	74435730	74435808	2	random hexamer	EX_cortical	EX_hippocampus_granule	3	0.2276274142518824	-0.07988727727808842	0.07955923285717081	22.0
ENSMUSG00000034730.18:B2	E:74461292-74461313	exon	74461292	74461313	2	poly(dT)	EX_hippocampus_pyramidal	EX_cortical	3	0.08293737753756376	0.14034095947503766	0.1403409594750377	6.062087186261559
ENSMUSG00000034730.18:B2	E:74461292-74461313	exon	74461292	74461313	2	random hexamer	EX_hippocampus_pyramidal	EX_cortical	4	0.08268064492937968	0.0038664125894517	0.0038664125894517	15.919418758256274
ENSMUSG00000034799.17:B1	E:72124380-72124401	exon	72124380	72124401	2	random hexamer	INH_medium_spiny	EX_hippocampus_granule	4	0.15206458469604806	0.18594789845906512	0.05204378346987598	30.55855855855856
ENSMUSG00000034832.16:B1	E:83418531-83418657	exon	83418531	83418657	1	random hexamer	INH_midbrain	INH_medium_spiny	3	0.06070125577904365	0.060090217761041044	0.2248822200913296	15.82456140350877
ENSMUSG00000034832.16:B1	E:83431731-83432462	exon	83431731	83432462	2	random hexamer	INH_medium_spiny	INH_midbrain	3	0.06070125577904369	0.13937204790443772	0.11197598288476106	15.82456140350877
ENSMUSG00000034832.16:B1	E:83433270-83433374	exon	83433270	83433374	2	random hexamer	INH_medium_spiny	INH_midbrain	3	0.06070125577904369	0.29183316683316685	0.29183316683316685	15.82456140350877
ENSMUSG00000034902.18:B1	E:81128813-81128838	exon	81128813	81128838	2	poly(dT)	EX_cortical	EX_cerebellum_granule	3	0.11143075615249554	-0.2296627655993669	0.12044946016552134	4.587837837837838
ENSMUSG00000034902.18:B1	E:81128813-81128838	exon	81128813	81128838	2	random hexamer	INH_medium_spiny	EX_cerebellum_granule	4	0.1488912601948174	0.03482118538397058	0.30230795114238124	19.972972972972972
ENSMUSG00000035011.16:B1	E:80972104-80972382	exon	80972104	80972382	1	random hexamer	EX_cortical	EX_cerebellum_granule	5	0.07821650328838836	-0.0020251616851505007	0.04599424204880828	18.670382165605094
ENSMUSG00000035011.16:B1	E:80972382-80972411	exon	80972382	80972411	1,2	random hexamer	ASC	EX_cortical	3	0.05413911204489367	0.2657024195757633	0.0995673966597903	6.207006369426752
ENSMUSG00000035011.16:B1	E:80972493-80972533	exon	80972493	80972533	1,3	random hexamer	EX_cortical	EX_cerebellum_granule	5	0.08508235436557232	-0.17727752190473284	0.1908807184678675	18.670382165605094
ENSMUSG00000035545.14:B1	E:4140047-4140058	exon	4140047	4140058	1	poly(dT)	EX_hippocampus_pyramidal	EX_cortical	3	0.1019341265774869	0.3515252096005313	0.09883282633903309	11.779069767441861
ENSMUSG00000035545.14:B1	E:4140047-4140058	exon	4140047	4140058	1	random hexamer	EX_hippocampus_granule	EX_cortical	4	0.07640549944941216	0.41275876684429225	0.1860622447480959	7.4069767441860455
ENSMUSG00000035649.18:B1	E:44756567-44756692	exon	44756567	44756692	1	poly(dT)	INH_medium_spiny	EX_cortical	3	0.1436809832058188	0.29948936637572404	0.07063826707255412	7.6875
ENSMUSG00000035649.18:B1	E:44756567-44756692	exon	44756567	44756692	1	random hexamer	INH_medium_spiny	EX_cortical	4	0.07550969721084466	0.0737577140518278	0.06600058300743979	8.072916666666666
ENSMUSG00000035649.18:B1	E:44761849-44762474	exon	44761849	44762474	1	poly(dT)	INH_medium_spiny	EX_cortical	3	0.1436809832058188	0.0	0.0	7.6875
ENSMUSG00000035649.18:B1	E:44761849-44762474	exon	44761849	44762474	1	random hexamer	INH_medium_spiny	EX_cortical	4	0.07550969721084466	0.22764085441661763	0.1823194493948509	8.072916666666666
ENSMUSG00000035649.18:B1	E:44893532-44893570	exon	44893532	44893570	1	poly(dT)	INH_medium_spiny	EX_cortical	3	0.1436809832058188	-0.12994086585131304	0.20677753986134656	7.6875
ENSMUSG00000035649.18:B1	E:44893532-44893570	exon	44893532	44893570	1	random hexamer	INH_medium_spiny	EX_cortical	4	0.07550969721084466	0.07611047521081998	0.40079622168859114	8.072916666666666
ENSMUSG00000035649.18:B1	E:44894915-44895041	exon	44894915	44895041	1	poly(dT)	INH_medium_spiny	EX_cortical	3	0.1436809832058188	0.37343066523146234	0.04544185302632337	7.6875
ENSMUSG00000035649.18:B1	E:44894915-44895041	exon	44894915	44895041	1	random hexamer	INH_medium_spiny	EX_cortical	4	0.07550969721084466	0.030097960643354738	0.15675898323774087	8.072916666666666
ENSMUSG00000035649.18:B1	E:44895818-44895989	exon	44895818	44895989	1	poly(dT)	INH_medium_spiny	EX_cortical	3	0.1436809832058188	0.0983932494273367	0.1594495810899173	7.6875
ENSMUSG00000035649.18:B1	E:44895818-44895989	exon	44895818	44895989	1	random hexamer	INH_medium_spiny	EX_cortical	4	0.07550969721084466	-0.2108431053667895	0.1570723529637191	8.072916666666666
ENSMUSG00000035649.18:B1	E:44908450-44908486	exon	44908450	44908486	1	poly(dT)	INH_medium_spiny	EX_cortical	3	0.1436809832058188	0.1457206994883389	0.3047369435322031	7.6875
ENSMUSG00000035649.18:B1	E:44908450-44908486	exon	44908450	44908486	1	random hexamer	INH_medium_spiny	EX_cortical	4	0.07550969721084466	-0.14223547276026813	0.35517145154027785	8.072916666666666
ENSMUSG00000035649.18:B1	E:44923117-44925974	exon	44923117	44925974	2	poly(dT)	EX_cortical	INH_medium_spiny	3	0.14368098320581882	-0.10458638012544517	0.07197396709151582	7.6875
ENSMUSG00000035649.18:B1	E:44923117-44925974	exon	44923117	44925974	2	random hexamer	EX_cortical	INH_medium_spiny	4	0.07550969721084466	0.0043865637751662745	0.08548556669894922	8.072916666666666
ENSMUSG00000035863.15:B1	E:79629405-79629500	exon	79629405	79629500	2	poly(dT)	EX_cortical	INH_medium_spiny	3	0.17735200361077907	0.3075766299669581	0.05314869112289437	10.297297297297298
ENSMUSG00000035863.15:B1	E:79629405-79629500	exon	79629405	79629500	2	random hexamer	INH_migrating_interneuron	ASC	4	0.22436700659210848	0.04620775368675008	0.18093194230548718	29.986486486486484
ENSMUSG00000035863.15:B2	E:79651075-79652625	exon	79651075	79652625	1	random hexamer	EX_cerebellum_granule	EX_cortical	7	0.16788112371249575	0.28297071870133655	0.1287837738206015	38.192982456140356
ENSMUSG00000035863.15:B2	E:79652625-79652757	exon	79652625	79652757	1,2	random hexamer	ASC	EX_cerebellum_granule	3	0.05445848564889488	0.2962891493504289	0.36284007403361496	8.280701754385966
ENSMUSG00000035863.15:B2	E:79652757-79653232	exon	79652757	79653232	1	random hexamer	EX_cerebellum_granule	EX_cortical	7	0.16788112371249575	0.15847597094381313	0.055311056371200616	38.192982456140356
ENSMUSG00000035863.15:B2	E:79654874-79656730	exon	79654874	79656730	2,3	random hexamer	EX_cortical	EX_cerebellum_granule	7	0.1678811237124957	0.164092780622008	0.11614484781638634	38.192982456140356
ENSMUSG00000035864.15:B1	E:108846836-108846843	exon	108846836	108846843	2	poly(dT)	ODC	INH_migrating_interneuron	4	0.1464939721109843	0.0	0.0	15.9425
ENSMUSG00000035864.15:B1	E:108846836-108846843	exon	108846836	108846843	2	random hexamer	ODC	EX_hippocampus_granule	3	0.15339644424089252	0.0	0.0	21.607499999999998
ENSMUSG00000035969.16:B1	E:43406434-43406680	exon	43406434	43406680	3	random hexamer	EX_cortical	INH_midbrain	6	0.05971244553603857	0.15322061322820507	0.09847318624441612	28.547701433514582
ENSMUSG00000035969.16:B1	J:43382199-43414627	junction	43382199	43414627	2	random hexamer	INH_midbrain	EX_cortical	3	0.08362500420567122	0.704882154882155	0.012059090719896415	23.0
ENSMUSG00000035969.16:B1	J:43406680-43414627	junction	43406680	43414627	3	random hexamer	EX_cortical	INH_midbrain	3	0.07206414870140003	0.6547619047619047	0.052543039263604575	17.0
ENSMUSG00000036054.16:B1	E:70686875-70686882	exon	70686875	70686882	2	poly(dT)	INH_midbrain	EX_cortical	4	0.12978525772591984	-0.18913877013405964	0.12354224367473211	16.31904761904762
ENSMUSG00000036095.12:B1	E:37930335-37930417	exon	37930335	37930417	1	poly(dT)	EX_cortical	INH_migrating_interneuron	7	0.20269018105396347	-0.08996191174743008	0.09129321926214051	55.17578125
ENSMUSG00000036095.12:B1	E:37930335-37930417	exon	37930335	37930417	1	random hexamer	EX_cerebellum_granule	INH_migrating_interneuron	3	0.2798776153716784	-0.008432046576788718	0.517415996023457	9.15234375
ENSMUSG00000036095.12:B1	E:37930703-37930953	exon	37930703	37930953	2	poly(dT)	INH_migrating_interneuron	EX_cortical	7	0.20269018105396347	-0.021128749613371172	0.10397175358735512	55.17578125
ENSMUSG00000036095.12:B1	E:37930703-37930953	exon	37930703	37930953	2	random hexamer	INH_migrating_interneuron	EX_cerebellum_granule	3	0.2798776153716783	0.024265081366720676	0.3374933221878466	9.15234375
ENSMUSG00000036095.12:B1	J:37930417-38031753	junction	37930417	38031753	1	poly(dT)	EX_cortical	INH_migrating_interneuron	4	0.30707815439430425	0.05792949695438029	0.035984773924078214	53.0
ENSMUSG00000036095.12:B1	J:37930953-38031753	junction	37930953	38031753	2	poly(dT)	INH_migrating_interneuron	EX_cortical	4	0.3070781543943042	0.05790659282699856	0.05061089165822655	54.0
ENSMUSG00000036333.12:B1	E:25024923-25024970	exon	25024923	25024970	1	poly(dT)	EX_cerebellum_granule	ASC	3	0.11748373075481587	-0.12483660609186553	0.08328756690174949	14.428571428571427
ENSMUSG00000036333.12:B1	E:25024923-25024970	exon	25024923	25024970	1	random hexamer	EX_cerebellum_granule	EX_cortical	3	0.0853453826911265	0.29990865162865715	0.2238495901528034	8.642857142857142
ENSMUSG00000036564.18:B1	E:96404712-96405011	exon	96404712	96405011	1	poly(dT)	EX_cortical	INH_medium_spiny	3	0.0721921525280416	0.30987630364392493	0.29666639919293397	5.886792452830189
ENSMUSG00000036564.18:B1	E:96404712-96405011	exon	96404712	96405011	1	random hexamer	INH_midbrain	ASC	4	0.12422861437208316	-0.07311599263346187	0.05567092910128951	18.047169811320757
ENSMUSG00000036564.18:B1	E:96423821-96423916	exon	96423821	96423916	1	poly(dT)	EX_cortical	INH_medium_spiny	3	0.0721921525280416	0.48565954134482964	0.2890311092041374	5.886792452830189
ENSMUSG00000036564.18:B1	E:96423821-96423916	exon	96423821	96423916	1	random hexamer	INH_midbrain	ASC	4	0.12422861437208316	-0.0013424215698858571	0.17089478336062133	18.047169811320757
ENSMUSG00000036564.18:B1	E:96426740-96426785	exon	96426740	96426785	1	poly(dT)	EX_cortical	INH_medium_spiny	3	0.0721921525280416	0.3491341986046379	0.23803436336432474	5.886792452830189
ENSMUSG00000036564.18:B1	E:96426740-96426785	exon	96426740	96426785	1	random hexamer	INH_midbrain	ASC	4	0.12422861437208316	-0.07372538909619605	0.08148449892716948	18.047169811320757
ENSMUSG00000036564.18:B1	E:96429664-96429805	exon	96429664	96429805	2	poly(dT)	INH_medium_spiny	EX_cortical	3	0.07219215252804145	0.16591857306230196	0.1986897095554292	5.886792452830189
ENSMUSG00000036564.18:B1	E:96429664-96429805	exon	96429664	96429805	2	random hexamer	ASC	INH_midbrain	4	0.12422861437208307	-0.1308948508932994	0.0472613806246444	18.047169811320757
ENSMUSG00000036564.18:B1	J:96405011-96423821	junction	96405011	96423821	1	random hexamer	EX_cerebellum_granule	EX_cortical	4	0.07526697517082415	-0.022727272727272735	0.07537783614444091	44.0
ENSMUSG00000036564.18:B1	J:96426785-96432815	junction	96426785	96432815	1	random hexamer	EX_cerebellum_granule	EX_cortical	3	0.113726856700428	-0.10772486772486774	0.15834941991276158	42.0
ENSMUSG00000036564.18:B1	J:96429805-96432815	junction	96429805	96432815	2	random hexamer	EX_cortical	EX_cerebellum_granule	3	0.11372685670042804	-0.10772486772486774	0.15834941991276164	42.0
ENSMUSG00000036591.17:B1	E:20972531-20972532	exon	20972531	20972532	1	poly(dT)	INH_migrating_interneuron	INH_medium_spiny	3	0.0693881180372555	0.22335329341317367	0.22335329341317367	11.053619302949063
ENSMUSG00000036591.17:B1	E:20972531-20972532	exon	20972531	20972532	1	random hexamer	EX_cortical	INH_migrating_interneuron	4	0.08789307686979053	0.04785788206471235	0.047857882064712344	5.911528150134048
ENSMUSG00000036591.17:B1	E:20973294-20973337	exon	20973294	20973337	2,3	poly(dT)	INH_medium_spiny	INH_migrating_interneuron	3	0.06938811803725557	0.0644698521341595	0.06446985213415951	11.053619302949063
ENSMUSG00000036591.17:B1	E:20973294-20973337	exon	20973294	20973337	2,3	random hexamer	INH_migrating_interneuron	EX_cortical	4	0.08789307686979062	-0.2426219697465781	0.22682797612354616	5.911528150134048
ENSMUSG00000036591.17:B4	E:20852729-20853404	exon	20852729	20853404	2	poly(dT)	EX_cortical	EX_hippocampus_pyramidal	3	0.06174122548035071	0.09947905545427654	0.26309077800306624	5.896205357142858
ENSMUSG00000036591.17:B4	E:20852729-20853404	exon	20852729	20853404	2	random hexamer	EX_cortical	EX_hippocampus_pyramidal	3	0.07851419610883091	-0.03814449780560717	0.036733906973618856	7.76171875
ENSMUSG00000036617.18:B1	E:20524638-20524738	exon	20524638	20524738	1,2,3	random hexamer	INH_migrating_interneuron	EX_cortical	8	0.09311360781792136	0.058872434001755715	0.062311273076192046	30.65906362545018
ENSMUSG00000036617.18:B1	E:20534769-20535053	exon	20534769	20535053	1,2,3	random hexamer	INH_migrating_interneuron	EX_cortical	8	0.09311360781792136	0.1002247234190092	0.0966357616760947	30.65906362545018
ENSMUSG00000036617.18:B1	E:20666708-20666907	exon	20666708	20666907	1,2,3	random hexamer	INH_migrating_interneuron	EX_cortical	8	0.09311360781792136	0.41429294568765607	0.15466734156592335	30.65906362545018
ENSMUSG00000036617.18:B1	E:20714215-20714414	exon	20714215	20714414	1,2,3	random hexamer	INH_migrating_interneuron	EX_cortical	8	0.09311360781792136	-0.16550411403947013	0.16323907017857164	30.65906362545018
ENSMUSG00000036617.18:B1	E:20718165-20718259	exon	20718165	20718259	1,2,3	random hexamer	INH_migrating_interneuron	EX_cortical	8	0.09311360781792136	0.16221331905339761	0.10534257288420784	30.65906362545018
ENSMUSG00000036617.18:B1	E:20727435-20727534	exon	20727435	20727534	4	random hexamer	EX_cortical	INH_migrating_interneuron	8	0.05591604766898508	0.38396205860926347	0.18518124272458064	30.65906362545018
ENSMUSG00000036617.18:B1	J:20718259-20748269	junction	20718259	20748269	1,2,3	random hexamer	INH_migrating_interneuron	EX_cortical	3	0.10148293685233041	0.2818783068783069	0.2627312130185995	32.0
ENSMUSG00000036617.18:B1	J:20727534-20748269	junction	20727534	20748269	4	random hexamer	EX_cortical	INH_migrating_interneuron	3	0.0834308903770154	0.33425925925925926	0.2397611837642926	32.0
ENSMUSG00000036622.16:B1	E:140733989-140734063	exon	140733989	140734063	2	random hexamer	INH_midbrain	INH_migrating_interneuron	3	0.1775723892288372	0.3201264302140511	0.29807390948424883	11.151041666666668
ENSMUSG00000036667.15:B1	E:42669866-42669993	exon	42669866	42669993	1	random hexamer	INH_midbrain	INH_migrating_interneuron	4	0.11501554976142286	0.16901964532306735	0.23366270779266105	8.99211356466877
ENSMUSG00000036667.15:B1	E:42686892-42687022	exon	42686892	42687022	2	random hexamer	INH_migrating_interneuron	INH_midbrain	4	0.11501554976142295	-0.10439742266597635	0.12248896469559292	8.99211356466877
ENSMUSG00000036882.8:B1	E:30233605-30233610	exon	30233605	30233610	2,3,4	random hexamer	EX_cortical	INH_medium_spiny	7	0.11420432653644964	-0.0627285905108547	0.20171086113189135	22.193877551020407
ENSMUSG00000036882.8:B1	E:30234350-30234422	exon	30234350	30234422	2,3,4,5	random hexamer	EX_cortical	INH_medium_spiny	7	0.12461517838649759	0.020784397466011812	0.02078439746601181	22.193877551020407
ENSMUSG00000036882.8:B1	E:30234422-30234434	exon	30234422	30234434	3,4,5	random hexamer	EX_cortical	INH_medium_spiny	7	0.06832881604992354	-0.015629406682931637	0.11658974663120986	22.193877551020407
ENSMUSG00000036882.8:B1	E:30234434-30234437	exon	30234434	30234437	4,5	random hexamer	EX_cortical	INH_medium_spiny	7	0.07316836141482523	-0.08837039571889542	0.16626150189437408	22.193877551020407
ENSMUSG00000036882.8:B2	E:30223845-30224013	exon	30223845	30224013	2	random hexamer	INH_medium_spiny	EX_cortical	8	0.11116324099119383	-0.05765792771502902	0.0512937548875823	42.24470694370049
ENSMUSG00000036882.8:B2	E:30225379-30225454	exon	30225379	30225454	2	random hexamer	INH_medium_spiny	EX_cortical	8	0.11116324099119383	-0.06009979892924763	0.02782438149023959	42.24470694370049
ENSMUSG00000036882.8:B2	E:30225538-30225684	exon	30225538	30225684	2	random hexamer	INH_medium_spiny	EX_cortical	8	0.11116324099119383	-0.01630563319461238	0.01630563319461238	42.24470694370049
ENSMUSG00000036882.8:B2	E:30225771-30225925	exon	30225771	30225925	2	random hexamer	INH_medium_spiny	EX_cortical	8	0.11116324099119383	0.022000899152478263	0.15549698966355616	42.24470694370049
ENSMUSG00000036882.8:B2	E:30226566-30226712	exon	30226566	30226712	2	random hexamer	INH_medium_spiny	EX_cortical	8	0.11116324099119383	0.0	0.0	42.24470694370049
ENSMUSG00000036882.8:B2	E:30227704-30227812	exon	30227704	30227812	2	random hexamer	INH_medium_spiny	EX_cortical	8	0.11116324099119383	-0.03422542968393962	0.1053039587632511	42.24470694370049
ENSMUSG00000036882.8:B2	E:30227894-30227977	exon	30227894	30227977	2	random hexamer	INH_medium_spiny	EX_cortical	8	0.11116324099119383	-0.028260176572863976	0.05266225228563856	42.24470694370049
ENSMUSG00000036882.8:B2	E:30228078-30228223	exon	30228078	30228223	2	random hexamer	INH_medium_spiny	EX_cortical	8	0.11116324099119383	0.2314477817253861	0.1239580176656778	42.24470694370049
ENSMUSG00000036882.8:B2	E:30229140-30229243	exon	30229140	30229243	2	random hexamer	INH_medium_spiny	EX_cortical	8	0.11116324099119383	0.22419821116997002	0.15997973619466194	42.24470694370049
ENSMUSG00000036882.8:B2	E:30229319-30229472	exon	30229319	30229472	2	random hexamer	INH_medium_spiny	EX_cortical	8	0.11116324099119383	0.18858436344780005	0.15193787318650687	42.24470694370049
ENSMUSG00000036882.8:B2	E:30229560-30229620	exon	30229560	30229620	2	random hexamer	INH_medium_spiny	EX_cortical	8	0.11116324099119383	0.12269199438969244	0.21517200697262032	42.24470694370049
ENSMUSG00000036882.8:B2	E:30229700-30229767	exon	30229700	30229767	2	random hexamer	INH_medium_spiny	EX_cortical	8	0.11116324099119383	0.18279253714679675	0.138956746915892	42.24470694370049
ENSMUSG00000036882.8:B2	E:30229849-30229927	exon	30229849	30229927	2	random hexamer	INH_medium_spiny	EX_cortical	8	0.11116324099119383	0.008194467742042869	0.1051682423628044	42.24470694370049
ENSMUSG00000036882.8:B2	E:30230010-30230133	exon	30230010	30230133	2	random hexamer	INH_medium_spiny	EX_cortical	8	0.11116324099119383	0.02367207616741557	0.09517259645680816	42.24470694370049
ENSMUSG00000036882.8:B2	E:30230948-30231041	exon	30230948	30231041	2	random hexamer	INH_medium_spiny	EX_cortical	8	0.11116324099119383	0.31379297109862525	0.1554931764886482	42.24470694370049
ENSMUSG00000036882.8:B2	E:30231503-30231641	exon	30231503	30231641	2	random hexamer	INH_medium_spiny	EX_cortical	8	0.11116324099119383	0.27512043356385035	0.2026996848026534	42.24470694370049
ENSMUSG00000036882.8:B2	E:30231744-30231825	exon	30231744	30231825	2	random hexamer	INH_medium_spiny	EX_cortical	8	0.11116324099119383	0.029297827521502715	0.1456461533053326	42.24470694370049
ENSMUSG00000036882.8:B2	E:30232184-30232190	exon	30232184	30232190	2	random hexamer	INH_medium_spiny	EX_cortical	8	0.11116324099119383	-0.10258106684916486	0.21553236308597273	42.24470694370049
ENSMUSG00000036882.8:B2	J:30224013-30225379	junction	30224013	30225379	2	random hexamer	INH_medium_spiny	EX_cortical	5	0.1855556882539501	0.0	0.0	55.0
ENSMUSG00000036882.8:B2	J:30225454-30225538	junction	30225454	30225538	2	random hexamer	INH_medium_spiny	EX_cortical	8	0.12991303856000042	0.0	0.0	127.0
ENSMUSG00000036882.8:B2	J:30227812-30227894	junction	30227812	30227894	2	random hexamer	INH_medium_spiny	EX_cortical	4	0.1302083701714781	-0.07678571428571426	0.0482142857142857	33.0
ENSMUSG00000036882.8:B2	J:30227977-30228078	junction	30227977	30228078	2	random hexamer	INH_medium_spiny	EX_cortical	4	0.2145833328888603	0.0	0.0	26.0
ENSMUSG00000036882.8:B2	J:30228223-30229140	junction	30228223	30229140	2	random hexamer	INH_medium_spiny	EX_cortical	3	0.056356031906867075	0.0	0.0	25.0
ENSMUSG00000036882.8:B2	J:30229243-30229319	junction	30229243	30229319	2	random hexamer	INH_medium_spiny	EX_cortical	3	0.054041091247891325	0.0	0.0	41.0
ENSMUSG00000037386.17:B1	J:39321283-39322984	junction	39321283	39322984	1,2	poly(dT)	INH_midbrain	EX_cortical	3	0.0725879763465181	0.0	0.0	18.0
ENSMUSG00000037386.17:B1	J:39374770-39399267	junction	39374770	39399267	1	random hexamer	EX_cortical	INH_migrating_interneuron	3	0.0595930961846096	-0.015151515151515133	0.015151515151515135	19.0
ENSMUSG00000037428.15:B1	E:137059148-137059217	exon	137059148	137059217	2	random hexamer	EX_cortical	INH_migrating_interneuron	5	0.15911990565326345	0.0	0.0	20.72448979591837
ENSMUSG00000037487.8:B1	E:38078669-38079098	exon	38078669	38079098	2	random hexamer	EX_cortical	INH_medium_spiny	8	0.17519377169794534	0.021506101875865068	0.049977821145556094	27.161290322580648
ENSMUSG00000037541.23:B1	E:143555664-143555754	exon	143555664	143555754	1	random hexamer	EX_cerebellum_granule	EX_cortical	9	0.24206904537865695	0.0009730881961097777	0.0009730881961097778	37.18072289156626
ENSMUSG00000037541.23:B1	E:143584987-143585207	exon	143584987	143585207	1	random hexamer	EX_cerebellum_granule	EX_cortical	9	0.24206904537865695	0.0014234430637308335	0.0014234430637308333	37.18072289156626
ENSMUSG00000037541.23:B1	E:143606025-143606229	exon	143606025	143606229	1	random hexamer	EX_cerebellum_granule	EX_cortical	9	0.24206904537865695	-0.005954201505708568	0.020403727018540898	37.18072289156626
ENSMUSG00000037541.23:B1	E:143608518-143608590	exon	143608518	143608590	1	random hexamer	EX_cerebellum_granule	EX_cortical	9	0.24206904537865695	-0.03537990496288357	0.04865087638253399	37.18072289156626
ENSMUSG00000037541.23:B1	E:143611423-143611532	exon	143611423	143611532	1	random hexamer	EX_cerebellum_granule	EX_cortical	9	0.24206904537865695	-0.06933118133423945	0.06933118133423945	37.18072289156626
ENSMUSG00000037541.23:B1	E:143622459-143622611	exon	143622459	143622611	1	random hexamer	EX_cerebellum_granule	EX_cortical	9	0.24206904537865695	-0.0195866538079704	0.024065723629217203	37.18072289156626
ENSMUSG00000037541.23:B1	E:143623760-143623928	exon	143623760	143623928	1	random hexamer	EX_cerebellum_granule	EX_cortical	9	0.24206904537865695	0.0010117016089712333	0.0010117016089712333	37.18072289156626
ENSMUSG00000037541.23:B1	E:143635539-143635656	exon	143635539	143635656	1	random hexamer	EX_cerebellum_granule	EX_cortical	9	0.24206904537865695	0.0	0.0	37.18072289156626
ENSMUSG00000037541.23:B1	E:143645448-143645526	exon	143645448	143645526	1	random hexamer	EX_cerebellum_granule	EX_cortical	9	0.24206904537865695	0.012658845635291033	0.012658845635291035	37.18072289156626
ENSMUSG00000037541.23:B1	E:143682075-143682142	exon	143682075	143682142	1	random hexamer	EX_cerebellum_granule	EX_cortical	9	0.24206904537865695	0.013136481852273887	0.023416440653637297	37.18072289156626
ENSMUSG00000037541.23:B1	E:143729265-143729693	exon	143729265	143729693	2	random hexamer	EX_cortical	EX_cerebellum_granule	9	0.15934458593669804	-0.05472176012277538	0.08290830125692945	37.18072289156626
ENSMUSG00000037541.23:B1	E:143733491-143733810	exon	143733491	143733810	1,2	random hexamer	INH_medium_spiny	EX_cortical	7	0.12581641129697313	0.12165685066738707	0.15578496533207054	51.4578313253012
ENSMUSG00000037541.23:B1	E:143740556-143740726	exon	143740556	143740726	1,2	random hexamer	INH_medium_spiny	EX_cortical	7	0.12581641129697313	-0.033262139113431975	0.14601773779659005	51.4578313253012
ENSMUSG00000037541.23:B1	E:143746153-143746267	exon	143746153	143746267	1,2	random hexamer	INH_medium_spiny	EX_cortical	7	0.12581641129697313	0.2599206384405842	0.08273167351355133	51.4578313253012
ENSMUSG00000037541.23:B1	E:143812801-143812877	exon	143812801	143812877	1,2	random hexamer	INH_medium_spiny	EX_cortical	7	0.12581641129697313	0.4448221013415786	0.12768341721495188	51.4578313253012
ENSMUSG00000037541.23:B1	E:143838281-143838791	exon	143838281	143838791	3	random hexamer	EX_cortical	INH_medium_spiny	7	0.1258164112969731	0.19828166595781974	0.07306452743068424	51.4578313253012
ENSMUSG00000037541.23:B1	J:143682142-143733491	junction	143682142	143733491	1	random hexamer	INH_migrating_interneuron	EX_cortical	5	0.28052577934254863	0.0	0.0	30.0
ENSMUSG00000037541.23:B1	J:143729693-143733491	junction	143729693	143733491	2	random hexamer	EX_cortical	INH_migrating_interneuron	5	0.25757790263535874	-0.02857142857142858	0.02857142857142858	30.0
ENSMUSG00000037541.23:B1	J:143746267-143812801	junction	143746267	143812801	1,2	random hexamer	EX_cerebellum_granule	EX_cortical	3	0.10920086850305666	-0.14530892448512586	0.08812544848998503	19.0
ENSMUSG00000037541.23:B1	J:143812877-143838791	junction	143812877	143838791	1,2	random hexamer	EX_cerebellum_granule	EX_cortical	3	0.09676147618789428	-0.025641025641025588	0.025641025641025585	21.0
ENSMUSG00000037541.23:B3	E:143975098-143978231	exon	143975098	143978231	2	random hexamer	INH_midbrain	INH_migrating_interneuron	5	0.06901438980706989	0.036951152255038734	0.050909300738127175	10.789539227895393
ENSMUSG00000037605.17:B3	E:81640269-81640280	exon	81640269	81640280	1	random hexamer	EX_cortical	INH_medium_spiny	4	0.08691397254282018	0.07774687559128493	0.11967025616579778	9.841822721598003
ENSMUSG00000037605.17:B3	E:81657570-81657585	exon	81657570	81657585	2	random hexamer	INH_medium_spiny	EX_cortical	4	0.08691397254282011	0.21865171018132373	0.4042162229677191	9.841822721598003
ENSMUSG00000037605.17:B3	E:81659826-81659830	exon	81659826	81659830	1	random hexamer	EX_cortical	INH_medium_spiny	4	0.08691397254282018	-0.07404247717334309	0.18946876655135958	9.841822721598003
ENSMUSG00000037608.17:B1	E:20188214-20188229	exon	20188214	20188229	1	random hexamer	EX_cortical	INH_migrating_interneuron	4	0.13319166084150358	-0.024393062134997624	0.08392974116534893	10.308823529411764
ENSMUSG00000037703.15:B1	E:130479967-130480015	exon	130479967	130480015	1	random hexamer	INH_medium_spiny	EX_cortical	9	0.10026794453324286	-0.060826108062142316	0.1180273904370402	49.00613496932515
ENSMUSG00000037703.15:B1	E:130484640-130484723	exon	130484640	130484723	2	random hexamer	EX_cortical	INH_medium_spiny	9	0.1002679445332429	-0.014264930028414958	0.12026013793657507	49.00613496932515
ENSMUSG00000037703.15:B1	J:130479967-130484640	junction	130479967	130484640	2	random hexamer	EX_cortical	INH_medium_spiny	3	0.09203543593550982	0.0	0.0	25.0
ENSMUSG00000037754.14:B1	E:158507317-158507529	exon	158507317	158507529	1	random hexamer	ODC	EX_cerebellum_granule	4	0.4122788442047335	0.0	0.0	15.621776504297994
ENSMUSG00000037754.14:B1	E:158508549-158508652	exon	158508549	158508652	1	random hexamer	ODC	EX_cerebellum_granule	4	0.4122788442047335	-0.18575737869231182	0.1582119954319882	15.621776504297994
ENSMUSG00000037754.14:B1	E:158508652-158508745	exon	158508652	158508745	1,2	random hexamer	INH_medium_spiny	ODC	4	0.10159773766083699	-0.25	0.25	7.856733524355301
ENSMUSG00000037754.14:B1	E:158509038-158509169	exon	158509038	158509169	3	random hexamer	ODC	INH_medium_spiny	4	0.1015977376608371	0.38903073702695307	0.2431532313030357	7.856733524355301
ENSMUSG00000037876.18:B1	E:66963036-66963201	exon	66963036	66963201	1	random hexamer	INH_midbrain	EX_cortical	3	0.05465675798467773	-0.004678349898002698	0.1916872524467431	15.17543859649123
ENSMUSG00000037876.18:B1	E:66993685-66993850	exon	66993685	66993850	1	random hexamer	INH_midbrain	EX_cortical	3	0.05465675798467773	0.4389553005888173	0.29505895793812964	15.17543859649123
ENSMUSG00000037876.18:B1	E:67021528-67022090	exon	67021528	67022090	2	random hexamer	EX_cortical	INH_midbrain	3	0.05465675798467767	-0.015971419473137665	0.01983509559374155	15.17543859649123
ENSMUSG00000037989.16:B3	E:49225977-49226271	exon	49225977	49226271	2	random hexamer	INH_migrating_interneuron	INH_midbrain	4	0.06857392052399128	0.08621975611828757	0.126160046426641	16.334924242424243
ENSMUSG00000037989.16:B5	E:49196342-49196360	exon	49196342	49196360	1	random hexamer	EX_cortical	ASC	11	0.07177083791247613	-0.17163852534410423	0.12325108688640114	50.16039700301644
ENSMUSG00000037989.16:B5	E:49197849-49197894	exon	49197849	49197894	1,3	random hexamer	INH_migrating_interneuron	ASC	5	0.17133677794043503	0.07798444039729788	0.1357719141574034	26.421533521455675
ENSMUSG00000037989.16:B5	E:49203959-49204058	exon	49203959	49204058	3	random hexamer	INH_migrating_interneuron	ASC	5	0.14286756751391888	0.014663434487490589	0.25905740928060744	26.421533521455675
ENSMUSG00000037989.16:B5	E:49204832-49205003	exon	49204832	49205003	2,3	random hexamer	ASC	EX_cortical	11	0.07177083791247615	0.0853669458890426	0.11441928541204963	50.16039700301644
ENSMUSG00000037989.16:B5	J:49196342-49197849	junction	49196342	49197849	3	random hexamer	INH_migrating_interneuron	INH_midbrain	3	0.20556842561978153	-0.059210526315789457	0.0362340167584612	36.0
ENSMUSG00000037989.16:B5	J:49196342-49204832	junction	49196342	49204832	2	random hexamer	ASC	INH_migrating_interneuron	3	0.2590004962719194	0.0	0.0	24.0
ENSMUSG00000037989.16:B5	J:49197894-49203959	junction	49197894	49203959	3	random hexamer	INH_migrating_interneuron	INH_midbrain	3	0.20556842561978153	0.1888888888888889	0.17907512734762443	26.0
ENSMUSG00000037989.16:B5	J:49204058-49204832	junction	49204058	49204832	3	random hexamer	INH_migrating_interneuron	EX_cortical	4	0.17389499729667998	0.5021634615384616	0.04597590157490994	34.0
ENSMUSG00000037989.16:B5	J:49205003-49206034	junction	49205003	49206034	2,3	random hexamer	ASC	EX_cortical	4	0.0748716812042095	0.1781862745098039	0.18869876657638768	25.0
ENSMUSG00000037989.16:B6	E:49189778-49189785	exon	49189778	49189785	1	random hexamer	EX_cerebellum_granule	INH_midbrain	4	0.13368275692753062	0.0328638497652582	0.0328638497652582	20.821428571428573
ENSMUSG00000037989.16:B6	E:49189785-49189981	exon	49189785	49189981	1,2	random hexamer	EX_cerebellum_granule	EX_cortical	5	0.10591788420184453	-0.0078105678098365165	0.038491773910448626	22.571428571428573
ENSMUSG00000037989.16:B6	E:49191456-49191608	exon	49191456	49191608	3	random hexamer	EX_cortical	EX_cerebellum_granule	5	0.08478007778905308	-0.00454754672517302	0.012219483531889338	22.571428571428573
ENSMUSG00000037989.16:B6	E:49192349-49192567	exon	49192349	49192567	4	random hexamer	ASC	INH_midbrain	3	0.09288340471439387	0.27192166931851597	0.2288239863578106	13.5625
ENSMUSG00000038034.16:B1	E:172089207-172089363	exon	172089207	172089363	1	random hexamer	EX_cortical	ASC	4	0.3504007453124861	0.0	0.0	6.354497354497354
ENSMUSG00000038034.16:B1	E:172117798-172118294	exon	172117798	172118294	1	random hexamer	EX_cortical	ASC	4	0.3504007453124861	0.8562912515109903	0.03940091487800557	6.354497354497354
ENSMUSG00000038034.16:B1	E:172119282-172119445	exon	172119282	172119445	1	random hexamer	EX_cortical	ASC	4	0.3504007453124861	0.8182575562907526	0.18174244370924736	6.354497354497354
ENSMUSG00000038034.16:B1	E:172139337-172139365	exon	172139337	172139365	2	random hexamer	ASC	EX_cortical	4	0.2756785137379474	0.0	0.0	6.354497354497354
ENSMUSG00000038034.16:B1	E:172139933-172140057	exon	172139933	172140057	3	random hexamer	ASC	EX_cortical	4	0.07472223157453879	0.13493255847129104	0.3109296905404648	6.354497354497354
ENSMUSG00000038034.16:B1	E:172140057-172140160	exon	172140057	172140160	2,3	random hexamer	ASC	EX_cortical	4	0.3504007453124862	0.0734806384699049	0.24288608765819183	6.354497354497354
ENSMUSG00000038143.17:B1	E:47740914-47742437	exon	47740914	47742437	2	random hexamer	EX_cortical	EX_cerebellum_granule	3	0.10691110860545239	0.03511784924073361	0.3156121174425117	14.947712418300656
ENSMUSG00000038143.17:B1	E:47805065-47805383	exon	47805065	47805383	3	random hexamer	EX_cerebellum_granule	EX_cortical	3	0.12079784568646966	-0.014685858782338032	0.014685858782338034	14.947712418300656
ENSMUSG00000038170.16:B1	E:97673789-97675325	exon	97673789	97675325	1	poly(dT)	INH_medium_spiny	EX_cortical	6	0.07175556650148118	0.0024633454387324692	0.02090958595198654	18.007575757575758
ENSMUSG00000038170.16:B1	E:97673789-97675325	exon	97673789	97675325	1	random hexamer	EX_cerebellum_granule	INH_midbrain	3	0.09049236464279158	0.03480973898984116	0.20858515958086463	12.863636363636363
ENSMUSG00000038170.16:B1	E:97700054-97700172	exon	97700054	97700172	2	poly(dT)	EX_cortical	INH_medium_spiny	6	0.0717555665014812	0.04558584970622876	0.09118848956139669	18.007575757575758
ENSMUSG00000038170.16:B1	E:97700054-97700172	exon	97700054	97700172	2	random hexamer	INH_midbrain	EX_cerebellum_granule	3	0.09049236464279153	0.1458953970742485	0.11964345351440281	12.863636363636363
ENSMUSG00000038170.16:B1	E:97700460-97700636	exon	97700460	97700636	2	poly(dT)	EX_cortical	INH_medium_spiny	6	0.0717555665014812	-0.013381994216880902	0.10219907517689157	18.007575757575758
ENSMUSG00000038170.16:B1	E:97700460-97700636	exon	97700460	97700636	2	random hexamer	INH_midbrain	EX_cerebellum_granule	3	0.09049236464279153	-0.3501283778484279	0.20567514627075242	12.863636363636363
ENSMUSG00000038170.16:B1	E:97700800-97700924	exon	97700800	97700924	2	poly(dT)	EX_cortical	INH_medium_spiny	6	0.0717555665014812	0.11047796879359562	0.11047796879359562	18.007575757575758
ENSMUSG00000038170.16:B1	E:97700800-97700924	exon	97700800	97700924	2	random hexamer	INH_midbrain	EX_cerebellum_granule	3	0.09049236464279153	-0.35721317233325167	0.37021805603893027	12.863636363636363
ENSMUSG00000038170.16:B1	E:97704047-97704124	exon	97704047	97704124	2	poly(dT)	EX_cortical	INH_medium_spiny	6	0.0717555665014812	0.12805699517120575	0.18880986807185227	18.007575757575758
ENSMUSG00000038170.16:B1	E:97704047-97704124	exon	97704047	97704124	2	random hexamer	INH_midbrain	EX_cerebellum_granule	3	0.09049236464279153	-0.20129410736602524	0.10831336350172584	12.863636363636363
ENSMUSG00000038170.16:B1	E:97731530-97731641	exon	97731530	97731641	2	poly(dT)	EX_cortical	INH_medium_spiny	6	0.0717555665014812	0.12082841278021882	0.24026322873500208	18.007575757575758
ENSMUSG00000038170.16:B1	E:97731530-97731641	exon	97731530	97731641	2	random hexamer	INH_midbrain	EX_cerebellum_granule	3	0.09049236464279153	-0.23009495982468955	0.23009495982468958	12.863636363636363
ENSMUSG00000038170.16:B1	E:97748949-97749101	exon	97748949	97749101	2	poly(dT)	EX_cortical	INH_medium_spiny	6	0.0717555665014812	0.13628338996193443	0.12406906712836464	18.007575757575758
ENSMUSG00000038170.16:B1	E:97748949-97749101	exon	97748949	97749101	2	random hexamer	INH_midbrain	EX_cerebellum_granule	3	0.09049236464279153	-0.15870626029485088	0.32969383137069314	12.863636363636363
ENSMUSG00000038170.16:B1	E:97750974-97751030	exon	97750974	97751030	2	poly(dT)	EX_cortical	INH_medium_spiny	6	0.0717555665014812	0.029652316119491557	0.1505462638644698	18.007575757575758
ENSMUSG00000038170.16:B1	E:97750974-97751030	exon	97750974	97751030	2	random hexamer	INH_midbrain	EX_cerebellum_granule	3	0.09049236464279153	-0.043061548943901906	0.09331006224124487	12.863636363636363
ENSMUSG00000038170.16:B1	E:97795804-97796023	exon	97795804	97796023	2	poly(dT)	EX_cortical	INH_medium_spiny	6	0.0717555665014812	0.14797036107554973	0.11555345921326055	18.007575757575758
ENSMUSG00000038170.16:B1	E:97795804-97796023	exon	97795804	97796023	2	random hexamer	INH_midbrain	EX_cerebellum_granule	3	0.09049236464279153	-0.22710346840653792	0.41769155717618944	12.863636363636363
ENSMUSG00000038170.16:B1	J:97666246-97673789	junction	97666246	97673789	1	random hexamer	EX_cortical	INH_migrating_interneuron	10	0.059939349654159105	-0.005201792359687096	0.047432508228850964	182.0
ENSMUSG00000038170.16:B1	J:97666246-97700054	junction	97666246	97700054	2	random hexamer	INH_migrating_interneuron	EX_cortical	10	0.05993934965415913	-0.007014799951981621	0.0474745280691799	182.0
ENSMUSG00000038170.16:B1	J:97700172-97700460	junction	97700172	97700460	2	random hexamer	INH_migrating_interneuron	EX_cortical	5	0.05258038192230998	-0.002127659574468077	0.002127659574468077	64.0
ENSMUSG00000038296.15:B1	E:111147837-111147882	exon	111147837	111147882	2	random hexamer	EX_cortical	INH_migrating_interneuron	3	0.06332181550155791	-0.30498759517495083	0.3049875951749508	4.52538569424965
ENSMUSG00000038342.16:B1	E:123532860-123532862	exon	123532860	123532862	2	random hexamer	EX_cortical	INH_midbrain	6	0.1916565666101723	0.0991779926627766	0.1660737041867871	12.346224677716389
ENSMUSG00000038453.18:B1	E:97439705-97439804	exon	97439705	97439804	3	random hexamer	EX_cerebellum_granule	ASC	3	0.09444459202038953	0.042172173405235776	0.17109897699978632	6.869346733668342
ENSMUSG00000038453.18:B1	E:97464621-97464770	exon	97464621	97464770	1,2	random hexamer	EX_cerebellum_granule	INH_migrating_interneuron	4	0.11429786671506809	-0.06207056686492218	0.3908680339129639	9.919597989949748
ENSMUSG00000038453.18:B1	E:97465793-97466041	exon	97465793	97466041	3,4	random hexamer	INH_migrating_interneuron	EX_cerebellum_granule	4	0.11429786671506807	0.025316967534139846	0.09453168796593325	9.919597989949748
ENSMUSG00000038453.18:B1	E:97466041-97466052	exon	97466041	97466052	4	random hexamer	ASC	EX_cerebellum_granule	3	0.16386231824480824	0.0	0.0	6.869346733668342
ENSMUSG00000038453.18:B1	J:97433383-97442502	junction	97433383	97442502	1,2,4	random hexamer	INH_migrating_interneuron	EX_cortical	4	0.07477968352424677	-0.13378517316017313	0.2371182293825345	25.0
ENSMUSG00000038453.18:B2	E:97400165-97403474	exon	97400165	97403474	2,4	poly(dT)	INH_midbrain	EX_cortical	4	0.11049888374308708	0.1547659021971503	0.1547659021971503	7.169934640522875
ENSMUSG00000038453.18:B2	E:97400165-97403474	exon	97400165	97403474	2,4	random hexamer	ODC	EX_cerebellum_granule	6	0.12538077981729703	0.14353875673919886	0.047633097105026195	43.24183006535948
ENSMUSG00000038453.18:B2	E:97403684-97403761	exon	97403684	97403761	3	poly(dT)	EX_cortical	EX_cerebellum_granule	3	0.08340452235636979	0.0	0.0	7.921568627450981
ENSMUSG00000038453.18:B2	E:97407489-97409435	exon	97407489	97409435	1	poly(dT)	EX_cerebellum_granule	EX_cortical	3	0.09432588146348686	0.6067351985262409	0.2787610454906237	7.921568627450981
ENSMUSG00000038453.18:B2	E:97407489-97409435	exon	97407489	97409435	1	random hexamer	EX_cerebellum_granule	ODC	6	0.1518287508073555	0.15842177848279923	0.07897978162907542	43.24183006535948
ENSMUSG00000038453.18:B2	E:97413198-97413321	exon	97413198	97413321	4,5	poly(dT)	INH_midbrain	EX_cortical	4	0.19758985384926192	-0.016941983427397625	0.024202265127839	7.169934640522875
ENSMUSG00000038453.18:B2	E:97413198-97413321	exon	97413198	97413321	4,5	random hexamer	INH_medium_spiny	EX_cerebellum_granule	3	0.14847134571510356	-0.7329077455250489	0.12991850812644562	11.875816993464053
ENSMUSG00000038453.18:B2	J:97403474-97409435	junction	97403474	97409435	2,4	random hexamer	INH_midbrain	EX_cerebellum_granule	3	0.13861926276091208	-0.006763285024154575	0.16332843232862632	21.0
ENSMUSG00000038453.18:B2	J:97409582-97413198	junction	97409582	97413198	4	random hexamer	INH_migrating_interneuron	EX_cortical	3	0.18275505982751453	-0.14814814814814814	0.14814814814814814	25.0
ENSMUSG00000038453.18:B2	J:97409582-97413915	junction	97409582	97413915	1,2,3	random hexamer	EX_cortical	INH_migrating_interneuron	3	0.1847451095006828	-0.04851046698872785	0.1444707026562236	25.0
ENSMUSG00000038453.18:B2	J:97413321-97413915	junction	97413321	97413915	4,5	random hexamer	INH_migrating_interneuron	EX_cortical	3	0.18474510950068265	0.041666666666666664	0.04166666666666667	21.0
ENSMUSG00000038615.18:B1	E:96720644-96720648	exon	96720644	96720648	5	random hexamer	EX_cortical	INH_migrating_interneuron	5	0.07710112740918675	-0.0754669332943348	0.28080548048460735	9.532407407407408
ENSMUSG00000038615.18:B1	E:96720781-96720794	exon	96720781	96720794	5	random hexamer	EX_cortical	INH_migrating_interneuron	5	0.07710112740918675	-0.10731326535590573	0.0720642796594272	9.532407407407408
ENSMUSG00000038615.18:B1	J:96719049-96720644	junction	96719049	96720644	5	poly(dT)	EX_cerebellum_granule	EX_cortical	3	0.07367726950063824	0.14814814814814814	0.14814814814814814	28.0
ENSMUSG00000038615.18:B1	J:96719049-96720648	junction	96719049	96720648	6	poly(dT)	EX_cortical	EX_cerebellum_granule	3	0.08752768860562404	0.0	0.0	28.0
ENSMUSG00000038738.16:B1	E:43962111-43962130	exon	43962111	43962130	2	random hexamer	ODC	ASC	3	0.09787890162927297	0.4359051907361673	0.03304849746734697	19.098039215686274
ENSMUSG00000038914.16:B1	E:180343753-180344143	exon	180343753	180344143	1	random hexamer	INH_migrating_interneuron	EX_cortical	4	0.09730868440278184	0.09248701674237936	0.044725925887706006	9.967567567567567
ENSMUSG00000038914.16:B1	E:180351702-180351792	exon	180351702	180351792	2	random hexamer	EX_cortical	INH_migrating_interneuron	4	0.09730868440278184	0.028151400453626345	0.11131571409451355	9.967567567567567
ENSMUSG00000038914.16:B2	E:180299756-180304376	exon	180299756	180304376	2	poly(dT)	INH_migrating_interneuron	EX_cortical	3	0.22686357734647297	0.31599472906377385	0.23263479271161244	4.559090909090909
ENSMUSG00000038914.16:B2	E:180299756-180304376	exon	180299756	180304376	2	random hexamer	INH_migrating_interneuron	EX_cortical	3	0.19793653303541506	0.004762081568696165	0.13717261975408826	10.245454545454546
ENSMUSG00000038914.16:B2	E:180311005-180311183	exon	180311005	180311183	1	poly(dT)	EX_cortical	INH_migrating_interneuron	3	0.0679154065821181	-0.07113143383371756	0.0449517280264206	4.559090909090909
ENSMUSG00000038914.16:B2	E:180311005-180311183	exon	180311005	180311183	1	random hexamer	EX_cortical	INH_migrating_interneuron	3	0.12198058266231086	0.07482718350221311	0.08886911130600601	10.245454545454546
ENSMUSG00000038914.16:B2	E:180311183-180311379	exon	180311183	180311379	1,2	poly(dT)	INH_migrating_interneuron	EX_cortical	3	0.15894817076435486	0.22978200382430305	0.11506359980286321	4.559090909090909
ENSMUSG00000038914.16:B2	E:180311183-180311379	exon	180311183	180311379	1,2	random hexamer	INH_migrating_interneuron	EX_cortical	3	0.07595595037310421	-0.23061832719351374	0.36865075903135225	10.245454545454546
ENSMUSG00000038914.16:B2	E:180312057-180312147	exon	180312057	180312147	1,2	poly(dT)	INH_migrating_interneuron	EX_cortical	3	0.15894817076435486	0.44138896027870583	0.2945650816212683	4.559090909090909
ENSMUSG00000038914.16:B2	E:180312057-180312147	exon	180312057	180312147	1,2	random hexamer	INH_migrating_interneuron	EX_cortical	3	0.07595595037310421	-0.04008632737539467	0.06948644872201225	10.245454545454546
ENSMUSG00000038914.16:B2	E:180312653-180312807	exon	180312653	180312807	1,2	poly(dT)	INH_migrating_interneuron	EX_cortical	3	0.15894817076435486	0.38493465701946267	0.3107625564455313	4.559090909090909
ENSMUSG00000038914.16:B2	E:180312653-180312807	exon	180312653	180312807	1,2	random hexamer	INH_migrating_interneuron	EX_cortical	3	0.07595595037310421	0.02438901698631026	0.20706059586843037	10.245454545454546
ENSMUSG00000038914.16:B2	E:180313184-180313707	exon	180313184	180313707	1,2	poly(dT)	INH_migrating_interneuron	EX_cortical	3	0.15894817076435486	0.24614443093291205	0.20279369287169594	4.559090909090909
ENSMUSG00000038914.16:B2	E:180313184-180313707	exon	180313184	180313707	1,2	random hexamer	INH_migrating_interneuron	EX_cortical	3	0.07595595037310421	0.015889586310661803	0.29313742773567786	10.245454545454546
ENSMUSG00000038914.16:B2	E:180314075-180314211	exon	180314075	180314211	1,2	poly(dT)	INH_migrating_interneuron	EX_cortical	3	0.15894817076435486	-0.245448908928435	0.24544890892843502	4.559090909090909
ENSMUSG00000038914.16:B2	E:180314075-180314211	exon	180314075	180314211	1,2	random hexamer	INH_migrating_interneuron	EX_cortical	3	0.07595595037310421	0.15817476603678413	0.08243483820781791	10.245454545454546
ENSMUSG00000038914.16:B2	E:180315023-180315128	exon	180315023	180315128	1,2	poly(dT)	INH_migrating_interneuron	EX_cortical	3	0.15894817076435486	0.05512640278398854	0.055126402783988546	4.559090909090909
ENSMUSG00000038914.16:B2	E:180315023-180315128	exon	180315023	180315128	1,2	random hexamer	INH_migrating_interneuron	EX_cortical	3	0.07595595037310421	0.14999328784061308	0.0935428281319123	10.245454545454546
ENSMUSG00000038914.16:B2	E:180315267-180315384	exon	180315267	180315384	1,2	poly(dT)	INH_migrating_interneuron	EX_cortical	3	0.15894817076435486	-0.07776434575442019	0.0777643457544202	4.559090909090909
ENSMUSG00000038914.16:B2	E:180315267-180315384	exon	180315267	180315384	1,2	random hexamer	INH_migrating_interneuron	EX_cortical	3	0.07595595037310421	0.12490708387497508	0.11932909716064001	10.245454545454546
ENSMUSG00000038914.16:B2	E:180316483-180316643	exon	180316483	180316643	1,2	poly(dT)	INH_migrating_interneuron	EX_cortical	3	0.15894817076435486	-0.06912835965803825	0.2492308965633623	4.559090909090909
ENSMUSG00000038914.16:B2	E:180316483-180316643	exon	180316483	180316643	1,2	random hexamer	INH_migrating_interneuron	EX_cortical	3	0.07595595037310421	0.06654888124040366	0.11062669774777874	10.245454545454546
ENSMUSG00000038914.16:B2	E:180316760-180317220	exon	180316760	180317220	1,2	poly(dT)	INH_migrating_interneuron	EX_cortical	3	0.15894817076435486	0.34254973261208327	0.24281417217880163	4.559090909090909
ENSMUSG00000038914.16:B2	E:180316760-180317220	exon	180316760	180317220	1,2	random hexamer	INH_migrating_interneuron	EX_cortical	3	0.07595595037310421	-0.10137510873098608	0.17510286944540973	10.245454545454546
ENSMUSG00000038914.16:B2	E:180322850-180325601	exon	180322850	180325601	3	poly(dT)	EX_cortical	INH_migrating_interneuron	3	0.1589481707643548	-0.002426373410900603	0.006093464677501732	4.559090909090909
ENSMUSG00000038914.16:B2	E:180322850-180325601	exon	180322850	180325601	3	random hexamer	EX_cortical	INH_migrating_interneuron	3	0.07595595037310414	0.049744323753645125	0.02826821012468328	10.245454545454546
ENSMUSG00000039000.9:B1	E:29774239-29774443	exon	29774239	29774443	2	poly(dT)	INH_migrating_interneuron	EX_cortical	6	0.21670007940170075	0.027061067111839598	0.05520173906131712	13.562962962962962
ENSMUSG00000039000.9:B1	E:29774239-29774443	exon	29774239	29774443	2	random hexamer	INH_midbrain	EX_cortical	3	0.2958158662249946	-0.16668287727108086	0.1249158587078287	4.02962962962963
ENSMUSG00000039218.18:B1	E:24022160-24022194	exon	24022160	24022194	2	poly(dT)	EX_hippocampus_pyramidal	EX_cortical	4	0.13038776396652832	0.091301292864179	0.08820147002892247	11.078651685393258
ENSMUSG00000039218.18:B1	E:24022160-24022194	exon	24022160	24022194	2	random hexamer	PER	INH_midbrain	3	0.2288069184744681	0.06334285942312624	0.08908217072503437	7.893258426966293
ENSMUSG00000039585.16:B2	E:59819819-59819873	exon	59819819	59819873	2	poly(dT)	EX_cortical	INH_medium_spiny	7	0.1368665686709083	-0.17185993878184533	0.09078782200470314	16.10742094390593
ENSMUSG00000039671.19:B1	E:165724068-165724198	exon	165724068	165724198	1	poly(dT)	INH_migrating_interneuron	INH_medium_spiny	6	0.15925390846620785	0.0	0.0	32.711409395973156
ENSMUSG00000039671.19:B1	E:165724068-165724198	exon	165724068	165724198	1	random hexamer	INH_migrating_interneuron	INH_medium_spiny	3	0.09346324739207752	-0.014230769602875502	0.014230769602875502	17.664429530201343
ENSMUSG00000039671.19:B1	E:165726527-165726692	exon	165726527	165726692	2,3	poly(dT)	INH_medium_spiny	INH_migrating_interneuron	6	0.15925390846620777	0.07537698400786609	0.04807777693483338	32.711409395973156
ENSMUSG00000039671.19:B1	E:165726527-165726692	exon	165726527	165726692	2,3	random hexamer	INH_medium_spiny	INH_migrating_interneuron	3	0.0934632473920775	0.022693230547705032	0.02950364903382244	17.664429530201343
ENSMUSG00000039671.19:B1	E:165726692-165726794	exon	165726692	165726794	3	poly(dT)	INH_medium_spiny	INH_migrating_interneuron	6	0.1352650840145792	0.0	0.0	32.711409395973156
ENSMUSG00000039671.19:B1	E:165726692-165726794	exon	165726692	165726794	3	random hexamer	INH_medium_spiny	INH_migrating_interneuron	3	0.11876264040348757	0.0	0.0	17.664429530201343
ENSMUSG00000039671.19:B1	J:165717695-165724068	junction	165717695	165724068	1	poly(dT)	INH_migrating_interneuron	EX_cortical	7	0.08530537876666673	0.007722007722007714	0.007722007722007716	57.0
ENSMUSG00000039671.19:B1	J:165717695-165725247	junction	165717695	165725247	2	random hexamer	INH_midbrain	EX_cortical	3	0.05800055877323717	0.02654761904761907	0.08925626498460634	24.0
ENSMUSG00000039671.19:B1	J:165717695-165726527	junction	165717695	165726527	3	poly(dT)	EX_cortical	INH_migrating_interneuron	7	0.050771632235563975	0.2804629001833971	0.12727172034081996	57.0
ENSMUSG00000039671.19:B1	J:165717695-165726527	junction	165717695	165726527	3	random hexamer	EX_cortical	INH_midbrain	3	0.06970628428884763	0.11706349206349205	0.07260386691877774	24.0
ENSMUSG00000039686.15:B1	E:30014466-30014594	exon	30014466	30014594	2	random hexamer	EX_cortical	INH_medium_spiny	7	0.22376069573040663	0.25737629181217	0.18265704897282162	18.3463687150838
ENSMUSG00000039735.17:B1	E:122345784-122345799	exon	122345784	122345799	2	poly(dT)	EX_cortical	INH_migrating_interneuron	5	0.18780038490148696	-0.38725635842270734	0.19048456947607806	12.648039215686275
ENSMUSG00000039735.17:B1	E:122345784-122345799	exon	122345784	122345799	2	random hexamer	INH_midbrain	EX_cortical	3	0.12822947355180986	0.6135939118331506	0.30005486371028367	9.632798573975045
ENSMUSG00000039735.17:B1	E:122350060-122350219	exon	122350060	122350219	2	poly(dT)	EX_cortical	INH_migrating_interneuron	5	0.18780038490148696	0.0038965214243311007	0.2382290228950563	12.648039215686275
ENSMUSG00000039735.17:B1	E:122350060-122350219	exon	122350060	122350219	2	random hexamer	INH_midbrain	EX_cortical	3	0.12822947355180986	-0.07961064829295784	0.3133572629941545	9.632798573975045
ENSMUSG00000039735.17:B1	J:122342914-122351551	junction	122342914	122351551	1	poly(dT)	INH_medium_spiny	EX_cortical	4	0.11482456883886707	0.022727272727272724	0.022727272727272724	43.0
ENSMUSG00000039852.18:B1	E:150366102-150366532	exon	150366102	150366532	1	random hexamer	EX_cerebellum_granule	EX_cortical	4	0.14491939808596652	0.34698439737322867	0.21467363932667002	8.448979591836736
ENSMUSG00000039852.18:B1	E:150490652-150491121	exon	150490652	150491121	1	random hexamer	EX_cerebellum_granule	EX_cortical	4	0.14491939808596652	0.24301603900425084	0.1422528949092433	8.448979591836736
ENSMUSG00000039852.18:B1	E:150515979-150516050	exon	150515979	150516050	1	random hexamer	EX_cerebellum_granule	EX_cortical	4	0.14491939808596652	0.7398148691265674	0.13585897711787115	8.448979591836736
ENSMUSG00000039852.18:B1	E:150523799-150523925	exon	150523799	150523925	1	random hexamer	EX_cerebellum_granule	EX_cortical	4	0.14491939808596652	0.6348990049228903	0.19529917975231237	8.448979591836736
ENSMUSG00000039852.18:B1	E:150553151-150553257	exon	150553151	150553257	1	random hexamer	EX_cerebellum_granule	EX_cortical	4	0.14491939808596652	0.05028692464847978	0.24924356283928198	8.448979591836736
ENSMUSG00000039852.18:B1	E:150554751-150554848	exon	150554751	150554848	1	random hexamer	EX_cerebellum_granule	EX_cortical	4	0.14491939808596652	0.07476499795430776	0.1923155155074965	8.448979591836736
ENSMUSG00000039852.18:B1	E:150561820-150561925	exon	150561820	150561925	1	random hexamer	EX_cerebellum_granule	EX_cortical	4	0.14491939808596652	0.09765569709837227	0.4127864244498721	8.448979591836736
ENSMUSG00000039852.18:B1	E:150572849-150573032	exon	150572849	150573032	2	random hexamer	EX_cortical	EX_cerebellum_granule	4	0.14491939808596654	-0.4555877061228424	0.29073614461410835	8.448979591836736
ENSMUSG00000039943.17:B1	E:135583749-135583807	exon	135583749	135583807	1	random hexamer	EX_cortical	ASC	3	0.058385551227890964	-0.23941001527208425	0.23941001527208425	5.561403508771929
ENSMUSG00000039943.17:B1	E:135647467-135647468	exon	135647467	135647468	2	random hexamer	ASC	EX_cortical	3	0.05838555122789102	0.0	0.0	5.561403508771929
ENSMUSG00000039959.14:B1	E:135493983-135494114	exon	135493983	135494114	1	random hexamer	EX_cortical	INH_midbrain	3	0.0808005899912871	0.0	0.0	4.953125
ENSMUSG00000039959.14:B1	E:135494680-135494781	exon	135494680	135494781	1	random hexamer	EX_cortical	INH_midbrain	3	0.0808005899912871	0.0	0.0	4.953125
ENSMUSG00000039959.14:B1	E:135573790-135573969	exon	135573790	135573969	2	random hexamer	INH_midbrain	EX_cortical	3	0.08080058999128699	0.37188902204629165	0.5091189613528608	4.953125
ENSMUSG00000039967.15:B1	E:34882930-34882960	exon	34882930	34882960	2	poly(dT)	EX_cortical	INH_midbrain	10	0.06712834023787592	-0.18714527573143613	0.045574812988237	42.0635838150289
ENSMUSG00000039967.15:B1	E:34882930-34882960	exon	34882930	34882960	2	random hexamer	EX_cortical	INH_migrating_interneuron	3	0.1305374061290102	0.39280098595359964	0.18142478000333426	3.8554913294797686
ENSMUSG00000040003.19:B1	E:19432048-19432587	exon	19432048	19432587	1	poly(dT)	INH_medium_spiny	INH_midbrain	3	0.28351939738800264	0.41778749651093555	0.17250508735605413	17.65
ENSMUSG00000040003.19:B1	E:19432048-19432587	exon	19432048	19432587	1	random hexamer	EX_cortical	INH_midbrain	8	0.23728771224825468	0.3794947277223235	0.11111420724520894	45.087500000000006
ENSMUSG00000040003.19:B1	E:19883650-19883767	exon	19883650	19883767	1	poly(dT)	INH_medium_spiny	INH_midbrain	3	0.28351939738800264	0.15555579119888088	0.11381143096554187	17.65
ENSMUSG00000040003.19:B1	E:19883650-19883767	exon	19883650	19883767	1	random hexamer	EX_cortical	INH_midbrain	8	0.23728771224825468	0.26204971019262846	0.12086027183629713	45.087500000000006
ENSMUSG00000040003.19:B1	E:20112515-20113011	exon	20112515	20113011	2	poly(dT)	INH_midbrain	INH_medium_spiny	3	0.2333776842806491	-0.05901907679860136	0.20736994252956195	17.65
ENSMUSG00000040003.19:B1	E:20112515-20113011	exon	20112515	20113011	2	random hexamer	INH_migrating_interneuron	INH_medium_spiny	4	0.3127670026794035	0.016059273352310742	0.16120835516282292	27.650000000000002
ENSMUSG00000040003.19:B1	E:20270549-20270669	exon	20270549	20270669	1,2	poly(dT)	ASC	EX_cortical	4	0.16117694955514278	0.49513071404986186	0.26449635099441027	21.2
ENSMUSG00000040003.19:B1	E:20270549-20270669	exon	20270549	20270669	1,2	random hexamer	ASC	EX_cortical	3	0.19533370895039595	0.228780395361689	0.11874623259696558	14.5625
ENSMUSG00000040003.19:B1	E:20400018-20400231	exon	20400018	20400231	1,2	poly(dT)	ASC	EX_cortical	4	0.16117694955514278	0.4743710645843034	0.16739429058637714	21.2
ENSMUSG00000040003.19:B1	E:20400018-20400231	exon	20400018	20400231	1,2	random hexamer	ASC	EX_cortical	3	0.19533370895039595	0.4887561054968416	0.18001436267947982	14.5625
ENSMUSG00000040003.19:B1	E:20420316-20420527	exon	20420316	20420527	1,2	poly(dT)	ASC	EX_cortical	4	0.16117694955514278	0.3653384139845341	0.221408925998553	21.2
ENSMUSG00000040003.19:B1	E:20420316-20420527	exon	20420316	20420527	1,2	random hexamer	ASC	EX_cortical	3	0.19533370895039595	0.272422559099949	0.11801065432328639	14.5625
ENSMUSG00000040003.19:B1	E:20433183-20433242	exon	20433183	20433242	3	poly(dT)	EX_cortical	ASC	4	0.1611769495551428	0.09339213430240935	0.09270157660128411	21.2
ENSMUSG00000040003.19:B1	E:20433183-20433242	exon	20433183	20433242	3	random hexamer	EX_cortical	ASC	3	0.19533370895039592	0.4136034402614274	0.26943313589064366	14.5625
ENSMUSG00000040003.19:B1	J:19883767-20270549	junction	19883767	20270549	1	random hexamer	EX_cortical	INH_midbrain	4	0.26143852899310416	0.18426120448179273	0.12229919639092213	40.0
ENSMUSG00000040003.19:B1	J:20113011-20270549	junction	20113011	20270549	2	random hexamer	INH_midbrain	EX_cortical	4	0.25047327851143436	0.11147048013030256	0.0988981932554037	40.0
ENSMUSG00000040003.19:B1	J:20400231-20420316	junction	20400231	20420316	1,2	random hexamer	INH_migrating_interneuron	INH_medium_spiny	3	0.2157348428571906	0.0	0.0	32.0
ENSMUSG00000040003.19:B1	J:20420527-20433369	junction	20420527	20433369	1,2	random hexamer	INH_migrating_interneuron	INH_medium_spiny	3	0.0861071065046306	0.06060606060606059	0.060606060606060594	22.0
ENSMUSG00000040003.19:B1	J:20433242-20433369	junction	20433242	20433369	3	random hexamer	INH_medium_spiny	INH_migrating_interneuron	3	0.08610710650463045	0.0606060606060606	0.0606060606060606	22.0
ENSMUSG00000040003.19:B2	E:20739518-20739524	exon	20739518	20739524	2,3	random hexamer	ASC	EX_cortical	4	0.1452200803435756	0.09574348872464153	0.24699535147160773	10.108695652173914
ENSMUSG00000040003.19:B2	E:20748582-20748624	exon	20748582	20748624	3	poly(dT)	INH_medium_spiny	EX_cortical	3	0.05737894991679752	0.0	0.0	4.7853260869565215
ENSMUSG00000040003.19:B2	E:20748582-20748624	exon	20748582	20748624	3	random hexamer	EX_cortical	INH_midbrain	4	0.20823347478242782	0.05885440198288339	0.1630161866847227	7.774456521739131
ENSMUSG00000040003.19:B3	E:20856191-20856676	exon	20856191	20856676	1,2	random hexamer	EX_cortical	ASC	3	0.20253952432905556	-0.0711485332962758	0.07842292436210509	16.071942446043167
ENSMUSG00000040003.19:B3	E:20856676-20856726	exon	20856676	20856726	2	random hexamer	ASC	INH_migrating_interneuron	3	0.07090862205733693	0.0	0.0	6.482014388489208
ENSMUSG00000040003.19:B3	E:20866261-20866350	exon	20866261	20866350	3,4	random hexamer	ASC	EX_cortical	3	0.20253952432905553	0.2859068897981653	0.15147203010348945	16.071942446043167
ENSMUSG00000040003.19:B3	E:20907067-20907901	exon	20907067	20907901	3,4	random hexamer	ASC	EX_cortical	3	0.20253952432905553	0.09817505700041256	0.1108341081163394	16.071942446043167
ENSMUSG00000040003.19:B3	E:20907901-20909790	exon	20907901	20909790	4	random hexamer	INH_migrating_interneuron	INH_medium_spiny	3	0.28831624051660093	-0.0031845838589031664	0.0635996142255705	16.402877697841728
ENSMUSG00000040003.19:B3	J:20856191-20866261	junction	20856191	20866261	3,4	random hexamer	ASC	EX_cortical	3	0.20253952432905553	0.08921513269339354	0.27890645169893746	25.0
ENSMUSG00000040035.15:B1	E:118610199-118610202	exon	118610199	118610202	2	random hexamer	INH_midbrain	INH_migrating_interneuron	4	0.0584895187989638	0.08399611279138228	0.06349207353729153	36.441489361702125
ENSMUSG00000040037.14:B1	E:156267430-156267595	exon	156267430	156267595	2	poly(dT)	INH_migrating_interneuron	INH_medium_spiny	6	0.0806401289867001	0.0	0.0	97.73697916666666
ENSMUSG00000040037.14:B1	E:156267430-156267595	exon	156267430	156267595	2	random hexamer	INH_midbrain	EX_cortical	6	0.060522221036814226	0.19939151318560797	0.2436196737662167	14.276041666666666
ENSMUSG00000040054.18:B2	E:127949328-127949331	exon	127949328	127949331	2	random hexamer	INH_migrating_interneuron	EX_cortical	3	0.11832869831908477	0.29723350873247745	0.2048943201677193	7.568345853586685
ENSMUSG00000040097.17:B1	E:23982292-23982749	exon	23982292	23982749	1	random hexamer	INH_migrating_interneuron	EX_cortical	5	0.10995001327824801	-0.07170030215682419	0.11724187601715737	19.580174927113703
ENSMUSG00000040097.17:B1	E:23990388-23990496	exon	23990388	23990496	2	random hexamer	EX_cortical	INH_migrating_interneuron	5	0.10995001327824797	-0.34327904792618563	0.2546006708017857	19.580174927113703
ENSMUSG00000040111.18:B1	E:40257203-40257586	exon	40257203	40257586	1	poly(dT)	INH_medium_spiny	EX_cortical	4	0.1880966806426605	-0.13599465923520135	0.14367398057407688	10.393364928909953
ENSMUSG00000040111.18:B1	E:40257203-40257586	exon	40257203	40257586	1	random hexamer	INH_medium_spiny	EX_cortical	5	0.18756613765953525	-0.03939030110223514	0.13463830609662822	32.834123222748815
ENSMUSG00000040111.18:B1	E:40302975-40303448	exon	40302975	40303448	2	random hexamer	INH_migrating_interneuron	INH_medium_spiny	4	0.0548406743800776	0.015794789295082177	0.03722818348539179	28.175355450236967
ENSMUSG00000040111.18:B1	E:40324592-40324670	exon	40324592	40324670	3	poly(dT)	EX_cortical	INH_medium_spiny	4	0.16474236128675301	-0.1417811102709663	0.12661126173806428	10.393364928909953
ENSMUSG00000040111.18:B1	E:40324592-40324670	exon	40324592	40324670	3	random hexamer	EX_cortical	INH_migrating_interneuron	10	0.17634957755606825	0.14072855660700676	0.0787562801091496	67.86729857819905
ENSMUSG00000040111.18:B1	E:40366589-40367060	exon	40366589	40367060	3	poly(dT)	EX_cortical	INH_medium_spiny	4	0.16474236128675301	-0.03690270754073273	0.01700610655429641	10.393364928909953
ENSMUSG00000040111.18:B1	E:40366589-40367060	exon	40366589	40367060	3	random hexamer	EX_cortical	INH_migrating_interneuron	10	0.17634957755606825	-0.044449566856486544	0.07753534494331031	67.86729857819905
ENSMUSG00000040111.18:B1	J:40244951-40257203	junction	40244951	40257203	1	random hexamer	INH_medium_spiny	EX_cortical	4	0.2425251751446668	-0.09510189695509463	0.08255297998684284	58.0
ENSMUSG00000040111.18:B1	J:40244951-40302975	junction	40244951	40302975	2	random hexamer	INH_migrating_interneuron	INH_medium_spiny	4	0.0548406743800776	-0.0027135854341736494	0.04623183124260686	58.0
ENSMUSG00000040111.18:B1	J:40244951-40324592	junction	40244951	40324592	3	random hexamer	EX_cortical	INH_medium_spiny	4	0.20226425081529492	0.0206558666224364	0.06772922567734697	58.0
ENSMUSG00000040111.18:B2	E:40211735-40211747	exon	40211735	40211747	2	random hexamer	INH_migrating_interneuron	INH_midbrain	4	0.2658035964377668	0.3819567264345961	0.3568304378015339	12.694953194953195
ENSMUSG00000040111.18:B2	J:40211392-40214793	junction	40211392	40214793	1	random hexamer	EX_cortical	INH_medium_spiny	3	0.2020397672947151	-0.019599723947550014	0.06318888216366643	20.0
ENSMUSG00000040225.16:B1	E:162568094-162568119	exon	162568094	162568119	2	poly(dT)	EX_cortical	EX_hippocampus_granule	3	0.09525157813804767	-0.10400960831803747	0.08771942719935692	10.146496815286625
ENSMUSG00000040225.16:B1	E:162568094-162568119	exon	162568094	162568119	2	random hexamer	ASC	INH_migrating_interneuron	8	0.052263906604091574	0.07082258284183438	0.16631597905105153	14.745222929936306
ENSMUSG00000040249.16:B1	E:127456791-127457017	exon	127456791	127457017	2	poly(dT)	INH_medium_spiny	ASC	8	0.06772950079422782	0.19524967398362347	0.10634691721457024	29.22295081967213
ENSMUSG00000040249.16:B1	E:127456791-127457017	exon	127456791	127457017	2	random hexamer	EX_hippocampus_pyramidal	EX_cerebellum_granule	3	0.1086398161530084	0.13745959929624652	0.40592443827932323	6.032786885245902
ENSMUSG00000040276.16:B1	E:27874482-27874521	exon	27874482	27874521	1	random hexamer	EX_cerebellum_granule	INH_medium_spiny	5	0.051929569793486896	-0.1342304582071085	0.09417074606683902	9.974137931034482
ENSMUSG00000040276.16:B1	E:27874521-27874733	exon	27874521	27874733	1,2	random hexamer	EX_cortical	INH_migrating_interneuron	15	0.14373846204805366	0.029634738966772586	0.1156407783562801	47.21551724137932
ENSMUSG00000040276.16:B1	E:27904154-27904170	exon	27904154	27904170	3	random hexamer	INH_medium_spiny	ASC	3	0.17607688086888396	-0.3333333333333333	0.33333333333333337	6.844827586206897
ENSMUSG00000040276.16:B1	E:27904170-27904399	exon	27904170	27904399	3,4	random hexamer	INH_migrating_interneuron	EX_cortical	15	0.14373846204805368	0.25893035760279715	0.08780140297558389	47.21551724137932
ENSMUSG00000040276.16:B1	E:27920705-27920740	exon	27920705	27920740	1	random hexamer	EX_cerebellum_granule	INH_medium_spiny	5	0.051929569793486896	0.5343065805067532	0.18018812779780446	9.974137931034482
ENSMUSG00000040276.16:B1	E:27920740-27920799	exon	27920740	27920799	1,4	random hexamer	ASC	INH_medium_spiny	3	0.16832544533073598	0.15180846414733595	0.42556593860542763	6.844827586206897
ENSMUSG00000040276.16:B1	J:27874733-27920705	junction	27874733	27920705	1	random hexamer	EX_cortical	INH_migrating_interneuron	3	0.061794336388327355	-0.09021427692524042	0.11640999334734312	56.0
ENSMUSG00000040276.16:B1	J:27874733-27920799	junction	27874733	27920799	2	random hexamer	EX_cortical	INH_migrating_interneuron	3	0.3003800556744208	-0.023036087820141004	0.04567627793676722	55.0
ENSMUSG00000040479.13:B1	E:91793630-91794002	exon	91793630	91794002	2	random hexamer	INH_midbrain	EX_cortical	5	0.07346659040882836	0.6059685604713875	0.1391864771957155	15.86238532110092
ENSMUSG00000040479.13:B1	E:91805911-91806209	exon	91805911	91806209	4	random hexamer	EX_cerebellum_granule	INH_midbrain	4	0.09657528353015925	0.25844711238055607	0.12061300313430953	9.155963302752292
ENSMUSG00000040479.13:B2	E:91763168-91763170	exon	91763168	91763170	2	poly(dT)	EX_cortical	INH_midbrain	4	0.1077485122919686	-0.1784724578202836	0.11235202007749535	7.168812589413449
ENSMUSG00000040479.13:B2	E:91763168-91763170	exon	91763168	91763170	2	random hexamer	INH_migrating_interneuron	INH_medium_spiny	3	0.2546336498751826	0.08979908926824987	0.07143012126246709	8.227467811158798
ENSMUSG00000040479.13:B2	E:91763170-91763171	exon	91763170	91763171	2,3	poly(dT)	INH_migrating_interneuron	EX_cortical	5	0.06345149403752973	0.13220635899062	0.06838899629896829	12.085836909871244
ENSMUSG00000040479.13:B2	E:91763170-91763171	exon	91763170	91763171	2,3	random hexamer	INH_midbrain	INH_medium_spiny	3	0.1950411518340692	0.2244422559830722	0.12775242652328012	8.227467811158798
ENSMUSG00000040537.18:B1	E:8417982-8418077	exon	8417982	8418077	2,3	random hexamer	INH_medium_spiny	INH_midbrain	5	0.05310555166609717	-0.3427498449670467	0.11600988965645015	74.30841121495327
ENSMUSG00000040537.18:B1	E:8418077-8418081	exon	8418077	8418081	3	random hexamer	INH_midbrain	INH_migrating_interneuron	4	0.06642410941484758	0.005944160887530026	0.20419640589021057	76.42056074766356
ENSMUSG00000040640.12:B1	E:27344384-27344398	exon	27344384	27344398	1	poly(dT)	EX_cerebellum_granule	EX_hippocampus_granule	3	0.22583349537615116	0.0	0.0	13.253333333333334
ENSMUSG00000040640.12:B1	E:27344384-27344398	exon	27344384	27344398	1	random hexamer	EX_cerebellum_granule	INH_midbrain	4	0.2992746544304885	0.25	0.25	8.04
ENSMUSG00000040640.12:B1	E:27498115-27498139	exon	27498115	27498139	1	poly(dT)	EX_cerebellum_granule	EX_hippocampus_granule	3	0.22583349537615116	0.0	0.0	13.253333333333334
ENSMUSG00000040640.12:B1	E:27498115-27498139	exon	27498115	27498139	1	random hexamer	EX_cerebellum_granule	INH_midbrain	4	0.2992746544304885	-0.07381889763779527	0.07381889763779527	8.04
ENSMUSG00000040640.12:B1	J:27375440-27498115	junction	27375440	27498115	1	random hexamer	INH_migrating_interneuron	EX_cortical	6	0.09653798473208942	-0.2541538869100539	0.12292943143523705	46.0
ENSMUSG00000040640.12:B1	J:27375440-27498782	junction	27375440	27498782	2	random hexamer	EX_cortical	INH_migrating_interneuron	6	0.08372221512400468	-0.27243978788096435	0.10193039918164373	60.0
ENSMUSG00000040640.12:B1	J:27498139-27498782	junction	27498139	27498782	1	random hexamer	INH_migrating_interneuron	EX_cortical	5	0.10668587700377374	-0.2648835848835849	0.11979554451202169	37.0
ENSMUSG00000040712.17:B1	E:70578779-70578798	exon	70578779	70578798	2,3	random hexamer	INH_migrating_interneuron	EX_cortical	4	0.07534613534482529	-0.11657436365449958	0.06960062650638565	28.448275862068964
ENSMUSG00000040712.17:B2	E:70577172-70577267	exon	70577172	70577267	2	random hexamer	EX_cortical	INH_migrating_interneuron	4	0.07953137923844095	0.087317331395105	0.05206410443844152	19.017407161803717
ENSMUSG00000040712.17:B2	J:70576992-70578711	junction	70576992	70578711	1	random hexamer	INH_migrating_interneuron	EX_cortical	3	0.07041383611703773	0.0	0.0	36.0
ENSMUSG00000040712.17:B3	E:70574176-70574191	exon	70574176	70574191	2	random hexamer	EX_cortical	INH_migrating_interneuron	4	0.09098547472874492	-0.034835961222289526	0.03403464662844341	16.14834797555386
ENSMUSG00000040797.17:B1	E:121349891-121353490	exon	121349891	121353490	1	random hexamer	EX_cortical	EX_cerebellum_granule	5	0.2335945532139582	-0.10364378413337216	0.11353516651608377	18.456790123456788
ENSMUSG00000040797.17:B1	E:121356953-121357003	exon	121356953	121357003	1	random hexamer	EX_cortical	EX_cerebellum_granule	5	0.2335945532139582	0.0	0.0	18.456790123456788
ENSMUSG00000040797.17:B1	E:121358607-121358700	exon	121358607	121358700	1	random hexamer	EX_cortical	EX_cerebellum_granule	5	0.2335945532139582	0.024458014574016463	0.024458014574016463	18.456790123456788
ENSMUSG00000040797.17:B1	E:121360873-121361035	exon	121360873	121361035	1	random hexamer	EX_cortical	EX_cerebellum_granule	5	0.2335945532139582	-0.09973740846983442	0.16478450878977483	18.456790123456788
ENSMUSG00000040797.17:B1	E:121361160-121361260	exon	121361160	121361260	1	random hexamer	EX_cortical	EX_cerebellum_granule	5	0.2335945532139582	-0.33337370461915555	0.18053269398589417	18.456790123456788
ENSMUSG00000040797.17:B1	E:121363531-121363657	exon	121363531	121363657	1	random hexamer	EX_cortical	EX_cerebellum_granule	5	0.2335945532139582	0.06774724502962011	0.12121975652294914	18.456790123456788
ENSMUSG00000040797.17:B1	E:121364692-121364832	exon	121364692	121364832	1	random hexamer	EX_cortical	EX_cerebellum_granule	5	0.2335945532139582	-0.01087880991058841	0.07450645464273646	18.456790123456788
ENSMUSG00000040797.17:B1	E:121366425-121366592	exon	121366425	121366592	1	random hexamer	EX_cortical	EX_cerebellum_granule	5	0.2335945532139582	0.18910034427231426	0.11761484337498011	18.456790123456788
ENSMUSG00000040797.17:B1	E:121366958-121367081	exon	121366958	121367081	1	random hexamer	EX_cortical	EX_cerebellum_granule	5	0.2335945532139582	0.0	0.0	18.456790123456788
ENSMUSG00000040797.17:B1	E:121381785-121387572	exon	121381785	121387572	2	random hexamer	EX_cerebellum_granule	EX_cortical	5	0.2335945532139582	0.17381800075221232	0.037555150292566564	18.456790123456788
ENSMUSG00000040797.17:B1	J:121353490-121356953	junction	121353490	121356953	1	random hexamer	EX_cortical	EX_cerebellum_granule	7	0.24016615143700973	-0.05697054521255237	0.035545805038649916	152.0
ENSMUSG00000040797.17:B1	J:121357003-121358607	junction	121357003	121358607	1	random hexamer	EX_cortical	EX_cerebellum_granule	7	0.2545673590491179	-0.02502975285583981	0.052321023656803245	114.0
ENSMUSG00000040797.17:B1	J:121358700-121360873	junction	121358700	121360873	1	random hexamer	INH_midbrain	EX_cerebellum_granule	5	0.24411243877093444	0.0	0.0	38.0
ENSMUSG00000040797.17:B1	J:121366592-121366958	junction	121366592	121366958	1	random hexamer	EX_cortical	EX_cerebellum_granule	6	0.228738865920764	0.0	0.0	62.0
ENSMUSG00000040797.17:B1	J:121367081-121387572	junction	121367081	121387572	1	random hexamer	EX_cortical	EX_cerebellum_granule	4	0.2494820139066081	0.0	0.0	44.0
ENSMUSG00000040860.17:B1	E:140780830-140780972	exon	140780830	140780972	1,2	random hexamer	INH_medium_spiny	INH_midbrain	3	0.14371206913965853	-0.32481169791292225	0.21448597845070433	7.352112676056339
ENSMUSG00000040860.17:B1	E:140785372-140785508	exon	140785372	140785508	3,4	random hexamer	INH_midbrain	INH_medium_spiny	3	0.14371206913965853	0.11204483811471398	0.1679880236509591	7.352112676056339
ENSMUSG00000040860.17:B1	E:140785508-140785510	exon	140785508	140785510	3	random hexamer	INH_midbrain	INH_medium_spiny	3	0.14765139862320673	-0.06682011703470934	0.29588592361518634	7.352112676056339
ENSMUSG00000040860.17:B2	E:140774082-140774166	exon	140774082	140774166	2	random hexamer	EX_cortical	INH_medium_spiny	7	0.10393789512486036	0.2056959793442297	0.19723532441314892	19.440322580645162
ENSMUSG00000040860.17:B2	E:140774254-140774440	exon	140774254	140774440	2	random hexamer	EX_cortical	INH_medium_spiny	7	0.10393789512486036	-0.03702332833922876	0.07101131543140256	19.440322580645162
ENSMUSG00000040860.17:B3	E:140743947-140743950	exon	140743947	140743950	2	poly(dT)	EX_cortical	INH_medium_spiny	6	0.10232759388855006	-0.008140560433588054	0.17552346025281854	9.1947261663286
ENSMUSG00000040860.17:B3	E:140743947-140743950	exon	140743947	140743950	2	random hexamer	EX_cortical	INH_medium_spiny	5	0.1512777035050063	0.2	0.20000000000000004	8.012170385395537
ENSMUSG00000040943.13:B1	E:133250129-133250151	exon	133250129	133250151	2	random hexamer	EX_cortical	INH_midbrain	3	0.09564598588127893	0.0	0.0	4.8047337278106514
ENSMUSG00000041014.18:B1	E:39194782-39195045	exon	39194782	39195045	2	random hexamer	INH_midbrain	EX_cortical	7	0.07957060267113099	0.02871415186561475	0.03595588714513083	138.71662763466043
ENSMUSG00000041351.17:B1	E:137408977-137409066	exon	137408977	137409066	1	random hexamer	INH_migrating_interneuron	EX_thalamus	4	0.09291310614152093	0.0019004434368019	0.0019004434368018997	20.25
ENSMUSG00000041351.17:B1	E:137410771-137410807	exon	137410771	137410807	1	random hexamer	INH_migrating_interneuron	EX_thalamus	4	0.09291310614152093	-0.49021272798415194	0.2484707659266675	20.25
ENSMUSG00000041351.17:B1	E:137431384-137431478	exon	137431384	137431478	1	random hexamer	INH_migrating_interneuron	EX_thalamus	4	0.09291310614152093	0.07349334749493405	0.2513493046769214	20.25
ENSMUSG00000041351.17:B1	E:137434832-137434971	exon	137434832	137434971	2	random hexamer	EX_thalamus	INH_migrating_interneuron	4	0.09291310614152098	-0.014345793394957625	0.014345793394957625	20.25
ENSMUSG00000041444.15:B1	E:32027431-32027547	exon	32027431	32027547	1	poly(dT)	INH_medium_spiny	EX_cortical	4	0.1453701707075744	0.1600686307331771	0.1600686307331771	6.846666666666668
ENSMUSG00000041444.15:B1	E:32040865-32040974	exon	32040865	32040974	1	poly(dT)	INH_medium_spiny	EX_cortical	4	0.1453701707075744	-0.2972835995417912	0.12111689885803967	6.846666666666668
ENSMUSG00000041444.15:B1	E:32063217-32063309	exon	32063217	32063309	1	poly(dT)	INH_medium_spiny	EX_cortical	4	0.1453701707075744	0.3125141334499186	0.3206521875328579	6.846666666666668
ENSMUSG00000041444.15:B1	E:32064335-32064420	exon	32064335	32064420	1	poly(dT)	INH_medium_spiny	EX_cortical	4	0.1453701707075744	0.054812834224598955	0.054812834224598955	6.846666666666668
ENSMUSG00000041444.15:B1	E:32081385-32081472	exon	32081385	32081472	1	poly(dT)	INH_medium_spiny	EX_cortical	4	0.1453701707075744	0.15505380526247187	0.1059552167303835	6.846666666666668
ENSMUSG00000041444.15:B1	E:32093137-32093275	exon	32093137	32093275	1	poly(dT)	INH_medium_spiny	EX_cortical	4	0.1453701707075744	-0.10367086638638444	0.1271453168161991	6.846666666666668
ENSMUSG00000041444.15:B1	E:32097624-32097717	exon	32097624	32097717	1	poly(dT)	INH_medium_spiny	EX_cortical	4	0.1453701707075744	-0.39277097667768746	0.243081033817709	6.846666666666668
ENSMUSG00000041444.15:B1	E:32098929-32099052	exon	32098929	32099052	1	poly(dT)	INH_medium_spiny	EX_cortical	4	0.1453701707075744	0.057998623141951866	0.3685136085770647	6.846666666666668
ENSMUSG00000041444.15:B1	E:32101279-32101357	exon	32101279	32101357	1	poly(dT)	INH_medium_spiny	EX_cortical	4	0.1453701707075744	-0.09441125217824245	0.33561781302403393	6.846666666666668
ENSMUSG00000041444.15:B1	E:32119479-32119561	exon	32119479	32119561	1	poly(dT)	INH_medium_spiny	EX_cortical	4	0.1453701707075744	-0.25	0.25	6.846666666666668
ENSMUSG00000041444.15:B1	E:32135544-32135883	exon	32135544	32135883	2	poly(dT)	EX_cortical	INH_medium_spiny	4	0.14537017070757444	-0.2535566286608951	0.13143854774203337	6.846666666666668
ENSMUSG00000041645.15:B1	E:103392039-103392078	exon	103392039	103392078	2	random hexamer	INH_migrating_interneuron	EX_cortical	9	0.051255791664922966	0.046212287237928265	0.09340013033159883	14.0
ENSMUSG00000041670.20:B1	J:22497837-22498715	junction	22497837	22498715	2,3,4	random hexamer	EX_cortical	INH_midbrain	5	0.07867419473529422	0.0	0.0	55.0
ENSMUSG00000041670.20:B1	J:22498872-22503022	junction	22498872	22503022	2,3,4	random hexamer	EX_cortical	INH_midbrain	6	0.11926959073703157	-0.02554112554112553	0.03160173160173159	50.0
ENSMUSG00000041670.20:B1	J:22503094-22504097	junction	22503094	22504097	2,3,4	random hexamer	EX_cortical	INH_midbrain	3	0.30856546466532825	0.018518518518518528	0.01851851851851853	21.0
ENSMUSG00000041670.20:B1	J:22504525-22507271	junction	22504525	22507271	2,3,4	random hexamer	EX_cortical	INH_midbrain	3	0.24259531684493776	0.0	0.0	27.0
ENSMUSG00000041670.20:B1	J:22518639-22522234	junction	22518639	22522234	2,3,4	random hexamer	EX_cortical	EX_cerebellum_granule	3	0.0695998272052583	0.030303030303030276	0.030303030303030276	20.0
ENSMUSG00000041670.20:B1	J:22573321-22577366	junction	22573321	22577366	2,3,4	random hexamer	EX_cortical	EX_cerebellum_granule	3	0.09347194158229148	0.0	0.0	28.0
ENSMUSG00000041670.20:B1	J:22669561-22766010	junction	22669561	22766010	2,3,4	poly(dT)	EX_cortical	EX_cerebellum_granule	7	0.0641720557999869	-0.03626419528675167	0.07933830021259006	57.0
ENSMUSG00000041670.20:B1	J:22766091-22844641	junction	22766091	22844641	2,3,4	poly(dT)	INH_midbrain	EX_cerebellum_granule	3	0.21581237814267606	-0.18696581196581197	0.04285506649600766	24.0
ENSMUSG00000041670.20:B1	J:22766091-22844641	junction	22766091	22844641	2,3,4	random hexamer	EX_cortical	INH_midbrain	4	0.20198193203878417	-0.18512512252782104	0.16615281679770974	29.0
ENSMUSG00000041670.20:B2	E:22356474-22357138	exon	22356474	22357138	2	random hexamer	INH_migrating_interneuron	EX_cerebellum_granule	3	0.0867743903251114	0.16934962700872971	0.2631930415248136	14.570776255707761
ENSMUSG00000041670.20:B2	E:22357138-22358645	exon	22357138	22358645	2,3	random hexamer	INH_midbrain	EX_cortical	4	0.1015153462721283	-0.0007176247410731265	0.08535087660788411	24.757990867579906
ENSMUSG00000041936.19:B2	E:156250971-156251110	exon	156250971	156251110	2,3	random hexamer	EX_cortical	INH_migrating_interneuron	7	0.05488560129333849	0.05432865666638546	0.1342592646871221	39.00819199457259
ENSMUSG00000041936.19:B2	E:156251367-156251471	exon	156251367	156251471	2,3	random hexamer	EX_cortical	INH_migrating_interneuron	7	0.05488560129333849	0.082810657324023	0.19108891591068505	39.00819199457259
ENSMUSG00000041936.19:B2	E:156251738-156251963	exon	156251738	156251963	2,3	random hexamer	EX_cortical	INH_migrating_interneuron	7	0.05488560129333849	-0.04348112533536438	0.017508416326642635	39.00819199457259
ENSMUSG00000041936.19:B2	E:156252233-156252266	exon	156252233	156252266	3	random hexamer	INH_midbrain	INH_migrating_interneuron	5	0.051136659292456255	-0.184359792865401	0.14826064651241094	30.99153098145635
ENSMUSG00000041936.19:B2	E:156253002-156253026	exon	156253002	156253026	3	random hexamer	INH_midbrain	INH_migrating_interneuron	5	0.051136659292456255	-0.200820160952461	0.17739272104888232	30.99153098145635
ENSMUSG00000041936.19:B2	E:156253189-156253277	exon	156253189	156253277	2,3	random hexamer	EX_cortical	INH_migrating_interneuron	7	0.05488560129333849	0.007494627742938389	0.11257308696507862	39.00819199457259
ENSMUSG00000041936.19:B2	E:156253359-156253552	exon	156253359	156253552	2,3	random hexamer	EX_cortical	INH_migrating_interneuron	7	0.05488560129333849	0.10345968347158722	0.10914186972078617	39.00819199457259
ENSMUSG00000041936.19:B2	E:156253676-156253793	exon	156253676	156253793	2,3	random hexamer	EX_cortical	INH_migrating_interneuron	7	0.05488560129333849	0.020662858881677803	0.1442158015514919	39.00819199457259
ENSMUSG00000041936.19:B2	E:156254002-156254014	exon	156254002	156254014	3	random hexamer	INH_midbrain	INH_migrating_interneuron	5	0.051136659292456255	0.3316754297564794	0.18546580061210716	30.99153098145635
ENSMUSG00000041936.19:B2	E:156254226-156254338	exon	156254226	156254338	2,3	random hexamer	EX_cortical	INH_migrating_interneuron	7	0.05488560129333849	-0.03303002824199145	0.13699737750685617	39.00819199457259
ENSMUSG00000041936.19:B2	E:156254522-156254687	exon	156254522	156254687	2,3	random hexamer	EX_cortical	INH_migrating_interneuron	7	0.05488560129333849	-0.10143809780213779	0.09826251664575728	39.00819199457259
ENSMUSG00000041936.19:B2	E:156254771-156254868	exon	156254771	156254868	2,3	random hexamer	EX_cortical	INH_migrating_interneuron	7	0.05488560129333849	0.09667487622310131	0.0839539293592752	39.00819199457259
ENSMUSG00000041936.19:B2	E:156255035-156255170	exon	156255035	156255170	2,3	random hexamer	EX_cortical	INH_migrating_interneuron	7	0.05488560129333849	-0.07222614599974797	0.0887924067675293	39.00819199457259
ENSMUSG00000041936.19:B2	E:156255257-156255487	exon	156255257	156255487	2,3	random hexamer	EX_cortical	INH_migrating_interneuron	7	0.05488560129333849	0.19858019916200922	0.14887515266880255	39.00819199457259
ENSMUSG00000041936.19:B2	E:156255858-156256074	exon	156255858	156256074	2,3	random hexamer	EX_cortical	INH_migrating_interneuron	7	0.05488560129333849	0.01804906996831841	0.051622364878489424	39.00819199457259
ENSMUSG00000041936.19:B2	E:156256244-156256437	exon	156256244	156256437	2,3	random hexamer	EX_cortical	INH_migrating_interneuron	7	0.05488560129333849	0.004796867348225008	0.0647503800717613	39.00819199457259
ENSMUSG00000041936.19:B2	E:156256531-156256879	exon	156256531	156256879	2,3	random hexamer	EX_cortical	INH_migrating_interneuron	7	0.05488560129333849	0.028223389570343444	0.05535553645669061	39.00819199457259
ENSMUSG00000041936.19:B2	J:156250971-156257018	junction	156250971	156257018	1	random hexamer	INH_migrating_interneuron	EX_cortical	7	0.05488560129333851	0.0	0.0	106.0
ENSMUSG00000041936.19:B2	J:156251963-156253189	junction	156251963	156253189	2	random hexamer	INH_midbrain	EX_cortical	4	0.05713046836364277	0.10463673392062137	0.048650411791988146	73.0
ENSMUSG00000041936.19:B2	J:156256879-156257018	junction	156256879	156257018	2,3	random hexamer	EX_cortical	INH_migrating_interneuron	7	0.05488560129333849	-0.0057142857142857195	0.0057142857142857195	106.0
ENSMUSG00000042548.15:B1	E:153187748-153187764	exon	153187748	153187764	2	random hexamer	INH_medium_spiny	EX_cortical	4	0.13428182711889675	0.08998022412656558	0.08998022412656558	5.675824175824176
ENSMUSG00000042589.19:B1	E:122062978-122062984	exon	122062978	122062984	1	random hexamer	INH_midbrain	EX_cortical	4	0.18196690005493457	-0.049553571428571426	0.049553571428571426	22.18918918918919
ENSMUSG00000042589.19:B1	E:122181832-122181907	exon	122181832	122181907	2,3	random hexamer	EX_cortical	INH_midbrain	4	0.18196690005493465	0.0784084690684014	0.2572892956758399	22.18918918918919
ENSMUSG00000042589.19:B1	E:122185633-122185888	exon	122185633	122185888	2	random hexamer	EX_cortical	EX_cerebellum_granule	3	0.079979543763716	-0.0232156862745098	0.0232156862745098	11.153153153153154
ENSMUSG00000042589.19:B1	E:122187838-122187914	exon	122187838	122187914	3	random hexamer	EX_cortical	INH_midbrain	4	0.14735802945248205	0.4924666980137161	0.24776567571088923	22.18918918918919
ENSMUSG00000042700.17:B1	E:82216799-82216850	exon	82216799	82216850	2,3	poly(dT)	INH_migrating_interneuron	INH_medium_spiny	4	0.05435319724962984	-0.25249183006535947	0.23588100071194026	10.573770491803279
ENSMUSG00000042700.17:B1	E:82216799-82216850	exon	82216799	82216850	2,3	random hexamer	EX_cortical	INH_migrating_interneuron	6	0.09537183628158112	-0.06226503077169291	0.2603552377408289	10.721311475409834
ENSMUSG00000042700.17:B1	E:82281236-82281302	exon	82281236	82281302	2,3	poly(dT)	INH_migrating_interneuron	INH_medium_spiny	4	0.05435319724962984	0.23062358427566343	0.12863097604144247	10.573770491803279
ENSMUSG00000042700.17:B1	E:82281236-82281302	exon	82281236	82281302	2,3	random hexamer	EX_cortical	INH_migrating_interneuron	6	0.09537183628158112	0.003525601665074688	0.25043486695007294	10.721311475409834
ENSMUSG00000042700.17:B1	E:82312730-82312799	exon	82312730	82312799	3	poly(dT)	INH_migrating_interneuron	INH_medium_spiny	4	0.06416789914380265	-0.03867753623188407	0.1278750264761051	10.573770491803279
ENSMUSG00000042700.17:B1	E:82312730-82312799	exon	82312730	82312799	3	random hexamer	EX_cortical	INH_migrating_interneuron	6	0.0924337940009336	0.018212088823295863	0.19682673043895174	10.721311475409834
ENSMUSG00000043079.18:B1	E:60742982-60743177	exon	60742982	60743177	1	random hexamer	EX_cortical	INH_medium_spiny	4	0.0646366992810106	-0.02956506546575964	0.1667771980896143	24.84233835252436
ENSMUSG00000043079.18:B1	E:60762523-60762925	exon	60762523	60762925	3,4	random hexamer	INH_medium_spiny	EX_cortical	4	0.06558389047226984	0.0	0.0	24.84233835252436
ENSMUSG00000043079.18:B1	E:60762925-60763157	exon	60762925	60763157	4	random hexamer	INH_medium_spiny	EX_cortical	4	0.09292487579406392	0.0	0.0	24.84233835252436
ENSMUSG00000043079.18:B1	E:60781267-60781391	exon	60781267	60781391	4	random hexamer	INH_medium_spiny	EX_cortical	4	0.09292487579406392	0.0	0.0	24.84233835252436
ENSMUSG00000045038.15:B1	E:86475212-86475601	exon	86475212	86475601	2	random hexamer	INH_migrating_interneuron	EX_cortical	3	0.18383417603669652	0.0	0.0	13.02857142857143
ENSMUSG00000045103.20:B1	E:81992508-81992753	exon	81992508	81992753	1	poly(dT)	ASC	EX_cortical	4	0.11157695700861062	0.28893927941546993	0.1764033795794317	12.080645161290322
ENSMUSG00000045103.20:B1	E:81992508-81992753	exon	81992508	81992753	1	random hexamer	ASC	EX_cortical	4	0.24100150015922897	0.0	0.0	8.774193548387096
ENSMUSG00000045103.20:B1	E:82180233-82180295	exon	82180233	82180295	1	poly(dT)	ASC	EX_cortical	4	0.11157695700861062	0.45317220543806647	0.2644180606972416	12.080645161290322
ENSMUSG00000045103.20:B1	E:82180233-82180295	exon	82180233	82180295	1	random hexamer	ASC	EX_cortical	4	0.24100150015922897	0.6771687625296154	0.2317470028680705	8.774193548387096
ENSMUSG00000045103.20:B1	E:82389867-82389960	exon	82389867	82389960	1	poly(dT)	ASC	EX_cortical	4	0.11157695700861062	0.4939790787216872	0.22828237377072813	12.080645161290322
ENSMUSG00000045103.20:B1	E:82389867-82389960	exon	82389867	82389960	1	random hexamer	ASC	EX_cortical	4	0.24100150015922897	0.3707250956180713	0.19596199909371106	8.774193548387096
ENSMUSG00000045103.20:B1	E:82395031-82395109	exon	82395031	82395109	1	poly(dT)	ASC	EX_cortical	4	0.11157695700861062	0.33784381824831644	0.1983014641772322	12.080645161290322
ENSMUSG00000045103.20:B1	E:82395031-82395109	exon	82395031	82395109	1	random hexamer	ASC	EX_cortical	4	0.24100150015922897	0.2901206768476852	0.34694213159071	8.774193548387096
ENSMUSG00000045103.20:B1	E:82418664-82418757	exon	82418664	82418757	1	poly(dT)	ASC	EX_cortical	4	0.11157695700861062	0.2813337456194599	0.18464821879426996	12.080645161290322
ENSMUSG00000045103.20:B1	E:82418664-82418757	exon	82418664	82418757	1	random hexamer	ASC	EX_cortical	4	0.24100150015922897	0.6659488775164161	0.12345324612441602	8.774193548387096
ENSMUSG00000045103.20:B1	E:82424790-82424963	exon	82424790	82424963	1	poly(dT)	ASC	EX_cortical	4	0.11157695700861062	0.1457879788804644	0.08470462332742355	12.080645161290322
ENSMUSG00000045103.20:B1	E:82424790-82424963	exon	82424790	82424963	1	random hexamer	ASC	EX_cortical	4	0.24100150015922897	0.8963103242779894	0.08743169243857846	8.774193548387096
ENSMUSG00000045103.20:B1	E:82533432-82533551	exon	82533432	82533551	1	poly(dT)	ASC	EX_cortical	4	0.11157695700861062	0.5102807116112438	0.207647171414429	12.080645161290322
ENSMUSG00000045103.20:B1	E:82533432-82533551	exon	82533432	82533551	1	random hexamer	ASC	EX_cortical	4	0.24100150015922897	0.7127266000739919	0.24016051511654196	8.774193548387096
ENSMUSG00000045103.20:B1	E:82670867-82671052	exon	82670867	82671052	1	poly(dT)	ASC	EX_cortical	4	0.11157695700861062	0.1966633299966633	0.12328468737145551	12.080645161290322
ENSMUSG00000045103.20:B1	E:82670867-82671052	exon	82670867	82671052	1	random hexamer	ASC	EX_cortical	4	0.24100150015922897	0.8325160211865764	0.09186174698221229	8.774193548387096
ENSMUSG00000045103.20:B1	E:82672172-82672304	exon	82672172	82672304	1	poly(dT)	ASC	EX_cortical	4	0.11157695700861062	0.49067893367928683	0.26132016176342693	12.080645161290322
ENSMUSG00000045103.20:B1	E:82672172-82672304	exon	82672172	82672304	1	random hexamer	ASC	EX_cortical	4	0.24100150015922897	0.33381495366031444	0.4477657706232297	8.774193548387096
ENSMUSG00000045103.20:B1	E:82707653-82707842	exon	82707653	82707842	1	poly(dT)	ASC	EX_cortical	4	0.11157695700861062	0.41404216699963337	0.2847795314211134	12.080645161290322
ENSMUSG00000045103.20:B1	E:82707653-82707842	exon	82707653	82707842	1	random hexamer	ASC	EX_cortical	4	0.24100150015922897	0.4084551695074165	0.2110968291451735	8.774193548387096
ENSMUSG00000045103.20:B1	E:82708653-82708835	exon	82708653	82708835	1	poly(dT)	ASC	EX_cortical	4	0.11157695700861062	0.38168623668755025	0.22394630887829847	12.080645161290322
ENSMUSG00000045103.20:B1	E:82708653-82708835	exon	82708653	82708835	1	random hexamer	ASC	EX_cortical	4	0.24100150015922897	0.611650806238435	0.23521371196874935	8.774193548387096
ENSMUSG00000045103.20:B1	E:82721884-82722035	exon	82721884	82722035	1	poly(dT)	ASC	EX_cortical	4	0.11157695700861062	0.45921816944747873	0.23493676054043314	12.080645161290322
ENSMUSG00000045103.20:B1	E:82721884-82722035	exon	82721884	82722035	1	random hexamer	ASC	EX_cortical	4	0.24100150015922897	0.5156423940505402	0.20859309793201958	8.774193548387096
ENSMUSG00000045103.20:B1	E:82735373-82735493	exon	82735373	82735493	1	poly(dT)	ASC	EX_cortical	4	0.11157695700861062	0.324773222447418	0.17119853513941874	12.080645161290322
ENSMUSG00000045103.20:B1	E:82735373-82735493	exon	82735373	82735493	1	random hexamer	ASC	EX_cortical	4	0.24100150015922897	0.4531664212076583	0.24645927837822004	8.774193548387096
ENSMUSG00000045103.20:B1	E:82757708-82757810	exon	82757708	82757810	1	poly(dT)	ASC	EX_cortical	4	0.11157695700861062	0.21603812803118613	0.15545840204791755	12.080645161290322
ENSMUSG00000045103.20:B1	E:82757708-82757810	exon	82757708	82757810	1	random hexamer	ASC	EX_cortical	4	0.24100150015922897	0.3779968420659593	0.229336384978277	8.774193548387096
ENSMUSG00000045103.20:B1	E:82757905-82758013	exon	82757905	82758013	1	poly(dT)	ASC	EX_cortical	4	0.11157695700861062	0.3793442742064374	0.1744689379469583	12.080645161290322
ENSMUSG00000045103.20:B1	E:82757905-82758013	exon	82757905	82758013	1	random hexamer	ASC	EX_cortical	4	0.24100150015922897	0.37306898321163207	0.39187785146340337	8.774193548387096
ENSMUSG00000045103.20:B1	E:82765473-82765653	exon	82765473	82765653	1	poly(dT)	ASC	EX_cortical	4	0.11157695700861062	0.4285520167702857	0.24744772821189118	12.080645161290322
ENSMUSG00000045103.20:B1	E:82765473-82765653	exon	82765473	82765653	1	random hexamer	ASC	EX_cortical	4	0.24100150015922897	0.5286617545568952	0.4461518185087946	8.774193548387096
ENSMUSG00000045103.20:B1	E:82772926-82773102	exon	82772926	82773102	1	poly(dT)	ASC	EX_cortical	4	0.11157695700861062	0.3290445383569469	0.31549890144408477	12.080645161290322
ENSMUSG00000045103.20:B1	E:82772926-82773102	exon	82772926	82773102	1	random hexamer	ASC	EX_cortical	4	0.24100150015922897	0.27608139803514015	0.25035754767047114	8.774193548387096
ENSMUSG00000045103.20:B1	E:82798982-82799106	exon	82798982	82799106	1	poly(dT)	ASC	EX_cortical	4	0.11157695700861062	0.3173415930583772	0.3000482501498783	12.080645161290322
ENSMUSG00000045103.20:B1	E:82798982-82799106	exon	82798982	82799106	1	random hexamer	ASC	EX_cortical	4	0.24100150015922897	0.36381129021298075	0.26901912953849366	8.774193548387096
ENSMUSG00000045103.20:B1	E:82816140-82816228	exon	82816140	82816228	1	poly(dT)	ASC	EX_cortical	4	0.11157695700861062	0.5046174262411006	0.20657362777263594	12.080645161290322
ENSMUSG00000045103.20:B1	E:82816140-82816228	exon	82816140	82816228	1	random hexamer	ASC	EX_cortical	4	0.24100150015922897	0.3409977762849853	0.39810564702651247	8.774193548387096
ENSMUSG00000045103.20:B1	E:82825134-82825376	exon	82825134	82825376	1	poly(dT)	ASC	EX_cortical	4	0.11157695700861062	0.44559903439628235	0.23658211725684394	12.080645161290322
ENSMUSG00000045103.20:B1	E:82825134-82825376	exon	82825134	82825376	1	random hexamer	ASC	EX_cortical	4	0.24100150015922897	0.7933894096814651	0.16176196941481974	8.774193548387096
ENSMUSG00000045103.20:B1	E:82829740-82829921	exon	82829740	82829921	1	poly(dT)	ASC	EX_cortical	4	0.11157695700861062	0.2827289127604834	0.24107335592526485	12.080645161290322
ENSMUSG00000045103.20:B1	E:82829740-82829921	exon	82829740	82829921	1	random hexamer	ASC	EX_cortical	4	0.24100150015922897	0.38582453629024316	0.25105094004587397	8.774193548387096
ENSMUSG00000045103.20:B1	E:82845852-82845998	exon	82845852	82845998	1	poly(dT)	ASC	EX_cortical	4	0.11157695700861062	0.5149360043080371	0.1473126900250393	12.080645161290322
ENSMUSG00000045103.20:B1	E:82845852-82845998	exon	82845852	82845998	1	random hexamer	ASC	EX_cortical	4	0.24100150015922897	0.07546962410344837	0.054703761820226335	8.774193548387096
ENSMUSG00000045103.20:B1	E:82846911-82847124	exon	82846911	82847124	1	poly(dT)	ASC	EX_cortical	4	0.11157695700861062	0.40487521422612105	0.19048571953891666	12.080645161290322
ENSMUSG00000045103.20:B1	E:82846911-82847124	exon	82846911	82847124	1	random hexamer	ASC	EX_cortical	4	0.24100150015922897	0.47340865783202596	0.24198201838746264	8.774193548387096
ENSMUSG00000045103.20:B1	E:82849731-82849845	exon	82849731	82849845	1	poly(dT)	ASC	EX_cortical	4	0.11157695700861062	0.4551369674676348	0.3009956114178893	12.080645161290322
ENSMUSG00000045103.20:B1	E:82849731-82849845	exon	82849731	82849845	1	random hexamer	ASC	EX_cortical	4	0.24100150015922897	0.17768328091470506	0.44413894066251863	8.774193548387096
ENSMUSG00000045103.20:B1	E:82850941-82851097	exon	82850941	82851097	1	poly(dT)	ASC	EX_cortical	4	0.11157695700861062	0.2919128898319542	0.1428344240195457	12.080645161290322
ENSMUSG00000045103.20:B1	E:82850941-82851097	exon	82850941	82851097	1	random hexamer	ASC	EX_cortical	4	0.24100150015922897	0.4492328644733825	0.30088926862719695	8.774193548387096
ENSMUSG00000045103.20:B1	E:82857080-82857251	exon	82857080	82857251	1	poly(dT)	ASC	EX_cortical	4	0.11157695700861062	0.5484697035463809	0.20215742741535148	12.080645161290322
ENSMUSG00000045103.20:B1	E:82857080-82857251	exon	82857080	82857251	1	random hexamer	ASC	EX_cortical	4	0.24100150015922897	0.8702612316660873	0.0787299267063204	8.774193548387096
ENSMUSG00000045103.20:B1	E:82861737-82861920	exon	82861737	82861920	1	poly(dT)	ASC	EX_cortical	4	0.11157695700861062	0.6203481760716654	0.15609967982031317	12.080645161290322
ENSMUSG00000045103.20:B1	E:82861737-82861920	exon	82861737	82861920	1	random hexamer	ASC	EX_cortical	4	0.24100150015922897	0.7685059996619908	0.21834077372069066	8.774193548387096
ENSMUSG00000045103.20:B1	E:82871560-82871695	exon	82871560	82871695	1	poly(dT)	ASC	EX_cortical	4	0.11157695700861062	0.6508244767192553	0.20560416293654274	12.080645161290322
ENSMUSG00000045103.20:B1	E:82871560-82871695	exon	82871560	82871695	1	random hexamer	ASC	EX_cortical	4	0.24100150015922897	0.5745704467353951	0.25305586197751806	8.774193548387096
ENSMUSG00000045103.20:B1	E:82874025-82874175	exon	82874025	82874175	1	poly(dT)	ASC	EX_cortical	4	0.11157695700861062	0.549222050366291	0.16997874667157925	12.080645161290322
ENSMUSG00000045103.20:B1	E:82874025-82874175	exon	82874025	82874175	1	random hexamer	ASC	EX_cortical	4	0.24100150015922897	0.5103800777887795	0.27931584888772526	8.774193548387096
ENSMUSG00000045103.20:B1	E:82899311-82899473	exon	82899311	82899473	1	poly(dT)	ASC	EX_cortical	4	0.11157695700861062	0.5912750218600182	0.22707511974191613	12.080645161290322
ENSMUSG00000045103.20:B1	E:82899311-82899473	exon	82899311	82899473	1	random hexamer	ASC	EX_cortical	4	0.24100150015922897	0.2802823787843166	0.13148131065336421	8.774193548387096
ENSMUSG00000045103.20:B1	E:82921652-82921763	exon	82921652	82921763	1	poly(dT)	ASC	EX_cortical	4	0.11157695700861062	0.2842343363118708	0.26866593961872665	12.080645161290322
ENSMUSG00000045103.20:B1	E:82921652-82921763	exon	82921652	82921763	1	random hexamer	ASC	EX_cortical	4	0.24100150015922897	0.608319610328555	0.16706996580914013	8.774193548387096
ENSMUSG00000045103.20:B1	E:82922081-82922255	exon	82922081	82922255	1	poly(dT)	ASC	EX_cortical	4	0.11157695700861062	0.09406436352432765	0.2656957188180575	12.080645161290322
ENSMUSG00000045103.20:B1	E:82922081-82922255	exon	82922081	82922255	1	random hexamer	ASC	EX_cortical	4	0.24100150015922897	0.28657819304211657	0.1545890337557121	8.774193548387096
ENSMUSG00000045103.20:B1	E:82924884-82925040	exon	82924884	82925040	1	poly(dT)	ASC	EX_cortical	4	0.11157695700861062	0.27316689780074443	0.09658791591539452	12.080645161290322
ENSMUSG00000045103.20:B1	E:82924884-82925040	exon	82924884	82925040	1	random hexamer	ASC	EX_cortical	4	0.24100150015922897	0.1885853467562529	0.12277967868103638	8.774193548387096
ENSMUSG00000045103.20:B1	E:82930668-82930839	exon	82930668	82930839	1	poly(dT)	ASC	EX_cortical	4	0.11157695700861062	0.31996805582351356	0.3763788429365726	12.080645161290322
ENSMUSG00000045103.20:B1	E:82930668-82930839	exon	82930668	82930839	1	random hexamer	ASC	EX_cortical	4	0.24100150015922897	0.4713407288094955	0.2038567718464076	8.774193548387096
ENSMUSG00000045103.20:B1	E:82948553-82948733	exon	82948553	82948733	1	poly(dT)	ASC	EX_cortical	4	0.11157695700861062	0.5035723055213657	0.23283760506357792	12.080645161290322
ENSMUSG00000045103.20:B1	E:82948553-82948733	exon	82948553	82948733	1	random hexamer	ASC	EX_cortical	4	0.24100150015922897	0.8011166310351499	0.08083309875215937	8.774193548387096
ENSMUSG00000045103.20:B1	E:82949594-82949723	exon	82949594	82949723	1	poly(dT)	ASC	EX_cortical	4	0.11157695700861062	0.5292612094596139	0.2409378186914084	12.080645161290322
ENSMUSG00000045103.20:B1	E:82949594-82949723	exon	82949594	82949723	1	random hexamer	ASC	EX_cortical	4	0.24100150015922897	0.7120259187986335	0.15309660196653735	8.774193548387096
ENSMUSG00000045103.20:B1	E:82951986-82952157	exon	82951986	82952157	1	poly(dT)	ASC	EX_cortical	4	0.11157695700861062	0.35825336810894676	0.20162397435594387	12.080645161290322
ENSMUSG00000045103.20:B1	E:82951986-82952157	exon	82951986	82952157	1	random hexamer	ASC	EX_cortical	4	0.24100150015922897	0.3774167870469796	0.22543968463826325	8.774193548387096
ENSMUSG00000045103.20:B1	E:82966072-82966195	exon	82966072	82966195	1	poly(dT)	ASC	EX_cortical	4	0.11157695700861062	0.6972532444243194	0.1361114377132762	12.080645161290322
ENSMUSG00000045103.20:B1	E:82966072-82966195	exon	82966072	82966195	1	random hexamer	ASC	EX_cortical	4	0.24100150015922897	0.4652777777777778	0.2701201435941212	8.774193548387096
ENSMUSG00000045103.20:B1	E:82968457-82968595	exon	82968457	82968595	1	poly(dT)	ASC	EX_cortical	4	0.11157695700861062	0.15939839747799817	0.15939839747799817	12.080645161290322
ENSMUSG00000045103.20:B1	E:82968457-82968595	exon	82968457	82968595	1	random hexamer	ASC	EX_cortical	4	0.24100150015922897	0.42658136701008087	0.15180077319851917	8.774193548387096
ENSMUSG00000045103.20:B1	E:82971450-82971603	exon	82971450	82971603	1	poly(dT)	ASC	EX_cortical	4	0.11157695700861062	0.5189334000656661	0.19409094624707027	12.080645161290322
ENSMUSG00000045103.20:B1	E:82971450-82971603	exon	82971450	82971603	1	random hexamer	ASC	EX_cortical	4	0.24100150015922897	0.13934858273140882	0.19561860244965681	8.774193548387096
ENSMUSG00000045103.20:B1	E:82972408-82972591	exon	82972408	82972591	1	poly(dT)	ASC	EX_cortical	4	0.11157695700861062	0.3430826259677791	0.24343706403310275	12.080645161290322
ENSMUSG00000045103.20:B1	E:82972408-82972591	exon	82972408	82972591	1	random hexamer	ASC	EX_cortical	4	0.24100150015922897	0.5063393872117244	0.1842778882644039	8.774193548387096
ENSMUSG00000045103.20:B1	E:82998568-82998763	exon	82998568	82998763	1	poly(dT)	ASC	EX_cortical	4	0.11157695700861062	0.37466522148062037	0.2686851293160995	12.080645161290322
ENSMUSG00000045103.20:B1	E:82998568-82998763	exon	82998568	82998763	1	random hexamer	ASC	EX_cortical	4	0.24100150015922897	0.30613814059250943	0.2007469830515362	8.774193548387096
ENSMUSG00000045103.20:B1	E:83008274-83008447	exon	83008274	83008447	1	poly(dT)	ASC	EX_cortical	4	0.11157695700861062	0.43384001433304836	0.22048410726297546	12.080645161290322
ENSMUSG00000045103.20:B1	E:83008274-83008447	exon	83008274	83008447	1	random hexamer	ASC	EX_cortical	4	0.24100150015922897	0.6298640887760474	0.21192665168731248	8.774193548387096
ENSMUSG00000045103.20:B1	E:83065870-83066018	exon	83065870	83066018	1	poly(dT)	ASC	EX_cortical	4	0.11157695700861062	0.11161971215419894	0.27337265704853725	12.080645161290322
ENSMUSG00000045103.20:B1	E:83065870-83066018	exon	83065870	83066018	1	random hexamer	ASC	EX_cortical	4	0.24100150015922897	0.4343567896021107	0.054804942898824344	8.774193548387096
ENSMUSG00000045103.20:B1	E:83315557-83315733	exon	83315557	83315733	1	poly(dT)	ASC	EX_cortical	4	0.11157695700861062	0.09699593534296509	0.1443996610922574	12.080645161290322
ENSMUSG00000045103.20:B1	E:83315557-83315733	exon	83315557	83315733	1	random hexamer	ASC	EX_cortical	4	0.24100150015922897	0.24671742419642212	0.18960724898438308	8.774193548387096
ENSMUSG00000045103.20:B1	E:83353404-83353546	exon	83353404	83353546	1	poly(dT)	ASC	EX_cortical	4	0.11157695700861062	0.40139781285902726	0.24533309790702756	12.080645161290322
ENSMUSG00000045103.20:B1	E:83353404-83353546	exon	83353404	83353546	1	random hexamer	ASC	EX_cortical	4	0.24100150015922897	0.44860711757235683	0.24146772059571078	8.774193548387096
ENSMUSG00000045103.20:B1	E:83356082-83356232	exon	83356082	83356232	1	poly(dT)	ASC	EX_cortical	4	0.11157695700861062	0.5799611379844439	0.24808815238133997	12.080645161290322
ENSMUSG00000045103.20:B1	E:83356082-83356232	exon	83356082	83356232	1	random hexamer	ASC	EX_cortical	4	0.24100150015922897	0.1149679940704804	0.08621504480762855	8.774193548387096
ENSMUSG00000045103.20:B1	E:83416988-83417153	exon	83416988	83417153	1	poly(dT)	ASC	EX_cortical	4	0.11157695700861062	0.25	0.25	12.080645161290322
ENSMUSG00000045103.20:B1	E:83416988-83417153	exon	83416988	83417153	1	random hexamer	ASC	EX_cortical	4	0.24100150015922897	0.39333020930959073	0.2432183806427178	8.774193548387096
ENSMUSG00000045103.20:B1	E:83469313-83469415	exon	83469313	83469415	1	poly(dT)	ASC	EX_cortical	4	0.11157695700861062	0.24184718780890582	0.13413463895803973	12.080645161290322
ENSMUSG00000045103.20:B1	E:83469313-83469415	exon	83469313	83469415	1	random hexamer	ASC	EX_cortical	4	0.24100150015922897	0.26471311533136366	0.23185441283798366	8.774193548387096
ENSMUSG00000045103.20:B1	E:83475489-83475598	exon	83475489	83475598	1	poly(dT)	ASC	EX_cortical	4	0.11157695700861062	0.5275229357798166	0.2737088478669766	12.080645161290322
ENSMUSG00000045103.20:B1	E:83475489-83475598	exon	83475489	83475598	1	random hexamer	ASC	EX_cortical	4	0.24100150015922897	0.2932611857652287	0.1359642374288776	8.774193548387096
ENSMUSG00000045103.20:B1	E:83517739-83517972	exon	83517739	83517972	1	poly(dT)	ASC	EX_cortical	4	0.11157695700861062	0.39629698933806845	0.21919545158944306	12.080645161290322
ENSMUSG00000045103.20:B1	E:83517739-83517972	exon	83517739	83517972	1	random hexamer	ASC	EX_cortical	4	0.24100150015922897	0.1262125798967347	0.3701917772650141	8.774193548387096
ENSMUSG00000045103.20:B1	E:83575479-83575597	exon	83575479	83575597	1	poly(dT)	ASC	EX_cortical	4	0.11157695700861062	0.3251209477972886	0.2404055064855947	12.080645161290322
ENSMUSG00000045103.20:B1	E:83575479-83575597	exon	83575479	83575597	1	random hexamer	ASC	EX_cortical	4	0.24100150015922897	0.23547161671815978	0.280301304048844	8.774193548387096
ENSMUSG00000045103.20:B1	E:83619165-83619377	exon	83619165	83619377	1	poly(dT)	ASC	EX_cortical	4	0.11157695700861062	0.5637401531479649	0.26000838568370077	12.080645161290322
ENSMUSG00000045103.20:B1	E:83619165-83619377	exon	83619165	83619377	1	random hexamer	ASC	EX_cortical	4	0.24100150015922897	0.4954663300678285	0.2501804113227886	8.774193548387096
ENSMUSG00000045103.20:B1	E:83642701-83642856	exon	83642701	83642856	1	poly(dT)	ASC	EX_cortical	4	0.11157695700861062	0.45551658341064594	0.21490235199811505	12.080645161290322
ENSMUSG00000045103.20:B1	E:83642701-83642856	exon	83642701	83642856	1	random hexamer	ASC	EX_cortical	4	0.24100150015922897	0.13142135423156587	0.42050229702871306	8.774193548387096
ENSMUSG00000045103.20:B1	E:83690642-83690832	exon	83690642	83690832	1	poly(dT)	ASC	EX_cortical	4	0.11157695700861062	0.08686647173489281	0.3410300124941211	12.080645161290322
ENSMUSG00000045103.20:B1	E:83690642-83690832	exon	83690642	83690832	1	random hexamer	ASC	EX_cortical	4	0.24100150015922897	0.3388712097230583	0.2301858380100579	8.774193548387096
ENSMUSG00000045103.20:B1	E:83817187-83817360	exon	83817187	83817360	1	poly(dT)	ASC	EX_cortical	4	0.11157695700861062	0.32155481624360727	0.2909873294515815	12.080645161290322
ENSMUSG00000045103.20:B1	E:83817187-83817360	exon	83817187	83817360	1	random hexamer	ASC	EX_cortical	4	0.24100150015922897	0.4736103878189777	0.26768015815907	8.774193548387096
ENSMUSG00000045103.20:B1	E:83825524-83825681	exon	83825524	83825681	1	poly(dT)	ASC	EX_cortical	4	0.11157695700861062	0.3761500353857042	0.23955964921120806	12.080645161290322
ENSMUSG00000045103.20:B1	E:83825524-83825681	exon	83825524	83825681	1	random hexamer	ASC	EX_cortical	4	0.24100150015922897	0.2125593760120911	0.18614825412703975	8.774193548387096
ENSMUSG00000045103.20:B1	E:83860903-83861024	exon	83860903	83861024	1	poly(dT)	ASC	EX_cortical	4	0.11157695700861062	0.0762422201816141	0.04428972444653545	12.080645161290322
ENSMUSG00000045103.20:B1	E:83860903-83861024	exon	83860903	83861024	1	random hexamer	ASC	EX_cortical	4	0.24100150015922897	-0.0716024951346067	0.04185350067371302	8.774193548387096
ENSMUSG00000045103.20:B1	E:83861632-83861901	exon	83861632	83861901	1	poly(dT)	ASC	EX_cortical	4	0.11157695700861062	0.01860247434685385	0.01846021191141638	12.080645161290322
ENSMUSG00000045103.20:B1	E:83861632-83861901	exon	83861632	83861901	1	random hexamer	ASC	EX_cortical	4	0.24100150015922897	0.21036240717182658	0.18777025007242246	8.774193548387096
ENSMUSG00000045103.20:B1	E:83892253-83892400	exon	83892253	83892400	1	poly(dT)	ASC	EX_cortical	4	0.11157695700861062	0.1329891538832258	0.12252852458749042	12.080645161290322
ENSMUSG00000045103.20:B1	E:83892253-83892400	exon	83892253	83892400	1	random hexamer	ASC	EX_cortical	4	0.24100150015922897	0.3920530014693975	0.20071241890603986	8.774193548387096
ENSMUSG00000045103.20:B1	E:83987750-83987829	exon	83987750	83987829	1	poly(dT)	ASC	EX_cortical	4	0.11157695700861062	0.04207935145246777	0.027368615244933465	12.080645161290322
ENSMUSG00000045103.20:B1	E:83987750-83987829	exon	83987750	83987829	1	random hexamer	ASC	EX_cortical	4	0.24100150015922897	0.13502335940810117	0.09730812203725535	8.774193548387096
ENSMUSG00000045103.20:B1	E:84018310-84018371	exon	84018310	84018371	1	poly(dT)	ASC	EX_cortical	4	0.11157695700861062	0.2139951802324948	0.17940008720417747	12.080645161290322
ENSMUSG00000045103.20:B1	E:84018310-84018371	exon	84018310	84018371	1	random hexamer	ASC	EX_cortical	4	0.24100150015922897	0.3199601776288364	0.22969177910974312	8.774193548387096
ENSMUSG00000045103.20:B1	E:84092018-84092065	exon	84092018	84092065	2	poly(dT)	EX_cortical	ASC	4	0.11157695700861066	0.11116999380014914	0.08230461923416092	12.080645161290322
ENSMUSG00000045103.20:B1	E:84092018-84092065	exon	84092018	84092065	2	random hexamer	EX_cortical	ASC	4	0.24100150015922903	0.3022094982048622	0.3161997877401124	8.774193548387096
ENSMUSG00000045103.20:B2	E:84188516-84188555	exon	84188516	84188555	1	poly(dT)	ASC	EX_cortical	7	0.06181575833251834	-0.05427706531978621	0.05368307253644877	19.86046128993658
ENSMUSG00000045103.20:B2	E:84188516-84188555	exon	84188516	84188555	1	random hexamer	ASC	EX_cortical	4	0.09836257907138699	-0.4219012344409276	0.25179322600530807	7.705830441546009
ENSMUSG00000045114.11:B1	E:126620309-126620383	exon	126620309	126620383	2	random hexamer	INH_migrating_interneuron	EX_cortical	6	0.06387121287818757	-0.059557060706470814	0.11212874844303108	30.225563909774436
ENSMUSG00000045482.17:B3	E:144746960-144747014	exon	144746960	144747014	2	random hexamer	EX_cortical	INH_migrating_interneuron	3	0.12349137436824438	-0.5376338065448626	0.23233859457663694	5.1556159420289855
ENSMUSG00000045482.17:B3	J:144747014-144748704	junction	144747014	144748704	2	random hexamer	INH_midbrain	EX_cortical	3	0.09299697852718698	0.1135190918472652	0.06804888141108167	18.0
ENSMUSG00000045983.17:B1	E:20491472-20491498	exon	20491472	20491498	1	random hexamer	INH_medium_spiny	INH_migrating_interneuron	3	0.07527405280578973	-0.3161965157625546	0.23075986797895848	10.02
ENSMUSG00000045983.17:B1	E:20491498-20491572	exon	20491498	20491572	1,2	random hexamer	INH_migrating_interneuron	EX_cortical	7	0.05881568870485881	0.08342072946724881	0.08342072946724882	17.11
ENSMUSG00000045983.17:B1	E:20492348-20492405	exon	20492348	20492405	3	random hexamer	EX_cortical	INH_migrating_interneuron	7	0.058815688704858815	-0.13177562740933052	0.14511600346525125	17.11
ENSMUSG00000045983.17:B1	E:20492917-20492977	exon	20492917	20492977	3	random hexamer	EX_cortical	INH_migrating_interneuron	7	0.058815688704858815	0.3145250069719255	0.12918787518334582	17.11
ENSMUSG00000045983.17:B1	E:20493535-20493556	exon	20493535	20493556	1	random hexamer	INH_medium_spiny	INH_migrating_interneuron	3	0.07527405280578973	-0.030362905881578122	0.030362905881578122	10.02
ENSMUSG00000045983.17:B1	J:20491626-20492348	junction	20491626	20492348	3	random hexamer	INH_midbrain	INH_migrating_interneuron	3	0.057355864654951065	-0.30683020683020684	0.00538656115161175	26.0
ENSMUSG00000045983.17:B1	J:20491626-20492617	junction	20491626	20492617	1,2	random hexamer	INH_migrating_interneuron	INH_midbrain	4	0.08205932457107667	-0.0921336206896552	0.11661637170504735	52.0
ENSMUSG00000045983.17:B1	J:20492405-20492617	junction	20492405	20492617	3	random hexamer	EX_cortical	INH_migrating_interneuron	3	0.060042646372474896	-0.19802681838285552	0.06109499470463632	34.0
ENSMUSG00000045983.17:B1	J:20492711-20492917	junction	20492711	20492917	3	random hexamer	EX_cerebellum_granule	EX_cortical	3	0.07255110893416807	0.0	0.0	33.0
ENSMUSG00000045983.17:B1	J:20492711-20492977	junction	20492711	20492977	1,2	random hexamer	EX_cortical	EX_cerebellum_granule	3	0.07255110893416798	-0.03148148148148148	0.040104458940199504	34.0
ENSMUSG00000045983.17:B1	J:20493064-20494093	junction	20493064	20494093	2,3	random hexamer	INH_midbrain	EX_cortical	4	0.07033819665408356	-0.0625	0.0625	39.0
ENSMUSG00000045983.17:B5	E:20511631-20511634	exon	20511631	20511634	2	poly(dT)	INH_midbrain	INH_migrating_interneuron	4	0.07840897191013285	0.2876084483323175	0.3508058467207796	6.001574803149605
ENSMUSG00000045994.18:B1	E:26645023-26645119	exon	26645023	26645119	1	random hexamer	INH_migrating_interneuron	EX_cortical	3	0.07240660138307682	0.0009122728480655725	0.16632998005605049	5.684210526315789
ENSMUSG00000045994.18:B1	E:26645119-26645146	exon	26645119	26645146	1,2	random hexamer	EX_cerebellum_granule	EX_cortical	4	0.05345662878950727	-0.40190172076074115	0.21270477793049167	13.605263157894738
ENSMUSG00000046709.19:B1	E:103174583-103174861	exon	103174583	103174861	1	random hexamer	EX_cerebellum_granule	EX_cortical	5	0.17291435443205636	0.20324825471505306	0.12235514117733141	14.369230769230768
ENSMUSG00000046709.19:B1	E:103186384-103186554	exon	103186384	103186554	2,3,4,5	random hexamer	EX_cortical	EX_cerebellum_granule	5	0.17291435443205633	-0.041246179599839936	0.1264908339146726	14.369230769230768
ENSMUSG00000046709.19:B1	E:103206186-103206252	exon	103206186	103206252	2,3,4,5	random hexamer	EX_cortical	EX_cerebellum_granule	5	0.17291435443205633	0.19301377476710235	0.2262724502881856	14.369230769230768
ENSMUSG00000046709.19:B1	E:103206252-103206258	exon	103206252	103206258	3,4,5	random hexamer	EX_cortical	EX_cerebellum_granule	5	0.16772179280155183	0.22323376942180406	0.1772769674055397	14.369230769230768
ENSMUSG00000046709.19:B1	E:103247822-103247947	exon	103247822	103247947	3	poly(dT)	INH_midbrain	EX_cortical	5	0.1463699873046137	0.17239667693760782	0.10983416829506326	13.069230769230769
ENSMUSG00000046709.19:B1	E:103247822-103247947	exon	103247822	103247947	3	random hexamer	EX_cortical	EX_cerebellum_granule	5	0.295052231500744	-0.04809451476793248	0.04809451476793248	14.369230769230768
ENSMUSG00000046709.19:B1	E:103353691-103353806	exon	103353691	103353806	4,5	poly(dT)	EX_cortical	INH_midbrain	5	0.17547433727587078	0.09035158890302697	0.12455346684586634	13.069230769230769
ENSMUSG00000046709.19:B1	E:103353691-103353806	exon	103353691	103353806	4,5	random hexamer	EX_cerebellum_granule	EX_cortical	5	0.12733043869919217	0.14981872419064685	0.18786343375102538	14.369230769230768
ENSMUSG00000046709.19:B1	E:103358755-103359139	exon	103358755	103359139	4,5	poly(dT)	EX_cortical	INH_midbrain	5	0.17547433727587078	0.051452332384631885	0.110082775689245	13.069230769230769
ENSMUSG00000046709.19:B1	E:103358755-103359139	exon	103358755	103359139	4,5	random hexamer	EX_cerebellum_granule	EX_cortical	5	0.12733043869919217	0.4625527127911527	0.19644359194357955	14.369230769230768
ENSMUSG00000046709.19:B1	E:103359139-103359200	exon	103359139	103359200	5	poly(dT)	EX_cortical	INH_midbrain	5	0.16780362464594897	0.0	0.0	13.069230769230769
ENSMUSG00000046709.19:B1	E:103359139-103359200	exon	103359139	103359200	5	random hexamer	EX_cerebellum_granule	EX_cortical	5	0.1092641184024055	0.31292384564309267	0.1769717079745662	14.369230769230768
ENSMUSG00000046709.19:B1	J:103353806-103358755	junction	103353806	103358755	4,5	random hexamer	EX_cortical	INH_migrating_interneuron	3	0.1107854345608193	0.0	0.0	21.0
ENSMUSG00000046709.19:B2	E:103055815-103061193	exon	103055815	103061193	1,2	random hexamer	EX_cortical	EX_cerebellum_granule	5	0.21693796609564647	-0.0731029505688054	0.22058314261898576	15.572289156626507
ENSMUSG00000046709.19:B2	E:103073937-103074015	exon	103073937	103074015	1,2,3	random hexamer	EX_cortical	EX_cerebellum_granule	5	0.19518822125037907	0.05846655382107704	0.05846655382107703	15.572289156626507
ENSMUSG00000046709.19:B2	E:103076088-103076152	exon	103076088	103076152	1,2,3	random hexamer	EX_cortical	EX_cerebellum_granule	5	0.19518822125037907	-0.10138346354166669	0.10138346354166668	15.572289156626507
ENSMUSG00000046709.19:B2	E:103111332-103111457	exon	103111332	103111457	1,2,3	random hexamer	EX_cortical	EX_cerebellum_granule	5	0.19518822125037907	-0.14845791784521473	0.14575146296862296	15.572289156626507
ENSMUSG00000046709.19:B2	E:103114311-103114494	exon	103114311	103114494	1,2,3	random hexamer	EX_cortical	EX_cerebellum_granule	5	0.19518822125037907	-0.03883522849576097	0.04935358814705325	15.572289156626507
ENSMUSG00000046709.19:B2	E:103135068-103135140	exon	103135068	103135140	2,3	random hexamer	EX_cortical	EX_cerebellum_granule	5	0.18686891581160378	-0.03208981224397078	0.0871479820567794	15.572289156626507
ENSMUSG00000046709.19:B2	E:103135739-103137485	exon	103135739	103137485	4	random hexamer	EX_cerebellum_granule	EX_cortical	5	0.19518822125037905	0.45836917388355003	0.1333859689568438	15.572289156626507
ENSMUSG00000046709.19:B2	J:103061193-103073937	junction	103061193	103073937	1,2	random hexamer	EX_cortical	EX_cerebellum_granule	6	0.1724881508021491	0.11662326803631151	0.08315720266186492	118.0
ENSMUSG00000046709.19:B2	J:103074015-103076088	junction	103074015	103076088	1,2,3	random hexamer	EX_cortical	EX_cerebellum_granule	5	0.147113231020147	0.0	0.0	81.0
ENSMUSG00000046876.17:B1	E:46118433-46118452	exon	46118433	46118452	2	random hexamer	INH_migrating_interneuron	EX_cortical	5	0.06247457294705487	-0.20606998902382873	0.13269552286586433	18.090909090909093
ENSMUSG00000047193.17:B2	E:6928502-6929303	exon	6928502	6929303	1	poly(dT)	EX_cortical	INH_midbrain	4	0.19024733123656945	0.12896450764658318	0.13802555463015814	12.71875
ENSMUSG00000047193.17:B2	E:7045348-7045369	exon	7045348	7045369	2	poly(dT)	INH_midbrain	EX_cortical	4	0.19307815687227084	0.08432480728341918	0.10937055984203882	12.71875
ENSMUSG00000047417.19:B1	E:80382299-80382636	exon	80382299	80382636	1	random hexamer	EX_cortical	INH_migrating_interneuron	3	0.10831799592470596	-0.1355346778570747	0.25033827642906165	7.347560975609756
ENSMUSG00000047417.19:B1	E:80383606-80383820	exon	80383606	80383820	2	random hexamer	INH_migrating_interneuron	EX_cortical	3	0.10831799592470592	-0.02360144218023467	0.34229650930461863	7.347560975609756
ENSMUSG00000047417.19:B1	E:80384265-80384367	exon	80384265	80384367	2	random hexamer	INH_migrating_interneuron	EX_cortical	3	0.10831799592470592	-0.3333333333333333	0.33333333333333337	7.347560975609756
ENSMUSG00000047417.19:B1	E:80385166-80386899	exon	80385166	80386899	2	random hexamer	INH_migrating_interneuron	EX_cortical	3	0.10831799592470592	0.05299657679677413	0.27340771513743195	7.347560975609756
ENSMUSG00000047417.19:B1	E:80397097-80397394	exon	80397097	80397394	2	random hexamer	INH_migrating_interneuron	EX_cortical	3	0.10831799592470592	0.0613542835765058	0.0613542835765058	7.347560975609756
ENSMUSG00000047417.19:B2	E:80380707-80380728	exon	80380707	80380728	2	random hexamer	EX_cortical	INH_midbrain	3	0.08604956941361125	0.07187345878309323	0.07187345878309323	5.392119411431807
ENSMUSG00000048078.17:B1	E:95820452-95820700	exon	95820452	95820700	1	poly(dT)	EX_cortical	INH_medium_spiny	4	0.0531417388055844	0.03307266210492015	0.033072662104920145	13.571428571428573
ENSMUSG00000048078.17:B1	E:95820452-95820700	exon	95820452	95820700	1	random hexamer	INH_medium_spiny	INH_migrating_interneuron	5	0.1799903547151625	0.0386922406277245	0.0386922406277245	21.69642857142857
ENSMUSG00000048078.17:B1	E:95860877-95861197	exon	95860877	95861197	2	poly(dT)	INH_medium_spiny	EX_cortical	4	0.05314173880558429	0.008838551984677902	0.08221705092992299	13.571428571428573
ENSMUSG00000048078.17:B1	E:95860877-95861197	exon	95860877	95861197	2	random hexamer	INH_migrating_interneuron	INH_medium_spiny	5	0.17999035471516248	-0.18709181603356267	0.1741771514663571	21.69642857142857
ENSMUSG00000048078.17:B1	J:95820700-96004562	junction	95820700	96004562	1	random hexamer	INH_midbrain	INH_medium_spiny	3	0.07852119956128313	0.0	0.0	25.0
ENSMUSG00000048078.17:B1	J:95861197-96004562	junction	95861197	96004562	2	random hexamer	INH_medium_spiny	INH_midbrain	3	0.07852119956128312	-0.2079365079365079	0.10110251390028052	25.0
ENSMUSG00000048251.16:B1	E:107969673-107969861	exon	107969673	107969861	2	poly(dT)	EX_cerebellum_granule	INH_medium_spiny	4	0.15487505214783975	0.0	0.0	9.483282674772036
ENSMUSG00000048271.15:B1	E:28522174-28522199	exon	28522174	28522199	2	random hexamer	INH_midbrain	EX_cortical	3	0.10820921561708519	-0.27072959637068245	0.11342227081079062	7.215311004784689
ENSMUSG00000049044.17:B1	E:71811583-71811630	exon	71811583	71811630	1	poly(dT)	EX_cortical	EX_cerebellum_granule	4	0.46569552079333754	-0.13075712425692732	0.25187653274204197	11.671232876712327
ENSMUSG00000049044.17:B1	E:71811583-71811630	exon	71811583	71811630	1	random hexamer	INH_midbrain	EX_cerebellum_granule	5	0.5298272352071514	-0.04716819515417594	0.2485442567700643	17.493150684931507
ENSMUSG00000049044.17:B1	E:71811630-71811695	exon	71811630	71811695	1,2	poly(dT)	INH_midbrain	EX_cortical	5	0.1396147839325625	0.8	0.20000000000000004	12.534246575342465
ENSMUSG00000049044.17:B1	E:71811630-71811695	exon	71811630	71811695	1,2	random hexamer	INH_midbrain	INH_medium_spiny	7	0.1836413220567974	0.29161706809951593	0.26096140367776643	12.931506849315067
ENSMUSG00000049044.17:B1	E:71861376-71861519	exon	71861376	71861519	1,2	poly(dT)	INH_midbrain	EX_cortical	5	0.1396147839325625	0.30469991173874666	0.368021468986185	12.534246575342465
ENSMUSG00000049044.17:B1	E:71861376-71861519	exon	71861376	71861519	1,2	random hexamer	INH_midbrain	INH_medium_spiny	7	0.1836413220567974	0.4299299813951789	0.19221650532970777	12.931506849315067
ENSMUSG00000049044.17:B1	E:71864374-71864463	exon	71864374	71864463	1,2	poly(dT)	INH_midbrain	EX_cortical	5	0.1396147839325625	0.2324395037171764	0.19355406955781615	12.534246575342465
ENSMUSG00000049044.17:B1	E:71864374-71864463	exon	71864374	71864463	1,2	random hexamer	INH_midbrain	INH_medium_spiny	7	0.1836413220567974	0.44812454161148907	0.27557199461782295	12.931506849315067
ENSMUSG00000049044.17:B1	E:71875445-71875592	exon	71875445	71875592	1,2	poly(dT)	INH_midbrain	EX_cortical	5	0.1396147839325625	0.3233152317948906	0.09841046841764761	12.534246575342465
ENSMUSG00000049044.17:B1	E:71875445-71875592	exon	71875445	71875592	1,2	random hexamer	INH_midbrain	INH_medium_spiny	7	0.1836413220567974	0.11380693194218619	0.17041691907803602	12.931506849315067
ENSMUSG00000049044.17:B1	E:71884947-71885368	exon	71884947	71885368	3	poly(dT)	EX_cortical	INH_midbrain	5	0.1396147839325625	-0.19313598636613005	0.316673729512291	12.534246575342465
ENSMUSG00000049044.17:B1	E:71884947-71885368	exon	71884947	71885368	3	random hexamer	INH_medium_spiny	INH_midbrain	7	0.18364132205679745	-0.01162873773664407	0.039652937890713225	12.931506849315067
ENSMUSG00000049044.17:B1	J:71811695-71861376	junction	71811695	71861376	1,2	random hexamer	INH_migrating_interneuron	EX_cortical	3	0.1480508235113478	-0.015151515151515138	0.015151515151515138	25.0
ENSMUSG00000049044.17:B1	J:71861519-71864374	junction	71861519	71864374	1,2	random hexamer	EX_cerebellum_granule	EX_cortical	4	0.09752036082839677	0.0	0.0	44.0
ENSMUSG00000049044.17:B1	J:71864463-71875445	junction	71864463	71875445	1,2	random hexamer	EX_cerebellum_granule	EX_cortical	3	0.11823437854287444	0.0	0.0	37.0
ENSMUSG00000049044.17:B2	E:72004766-72004820	exon	72004766	72004820	2	poly(dT)	EX_cortical	EX_cerebellum_granule	3	0.46259907209730206	-0.0157772756110451	0.3995789128017794	8.476635514018692
ENSMUSG00000049044.17:B2	E:72004766-72004820	exon	72004766	72004820	2	random hexamer	EX_hippocampus_granule	EX_cerebellum_granule	4	0.5691756270936313	-0.14954310840324	0.25854956296643233	5.88107476635514
ENSMUSG00000049044.17:B2	J:71971516-72004766	junction	71971516	72004766	2	random hexamer	EX_cortical	EX_cerebellum_granule	4	0.3464039615803063	-0.08015331442750798	0.14109472838319898	34.0
ENSMUSG00000049044.17:B2	J:71971516-72005145	junction	71971516	72005145	1	random hexamer	EX_cerebellum_granule	EX_cortical	4	0.3464039615803063	-0.05901760595127305	0.17128283281330367	48.0
ENSMUSG00000049044.17:B2	J:72004820-72005145	junction	72004820	72005145	2	random hexamer	EX_cortical	EX_cerebellum_granule	4	0.3464039615803063	-0.018939393939393936	0.22241226986617213	30.0
ENSMUSG00000049583.16:B1	E:87233600-87233748	exon	87233600	87233748	2	random hexamer	INH_migrating_interneuron	EX_cortical	7	0.09631136500384375	0.12396823443420248	0.1114304079823285	22.387537993920972
ENSMUSG00000049583.16:B1	E:87245323-87245470	exon	87245323	87245470	2	random hexamer	INH_migrating_interneuron	EX_cortical	7	0.09631136500384375	0.2183447515687918	0.1425246195967272	22.387537993920972
ENSMUSG00000049583.16:B1	E:87251553-87251648	exon	87251553	87251648	2	random hexamer	INH_migrating_interneuron	EX_cortical	7	0.09631136500384375	0.058807037294791906	0.07561946792395607	22.387537993920972
ENSMUSG00000049583.16:B1	E:87251648-87251751	exon	87251648	87251751	2,3	random hexamer	INH_migrating_interneuron	EX_cortical	7	0.055545731677299245	-0.0768476695649541	0.08609624339475777	22.387537993920972
ENSMUSG00000049583.16:B1	J:87233748-87245323	junction	87233748	87245323	2	poly(dT)	INH_migrating_interneuron	EX_cortical	13	0.11670897321856488	0.0661954060611038	0.06316923714476795	190.0
ENSMUSG00000049583.16:B1	J:87233748-87245323	junction	87233748	87245323	2	random hexamer	INH_medium_spiny	INH_midbrain	3	0.26085838407056205	0.15287486975466513	0.09517656772358023	29.0
ENSMUSG00000049583.16:B1	J:87245470-87251553	junction	87245470	87251553	2	random hexamer	INH_medium_spiny	INH_midbrain	3	0.1524614870133177	0.013852813852813858	0.16959755016824177	21.0
ENSMUSG00000049583.16:B2	E:87765400-87765496	exon	87765400	87765496	2	random hexamer	EX_cortical	INH_medium_spiny	15	0.06481160355301312	0.08204524124396549	0.12700678339085844	62.579450972883706
ENSMUSG00000049583.16:B2	J:87724338-87779188	junction	87724338	87779188	1	random hexamer	INH_medium_spiny	INH_migrating_interneuron	3	0.13830536430656826	0.07341269841269839	0.04128700802913652	20.0
ENSMUSG00000049583.16:B2	J:87765496-87779188	junction	87765496	87779188	2	random hexamer	EX_cortical	INH_medium_spiny	4	0.12090876850354604	-0.01184752747252743	0.024004710411097648	49.0
ENSMUSG00000050334.14:B1	E:83869465-83869774	exon	83869465	83869774	1	random hexamer	INH_migrating_interneuron	EX_cortical	4	0.06772634004316633	0.2822690381719925	0.12505282862396516	9.861538461538462
ENSMUSG00000050334.14:B1	E:83875473-83875597	exon	83875473	83875597	2	poly(dT)	EX_cortical	INH_migrating_interneuron	6	0.08650901392077977	-0.052419354838709666	0.052419354838709666	21.707692307692305
ENSMUSG00000050334.14:B1	E:83875473-83875597	exon	83875473	83875597	2	random hexamer	EX_cortical	INH_migrating_interneuron	4	0.06312799023365692	0.0	0.0	9.861538461538462
ENSMUSG00000050334.14:B1	E:83877642-83878355	exon	83877642	83878355	3	poly(dT)	INH_migrating_interneuron	EX_cortical	6	0.1080911246186622	0.062289424461578737	0.04609197501660631	21.707692307692305
ENSMUSG00000050334.14:B1	E:83877642-83878355	exon	83877642	83878355	3	random hexamer	INH_migrating_interneuron	EX_cortical	4	0.09896315768087102	0.22156521040683086	0.11900303387719663	9.861538461538462
ENSMUSG00000050334.14:B1	E:83878355-83878433	exon	83878355	83878433	1,2,3	poly(dT)	EX_cortical	INH_medium_spiny	3	0.0689762991372237	0.15026155832225993	0.33164464420186124	14.3
ENSMUSG00000050334.14:B1	E:83878355-83878433	exon	83878355	83878433	1,2,3	random hexamer	INH_migrating_interneuron	EX_cortical	4	0.10356150749038043	0.0424127339397114	0.16353872101139752	9.861538461538462
ENSMUSG00000050334.14:B1	E:83880465-83880567	exon	83880465	83880567	4	poly(dT)	INH_medium_spiny	EX_cortical	3	0.06303918321029296	0.09461924304605566	0.09461924304605566	14.3
ENSMUSG00000050334.14:B1	E:83880465-83880567	exon	83880465	83880567	4	random hexamer	EX_cortical	INH_migrating_interneuron	4	0.13306188851676218	0.0792652405236971	0.3146379779909542	9.861538461538462
ENSMUSG00000050334.14:B1	E:83880567-83880673	exon	83880567	83880673	4,5	poly(dT)	INH_medium_spiny	EX_cortical	3	0.06897629913722374	0.0	0.0	14.3
ENSMUSG00000050334.14:B1	E:83880567-83880673	exon	83880567	83880673	4,5	random hexamer	EX_cortical	INH_migrating_interneuron	4	0.10356150749038037	-0.060503146613959904	0.21287319947674738	9.861538461538462
ENSMUSG00000050334.14:B1	E:83880673-83880821	exon	83880673	83880821	3,4,5	poly(dT)	INH_medium_spiny	EX_cortical	3	0.0850181253577117	0.15931185422710847	0.1593118542271085	14.3
ENSMUSG00000050334.14:B2	E:83880951-83882779	exon	83880951	83882779	2	poly(dT)	EX_cortical	INH_migrating_interneuron	7	0.07149574935525335	0.3390123697866934	0.14744014043323359	21.103177257525086
ENSMUSG00000050334.14:B2	E:83880951-83882779	exon	83880951	83882779	2	random hexamer	EX_cortical	INH_migrating_interneuron	4	0.0789557671740791	0.0837414117528553	0.005008823548944318	7.191304347826087
ENSMUSG00000050334.14:B3	E:83886288-83889424	exon	83886288	83889424	2,3	random hexamer	EX_cortical	INH_migrating_interneuron	4	0.08106199200208805	-0.0308931762776002	0.12728964274795113	7.282608695652174
ENSMUSG00000050334.14:B3	E:83889424-83889427	exon	83889424	83889427	3	poly(dT)	INH_medium_spiny	EX_cortical	3	0.0655218879941607	0.26254033668986426	0.13988203464517354	8.369565217391305
ENSMUSG00000050334.14:B3	E:83889424-83889427	exon	83889424	83889427	3	random hexamer	EX_cortical	INH_migrating_interneuron	4	0.15399750500986661	0.13779284505121556	0.18602703554726724	7.282608695652174
ENSMUSG00000050334.14:B3	E:83941888-83941977	exon	83941888	83941977	4	random hexamer	INH_migrating_interneuron	EX_cortical	4	0.06307051251698303	0.0	0.0	7.282608695652174
ENSMUSG00000050334.14:B3	E:83946215-83946323	exon	83946215	83946323	4	random hexamer	INH_migrating_interneuron	EX_cortical	4	0.06307051251698303	0.0	0.0	7.282608695652174
ENSMUSG00000050334.14:B3	E:84020774-84020880	exon	84020774	84020880	4	random hexamer	INH_migrating_interneuron	EX_cortical	4	0.06307051251698303	-0.13259958071278827	0.1706894402230843	7.282608695652174
ENSMUSG00000050334.14:B3	E:84021140-84023241	exon	84021140	84023241	4	random hexamer	INH_migrating_interneuron	EX_cortical	4	0.06307051251698303	0.11760292597924527	0.05354704303031596	7.282608695652174
ENSMUSG00000050556.10:B1	E:167030708-167030738	exon	167030708	167030738	1	poly(dT)	INH_medium_spiny	EX_cortical	3	0.1207873106936503	0.0	0.0	4.706284153005464
ENSMUSG00000050556.10:B1	E:167030708-167030738	exon	167030708	167030738	1	random hexamer	INH_midbrain	EX_cortical	3	0.06783600605849194	0.4253162436122979	0.2981794707915201	8.73087431693989
ENSMUSG00000050556.10:B1	E:167031740-167032075	exon	167031740	167032075	2	poly(dT)	EX_cortical	INH_medium_spiny	3	0.1207873106936503	0.02969860179226193	0.029698601792261938	4.706284153005464
ENSMUSG00000050556.10:B1	E:167031740-167032075	exon	167031740	167032075	2	random hexamer	EX_cortical	INH_midbrain	3	0.06783600605849203	-0.12963927368164999	0.02977306071397207	8.73087431693989
ENSMUSG00000050812.19:B2	E:58798910-58800320	exon	58798910	58800320	1	poly(dT)	EX_hippocampus_granule	EX_cortical	5	0.14840580723708124	0.19942282964887806	0.07596356979086756	23.266666666666666
ENSMUSG00000050812.19:B2	E:58798910-58800320	exon	58798910	58800320	1	random hexamer	INH_midbrain	EX_cortical	5	0.059710885971328696	0.1558408542163191	0.08936304439643558	11.583333333333332
ENSMUSG00000050812.19:B2	E:58801732-58801804	exon	58801732	58801804	1	poly(dT)	EX_hippocampus_granule	EX_cortical	5	0.14840580723708124	0.33221054413152235	0.08311329216232974	23.266666666666666
ENSMUSG00000050812.19:B2	E:58801732-58801804	exon	58801732	58801804	1	random hexamer	INH_midbrain	EX_cortical	5	0.059710885971328696	-0.15723156539524447	0.1837779475978115	11.583333333333332
ENSMUSG00000050812.19:B2	E:58803669-58803758	exon	58803669	58803758	1	poly(dT)	EX_hippocampus_granule	EX_cortical	5	0.14840580723708124	0.05693955580527341	0.044628711648579275	23.266666666666666
ENSMUSG00000050812.19:B2	E:58803669-58803758	exon	58803669	58803758	1	random hexamer	INH_midbrain	EX_cortical	5	0.059710885971328696	-0.2060870470054535	0.1851697441989936	11.583333333333332
ENSMUSG00000050812.19:B2	E:58805540-58805646	exon	58805540	58805646	1	poly(dT)	EX_hippocampus_granule	EX_cortical	5	0.14840580723708124	0.09067980393396904	0.12622409963877199	23.266666666666666
ENSMUSG00000050812.19:B2	E:58805540-58805646	exon	58805540	58805646	1	random hexamer	INH_midbrain	EX_cortical	5	0.059710885971328696	0.18552690032945063	0.09634192180251078	11.583333333333332
ENSMUSG00000050812.19:B2	E:58807750-58807889	exon	58807750	58807889	1	poly(dT)	EX_hippocampus_granule	EX_cortical	5	0.14840580723708124	0.020839766422848405	0.19346729463102919	23.266666666666666
ENSMUSG00000050812.19:B2	E:58807750-58807889	exon	58807750	58807889	1	random hexamer	INH_midbrain	EX_cortical	5	0.059710885971328696	0.23002438976392262	0.24870315197405687	11.583333333333332
ENSMUSG00000050812.19:B2	E:58809395-58809588	exon	58809395	58809588	1	poly(dT)	EX_hippocampus_granule	EX_cortical	5	0.14840580723708124	0.3036832408149378	0.20033385875831963	23.266666666666666
ENSMUSG00000050812.19:B2	E:58809395-58809588	exon	58809395	58809588	1	random hexamer	INH_midbrain	EX_cortical	5	0.059710885971328696	0.22786254696992483	0.18984118355567955	11.583333333333332
ENSMUSG00000050812.19:B2	E:58809681-58809725	exon	58809681	58809725	1	poly(dT)	EX_hippocampus_granule	EX_cortical	5	0.14840580723708124	0.01372753569135574	0.05849376344531728	23.266666666666666
ENSMUSG00000050812.19:B2	E:58809681-58809725	exon	58809681	58809725	1	random hexamer	INH_midbrain	EX_cortical	5	0.059710885971328696	-0.03862886093657325	0.09001706344351622	11.583333333333332
ENSMUSG00000050812.19:B2	E:58810615-58810824	exon	58810615	58810824	1	poly(dT)	EX_hippocampus_granule	EX_cortical	5	0.14840580723708124	0.1274783719479653	0.10011277598533136	23.266666666666666
ENSMUSG00000050812.19:B2	E:58810615-58810824	exon	58810615	58810824	1	random hexamer	INH_midbrain	EX_cortical	5	0.059710885971328696	0.3215348825396656	0.13455868768678594	11.583333333333332
ENSMUSG00000050812.19:B2	E:58811370-58811562	exon	58811370	58811562	1	poly(dT)	EX_hippocampus_granule	EX_cortical	5	0.14840580723708124	0.11472121367195949	0.23498182229767958	23.266666666666666
ENSMUSG00000050812.19:B2	E:58811370-58811562	exon	58811370	58811562	1	random hexamer	INH_midbrain	EX_cortical	5	0.059710885971328696	0.30222806485595755	0.19632556076956215	11.583333333333332
ENSMUSG00000050812.19:B2	E:58811708-58811775	exon	58811708	58811775	1	poly(dT)	EX_hippocampus_granule	EX_cortical	5	0.14840580723708124	0.1470786313607976	0.13210315132837552	23.266666666666666
ENSMUSG00000050812.19:B2	E:58811708-58811775	exon	58811708	58811775	1	random hexamer	INH_midbrain	EX_cortical	5	0.059710885971328696	0.36637807984610765	0.2116922528470924	11.583333333333332
ENSMUSG00000050812.19:B2	E:58811851-58811943	exon	58811851	58811943	1	poly(dT)	EX_hippocampus_granule	EX_cortical	5	0.14840580723708124	0.024626507509588558	0.05757734928394107	23.266666666666666
ENSMUSG00000050812.19:B2	E:58811851-58811943	exon	58811851	58811943	1	random hexamer	INH_midbrain	EX_cortical	5	0.059710885971328696	0.21665803738765005	0.1891536425758695	11.583333333333332
ENSMUSG00000050812.19:B2	E:58812643-58812710	exon	58812643	58812710	1	poly(dT)	EX_hippocampus_granule	EX_cortical	5	0.14840580723708124	0.00274085722066536	0.0027408572206653594	23.266666666666666
ENSMUSG00000050812.19:B2	E:58812643-58812710	exon	58812643	58812710	1	random hexamer	INH_midbrain	EX_cortical	5	0.059710885971328696	-0.20875691240218236	0.15365027966906833	11.583333333333332
ENSMUSG00000050812.19:B2	E:58813991-58814081	exon	58813991	58814081	1	poly(dT)	EX_hippocampus_granule	EX_cortical	5	0.14840580723708124	0.0	0.0	23.266666666666666
ENSMUSG00000050812.19:B2	E:58813991-58814081	exon	58813991	58814081	1	random hexamer	INH_midbrain	EX_cortical	5	0.059710885971328696	0.08261244034851246	0.05058966419490408	11.583333333333332
ENSMUSG00000050812.19:B2	E:58815258-58815324	exon	58815258	58815324	1	poly(dT)	EX_hippocampus_granule	EX_cortical	5	0.14840580723708124	0.02460302613860858	0.013894386733782547	23.266666666666666
ENSMUSG00000050812.19:B2	E:58815258-58815324	exon	58815258	58815324	1	random hexamer	INH_midbrain	EX_cortical	5	0.059710885971328696	0.2001686785991666	0.21036405083925966	11.583333333333332
ENSMUSG00000050812.19:B2	E:58817399-58817550	exon	58817399	58817550	1	poly(dT)	EX_hippocampus_granule	EX_cortical	5	0.14840580723708124	0.28979216353521126	0.152771862422331	23.266666666666666
ENSMUSG00000050812.19:B2	E:58817399-58817550	exon	58817399	58817550	1	random hexamer	INH_midbrain	EX_cortical	5	0.059710885971328696	0.4174305863949767	0.12716487764889872	11.583333333333332
ENSMUSG00000050812.19:B2	E:58819142-58819264	exon	58819142	58819264	1	poly(dT)	EX_hippocampus_granule	EX_cortical	5	0.14840580723708124	0.20408932704185917	0.13782270144110206	23.266666666666666
ENSMUSG00000050812.19:B2	E:58819142-58819264	exon	58819142	58819264	1	random hexamer	INH_midbrain	EX_cortical	5	0.059710885971328696	0.6560545070188585	0.19245886315688598	11.583333333333332
ENSMUSG00000050812.19:B2	E:58820127-58820175	exon	58820127	58820175	1	poly(dT)	EX_hippocampus_granule	EX_cortical	5	0.14840580723708124	0.01688102893890674	0.01688102893890674	23.266666666666666
ENSMUSG00000050812.19:B2	E:58820127-58820175	exon	58820127	58820175	1	random hexamer	INH_midbrain	EX_cortical	5	0.059710885971328696	0.23576957771297907	0.19413621306266432	11.583333333333332
ENSMUSG00000050812.19:B2	E:58821362-58821468	exon	58821362	58821468	1	poly(dT)	EX_hippocampus_granule	EX_cortical	5	0.14840580723708124	0.01185419342092264	0.011854193420922638	23.266666666666666
ENSMUSG00000050812.19:B2	E:58821362-58821468	exon	58821362	58821468	1	random hexamer	INH_midbrain	EX_cortical	5	0.059710885971328696	0.1412143810846303	0.19990091135993818	11.583333333333332
ENSMUSG00000050812.19:B2	E:58822035-58822115	exon	58822035	58822115	1	poly(dT)	EX_hippocampus_granule	EX_cortical	5	0.14840580723708124	0.0	0.0	23.266666666666666
ENSMUSG00000050812.19:B2	E:58822035-58822115	exon	58822035	58822115	1	random hexamer	INH_midbrain	EX_cortical	5	0.059710885971328696	0.07795019346239761	0.18457896487196826	11.583333333333332
ENSMUSG00000050812.19:B2	E:58824165-58824333	exon	58824165	58824333	1	poly(dT)	EX_hippocampus_granule	EX_cortical	5	0.14840580723708124	0.0003937627972909	0.0003937627972909	23.266666666666666
ENSMUSG00000050812.19:B2	E:58824165-58824333	exon	58824165	58824333	1	random hexamer	INH_midbrain	EX_cortical	5	0.059710885971328696	0.28854056308815823	0.2188718386998261	11.583333333333332
ENSMUSG00000050812.19:B2	E:58824697-58824815	exon	58824697	58824815	1	poly(dT)	EX_hippocampus_granule	EX_cortical	5	0.14840580723708124	0.01323042998897464	0.01323042998897464	23.266666666666666
ENSMUSG00000050812.19:B2	E:58824697-58824815	exon	58824697	58824815	1	random hexamer	INH_midbrain	EX_cortical	5	0.059710885971328696	0.07966834941539826	0.12250775020478392	11.583333333333332
ENSMUSG00000050812.19:B2	E:58826401-58826470	exon	58826401	58826470	1	poly(dT)	EX_hippocampus_granule	EX_cortical	5	0.14840580723708124	0.0709106627471157	0.18066280894733483	23.266666666666666
ENSMUSG00000050812.19:B2	E:58826401-58826470	exon	58826401	58826470	1	random hexamer	INH_midbrain	EX_cortical	5	0.059710885971328696	0.3079200292195611	0.30764029201542387	11.583333333333332
ENSMUSG00000050812.19:B2	E:58827036-58827151	exon	58827036	58827151	1	poly(dT)	EX_hippocampus_granule	EX_cortical	5	0.14840580723708124	0.16391535535227914	0.0929940996121958	23.266666666666666
ENSMUSG00000050812.19:B2	E:58827036-58827151	exon	58827036	58827151	1	random hexamer	INH_midbrain	EX_cortical	5	0.059710885971328696	0.24027321879347924	0.17447995227208343	11.583333333333332
ENSMUSG00000050812.19:B2	E:58828007-58828062	exon	58828007	58828062	1	poly(dT)	EX_hippocampus_granule	EX_cortical	5	0.14840580723708124	0.03603245380910288	0.048493681271261135	23.266666666666666
ENSMUSG00000050812.19:B2	E:58828007-58828062	exon	58828007	58828062	1	random hexamer	INH_midbrain	EX_cortical	5	0.059710885971328696	0.17124715798914236	0.22954057199572972	11.583333333333332
ENSMUSG00000050812.19:B2	E:58828506-58828652	exon	58828506	58828652	1	poly(dT)	EX_hippocampus_granule	EX_cortical	5	0.14840580723708124	0.02745894752415401	0.08495252912611889	23.266666666666666
ENSMUSG00000050812.19:B2	E:58828506-58828652	exon	58828506	58828652	1	random hexamer	INH_midbrain	EX_cortical	5	0.059710885971328696	-0.2156031599022667	0.18928934001922815	11.583333333333332
ENSMUSG00000050812.19:B2	E:58830333-58830457	exon	58830333	58830457	1	poly(dT)	EX_hippocampus_granule	EX_cortical	5	0.14840580723708124	0.01197172243608588	0.018057250596671133	23.266666666666666
ENSMUSG00000050812.19:B2	E:58830333-58830457	exon	58830333	58830457	1	random hexamer	INH_midbrain	EX_cortical	5	0.059710885971328696	-0.1534416123205998	0.23288145929580356	11.583333333333332
ENSMUSG00000050812.19:B2	E:58832703-58832805	exon	58832703	58832805	1	poly(dT)	EX_hippocampus_granule	EX_cortical	5	0.14840580723708124	0.04999669042320356	0.03243796216076221	23.266666666666666
ENSMUSG00000050812.19:B2	E:58832703-58832805	exon	58832703	58832805	1	random hexamer	INH_midbrain	EX_cortical	5	0.059710885971328696	0.2449530862651303	0.10840699572438119	11.583333333333332
ENSMUSG00000050812.19:B2	E:58833925-58834098	exon	58833925	58834098	1	poly(dT)	EX_hippocampus_granule	EX_cortical	5	0.14840580723708124	0.24458780831248764	0.09170213443934803	23.266666666666666
ENSMUSG00000050812.19:B2	E:58833925-58834098	exon	58833925	58834098	1	random hexamer	INH_midbrain	EX_cortical	5	0.059710885971328696	0.1790163993788609	0.17561033241082483	11.583333333333332
ENSMUSG00000050812.19:B2	E:58834496-58834659	exon	58834496	58834659	1	poly(dT)	EX_hippocampus_granule	EX_cortical	5	0.14840580723708124	0.12186020323864229	0.03183436528205011	23.266666666666666
ENSMUSG00000050812.19:B2	E:58834496-58834659	exon	58834496	58834659	1	random hexamer	INH_midbrain	EX_cortical	5	0.059710885971328696	0.38554855183534514	0.1890631189121125	11.583333333333332
ENSMUSG00000050812.19:B2	E:58836121-58836256	exon	58836121	58836256	1	poly(dT)	EX_hippocampus_granule	EX_cortical	5	0.14840580723708124	-0.11239872248424368	0.17630976505218046	23.266666666666666
ENSMUSG00000050812.19:B2	E:58836121-58836256	exon	58836121	58836256	1	random hexamer	INH_midbrain	EX_cortical	5	0.059710885971328696	0.17533107925653113	0.31946222201901114	11.583333333333332
ENSMUSG00000050812.19:B2	E:58840674-58840766	exon	58840674	58840766	1	poly(dT)	EX_hippocampus_granule	EX_cortical	5	0.14840580723708124	-0.23967605332241115	0.17195284218651954	23.266666666666666
ENSMUSG00000050812.19:B2	E:58840674-58840766	exon	58840674	58840766	1	random hexamer	INH_midbrain	EX_cortical	5	0.059710885971328696	0.3009245513252464	0.14188523769313816	11.583333333333332
ENSMUSG00000050812.19:B2	E:58841382-58841605	exon	58841382	58841605	1	poly(dT)	EX_hippocampus_granule	EX_cortical	5	0.14840580723708124	-0.0009874531415195648	0.18962377813449405	23.266666666666666
ENSMUSG00000050812.19:B2	E:58841382-58841605	exon	58841382	58841605	1	random hexamer	INH_midbrain	EX_cortical	5	0.059710885971328696	0.10338526760789153	0.2244432077471434	11.583333333333332
ENSMUSG00000050812.19:B2	E:58842567-58842648	exon	58842567	58842648	1	poly(dT)	EX_hippocampus_granule	EX_cortical	5	0.14840580723708124	0.03509718185323597	0.04437910480113994	23.266666666666666
ENSMUSG00000050812.19:B2	E:58842567-58842648	exon	58842567	58842648	1	random hexamer	INH_midbrain	EX_cortical	5	0.059710885971328696	0.2969800437957535	0.19105514185411623	11.583333333333332
ENSMUSG00000050812.19:B2	E:58844078-58844202	exon	58844078	58844202	1	poly(dT)	EX_hippocampus_granule	EX_cortical	5	0.14840580723708124	0.18759076525986967	0.1967432233579958	23.266666666666666
ENSMUSG00000050812.19:B2	E:58844078-58844202	exon	58844078	58844202	1	random hexamer	INH_midbrain	EX_cortical	5	0.059710885971328696	0.12988235304714987	0.21112101837200364	11.583333333333332
ENSMUSG00000050812.19:B2	E:58846998-58847102	exon	58846998	58847102	1	poly(dT)	EX_hippocampus_granule	EX_cortical	5	0.14840580723708124	-0.0810521083750663	0.08994182639187308	23.266666666666666
ENSMUSG00000050812.19:B2	E:58846998-58847102	exon	58846998	58847102	1	random hexamer	INH_midbrain	EX_cortical	5	0.059710885971328696	0.1270781949829454	0.12520967689104798	11.583333333333332
ENSMUSG00000050812.19:B2	E:58849679-58849802	exon	58849679	58849802	1	poly(dT)	EX_hippocampus_granule	EX_cortical	5	0.14840580723708124	0.00856858126958986	0.031202758130208532	23.266666666666666
ENSMUSG00000050812.19:B2	E:58849679-58849802	exon	58849679	58849802	1	random hexamer	INH_midbrain	EX_cortical	5	0.059710885971328696	-0.0808776876177123	0.1775134620396011	11.583333333333332
ENSMUSG00000050812.19:B2	E:58849886-58849953	exon	58849886	58849953	1	poly(dT)	EX_hippocampus_granule	EX_cortical	5	0.14840580723708124	0.042105263157894715	0.042105263157894715	23.266666666666666
ENSMUSG00000050812.19:B2	E:58849886-58849953	exon	58849886	58849953	1	random hexamer	INH_midbrain	EX_cortical	5	0.059710885971328696	-0.055159351445994376	0.29887374984989434	11.583333333333332
ENSMUSG00000050812.19:B2	E:58850903-58850953	exon	58850903	58850953	1	poly(dT)	EX_hippocampus_granule	EX_cortical	5	0.14840580723708124	0.01684210526315788	0.01684210526315788	23.266666666666666
ENSMUSG00000050812.19:B2	E:58850903-58850953	exon	58850903	58850953	1	random hexamer	INH_midbrain	EX_cortical	5	0.059710885971328696	0.03213891728179869	0.2793188125630807	11.583333333333332
ENSMUSG00000050812.19:B2	E:58853115-58853194	exon	58853115	58853194	1	poly(dT)	EX_hippocampus_granule	EX_cortical	5	0.14840580723708124	-0.02551629604279416	0.017011985602680454	23.266666666666666
ENSMUSG00000050812.19:B2	E:58853115-58853194	exon	58853115	58853194	1	random hexamer	INH_midbrain	EX_cortical	5	0.059710885971328696	0.05788744107241204	0.08126221681000846	11.583333333333332
ENSMUSG00000050812.19:B2	E:58853650-58853736	exon	58853650	58853736	1	poly(dT)	EX_hippocampus_granule	EX_cortical	5	0.14840580723708124	0.0657625784139392	0.036836029467748985	23.266666666666666
ENSMUSG00000050812.19:B2	E:58853650-58853736	exon	58853650	58853736	1	random hexamer	INH_midbrain	EX_cortical	5	0.059710885971328696	0.19464987430322012	0.2546527026288752	11.583333333333332
ENSMUSG00000050812.19:B2	E:58860795-58860968	exon	58860795	58860968	2	poly(dT)	EX_cortical	EX_hippocampus_granule	5	0.1484058072370813	-0.0087096455922729	0.0087096455922729	23.266666666666666
ENSMUSG00000050812.19:B2	E:58860795-58860968	exon	58860795	58860968	2	random hexamer	EX_cortical	INH_midbrain	5	0.05971088597132872	0.04623300672520163	0.10463365087212641	11.583333333333332
ENSMUSG00000050812.19:B2	J:58807889-58809395	junction	58807889	58809395	1	poly(dT)	INH_medium_spiny	EX_cortical	3	0.0522731165980348	0.0	0.0	18.0
ENSMUSG00000050812.19:B2	J:58826470-58827036	junction	58826470	58827036	1	poly(dT)	INH_midbrain	EX_cortical	3	0.09032104343221288	0.0	0.0	26.0
ENSMUSG00000051177.17:B1	E:134628078-134628449	exon	134628078	134628449	2	random hexamer	INH_migrating_interneuron	INH_medium_spiny	4	0.15196422817621397	-0.08004827553889296	0.14779650468923997	18.823529411764707
ENSMUSG00000051586.18:B2	E:120943014-120943077	exon	120943014	120943077	1	random hexamer	INH_migrating_interneuron	INH_medium_spiny	5	0.06971723253921693	-0.216017130620985	0.19660832996399513	16.636363636363637
ENSMUSG00000051586.18:B2	E:120946315-120946453	exon	120946315	120946453	2	random hexamer	INH_medium_spiny	INH_migrating_interneuron	5	0.08101791367588572	-0.07145837700632163	0.19775463392365913	16.636363636363637
ENSMUSG00000051674.16:B1	E:73638342-73638437	exon	73638342	73638437	1	poly(dT)	INH_medium_spiny	INH_migrating_interneuron	4	0.12425350194869762	0.0	0.0	15.338028169014084
ENSMUSG00000051674.16:B1	E:73638342-73638437	exon	73638342	73638437	1	random hexamer	EX_cortical	INH_midbrain	7	0.16396221733933034	0.0	0.0	29.98591549295775
ENSMUSG00000051674.16:B1	E:73638550-73638611	exon	73638550	73638611	1	poly(dT)	INH_medium_spiny	INH_migrating_interneuron	4	0.12425350194869762	0.0	0.0	15.338028169014084
ENSMUSG00000051674.16:B1	E:73638550-73638611	exon	73638550	73638611	1	random hexamer	EX_cortical	INH_midbrain	7	0.16396221733933034	0.0	0.0	29.98591549295775
ENSMUSG00000051674.16:B1	E:73648375-73648534	exon	73648375	73648534	2	poly(dT)	INH_migrating_interneuron	INH_medium_spiny	4	0.12425350194869761	0.20383709388609683	0.27374223394325764	15.338028169014084
ENSMUSG00000051674.16:B1	E:73648375-73648534	exon	73648375	73648534	2	random hexamer	INH_midbrain	EX_cortical	7	0.16396221733933034	0.1453167843866971	0.18216591809052812	29.98591549295775
ENSMUSG00000051674.16:B1	J:73638611-73668228	junction	73638611	73668228	1	random hexamer	EX_cortical	INH_midbrain	3	0.2763311149300438	0.0	0.0	22.0
ENSMUSG00000051674.16:B1	J:73648534-73668228	junction	73648534	73668228	2	random hexamer	INH_midbrain	EX_cortical	3	0.27633111493004386	0.27086834733893556	0.16562393015499363	22.0
ENSMUSG00000051790.16:B1	E:69725503-69725675	exon	69725503	69725675	1	random hexamer	INH_medium_spiny	EX_cerebellum_granule	3	0.1586194234829618	-0.32958572729470065	0.1688246252670146	14.830459770114942
ENSMUSG00000051790.16:B1	E:69727873-69728610	exon	69727873	69728610	2	random hexamer	EX_cerebellum_granule	INH_medium_spiny	3	0.15861942348296185	-0.007132676978824516	0.08357891540837009	14.830459770114942
ENSMUSG00000052512.18:B1	E:48608844-48608925	exon	48608844	48608925	1	poly(dT)	ASC	INH_migrating_interneuron	3	0.11145278160521989	0.0	0.0	6.8559322033898304
ENSMUSG00000052512.18:B1	E:48608844-48608925	exon	48608844	48608925	1	random hexamer	ASC	INH_migrating_interneuron	3	0.1345624953763187	0.15917900380786504	0.15917900380786507	3.7627118644067794
ENSMUSG00000052512.18:B1	E:48613545-48614188	exon	48613545	48614188	1	poly(dT)	ASC	INH_migrating_interneuron	3	0.11145278160521989	0.02073853469068533	0.010992802178342911	6.8559322033898304
ENSMUSG00000052512.18:B1	E:48613545-48614188	exon	48613545	48614188	1	random hexamer	ASC	INH_migrating_interneuron	3	0.1345624953763187	-0.04084835854724125	0.3327455750086919	3.7627118644067794
ENSMUSG00000052512.18:B1	E:48895936-48896946	exon	48895936	48896946	2	poly(dT)	INH_migrating_interneuron	ASC	3	0.11145278160521992	-0.10013543883269434	0.24731012659526577	6.8559322033898304
ENSMUSG00000052512.18:B1	E:48895936-48896946	exon	48895936	48896946	2	random hexamer	INH_migrating_interneuron	ASC	3	0.13456249537631873	-0.08208087523899758	0.4542312721514544	3.7627118644067794
ENSMUSG00000052512.18:B1	J:48614188-49011845	junction	48614188	49011845	1	poly(dT)	EX_cortical	INH_migrating_interneuron	3	0.16077408605165064	0.1027167277167277	0.05403210639587123	26.0
ENSMUSG00000052512.18:B1	J:48896946-49011845	junction	48896946	49011845	2	poly(dT)	INH_migrating_interneuron	EX_cortical	3	0.1607740860516507	0.10271672771672773	0.054032106395871235	26.0
ENSMUSG00000052572.20:B1	E:90739913-90739935	exon	90739913	90739935	1	random hexamer	EX_cerebellum_granule	EX_cortical	4	0.2743416452098638	-0.01714322514529401	0.20598158395653363	22.57961783439491
ENSMUSG00000052572.20:B1	E:90739935-90740256	exon	90739935	90740256	1,2	random hexamer	EX_cerebellum_granule	EX_cortical	4	0.2659708895341802	0.03486056990040044	0.0943229158580183	22.57961783439491
ENSMUSG00000052572.20:B1	E:91098961-91099123	exon	91098961	91099123	1,2	random hexamer	EX_cerebellum_granule	EX_cortical	4	0.2659708895341802	0.09910476856843806	0.1215991518862568	22.57961783439491
ENSMUSG00000052572.20:B1	E:91360627-91361006	exon	91360627	91361006	3	random hexamer	EX_cortical	INH_midbrain	3	0.12962990742114963	-0.14451529075374983	0.12635976604550217	15.796178343949046
ENSMUSG00000052572.20:B1	E:91382298-91382352	exon	91382298	91382352	1,2	random hexamer	EX_cerebellum_granule	EX_cortical	4	0.2659708895341802	0.03439984727957135	0.18254009255044393	22.57961783439491
ENSMUSG00000052572.20:B1	E:91459686-91459737	exon	91459686	91459737	1,2,3	random hexamer	EX_cerebellum_granule	EX_cortical	4	0.1710314549506378	0.060136781719409144	0.23294540033556124	22.57961783439491
ENSMUSG00000052572.20:B1	E:91521583-91521708	exon	91521583	91521708	1,2,3	random hexamer	EX_cerebellum_granule	EX_cortical	4	0.1710314549506378	0.23954442648213076	0.19786788846128203	22.57961783439491
ENSMUSG00000052572.20:B1	E:91549942-91550112	exon	91549942	91550112	1,2,3	random hexamer	EX_cerebellum_granule	EX_cortical	4	0.1710314549506378	0.2304686182951576	0.14521423266666786	22.57961783439491
ENSMUSG00000052572.20:B1	E:91589206-91589343	exon	91589206	91589343	1,2,3	random hexamer	EX_cerebellum_granule	EX_cortical	4	0.1710314549506378	0.21899967058123304	0.1223854490657891	22.57961783439491
ENSMUSG00000052572.20:B1	E:91614803-91614948	exon	91614803	91614948	1,2,3	random hexamer	EX_cerebellum_granule	EX_cortical	4	0.1710314549506378	0.2979781003614123	0.12636082500458956	22.57961783439491
ENSMUSG00000052572.20:B1	E:91617325-91617464	exon	91617325	91617464	1,2,3	random hexamer	EX_cerebellum_granule	EX_cortical	4	0.1710314549506378	0.029244739736494607	0.14220104137633807	22.57961783439491
ENSMUSG00000052572.20:B1	E:91646373-91646529	exon	91646373	91646529	1,2	random hexamer	EX_cerebellum_granule	EX_cortical	4	0.2659708895341802	-0.08194161116859736	0.0767272760353403	22.57961783439491
ENSMUSG00000052572.20:B1	E:91690005-91690074	exon	91690005	91690074	1,2,3	random hexamer	EX_cerebellum_granule	EX_cortical	4	0.1710314549506378	0.24002031025155637	0.16644737180399782	22.57961783439491
ENSMUSG00000052572.20:B1	E:91711601-91711667	exon	91711601	91711667	4	random hexamer	EX_cortical	EX_cerebellum_granule	4	0.17103145495063776	-0.026430976430976427	0.026430976430976427	22.57961783439491
ENSMUSG00000052572.20:B1	E:91715464-91715614	exon	91715464	91715614	4	random hexamer	EX_cortical	EX_cerebellum_granule	4	0.17103145495063776	-0.07436339296580258	0.045279096224124654	22.57961783439491
ENSMUSG00000052572.20:B1	J:91099123-91382298	junction	91099123	91382298	1,2	random hexamer	INH_medium_spiny	EX_cortical	3	0.10153380088369564	0.2996031746031746	0.0666678476841724	17.0
ENSMUSG00000052572.20:B1	J:91361006-91459686	junction	91361006	91459686	3	poly(dT)	INH_medium_spiny	EX_cortical	3	0.15662841409427464	0.0	0.0	22.0
ENSMUSG00000052572.20:B1	J:91589343-91614803	junction	91589343	91614803	1,2,3	random hexamer	EX_cerebellum_granule	EX_cortical	3	0.16723697065747242	0.0	0.0	31.0
ENSMUSG00000052572.20:B1	J:91617464-91646373	junction	91617464	91646373	1,2	random hexamer	EX_cerebellum_granule	EX_cortical	4	0.2659708895341802	0.0	0.0	38.0
ENSMUSG00000052572.20:B1	J:91617464-91690005	junction	91617464	91690005	3	random hexamer	EX_cortical	INH_midbrain	3	0.12962990742114963	0.0698412698412698	0.041269841269841255	37.0
ENSMUSG00000052572.20:B2	E:92066431-92066531	exon	92066431	92066531	1,2	poly(dT)	INH_migrating_interneuron	INH_medium_spiny	4	0.0934444786315558	0.15292818019037366	0.15581893851004605	20.947110423116616
ENSMUSG00000052572.20:B2	E:92066431-92066531	exon	92066431	92066531	1,2	random hexamer	EX_cortical	INH_midbrain	3	0.16671875951893267	0.3048878470659914	0.3338616213859789	6.275928792569659
ENSMUSG00000052572.20:B2	E:92067295-92067341	exon	92067295	92067341	3	poly(dT)	INH_medium_spiny	INH_migrating_interneuron	4	0.09344447863155586	-0.04188497172551689	0.26987954050234464	20.947110423116616
ENSMUSG00000052572.20:B2	E:92067295-92067341	exon	92067295	92067341	3	random hexamer	INH_midbrain	EX_cortical	3	0.1667187595189327	0.15598043032928618	0.10045744346781728	6.275928792569659
ENSMUSG00000052572.20:B2	E:92069839-92069881	exon	92069839	92069881	2	poly(dT)	INH_migrating_interneuron	INH_medium_spiny	4	0.07567776714232502	-0.008048208751253024	0.008048208751253024	20.947110423116616
ENSMUSG00000052572.20:B2	E:92069839-92069881	exon	92069839	92069881	2	random hexamer	INH_medium_spiny	EX_cerebellum_granule	3	0.1452648329423338	0.0	0.0	12.03031475748194
ENSMUSG00000052572.20:B2	J:92036198-92066431	junction	92036198	92066431	1,2	random hexamer	EX_cortical	EX_cerebellum_granule	3	0.16476076340520307	-0.014285714285714263	0.07046975517594638	19.0
ENSMUSG00000052572.20:B2	J:92036198-92067295	junction	92036198	92067295	3	random hexamer	EX_cerebellum_granule	EX_cortical	3	0.16476076340520293	-0.01428571428571431	0.0704697551759464	19.0
ENSMUSG00000052572.20:B3	E:92094533-92096211	exon	92094533	92096211	2,3	poly(dT)	EX_cerebellum_granule	EX_cortical	5	0.11163499430703375	0.024730560721416283	0.08045453763835929	8.613496932515337
ENSMUSG00000052572.20:B3	E:92094533-92096211	exon	92094533	92096211	2,3	random hexamer	EX_cerebellum_granule	EX_cortical	4	0.1726319252051792	0.280908665423826	0.11684474393132917	10.375460122699387
ENSMUSG00000052572.20:B3	E:92096211-92098455	exon	92096211	92098455	3	poly(dT)	EX_cerebellum_granule	EX_cortical	5	0.23043247172218395	0.09934838659848248	0.15506013817594405	8.613496932515337
ENSMUSG00000052572.20:B3	E:92096211-92098455	exon	92096211	92098455	3	random hexamer	INH_migrating_interneuron	EX_cortical	3	0.3373817823020547	0.13281742042173553	0.13281742042173555	4.921472392638036
ENSMUSG00000052727.7:B1	E:99583683-99584128	exon	99583683	99584128	1	random hexamer	EX_cortical	PER	3	0.06811031797492068	-0.02400822093199467	0.012029598322990224	12.337349397590362
ENSMUSG00000052727.7:B1	E:99644615-99644717	exon	99644615	99644717	2	random hexamer	PER	EX_cortical	3	0.06811031797492069	0.01686140402963482	0.2210967330699918	12.337349397590362
ENSMUSG00000052727.7:B1	E:99652811-99653048	exon	99652811	99653048	2	random hexamer	PER	EX_cortical	3	0.06811031797492069	-0.12944592100040173	0.34467008505046864	12.337349397590362
ENSMUSG00000052889.12:B1	E:121888519-121888531	exon	121888519	121888531	2	random hexamer	INH_midbrain	EX_cortical	3	0.15174737897239823	0.13000896036065993	0.10119912771584212	20.4688995215311
ENSMUSG00000053199.14:B1	E:51676651-51676911	exon	51676651	51676911	1	poly(dT)	INH_midbrain	EX_cortical	5	0.2634667948404859	0.1277784870730929	0.07840337593929705	11.44578313253012
ENSMUSG00000053199.14:B1	E:51676651-51676911	exon	51676651	51676911	1	random hexamer	INH_midbrain	EX_cortical	5	0.20365850658655732	0.5267503988171156	0.13609638694020895	11.74698795180723
ENSMUSG00000053199.14:B1	E:51676959-51677144	exon	51676959	51677144	2	poly(dT)	EX_cortical	INH_midbrain	5	0.26346679484048585	0.014667359667359662	0.01466735966735966	11.44578313253012
ENSMUSG00000053199.14:B1	E:51676959-51677144	exon	51676959	51677144	2	random hexamer	EX_cortical	INH_midbrain	5	0.20365850658655726	0.12556380178918986	0.0797946795904636	11.74698795180723
ENSMUSG00000053877.13:B1	E:127111198-127111510	exon	127111198	127111510	2	random hexamer	ASC	INH_midbrain	4	0.18761562230405732	0.006482320307301087	0.2683005911674298	27.22222222222223
ENSMUSG00000053877.13:B1	E:127112163-127112189	exon	127112163	127112189	3	random hexamer	EX_cerebellum_granule	INH_migrating_interneuron	4	0.05001155284034831	0.029321266968325776	0.029321266968325772	27.518518518518515
ENSMUSG00000053877.13:B1	E:127112189-127112218	exon	127112189	127112218	3,4	random hexamer	ASC	EX_cortical	7	0.12605191174384242	-0.05462702322308234	0.05462702322308234	38.351851851851855
ENSMUSG00000053877.13:B1	E:127112218-127112295	exon	127112218	127112295	4	random hexamer	ASC	INH_migrating_interneuron	5	0.09209823718820884	-0.04593506493506492	0.04593506493506491	32.351851851851855
ENSMUSG00000053877.13:B1	E:127113336-127113412	exon	127113336	127113412	2,3,4	random hexamer	ASC	INH_migrating_interneuron	5	0.15792743206077775	0.03587308557313619	0.1888122275848584	32.351851851851855
ENSMUSG00000053877.13:B1	E:127115113-127115319	exon	127115113	127115319	2,3,4	random hexamer	ASC	INH_migrating_interneuron	5	0.15792743206077775	0.04880003080482821	0.14711699091327998	32.351851851851855
ENSMUSG00000053877.13:B1	J:127113412-127115113	junction	127113412	127115113	2,3,4	random hexamer	INH_medium_spiny	INH_migrating_interneuron	3	0.12416338943925544	0.022222222222222216	0.07777777777777777	21.0
ENSMUSG00000053877.13:B2	E:127118774-127118831	exon	127118774	127118831	2	poly(dT)	EX_cortical	INH_midbrain	5	0.07848519195948178	0.06624449777994568	0.20724627290794437	9.08920126116658
ENSMUSG00000053877.13:B2	E:127118774-127118831	exon	127118774	127118831	2	random hexamer	INH_medium_spiny	EX_cerebellum_granule	3	0.06536215328356931	-0.008353071081912153	0.015095489810343653	15.658959537572255
ENSMUSG00000053877.13:B3	E:127120731-127120732	exon	127120731	127120732	2	random hexamer	INH_migrating_interneuron	INH_medium_spiny	3	0.1236636495007128	0.2742796923956571	0.13718881103646813	4.134724186704385
ENSMUSG00000054728.18:B1	E:42834098-42834402	exon	42834098	42834402	1	poly(dT)	ASC	INH_medium_spiny	9	0.10416168272664578	0.7247427178238255	0.11338086160025947	29.750000000000004
ENSMUSG00000054728.18:B1	E:42834098-42834402	exon	42834098	42834402	1	random hexamer	ASC	INH_migrating_interneuron	5	0.12798859541357913	0.07390380820898815	0.053612855749551554	17.80357142857143
ENSMUSG00000054728.18:B1	E:42836125-42836173	exon	42836125	42836173	1	poly(dT)	ASC	INH_medium_spiny	9	0.10416168272664578	0.7118660388889811	0.10721744635929964	29.750000000000004
ENSMUSG00000054728.18:B1	E:42836125-42836173	exon	42836125	42836173	1	random hexamer	ASC	INH_migrating_interneuron	5	0.12798859541357913	0.21930470715055694	0.1452641524706961	17.80357142857143
ENSMUSG00000054728.18:B1	E:42836173-42836276	exon	42836173	42836276	1,2	poly(dT)	INH_medium_spiny	INH_migrating_interneuron	3	0.09862387427153267	-0.6816645610783264	0.1375532441880751	7.857142857142858
ENSMUSG00000054728.18:B1	E:42836173-42836276	exon	42836173	42836276	1,2	random hexamer	EX_cortical	INH_migrating_interneuron	6	0.05273467739017048	-0.5946643485593092	0.1929895958062544	18.80357142857143
ENSMUSG00000054728.18:B1	E:42863018-42863179	exon	42863018	42863179	3	poly(dT)	INH_migrating_interneuron	INH_medium_spiny	3	0.13779349332721677	0.0004923228407027666	0.0004923228407027667	7.857142857142858
ENSMUSG00000054728.18:B1	E:42863018-42863179	exon	42863018	42863179	3	random hexamer	INH_migrating_interneuron	EX_cortical	6	0.07977236366067654	-0.01747756758659678	0.025387564072347824	18.80357142857143
ENSMUSG00000054728.18:B1	E:43213046-43213253	exon	43213046	43213253	2	poly(dT)	INH_medium_spiny	ASC	9	0.07567331294885436	-0.033262985107174986	0.09148703769985245	29.750000000000004
ENSMUSG00000054728.18:B1	E:43213046-43213253	exon	43213046	43213253	2	random hexamer	INH_migrating_interneuron	ASC	5	0.1654789715357738	-0.19560008075616894	0.16537396660618295	17.80357142857143
ENSMUSG00000054728.18:B1	J:42834402-42836125	junction	42834402	42836125	1	poly(dT)	EX_cortical	INH_medium_spiny	12	0.05020250715954757	0.46746413308913315	0.04596995093219152	155.0
ENSMUSG00000054728.18:B1	J:42836276-42863179	junction	42836276	42863179	1,2	random hexamer	EX_cerebellum_granule	EX_cortical	6	0.06279747546725738	0.0	0.0	46.0
ENSMUSG00000054728.18:B1	J:43210822-43213046	junction	43210822	43213046	2	random hexamer	INH_medium_spiny	ASC	3	0.13423589485447268	0.05555555555555553	0.05555555555555554	22.0
ENSMUSG00000054728.18:B1	J:43210822-43231130	junction	43210822	43231130	1,3	random hexamer	ASC	INH_medium_spiny	3	0.1747841489363916	0.17460317460317457	0.10317460317460317	27.0
ENSMUSG00000054728.18:B1	J:43213253-43231130	junction	43213253	43231130	2	random hexamer	INH_medium_spiny	ASC	3	0.13423589485447268	0.11904761904761903	0.11904761904761904	26.0
ENSMUSG00000055065.8:B1	E:79430756-79430760	exon	79430756	79430760	2,3	poly(dT)	ODC	EX_cortical	7	0.07682072895106769	-0.010748830492186359	0.022037247834402123	44.03047091412742
ENSMUSG00000055065.8:B1	E:79430756-79430760	exon	79430756	79430760	2,3	random hexamer	ODC	ASC	5	0.14502570113206928	0.20571656781604183	0.22519100035910142	12.986149584487535
ENSMUSG00000055065.8:B1	E:79430760-79430942	exon	79430760	79430942	3	poly(dT)	ODC	EX_cortical	7	0.12474612757620436	0.0005488803828478571	0.0005488803828478572	44.03047091412742
ENSMUSG00000055065.8:B1	E:79430760-79430942	exon	79430760	79430942	3	random hexamer	ODC	ASC	5	0.10099199733749173	0.018277700138165258	0.02634608486594308	12.986149584487535
ENSMUSG00000055254.16:B1	E:58955510-58955827	exon	58955510	58955827	2	poly(dT)	ASC	EX_cerebellum_granule	3	0.39920895824726427	0.0	0.0	5.208
ENSMUSG00000055254.16:B1	E:58955510-58955827	exon	58955510	58955827	2	random hexamer	ASC	EX_cerebellum_granule	8	0.37182386116587207	-0.035658772404925355	0.0758455026788132	46.088
ENSMUSG00000055254.16:B1	E:58956094-58956198	exon	58956094	58956198	3	poly(dT)	INH_medium_spiny	ASC	4	0.3869683232636659	0.01058717592097285	0.01058717592097285	12.427999999999999
ENSMUSG00000055254.16:B1	E:58956094-58956198	exon	58956094	58956198	3	random hexamer	INH_migrating_interneuron	ASC	20	0.39004913349855663	-0.00573591603044654	0.06888175900877985	80.732
ENSMUSG00000055254.16:B1	E:58956198-58956504	exon	58956198	58956504	2,3	poly(dT)	INH_migrating_interneuron	EX_cerebellum_granule	3	0.3234152584900044	0.11351222312724048	0.444248309834189	5.208
ENSMUSG00000055254.16:B1	E:58956198-58956504	exon	58956198	58956504	2,3	random hexamer	INH_midbrain	EX_cerebellum_granule	7	0.32015433783109026	-0.06366953036293685	0.07734096011134242	40.779999999999994
ENSMUSG00000055254.16:B1	J:58955827-58956198	junction	58955827	58956198	2	random hexamer	ASC	EX_cortical	5	0.2423286789166343	-0.02634559884559886	0.04024676101379532	42.0
ENSMUSG00000055254.16:B2	E:59035005-59035084	exon	59035005	59035084	1	poly(dT)	EX_cortical	INH_migrating_interneuron	8	0.05341742266478679	0.13006138519605337	0.2508138295294599	21.66
ENSMUSG00000055254.16:B2	E:59035005-59035084	exon	59035005	59035084	1	random hexamer	ASC	EX_thalamus	4	0.14410630029185945	0.3634689138931732	0.29780749375119686	10.239999999999998
ENSMUSG00000055254.16:B2	E:59035084-59036293	exon	59035084	59036293	1,2	poly(dT)	ASC	EX_cortical	12	0.12099969795146163	0.056943323930109487	0.05258256493995474	50.37
ENSMUSG00000055254.16:B2	E:59035084-59036293	exon	59035084	59036293	1,2	random hexamer	EX_cerebellum_granule	INH_medium_spiny	7	0.3064942888358419	0.12882290816740907	0.07188786250783642	48.61999999999999
ENSMUSG00000055254.16:B2	E:59079836-59084841	exon	59079836	59084841	3	poly(dT)	EX_cortical	ASC	12	0.3993956026060666	0.09963474121294962	0.08960997295596658	50.37
ENSMUSG00000055254.16:B2	E:59079836-59084841	exon	59079836	59084841	3	random hexamer	INH_migrating_interneuron	ASC	21	0.38560308502401097	0.5860126893040517	0.060692685037178486	118.27
ENSMUSG00000055254.16:B2	E:59133615-59133804	exon	59133615	59133804	4	poly(dT)	ASC	INH_medium_spiny	5	0.3035923321191732	0.07985452159630942	0.09088718097750847	14.3
ENSMUSG00000055254.16:B2	E:59133615-59133804	exon	59133615	59133804	4	random hexamer	ASC	EX_cerebellum_granule	10	0.407205494953727	0.5002246952960189	0.123204519885082	59.559999999999995
ENSMUSG00000055254.16:B2	E:59185780-59185911	exon	59185780	59185911	4	poly(dT)	ASC	INH_medium_spiny	5	0.3035923321191732	0.0033261820419431395	0.003326182041943139	14.3
ENSMUSG00000055254.16:B2	E:59185780-59185911	exon	59185780	59185911	4	random hexamer	ASC	EX_cerebellum_granule	10	0.407205494953727	0.046194950272572366	0.17550556037184348	59.559999999999995
ENSMUSG00000055254.16:B2	E:59202106-59202279	exon	59202106	59202279	4	poly(dT)	ASC	INH_medium_spiny	5	0.3035923321191732	0.1125911032922845	0.11259110329228449	14.3
ENSMUSG00000055254.16:B2	E:59202106-59202279	exon	59202106	59202279	4	random hexamer	ASC	EX_cerebellum_granule	10	0.407205494953727	0.1233555648499445	0.17657333494812477	59.559999999999995
ENSMUSG00000055254.16:B2	E:59208041-59208276	exon	59208041	59208276	4	poly(dT)	ASC	INH_medium_spiny	5	0.3035923321191732	0.25225017830535756	0.18925509649724484	14.3
ENSMUSG00000055254.16:B2	E:59208041-59208276	exon	59208041	59208276	4	random hexamer	ASC	EX_cerebellum_granule	10	0.407205494953727	0.24360892265474027	0.0926874410764677	59.559999999999995
ENSMUSG00000055254.16:B2	E:59274246-59274405	exon	59274246	59274405	4	poly(dT)	ASC	INH_medium_spiny	5	0.3035923321191732	0.10951330508324678	0.11369619136692875	14.3
ENSMUSG00000055254.16:B2	E:59274246-59274405	exon	59274246	59274405	4	random hexamer	ASC	EX_cerebellum_granule	10	0.407205494953727	0.08732836092243199	0.08009546823666512	59.559999999999995
ENSMUSG00000055254.16:B2	E:59275981-59281784	exon	59275981	59281784	4	poly(dT)	ASC	INH_medium_spiny	5	0.3035923321191732	0.31380464679386944	0.16911707017249178	14.3
ENSMUSG00000055254.16:B2	E:59275981-59281784	exon	59275981	59281784	4	random hexamer	ASC	EX_cerebellum_granule	10	0.407205494953727	0.20908176798319963	0.07731969379379597	59.559999999999995
ENSMUSG00000055254.16:B2	J:59026076-59035005	junction	59026076	59035005	1	random hexamer	ASC	INH_migrating_interneuron	6	0.060370112265707036	0.0	0.0	34.0
ENSMUSG00000055254.16:B2	J:59026076-59035084	junction	59026076	59035084	2	random hexamer	EX_cerebellum_granule	EX_cortical	6	0.2972489179525675	0.0	0.0	59.0
ENSMUSG00000055254.16:B2	J:59026076-59079836	junction	59026076	59079836	3	random hexamer	EX_cortical	ASC	8	0.4674723335290086	0.5503968253968254	0.14308238416063826	50.0
ENSMUSG00000055254.16:B2	J:59026076-59133615	junction	59026076	59133615	4	random hexamer	ASC	EX_cerebellum_granule	3	0.3668115226703517	0.5777777777777778	0.22222222222222224	18.0
ENSMUSG00000055254.16:B2	J:59274405-59275981	junction	59274405	59275981	4	random hexamer	INH_migrating_interneuron	EX_cerebellum_granule	3	0.19808426434676388	0.022222222222222254	0.022222222222222258	28.0
ENSMUSG00000055421.9:B1	E:94125797-94126168	exon	94125797	94126168	1,3	poly(dT)	INH_migrating_interneuron	EX_cerebellum_granule	4	0.16718114858092464	0.10975631777848166	0.1868714979444805	7.622514071294559
ENSMUSG00000055421.9:B1	E:94125797-94126168	exon	94125797	94126168	1,3	random hexamer	EX_cortical	INH_medium_spiny	3	0.2732023831103514	0.1548820653835637	0.09829379335436113	11.394746716697936
ENSMUSG00000055421.9:B1	E:94126168-94126324	exon	94126168	94126324	3	poly(dT)	INH_migrating_interneuron	EX_cerebellum_granule	4	0.15457691101888696	-0.2015429630714818	0.11776321969591412	7.622514071294559
ENSMUSG00000055421.9:B1	E:94126168-94126324	exon	94126168	94126324	3	random hexamer	EX_cortical	INH_medium_spiny	3	0.2691785530602237	-0.265373094857365	0.04703042956398136	11.394746716697936
ENSMUSG00000055421.9:B1	E:94127556-94128065	exon	94127556	94128065	2,3	poly(dT)	EX_cerebellum_granule	INH_midbrain	4	0.05031661293975642	-0.28072402779635747	0.1825934270863745	7.622514071294559
ENSMUSG00000055421.9:B1	E:94127556-94128065	exon	94127556	94128065	2,3	random hexamer	ASC	EX_cerebellum_granule	3	0.06043257351196837	-0.14060094474587437	0.12689034909692049	6.635647279549719
ENSMUSG00000055421.9:B1	E:94128065-94128105	exon	94128065	94128105	3	poly(dT)	INH_migrating_interneuron	EX_cerebellum_granule	4	0.15457691101888696	0.08507711751310712	0.11995150831920126	7.622514071294559
ENSMUSG00000055421.9:B1	E:94128065-94128105	exon	94128065	94128105	3	random hexamer	EX_cortical	INH_medium_spiny	3	0.2691785530602237	0.05059870053030413	0.05059870053030414	11.394746716697936
ENSMUSG00000055421.9:B1	J:94125797-94127556	junction	94125797	94127556	2	poly(dT)	ASC	INH_midbrain	8	0.16871864945376652	0.0	0.0	86.0
ENSMUSG00000055421.9:B1	J:94126324-94127556	junction	94126324	94127556	3	poly(dT)	INH_midbrain	ASC	8	0.11922306648730797	-0.011363636363636354	0.011363636363636352	86.0
ENSMUSG00000055447.20:B1	E:49675728-49675760	exon	49675728	49675760	1	poly(dT)	EX_cortical	INH_migrating_interneuron	6	0.067301634412492	0.0	0.0	14.61494252873563
ENSMUSG00000055447.20:B1	E:49675728-49675760	exon	49675728	49675760	1	random hexamer	EX_cortical	INH_migrating_interneuron	3	0.062136192419563606	0.0	0.0	4.123563218390804
ENSMUSG00000055447.20:B1	E:49676007-49676195	exon	49676007	49676195	2,3	poly(dT)	INH_migrating_interneuron	EX_cortical	6	0.06730163441249203	-0.09119385518801455	0.16751114993971228	14.61494252873563
ENSMUSG00000055447.20:B1	E:49676007-49676195	exon	49676007	49676195	2,3	random hexamer	INH_migrating_interneuron	EX_cortical	3	0.062136192419563696	-0.08943020876182632	0.20227629537204123	4.123563218390804
ENSMUSG00000056211.14:B1	E:128114646-128116593	exon	128114646	128116593	1	poly(dT)	EX_cortical	INH_migrating_interneuron	7	0.05686497642525863	0.02926656412596256	0.03082878427503141	15.861842105263158
ENSMUSG00000056211.14:B1	E:128114646-128116593	exon	128114646	128116593	1	random hexamer	EX_cerebellum_granule	INH_migrating_interneuron	4	0.21335579145534828	0.052949395437050586	0.052914324505816845	19.967105263157894
ENSMUSG00000056211.14:B1	E:128118374-128118476	exon	128118374	128118476	2	poly(dT)	INH_migrating_interneuron	EX_cortical	7	0.056864976425258666	0.0801828235382555	0.04211870238572855	15.861842105263158
ENSMUSG00000056211.14:B1	E:128118374-128118476	exon	128118374	128118476	2	random hexamer	INH_migrating_interneuron	EX_cerebellum_granule	4	0.21335579145534825	-0.29333669975006826	0.11768042573550287	19.967105263157894
ENSMUSG00000056211.14:B1	E:128121196-128121493	exon	128121196	128121493	2	poly(dT)	INH_migrating_interneuron	EX_cortical	7	0.056864976425258666	0.09643521592427207	0.08641417094514656	15.861842105263158
ENSMUSG00000056211.14:B1	E:128121196-128121493	exon	128121196	128121493	2	random hexamer	INH_migrating_interneuron	EX_cerebellum_granule	4	0.21335579145534825	-0.11354358849335917	0.05905375669202306	19.967105263157894
ENSMUSG00000056211.14:B1	E:128124710-128124834	exon	128124710	128124834	2	poly(dT)	INH_migrating_interneuron	EX_cortical	7	0.056864976425258666	0.10682908886161299	0.18388456574625933	15.861842105263158
ENSMUSG00000056211.14:B1	E:128124710-128124834	exon	128124710	128124834	2	random hexamer	INH_migrating_interneuron	EX_cerebellum_granule	4	0.21335579145534825	-0.29779808443880074	0.1081108262959573	19.967105263157894
ENSMUSG00000056211.14:B1	E:128138941-128139096	exon	128138941	128139096	2	poly(dT)	INH_migrating_interneuron	EX_cortical	7	0.056864976425258666	0.18398258638139225	0.05584385446025526	15.861842105263158
ENSMUSG00000056211.14:B1	E:128138941-128139096	exon	128138941	128139096	2	random hexamer	INH_migrating_interneuron	EX_cerebellum_granule	4	0.21335579145534825	-0.05381695322921737	0.12865772343276058	19.967105263157894
ENSMUSG00000056211.14:B1	E:128144137-128144289	exon	128144137	128144289	2	poly(dT)	INH_migrating_interneuron	EX_cortical	7	0.056864976425258666	0.11290364653046692	0.07016921879007226	15.861842105263158
ENSMUSG00000056211.14:B1	E:128144137-128144289	exon	128144137	128144289	2	random hexamer	INH_migrating_interneuron	EX_cerebellum_granule	4	0.21335579145534825	0.1893543379603409	0.21355724832724918	19.967105263157894
ENSMUSG00000056211.14:B1	E:128149336-128149440	exon	128149336	128149440	2	poly(dT)	INH_migrating_interneuron	EX_cortical	7	0.056864976425258666	0.036638270707409284	0.21617498122278386	15.861842105263158
ENSMUSG00000056211.14:B1	E:128149336-128149440	exon	128149336	128149440	2	random hexamer	INH_migrating_interneuron	EX_cerebellum_granule	4	0.21335579145534825	-0.12033765178739897	0.07494002948709551	19.967105263157894
ENSMUSG00000056211.14:B1	E:128151205-128151378	exon	128151205	128151378	2	poly(dT)	INH_migrating_interneuron	EX_cortical	7	0.056864976425258666	0.0006684001177579359	0.18084064869730335	15.861842105263158
ENSMUSG00000056211.14:B1	E:128151205-128151378	exon	128151205	128151378	2	random hexamer	INH_migrating_interneuron	EX_cerebellum_granule	4	0.21335579145534825	0.09447558847546737	0.07455545132102943	19.967105263157894
ENSMUSG00000056211.14:B1	E:128159059-128159204	exon	128159059	128159204	2	poly(dT)	INH_migrating_interneuron	EX_cortical	7	0.056864976425258666	0.12457311035239317	0.05202781910581865	15.861842105263158
ENSMUSG00000056211.14:B1	E:128159059-128159204	exon	128159059	128159204	2	random hexamer	INH_migrating_interneuron	EX_cerebellum_granule	4	0.21335579145534825	-0.09447807424765502	0.18334740415421322	19.967105263157894
ENSMUSG00000056211.14:B1	E:128162802-128162885	exon	128162802	128162885	2	poly(dT)	INH_migrating_interneuron	EX_cortical	7	0.056864976425258666	0.5332902073421645	0.12025188739997422	15.861842105263158
ENSMUSG00000056211.14:B1	E:128162802-128162885	exon	128162802	128162885	2	random hexamer	INH_migrating_interneuron	EX_cerebellum_granule	4	0.21335579145534825	-0.002932138996878886	0.13872691037846852	19.967105263157894
ENSMUSG00000056211.14:B1	E:128163278-128163363	exon	128163278	128163363	2	poly(dT)	INH_migrating_interneuron	EX_cortical	7	0.056864976425258666	0.3268211520566532	0.15687654512495677	15.861842105263158
ENSMUSG00000056211.14:B1	E:128163278-128163363	exon	128163278	128163363	2	random hexamer	INH_migrating_interneuron	EX_cerebellum_granule	4	0.21335579145534825	0.03371604045485205	0.0759673307485367	19.967105263157894
ENSMUSG00000056211.14:B1	E:128164133-128165473	exon	128164133	128165473	2	poly(dT)	INH_migrating_interneuron	EX_cortical	7	0.056864976425258666	0.254977231229069	0.12093546605196345	15.861842105263158
ENSMUSG00000056211.14:B1	E:128164133-128165473	exon	128164133	128165473	2	random hexamer	INH_migrating_interneuron	EX_cerebellum_granule	4	0.21335579145534825	0.003940595852591863	0.09841779298248171	19.967105263157894
ENSMUSG00000056211.14:B1	J:128121493-128124710	junction	128121493	128124710	2	random hexamer	EX_cortical	EX_cerebellum_granule	3	0.1509331747988558	0.0	0.0	32.0
ENSMUSG00000056211.14:B1	J:128139096-128144137	junction	128139096	128144137	2	random hexamer	INH_migrating_interneuron	EX_cortical	6	0.08416964495462388	-0.0031446540880503324	0.0031446540880503324	40.0
ENSMUSG00000056211.14:B1	J:128144289-128149336	junction	128144289	128149336	2	random hexamer	INH_migrating_interneuron	INH_medium_spiny	3	0.1021822403346554	0.04347826086956522	0.04347826086956523	27.0
ENSMUSG00000056211.14:B1	J:128149440-128151205	junction	128149440	128151205	2	random hexamer	INH_migrating_interneuron	EX_cerebellum_granule	3	0.18692479445614776	0.0	0.0	17.0
ENSMUSG00000056211.14:B1	J:128151378-128159059	junction	128151378	128159059	2	random hexamer	EX_cortical	EX_cerebellum_granule	3	0.15637730721871212	0.0	0.0	24.0
ENSMUSG00000056211.14:B1	J:128162885-128163278	junction	128162885	128163278	2	random hexamer	INH_migrating_interneuron	EX_cortical	3	0.08067602459951866	-0.0625	0.0625	20.0
ENSMUSG00000056602.14:B1	E:150183231-150183803	exon	150183231	150183803	1	random hexamer	ASC	INH_midbrain	3	0.06938411674477733	0.36861709898255096	0.06858056032795715	7.17
ENSMUSG00000056602.14:B1	E:150218852-150219149	exon	150218852	150219149	2	random hexamer	INH_midbrain	ASC	3	0.06938411674477733	-0.0275757851515427	0.0275757851515427	7.17
ENSMUSG00000056608.15:B1	E:91555462-91555542	exon	91555462	91555542	2,3	random hexamer	EX_cortical	INH_midbrain	3	0.09677340749309493	-0.2409630539351141	0.24096305393511414	5.491770901909151
ENSMUSG00000056608.15:B1	E:91576261-91576387	exon	91576261	91576387	2,3	random hexamer	EX_cortical	INH_midbrain	3	0.09677340749309493	-0.3333333333333333	0.33333333333333337	5.491770901909151
ENSMUSG00000056608.15:B1	E:91658876-91658971	exon	91658876	91658971	2,3	random hexamer	EX_cortical	INH_midbrain	3	0.09677340749309493	0.3673397408093378	0.1861031725109655	5.491770901909151
ENSMUSG00000056608.15:B1	J:91555542-91576261	junction	91555542	91576261	2,3	random hexamer	EX_cortical	INH_midbrain	4	0.0784554785127505	0.01286764705882354	0.061984247426791796	37.0
ENSMUSG00000057378.16:B1	E:112860565-112860676	exon	112860565	112860676	1	random hexamer	EX_hippocampus_pyramidal	EX_cortical	3	0.07438390570163649	0.04351521332653407	0.04351521332653407	7.425
ENSMUSG00000057378.16:B1	E:113047284-113047335	exon	113047284	113047335	2,3	random hexamer	EX_cortical	EX_hippocampus_pyramidal	3	0.07438390570163647	0.3551101072172796	0.3229959974425714	7.425
ENSMUSG00000057378.16:B3	E:112502579-112502676	exon	112502579	112502676	1	poly(dT)	INH_midbrain	INH_medium_spiny	5	0.05818462235576092	-0.017882251058006116	0.11787351431216837	9.432718550988337
ENSMUSG00000057378.16:B3	E:112503510-112503610	exon	112503510	112503610	2	poly(dT)	INH_medium_spiny	INH_midbrain	5	0.058184622355760926	0.29256010393964693	0.1840892147531048	9.432718550988337
ENSMUSG00000057649.7:B1	E:74085929-74085956	exon	74085929	74085956	2	poly(dT)	INH_midbrain	EX_cortical	5	0.0918933170947861	0.036415741032804705	0.05024579333134135	99.54629629629629
ENSMUSG00000057649.7:B1	E:74085929-74085956	exon	74085929	74085956	2	random hexamer	INH_midbrain	EX_cortical	4	0.10898689913186746	0.28954664139217073	0.16860711476231066	19.47222222222222
ENSMUSG00000057738.15:B1	E:29855691-29855694	exon	29855691	29855694	1	poly(dT)	ASC	EX_cortical	3	0.32876708063043697	-0.06800648048544951	0.33886093476061047	8.19409282700422
ENSMUSG00000057738.15:B1	E:29855691-29855694	exon	29855691	29855694	1	random hexamer	ASC	EX_hippocampus_granule	3	0.145356272264946	-0.1641166835633788	0.5176926394742929	6.1350210970464145
ENSMUSG00000057738.15:B3	E:29904169-29904184	exon	29904169	29904184	2	poly(dT)	ASC	EX_cortical	7	0.14770846450519287	-0.06307922671280126	0.2061665672137024	19.223577802565533
ENSMUSG00000057738.15:B3	E:29904169-29904184	exon	29904169	29904184	2	random hexamer	ASC	EX_hippocampus_granule	4	0.21986408747047181	0.06255147834264585	0.15805185624113677	12.995119910764082
ENSMUSG00000057738.15:B3	J:29903850-29904169	junction	29903850	29904169	2	random hexamer	ASC	EX_cortical	5	0.1108799446738205	0.0	0.0	43.0
ENSMUSG00000057738.15:B3	J:29903850-29905600	junction	29903850	29905600	1	random hexamer	INH_medium_spiny	ASC	4	0.09981965844091321	0.0	0.0	32.0
ENSMUSG00000057738.15:B3	J:29904184-29905600	junction	29904184	29905600	2	random hexamer	ASC	EX_cortical	5	0.1108799446738205	0.0	0.0	42.0
ENSMUSG00000057897.15:B1	E:6015545-6015612	exon	6015545	6015612	2,3	random hexamer	INH_migrating_interneuron	INH_medium_spiny	4	0.22727423837197785	0.13033903333117844	0.05991138100247178	42.84615384615385
ENSMUSG00000058153.16:B1	E:112724734-112724841	exon	112724734	112724841	2,3,4	random hexamer	EX_hippocampus_granule	EX_cortical	4	0.11978308424773773	0.14126117747618896	0.2023740755924387	21.597938144329895
ENSMUSG00000058153.16:B1	E:112724841-112725043	exon	112724841	112725043	3,4	random hexamer	EX_cortical	EX_hippocampus_granule	4	0.08328347284090623	-0.16966384138413843	0.16966384138413843	21.597938144329895
ENSMUSG00000058153.16:B1	E:112725043-112725051	exon	112725043	112725051	4	random hexamer	EX_cortical	EX_hippocampus_granule	4	0.056195138023696675	-0.04978826235914344	0.11639755263290748	21.597938144329895
ENSMUSG00000058153.16:B2	E:112573588-112573591	exon	112573588	112573591	1,4,5	random hexamer	EX_cerebellum_granule	EX_cortical	3	0.10138485534417412	-0.18404408716500967	0.29743158543261994	9.289707568807339
ENSMUSG00000058153.16:B2	E:112573591-112573594	exon	112573591	112573594	5	random hexamer	EX_cerebellum_granule	EX_cortical	3	0.23026868020476254	-0.07663572113264859	0.2861486520646087	9.289707568807339
ENSMUSG00000058153.16:B2	E:112574591-112574624	exon	112574591	112574624	2,3,4,5	random hexamer	EX_hippocampus_granule	EX_cortical	3	0.08438206218734179	0.40516341295845343	0.4009854484103422	8.36510894495413
ENSMUSG00000058153.16:B2	E:112576241-112576436	exon	112576241	112576436	3,4,5	random hexamer	EX_hippocampus_granule	EX_cortical	3	0.10565776465388037	-0.014857740499709634	0.34597027203171227	8.36510894495413
ENSMUSG00000058297.17:B1	E:59942040-59942289	exon	59942040	59942289	2	poly(dT)	EX_cortical	INH_midbrain	4	0.062295573900189534	0.035402905209284956	0.30252336679541825	8.772486772486772
ENSMUSG00000058297.17:B1	E:59942040-59942289	exon	59942040	59942289	2	random hexamer	PER	INH_medium_spiny	3	0.06791361152556008	0.20926571070950453	0.020704812351551242	8.132275132275133
ENSMUSG00000058740.15:B1	E:25753865-25754074	exon	25753865	25754074	1	random hexamer	INH_medium_spiny	EX_cortical	7	0.11384026391581223	0.06860240960293387	0.18751499678194017	30.025
ENSMUSG00000058740.15:B1	E:25767794-25767884	exon	25767794	25767884	2	random hexamer	INH_midbrain	INH_medium_spiny	3	0.0531713390988684	0.05353762617793594	0.07907584022822672	12.05
ENSMUSG00000058740.15:B1	E:25767884-25767892	exon	25767884	25767892	2,3	random hexamer	EX_cortical	INH_midbrain	5	0.08683899703904382	-0.14133463561549497	0.19798214627039248	15.75
ENSMUSG00000058740.15:B1	E:25767892-25768047	exon	25767892	25768047	2,3,4	random hexamer	EX_cortical	INH_medium_spiny	7	0.11384026391581228	0.14653115411666442	0.06468005499633676	30.025
ENSMUSG00000058740.15:B1	E:25772207-25772249	exon	25772207	25772249	1,3,4	random hexamer	INH_medium_spiny	INH_midbrain	3	0.05317133909886843	0.0012765555287549413	0.1540974776401559	12.05
ENSMUSG00000058740.15:B4	E:25806129-25807575	exon	25806129	25807575	2,3	random hexamer	EX_cortical	INH_midbrain	3	0.16844960058730304	0.06134908056341969	0.14021912941780962	11.77685950413223
ENSMUSG00000058740.15:B4	E:25807575-25808285	exon	25807575	25808285	3	random hexamer	EX_cortical	INH_midbrain	3	0.14903228508535532	0.08207931720291001	0.09714218024738361	11.77685950413223
ENSMUSG00000058756.14:B1	E:98632636-98632698	exon	98632636	98632698	2	poly(dT)	EX_cortical	EX_cerebellum_granule	3	0.17990019125229925	0.19829540869480314	0.3880310766993439	5.82089552238806
ENSMUSG00000058756.14:B1	E:98632636-98632698	exon	98632636	98632698	2	random hexamer	EX_cortical	EX_cerebellum_granule	12	0.28191350942752924	0.010180331750765936	0.11322849502494739	189.93283582089555
ENSMUSG00000058799.17:B1	E:111309083-111309102	exon	111309083	111309102	1	poly(dT)	EX_cortical	INH_medium_spiny	11	0.148060872169169	-0.11238954872865171	0.07554483142563873	150.2702702702703
ENSMUSG00000058799.17:B1	E:111309083-111309102	exon	111309083	111309102	1	random hexamer	EX_cortical	INH_medium_spiny	6	0.15948817631593115	0.05887761302369964	0.2936255304850399	24.0
ENSMUSG00000058975.8:B1	E:46045920-46047071	exon	46045920	46047071	2	random hexamer	EX_cerebellum_granule	EX_cortical	3	0.0851549714512797	0.023723557888837326	0.023723557888837326	6.326666666666666
ENSMUSG00000059146.13:B1	E:78227537-78227730	exon	78227537	78227730	2,3	random hexamer	INH_migrating_interneuron	INH_medium_spiny	8	0.13599445974412744	0.015251080077662349	0.11088726089598723	53.439516129032256
ENSMUSG00000059146.13:B1	E:78227730-78228156	exon	78227730	78228156	3	random hexamer	EX_hippocampus_granule	INH_migrating_interneuron	5	0.15581094462227918	0.020416397596554826	0.24184772331683305	22.40322580645161
ENSMUSG00000061080.12:B1	E:41353219-41353398	exon	41353219	41353398	1	random hexamer	EX_cerebellum_granule	ASC	5	0.1714265383887014	-0.009840199739868027	0.2417201722934875	21.139240506329113
ENSMUSG00000061576.16:B1	E:27022354-27023116	exon	27022354	27023116	1	poly(dT)	EX_cerebellum_granule	INH_migrating_interneuron	3	0.16906728906846688	0.021667388881778965	0.021667388881778965	27.834782608695647
ENSMUSG00000061576.16:B1	E:27022354-27023116	exon	27022354	27023116	1	random hexamer	INH_medium_spiny	INH_migrating_interneuron	4	0.16174105112681467	0.18069292691840805	0.14886932762488753	25.547826086956526
ENSMUSG00000061576.16:B1	E:27109692-27110286	exon	27109692	27110286	2	poly(dT)	EX_cortical	INH_migrating_interneuron	10	0.2583175520618727	0.15546463835989527	0.045913773637145584	115.15652173913041
ENSMUSG00000061576.16:B1	E:27109692-27110286	exon	27109692	27110286	2	random hexamer	EX_cortical	INH_migrating_interneuron	9	0.2606472685947442	0.2607890574432321	0.10372047309092963	50.617391304347834
ENSMUSG00000061576.16:B1	E:27254196-27254811	exon	27254196	27254811	3	poly(dT)	INH_migrating_interneuron	EX_cerebellum_granule	3	0.1442036755629961	-0.12279140788146999	0.15744163357142535	27.834782608695647
ENSMUSG00000061576.16:B1	E:27254196-27254811	exon	27254196	27254811	3	random hexamer	INH_migrating_interneuron	EX_cortical	9	0.12144177704689849	0.0006801578234256879	0.10406921758302475	50.617391304347834
ENSMUSG00000061576.16:B1	E:27466972-27467359	exon	27466972	27467359	4	poly(dT)	INH_migrating_interneuron	EX_cortical	10	0.2466896847852158	0.03981853672636063	0.013661882079758148	115.15652173913041
ENSMUSG00000061576.16:B1	E:27466972-27467359	exon	27466972	27467359	4	random hexamer	EX_cerebellum_granule	EX_cortical	3	0.2340195108059833	0.6677196650567717	0.05699195609183056	16.504347826086956
ENSMUSG00000061576.16:B1	J:27023116-27587752	junction	27023116	27587752	1	random hexamer	INH_midbrain	EX_cortical	4	0.052710310921154864	-0.025	0.025	35.0
ENSMUSG00000061576.16:B1	J:27110286-27587752	junction	27110286	27587752	2	poly(dT)	EX_cortical	INH_medium_spiny	3	0.2808495772419714	0.06267806267806267	0.032856303688520785	37.0
ENSMUSG00000061576.16:B1	J:27110286-27587752	junction	27110286	27587752	2	random hexamer	EX_cortical	INH_midbrain	4	0.23386166080716153	0.225	0.13149778198382917	35.0
ENSMUSG00000061576.16:B1	J:27254811-27587752	junction	27254811	27587752	3	poly(dT)	INH_midbrain	EX_cortical	7	0.09351912190722778	-0.06659808445522737	0.11337432208467205	55.0
ENSMUSG00000061576.16:B1	J:27254811-27587752	junction	27254811	27587752	3	random hexamer	INH_midbrain	INH_medium_spiny	3	0.055138551452873046	0.060113960113960106	0.2545786114290908	25.0
ENSMUSG00000061576.16:B1	J:27467359-27587752	junction	27467359	27587752	4	poly(dT)	INH_medium_spiny	EX_cortical	3	0.17534601526059088	0.3540903540903541	0.15113476632268416	37.0
ENSMUSG00000061576.16:B1	J:27467359-27587752	junction	27467359	27587752	4	random hexamer	INH_midbrain	EX_cortical	4	0.14147581474556148	0.35909090909090907	0.2694116638679535	35.0
ENSMUSG00000061578.10:B1	E:117552035-117552064	exon	117552035	117552064	2	random hexamer	INH_migrating_interneuron	INH_midbrain	4	0.09530502092118673	0.3015647947974833	0.23971458289480146	6.961347869177403
ENSMUSG00000061601.16:B1	E:14844040-14846007	exon	14844040	14846007	1	poly(dT)	INH_migrating_interneuron	EX_hippocampus_granule	3	0.42764227456169107	0.034850405072605166	0.02457495833298734	5.446153846153846
ENSMUSG00000061601.16:B1	E:14844040-14846007	exon	14844040	14846007	1	random hexamer	INH_midbrain	EX_hippocampus_pyramidal	3	0.47957333270797703	0.14021807299301609	0.14300405325044552	5.343589743589743
ENSMUSG00000061601.16:B1	E:14861623-14861765	exon	14861623	14861765	2	poly(dT)	EX_hippocampus_granule	INH_migrating_interneuron	3	0.42764227456169107	0.6257536511639495	0.18712364180924254	5.446153846153846
ENSMUSG00000061601.16:B1	E:14861623-14861765	exon	14861623	14861765	2	random hexamer	EX_hippocampus_pyramidal	INH_midbrain	3	0.479573332707977	0.06912416245043074	0.06912416245043074	5.343589743589743
ENSMUSG00000061601.16:B1	E:14867280-14867348	exon	14867280	14867348	2	poly(dT)	EX_hippocampus_granule	INH_migrating_interneuron	3	0.42764227456169107	0.672676345551693	0.20270633606196176	5.446153846153846
ENSMUSG00000061601.16:B1	E:14867280-14867348	exon	14867280	14867348	2	random hexamer	EX_hippocampus_pyramidal	INH_midbrain	3	0.479573332707977	-0.03895583765421062	0.20872593764662767	5.343589743589743
ENSMUSG00000061601.16:B1	E:14905556-14905691	exon	14905556	14905691	2	poly(dT)	EX_hippocampus_granule	INH_migrating_interneuron	3	0.42764227456169107	0.22337781877910465	0.14329188467384582	5.446153846153846
ENSMUSG00000061601.16:B1	E:14905556-14905691	exon	14905556	14905691	2	random hexamer	EX_hippocampus_pyramidal	INH_midbrain	3	0.479573332707977	-0.1470611713058915	0.4033553477081182	5.343589743589743
ENSMUSG00000061601.16:B1	E:14906917-14907063	exon	14906917	14907063	2	poly(dT)	EX_hippocampus_granule	INH_migrating_interneuron	3	0.42764227456169107	0.03435451984699677	0.0295254055030211	5.446153846153846
ENSMUSG00000061601.16:B1	E:14906917-14907063	exon	14906917	14907063	2	random hexamer	EX_hippocampus_pyramidal	INH_midbrain	3	0.479573332707977	0.21005040767721708	0.20624612871311465	5.343589743589743
ENSMUSG00000061601.16:B1	E:14908759-14913473	exon	14908759	14913473	2	poly(dT)	EX_hippocampus_granule	INH_migrating_interneuron	3	0.42764227456169107	0.02321928488421569	0.09041528675528768	5.446153846153846
ENSMUSG00000061601.16:B1	E:14908759-14913473	exon	14908759	14913473	2	random hexamer	EX_hippocampus_pyramidal	INH_midbrain	3	0.479573332707977	0.002438384981858735	0.021296975422058634	5.343589743589743
ENSMUSG00000061601.16:B1	J:14861765-14867280	junction	14861765	14867280	2	poly(dT)	EX_cortical	INH_migrating_interneuron	3	0.21326045336608435	0.0	0.0	20.0
ENSMUSG00000061601.16:B1	J:14867348-14905556	junction	14867348	14905556	2	poly(dT)	EX_cortical	INH_migrating_interneuron	3	0.2952005858183216	0.0	0.0	16.0
ENSMUSG00000061603.9:B1	E:52746165-52746225	exon	52746165	52746225	1	random hexamer	ASC	EX_cortical	3	0.2416175006794914	0.1260220768091703	0.12870381830753555	5.365384615384616
ENSMUSG00000061603.9:B1	E:52842618-52842619	exon	52842618	52842619	2	random hexamer	EX_cortical	ASC	3	0.24161750067949148	-0.1984949616652978	0.17898350556856973	5.365384615384616
ENSMUSG00000061603.9:B1	J:52746225-52842619	junction	52746225	52842619	1	random hexamer	INH_midbrain	EX_cortical	6	0.18174772157371066	-0.025206662706662702	0.051547421046723885	64.0
ENSMUSG00000061689.16:B1	E:156542541-156543594	exon	156542541	156543594	1	random hexamer	INH_midbrain	ASC	3	0.19359454001479848	-0.062213079774860756	0.04640974018077568	17.98342541436464
ENSMUSG00000061689.16:B1	E:156546329-156546574	exon	156546329	156546574	1	random hexamer	INH_midbrain	ASC	3	0.19359454001479848	0.07236535817553143	0.24352419055733623	17.98342541436464
ENSMUSG00000061689.16:B1	E:156547775-156547890	exon	156547775	156547890	1	random hexamer	INH_midbrain	ASC	3	0.19359454001479848	0.16526006745426106	0.21118889298894056	17.98342541436464
ENSMUSG00000061689.16:B1	E:156548997-156549048	exon	156548997	156549048	1	random hexamer	INH_midbrain	ASC	3	0.19359454001479848	0.038071478420005724	0.11093236730974057	17.98342541436464
ENSMUSG00000061689.16:B1	E:156552940-156553181	exon	156552940	156553181	1	random hexamer	INH_midbrain	ASC	3	0.19359454001479848	0.12019843521347895	0.08084178127628461	17.98342541436464
ENSMUSG00000061689.16:B1	E:156562964-156562989	exon	156562964	156562989	2	random hexamer	ASC	INH_midbrain	3	0.20587661729545573	0.2125283014125944	0.2708626524382863	17.98342541436464
ENSMUSG00000061689.16:B1	E:156562989-156563007	exon	156562989	156563007	2,3	random hexamer	ASC	INH_midbrain	3	0.1905376561362461	-0.03611643119783212	0.3286917109786651	17.98342541436464
ENSMUSG00000061689.16:B1	E:156563411-156564022	exon	156563411	156564022	4	random hexamer	INH_medium_spiny	ASC	4	0.08621759822967283	-0.08167806516799639	0.04523942425526223	20.049723756906076
ENSMUSG00000061689.16:B1	J:156546574-156547775	junction	156546574	156547775	1	random hexamer	INH_midbrain	EX_cortical	3	0.2268038955182177	-0.018518518518518528	0.01851851851851853	29.0
ENSMUSG00000061689.16:B1	J:156547890-156548997	junction	156547890	156548997	1	random hexamer	INH_migrating_interneuron	EX_cortical	4	0.10210640762096543	-0.006756756756756743	0.006756756756756743	40.0
ENSMUSG00000061689.16:B1	J:156549048-156552940	junction	156549048	156552940	1	random hexamer	INH_midbrain	EX_cortical	3	0.1297368481599013	-0.006289308176100665	0.006289308176100665	24.0
ENSMUSG00000061689.16:B1	J:156553181-156587754	junction	156553181	156587754	1	random hexamer	INH_migrating_interneuron	ASC	3	0.16830048535111938	0.2260386672151378	0.07619525123823324	29.0
ENSMUSG00000061689.16:B1	J:156563007-156587754	junction	156563007	156587754	2,3	random hexamer	ASC	EX_cortical	4	0.17968914142051468	-0.0538385225885226	0.03635189042385938	35.0
ENSMUSG00000061689.16:B1	J:156564022-156587754	junction	156564022	156587754	4	random hexamer	EX_cortical	ASC	4	0.10295267805185825	-0.0044823232323232265	0.09383957391385275	35.0
ENSMUSG00000061689.16:B2	E:156589942-156590022	exon	156589942	156590022	1	random hexamer	INH_midbrain	INH_medium_spiny	7	0.10443185140020081	0.1996083918493387	0.15059484394081463	38.137001190587675
ENSMUSG00000061689.16:B2	E:156590251-156590340	exon	156590251	156590340	2	random hexamer	INH_medium_spiny	INH_midbrain	7	0.10443185140020082	0.12504145287865423	0.12164133321972305	38.137001190587675
ENSMUSG00000061689.16:B2	J:156588116-156589942	junction	156588116	156589942	1	random hexamer	INH_migrating_interneuron	INH_medium_spiny	3	0.12871243446208727	0.34716255966255966	0.0876148103117986	52.0
ENSMUSG00000061689.16:B2	J:156588116-156590251	junction	156588116	156590251	2	random hexamer	INH_medium_spiny	INH_migrating_interneuron	3	0.12871243446208722	0.29160700410700413	0.10738279699599265	52.0
ENSMUSG00000061689.16:B2	J:156590022-156590863	junction	156590022	156590863	1	random hexamer	INH_migrating_interneuron	INH_medium_spiny	3	0.12871243446208727	0.4981481481481482	0.12423980087199638	44.0
ENSMUSG00000061689.16:B2	J:156590340-156590863	junction	156590340	156590863	2	random hexamer	INH_medium_spiny	INH_migrating_interneuron	3	0.12871243446208722	0.4611111111111111	0.1540602735984672	44.0
ENSMUSG00000061689.16:B3	E:156603848-156603919	exon	156603848	156603919	2	poly(dT)	EX_cortical	EX_cerebellum_granule	11	0.07815137356664557	-0.02655191363983962	0.01575230515353031	37.374253600281
ENSMUSG00000061689.16:B3	E:156603848-156603919	exon	156603848	156603919	2	random hexamer	EX_cortical	EX_cerebellum_granule	9	0.06817448623836003	-0.11323153807859615	0.1067446117359774	51.183175272216374
ENSMUSG00000061689.16:B3	J:156603848-156604604	junction	156603848	156604604	1	random hexamer	EX_cerebellum_granule	EX_cortical	3	0.05901104088739684	-0.16358256752993594	0.16663950466326205	34.0
ENSMUSG00000061689.16:B3	J:156603919-156604604	junction	156603919	156604604	2	random hexamer	EX_cortical	EX_cerebellum_granule	3	0.0590110408873968	-0.16358256752993594	0.16663950466326202	34.0
ENSMUSG00000061911.16:B1	E:29578382-29578795	exon	29578382	29578795	1	random hexamer	INH_medium_spiny	EX_cerebellum_granule	7	0.11183295908234646	-0.05761123968986951	0.042484842396736396	28.353488372093025
ENSMUSG00000061911.16:B1	E:29584613-29585228	exon	29584613	29585228	2	random hexamer	INH_medium_spiny	INH_migrating_interneuron	8	0.07494760951092604	0.25482461008127644	0.13246130787529847	34.609302325581396
ENSMUSG00000061911.16:B1	E:29616700-29616796	exon	29616700	29616796	1,2	random hexamer	INH_migrating_interneuron	EX_cerebellum_granule	3	0.07392650970176144	-0.5508545354235886	0.10912269396302535	10.25581395348837
ENSMUSG00000061911.16:B1	E:29694311-29694418	exon	29694311	29694418	1,2	random hexamer	INH_migrating_interneuron	EX_cerebellum_granule	3	0.07392650970176144	-0.7914337094182136	0.1621108300612701	10.25581395348837
ENSMUSG00000061911.16:B1	E:29780939-29781075	exon	29780939	29781075	1,2	random hexamer	INH_migrating_interneuron	EX_cerebellum_granule	3	0.07392650970176144	-0.7600413837897201	0.1629924903399326	10.25581395348837
ENSMUSG00000061911.16:B1	E:29825438-29825592	exon	29825438	29825592	1,2	random hexamer	INH_migrating_interneuron	EX_cerebellum_granule	3	0.07392650970176144	-0.371651564906025	0.2301243307694067	10.25581395348837
ENSMUSG00000061911.16:B1	E:29833619-29833674	exon	29833619	29833674	1,2	random hexamer	INH_migrating_interneuron	EX_cerebellum_granule	3	0.07392650970176144	-0.029427846144736536	0.26851555231738944	10.25581395348837
ENSMUSG00000061911.16:B1	E:29833853-29833887	exon	29833853	29833887	1,2	random hexamer	INH_migrating_interneuron	EX_cerebellum_granule	3	0.07392650970176144	0.3154517106682952	0.48026187454997177	10.25581395348837
ENSMUSG00000061911.16:B1	E:29834249-29834312	exon	29834249	29834312	1,2	random hexamer	INH_migrating_interneuron	EX_cerebellum_granule	3	0.07392650970176144	-0.03347201278971098	0.3636013953410539	10.25581395348837
ENSMUSG00000061911.16:B1	E:29861371-29861733	exon	29861371	29861733	1,2	random hexamer	INH_migrating_interneuron	EX_cerebellum_granule	3	0.07392650970176144	0.18386986459050614	0.18880134920468541	10.25581395348837
ENSMUSG00000061911.16:B1	E:29876864-29877830	exon	29876864	29877830	1,2	random hexamer	INH_migrating_interneuron	EX_cerebellum_granule	3	0.07392650970176144	-0.08825357582411364	0.24851535083333365	10.25581395348837
ENSMUSG00000061911.16:B1	E:29877830-29877836	exon	29877830	29877836	1	random hexamer	INH_medium_spiny	EX_cerebellum_granule	7	0.11183295908234646	-0.43319224378779564	0.20515551080340672	28.353488372093025
ENSMUSG00000061911.16:B1	E:29882286-29882421	exon	29882286	29882421	1,2	random hexamer	INH_migrating_interneuron	EX_cerebellum_granule	3	0.07392650970176144	0.039689462172193456	0.22939697749639468	10.25581395348837
ENSMUSG00000061911.16:B1	E:29886348-29886439	exon	29886348	29886439	1,2	random hexamer	INH_migrating_interneuron	EX_cerebellum_granule	3	0.07392650970176144	0.4815560525789553	0.259070942322446	10.25581395348837
ENSMUSG00000061911.16:B1	E:29888038-29888146	exon	29888038	29888146	1,2	random hexamer	INH_migrating_interneuron	EX_cerebellum_granule	3	0.07392650970176144	0.3142797070997371	0.24949859625615087	10.25581395348837
ENSMUSG00000061911.16:B1	E:29890208-29890391	exon	29890208	29890391	3	random hexamer	EX_cerebellum_granule	INH_migrating_interneuron	3	0.0739265097017614	0.0	0.0	10.25581395348837
ENSMUSG00000061911.16:B1	J:29578795-29616700	junction	29578795	29616700	1	poly(dT)	INH_midbrain	EX_cortical	7	0.11157392186750646	0.12924400529442545	0.10061774812715348	49.0
ENSMUSG00000061911.16:B1	J:29578795-29616700	junction	29578795	29616700	1	random hexamer	INH_migrating_interneuron	EX_cortical	4	0.07907230157120607	0.1154304029304029	0.062017384197120023	22.0
ENSMUSG00000061911.16:B1	J:29585228-29616700	junction	29585228	29616700	2	poly(dT)	EX_cortical	INH_midbrain	7	0.06756151691301789	0.07173151311806773	0.1566926350482952	49.0
ENSMUSG00000061911.16:B1	J:29585228-29616700	junction	29585228	29616700	2	random hexamer	EX_cortical	INH_migrating_interneuron	4	0.07455871911565559	0.18942307692307694	0.07391739508764013	22.0
ENSMUSG00000061911.16:B1	J:29616796-29694311	junction	29616796	29694311	1,2	random hexamer	EX_cortical	EX_cerebellum_granule	3	0.09242563588701358	0.0	0.0	21.0
ENSMUSG00000061911.16:B1	J:29694418-29780939	junction	29694418	29780939	1,2	poly(dT)	INH_medium_spiny	EX_cerebellum_granule	3	0.0768834148288855	0.022727272727272745	0.022727272727272745	20.0
ENSMUSG00000061911.16:B1	J:29694418-29780939	junction	29694418	29780939	1,2	random hexamer	INH_medium_spiny	INH_migrating_interneuron	3	0.06237039927840234	-0.07936507936507937	0.22222222222222224	24.0
ENSMUSG00000061911.16:B1	J:29833674-29833853	junction	29833674	29833853	1,2	poly(dT)	EX_cortical	EX_cerebellum_granule	5	0.07800224609476392	-0.018181818181818167	0.018181818181818167	45.0
ENSMUSG00000061911.16:B1	J:29833674-29833853	junction	29833674	29833853	1,2	random hexamer	INH_medium_spiny	EX_cortical	5	0.06434010359976827	0.0	0.0	38.0
ENSMUSG00000061911.16:B1	J:29833887-29834249	junction	29833887	29834249	1,2	poly(dT)	EX_cortical	EX_cerebellum_granule	4	0.0696271829740289	-0.10112781954887218	0.07526906654089262	37.0
ENSMUSG00000061911.16:B1	J:29834312-29861371	junction	29834312	29861371	1,2	poly(dT)	EX_cortical	EX_cerebellum_granule	5	0.07800224609476392	-0.23849206349206348	0.11006623215052631	37.0
ENSMUSG00000061911.16:B1	J:29834312-29861371	junction	29834312	29861371	1,2	random hexamer	INH_medium_spiny	EX_cortical	4	0.05213835226154895	0.06874999999999998	0.15914903189102927	24.0
ENSMUSG00000061911.16:B1	J:29861733-29876864	junction	29861733	29876864	1,2	random hexamer	EX_cortical	EX_cerebellum_granule	4	0.06774217960845125	0.047384510869565216	0.042336666373526705	38.0
ENSMUSG00000061911.16:B1	J:29877830-29882286	junction	29877830	29882286	2	random hexamer	INH_medium_spiny	EX_cortical	3	0.07695104678150916	0.11759259259259262	0.060355883287897295	21.0
ENSMUSG00000061911.16:B1	J:29882421-29886348	junction	29882421	29886348	1,2	random hexamer	INH_medium_spiny	EX_cerebellum_granule	4	0.06317523478554712	-0.04411764705882354	0.04411764705882354	36.0
ENSMUSG00000061911.16:B1	J:29886439-29888038	junction	29886439	29888038	1,2	random hexamer	INH_medium_spiny	EX_cerebellum_granule	3	0.07356465912972447	0.0	0.0	28.0
ENSMUSG00000061911.16:B1	J:29888146-29892393	junction	29888146	29892393	1,2	random hexamer	INH_medium_spiny	INH_migrating_interneuron	3	0.0734014877901387	0.0	0.0	35.0
ENSMUSG00000061911.16:B1	J:29890391-29892393	junction	29890391	29892393	3	random hexamer	INH_migrating_interneuron	INH_medium_spiny	3	0.07340148779013865	0.0	0.0	35.0
ENSMUSG00000062044.17:B1	E:45433161-45433370	exon	45433161	45433370	1	random hexamer	EX_cortical	INH_midbrain	11	0.12909590924067535	-0.0632327123032743	0.04937130205653024	66.60176991150442
ENSMUSG00000062044.17:B1	E:45433370-45433404	exon	45433370	45433404	1,2	random hexamer	EX_hippocampus_granule	INH_midbrain	3	0.050431146652640035	-0.5641049750342365	0.26380720021877097	18.707964601769913
ENSMUSG00000062044.17:B1	E:45434803-45434992	exon	45434803	45434992	3	random hexamer	INH_midbrain	EX_hippocampus_granule	3	0.05043114665264014	0.04717780728688855	0.0906672316257783	18.707964601769913
ENSMUSG00000062044.17:B3	E:45453533-45453568	exon	45453533	45453568	2	poly(dT)	EX_cortical	INH_migrating_interneuron	6	0.07091602863102414	-0.3817134407280918	0.17945472663807427	11.836820083682008
ENSMUSG00000062044.17:B3	E:45453533-45453568	exon	45453533	45453568	2	random hexamer	INH_midbrain	EX_hippocampus_granule	5	0.10537337639086367	-0.02846932698034544	0.02846932698034544	21.983263598326356
ENSMUSG00000062078.16:B2	E:10432362-10433123	exon	10432362	10433123	2,3	poly(dT)	INH_migrating_interneuron	ASC	6	0.22348284981328034	-0.0705180685784181	0.09169690207047644	13.48166666666667
ENSMUSG00000062078.16:B2	E:10432362-10433123	exon	10432362	10433123	2,3	random hexamer	INH_migrating_interneuron	EX_cerebellum_granule	3	0.2647281419209783	0.3613742327869507	0.18943565420799047	7.013333333333334
ENSMUSG00000062078.16:B2	E:10433123-10434403	exon	10433123	10434403	3	poly(dT)	EX_cortical	ODC	4	0.21730719582499142	0.031032938039538632	0.031032938039538632	8.195
ENSMUSG00000062078.16:B2	E:10433123-10434403	exon	10433123	10434403	3	random hexamer	EX_cortical	ODC	4	0.22107485719098086	0.3547978539455371	0.19918547686610957	14.926666666666666
ENSMUSG00000062078.16:B2	J:10432362-10435088	junction	10432362	10435088	1	poly(dT)	EX_cerebellum_granule	ASC	3	0.12414861353690539	0.0	0.0	26.0
ENSMUSG00000062078.16:B2	J:10433123-10435088	junction	10433123	10435088	2	poly(dT)	ASC	EX_cerebellum_granule	3	0.1728026993931978	0.0787037037037037	0.039555572894988573	26.0
ENSMUSG00000062115.16:B1	E:59995838-59996220	exon	59995838	59996220	1	random hexamer	INH_medium_spiny	INH_midbrain	4	0.09370871003343435	0.23906676384814646	0.12026064564824153	11.392437126831918
ENSMUSG00000062115.16:B1	E:60030909-60031066	exon	60030909	60031066	2	random hexamer	INH_migrating_interneuron	INH_midbrain	4	0.11275487650641523	-0.11171959303981019	0.1762428566169238	10.301972136783066
ENSMUSG00000062115.16:B1	E:60031066-60031196	exon	60031066	60031196	1,2	random hexamer	INH_migrating_interneuron	INH_midbrain	4	0.13231189282886507	-0.22673193446495085	0.18415021594728448	10.301972136783066
ENSMUSG00000062115.16:B1	E:60066704-60066787	exon	60066704	60066787	3	random hexamer	INH_midbrain	INH_migrating_interneuron	4	0.13231189282886496	0.1038441304674583	0.10384413046745829	10.301972136783066
ENSMUSG00000062590.14:B1	E:86082519-86082531	exon	86082519	86082531	2	poly(dT)	EX_cortical	INH_medium_spiny	13	0.09082595788057948	-0.021977762785782347	0.10544750081730987	103.3448275862069
ENSMUSG00000062590.14:B1	E:86082519-86082531	exon	86082519	86082531	2	random hexamer	EX_cortical	INH_medium_spiny	4	0.135975699969728	0.20406355595309084	0.18277464407322017	9.0
ENSMUSG00000062590.14:B1	E:86082531-86082536	exon	86082531	86082536	2,3	poly(dT)	INH_midbrain	EX_cortical	19	0.11827930578289603	-0.04501994674499963	0.05977758887194547	118.0689655172414
ENSMUSG00000062590.14:B1	E:86082531-86082536	exon	86082531	86082536	2,3	random hexamer	INH_midbrain	EX_cortical	6	0.15504602914438984	0.009881730469965775	0.0922751554225427	23.0
ENSMUSG00000062785.15:B2	E:44247804-44247807	exon	44247804	44247807	3	poly(dT)	INH_migrating_interneuron	EX_cortical	3	0.09662811733844394	0.329872353094414	0.329872353094414	4.821797909145608
ENSMUSG00000062785.15:B2	E:44247804-44247807	exon	44247804	44247807	3	random hexamer	EX_hippocampus_granule	EX_cortical	4	0.07324402976107838	0.35919220323394396	0.22098081300976952	20.748382972322503
ENSMUSG00000062866.17:B1	E:13199807-13200033	exon	13199807	13200033	1	random hexamer	EX_cortical	INH_midbrain	3	0.2343853988836825	0.0	0.0	6.18452380952381
ENSMUSG00000062866.17:B1	E:13264438-13264714	exon	13264438	13264714	2	random hexamer	INH_midbrain	EX_cortical	3	0.2343853988836825	-0.014612997566692263	0.050637262781308534	6.18452380952381
ENSMUSG00000063077.16:B1	E:149391963-149392080	exon	149391963	149392080	2,3	random hexamer	ASC	EX_hippocampus_pyramidal	3	0.05399459659725211	0.17501612056615326	0.050853577432113356	6.82051282051282
ENSMUSG00000063077.16:B1	E:149392080-149392149	exon	149392080	149392149	3	poly(dT)	ODC	EX_cerebellum_granule	3	0.16133601200030512	-0.12291717264910901	0.3188393645671002	10.294871794871796
ENSMUSG00000063077.16:B1	E:149392080-149392149	exon	149392080	149392149	3	random hexamer	EX_hippocampus_granule	EX_cerebellum_granule	4	0.17059832417844653	-0.02423595652582572	0.1758615203737607	7.0256410256410255
ENSMUSG00000063077.16:B2	E:149349801-149349819	exon	149349801	149349819	2	poly(dT)	ASC	EX_cerebellum_granule	14	0.13570003604082764	0.12598284229841203	0.07907364735121451	94.74003189792664
ENSMUSG00000063077.16:B2	E:149349801-149349819	exon	149349801	149349819	2	random hexamer	ODC	EX_cerebellum_granule	6	0.12682434767802128	0.5599478562192367	0.179700681463146	38.96271929824562
ENSMUSG00000063077.16:B2	J:149348147-149349801	junction	149348147	149349801	2	poly(dT)	ASC	EX_cerebellum_granule	6	0.1255320715416873	0.43167388167388165	0.13771607292822804	46.0
ENSMUSG00000063077.16:B2	J:149348147-149349801	junction	149348147	149349801	2	random hexamer	ASC	EX_cerebellum_granule	4	0.08161473915897388	0.4487262737262737	0.1689457447515701	63.0
ENSMUSG00000063077.16:B2	J:149348147-149350708	junction	149348147	149350708	1	poly(dT)	EX_cerebellum_granule	ASC	13	0.14299298121345957	0.15382706025418574	0.053940171355822054	160.0
ENSMUSG00000063077.16:B2	J:149348147-149350708	junction	149348147	149350708	1	random hexamer	EX_cerebellum_granule	ASC	6	0.10874369615867834	0.2920651301456256	0.11136564304751927	104.0
ENSMUSG00000063077.16:B2	J:149349819-149350708	junction	149349819	149350708	2	poly(dT)	ASC	EX_cerebellum_granule	10	0.14481571336836258	0.20537374905795955	0.07674542488086022	104.0
ENSMUSG00000063077.16:B2	J:149349819-149350708	junction	149349819	149350708	2	random hexamer	ASC	EX_cerebellum_granule	5	0.09786481197935867	0.4687491455912509	0.12005811560426326	73.0
ENSMUSG00000063646.19:B2	J:37300202-37305294	junction	37300202	37305294	2	poly(dT)	EX_cortical	INH_medium_spiny	3	0.056851113700917444	-0.15384615384615385	0.15384615384615388	32.0
ENSMUSG00000063870.13:B1	E:125072943-125073124	exon	125072943	125073124	2	poly(dT)	ASC	INH_migrating_interneuron	4	0.09227358339006872	0.0706929074878384	0.07139828498161437	16.626262626262623
ENSMUSG00000063870.13:B1	E:125072943-125073124	exon	125072943	125073124	2	random hexamer	INH_midbrain	EX_cortical	6	0.08523623725697398	-0.04857463582867042	0.049390650958301634	24.363636363636363
ENSMUSG00000064043.16:B1	E:47451867-47451891	exon	47451867	47451891	1	random hexamer	INH_migrating_interneuron	INH_midbrain	3	0.25954712676734476	0.11097906364839076	0.35266024891641823	9.82552693208431
ENSMUSG00000064043.16:B1	E:47452057-47452110	exon	47452057	47452110	1	random hexamer	INH_migrating_interneuron	INH_midbrain	3	0.25954712676734476	0.01924561579903163	0.11723275665077973	9.82552693208431
ENSMUSG00000064043.16:B1	E:47452749-47452835	exon	47452749	47452835	1	random hexamer	INH_migrating_interneuron	INH_midbrain	3	0.25954712676734476	-0.24770226275429327	0.1840352403620393	9.82552693208431
ENSMUSG00000064043.16:B1	E:47541155-47541242	exon	47541155	47541242	1	random hexamer	INH_migrating_interneuron	INH_midbrain	3	0.25954712676734476	0.19659655586824745	0.19659655586824748	9.82552693208431
ENSMUSG00000064043.16:B1	E:47597667-47597782	exon	47597667	47597782	1	random hexamer	INH_migrating_interneuron	INH_midbrain	3	0.25954712676734476	0.19729675014588025	0.41828529833784384	9.82552693208431
ENSMUSG00000064043.16:B1	E:47604994-47605112	exon	47604994	47605112	2	random hexamer	INH_midbrain	INH_migrating_interneuron	3	0.25954712676734476	-0.12960204544517298	0.12960204544517298	9.82552693208431
ENSMUSG00000064043.16:B1	J:47452110-47452749	junction	47452110	47452749	1	poly(dT)	INH_medium_spiny	EX_cortical	3	0.10403600591462836	-0.2424430641821946	0.18251794668123725	25.0
ENSMUSG00000064043.16:B1	J:47541242-47597667	junction	47541242	47597667	1	random hexamer	INH_migrating_interneuron	EX_cortical	3	0.20563610779421837	0.0	0.0	21.0
ENSMUSG00000065954.12:B1	E:25691465-25691558	exon	25691465	25691558	2	poly(dT)	EX_cerebellum_granule	EX_cortical	3	0.36278146271319195	0.0	0.0	5.9573170731707314
ENSMUSG00000065954.12:B1	E:25691465-25691558	exon	25691465	25691558	2	random hexamer	EX_cerebellum_granule	INH_medium_spiny	3	0.24244348601792423	-0.23566081897527358	0.33993343883070265	11.362804878048781
ENSMUSG00000066036.15:B1	E:139159792-139159825	exon	139159792	139159825	2	random hexamer	INH_medium_spiny	EX_cortical	4	0.11166428244752352	0.32213533238129133	0.27805320680973394	9.728902649769585
ENSMUSG00000066129.18:B1	E:139474611-139474754	exon	139474611	139474754	2	random hexamer	INH_midbrain	ODC	5	0.05451293610339301	-0.24139460156636883	0.11443405860399433	16.435555555555556
ENSMUSG00000067629.14:B1	E:27160226-27160425	exon	27160226	27160425	1	poly(dT)	INH_medium_spiny	EX_cortical	3	0.2901304413697768	0.2583381050623948	0.1675844321869819	6.204918032786885
ENSMUSG00000067629.14:B1	E:27160226-27160425	exon	27160226	27160425	1	random hexamer	EX_hippocampus_granule	EX_cortical	4	0.26994246636283625	-0.019920595960852792	0.1259843379143418	10.59016393442623
ENSMUSG00000067629.14:B1	E:27160425-27160492	exon	27160425	27160492	1,2	random hexamer	EX_hippocampus_granule	EX_cortical	4	0.2011874807540124	-0.08630650727173186	0.2781526450091118	10.59016393442623
ENSMUSG00000067629.14:B1	E:27163606-27163728	exon	27163606	27163728	1,2	random hexamer	EX_hippocampus_granule	EX_cortical	4	0.2011874807540124	-0.09646016499170779	0.11898392832423191	10.59016393442623
ENSMUSG00000067629.14:B1	E:27165606-27165712	exon	27165606	27165712	1,2	random hexamer	EX_hippocampus_granule	EX_cortical	4	0.2011874807540124	0.10777231527548842	0.0642086797831148	10.59016393442623
ENSMUSG00000067629.14:B1	E:27171111-27171410	exon	27171111	27171410	3	random hexamer	EX_cortical	EX_hippocampus_granule	4	0.20118748075401244	-0.06129864473320942	0.09236313545339749	10.59016393442623
ENSMUSG00000067629.14:B1	J:27165712-27171535	junction	27165712	27171535	1,2	random hexamer	EX_hippocampus_granule	EX_cortical	4	0.2011874807540124	0.1295383059291698	0.1300324139506562	45.0
ENSMUSG00000067629.14:B1	J:27171410-27171535	junction	27171410	27171535	3	random hexamer	EX_cortical	EX_hippocampus_granule	4	0.20118748075401244	0.0004083930052646758	0.027129592761412104	45.0
ENSMUSG00000068151.9:B1	E:60961461-60961469	exon	60961461	60961469	3	random hexamer	INH_midbrain	EX_cortical	4	0.18530395981335207	0.0005983148154563491	0.01360048299288799	56.55474452554744
ENSMUSG00000068373.16:B2	E:104088508-104088853	exon	104088508	104088853	2	random hexamer	INH_medium_spiny	INH_midbrain	3	0.0532663080860848	-0.2970426675370698	0.170902473434048	19.43015939765309
ENSMUSG00000068923.15:B1	E:88659218-88659358	exon	88659218	88659358	1	poly(dT)	ASC	ODC	3	0.16569978499963559	0.0	0.0	8.733870967741936
ENSMUSG00000068923.15:B1	E:88659218-88659358	exon	88659218	88659358	1	random hexamer	INH_migrating_interneuron	ODC	5	0.2587102100691239	0.0026465016899354125	0.09461953468822294	18.95967741935484
ENSMUSG00000068923.15:B1	E:88669032-88669856	exon	88669032	88669856	2	poly(dT)	ODC	ASC	3	0.16569978499963567	-0.04841351769279211	0.06421502826412474	8.733870967741936
ENSMUSG00000068923.15:B1	E:88669032-88669856	exon	88669032	88669856	2	random hexamer	ODC	INH_migrating_interneuron	5	0.25871021006912387	-0.007931893779042954	0.14562618780085396	18.95967741935484
ENSMUSG00000068923.15:B1	E:88679597-88679906	exon	88679597	88679906	2	poly(dT)	ODC	ASC	3	0.16569978499963567	-0.0517033153288304	0.1020940747123496	8.733870967741936
ENSMUSG00000068923.15:B1	E:88679597-88679906	exon	88679597	88679906	2	random hexamer	ODC	INH_migrating_interneuron	5	0.25871021006912387	0.11159358299996935	0.2138164951041663	18.95967741935484
ENSMUSG00000068923.15:B1	J:88656209-88659218	junction	88656209	88659218	1	poly(dT)	INH_migrating_interneuron	EX_cortical	3	0.11980018276081839	0.0	0.0	17.0
ENSMUSG00000068923.15:B1	J:88656209-88669032	junction	88656209	88669032	2	poly(dT)	EX_cortical	INH_migrating_interneuron	3	0.11980018276081837	0.0	0.0	17.0
ENSMUSG00000068923.15:B1	J:88669856-88679597	junction	88669856	88679597	2	poly(dT)	INH_midbrain	EX_cortical	4	0.07083022825584001	0.0	0.0	29.0
ENSMUSG00000068923.15:B1	J:88669856-88679597	junction	88669856	88679597	2	random hexamer	EX_cerebellum_granule	EX_cortical	3	0.10846675293675188	0.0	0.0	26.0
ENSMUSG00000069729.15:B1	E:5045213-5045348	exon	5045213	5045348	2	random hexamer	EX_cerebellum_granule	EX_cortical	4	0.09538757036029234	0.1061448891601832	0.1994293603351057	18.23611111111111
ENSMUSG00000069729.15:B1	E:5045348-5046695	exon	5045348	5046695	2,3	random hexamer	EX_cerebellum_granule	INH_migrating_interneuron	3	0.1248483041342137	0.27250583961962754	0.17859719046429423	15.027777777777779
ENSMUSG00000069729.15:B2	E:5314306-5314396	exon	5314306	5314396	2	random hexamer	EX_cerebellum_granule	ASC	4	0.15643961110063834	-0.17206504392968625	0.16270292314609197	11.741803278688524
ENSMUSG00000069729.15:B2	J:5293346-5329477	junction	5293346	5329477	1	random hexamer	EX_cortical	INH_migrating_interneuron	4	0.09896106376497824	0.0	0.0	27.0
ENSMUSG00000069729.15:B3	E:5364148-5364307	exon	5364148	5364307	2	random hexamer	ASC	EX_cerebellum_granule	4	0.15643951339475204	-0.20433274981166968	0.3377321111066327	7.862337662337661
ENSMUSG00000070000.14:B1	E:72173948-72173951	exon	72173948	72173951	1	random hexamer	INH_migrating_interneuron	EX_cortical	3	0.06351749656901869	0.0450942557261775	0.035481016227423064	7.188679245283018
ENSMUSG00000070000.14:B1	E:72174462-72174503	exon	72174462	72174503	2	random hexamer	EX_cortical	INH_migrating_interneuron	3	0.06351749656901877	-0.03197839406739115	0.09714942388998776	7.188679245283018
ENSMUSG00000070000.14:B1	E:72178276-72178360	exon	72178276	72178360	2	random hexamer	EX_cortical	INH_migrating_interneuron	3	0.06351749656901877	0.11522719546692879	0.2516238082938195	7.188679245283018
ENSMUSG00000071337.12:B1	E:86381200-86381294	exon	86381200	86381294	1	random hexamer	INH_migrating_interneuron	EX_cortical	3	0.17566185157391004	-0.04801182441825158	0.05222600394132432	11.823529411764705
ENSMUSG00000072825.12:B2	E:112698517-112698519	exon	112698517	112698519	1	random hexamer	INH_midbrain	EX_cerebellum_granule	5	0.0911341247064047	-0.04026377556722924	0.04026377556722924	16.554852320675106
ENSMUSG00000072825.12:B2	E:112698933-112698935	exon	112698933	112698935	2	random hexamer	EX_cerebellum_granule	INH_midbrain	5	0.09113412470640483	-0.16306028268183653	0.09473618390962102	16.554852320675106
ENSMUSG00000072825.12:B3	E:112701982-112702259	exon	112701982	112702259	2	random hexamer	ASC	EX_cerebellum_granule	3	0.07566639211239623	-0.30348375779971054	0.07281029094634428	6.82878001482918
ENSMUSG00000072825.12:B3	E:112702589-112703302	exon	112702589	112703302	2	random hexamer	ASC	EX_cerebellum_granule	3	0.07566639211239623	-0.10339081092435783	0.10339081092435785	6.82878001482918
ENSMUSG00000072825.12:B3	E:112703591-112703765	exon	112703591	112703765	2	random hexamer	ASC	EX_cerebellum_granule	3	0.07566639211239623	-0.3352820762793595	0.21766226976837458	6.82878001482918
ENSMUSG00000072825.12:B3	E:112704007-112704098	exon	112704007	112704098	2	random hexamer	ASC	EX_cerebellum_granule	3	0.07566639211239623	-0.5488336911125222	0.20485179131528414	6.82878001482918
ENSMUSG00000072825.12:B3	E:112704272-112705765	exon	112704272	112705765	2	random hexamer	ASC	EX_cerebellum_granule	3	0.07566639211239623	0.09049017024092432	0.29752245382480963	6.82878001482918
ENSMUSG00000072825.12:B4	J:112705943-112707207	junction	112705943	112707207	2	random hexamer	INH_midbrain	EX_cortical	4	0.05450898462241113	0.008522727272727293	0.04434609649230337	23.0
ENSMUSG00000072825.12:B4	J:112705943-112707312	junction	112705943	112707312	1	random hexamer	EX_cortical	INH_midbrain	4	0.054508984622411126	0.008522727272727276	0.04434609649230339	23.0
ENSMUSG00000072825.12:B5	E:112713021-112713026	exon	112713021	112713026	3	random hexamer	EX_cerebellum_granule	INH_midbrain	6	0.06070606435649698	0.0	0.0	12.094853683148335
ENSMUSG00000075318.14:B1	E:65451114-65451359	exon	65451114	65451359	2	poly(dT)	INH_medium_spiny	INH_midbrain	5	0.07446468066192209	0.4388650591506839	0.24183474183210002	18.22012578616352
ENSMUSG00000075318.14:B1	E:65499108-65499158	exon	65499108	65499158	3	poly(dT)	EX_cerebellum_granule	INH_midbrain	4	0.14965147820607821	0.23979228560627944	0.2496366309580255	8.468553459119496
ENSMUSG00000075318.14:B1	E:65499108-65499158	exon	65499108	65499158	3	random hexamer	INH_medium_spiny	EX_cerebellum_granule	4	0.10717601461459775	-0.05286571393376273	0.13718170645120925	12.569182389937108
ENSMUSG00000075318.14:B1	J:65451359-65500788	junction	65451359	65500788	2	poly(dT)	EX_cortical	INH_midbrain	4	0.101427104186099	0.40264423076923084	0.09109599640132136	37.0
ENSMUSG00000075318.14:B1	J:65451359-65500788	junction	65451359	65500788	2	random hexamer	EX_cortical	INH_migrating_interneuron	3	0.0668626453710659	-0.09242979242979248	0.2694965449808084	19.0
ENSMUSG00000075318.14:B1	J:65499158-65500788	junction	65499158	65500788	3	poly(dT)	INH_midbrain	EX_cortical	4	0.11253369019440729	0.40520833333333334	0.09073668086628267	39.0
ENSMUSG00000075318.14:B1	J:65499158-65500788	junction	65499158	65500788	3	random hexamer	EX_cortical	INH_migrating_interneuron	3	0.2274970608472077	0.06137566137566138	0.3527779513671475	19.0
ENSMUSG00000075318.14:B2	E:65512846-65512938	exon	65512846	65512938	1	random hexamer	INH_midbrain	EX_cortical	3	0.09719426211835737	0.3333333333333333	0.33333333333333337	5.382783882783882
ENSMUSG00000075318.14:B2	E:65513033-65513125	exon	65513033	65513125	2	random hexamer	EX_cortical	INH_midbrain	3	0.09719426211835737	0.1393093559644626	0.12069639971464888	5.382783882783882
ENSMUSG00000078307.4:B1	E:52590588-52590729	exon	52590588	52590729	1	poly(dT)	INH_medium_spiny	EX_cortical	6	0.05044983420293583	0.23758259898299658	0.3097290003625203	13.951589331384726
ENSMUSG00000078307.4:B1	E:52590882-52591080	exon	52590882	52591080	2	poly(dT)	EX_cortical	INH_medium_spiny	6	0.05044983420293584	0.10259977458410983	0.18192034600208878	13.951589331384726
ENSMUSG00000085438.3:B1	E:119424756-119424760	exon	119424756	119424760	1	poly(dT)	ASC	EX_cortical	3	0.06897050291497935	0.0	0.0	5.634408602150537
ENSMUSG00000085438.3:B1	E:119424756-119424760	exon	119424756	119424760	1	random hexamer	ASC	EX_cortical	3	0.06897050291497935	0.0	0.0	5.741935483870968
ENSMUSG00000085438.3:B3	E:119433437-119437983	exon	119433437	119437983	3	poly(dT)	ASC	EX_cortical	3	0.06848074731269582	0.24854164692888636	0.13129075731322024	8.773584905660378
ENSMUSG00000095562.9:B1	E:168792817-168792902	exon	168792817	168792902	2	random hexamer	INH_midbrain	EX_cortical	4	0.06009500011838585	0.0	0.0	9.40251572327044
ENSMUSG00000095562.9:B1	E:168793669-168793739	exon	168793669	168793739	2,3	random hexamer	INH_midbrain	EX_cortical	4	0.07169695412998756	0.0	0.0	9.40251572327044
ENSMUSG00000095562.9:B1	E:168793760-168793765	exon	168793760	168793765	2,3	random hexamer	INH_midbrain	EX_cortical	4	0.07169695412998756	0.0	0.0	9.40251572327044
ENSMUSG00000097391.9:B2	E:109704241-109704245	exon	109704241	109704245	1,2	random hexamer	INH_midbrain	EX_cortical	3	0.10784211091481317	0.42860783578479733	0.12252449510937427	11.285714285714286
ENSMUSG00000097391.9:B2	E:109706059-109706197	exon	109706059	109706197	3,4	random hexamer	EX_cortical	INH_midbrain	3	0.1078421109148131	-0.10932626969339405	0.2783127559942068	11.285714285714286
ENSMUSG00000097391.9:B2	E:109706197-109707937	exon	109706197	109707937	4	random hexamer	EX_cortical	INH_midbrain	3	0.09085722891878313	-0.1721130089161027	0.17211300891610273	11.285714285714286
ENSMUSG00000097391.9:B2	E:109708127-109708249	exon	109708127	109708249	1,2,3	random hexamer	INH_midbrain	EX_cortical	3	0.09085722891878313	0.4254110456161855	0.14542056138745577	11.285714285714286
ENSMUSG00000097391.9:B2	E:109708495-109708724	exon	109708495	109708724	1,2,3	random hexamer	INH_midbrain	EX_cortical	3	0.09085722891878313	-0.07147173009471419	0.17063879598110032	11.285714285714286
ENSMUSG00000097391.9:B2	E:109710099-109710281	exon	109710099	109710281	1,2,3	random hexamer	INH_midbrain	EX_cortical	3	0.09085722891878313	0.326037881378105	0.282234193300602	11.285714285714286
ENSMUSG00000097391.9:B2	E:109710281-109710285	exon	109710281	109710285	2	random hexamer	INH_midbrain	EX_cortical	3	0.11207988229023126	-0.005673327761314999	0.07068485296750592	11.285714285714286
ENSMUSG00000097391.9:B2	E:109714562-109714727	exon	109714562	109714727	1,2,3	random hexamer	INH_midbrain	EX_cortical	3	0.09085722891878313	0.0	0.0	11.285714285714286
ENSMUSG00000097391.9:B2	E:109715528-109715892	exon	109715528	109715892	1,2,3	random hexamer	INH_midbrain	EX_cortical	3	0.09085722891878313	0.07967888809010308	0.07967888809010307	11.285714285714286
ENSMUSG00000097391.9:B2	J:109714727-109715528	junction	109714727	109715528	1,2,3	random hexamer	INH_midbrain	EX_cortical	9	0.0812100137484128	-0.040966696139109936	0.02496310725145394	142.0
ENSMUSG00000097392.5:B2	E:104670249-104670590	exon	104670249	104670590	2,3	poly(dT)	EX_cortical	INH_midbrain	10	0.06206485442147107	0.09884920403820092	0.06134113916156669	31.51159040516025
ENSMUSG00000097392.5:B2	E:104671982-104672014	exon	104671982	104672014	2,3	poly(dT)	EX_cortical	INH_midbrain	10	0.06206485442147107	0.04014005463754318	0.04872534724583755	31.51159040516025
ENSMUSG00000097392.5:B2	E:104672124-104672291	exon	104672124	104672291	2,3	poly(dT)	EX_cortical	INH_midbrain	10	0.06206485442147107	-0.02085695788569893	0.0392601863867239	31.51159040516025
ENSMUSG00000097392.5:B2	E:104673683-104673838	exon	104673683	104673838	2,3	poly(dT)	EX_cortical	INH_midbrain	10	0.06206485442147107	-0.07759965339600591	0.049139120264361125	31.51159040516025
ENSMUSG00000097392.5:B2	E:104686691-104686839	exon	104686691	104686839	2,3	poly(dT)	EX_cortical	INH_midbrain	10	0.06206485442147107	0.023144061738538203	0.10171395930943439	31.51159040516025
ENSMUSG00000097392.5:B2	E:104689031-104689128	exon	104689031	104689128	2,3	poly(dT)	EX_cortical	INH_midbrain	10	0.06206485442147107	0.04683360721550563	0.03192631985895036	31.51159040516025
ENSMUSG00000097392.5:B2	E:104697451-104697556	exon	104697451	104697556	2	poly(dT)	EX_cortical	INH_midbrain	10	0.05569999667999002	0.02901015353977756	0.041346117728783355	31.51159040516025
ENSMUSG00000097392.5:B2	E:104698751-104702073	exon	104698751	104702073	2,3	poly(dT)	EX_cortical	INH_midbrain	10	0.06206485442147107	0.032053414806756886	0.03127738140104889	31.51159040516025
ENSMUSG00000097545.9:B1	E:64824743-64825257	exon	64824743	64825257	1	poly(dT)	EX_hippocampus_granule	INH_midbrain	4	0.2366848238830071	0.19104022126213008	0.0663625665751817	9.36
ENSMUSG00000097545.9:B1	E:64824743-64825257	exon	64824743	64825257	1	random hexamer	EX_hippocampus_granule	INH_midbrain	3	0.30460372734646707	-0.23030553682946472	0.18763711637504843	12.36
ENSMUSG00000097545.9:B1	E:64825483-64825503	exon	64825483	64825503	2	poly(dT)	INH_midbrain	EX_hippocampus_granule	4	0.2366848238830071	0.30832301574529186	0.1250071045639443	9.36
ENSMUSG00000097545.9:B1	E:64825483-64825503	exon	64825483	64825503	2	random hexamer	INH_midbrain	EX_hippocampus_granule	3	0.304603727346467	-0.007008288329265773	0.08044783256918062	12.36
ENSMUSG00000097545.9:B1	J:64825257-64825503	junction	64825257	64825503	1	poly(dT)	EX_cortical	INH_migrating_interneuron	3	0.05757383811216637	-0.06792929292929288	0.25013783059029504	23.0
