strategy	replicate	n_tests	reject_0_05	reject_0_01	reject_0_001	BH_discoveries	variant	fold
Pillai ILR A1	32	1318	0.04552352048558422	0.011380880121396054	0.0007587253414264037	0	baseline	0
Pillai ILR A1	33	1318	0.05311077389984825	0.014415781487101669	0.002276176024279211	0	baseline	0
Pillai ILR A1	34	1318	0.05311077389984825	0.011380880121396054	0.0015174506828528073	0	baseline	0
Pillai ILR A1	35	1318	0.044764795144157814	0.012139605462822459	0.0030349013657056147	0	baseline	0
Pillai ILR A1	36	1318	0.04324734446130501	0.009863429438543247	0.0007587253414264037	0	baseline	0
Pillai ILR A1	37	1318	0.0409711684370258	0.004552352048558422	0.0007587253414264037	0	baseline	0
Pillai ILR A1	38	1318	0.057663125948406675	0.009863429438543247	0.0	0	baseline	0
Pillai ILR A1	39	1318	0.04552352048558422	0.012139605462822459	0.0	0	baseline	0
Pillai ILR A1	40	1318	0.05842185128983308	0.009104704097116844	0.0007587253414264037	0	baseline	0
Pillai ILR A1	41	1318	0.04931714719271624	0.007587253414264037	0.0007587253414264037	0	baseline	0
Pillai ILR A1	42	1318	0.042488619119878605	0.00834597875569044	0.0007587253414264037	0	baseline	0
Pillai ILR A1	43	1318	0.05083459787556904	0.012139605462822459	0.0007587253414264037	0	baseline	0
Pillai ILR A1	44	1318	0.06525037936267071	0.012139605462822459	0.0015174506828528073	0	baseline	0
Pillai ILR A1	45	1318	0.057663125948406675	0.011380880121396054	0.0	0	baseline	0
Pillai ILR A1	46	1318	0.04704097116843703	0.012139605462822459	0.0015174506828528073	0	baseline	0
Pillai ILR A1	47	1318	0.04552352048558422	0.00834597875569044	0.0007587253414264037	0	baseline	0
Pillai ILR A1	48	1318	0.05235204855842185	0.012139605462822459	0.002276176024279211	0	baseline	0
Pillai ILR A1	49	1318	0.048558421851289835	0.005311077389984826	0.0007587253414264037	0	baseline	0
Pillai ILR A1	50	1318	0.04779969650986343	0.009863429438543247	0.002276176024279211	0	baseline	0
Pillai ILR A1	51	1318	0.051593323216995446	0.009863429438543247	0.0015174506828528073	0	baseline	0
Pillai ILR A1	52	1318	0.05918057663125948	0.010622154779969651	0.0015174506828528073	0	baseline	0
Pillai ILR A1	53	1318	0.042488619119878605	0.010622154779969651	0.0015174506828528073	0	baseline	0
Pillai ILR A1	54	1318	0.05311077389984825	0.007587253414264037	0.0007587253414264037	0	baseline	0
Pillai ILR A1	55	1318	0.05007587253414264	0.005311077389984826	0.0007587253414264037	0	baseline	0
Pillai ILR A1	56	1318	0.05538694992412747	0.011380880121396054	0.0015174506828528073	0	baseline	0
Pillai ILR A1	57	1318	0.04779969650986343	0.012898330804248861	0.0030349013657056147	0	baseline	0
Pillai ILR A1	58	1318	0.044764795144157814	0.009104704097116844	0.0	0	baseline	0
Pillai ILR A1	59	1318	0.04021244309559939	0.006828528072837633	0.0015174506828528073	0	baseline	0
Pillai ILR A1	60	1318	0.05083459787556904	0.006828528072837633	0.0015174506828528073	0	baseline	0
Pillai ILR A1	61	1318	0.04704097116843703	0.00834597875569044	0.002276176024279211	0	baseline	0
Pillai ILR A1	62	1318	0.04704097116843703	0.011380880121396054	0.0007587253414264037	0	baseline	0
Pillai ILR A1	63	1318	0.04779969650986343	0.011380880121396054	0.0015174506828528073	0	baseline	0
Pillai ILR A32	32	1318	0.05386949924127466	0.013657056145675266	0.0037936267071320183	0	baseline	0
Pillai ILR A32	33	1318	0.05235204855842185	0.015174506828528073	0.0007587253414264037	0	baseline	0
Pillai ILR A32	34	1318	0.05235204855842185	0.009104704097116844	0.0030349013657056147	0	baseline	0
Pillai ILR A32	35	1318	0.04779969650986343	0.009104704097116844	0.0030349013657056147	0	baseline	0
Pillai ILR A32	36	1318	0.04324734446130501	0.012898330804248861	0.002276176024279211	0	baseline	0
Pillai ILR A32	37	1318	0.0409711684370258	0.006069802731411229	0.002276176024279211	0	baseline	0
Pillai ILR A32	38	1318	0.04552352048558422	0.009863429438543247	0.0030349013657056147	0	baseline	0
Pillai ILR A32	39	1318	0.051593323216995446	0.009863429438543247	0.002276176024279211	0	baseline	0
Pillai ILR A32	40	1318	0.05235204855842185	0.009104704097116844	0.0030349013657056147	0	baseline	0
Pillai ILR A32	41	1318	0.042488619119878605	0.010622154779969651	0.002276176024279211	0	baseline	0
Pillai ILR A32	42	1318	0.04931714719271624	0.009863429438543247	0.002276176024279211	0	baseline	0
Pillai ILR A32	43	1318	0.05386949924127466	0.013657056145675266	0.0037936267071320183	0	baseline	0
Pillai ILR A32	44	1318	0.05614567526555387	0.012139605462822459	0.0037936267071320183	0	baseline	0
Pillai ILR A32	45	1318	0.05007587253414264	0.00834597875569044	0.002276176024279211	0	baseline	0
Pillai ILR A32	46	1318	0.05538694992412747	0.012898330804248861	0.0007587253414264037	0	baseline	0
Pillai ILR A32	47	1318	0.04779969650986343	0.007587253414264037	0.0030349013657056147	0	baseline	0
Pillai ILR A32	48	1318	0.05386949924127466	0.012898330804248861	0.002276176024279211	0	baseline	0
Pillai ILR A32	49	1318	0.051593323216995446	0.006069802731411229	0.0030349013657056147	0	baseline	0
Pillai ILR A32	50	1318	0.05007587253414264	0.011380880121396054	0.0030349013657056147	0	baseline	0
Pillai ILR A32	51	1318	0.04628224582701062	0.012139605462822459	0.0030349013657056147	0	baseline	0
Pillai ILR A32	52	1318	0.05842185128983308	0.014415781487101669	0.004552352048558422	0	baseline	0
Pillai ILR A32	53	1318	0.04779969650986343	0.009863429438543247	0.002276176024279211	0	baseline	0
Pillai ILR A32	54	1318	0.04400606980273141	0.009104704097116844	0.002276176024279211	0	baseline	0
Pillai ILR A32	55	1318	0.04704097116843703	0.00834597875569044	0.0015174506828528073	0	baseline	0
Pillai ILR A32	56	1318	0.05538694992412747	0.011380880121396054	0.0030349013657056147	0	baseline	0
Pillai ILR A32	57	1318	0.054628224582701064	0.009863429438543247	0.0030349013657056147	0	baseline	0
Pillai ILR A32	58	1318	0.044764795144157814	0.009863429438543247	0.0015174506828528073	0	baseline	0
Pillai ILR A32	59	1318	0.04400606980273141	0.00834597875569044	0.002276176024279211	0	baseline	0
Pillai ILR A32	60	1318	0.04931714719271624	0.009104704097116844	0.002276176024279211	0	baseline	0
Pillai ILR A32	61	1318	0.04021244309559939	0.012139605462822459	0.0015174506828528073	0	baseline	0
Pillai ILR A32	62	1318	0.054628224582701064	0.012898330804248861	0.0015174506828528073	0	baseline	0
Pillai ILR A32	63	1318	0.04704097116843703	0.00834597875569044	0.002276176024279211	0	baseline	0
Pillai proportions A1	32	1318	0.05007587253414264	0.007587253414264037	0.0007587253414264037	0	baseline	0
Pillai proportions A1	33	1318	0.051593323216995446	0.007587253414264037	0.0030349013657056147	0	baseline	0
Pillai proportions A1	34	1318	0.054628224582701064	0.00834597875569044	0.002276176024279211	0	baseline	0
Pillai proportions A1	35	1318	0.05083459787556904	0.012898330804248861	0.0030349013657056147	0	baseline	0
Pillai proportions A1	36	1318	0.0409711684370258	0.00834597875569044	0.0030349013657056147	0	baseline	0
Pillai proportions A1	37	1318	0.0417298937784522	0.006828528072837633	0.0015174506828528073	0	baseline	0
Pillai proportions A1	38	1318	0.061456752655538696	0.013657056145675266	0.0015174506828528073	0	baseline	0
Pillai proportions A1	39	1318	0.04779969650986343	0.009104704097116844	0.0015174506828528073	0	baseline	0
Pillai proportions A1	40	1318	0.057663125948406675	0.00834597875569044	0.0	0	baseline	0
Pillai proportions A1	41	1318	0.05235204855842185	0.005311077389984826	0.0007587253414264037	0	baseline	0
Pillai proportions A1	42	1318	0.04779969650986343	0.007587253414264037	0.0015174506828528073	0	baseline	0
Pillai proportions A1	43	1318	0.05311077389984825	0.013657056145675266	0.0015174506828528073	0	baseline	0
Pillai proportions A1	44	1318	0.06904400606980274	0.010622154779969651	0.002276176024279211	0	baseline	0
Pillai proportions A1	45	1318	0.042488619119878605	0.009104704097116844	0.0015174506828528073	0	baseline	0
Pillai proportions A1	46	1318	0.051593323216995446	0.007587253414264037	0.002276176024279211	0	baseline	0
Pillai proportions A1	47	1318	0.044764795144157814	0.006069802731411229	0.0007587253414264037	0	baseline	0
Pillai proportions A1	48	1318	0.05007587253414264	0.010622154779969651	0.002276176024279211	0	baseline	0
Pillai proportions A1	49	1318	0.04779969650986343	0.009104704097116844	0.002276176024279211	0	baseline	0
Pillai proportions A1	50	1318	0.044764795144157814	0.00834597875569044	0.0015174506828528073	0	baseline	0
Pillai proportions A1	51	1318	0.048558421851289835	0.010622154779969651	0.002276176024279211	0	baseline	0
Pillai proportions A1	52	1318	0.05083459787556904	0.009104704097116844	0.0015174506828528073	0	baseline	0
Pillai proportions A1	53	1318	0.04931714719271624	0.007587253414264037	0.0015174506828528073	0	baseline	0
Pillai proportions A1	54	1318	0.04552352048558422	0.006069802731411229	0.0007587253414264037	0	baseline	0
Pillai proportions A1	55	1318	0.0417298937784522	0.004552352048558422	0.0007587253414264037	0	baseline	0
Pillai proportions A1	56	1318	0.04931714719271624	0.012898330804248861	0.0037936267071320183	0	baseline	0
Pillai proportions A1	57	1318	0.05007587253414264	0.009863429438543247	0.002276176024279211	0	baseline	0
Pillai proportions A1	58	1318	0.04400606980273141	0.009104704097116844	0.002276176024279211	0	baseline	0
Pillai proportions A1	59	1318	0.05007587253414264	0.007587253414264037	0.002276176024279211	0	baseline	0
Pillai proportions A1	60	1318	0.05386949924127466	0.00834597875569044	0.0015174506828528073	0	baseline	0
Pillai proportions A1	61	1318	0.04021244309559939	0.00834597875569044	0.002276176024279211	0	baseline	0
Pillai proportions A1	62	1318	0.051593323216995446	0.011380880121396054	0.0007587253414264037	0	baseline	0
Pillai proportions A1	63	1318	0.04931714719271624	0.007587253414264037	0.0015174506828528073	0	baseline	0
maximum-coordinate F ILR A1	32	1318	0.04931714719271624	0.009104704097116844	0.0007587253414264037	0	baseline	0
maximum-coordinate F ILR A1	33	1318	0.05311077389984825	0.012898330804248861	0.0015174506828528073	0	baseline	0
maximum-coordinate F ILR A1	34	1318	0.05614567526555387	0.012898330804248861	0.0015174506828528073	0	baseline	0
maximum-coordinate F ILR A1	35	1318	0.04779969650986343	0.012139605462822459	0.002276176024279211	0	baseline	0
maximum-coordinate F ILR A1	36	1318	0.038694992412746584	0.010622154779969651	0.002276176024279211	0	baseline	0
maximum-coordinate F ILR A1	37	1318	0.03793626707132018	0.0037936267071320183	0.0007587253414264037	0	baseline	0
maximum-coordinate F ILR A1	38	1318	0.05614567526555387	0.012898330804248861	0.0007587253414264037	0	baseline	0
maximum-coordinate F ILR A1	39	1318	0.044764795144157814	0.010622154779969651	0.0015174506828528073	0	baseline	0
maximum-coordinate F ILR A1	40	1318	0.05083459787556904	0.009104704097116844	0.0	0	baseline	0
maximum-coordinate F ILR A1	41	1318	0.048558421851289835	0.009863429438543247	0.0007587253414264037	0	baseline	0
maximum-coordinate F ILR A1	42	1318	0.04704097116843703	0.011380880121396054	0.0015174506828528073	0	baseline	0
maximum-coordinate F ILR A1	43	1318	0.05386949924127466	0.012898330804248861	0.0015174506828528073	0	baseline	0
maximum-coordinate F ILR A1	44	1318	0.05993930197268589	0.009104704097116844	0.002276176024279211	0	baseline	0
maximum-coordinate F ILR A1	45	1318	0.05538694992412747	0.010622154779969651	0.0007587253414264037	0	baseline	0
maximum-coordinate F ILR A1	46	1318	0.05007587253414264	0.010622154779969651	0.0015174506828528073	0	baseline	0
maximum-coordinate F ILR A1	47	1318	0.044764795144157814	0.009104704097116844	0.0015174506828528073	0	baseline	0
maximum-coordinate F ILR A1	48	1318	0.05842185128983308	0.012139605462822459	0.0015174506828528073	0	baseline	0
maximum-coordinate F ILR A1	49	1318	0.05083459787556904	0.009104704097116844	0.0015174506828528073	0	baseline	0
maximum-coordinate F ILR A1	50	1318	0.04704097116843703	0.00834597875569044	0.0015174506828528073	0	baseline	0
maximum-coordinate F ILR A1	51	1318	0.04704097116843703	0.010622154779969651	0.0015174506828528073	0	baseline	0
maximum-coordinate F ILR A1	52	1318	0.054628224582701064	0.011380880121396054	0.0007587253414264037	0	baseline	0
maximum-coordinate F ILR A1	53	1318	0.044764795144157814	0.011380880121396054	0.0015174506828528073	0	baseline	0
maximum-coordinate F ILR A1	54	1318	0.05083459787556904	0.011380880121396054	0.0015174506828528073	0	baseline	0
maximum-coordinate F ILR A1	55	1318	0.05311077389984825	0.007587253414264037	0.0015174506828528073	0	baseline	0
maximum-coordinate F ILR A1	56	1318	0.05614567526555387	0.010622154779969651	0.0015174506828528073	0	baseline	0
maximum-coordinate F ILR A1	57	1318	0.04552352048558422	0.011380880121396054	0.0037936267071320183	0	baseline	0
maximum-coordinate F ILR A1	58	1318	0.044764795144157814	0.009104704097116844	0.0	0	baseline	0
maximum-coordinate F ILR A1	59	1318	0.036418816388467376	0.009104704097116844	0.0007587253414264037	0	baseline	0
maximum-coordinate F ILR A1	60	1318	0.048558421851289835	0.007587253414264037	0.0007587253414264037	0	baseline	0
maximum-coordinate F ILR A1	61	1318	0.04400606980273141	0.009863429438543247	0.0015174506828528073	0	baseline	0
maximum-coordinate F ILR A1	62	1318	0.036418816388467376	0.012139605462822459	0.0007587253414264037	0	baseline	0
maximum-coordinate F ILR A1	63	1318	0.04628224582701062	0.009104704097116844	0.002276176024279211	0	baseline	0
maximum-coordinate F ILR A32	32	1318	0.05083459787556904	0.011380880121396054	0.002276176024279211	0	baseline	0
maximum-coordinate F ILR A32	33	1318	0.054628224582701064	0.011380880121396054	0.0007587253414264037	0	baseline	0
maximum-coordinate F ILR A32	34	1318	0.05918057663125948	0.010622154779969651	0.002276176024279211	0	baseline	0
maximum-coordinate F ILR A32	35	1318	0.051593323216995446	0.010622154779969651	0.0015174506828528073	0	baseline	0
maximum-coordinate F ILR A32	36	1318	0.04931714719271624	0.013657056145675266	0.002276176024279211	0	baseline	0
maximum-coordinate F ILR A32	37	1318	0.04704097116843703	0.009104704097116844	0.002276176024279211	0	baseline	0
maximum-coordinate F ILR A32	38	1318	0.04931714719271624	0.00834597875569044	0.0030349013657056147	0	baseline	0
maximum-coordinate F ILR A32	39	1318	0.05311077389984825	0.013657056145675266	0.0037936267071320183	0	baseline	0
maximum-coordinate F ILR A32	40	1318	0.05538694992412747	0.009104704097116844	0.002276176024279211	0	baseline	0
maximum-coordinate F ILR A32	41	1318	0.05007587253414264	0.012898330804248861	0.002276176024279211	0	baseline	0
maximum-coordinate F ILR A32	42	1318	0.05083459787556904	0.011380880121396054	0.002276176024279211	0	baseline	0
maximum-coordinate F ILR A32	43	1318	0.057663125948406675	0.013657056145675266	0.004552352048558422	0	baseline	0
maximum-coordinate F ILR A32	44	1318	0.05993930197268589	0.014415781487101669	0.0037936267071320183	0	baseline	0
maximum-coordinate F ILR A32	45	1318	0.044764795144157814	0.00834597875569044	0.0030349013657056147	0	baseline	0
maximum-coordinate F ILR A32	46	1318	0.05614567526555387	0.011380880121396054	0.0007587253414264037	0	baseline	0
maximum-coordinate F ILR A32	47	1318	0.0409711684370258	0.009104704097116844	0.0030349013657056147	0	baseline	0
maximum-coordinate F ILR A32	48	1318	0.05235204855842185	0.01669195751138088	0.002276176024279211	0	baseline	0
maximum-coordinate F ILR A32	49	1318	0.051593323216995446	0.00834597875569044	0.0037936267071320183	0	baseline	0
maximum-coordinate F ILR A32	50	1318	0.03945371775417299	0.009104704097116844	0.002276176024279211	0	baseline	0
maximum-coordinate F ILR A32	51	1318	0.044764795144157814	0.012139605462822459	0.0030349013657056147	0	baseline	0
maximum-coordinate F ILR A32	52	1318	0.05538694992412747	0.013657056145675266	0.0037936267071320183	0	baseline	0
maximum-coordinate F ILR A32	53	1318	0.05083459787556904	0.012139605462822459	0.002276176024279211	0	baseline	0
maximum-coordinate F ILR A32	54	1318	0.05083459787556904	0.011380880121396054	0.0030349013657056147	0	baseline	0
maximum-coordinate F ILR A32	55	1318	0.051593323216995446	0.010622154779969651	0.0015174506828528073	0	baseline	0
maximum-coordinate F ILR A32	56	1318	0.05918057663125948	0.013657056145675266	0.0030349013657056147	0	baseline	0
maximum-coordinate F ILR A32	57	1318	0.05007587253414264	0.012139605462822459	0.0037936267071320183	0	baseline	0
maximum-coordinate F ILR A32	58	1318	0.04704097116843703	0.012139605462822459	0.0015174506828528073	0	baseline	0
maximum-coordinate F ILR A32	59	1318	0.03945371775417299	0.011380880121396054	0.0015174506828528073	0	baseline	0
maximum-coordinate F ILR A32	60	1318	0.04628224582701062	0.011380880121396054	0.002276176024279211	0	baseline	0
maximum-coordinate F ILR A32	61	1318	0.051593323216995446	0.013657056145675266	0.0015174506828528073	0	baseline	0
maximum-coordinate F ILR A32	62	1318	0.05538694992412747	0.009863429438543247	0.0015174506828528073	0	baseline	0
maximum-coordinate F ILR A32	63	1318	0.04628224582701062	0.010622154779969651	0.0030349013657056147	0	baseline	0
maximum-coordinate F proportions A1	32	1318	0.05083459787556904	0.006069802731411229	0.0015174506828528073	0	baseline	0
maximum-coordinate F proportions A1	33	1318	0.05386949924127466	0.009104704097116844	0.0015174506828528073	0	baseline	0
maximum-coordinate F proportions A1	34	1318	0.054628224582701064	0.011380880121396054	0.0030349013657056147	0	baseline	0
maximum-coordinate F proportions A1	35	1318	0.05311077389984825	0.013657056145675266	0.0015174506828528073	0	baseline	0
maximum-coordinate F proportions A1	36	1318	0.03566009104704097	0.006828528072837633	0.002276176024279211	0	baseline	0
maximum-coordinate F proportions A1	37	1318	0.03793626707132018	0.006828528072837633	0.0015174506828528073	0	baseline	0
maximum-coordinate F proportions A1	38	1318	0.05690440060698027	0.013657056145675266	0.0007587253414264037	0	baseline	0
maximum-coordinate F proportions A1	39	1318	0.054628224582701064	0.009104704097116844	0.0015174506828528073	0	baseline	0
maximum-coordinate F proportions A1	40	1318	0.05690440060698027	0.006069802731411229	0.0	0	baseline	0
maximum-coordinate F proportions A1	41	1318	0.05235204855842185	0.006828528072837633	0.0015174506828528073	0	baseline	0
maximum-coordinate F proportions A1	42	1318	0.05386949924127466	0.009104704097116844	0.0015174506828528073	0	baseline	0
maximum-coordinate F proportions A1	43	1318	0.05538694992412747	0.017450682852807285	0.0037936267071320183	0	baseline	0
maximum-coordinate F proportions A1	44	1318	0.0629742033383915	0.011380880121396054	0.0015174506828528073	0	baseline	0
maximum-coordinate F proportions A1	45	1318	0.044764795144157814	0.009863429438543247	0.0007587253414264037	0	baseline	0
maximum-coordinate F proportions A1	46	1318	0.04628224582701062	0.006069802731411229	0.002276176024279211	0	baseline	0
maximum-coordinate F proportions A1	47	1318	0.04400606980273141	0.007587253414264037	0.002276176024279211	0	baseline	0
maximum-coordinate F proportions A1	48	1318	0.054628224582701064	0.010622154779969651	0.0030349013657056147	0	baseline	0
maximum-coordinate F proportions A1	49	1318	0.048558421851289835	0.011380880121396054	0.0030349013657056147	0	baseline	0
maximum-coordinate F proportions A1	50	1318	0.04628224582701062	0.006069802731411229	0.0015174506828528073	0	baseline	0
maximum-coordinate F proportions A1	51	1318	0.04628224582701062	0.012898330804248861	0.002276176024279211	0	baseline	0
maximum-coordinate F proportions A1	52	1318	0.04779969650986343	0.011380880121396054	0.0030349013657056147	0	baseline	0
maximum-coordinate F proportions A1	53	1318	0.05083459787556904	0.009863429438543247	0.0015174506828528073	0	baseline	0
maximum-coordinate F proportions A1	54	1318	0.036418816388467376	0.006828528072837633	0.0015174506828528073	0	baseline	0
maximum-coordinate F proportions A1	55	1318	0.04628224582701062	0.006828528072837633	0.002276176024279211	0	baseline	0
maximum-coordinate F proportions A1	56	1318	0.05311077389984825	0.010622154779969651	0.0037936267071320183	0	baseline	0
maximum-coordinate F proportions A1	57	1318	0.05235204855842185	0.011380880121396054	0.0030349013657056147	0	baseline	0
maximum-coordinate F proportions A1	58	1318	0.04628224582701062	0.011380880121396054	0.002276176024279211	0	baseline	0
maximum-coordinate F proportions A1	59	1318	0.05007587253414264	0.00834597875569044	0.002276176024279211	0	baseline	0
maximum-coordinate F proportions A1	60	1318	0.05538694992412747	0.00834597875569044	0.0015174506828528073	0	baseline	0
maximum-coordinate F proportions A1	61	1318	0.04324734446130501	0.00834597875569044	0.0037936267071320183	0	baseline	0
maximum-coordinate F proportions A1	62	1318	0.04931714719271624	0.00834597875569044	0.0007587253414264037	0	baseline	0
maximum-coordinate F proportions A1	63	1318	0.04931714719271624	0.006828528072837633	0.002276176024279211	0	baseline	0
null-variance Wald A32	32	1318	0.05007587253414264	0.009104704097116844	0.0007587253414264037	0	baseline	0
null-variance Wald A32	33	1318	0.04628224582701062	0.009863429438543247	0.0	0	baseline	0
null-variance Wald A32	34	1318	0.04931714719271624	0.007587253414264037	0.0007587253414264037	0	baseline	0
null-variance Wald A32	35	1318	0.04552352048558422	0.011380880121396054	0.0007587253414264037	0	baseline	0
null-variance Wald A32	36	1318	0.04400606980273141	0.010622154779969651	0.0015174506828528073	0	baseline	0
null-variance Wald A32	37	1318	0.04704097116843703	0.006828528072837633	0.0	0	baseline	0
null-variance Wald A32	38	1318	0.05311077389984825	0.007587253414264037	0.0007587253414264037	0	baseline	0
null-variance Wald A32	39	1318	0.05083459787556904	0.012139605462822459	0.0007587253414264037	0	baseline	0
null-variance Wald A32	40	1318	0.05614567526555387	0.009863429438543247	0.0	0	baseline	0
null-variance Wald A32	41	1318	0.04324734446130501	0.00834597875569044	0.0	0	baseline	0
null-variance Wald A32	42	1318	0.04704097116843703	0.012139605462822459	0.0007587253414264037	0	baseline	0
null-variance Wald A32	43	1318	0.04931714719271624	0.012139605462822459	0.0	0	baseline	0
null-variance Wald A32	44	1318	0.05690440060698027	0.010622154779969651	0.0015174506828528073	0	baseline	0
null-variance Wald A32	45	1318	0.05614567526555387	0.010622154779969651	0.0007587253414264037	0	baseline	0
null-variance Wald A32	46	1318	0.05311077389984825	0.012139605462822459	0.0030349013657056147	0	baseline	0
null-variance Wald A32	47	1318	0.04552352048558422	0.00834597875569044	0.0007587253414264037	0	baseline	0
null-variance Wald A32	48	1318	0.05083459787556904	0.009104704097116844	0.0037936267071320183	0	baseline	0
null-variance Wald A32	49	1318	0.048558421851289835	0.009863429438543247	0.0007587253414264037	0	baseline	0
null-variance Wald A32	50	1318	0.036418816388467376	0.00834597875569044	0.0007587253414264037	0	baseline	0
null-variance Wald A32	51	1318	0.042488619119878605	0.006069802731411229	0.0015174506828528073	0	baseline	0
null-variance Wald A32	52	1318	0.05083459787556904	0.013657056145675266	0.0015174506828528073	0	baseline	0
null-variance Wald A32	53	1318	0.04779969650986343	0.012139605462822459	0.0	0	baseline	0
null-variance Wald A32	54	1318	0.05007587253414264	0.009104704097116844	0.0030349013657056147	0	baseline	0
null-variance Wald A32	55	1318	0.05007587253414264	0.009863429438543247	0.0	0	baseline	0
null-variance Wald A32	56	1318	0.05993930197268589	0.009863429438543247	0.0007587253414264037	0	baseline	0
null-variance Wald A32	57	1318	0.05083459787556904	0.012898330804248861	0.0007587253414264037	0	baseline	0
null-variance Wald A32	58	1318	0.04552352048558422	0.012139605462822459	0.0015174506828528073	0	baseline	0
null-variance Wald A32	59	1318	0.0417298937784522	0.006069802731411229	0.0007587253414264037	0	baseline	0
null-variance Wald A32	60	1318	0.04628224582701062	0.009104704097116844	0.0007587253414264037	0	baseline	0
null-variance Wald A32	61	1318	0.04400606980273141	0.009863429438543247	0.0015174506828528073	0	baseline	0
null-variance Wald A32	62	1318	0.04552352048558422	0.012139605462822459	0.0015174506828528073	0	baseline	0
null-variance Wald A32	63	1318	0.04704097116843703	0.007587253414264037	0.0015174506828528073	0	baseline	0
trace F ILR A1	32	1318	0.05083459787556904	0.011380880121396054	0.0015174506828528073	0	baseline	0
trace F ILR A1	33	1318	0.057663125948406675	0.009104704097116844	0.0015174506828528073	0	baseline	0
trace F ILR A1	34	1318	0.05311077389984825	0.012139605462822459	0.002276176024279211	0	baseline	0
trace F ILR A1	35	1318	0.044764795144157814	0.015174506828528073	0.002276176024279211	0	baseline	0
trace F ILR A1	36	1318	0.042488619119878605	0.009863429438543247	0.0	0	baseline	0
trace F ILR A1	37	1318	0.03717754172989378	0.006069802731411229	0.0015174506828528073	0	baseline	0
trace F ILR A1	38	1318	0.054628224582701064	0.012139605462822459	0.0007587253414264037	0	baseline	0
trace F ILR A1	39	1318	0.0417298937784522	0.009863429438543247	0.0	0	baseline	0
trace F ILR A1	40	1318	0.051593323216995446	0.009104704097116844	0.0007587253414264037	0	baseline	0
trace F ILR A1	41	1318	0.04552352048558422	0.009104704097116844	0.0007587253414264037	0	baseline	0
trace F ILR A1	42	1318	0.04628224582701062	0.009863429438543247	0.002276176024279211	0	baseline	0
trace F ILR A1	43	1318	0.057663125948406675	0.012139605462822459	0.002276176024279211	0	baseline	0
trace F ILR A1	44	1318	0.0622154779969651	0.009863429438543247	0.0007587253414264037	0	baseline	0
trace F ILR A1	45	1318	0.05918057663125948	0.012139605462822459	0.0007587253414264037	0	baseline	0
trace F ILR A1	46	1318	0.05007587253414264	0.011380880121396054	0.0007587253414264037	0	baseline	0
trace F ILR A1	47	1318	0.0417298937784522	0.00834597875569044	0.0	0	baseline	0
trace F ILR A1	48	1318	0.057663125948406675	0.009863429438543247	0.002276176024279211	0	baseline	0
trace F ILR A1	49	1318	0.05386949924127466	0.009104704097116844	0.002276176024279211	0	baseline	0
trace F ILR A1	50	1318	0.04628224582701062	0.010622154779969651	0.0007587253414264037	0	baseline	0
trace F ILR A1	51	1318	0.05083459787556904	0.012898330804248861	0.002276176024279211	0	baseline	0
trace F ILR A1	52	1318	0.05690440060698027	0.009863429438543247	0.002276176024279211	0	baseline	0
trace F ILR A1	53	1318	0.04779969650986343	0.012139605462822459	0.0015174506828528073	0	baseline	0
trace F ILR A1	54	1318	0.05386949924127466	0.012898330804248861	0.0	0	baseline	0
trace F ILR A1	55	1318	0.054628224582701064	0.007587253414264037	0.0015174506828528073	0	baseline	0
trace F ILR A1	56	1318	0.054628224582701064	0.009863429438543247	0.0015174506828528073	0	baseline	0
trace F ILR A1	57	1318	0.04628224582701062	0.013657056145675266	0.0030349013657056147	0	baseline	0
trace F ILR A1	58	1318	0.048558421851289835	0.00834597875569044	0.0007587253414264037	0	baseline	0
trace F ILR A1	59	1318	0.0409711684370258	0.007587253414264037	0.0007587253414264037	0	baseline	0
trace F ILR A1	60	1318	0.04704097116843703	0.007587253414264037	0.0007587253414264037	0	baseline	0
trace F ILR A1	61	1318	0.042488619119878605	0.010622154779969651	0.002276176024279211	0	baseline	0
trace F ILR A1	62	1318	0.03945371775417299	0.010622154779969651	0.0015174506828528073	0	baseline	0
trace F ILR A1	63	1318	0.05007587253414264	0.009104704097116844	0.0007587253414264037	0	baseline	0
trace F ILR A32	32	1318	0.05386949924127466	0.012139605462822459	0.0030349013657056147	0	baseline	0
trace F ILR A32	33	1318	0.05083459787556904	0.012898330804248861	0.0007587253414264037	0	baseline	0
trace F ILR A32	34	1318	0.054628224582701064	0.012139605462822459	0.0037936267071320183	0	baseline	0
trace F ILR A32	35	1318	0.048558421851289835	0.010622154779969651	0.0030349013657056147	0	baseline	0
trace F ILR A32	36	1318	0.04931714719271624	0.012898330804248861	0.002276176024279211	0	baseline	0
trace F ILR A32	37	1318	0.04628224582701062	0.007587253414264037	0.0030349013657056147	0	baseline	0
trace F ILR A32	38	1318	0.05538694992412747	0.010622154779969651	0.0037936267071320183	0	baseline	0
trace F ILR A32	39	1318	0.04931714719271624	0.012139605462822459	0.002276176024279211	0	baseline	0
trace F ILR A32	40	1318	0.05614567526555387	0.009863429438543247	0.0037936267071320183	0	baseline	0
trace F ILR A32	41	1318	0.04552352048558422	0.011380880121396054	0.0030349013657056147	0	baseline	0
trace F ILR A32	42	1318	0.04779969650986343	0.012139605462822459	0.0030349013657056147	0	baseline	0
trace F ILR A32	43	1318	0.05311077389984825	0.011380880121396054	0.004552352048558422	0	baseline	0
trace F ILR A32	44	1318	0.057663125948406675	0.014415781487101669	0.0037936267071320183	0	baseline	0
trace F ILR A32	45	1318	0.05614567526555387	0.011380880121396054	0.0030349013657056147	0	baseline	0
trace F ILR A32	46	1318	0.05538694992412747	0.011380880121396054	0.0007587253414264037	0	baseline	0
trace F ILR A32	47	1318	0.04931714719271624	0.009104704097116844	0.0030349013657056147	0	baseline	0
trace F ILR A32	48	1318	0.05386949924127466	0.015174506828528073	0.0030349013657056147	0	baseline	0
trace F ILR A32	49	1318	0.051593323216995446	0.009863429438543247	0.0037936267071320183	0	baseline	0
trace F ILR A32	50	1318	0.042488619119878605	0.009104704097116844	0.002276176024279211	0	baseline	0
trace F ILR A32	51	1318	0.0417298937784522	0.013657056145675266	0.0037936267071320183	0	baseline	0
trace F ILR A32	52	1318	0.05538694992412747	0.015174506828528073	0.004552352048558422	0	baseline	0
trace F ILR A32	53	1318	0.04628224582701062	0.012898330804248861	0.002276176024279211	0	baseline	0
trace F ILR A32	54	1318	0.048558421851289835	0.012139605462822459	0.002276176024279211	0	baseline	0
trace F ILR A32	55	1318	0.05007587253414264	0.009104704097116844	0.002276176024279211	0	baseline	0
trace F ILR A32	56	1318	0.0622154779969651	0.012139605462822459	0.0037936267071320183	0	baseline	0
trace F ILR A32	57	1318	0.04931714719271624	0.011380880121396054	0.002276176024279211	0	baseline	0
trace F ILR A32	58	1318	0.04628224582701062	0.010622154779969651	0.002276176024279211	0	baseline	0
trace F ILR A32	59	1318	0.038694992412746584	0.007587253414264037	0.002276176024279211	0	baseline	0
trace F ILR A32	60	1318	0.04552352048558422	0.010622154779969651	0.002276176024279211	0	baseline	0
trace F ILR A32	61	1318	0.04628224582701062	0.011380880121396054	0.002276176024279211	0	baseline	0
trace F ILR A32	62	1318	0.04552352048558422	0.009104704097116844	0.0015174506828528073	0	baseline	0
trace F ILR A32	63	1318	0.04628224582701062	0.009863429438543247	0.002276176024279211	0	baseline	0
trace F proportions A1	32	1318	0.04931714719271624	0.005311077389984826	0.0015174506828528073	0	baseline	0
trace F proportions A1	33	1318	0.05007587253414264	0.009104704097116844	0.0015174506828528073	0	baseline	0
trace F proportions A1	34	1318	0.05311077389984825	0.009104704097116844	0.002276176024279211	0	baseline	0
trace F proportions A1	35	1318	0.05311077389984825	0.015933232169954476	0.002276176024279211	0	baseline	0
trace F proportions A1	36	1318	0.03566009104704097	0.00834597875569044	0.0015174506828528073	0	baseline	0
trace F proportions A1	37	1318	0.0417298937784522	0.006828528072837633	0.0007587253414264037	0	baseline	0
trace F proportions A1	38	1318	0.05690440060698027	0.015174506828528073	0.0015174506828528073	0	baseline	0
trace F proportions A1	39	1318	0.05311077389984825	0.012139605462822459	0.0015174506828528073	0	baseline	0
trace F proportions A1	40	1318	0.054628224582701064	0.005311077389984826	0.0	0	baseline	0
trace F proportions A1	41	1318	0.04931714719271624	0.006828528072837633	0.0	0	baseline	0
trace F proportions A1	42	1318	0.05311077389984825	0.009104704097116844	0.0015174506828528073	0	baseline	0
trace F proportions A1	43	1318	0.05386949924127466	0.015174506828528073	0.0030349013657056147	0	baseline	0
trace F proportions A1	44	1318	0.06752655538694992	0.010622154779969651	0.0015174506828528073	0	baseline	0
trace F proportions A1	45	1318	0.04704097116843703	0.012898330804248861	0.0007587253414264037	0	baseline	0
trace F proportions A1	46	1318	0.04779969650986343	0.00834597875569044	0.0015174506828528073	0	baseline	0
trace F proportions A1	47	1318	0.044764795144157814	0.007587253414264037	0.0007587253414264037	0	baseline	0
trace F proportions A1	48	1318	0.05235204855842185	0.012139605462822459	0.0015174506828528073	0	baseline	0
trace F proportions A1	49	1318	0.04628224582701062	0.009863429438543247	0.0030349013657056147	0	baseline	0
trace F proportions A1	50	1318	0.04779969650986343	0.009104704097116844	0.0015174506828528073	0	baseline	0
trace F proportions A1	51	1318	0.04021244309559939	0.009863429438543247	0.0015174506828528073	0	baseline	0
trace F proportions A1	52	1318	0.05235204855842185	0.014415781487101669	0.002276176024279211	0	baseline	0
trace F proportions A1	53	1318	0.04931714719271624	0.012898330804248861	0.0015174506828528073	0	baseline	0
trace F proportions A1	54	1318	0.048558421851289835	0.007587253414264037	0.0015174506828528073	0	baseline	0
trace F proportions A1	55	1318	0.05083459787556904	0.00834597875569044	0.0	0	baseline	0
trace F proportions A1	56	1318	0.04704097116843703	0.013657056145675266	0.0030349013657056147	0	baseline	0
trace F proportions A1	57	1318	0.05311077389984825	0.012898330804248861	0.002276176024279211	0	baseline	0
trace F proportions A1	58	1318	0.048558421851289835	0.009863429438543247	0.002276176024279211	0	baseline	0
trace F proportions A1	59	1318	0.04704097116843703	0.010622154779969651	0.002276176024279211	0	baseline	0
trace F proportions A1	60	1318	0.05918057663125948	0.009104704097116844	0.0007587253414264037	0	baseline	0
trace F proportions A1	61	1318	0.0417298937784522	0.009863429438543247	0.0030349013657056147	0	baseline	0
trace F proportions A1	62	1318	0.05083459787556904	0.00834597875569044	0.0007587253414264037	0	baseline	0
trace F proportions A1	63	1318	0.04779969650986343	0.006828528072837633	0.0030349013657056147	0	baseline	0
Pillai ILR A1	32	1353	0.05025868440502587	0.010347376201034738	0.0014781966001478197	0	uniform control	0
Pillai ILR A1	33	1353	0.06060606060606061	0.009608277900960829	0.003695491500369549	0	uniform control	0
Pillai ILR A1	34	1353	0.04286770140428677	0.009608277900960829	0.0	0	uniform control	0
Pillai ILR A1	35	1353	0.0524759793052476	0.013303769401330377	0.0022172949002217295	0	uniform control	0
Pillai ILR A1	36	1353	0.04434589800443459	0.009608277900960829	0.0007390983000739098	0	uniform control	0
Pillai ILR A1	37	1353	0.05025868440502587	0.008869179600886918	0.0014781966001478197	0	uniform control	0
Pillai ILR A1	38	1353	0.05321507760532151	0.010347376201034738	0.0014781966001478197	0	uniform control	0
Pillai ILR A1	39	1353	0.0524759793052476	0.011086474501108648	0.0007390983000739098	0	uniform control	0
Pillai ILR A1	40	1353	0.05469327420546933	0.014042867701404288	0.0014781966001478197	0	uniform control	0
Pillai ILR A1	41	1353	0.05321507760532151	0.007390983000739098	0.0	0	uniform control	0
Pillai ILR A1	42	1353	0.04804138950480414	0.007390983000739098	0.0	0	uniform control	0
Pillai ILR A1	43	1353	0.05469327420546933	0.011825572801182557	0.0014781966001478197	0	uniform control	0
Pillai ILR A1	44	1353	0.059127864005912786	0.008869179600886918	0.0007390983000739098	0	uniform control	0
Pillai ILR A1	45	1353	0.057649667405764965	0.011825572801182557	0.0007390983000739098	0	uniform control	0
Pillai ILR A1	46	1353	0.04804138950480414	0.008869179600886918	0.0014781966001478197	0	uniform control	0
Pillai ILR A1	47	1353	0.0450849963045085	0.009608277900960829	0.0014781966001478197	0	uniform control	0
Pillai ILR A1	48	1353	0.04951958610495196	0.009608277900960829	0.0022172949002217295	0	uniform control	0
Pillai ILR A1	49	1353	0.038433111603843315	0.004434589800443459	0.0007390983000739098	0	uniform control	0
Pillai ILR A1	50	1353	0.04286770140428677	0.009608277900960829	0.0022172949002217295	0	uniform control	0
Pillai ILR A1	51	1353	0.05617147080561715	0.011086474501108648	0.0014781966001478197	0	uniform control	0
Pillai ILR A1	52	1353	0.05469327420546933	0.012564671101256468	0.0022172949002217295	0	uniform control	0
Pillai ILR A1	53	1353	0.04656319290465632	0.009608277900960829	0.0029563932002956393	0	uniform control	0
Pillai ILR A1	54	1353	0.05025868440502587	0.011086474501108648	0.0029563932002956393	0	uniform control	0
Pillai ILR A1	55	1353	0.04212860310421286	0.007390983000739098	0.0	0	uniform control	0
Pillai ILR A1	56	1353	0.05025868440502587	0.011825572801182557	0.0022172949002217295	0	uniform control	0
Pillai ILR A1	57	1353	0.057649667405764965	0.011825572801182557	0.003695491500369549	0	uniform control	0
Pillai ILR A1	58	1353	0.04804138950480414	0.005173688100517369	0.0	0	uniform control	0
Pillai ILR A1	59	1353	0.04286770140428677	0.008130081300813009	0.0007390983000739098	0	uniform control	0
Pillai ILR A1	60	1353	0.04730229120473023	0.009608277900960829	0.0007390983000739098	0	uniform control	0
Pillai ILR A1	61	1353	0.04065040650406504	0.008130081300813009	0.0022172949002217295	0	uniform control	0
Pillai ILR A1	62	1353	0.06060606060606061	0.011825572801182557	0.0007390983000739098	0	uniform control	0
Pillai ILR A1	63	1353	0.04951958610495196	0.008130081300813009	0.0	0	uniform control	0
Pillai ILR A32	32	1353	0.0598669623059867	0.014781966001478197	0.003695491500369549	0	uniform control	0
Pillai ILR A32	33	1353	0.0524759793052476	0.014042867701404288	0.0029563932002956393	0	uniform control	0
Pillai ILR A32	34	1353	0.04730229120473023	0.008130081300813009	0.0007390983000739098	0	uniform control	0
Pillai ILR A32	35	1353	0.059127864005912786	0.015521064301552107	0.0029563932002956393	0	uniform control	0
Pillai ILR A32	36	1353	0.04804138950480414	0.009608277900960829	0.0	0	uniform control	0
Pillai ILR A32	37	1353	0.04286770140428677	0.008869179600886918	0.0022172949002217295	0	uniform control	0
Pillai ILR A32	38	1353	0.04878048780487805	0.008869179600886918	0.0	0	uniform control	0
Pillai ILR A32	39	1353	0.056910569105691054	0.008869179600886918	0.0014781966001478197	0	uniform control	0
Pillai ILR A32	40	1353	0.04878048780487805	0.014042867701404288	0.0022172949002217295	0	uniform control	0
Pillai ILR A32	41	1353	0.0450849963045085	0.008869179600886918	0.0007390983000739098	0	uniform control	0
Pillai ILR A32	42	1353	0.04656319290465632	0.011086474501108648	0.0007390983000739098	0	uniform control	0
Pillai ILR A32	43	1353	0.06208425720620843	0.010347376201034738	0.0007390983000739098	0	uniform control	0
Pillai ILR A32	44	1353	0.04656319290465632	0.007390983000739098	0.0007390983000739098	0	uniform control	0
Pillai ILR A32	45	1353	0.0598669623059867	0.014042867701404288	0.0	0	uniform control	0
Pillai ILR A32	46	1353	0.04878048780487805	0.008869179600886918	0.0007390983000739098	0	uniform control	0
Pillai ILR A32	47	1353	0.04730229120473023	0.005173688100517369	0.0	0	uniform control	0
Pillai ILR A32	48	1353	0.0450849963045085	0.014042867701404288	0.0014781966001478197	0	uniform control	0
Pillai ILR A32	49	1353	0.0450849963045085	0.010347376201034738	0.0014781966001478197	0	uniform control	0
Pillai ILR A32	50	1353	0.04730229120473023	0.013303769401330377	0.0007390983000739098	0	uniform control	0
Pillai ILR A32	51	1353	0.059127864005912786	0.010347376201034738	0.0	0	uniform control	0
Pillai ILR A32	52	1353	0.057649667405764965	0.009608277900960829	0.0007390983000739098	0	uniform control	0
Pillai ILR A32	53	1353	0.0450849963045085	0.011086474501108648	0.0007390983000739098	0	uniform control	0
Pillai ILR A32	54	1353	0.04730229120473023	0.008869179600886918	0.0022172949002217295	0	uniform control	0
Pillai ILR A32	55	1353	0.0450849963045085	0.011825572801182557	0.0014781966001478197	0	uniform control	0
Pillai ILR A32	56	1353	0.04138950480413895	0.008130081300813009	0.0007390983000739098	0	uniform control	0
Pillai ILR A32	57	1353	0.050997782705099776	0.013303769401330377	0.0014781966001478197	0	uniform control	0
Pillai ILR A32	58	1353	0.0524759793052476	0.009608277900960829	0.0	0	uniform control	0
Pillai ILR A32	59	1353	0.04360679970436068	0.011825572801182557	0.0007390983000739098	0	uniform control	0
Pillai ILR A32	60	1353	0.056910569105691054	0.009608277900960829	0.0014781966001478197	0	uniform control	0
Pillai ILR A32	61	1353	0.03325942350332594	0.0066518847006651885	0.0	0	uniform control	0
Pillai ILR A32	62	1353	0.06577974870657798	0.016260162601626018	0.0022172949002217295	0	uniform control	0
Pillai ILR A32	63	1353	0.05321507760532151	0.007390983000739098	0.0007390983000739098	0	uniform control	0
Pillai proportions A1	32	1353	0.04804138950480414	0.011086474501108648	0.0007390983000739098	0	uniform control	0
Pillai proportions A1	33	1353	0.05617147080561715	0.008869179600886918	0.004434589800443459	0	uniform control	0
Pillai proportions A1	34	1353	0.051736881005173686	0.008130081300813009	0.0007390983000739098	0	uniform control	0
Pillai proportions A1	35	1353	0.051736881005173686	0.013303769401330377	0.0014781966001478197	0	uniform control	0
Pillai proportions A1	36	1353	0.04730229120473023	0.010347376201034738	0.0014781966001478197	0	uniform control	0
Pillai proportions A1	37	1353	0.04582409460458241	0.009608277900960829	0.0	0	uniform control	0
Pillai proportions A1	38	1353	0.05395417590539542	0.013303769401330377	0.0	0	uniform control	0
Pillai proportions A1	39	1353	0.0450849963045085	0.008130081300813009	0.0007390983000739098	0	uniform control	0
Pillai proportions A1	40	1353	0.05543237250554324	0.008869179600886918	0.0007390983000739098	0	uniform control	0
Pillai proportions A1	41	1353	0.050997782705099776	0.0066518847006651885	0.0	0	uniform control	0
Pillai proportions A1	42	1353	0.04730229120473023	0.007390983000739098	0.0007390983000739098	0	uniform control	0
Pillai proportions A1	43	1353	0.058388765705838876	0.011825572801182557	0.0014781966001478197	0	uniform control	0
Pillai proportions A1	44	1353	0.06430155210643015	0.005173688100517369	0.0007390983000739098	0	uniform control	0
Pillai proportions A1	45	1353	0.04804138950480414	0.010347376201034738	0.0014781966001478197	0	uniform control	0
Pillai proportions A1	46	1353	0.056910569105691054	0.007390983000739098	0.0022172949002217295	0	uniform control	0
Pillai proportions A1	47	1353	0.04730229120473023	0.011086474501108648	0.0014781966001478197	0	uniform control	0
Pillai proportions A1	48	1353	0.051736881005173686	0.008130081300813009	0.0014781966001478197	0	uniform control	0
Pillai proportions A1	49	1353	0.04656319290465632	0.0029563932002956393	0.0	0	uniform control	0
Pillai proportions A1	50	1353	0.04434589800443459	0.010347376201034738	0.0014781966001478197	0	uniform control	0
Pillai proportions A1	51	1353	0.056910569105691054	0.011086474501108648	0.0007390983000739098	0	uniform control	0
Pillai proportions A1	52	1353	0.0524759793052476	0.010347376201034738	0.0007390983000739098	0	uniform control	0
Pillai proportions A1	53	1353	0.051736881005173686	0.011086474501108648	0.0007390983000739098	0	uniform control	0
Pillai proportions A1	54	1353	0.04951958610495196	0.008130081300813009	0.0029563932002956393	0	uniform control	0
Pillai proportions A1	55	1353	0.03991130820399113	0.005173688100517369	0.0	0	uniform control	0
Pillai proportions A1	56	1353	0.04730229120473023	0.009608277900960829	0.0	0	uniform control	0
Pillai proportions A1	57	1353	0.05617147080561715	0.011086474501108648	0.0007390983000739098	0	uniform control	0
Pillai proportions A1	58	1353	0.04360679970436068	0.011086474501108648	0.0014781966001478197	0	uniform control	0
Pillai proportions A1	59	1353	0.04434589800443459	0.007390983000739098	0.0007390983000739098	0	uniform control	0
Pillai proportions A1	60	1353	0.04878048780487805	0.008869179600886918	0.0007390983000739098	0	uniform control	0
Pillai proportions A1	61	1353	0.04065040650406504	0.010347376201034738	0.0022172949002217295	0	uniform control	0
Pillai proportions A1	62	1353	0.05543237250554324	0.012564671101256468	0.0	0	uniform control	0
Pillai proportions A1	63	1353	0.05025868440502587	0.0066518847006651885	0.0	0	uniform control	0
maximum-coordinate F ILR A1	32	1353	0.05321507760532151	0.011825572801182557	0.0007390983000739098	0	uniform control	0
maximum-coordinate F ILR A1	33	1353	0.06208425720620843	0.008869179600886918	0.0014781966001478197	0	uniform control	0
maximum-coordinate F ILR A1	34	1353	0.04951958610495196	0.009608277900960829	0.0007390983000739098	0	uniform control	0
maximum-coordinate F ILR A1	35	1353	0.04804138950480414	0.011086474501108648	0.0022172949002217295	0	uniform control	0
maximum-coordinate F ILR A1	36	1353	0.04065040650406504	0.007390983000739098	0.0014781966001478197	0	uniform control	0
maximum-coordinate F ILR A1	37	1353	0.04730229120473023	0.008130081300813009	0.0007390983000739098	0	uniform control	0
maximum-coordinate F ILR A1	38	1353	0.0450849963045085	0.011825572801182557	0.0014781966001478197	0	uniform control	0
maximum-coordinate F ILR A1	39	1353	0.05395417590539542	0.009608277900960829	0.0	0	uniform control	0
maximum-coordinate F ILR A1	40	1353	0.050997782705099776	0.011825572801182557	0.0007390983000739098	0	uniform control	0
maximum-coordinate F ILR A1	41	1353	0.05469327420546933	0.009608277900960829	0.0007390983000739098	0	uniform control	0
maximum-coordinate F ILR A1	42	1353	0.04656319290465632	0.008869179600886918	0.0007390983000739098	0	uniform control	0
maximum-coordinate F ILR A1	43	1353	0.05543237250554324	0.013303769401330377	0.0007390983000739098	0	uniform control	0
maximum-coordinate F ILR A1	44	1353	0.058388765705838876	0.008130081300813009	0.0007390983000739098	0	uniform control	0
maximum-coordinate F ILR A1	45	1353	0.05321507760532151	0.010347376201034738	0.0007390983000739098	0	uniform control	0
maximum-coordinate F ILR A1	46	1353	0.04951958610495196	0.008869179600886918	0.0014781966001478197	0	uniform control	0
maximum-coordinate F ILR A1	47	1353	0.04730229120473023	0.008130081300813009	0.0014781966001478197	0	uniform control	0
maximum-coordinate F ILR A1	48	1353	0.05395417590539542	0.008130081300813009	0.0022172949002217295	0	uniform control	0
maximum-coordinate F ILR A1	49	1353	0.04804138950480414	0.008130081300813009	0.0007390983000739098	0	uniform control	0
maximum-coordinate F ILR A1	50	1353	0.03991130820399113	0.011086474501108648	0.0014781966001478197	0	uniform control	0
maximum-coordinate F ILR A1	51	1353	0.058388765705838876	0.010347376201034738	0.0	0	uniform control	0
maximum-coordinate F ILR A1	52	1353	0.05617147080561715	0.011086474501108648	0.0014781966001478197	0	uniform control	0
maximum-coordinate F ILR A1	53	1353	0.050997782705099776	0.011086474501108648	0.0014781966001478197	0	uniform control	0
maximum-coordinate F ILR A1	54	1353	0.05395417590539542	0.011825572801182557	0.0014781966001478197	0	uniform control	0
maximum-coordinate F ILR A1	55	1353	0.04656319290465632	0.010347376201034738	0.0	0	uniform control	0
maximum-coordinate F ILR A1	56	1353	0.0524759793052476	0.007390983000739098	0.0007390983000739098	0	uniform control	0
maximum-coordinate F ILR A1	57	1353	0.0524759793052476	0.011825572801182557	0.0022172949002217295	0	uniform control	0
maximum-coordinate F ILR A1	58	1353	0.03991130820399113	0.008869179600886918	0.0014781966001478197	0	uniform control	0
maximum-coordinate F ILR A1	59	1353	0.04212860310421286	0.010347376201034738	0.0014781966001478197	0	uniform control	0
maximum-coordinate F ILR A1	60	1353	0.04878048780487805	0.010347376201034738	0.0014781966001478197	0	uniform control	0
maximum-coordinate F ILR A1	61	1353	0.04360679970436068	0.008130081300813009	0.0007390983000739098	0	uniform control	0
maximum-coordinate F ILR A1	62	1353	0.057649667405764965	0.010347376201034738	0.0007390983000739098	0	uniform control	0
maximum-coordinate F ILR A1	63	1353	0.04878048780487805	0.004434589800443459	0.0	0	uniform control	0
maximum-coordinate F ILR A32	32	1353	0.05617147080561715	0.013303769401330377	0.0014781966001478197	0	uniform control	0
maximum-coordinate F ILR A32	33	1353	0.05321507760532151	0.012564671101256468	0.0029563932002956393	0	uniform control	0
maximum-coordinate F ILR A32	34	1353	0.04804138950480414	0.010347376201034738	0.0007390983000739098	0	uniform control	0
maximum-coordinate F ILR A32	35	1353	0.05395417590539542	0.013303769401330377	0.0029563932002956393	0	uniform control	0
maximum-coordinate F ILR A32	36	1353	0.04360679970436068	0.008130081300813009	0.0	0	uniform control	0
maximum-coordinate F ILR A32	37	1353	0.04582409460458241	0.010347376201034738	0.0022172949002217295	0	uniform control	0
maximum-coordinate F ILR A32	38	1353	0.05025868440502587	0.008130081300813009	0.0	0	uniform control	0
maximum-coordinate F ILR A32	39	1353	0.058388765705838876	0.008869179600886918	0.0014781966001478197	0	uniform control	0
maximum-coordinate F ILR A32	40	1353	0.04360679970436068	0.011825572801182557	0.0014781966001478197	0	uniform control	0
maximum-coordinate F ILR A32	41	1353	0.04656319290465632	0.008130081300813009	0.0	0	uniform control	0
maximum-coordinate F ILR A32	42	1353	0.04804138950480414	0.012564671101256468	0.0007390983000739098	0	uniform control	0
maximum-coordinate F ILR A32	43	1353	0.06060606060606061	0.011086474501108648	0.0	0	uniform control	0
maximum-coordinate F ILR A32	44	1353	0.05469327420546933	0.005912786400591279	0.0007390983000739098	0	uniform control	0
maximum-coordinate F ILR A32	45	1353	0.05469327420546933	0.008130081300813009	0.0	0	uniform control	0
maximum-coordinate F ILR A32	46	1353	0.04730229120473023	0.007390983000739098	0.0007390983000739098	0	uniform control	0
maximum-coordinate F ILR A32	47	1353	0.05025868440502587	0.004434589800443459	0.0	0	uniform control	0
maximum-coordinate F ILR A32	48	1353	0.05469327420546933	0.009608277900960829	0.0	0	uniform control	0
maximum-coordinate F ILR A32	49	1353	0.04804138950480414	0.013303769401330377	0.0014781966001478197	0	uniform control	0
maximum-coordinate F ILR A32	50	1353	0.04878048780487805	0.012564671101256468	0.0	0	uniform control	0
maximum-coordinate F ILR A32	51	1353	0.06060606060606061	0.011825572801182557	0.0	0	uniform control	0
maximum-coordinate F ILR A32	52	1353	0.057649667405764965	0.009608277900960829	0.0007390983000739098	0	uniform control	0
maximum-coordinate F ILR A32	53	1353	0.04656319290465632	0.014781966001478197	0.0014781966001478197	0	uniform control	0
maximum-coordinate F ILR A32	54	1353	0.04878048780487805	0.010347376201034738	0.0014781966001478197	0	uniform control	0
maximum-coordinate F ILR A32	55	1353	0.04286770140428677	0.011825572801182557	0.0007390983000739098	0	uniform control	0
maximum-coordinate F ILR A32	56	1353	0.04582409460458241	0.008869179600886918	0.0007390983000739098	0	uniform control	0
maximum-coordinate F ILR A32	57	1353	0.05025868440502587	0.014042867701404288	0.0022172949002217295	0	uniform control	0
maximum-coordinate F ILR A32	58	1353	0.050997782705099776	0.012564671101256468	0.0	0	uniform control	0
maximum-coordinate F ILR A32	59	1353	0.04804138950480414	0.011086474501108648	0.0007390983000739098	0	uniform control	0
maximum-coordinate F ILR A32	60	1353	0.0598669623059867	0.013303769401330377	0.0022172949002217295	0	uniform control	0
maximum-coordinate F ILR A32	61	1353	0.03695491500369549	0.005912786400591279	0.0	0	uniform control	0
maximum-coordinate F ILR A32	62	1353	0.06356245380635625	0.013303769401330377	0.0014781966001478197	0	uniform control	0
maximum-coordinate F ILR A32	63	1353	0.04804138950480414	0.005912786400591279	0.0007390983000739098	0	uniform control	0
maximum-coordinate F proportions A1	32	1353	0.0524759793052476	0.011086474501108648	0.0	0	uniform control	0
maximum-coordinate F proportions A1	33	1353	0.05395417590539542	0.008869179600886918	0.0029563932002956393	0	uniform control	0
maximum-coordinate F proportions A1	34	1353	0.050997782705099776	0.008130081300813009	0.0007390983000739098	0	uniform control	0
maximum-coordinate F proportions A1	35	1353	0.05469327420546933	0.012564671101256468	0.0007390983000739098	0	uniform control	0
maximum-coordinate F proportions A1	36	1353	0.04065040650406504	0.005912786400591279	0.0014781966001478197	0	uniform control	0
maximum-coordinate F proportions A1	37	1353	0.04656319290465632	0.008130081300813009	0.0	0	uniform control	0
maximum-coordinate F proportions A1	38	1353	0.04804138950480414	0.013303769401330377	0.0007390983000739098	0	uniform control	0
maximum-coordinate F proportions A1	39	1353	0.051736881005173686	0.008869179600886918	0.0007390983000739098	0	uniform control	0
maximum-coordinate F proportions A1	40	1353	0.05543237250554324	0.008130081300813009	0.0007390983000739098	0	uniform control	0
maximum-coordinate F proportions A1	41	1353	0.051736881005173686	0.009608277900960829	0.0007390983000739098	0	uniform control	0
maximum-coordinate F proportions A1	42	1353	0.05025868440502587	0.008869179600886918	0.0007390983000739098	0	uniform control	0
maximum-coordinate F proportions A1	43	1353	0.056910569105691054	0.014042867701404288	0.0014781966001478197	0	uniform control	0
maximum-coordinate F proportions A1	44	1353	0.056910569105691054	0.008130081300813009	0.0007390983000739098	0	uniform control	0
maximum-coordinate F proportions A1	45	1353	0.04730229120473023	0.011086474501108648	0.0014781966001478197	0	uniform control	0
maximum-coordinate F proportions A1	46	1353	0.04656319290465632	0.008130081300813009	0.0014781966001478197	0	uniform control	0
maximum-coordinate F proportions A1	47	1353	0.04878048780487805	0.008869179600886918	0.0014781966001478197	0	uniform control	0
maximum-coordinate F proportions A1	48	1353	0.05469327420546933	0.008869179600886918	0.0014781966001478197	0	uniform control	0
maximum-coordinate F proportions A1	49	1353	0.04804138950480414	0.007390983000739098	0.0	0	uniform control	0
maximum-coordinate F proportions A1	50	1353	0.04582409460458241	0.012564671101256468	0.0014781966001478197	0	uniform control	0
maximum-coordinate F proportions A1	51	1353	0.057649667405764965	0.012564671101256468	0.0007390983000739098	0	uniform control	0
maximum-coordinate F proportions A1	52	1353	0.05321507760532151	0.011086474501108648	0.0007390983000739098	0	uniform control	0
maximum-coordinate F proportions A1	53	1353	0.05321507760532151	0.011086474501108648	0.0007390983000739098	0	uniform control	0
maximum-coordinate F proportions A1	54	1353	0.04065040650406504	0.004434589800443459	0.0029563932002956393	0	uniform control	0
maximum-coordinate F proportions A1	55	1353	0.03695491500369549	0.005173688100517369	0.0007390983000739098	0	uniform control	0
maximum-coordinate F proportions A1	56	1353	0.04804138950480414	0.007390983000739098	0.0	0	uniform control	0
maximum-coordinate F proportions A1	57	1353	0.050997782705099776	0.007390983000739098	0.0007390983000739098	0	uniform control	0
maximum-coordinate F proportions A1	58	1353	0.04212860310421286	0.014042867701404288	0.0014781966001478197	0	uniform control	0
maximum-coordinate F proportions A1	59	1353	0.04434589800443459	0.004434589800443459	0.0	0	uniform control	0
maximum-coordinate F proportions A1	60	1353	0.04878048780487805	0.011825572801182557	0.0007390983000739098	0	uniform control	0
maximum-coordinate F proportions A1	61	1353	0.04212860310421286	0.005912786400591279	0.0022172949002217295	0	uniform control	0
maximum-coordinate F proportions A1	62	1353	0.05395417590539542	0.011825572801182557	0.0	0	uniform control	0
maximum-coordinate F proportions A1	63	1353	0.04804138950480414	0.009608277900960829	0.0	0	uniform control	0
null-variance Wald A32	32	1353	0.051736881005173686	0.011086474501108648	0.0007390983000739098	0	uniform control	0
null-variance Wald A32	33	1353	0.05395417590539542	0.014042867701404288	0.003695491500369549	0	uniform control	0
null-variance Wald A32	34	1353	0.050997782705099776	0.012564671101256468	0.0022172949002217295	0	uniform control	0
null-variance Wald A32	35	1353	0.04951958610495196	0.011086474501108648	0.0022172949002217295	0	uniform control	0
null-variance Wald A32	36	1353	0.04951958610495196	0.008869179600886918	0.0	0	uniform control	0
null-variance Wald A32	37	1353	0.04730229120473023	0.010347376201034738	0.0014781966001478197	0	uniform control	0
null-variance Wald A32	38	1353	0.04804138950480414	0.008130081300813009	0.0	0	uniform control	0
null-variance Wald A32	39	1353	0.0598669623059867	0.011086474501108648	0.0007390983000739098	0	uniform control	0
null-variance Wald A32	40	1353	0.04434589800443459	0.009608277900960829	0.0007390983000739098	0	uniform control	0
null-variance Wald A32	41	1353	0.0524759793052476	0.008130081300813009	0.0014781966001478197	0	uniform control	0
null-variance Wald A32	42	1353	0.05025868440502587	0.011086474501108648	0.0022172949002217295	0	uniform control	0
null-variance Wald A32	43	1353	0.06430155210643015	0.007390983000739098	0.0022172949002217295	0	uniform control	0
null-variance Wald A32	44	1353	0.05321507760532151	0.011086474501108648	0.0	0	uniform control	0
null-variance Wald A32	45	1353	0.056910569105691054	0.005173688100517369	0.0007390983000739098	0	uniform control	0
null-variance Wald A32	46	1353	0.0450849963045085	0.008130081300813009	0.0007390983000739098	0	uniform control	0
null-variance Wald A32	47	1353	0.04804138950480414	0.008869179600886918	0.0007390983000739098	0	uniform control	0
null-variance Wald A32	48	1353	0.05025868440502587	0.008130081300813009	0.0022172949002217295	0	uniform control	0
null-variance Wald A32	49	1353	0.04582409460458241	0.013303769401330377	0.0014781966001478197	0	uniform control	0
null-variance Wald A32	50	1353	0.04804138950480414	0.009608277900960829	0.0029563932002956393	0	uniform control	0
null-variance Wald A32	51	1353	0.058388765705838876	0.012564671101256468	0.0014781966001478197	0	uniform control	0
null-variance Wald A32	52	1353	0.05469327420546933	0.009608277900960829	0.0007390983000739098	0	uniform control	0
null-variance Wald A32	53	1353	0.04878048780487805	0.011825572801182557	0.0014781966001478197	0	uniform control	0
null-variance Wald A32	54	1353	0.04804138950480414	0.008130081300813009	0.0014781966001478197	0	uniform control	0
null-variance Wald A32	55	1353	0.0450849963045085	0.011086474501108648	0.0	0	uniform control	0
null-variance Wald A32	56	1353	0.04360679970436068	0.005912786400591279	0.0	0	uniform control	0
null-variance Wald A32	57	1353	0.05321507760532151	0.013303769401330377	0.0007390983000739098	0	uniform control	0
null-variance Wald A32	58	1353	0.04730229120473023	0.010347376201034738	0.0	0	uniform control	0
null-variance Wald A32	59	1353	0.04730229120473023	0.010347376201034738	0.0	0	uniform control	0
null-variance Wald A32	60	1353	0.0524759793052476	0.009608277900960829	0.0022172949002217295	0	uniform control	0
null-variance Wald A32	61	1353	0.03917220990391722	0.007390983000739098	0.0007390983000739098	0	uniform control	0
null-variance Wald A32	62	1353	0.06430155210643015	0.015521064301552107	0.0007390983000739098	0	uniform control	0
null-variance Wald A32	63	1353	0.050997782705099776	0.009608277900960829	0.0007390983000739098	0	uniform control	0
trace F ILR A1	32	1353	0.050997782705099776	0.011825572801182557	0.0007390983000739098	0	uniform control	0
trace F ILR A1	33	1353	0.056910569105691054	0.015521064301552107	0.0029563932002956393	0	uniform control	0
trace F ILR A1	34	1353	0.05025868440502587	0.008130081300813009	0.0	0	uniform control	0
trace F ILR A1	35	1353	0.04730229120473023	0.014781966001478197	0.0022172949002217295	0	uniform control	0
trace F ILR A1	36	1353	0.03917220990391722	0.007390983000739098	0.0007390983000739098	0	uniform control	0
trace F ILR A1	37	1353	0.0450849963045085	0.005912786400591279	0.0014781966001478197	0	uniform control	0
trace F ILR A1	38	1353	0.0450849963045085	0.012564671101256468	0.0007390983000739098	0	uniform control	0
trace F ILR A1	39	1353	0.04878048780487805	0.011086474501108648	0.0014781966001478197	0	uniform control	0
trace F ILR A1	40	1353	0.0524759793052476	0.011825572801182557	0.0007390983000739098	0	uniform control	0
trace F ILR A1	41	1353	0.05469327420546933	0.0066518847006651885	0.0	0	uniform control	0
trace F ILR A1	42	1353	0.04582409460458241	0.008869179600886918	0.0014781966001478197	0	uniform control	0
trace F ILR A1	43	1353	0.05321507760532151	0.011086474501108648	0.0007390983000739098	0	uniform control	0
trace F ILR A1	44	1353	0.058388765705838876	0.007390983000739098	0.0007390983000739098	0	uniform control	0
trace F ILR A1	45	1353	0.050997782705099776	0.009608277900960829	0.0014781966001478197	0	uniform control	0
trace F ILR A1	46	1353	0.050997782705099776	0.008130081300813009	0.0014781966001478197	0	uniform control	0
trace F ILR A1	47	1353	0.04656319290465632	0.0066518847006651885	0.0014781966001478197	0	uniform control	0
trace F ILR A1	48	1353	0.059127864005912786	0.008130081300813009	0.0014781966001478197	0	uniform control	0
trace F ILR A1	49	1353	0.04212860310421286	0.008130081300813009	0.0014781966001478197	0	uniform control	0
trace F ILR A1	50	1353	0.04360679970436068	0.009608277900960829	0.0014781966001478197	0	uniform control	0
trace F ILR A1	51	1353	0.05321507760532151	0.013303769401330377	0.0007390983000739098	0	uniform control	0
trace F ILR A1	52	1353	0.05469327420546933	0.010347376201034738	0.0022172949002217295	0	uniform control	0
trace F ILR A1	53	1353	0.04582409460458241	0.008869179600886918	0.0007390983000739098	0	uniform control	0
trace F ILR A1	54	1353	0.051736881005173686	0.008869179600886918	0.0022172949002217295	0	uniform control	0
trace F ILR A1	55	1353	0.04434589800443459	0.008130081300813009	0.0	0	uniform control	0
trace F ILR A1	56	1353	0.04878048780487805	0.008869179600886918	0.0007390983000739098	0	uniform control	0
trace F ILR A1	57	1353	0.051736881005173686	0.011086474501108648	0.0022172949002217295	0	uniform control	0
trace F ILR A1	58	1353	0.04286770140428677	0.008130081300813009	0.0007390983000739098	0	uniform control	0
trace F ILR A1	59	1353	0.04286770140428677	0.005912786400591279	0.0007390983000739098	0	uniform control	0
trace F ILR A1	60	1353	0.04582409460458241	0.014042867701404288	0.0014781966001478197	0	uniform control	0
trace F ILR A1	61	1353	0.04360679970436068	0.005912786400591279	0.0007390983000739098	0	uniform control	0
trace F ILR A1	62	1353	0.05395417590539542	0.011086474501108648	0.0014781966001478197	0	uniform control	0
trace F ILR A1	63	1353	0.05025868440502587	0.005912786400591279	0.0	0	uniform control	0
trace F ILR A32	32	1353	0.0524759793052476	0.012564671101256468	0.0014781966001478197	0	uniform control	0
trace F ILR A32	33	1353	0.05469327420546933	0.014042867701404288	0.003695491500369549	0	uniform control	0
trace F ILR A32	34	1353	0.04730229120473023	0.011086474501108648	0.0022172949002217295	0	uniform control	0
trace F ILR A32	35	1353	0.050997782705099776	0.011825572801182557	0.0029563932002956393	0	uniform control	0
trace F ILR A32	36	1353	0.0450849963045085	0.010347376201034738	0.0	0	uniform control	0
trace F ILR A32	37	1353	0.05025868440502587	0.009608277900960829	0.0022172949002217295	0	uniform control	0
trace F ILR A32	38	1353	0.04804138950480414	0.005912786400591279	0.0	0	uniform control	0
trace F ILR A32	39	1353	0.06356245380635625	0.010347376201034738	0.0022172949002217295	0	uniform control	0
trace F ILR A32	40	1353	0.04656319290465632	0.011825572801182557	0.0007390983000739098	0	uniform control	0
trace F ILR A32	41	1353	0.0524759793052476	0.008869179600886918	0.0	0	uniform control	0
trace F ILR A32	42	1353	0.05321507760532151	0.011086474501108648	0.0007390983000739098	0	uniform control	0
trace F ILR A32	43	1353	0.06208425720620843	0.014042867701404288	0.0014781966001478197	0	uniform control	0
trace F ILR A32	44	1353	0.057649667405764965	0.009608277900960829	0.0007390983000739098	0	uniform control	0
trace F ILR A32	45	1353	0.05321507760532151	0.009608277900960829	0.0	0	uniform control	0
trace F ILR A32	46	1353	0.04878048780487805	0.008869179600886918	0.0014781966001478197	0	uniform control	0
trace F ILR A32	47	1353	0.04582409460458241	0.005912786400591279	0.0007390983000739098	0	uniform control	0
trace F ILR A32	48	1353	0.0524759793052476	0.008869179600886918	0.0007390983000739098	0	uniform control	0
trace F ILR A32	49	1353	0.0450849963045085	0.015521064301552107	0.0029563932002956393	0	uniform control	0
trace F ILR A32	50	1353	0.050997782705099776	0.013303769401330377	0.0007390983000739098	0	uniform control	0
trace F ILR A32	51	1353	0.0598669623059867	0.011086474501108648	0.0022172949002217295	0	uniform control	0
trace F ILR A32	52	1353	0.05543237250554324	0.011825572801182557	0.0014781966001478197	0	uniform control	0
trace F ILR A32	53	1353	0.04804138950480414	0.013303769401330377	0.0007390983000739098	0	uniform control	0
trace F ILR A32	54	1353	0.04878048780487805	0.008130081300813009	0.0014781966001478197	0	uniform control	0
trace F ILR A32	55	1353	0.0450849963045085	0.010347376201034738	0.0007390983000739098	0	uniform control	0
trace F ILR A32	56	1353	0.04582409460458241	0.0066518847006651885	0.0	0	uniform control	0
trace F ILR A32	57	1353	0.0524759793052476	0.015521064301552107	0.0022172949002217295	0	uniform control	0
trace F ILR A32	58	1353	0.04951958610495196	0.010347376201034738	0.0	0	uniform control	0
trace F ILR A32	59	1353	0.04286770140428677	0.012564671101256468	0.0	0	uniform control	0
trace F ILR A32	60	1353	0.05025868440502587	0.011825572801182557	0.003695491500369549	0	uniform control	0
trace F ILR A32	61	1353	0.03917220990391722	0.005912786400591279	0.0	0	uniform control	0
trace F ILR A32	62	1353	0.06651884700665188	0.018477457501847747	0.0022172949002217295	0	uniform control	0
trace F ILR A32	63	1353	0.04951958610495196	0.008869179600886918	0.0007390983000739098	0	uniform control	0
trace F proportions A1	32	1353	0.04878048780487805	0.010347376201034738	0.0	0	uniform control	0
trace F proportions A1	33	1353	0.051736881005173686	0.008869179600886918	0.003695491500369549	0	uniform control	0
trace F proportions A1	34	1353	0.0450849963045085	0.007390983000739098	0.0014781966001478197	0	uniform control	0
trace F proportions A1	35	1353	0.05469327420546933	0.017738359201773836	0.0014781966001478197	0	uniform control	0
trace F proportions A1	36	1353	0.04212860310421286	0.007390983000739098	0.0	0	uniform control	0
trace F proportions A1	37	1353	0.04582409460458241	0.005912786400591279	0.0	0	uniform control	0
trace F proportions A1	38	1353	0.04804138950480414	0.015521064301552107	0.0007390983000739098	0	uniform control	0
trace F proportions A1	39	1353	0.050997782705099776	0.013303769401330377	0.0014781966001478197	0	uniform control	0
trace F proportions A1	40	1353	0.05469327420546933	0.0066518847006651885	0.0	0	uniform control	0
trace F proportions A1	41	1353	0.05321507760532151	0.007390983000739098	0.0014781966001478197	0	uniform control	0
trace F proportions A1	42	1353	0.04656319290465632	0.0066518847006651885	0.0014781966001478197	0	uniform control	0
trace F proportions A1	43	1353	0.0524759793052476	0.012564671101256468	0.0022172949002217295	0	uniform control	0
trace F proportions A1	44	1353	0.057649667405764965	0.008869179600886918	0.0	0	uniform control	0
trace F proportions A1	45	1353	0.04434589800443459	0.013303769401330377	0.0014781966001478197	0	uniform control	0
trace F proportions A1	46	1353	0.04582409460458241	0.007390983000739098	0.0014781966001478197	0	uniform control	0
trace F proportions A1	47	1353	0.050997782705099776	0.009608277900960829	0.0022172949002217295	0	uniform control	0
trace F proportions A1	48	1353	0.05321507760532151	0.010347376201034738	0.0007390983000739098	0	uniform control	0
trace F proportions A1	49	1353	0.04286770140428677	0.008130081300813009	0.0014781966001478197	0	uniform control	0
trace F proportions A1	50	1353	0.04434589800443459	0.009608277900960829	0.0014781966001478197	0	uniform control	0
trace F proportions A1	51	1353	0.05469327420546933	0.014042867701404288	0.0014781966001478197	0	uniform control	0
trace F proportions A1	52	1353	0.057649667405764965	0.014781966001478197	0.0014781966001478197	0	uniform control	0
trace F proportions A1	53	1353	0.0524759793052476	0.013303769401330377	0.0007390983000739098	0	uniform control	0
trace F proportions A1	54	1353	0.04434589800443459	0.004434589800443459	0.0022172949002217295	0	uniform control	0
trace F proportions A1	55	1353	0.04434589800443459	0.008869179600886918	0.0014781966001478197	0	uniform control	0
trace F proportions A1	56	1353	0.04582409460458241	0.005912786400591279	0.0014781966001478197	0	uniform control	0
trace F proportions A1	57	1353	0.04730229120473023	0.008869179600886918	0.0014781966001478197	0	uniform control	0
trace F proportions A1	58	1353	0.04138950480413895	0.010347376201034738	0.0014781966001478197	0	uniform control	0
trace F proportions A1	59	1353	0.04212860310421286	0.007390983000739098	0.0	0	uniform control	0
trace F proportions A1	60	1353	0.04878048780487805	0.011825572801182557	0.0029563932002956393	0	uniform control	0
trace F proportions A1	61	1353	0.03695491500369549	0.008869179600886918	0.0014781966001478197	0	uniform control	0
trace F proportions A1	62	1353	0.057649667405764965	0.013303769401330377	0.0007390983000739098	0	uniform control	0
trace F proportions A1	63	1353	0.04730229120473023	0.008130081300813009	0.0014781966001478197	0	uniform control	0
Pillai ILR A1	32	1125	0.049777777777777775	0.008888888888888889	0.0017777777777777779	0	baseline	1
Pillai ILR A1	33	1125	0.04711111111111111	0.011555555555555555	0.0026666666666666666	0	baseline	1
Pillai ILR A1	34	1125	0.050666666666666665	0.0044444444444444444	0.0	0	baseline	1
Pillai ILR A1	35	1125	0.041777777777777775	0.009777777777777778	0.0008888888888888889	0	baseline	1
Pillai ILR A1	36	1125	0.05688888888888889	0.009777777777777778	0.0	0	baseline	1
Pillai ILR A1	37	1125	0.056	0.010666666666666666	0.0026666666666666666	0	baseline	1
Pillai ILR A1	38	1125	0.052444444444444446	0.0044444444444444444	0.0	0	baseline	1
Pillai ILR A1	39	1125	0.04888888888888889	0.009777777777777778	0.0008888888888888889	0	baseline	1
Pillai ILR A1	40	1125	0.04622222222222222	0.008	0.0026666666666666666	0	baseline	1
Pillai ILR A1	41	1125	0.043555555555555556	0.009777777777777778	0.0008888888888888889	0	baseline	1
Pillai ILR A1	42	1125	0.049777777777777775	0.009777777777777778	0.0017777777777777779	0	baseline	1
Pillai ILR A1	43	1125	0.05422222222222222	0.011555555555555555	0.0	0	baseline	1
Pillai ILR A1	44	1125	0.04711111111111111	0.009777777777777778	0.0026666666666666666	0	baseline	1
Pillai ILR A1	45	1125	0.051555555555555556	0.013333333333333334	0.0017777777777777779	0	baseline	1
Pillai ILR A1	46	1125	0.05333333333333334	0.009777777777777778	0.0008888888888888889	0	baseline	1
Pillai ILR A1	47	1125	0.05511111111111111	0.009777777777777778	0.0008888888888888889	0	baseline	1
Pillai ILR A1	48	1125	0.05333333333333334	0.009777777777777778	0.0008888888888888889	0	baseline	1
Pillai ILR A1	49	1125	0.03822222222222222	0.008	0.0	0	baseline	1
Pillai ILR A1	50	1125	0.041777777777777775	0.008	0.0008888888888888889	0	baseline	1
Pillai ILR A1	51	1125	0.036444444444444446	0.008	0.0008888888888888889	0	baseline	1
Pillai ILR A1	52	1125	0.056	0.014222222222222223	0.0017777777777777779	0	baseline	1
Pillai ILR A1	53	1125	0.041777777777777775	0.005333333333333333	0.0017777777777777779	0	baseline	1
Pillai ILR A1	54	1125	0.048	0.010666666666666666	0.0017777777777777779	0	baseline	1
Pillai ILR A1	55	1125	0.044444444444444446	0.011555555555555555	0.0035555555555555557	0	baseline	1
Pillai ILR A1	56	1125	0.04888888888888889	0.006222222222222222	0.0008888888888888889	0	baseline	1
Pillai ILR A1	57	1125	0.03911111111111111	0.009777777777777778	0.0008888888888888889	0	baseline	1
Pillai ILR A1	58	1125	0.05511111111111111	0.015111111111111112	0.0008888888888888889	0	baseline	1
Pillai ILR A1	59	1125	0.049777777777777775	0.012444444444444444	0.0026666666666666666	0	baseline	1
Pillai ILR A1	60	1125	0.057777777777777775	0.014222222222222223	0.0	0	baseline	1
Pillai ILR A1	61	1125	0.050666666666666665	0.012444444444444444	0.0026666666666666666	0	baseline	1
Pillai ILR A1	62	1125	0.048	0.011555555555555555	0.0008888888888888889	0	baseline	1
Pillai ILR A1	63	1125	0.057777777777777775	0.008888888888888889	0.0008888888888888889	0	baseline	1
Pillai ILR A32	32	1125	0.04533333333333334	0.011555555555555555	0.0017777777777777779	0	baseline	1
Pillai ILR A32	33	1125	0.04533333333333334	0.008888888888888889	0.0026666666666666666	0	baseline	1
Pillai ILR A32	34	1125	0.05511111111111111	0.011555555555555555	0.0026666666666666666	0	baseline	1
Pillai ILR A32	35	1125	0.04888888888888889	0.008	0.0035555555555555557	0	baseline	1
Pillai ILR A32	36	1125	0.048	0.008	0.0026666666666666666	0	baseline	1
Pillai ILR A32	37	1125	0.05688888888888889	0.013333333333333334	0.0026666666666666666	0	baseline	1
Pillai ILR A32	38	1125	0.056	0.008	0.0017777777777777779	0	baseline	1
Pillai ILR A32	39	1125	0.058666666666666666	0.012444444444444444	0.0017777777777777779	0	baseline	1
Pillai ILR A32	40	1125	0.049777777777777775	0.008	0.0008888888888888889	0	baseline	1
Pillai ILR A32	41	1125	0.04	0.011555555555555555	0.0008888888888888889	0	baseline	1
Pillai ILR A32	42	1125	0.049777777777777775	0.010666666666666666	0.0035555555555555557	0	baseline	1
Pillai ILR A32	43	1125	0.050666666666666665	0.013333333333333334	0.0017777777777777779	0	baseline	1
Pillai ILR A32	44	1125	0.056	0.015111111111111112	0.0035555555555555557	0	baseline	1
Pillai ILR A32	45	1125	0.044444444444444446	0.008	0.0008888888888888889	0	baseline	1
Pillai ILR A32	46	1125	0.05511111111111111	0.012444444444444444	0.0008888888888888889	0	baseline	1
Pillai ILR A32	47	1125	0.04711111111111111	0.013333333333333334	0.0017777777777777779	0	baseline	1
Pillai ILR A32	48	1125	0.044444444444444446	0.008888888888888889	0.0026666666666666666	0	baseline	1
Pillai ILR A32	49	1125	0.04711111111111111	0.0071111111111111115	0.0008888888888888889	0	baseline	1
Pillai ILR A32	50	1125	0.050666666666666665	0.011555555555555555	0.0008888888888888889	0	baseline	1
Pillai ILR A32	51	1125	0.043555555555555556	0.011555555555555555	0.0035555555555555557	0	baseline	1
Pillai ILR A32	52	1125	0.06133333333333333	0.013333333333333334	0.0026666666666666666	0	baseline	1
Pillai ILR A32	53	1125	0.043555555555555556	0.008888888888888889	0.0008888888888888889	0	baseline	1
Pillai ILR A32	54	1125	0.064	0.017777777777777778	0.0044444444444444444	0	baseline	1
Pillai ILR A32	55	1125	0.04533333333333334	0.010666666666666666	0.0008888888888888889	0	baseline	1
Pillai ILR A32	56	1125	0.048	0.011555555555555555	0.0026666666666666666	0	baseline	1
Pillai ILR A32	57	1125	0.05333333333333334	0.013333333333333334	0.0017777777777777779	0	baseline	1
Pillai ILR A32	58	1125	0.04888888888888889	0.014222222222222223	0.0035555555555555557	0	baseline	1
Pillai ILR A32	59	1125	0.05511111111111111	0.013333333333333334	0.0017777777777777779	0	baseline	1
Pillai ILR A32	60	1125	0.048	0.008888888888888889	0.0017777777777777779	0	baseline	1
Pillai ILR A32	61	1125	0.051555555555555556	0.015111111111111112	0.0026666666666666666	0	baseline	1
Pillai ILR A32	62	1125	0.05688888888888889	0.010666666666666666	0.0008888888888888889	0	baseline	1
Pillai ILR A32	63	1125	0.05688888888888889	0.010666666666666666	0.0026666666666666666	0	baseline	1
Pillai proportions A1	32	1125	0.052444444444444446	0.010666666666666666	0.0017777777777777779	0	baseline	1
Pillai proportions A1	33	1125	0.05511111111111111	0.011555555555555555	0.0017777777777777779	0	baseline	1
Pillai proportions A1	34	1125	0.059555555555555556	0.0044444444444444444	0.0008888888888888889	0	baseline	1
Pillai proportions A1	35	1125	0.043555555555555556	0.009777777777777778	0.0008888888888888889	0	baseline	1
Pillai proportions A1	36	1125	0.050666666666666665	0.010666666666666666	0.0008888888888888889	0	baseline	1
Pillai proportions A1	37	1125	0.056	0.008888888888888889	0.0	0	baseline	1
Pillai proportions A1	38	1125	0.052444444444444446	0.0071111111111111115	0.0008888888888888889	0	baseline	1
Pillai proportions A1	39	1125	0.060444444444444446	0.016	0.0	0	baseline	1
Pillai proportions A1	40	1125	0.056	0.011555555555555555	0.0026666666666666666	0	baseline	1
Pillai proportions A1	41	1125	0.042666666666666665	0.009777777777777778	0.0008888888888888889	0	baseline	1
Pillai proportions A1	42	1125	0.05422222222222222	0.014222222222222223	0.0017777777777777779	0	baseline	1
Pillai proportions A1	43	1125	0.05333333333333334	0.013333333333333334	0.0008888888888888889	0	baseline	1
Pillai proportions A1	44	1125	0.052444444444444446	0.0071111111111111115	0.0026666666666666666	0	baseline	1
Pillai proportions A1	45	1125	0.06222222222222222	0.013333333333333334	0.0017777777777777779	0	baseline	1
Pillai proportions A1	46	1125	0.05511111111111111	0.010666666666666666	0.0008888888888888889	0	baseline	1
Pillai proportions A1	47	1125	0.052444444444444446	0.010666666666666666	0.0008888888888888889	0	baseline	1
Pillai proportions A1	48	1125	0.04533333333333334	0.010666666666666666	0.0008888888888888889	0	baseline	1
Pillai proportions A1	49	1125	0.04888888888888889	0.012444444444444444	0.0	0	baseline	1
Pillai proportions A1	50	1125	0.04622222222222222	0.010666666666666666	0.0017777777777777779	0	baseline	1
Pillai proportions A1	51	1125	0.042666666666666665	0.0071111111111111115	0.0008888888888888889	0	baseline	1
Pillai proportions A1	52	1125	0.06133333333333333	0.016888888888888887	0.0008888888888888889	0	baseline	1
Pillai proportions A1	53	1125	0.04533333333333334	0.014222222222222223	0.0008888888888888889	0	baseline	1
Pillai proportions A1	54	1125	0.057777777777777775	0.008	0.0017777777777777779	0	baseline	1
Pillai proportions A1	55	1125	0.05333333333333334	0.006222222222222222	0.0008888888888888889	0	baseline	1
Pillai proportions A1	56	1125	0.048	0.010666666666666666	0.0008888888888888889	0	baseline	1
Pillai proportions A1	57	1125	0.043555555555555556	0.010666666666666666	0.0	0	baseline	1
Pillai proportions A1	58	1125	0.06133333333333333	0.012444444444444444	0.0017777777777777779	0	baseline	1
Pillai proportions A1	59	1125	0.058666666666666666	0.011555555555555555	0.0017777777777777779	0	baseline	1
Pillai proportions A1	60	1125	0.050666666666666665	0.010666666666666666	0.0	0	baseline	1
Pillai proportions A1	61	1125	0.049777777777777775	0.0071111111111111115	0.0	0	baseline	1
Pillai proportions A1	62	1125	0.052444444444444446	0.0071111111111111115	0.0008888888888888889	0	baseline	1
Pillai proportions A1	63	1125	0.059555555555555556	0.010666666666666666	0.0008888888888888889	0	baseline	1
maximum-coordinate F ILR A1	32	1125	0.048	0.013333333333333334	0.0017777777777777779	0	baseline	1
maximum-coordinate F ILR A1	33	1125	0.051555555555555556	0.012444444444444444	0.0026666666666666666	0	baseline	1
maximum-coordinate F ILR A1	34	1125	0.051555555555555556	0.008888888888888889	0.0008888888888888889	0	baseline	1
maximum-coordinate F ILR A1	35	1125	0.042666666666666665	0.012444444444444444	0.0026666666666666666	0	baseline	1
maximum-coordinate F ILR A1	36	1125	0.049777777777777775	0.011555555555555555	0.0017777777777777779	0	baseline	1
maximum-coordinate F ILR A1	37	1125	0.056	0.013333333333333334	0.0026666666666666666	0	baseline	1
maximum-coordinate F ILR A1	38	1125	0.050666666666666665	0.008	0.0008888888888888889	0	baseline	1
maximum-coordinate F ILR A1	39	1125	0.050666666666666665	0.013333333333333334	0.0035555555555555557	0	baseline	1
maximum-coordinate F ILR A1	40	1125	0.04622222222222222	0.008888888888888889	0.0035555555555555557	0	baseline	1
maximum-coordinate F ILR A1	41	1125	0.052444444444444446	0.010666666666666666	0.0026666666666666666	0	baseline	1
maximum-coordinate F ILR A1	42	1125	0.04622222222222222	0.013333333333333334	0.0026666666666666666	0	baseline	1
maximum-coordinate F ILR A1	43	1125	0.05688888888888889	0.010666666666666666	0.0017777777777777779	0	baseline	1
maximum-coordinate F ILR A1	44	1125	0.04711111111111111	0.012444444444444444	0.0035555555555555557	0	baseline	1
maximum-coordinate F ILR A1	45	1125	0.056	0.013333333333333334	0.0035555555555555557	0	baseline	1
maximum-coordinate F ILR A1	46	1125	0.056	0.011555555555555555	0.0035555555555555557	0	baseline	1
maximum-coordinate F ILR A1	47	1125	0.06133333333333333	0.008888888888888889	0.0026666666666666666	0	baseline	1
maximum-coordinate F ILR A1	48	1125	0.04888888888888889	0.008888888888888889	0.0008888888888888889	0	baseline	1
maximum-coordinate F ILR A1	49	1125	0.04	0.009777777777777778	0.0026666666666666666	0	baseline	1
maximum-coordinate F ILR A1	50	1125	0.04533333333333334	0.010666666666666666	0.0017777777777777779	0	baseline	1
maximum-coordinate F ILR A1	51	1125	0.03822222222222222	0.010666666666666666	0.0026666666666666666	0	baseline	1
maximum-coordinate F ILR A1	52	1125	0.05688888888888889	0.016	0.0026666666666666666	0	baseline	1
maximum-coordinate F ILR A1	53	1125	0.04888888888888889	0.008888888888888889	0.0026666666666666666	0	baseline	1
maximum-coordinate F ILR A1	54	1125	0.056	0.010666666666666666	0.0035555555555555557	0	baseline	1
maximum-coordinate F ILR A1	55	1125	0.048	0.013333333333333334	0.0044444444444444444	0	baseline	1
maximum-coordinate F ILR A1	56	1125	0.04888888888888889	0.008	0.0017777777777777779	0	baseline	1
maximum-coordinate F ILR A1	57	1125	0.048	0.012444444444444444	0.0026666666666666666	0	baseline	1
maximum-coordinate F ILR A1	58	1125	0.05688888888888889	0.016888888888888887	0.0035555555555555557	0	baseline	1
maximum-coordinate F ILR A1	59	1125	0.052444444444444446	0.010666666666666666	0.0035555555555555557	0	baseline	1
maximum-coordinate F ILR A1	60	1125	0.05688888888888889	0.014222222222222223	0.0026666666666666666	0	baseline	1
maximum-coordinate F ILR A1	61	1125	0.050666666666666665	0.010666666666666666	0.0035555555555555557	0	baseline	1
maximum-coordinate F ILR A1	62	1125	0.050666666666666665	0.010666666666666666	0.0026666666666666666	0	baseline	1
maximum-coordinate F ILR A1	63	1125	0.052444444444444446	0.008888888888888889	0.0044444444444444444	0	baseline	1
maximum-coordinate F ILR A32	32	1125	0.049777777777777775	0.012444444444444444	0.0035555555555555557	0	baseline	1
maximum-coordinate F ILR A32	33	1125	0.044444444444444446	0.012444444444444444	0.0026666666666666666	0	baseline	1
maximum-coordinate F ILR A32	34	1125	0.04622222222222222	0.014222222222222223	0.0035555555555555557	0	baseline	1
maximum-coordinate F ILR A32	35	1125	0.043555555555555556	0.010666666666666666	0.005333333333333333	0	baseline	1
maximum-coordinate F ILR A32	36	1125	0.04088888888888889	0.008	0.0026666666666666666	0	baseline	1
maximum-coordinate F ILR A32	37	1125	0.049777777777777775	0.014222222222222223	0.0035555555555555557	0	baseline	1
maximum-coordinate F ILR A32	38	1125	0.041777777777777775	0.009777777777777778	0.0026666666666666666	0	baseline	1
maximum-coordinate F ILR A32	39	1125	0.052444444444444446	0.015111111111111112	0.0026666666666666666	0	baseline	1
maximum-coordinate F ILR A32	40	1125	0.04711111111111111	0.0071111111111111115	0.0026666666666666666	0	baseline	1
maximum-coordinate F ILR A32	41	1125	0.044444444444444446	0.013333333333333334	0.0017777777777777779	0	baseline	1
maximum-coordinate F ILR A32	42	1125	0.04711111111111111	0.013333333333333334	0.005333333333333333	0	baseline	1
maximum-coordinate F ILR A32	43	1125	0.05422222222222222	0.009777777777777778	0.0035555555555555557	0	baseline	1
maximum-coordinate F ILR A32	44	1125	0.051555555555555556	0.016	0.0035555555555555557	0	baseline	1
maximum-coordinate F ILR A32	45	1125	0.043555555555555556	0.010666666666666666	0.0017777777777777779	0	baseline	1
maximum-coordinate F ILR A32	46	1125	0.04888888888888889	0.014222222222222223	0.0017777777777777779	0	baseline	1
maximum-coordinate F ILR A32	47	1125	0.04533333333333334	0.011555555555555555	0.0026666666666666666	0	baseline	1
maximum-coordinate F ILR A32	48	1125	0.042666666666666665	0.011555555555555555	0.0017777777777777779	0	baseline	1
maximum-coordinate F ILR A32	49	1125	0.04088888888888889	0.008888888888888889	0.0017777777777777779	0	baseline	1
maximum-coordinate F ILR A32	50	1125	0.048	0.009777777777777778	0.0026666666666666666	0	baseline	1
maximum-coordinate F ILR A32	51	1125	0.04622222222222222	0.013333333333333334	0.0044444444444444444	0	baseline	1
maximum-coordinate F ILR A32	52	1125	0.05511111111111111	0.012444444444444444	0.0035555555555555557	0	baseline	1
maximum-coordinate F ILR A32	53	1125	0.042666666666666665	0.013333333333333334	0.0026666666666666666	0	baseline	1
maximum-coordinate F ILR A32	54	1125	0.05688888888888889	0.018666666666666668	0.005333333333333333	0	baseline	1
maximum-coordinate F ILR A32	55	1125	0.04888888888888889	0.012444444444444444	0.0026666666666666666	0	baseline	1
maximum-coordinate F ILR A32	56	1125	0.049777777777777775	0.012444444444444444	0.0044444444444444444	0	baseline	1
maximum-coordinate F ILR A32	57	1125	0.057777777777777775	0.012444444444444444	0.0044444444444444444	0	baseline	1
maximum-coordinate F ILR A32	58	1125	0.04	0.009777777777777778	0.0026666666666666666	0	baseline	1
maximum-coordinate F ILR A32	59	1125	0.05333333333333334	0.008888888888888889	0.0026666666666666666	0	baseline	1
maximum-coordinate F ILR A32	60	1125	0.04711111111111111	0.011555555555555555	0.0026666666666666666	0	baseline	1
maximum-coordinate F ILR A32	61	1125	0.04533333333333334	0.014222222222222223	0.0017777777777777779	0	baseline	1
maximum-coordinate F ILR A32	62	1125	0.048	0.013333333333333334	0.0017777777777777779	0	baseline	1
maximum-coordinate F ILR A32	63	1125	0.058666666666666666	0.013333333333333334	0.0035555555555555557	0	baseline	1
maximum-coordinate F proportions A1	32	1125	0.04888888888888889	0.012444444444444444	0.0044444444444444444	0	baseline	1
maximum-coordinate F proportions A1	33	1125	0.05511111111111111	0.009777777777777778	0.0026666666666666666	0	baseline	1
maximum-coordinate F proportions A1	34	1125	0.056	0.008888888888888889	0.0035555555555555557	0	baseline	1
maximum-coordinate F proportions A1	35	1125	0.044444444444444446	0.013333333333333334	0.0026666666666666666	0	baseline	1
maximum-coordinate F proportions A1	36	1125	0.048	0.008888888888888889	0.0017777777777777779	0	baseline	1
maximum-coordinate F proportions A1	37	1125	0.058666666666666666	0.012444444444444444	0.0017777777777777779	0	baseline	1
maximum-coordinate F proportions A1	38	1125	0.052444444444444446	0.008	0.0026666666666666666	0	baseline	1
maximum-coordinate F proportions A1	39	1125	0.05511111111111111	0.015111111111111112	0.0	0	baseline	1
maximum-coordinate F proportions A1	40	1125	0.048	0.012444444444444444	0.0044444444444444444	0	baseline	1
maximum-coordinate F proportions A1	41	1125	0.048	0.012444444444444444	0.0	0	baseline	1
maximum-coordinate F proportions A1	42	1125	0.05333333333333334	0.012444444444444444	0.0026666666666666666	0	baseline	1
maximum-coordinate F proportions A1	43	1125	0.05422222222222222	0.012444444444444444	0.0017777777777777779	0	baseline	1
maximum-coordinate F proportions A1	44	1125	0.049777777777777775	0.009777777777777778	0.0026666666666666666	0	baseline	1
maximum-coordinate F proportions A1	45	1125	0.060444444444444446	0.015111111111111112	0.0035555555555555557	0	baseline	1
maximum-coordinate F proportions A1	46	1125	0.05511111111111111	0.010666666666666666	0.0026666666666666666	0	baseline	1
maximum-coordinate F proportions A1	47	1125	0.058666666666666666	0.008888888888888889	0.0008888888888888889	0	baseline	1
maximum-coordinate F proportions A1	48	1125	0.051555555555555556	0.008	0.0026666666666666666	0	baseline	1
maximum-coordinate F proportions A1	49	1125	0.051555555555555556	0.010666666666666666	0.0017777777777777779	0	baseline	1
maximum-coordinate F proportions A1	50	1125	0.044444444444444446	0.011555555555555555	0.0026666666666666666	0	baseline	1
maximum-coordinate F proportions A1	51	1125	0.041777777777777775	0.009777777777777778	0.0026666666666666666	0	baseline	1
maximum-coordinate F proportions A1	52	1125	0.059555555555555556	0.017777777777777778	0.0026666666666666666	0	baseline	1
maximum-coordinate F proportions A1	53	1125	0.04088888888888889	0.010666666666666666	0.0026666666666666666	0	baseline	1
maximum-coordinate F proportions A1	54	1125	0.064	0.010666666666666666	0.0017777777777777779	0	baseline	1
maximum-coordinate F proportions A1	55	1125	0.05333333333333334	0.008	0.0008888888888888889	0	baseline	1
maximum-coordinate F proportions A1	56	1125	0.048	0.009777777777777778	0.0026666666666666666	0	baseline	1
maximum-coordinate F proportions A1	57	1125	0.042666666666666665	0.011555555555555555	0.0008888888888888889	0	baseline	1
maximum-coordinate F proportions A1	58	1125	0.057777777777777775	0.015111111111111112	0.0035555555555555557	0	baseline	1
maximum-coordinate F proportions A1	59	1125	0.059555555555555556	0.012444444444444444	0.0026666666666666666	0	baseline	1
maximum-coordinate F proportions A1	60	1125	0.04888888888888889	0.011555555555555555	0.0	0	baseline	1
maximum-coordinate F proportions A1	61	1125	0.051555555555555556	0.011555555555555555	0.0	0	baseline	1
maximum-coordinate F proportions A1	62	1125	0.056	0.009777777777777778	0.0008888888888888889	0	baseline	1
maximum-coordinate F proportions A1	63	1125	0.05688888888888889	0.010666666666666666	0.0026666666666666666	0	baseline	1
null-variance Wald A32	32	1125	0.04622222222222222	0.015111111111111112	0.0008888888888888889	0	baseline	1
null-variance Wald A32	33	1125	0.043555555555555556	0.008888888888888889	0.0017777777777777779	0	baseline	1
null-variance Wald A32	34	1125	0.04622222222222222	0.012444444444444444	0.0017777777777777779	0	baseline	1
null-variance Wald A32	35	1125	0.04711111111111111	0.008	0.0017777777777777779	0	baseline	1
null-variance Wald A32	36	1125	0.048	0.008888888888888889	0.0008888888888888889	0	baseline	1
null-variance Wald A32	37	1125	0.04622222222222222	0.0071111111111111115	0.0	0	baseline	1
null-variance Wald A32	38	1125	0.05333333333333334	0.009777777777777778	0.0	0	baseline	1
null-variance Wald A32	39	1125	0.050666666666666665	0.009777777777777778	0.0	0	baseline	1
null-variance Wald A32	40	1125	0.052444444444444446	0.011555555555555555	0.0008888888888888889	0	baseline	1
null-variance Wald A32	41	1125	0.042666666666666665	0.008	0.0008888888888888889	0	baseline	1
null-variance Wald A32	42	1125	0.04533333333333334	0.008	0.0008888888888888889	0	baseline	1
null-variance Wald A32	43	1125	0.05333333333333334	0.011555555555555555	0.0008888888888888889	0	baseline	1
null-variance Wald A32	44	1125	0.05511111111111111	0.010666666666666666	0.0026666666666666666	0	baseline	1
null-variance Wald A32	45	1125	0.048	0.010666666666666666	0.0	0	baseline	1
null-variance Wald A32	46	1125	0.052444444444444446	0.008	0.0017777777777777779	0	baseline	1
null-variance Wald A32	47	1125	0.05333333333333334	0.011555555555555555	0.0008888888888888889	0	baseline	1
null-variance Wald A32	48	1125	0.041777777777777775	0.009777777777777778	0.0017777777777777779	0	baseline	1
null-variance Wald A32	49	1125	0.04088888888888889	0.008	0.0	0	baseline	1
null-variance Wald A32	50	1125	0.052444444444444446	0.013333333333333334	0.0	0	baseline	1
null-variance Wald A32	51	1125	0.052444444444444446	0.0044444444444444444	0.0026666666666666666	0	baseline	1
null-variance Wald A32	52	1125	0.058666666666666666	0.012444444444444444	0.0008888888888888889	0	baseline	1
null-variance Wald A32	53	1125	0.04711111111111111	0.012444444444444444	0.0	0	baseline	1
null-variance Wald A32	54	1125	0.059555555555555556	0.016888888888888887	0.0026666666666666666	0	baseline	1
null-variance Wald A32	55	1125	0.048	0.009777777777777778	0.0	0	baseline	1
null-variance Wald A32	56	1125	0.05688888888888889	0.013333333333333334	0.0026666666666666666	0	baseline	1
null-variance Wald A32	57	1125	0.05511111111111111	0.008888888888888889	0.0	0	baseline	1
null-variance Wald A32	58	1125	0.04622222222222222	0.008	0.0008888888888888889	0	baseline	1
null-variance Wald A32	59	1125	0.05511111111111111	0.009777777777777778	0.0035555555555555557	0	baseline	1
null-variance Wald A32	60	1125	0.04888888888888889	0.008	0.0008888888888888889	0	baseline	1
null-variance Wald A32	61	1125	0.052444444444444446	0.013333333333333334	0.0017777777777777779	0	baseline	1
null-variance Wald A32	62	1125	0.057777777777777775	0.013333333333333334	0.0008888888888888889	0	baseline	1
null-variance Wald A32	63	1125	0.06222222222222222	0.011555555555555555	0.0026666666666666666	0	baseline	1
trace F ILR A1	32	1125	0.050666666666666665	0.011555555555555555	0.0017777777777777779	0	baseline	1
trace F ILR A1	33	1125	0.044444444444444446	0.013333333333333334	0.0017777777777777779	0	baseline	1
trace F ILR A1	34	1125	0.050666666666666665	0.008	0.0	0	baseline	1
trace F ILR A1	35	1125	0.04888888888888889	0.009777777777777778	0.0017777777777777779	0	baseline	1
trace F ILR A1	36	1125	0.058666666666666666	0.006222222222222222	0.0017777777777777779	0	baseline	1
trace F ILR A1	37	1125	0.05688888888888889	0.009777777777777778	0.0017777777777777779	0	baseline	1
trace F ILR A1	38	1125	0.05422222222222222	0.006222222222222222	0.0	0	baseline	1
trace F ILR A1	39	1125	0.048	0.013333333333333334	0.0026666666666666666	0	baseline	1
trace F ILR A1	40	1125	0.04533333333333334	0.009777777777777778	0.0026666666666666666	0	baseline	1
trace F ILR A1	41	1125	0.048	0.011555555555555555	0.0008888888888888889	0	baseline	1
trace F ILR A1	42	1125	0.041777777777777775	0.009777777777777778	0.0026666666666666666	0	baseline	1
trace F ILR A1	43	1125	0.049777777777777775	0.013333333333333334	0.0017777777777777779	0	baseline	1
trace F ILR A1	44	1125	0.04533333333333334	0.008888888888888889	0.0026666666666666666	0	baseline	1
trace F ILR A1	45	1125	0.058666666666666666	0.014222222222222223	0.0035555555555555557	0	baseline	1
trace F ILR A1	46	1125	0.048	0.012444444444444444	0.0044444444444444444	0	baseline	1
trace F ILR A1	47	1125	0.058666666666666666	0.008	0.0026666666666666666	0	baseline	1
trace F ILR A1	48	1125	0.04711111111111111	0.006222222222222222	0.0008888888888888889	0	baseline	1
trace F ILR A1	49	1125	0.03911111111111111	0.009777777777777778	0.0026666666666666666	0	baseline	1
trace F ILR A1	50	1125	0.048	0.010666666666666666	0.0008888888888888889	0	baseline	1
trace F ILR A1	51	1125	0.03911111111111111	0.009777777777777778	0.0017777777777777779	0	baseline	1
trace F ILR A1	52	1125	0.058666666666666666	0.012444444444444444	0.0017777777777777779	0	baseline	1
trace F ILR A1	53	1125	0.043555555555555556	0.010666666666666666	0.0017777777777777779	0	baseline	1
trace F ILR A1	54	1125	0.052444444444444446	0.009777777777777778	0.0026666666666666666	0	baseline	1
trace F ILR A1	55	1125	0.04622222222222222	0.008888888888888889	0.0026666666666666666	0	baseline	1
trace F ILR A1	56	1125	0.052444444444444446	0.0071111111111111115	0.0017777777777777779	0	baseline	1
trace F ILR A1	57	1125	0.050666666666666665	0.012444444444444444	0.0017777777777777779	0	baseline	1
trace F ILR A1	58	1125	0.05422222222222222	0.014222222222222223	0.0035555555555555557	0	baseline	1
trace F ILR A1	59	1125	0.050666666666666665	0.009777777777777778	0.0035555555555555557	0	baseline	1
trace F ILR A1	60	1125	0.056	0.011555555555555555	0.0008888888888888889	0	baseline	1
trace F ILR A1	61	1125	0.056	0.009777777777777778	0.0044444444444444444	0	baseline	1
trace F ILR A1	62	1125	0.052444444444444446	0.008888888888888889	0.0008888888888888889	0	baseline	1
trace F ILR A1	63	1125	0.058666666666666666	0.009777777777777778	0.0044444444444444444	0	baseline	1
trace F ILR A32	32	1125	0.051555555555555556	0.011555555555555555	0.0026666666666666666	0	baseline	1
trace F ILR A32	33	1125	0.043555555555555556	0.009777777777777778	0.0017777777777777779	0	baseline	1
trace F ILR A32	34	1125	0.048	0.011555555555555555	0.0026666666666666666	0	baseline	1
trace F ILR A32	35	1125	0.051555555555555556	0.008888888888888889	0.0044444444444444444	0	baseline	1
trace F ILR A32	36	1125	0.04888888888888889	0.008	0.0026666666666666666	0	baseline	1
trace F ILR A32	37	1125	0.05422222222222222	0.012444444444444444	0.0017777777777777779	0	baseline	1
trace F ILR A32	38	1125	0.052444444444444446	0.008	0.0008888888888888889	0	baseline	1
trace F ILR A32	39	1125	0.051555555555555556	0.013333333333333334	0.0017777777777777779	0	baseline	1
trace F ILR A32	40	1125	0.052444444444444446	0.0071111111111111115	0.0017777777777777779	0	baseline	1
trace F ILR A32	41	1125	0.041777777777777775	0.009777777777777778	0.0	0	baseline	1
trace F ILR A32	42	1125	0.041777777777777775	0.011555555555555555	0.0026666666666666666	0	baseline	1
trace F ILR A32	43	1125	0.051555555555555556	0.011555555555555555	0.0017777777777777779	0	baseline	1
trace F ILR A32	44	1125	0.05333333333333334	0.015111111111111112	0.0035555555555555557	0	baseline	1
trace F ILR A32	45	1125	0.048	0.010666666666666666	0.0	0	baseline	1
trace F ILR A32	46	1125	0.04533333333333334	0.012444444444444444	0.0008888888888888889	0	baseline	1
trace F ILR A32	47	1125	0.056	0.011555555555555555	0.0017777777777777779	0	baseline	1
trace F ILR A32	48	1125	0.044444444444444446	0.009777777777777778	0.0017777777777777779	0	baseline	1
trace F ILR A32	49	1125	0.04622222222222222	0.0071111111111111115	0.0	0	baseline	1
trace F ILR A32	50	1125	0.050666666666666665	0.010666666666666666	0.0008888888888888889	0	baseline	1
trace F ILR A32	51	1125	0.043555555555555556	0.012444444444444444	0.0026666666666666666	0	baseline	1
trace F ILR A32	52	1125	0.057777777777777775	0.011555555555555555	0.0026666666666666666	0	baseline	1
trace F ILR A32	53	1125	0.04622222222222222	0.008888888888888889	0.0008888888888888889	0	baseline	1
trace F ILR A32	54	1125	0.058666666666666666	0.018666666666666668	0.0044444444444444444	0	baseline	1
trace F ILR A32	55	1125	0.049777777777777775	0.008	0.0	0	baseline	1
trace F ILR A32	56	1125	0.051555555555555556	0.012444444444444444	0.0026666666666666666	0	baseline	1
trace F ILR A32	57	1125	0.056	0.009777777777777778	0.0017777777777777779	0	baseline	1
trace F ILR A32	58	1125	0.04533333333333334	0.011555555555555555	0.0035555555555555557	0	baseline	1
trace F ILR A32	59	1125	0.051555555555555556	0.009777777777777778	0.0008888888888888889	0	baseline	1
trace F ILR A32	60	1125	0.044444444444444446	0.008	0.0008888888888888889	0	baseline	1
trace F ILR A32	61	1125	0.04888888888888889	0.014222222222222223	0.0008888888888888889	0	baseline	1
trace F ILR A32	62	1125	0.050666666666666665	0.009777777777777778	0.0008888888888888889	0	baseline	1
trace F ILR A32	63	1125	0.058666666666666666	0.011555555555555555	0.0026666666666666666	0	baseline	1
trace F proportions A1	32	1125	0.049777777777777775	0.009777777777777778	0.005333333333333333	0	baseline	1
trace F proportions A1	33	1125	0.05333333333333334	0.008	0.0017777777777777779	0	baseline	1
trace F proportions A1	34	1125	0.04622222222222222	0.005333333333333333	0.0017777777777777779	0	baseline	1
trace F proportions A1	35	1125	0.04711111111111111	0.011555555555555555	0.0026666666666666666	0	baseline	1
trace F proportions A1	36	1125	0.05688888888888889	0.008	0.0017777777777777779	0	baseline	1
trace F proportions A1	37	1125	0.05333333333333334	0.009777777777777778	0.0017777777777777779	0	baseline	1
trace F proportions A1	38	1125	0.05422222222222222	0.009777777777777778	0.0026666666666666666	0	baseline	1
trace F proportions A1	39	1125	0.058666666666666666	0.011555555555555555	0.0008888888888888889	0	baseline	1
trace F proportions A1	40	1125	0.043555555555555556	0.011555555555555555	0.0026666666666666666	0	baseline	1
trace F proportions A1	41	1125	0.05422222222222222	0.012444444444444444	0.0008888888888888889	0	baseline	1
trace F proportions A1	42	1125	0.060444444444444446	0.016	0.0026666666666666666	0	baseline	1
trace F proportions A1	43	1125	0.056	0.008888888888888889	0.0017777777777777779	0	baseline	1
trace F proportions A1	44	1125	0.05333333333333334	0.009777777777777778	0.0026666666666666666	0	baseline	1
trace F proportions A1	45	1125	0.05422222222222222	0.014222222222222223	0.0035555555555555557	0	baseline	1
trace F proportions A1	46	1125	0.050666666666666665	0.009777777777777778	0.0026666666666666666	0	baseline	1
trace F proportions A1	47	1125	0.04622222222222222	0.008	0.0	0	baseline	1
trace F proportions A1	48	1125	0.04622222222222222	0.008888888888888889	0.0026666666666666666	0	baseline	1
trace F proportions A1	49	1125	0.050666666666666665	0.008	0.0008888888888888889	0	baseline	1
trace F proportions A1	50	1125	0.041777777777777775	0.008888888888888889	0.0026666666666666666	0	baseline	1
trace F proportions A1	51	1125	0.04533333333333334	0.010666666666666666	0.0035555555555555557	0	baseline	1
trace F proportions A1	52	1125	0.05511111111111111	0.010666666666666666	0.0017777777777777779	0	baseline	1
trace F proportions A1	53	1125	0.04711111111111111	0.009777777777777778	0.0026666666666666666	0	baseline	1
trace F proportions A1	54	1125	0.05688888888888889	0.015111111111111112	0.0017777777777777779	0	baseline	1
trace F proportions A1	55	1125	0.048	0.009777777777777778	0.0008888888888888889	0	baseline	1
trace F proportions A1	56	1125	0.05333333333333334	0.009777777777777778	0.0008888888888888889	0	baseline	1
trace F proportions A1	57	1125	0.04533333333333334	0.0071111111111111115	0.0008888888888888889	0	baseline	1
trace F proportions A1	58	1125	0.05422222222222222	0.012444444444444444	0.0026666666666666666	0	baseline	1
trace F proportions A1	59	1125	0.059555555555555556	0.009777777777777778	0.0026666666666666666	0	baseline	1
trace F proportions A1	60	1125	0.05422222222222222	0.010666666666666666	0.0008888888888888889	0	baseline	1
trace F proportions A1	61	1125	0.04711111111111111	0.009777777777777778	0.0	0	baseline	1
trace F proportions A1	62	1125	0.05688888888888889	0.012444444444444444	0.0008888888888888889	0	baseline	1
trace F proportions A1	63	1125	0.06133333333333333	0.011555555555555555	0.0026666666666666666	0	baseline	1
Pillai ILR A1	32	1149	0.04525674499564839	0.011314186248912098	0.0026109660574412533	0	uniform control	1
Pillai ILR A1	33	1149	0.04612706701479547	0.011314186248912098	0.0008703220191470844	0	uniform control	1
Pillai ILR A1	34	1149	0.047867711053089644	0.006962576153176675	0.0017406440382941688	0	uniform control	1
Pillai ILR A1	35	1149	0.04177545691906005	0.009573542210617928	0.0	0	uniform control	1
Pillai ILR A1	36	1149	0.050478677110530897	0.009573542210617928	0.0008703220191470844	0	uniform control	1
Pillai ILR A1	37	1149	0.05221932114882506	0.008703220191470844	0.0026109660574412533	0	uniform control	1
Pillai ILR A1	38	1149	0.05657093124456049	0.010443864229765013	0.0	0	uniform control	1
Pillai ILR A1	39	1149	0.04960835509138381	0.011314186248912098	0.0026109660574412533	0	uniform control	1
Pillai ILR A1	40	1149	0.05657093124456049	0.012184508268059183	0.0	0	uniform control	1
Pillai ILR A1	41	1149	0.04960835509138381	0.009573542210617928	0.0017406440382941688	0	uniform control	1
Pillai ILR A1	42	1149	0.04351610095735422	0.008703220191470844	0.0017406440382941688	0	uniform control	1
Pillai ILR A1	43	1149	0.06005221932114883	0.01392515230635335	0.0017406440382941688	0	uniform control	1
Pillai ILR A1	44	1149	0.04873803307223673	0.013054830287206266	0.0026109660574412533	0	uniform control	1
Pillai ILR A1	45	1149	0.04699738903394256	0.009573542210617928	0.0008703220191470844	0	uniform control	1
Pillai ILR A1	46	1149	0.058311575282854654	0.010443864229765013	0.0008703220191470844	0	uniform control	1
Pillai ILR A1	47	1149	0.05134899912967798	0.005221932114882507	0.0	0	uniform control	1
Pillai ILR A1	48	1149	0.044386422976501305	0.010443864229765013	0.0	0	uniform control	1
Pillai ILR A1	49	1149	0.04525674499564839	0.006962576153176675	0.0	0	uniform control	1
Pillai ILR A1	50	1149	0.040905134899912966	0.009573542210617928	0.0008703220191470844	0	uniform control	1
Pillai ILR A1	51	1149	0.04351610095735422	0.012184508268059183	0.0	0	uniform control	1
Pillai ILR A1	52	1149	0.04960835509138381	0.013054830287206266	0.0008703220191470844	0	uniform control	1
Pillai ILR A1	53	1149	0.04612706701479547	0.013054830287206266	0.0026109660574412533	0	uniform control	1
Pillai ILR A1	54	1149	0.050478677110530897	0.007832898172323759	0.0	0	uniform control	1
Pillai ILR A1	55	1149	0.05308964316797215	0.006962576153176675	0.0017406440382941688	0	uniform control	1
Pillai ILR A1	56	1149	0.04003481288076589	0.007832898172323759	0.0008703220191470844	0	uniform control	1
Pillai ILR A1	57	1149	0.04612706701479547	0.010443864229765013	0.0008703220191470844	0	uniform control	1
Pillai ILR A1	58	1149	0.06005221932114883	0.009573542210617928	0.0	0	uniform control	1
Pillai ILR A1	59	1149	0.057441253263707574	0.01392515230635335	0.0017406440382941688	0	uniform control	1
Pillai ILR A1	60	1149	0.0557006092254134	0.010443864229765013	0.0008703220191470844	0	uniform control	1
Pillai ILR A1	61	1149	0.050478677110530897	0.009573542210617928	0.0	0	uniform control	1
Pillai ILR A1	62	1149	0.04525674499564839	0.010443864229765013	0.0017406440382941688	0	uniform control	1
Pillai ILR A1	63	1149	0.05483028720626632	0.011314186248912098	0.0017406440382941688	0	uniform control	1
Pillai ILR A32	32	1149	0.05308964316797215	0.013054830287206266	0.0	0	uniform control	1
Pillai ILR A32	33	1149	0.050478677110530897	0.011314186248912098	0.0026109660574412533	0	uniform control	1
Pillai ILR A32	34	1149	0.04264577893820714	0.010443864229765013	0.0	0	uniform control	1
Pillai ILR A32	35	1149	0.03742384682332463	0.009573542210617928	0.0008703220191470844	0	uniform control	1
Pillai ILR A32	36	1149	0.06614447345517842	0.011314186248912098	0.0026109660574412533	0	uniform control	1
Pillai ILR A32	37	1149	0.06353350739773717	0.009573542210617928	0.0008703220191470844	0	uniform control	1
Pillai ILR A32	38	1149	0.06005221932114883	0.009573542210617928	0.0008703220191470844	0	uniform control	1
Pillai ILR A32	39	1149	0.047867711053089644	0.006962576153176675	0.0008703220191470844	0	uniform control	1
Pillai ILR A32	40	1149	0.05221932114882506	0.009573542210617928	0.0	0	uniform control	1
Pillai ILR A32	41	1149	0.047867711053089644	0.009573542210617928	0.0008703220191470844	0	uniform control	1
Pillai ILR A32	42	1149	0.04177545691906005	0.009573542210617928	0.0008703220191470844	0	uniform control	1
Pillai ILR A32	43	1149	0.057441253263707574	0.012184508268059183	0.0017406440382941688	0	uniform control	1
Pillai ILR A32	44	1149	0.04699738903394256	0.014795474325500435	0.0034812880765883376	0	uniform control	1
Pillai ILR A32	45	1149	0.04351610095735422	0.006092254134029591	0.0008703220191470844	0	uniform control	1
Pillai ILR A32	46	1149	0.053959965187119235	0.006962576153176675	0.0017406440382941688	0	uniform control	1
Pillai ILR A32	47	1149	0.040905134899912966	0.006092254134029591	0.0008703220191470844	0	uniform control	1
Pillai ILR A32	48	1149	0.050478677110530897	0.01392515230635335	0.0017406440382941688	0	uniform control	1
Pillai ILR A32	49	1149	0.04003481288076589	0.006092254134029591	0.0	0	uniform control	1
Pillai ILR A32	50	1149	0.04351610095735422	0.009573542210617928	0.0008703220191470844	0	uniform control	1
Pillai ILR A32	51	1149	0.05483028720626632	0.011314186248912098	0.0017406440382941688	0	uniform control	1
Pillai ILR A32	52	1149	0.05308964316797215	0.010443864229765013	0.0008703220191470844	0	uniform control	1
Pillai ILR A32	53	1149	0.047867711053089644	0.006962576153176675	0.0008703220191470844	0	uniform control	1
Pillai ILR A32	54	1149	0.047867711053089644	0.008703220191470844	0.0026109660574412533	0	uniform control	1
Pillai ILR A32	55	1149	0.0557006092254134	0.010443864229765013	0.0017406440382941688	0	uniform control	1
Pillai ILR A32	56	1149	0.04264577893820714	0.008703220191470844	0.0026109660574412533	0	uniform control	1
Pillai ILR A32	57	1149	0.04960835509138381	0.013054830287206266	0.0026109660574412533	0	uniform control	1
Pillai ILR A32	58	1149	0.053959965187119235	0.011314186248912098	0.0008703220191470844	0	uniform control	1
Pillai ILR A32	59	1149	0.05134899912967798	0.012184508268059183	0.0008703220191470844	0	uniform control	1
Pillai ILR A32	60	1149	0.0391644908616188	0.010443864229765013	0.0	0	uniform control	1
Pillai ILR A32	61	1149	0.04960835509138381	0.008703220191470844	0.0008703220191470844	0	uniform control	1
Pillai ILR A32	62	1149	0.04003481288076589	0.009573542210617928	0.0008703220191470844	0	uniform control	1
Pillai ILR A32	63	1149	0.047867711053089644	0.009573542210617928	0.0008703220191470844	0	uniform control	1
Pillai proportions A1	32	1149	0.04612706701479547	0.016536118363794605	0.0017406440382941688	0	uniform control	1
Pillai proportions A1	33	1149	0.047867711053089644	0.013054830287206266	0.0026109660574412533	0	uniform control	1
Pillai proportions A1	34	1149	0.04960835509138381	0.004351610095735422	0.0008703220191470844	0	uniform control	1
Pillai proportions A1	35	1149	0.04264577893820714	0.008703220191470844	0.0008703220191470844	0	uniform control	1
Pillai proportions A1	36	1149	0.047867711053089644	0.01392515230635335	0.0008703220191470844	0	uniform control	1
Pillai proportions A1	37	1149	0.04873803307223673	0.010443864229765013	0.0017406440382941688	0	uniform control	1
Pillai proportions A1	38	1149	0.05308964316797215	0.008703220191470844	0.0008703220191470844	0	uniform control	1
Pillai proportions A1	39	1149	0.05483028720626632	0.013054830287206266	0.0017406440382941688	0	uniform control	1
Pillai proportions A1	40	1149	0.05134899912967798	0.014795474325500435	0.0017406440382941688	0	uniform control	1
Pillai proportions A1	41	1149	0.0391644908616188	0.006092254134029591	0.0017406440382941688	0	uniform control	1
Pillai proportions A1	42	1149	0.050478677110530897	0.010443864229765013	0.0017406440382941688	0	uniform control	1
Pillai proportions A1	43	1149	0.057441253263707574	0.017406440382941687	0.0017406440382941688	0	uniform control	1
Pillai proportions A1	44	1149	0.04873803307223673	0.012184508268059183	0.0034812880765883376	0	uniform control	1
Pillai proportions A1	45	1149	0.053959965187119235	0.01392515230635335	0.0017406440382941688	0	uniform control	1
Pillai proportions A1	46	1149	0.047867711053089644	0.01392515230635335	0.0008703220191470844	0	uniform control	1
Pillai proportions A1	47	1149	0.053959965187119235	0.007832898172323759	0.0	0	uniform control	1
Pillai proportions A1	48	1149	0.04264577893820714	0.004351610095735422	0.0008703220191470844	0	uniform control	1
Pillai proportions A1	49	1149	0.04525674499564839	0.010443864229765013	0.0008703220191470844	0	uniform control	1
Pillai proportions A1	50	1149	0.0391644908616188	0.008703220191470844	0.0	0	uniform control	1
Pillai proportions A1	51	1149	0.03568320278503046	0.007832898172323759	0.0008703220191470844	0	uniform control	1
Pillai proportions A1	52	1149	0.057441253263707574	0.016536118363794605	0.0017406440382941688	0	uniform control	1
Pillai proportions A1	53	1149	0.040905134899912966	0.013054830287206266	0.0	0	uniform control	1
Pillai proportions A1	54	1149	0.04612706701479547	0.007832898172323759	0.0	0	uniform control	1
Pillai proportions A1	55	1149	0.050478677110530897	0.006092254134029591	0.0	0	uniform control	1
Pillai proportions A1	56	1149	0.04699738903394256	0.011314186248912098	0.0	0	uniform control	1
Pillai proportions A1	57	1149	0.04612706701479547	0.010443864229765013	0.0	0	uniform control	1
Pillai proportions A1	58	1149	0.05657093124456049	0.009573542210617928	0.0017406440382941688	0	uniform control	1
Pillai proportions A1	59	1149	0.04960835509138381	0.015665796344647518	0.0026109660574412533	0	uniform control	1
Pillai proportions A1	60	1149	0.04264577893820714	0.01392515230635335	0.0017406440382941688	0	uniform control	1
Pillai proportions A1	61	1149	0.04351610095735422	0.005221932114882507	0.0	0	uniform control	1
Pillai proportions A1	62	1149	0.047867711053089644	0.009573542210617928	0.0017406440382941688	0	uniform control	1
Pillai proportions A1	63	1149	0.06005221932114883	0.012184508268059183	0.0026109660574412533	0	uniform control	1
maximum-coordinate F ILR A1	32	1149	0.04264577893820714	0.01392515230635335	0.004351610095735422	0	uniform control	1
maximum-coordinate F ILR A1	33	1149	0.04264577893820714	0.009573542210617928	0.0017406440382941688	0	uniform control	1
maximum-coordinate F ILR A1	34	1149	0.04960835509138381	0.007832898172323759	0.0017406440382941688	0	uniform control	1
maximum-coordinate F ILR A1	35	1149	0.040905134899912966	0.010443864229765013	0.0	0	uniform control	1
maximum-coordinate F ILR A1	36	1149	0.04873803307223673	0.013054830287206266	0.0008703220191470844	0	uniform control	1
maximum-coordinate F ILR A1	37	1149	0.0557006092254134	0.009573542210617928	0.0017406440382941688	0	uniform control	1
maximum-coordinate F ILR A1	38	1149	0.0557006092254134	0.013054830287206266	0.0	0	uniform control	1
maximum-coordinate F ILR A1	39	1149	0.04612706701479547	0.012184508268059183	0.0026109660574412533	0	uniform control	1
maximum-coordinate F ILR A1	40	1149	0.057441253263707574	0.015665796344647518	0.0	0	uniform control	1
maximum-coordinate F ILR A1	41	1149	0.04525674499564839	0.008703220191470844	0.0008703220191470844	0	uniform control	1
maximum-coordinate F ILR A1	42	1149	0.04699738903394256	0.007832898172323759	0.0026109660574412533	0	uniform control	1
maximum-coordinate F ILR A1	43	1149	0.05483028720626632	0.015665796344647518	0.0017406440382941688	0	uniform control	1
maximum-coordinate F ILR A1	44	1149	0.04003481288076589	0.010443864229765013	0.0017406440382941688	0	uniform control	1
maximum-coordinate F ILR A1	45	1149	0.04612706701479547	0.006092254134029591	0.0008703220191470844	0	uniform control	1
maximum-coordinate F ILR A1	46	1149	0.05134899912967798	0.012184508268059183	0.0008703220191470844	0	uniform control	1
maximum-coordinate F ILR A1	47	1149	0.05221932114882506	0.006092254134029591	0.0	0	uniform control	1
maximum-coordinate F ILR A1	48	1149	0.04177545691906005	0.006962576153176675	0.0	0	uniform control	1
maximum-coordinate F ILR A1	49	1149	0.04177545691906005	0.008703220191470844	0.0	0	uniform control	1
maximum-coordinate F ILR A1	50	1149	0.04264577893820714	0.011314186248912098	0.0008703220191470844	0	uniform control	1
maximum-coordinate F ILR A1	51	1149	0.044386422976501305	0.008703220191470844	0.0	0	uniform control	1
maximum-coordinate F ILR A1	52	1149	0.04960835509138381	0.013054830287206266	0.0	0	uniform control	1
maximum-coordinate F ILR A1	53	1149	0.044386422976501305	0.01392515230635335	0.0034812880765883376	0	uniform control	1
maximum-coordinate F ILR A1	54	1149	0.058311575282854654	0.011314186248912098	0.0008703220191470844	0	uniform control	1
maximum-coordinate F ILR A1	55	1149	0.04873803307223673	0.010443864229765013	0.0008703220191470844	0	uniform control	1
maximum-coordinate F ILR A1	56	1149	0.044386422976501305	0.007832898172323759	0.0	0	uniform control	1
maximum-coordinate F ILR A1	57	1149	0.04351610095735422	0.011314186248912098	0.0	0	uniform control	1
maximum-coordinate F ILR A1	58	1149	0.06005221932114883	0.013054830287206266	0.0	0	uniform control	1
maximum-coordinate F ILR A1	59	1149	0.05657093124456049	0.013054830287206266	0.0026109660574412533	0	uniform control	1
maximum-coordinate F ILR A1	60	1149	0.05221932114882506	0.010443864229765013	0.0008703220191470844	0	uniform control	1
maximum-coordinate F ILR A1	61	1149	0.050478677110530897	0.006962576153176675	0.0008703220191470844	0	uniform control	1
maximum-coordinate F ILR A1	62	1149	0.04873803307223673	0.009573542210617928	0.0008703220191470844	0	uniform control	1
maximum-coordinate F ILR A1	63	1149	0.050478677110530897	0.010443864229765013	0.0017406440382941688	0	uniform control	1
maximum-coordinate F ILR A32	32	1149	0.05134899912967798	0.012184508268059183	0.0	0	uniform control	1
maximum-coordinate F ILR A32	33	1149	0.05483028720626632	0.011314186248912098	0.0026109660574412533	0	uniform control	1
maximum-coordinate F ILR A32	34	1149	0.04264577893820714	0.011314186248912098	0.0	0	uniform control	1
maximum-coordinate F ILR A32	35	1149	0.04003481288076589	0.008703220191470844	0.0008703220191470844	0	uniform control	1
maximum-coordinate F ILR A32	36	1149	0.06005221932114883	0.007832898172323759	0.0026109660574412533	0	uniform control	1
maximum-coordinate F ILR A32	37	1149	0.057441253263707574	0.009573542210617928	0.0008703220191470844	0	uniform control	1
maximum-coordinate F ILR A32	38	1149	0.06266318537859007	0.008703220191470844	0.0008703220191470844	0	uniform control	1
maximum-coordinate F ILR A32	39	1149	0.05221932114882506	0.009573542210617928	0.0008703220191470844	0	uniform control	1
maximum-coordinate F ILR A32	40	1149	0.053959965187119235	0.011314186248912098	0.0	0	uniform control	1
maximum-coordinate F ILR A32	41	1149	0.04873803307223673	0.007832898172323759	0.0008703220191470844	0	uniform control	1
maximum-coordinate F ILR A32	42	1149	0.040905134899912966	0.008703220191470844	0.0008703220191470844	0	uniform control	1
maximum-coordinate F ILR A32	43	1149	0.058311575282854654	0.010443864229765013	0.0017406440382941688	0	uniform control	1
maximum-coordinate F ILR A32	44	1149	0.04699738903394256	0.017406440382941687	0.0034812880765883376	0	uniform control	1
maximum-coordinate F ILR A32	45	1149	0.04177545691906005	0.006962576153176675	0.0008703220191470844	0	uniform control	1
maximum-coordinate F ILR A32	46	1149	0.050478677110530897	0.008703220191470844	0.0017406440382941688	0	uniform control	1
maximum-coordinate F ILR A32	47	1149	0.040905134899912966	0.006962576153176675	0.0008703220191470844	0	uniform control	1
maximum-coordinate F ILR A32	48	1149	0.050478677110530897	0.010443864229765013	0.0026109660574412533	0	uniform control	1
maximum-coordinate F ILR A32	49	1149	0.040905134899912966	0.006962576153176675	0.0	0	uniform control	1
maximum-coordinate F ILR A32	50	1149	0.04525674499564839	0.006962576153176675	0.0008703220191470844	0	uniform control	1
maximum-coordinate F ILR A32	51	1149	0.05657093124456049	0.01392515230635335	0.0008703220191470844	0	uniform control	1
maximum-coordinate F ILR A32	52	1149	0.04960835509138381	0.007832898172323759	0.0008703220191470844	0	uniform control	1
maximum-coordinate F ILR A32	53	1149	0.044386422976501305	0.007832898172323759	0.0008703220191470844	0	uniform control	1
maximum-coordinate F ILR A32	54	1149	0.05134899912967798	0.011314186248912098	0.0026109660574412533	0	uniform control	1
maximum-coordinate F ILR A32	55	1149	0.0557006092254134	0.009573542210617928	0.0008703220191470844	0	uniform control	1
maximum-coordinate F ILR A32	56	1149	0.04525674499564839	0.008703220191470844	0.0026109660574412533	0	uniform control	1
maximum-coordinate F ILR A32	57	1149	0.05308964316797215	0.012184508268059183	0.0008703220191470844	0	uniform control	1
maximum-coordinate F ILR A32	58	1149	0.05134899912967798	0.009573542210617928	0.0008703220191470844	0	uniform control	1
maximum-coordinate F ILR A32	59	1149	0.050478677110530897	0.011314186248912098	0.0	0	uniform control	1
maximum-coordinate F ILR A32	60	1149	0.03307223672758921	0.006962576153176675	0.0	0	uniform control	1
maximum-coordinate F ILR A32	61	1149	0.050478677110530897	0.007832898172323759	0.0008703220191470844	0	uniform control	1
maximum-coordinate F ILR A32	62	1149	0.03742384682332463	0.010443864229765013	0.0	0	uniform control	1
maximum-coordinate F ILR A32	63	1149	0.057441253263707574	0.010443864229765013	0.0008703220191470844	0	uniform control	1
maximum-coordinate F proportions A1	32	1149	0.044386422976501305	0.011314186248912098	0.0026109660574412533	0	uniform control	1
maximum-coordinate F proportions A1	33	1149	0.04873803307223673	0.013054830287206266	0.0026109660574412533	0	uniform control	1
maximum-coordinate F proportions A1	34	1149	0.05308964316797215	0.007832898172323759	0.0008703220191470844	0	uniform control	1
maximum-coordinate F proportions A1	35	1149	0.04699738903394256	0.013054830287206266	0.0008703220191470844	0	uniform control	1
maximum-coordinate F proportions A1	36	1149	0.050478677110530897	0.011314186248912098	0.0008703220191470844	0	uniform control	1
maximum-coordinate F proportions A1	37	1149	0.050478677110530897	0.010443864229765013	0.0017406440382941688	0	uniform control	1
maximum-coordinate F proportions A1	38	1149	0.05134899912967798	0.007832898172323759	0.0008703220191470844	0	uniform control	1
maximum-coordinate F proportions A1	39	1149	0.04873803307223673	0.014795474325500435	0.0017406440382941688	0	uniform control	1
maximum-coordinate F proportions A1	40	1149	0.047867711053089644	0.013054830287206266	0.0026109660574412533	0	uniform control	1
maximum-coordinate F proportions A1	41	1149	0.044386422976501305	0.008703220191470844	0.0	0	uniform control	1
maximum-coordinate F proportions A1	42	1149	0.04960835509138381	0.007832898172323759	0.0017406440382941688	0	uniform control	1
maximum-coordinate F proportions A1	43	1149	0.0557006092254134	0.01392515230635335	0.0017406440382941688	0	uniform control	1
maximum-coordinate F proportions A1	44	1149	0.04873803307223673	0.012184508268059183	0.0026109660574412533	0	uniform control	1
maximum-coordinate F proportions A1	45	1149	0.05221932114882506	0.010443864229765013	0.0	0	uniform control	1
maximum-coordinate F proportions A1	46	1149	0.04612706701479547	0.009573542210617928	0.0	0	uniform control	1
maximum-coordinate F proportions A1	47	1149	0.05221932114882506	0.006962576153176675	0.0	0	uniform control	1
maximum-coordinate F proportions A1	48	1149	0.04525674499564839	0.0034812880765883376	0.0008703220191470844	0	uniform control	1
maximum-coordinate F proportions A1	49	1149	0.044386422976501305	0.009573542210617928	0.0008703220191470844	0	uniform control	1
maximum-coordinate F proportions A1	50	1149	0.04264577893820714	0.006092254134029591	0.0	0	uniform control	1
maximum-coordinate F proportions A1	51	1149	0.03568320278503046	0.010443864229765013	0.0008703220191470844	0	uniform control	1
maximum-coordinate F proportions A1	52	1149	0.053959965187119235	0.014795474325500435	0.0008703220191470844	0	uniform control	1
maximum-coordinate F proportions A1	53	1149	0.0391644908616188	0.010443864229765013	0.0	0	uniform control	1
maximum-coordinate F proportions A1	54	1149	0.05134899912967798	0.007832898172323759	0.0008703220191470844	0	uniform control	1
maximum-coordinate F proportions A1	55	1149	0.04873803307223673	0.007832898172323759	0.0	0	uniform control	1
maximum-coordinate F proportions A1	56	1149	0.04960835509138381	0.009573542210617928	0.0	0	uniform control	1
maximum-coordinate F proportions A1	57	1149	0.044386422976501305	0.008703220191470844	0.0	0	uniform control	1
maximum-coordinate F proportions A1	58	1149	0.04873803307223673	0.006962576153176675	0.0017406440382941688	0	uniform control	1
maximum-coordinate F proportions A1	59	1149	0.05134899912967798	0.014795474325500435	0.0034812880765883376	0	uniform control	1
maximum-coordinate F proportions A1	60	1149	0.044386422976501305	0.011314186248912098	0.0017406440382941688	0	uniform control	1
maximum-coordinate F proportions A1	61	1149	0.050478677110530897	0.006962576153176675	0.0	0	uniform control	1
maximum-coordinate F proportions A1	62	1149	0.04699738903394256	0.008703220191470844	0.0017406440382941688	0	uniform control	1
maximum-coordinate F proportions A1	63	1149	0.06005221932114883	0.010443864229765013	0.0026109660574412533	0	uniform control	1
null-variance Wald A32	32	1149	0.047867711053089644	0.009573542210617928	0.0008703220191470844	0	uniform control	1
null-variance Wald A32	33	1149	0.050478677110530897	0.010443864229765013	0.0	0	uniform control	1
null-variance Wald A32	34	1149	0.04525674499564839	0.009573542210617928	0.0008703220191470844	0	uniform control	1
null-variance Wald A32	35	1149	0.047867711053089644	0.010443864229765013	0.0	0	uniform control	1
null-variance Wald A32	36	1149	0.06005221932114883	0.008703220191470844	0.0017406440382941688	0	uniform control	1
null-variance Wald A32	37	1149	0.057441253263707574	0.009573542210617928	0.0017406440382941688	0	uniform control	1
null-variance Wald A32	38	1149	0.057441253263707574	0.012184508268059183	0.0008703220191470844	0	uniform control	1
null-variance Wald A32	39	1149	0.04525674499564839	0.012184508268059183	0.0017406440382941688	0	uniform control	1
null-variance Wald A32	40	1149	0.04873803307223673	0.014795474325500435	0.0008703220191470844	0	uniform control	1
null-variance Wald A32	41	1149	0.04960835509138381	0.005221932114882507	0.0	0	uniform control	1
null-variance Wald A32	42	1149	0.038294168842471714	0.005221932114882507	0.0	0	uniform control	1
null-variance Wald A32	43	1149	0.06179286335944299	0.01392515230635335	0.0008703220191470844	0	uniform control	1
null-variance Wald A32	44	1149	0.04873803307223673	0.012184508268059183	0.0026109660574412533	0	uniform control	1
null-variance Wald A32	45	1149	0.04351610095735422	0.009573542210617928	0.0008703220191470844	0	uniform control	1
null-variance Wald A32	46	1149	0.0557006092254134	0.009573542210617928	0.0008703220191470844	0	uniform control	1
null-variance Wald A32	47	1149	0.04264577893820714	0.007832898172323759	0.0008703220191470844	0	uniform control	1
null-variance Wald A32	48	1149	0.050478677110530897	0.01392515230635335	0.0017406440382941688	0	uniform control	1
null-variance Wald A32	49	1149	0.04177545691906005	0.006962576153176675	0.0017406440382941688	0	uniform control	1
null-variance Wald A32	50	1149	0.04699738903394256	0.009573542210617928	0.0	0	uniform control	1
null-variance Wald A32	51	1149	0.05657093124456049	0.015665796344647518	0.0017406440382941688	0	uniform control	1
null-variance Wald A32	52	1149	0.05308964316797215	0.011314186248912098	0.0008703220191470844	0	uniform control	1
null-variance Wald A32	53	1149	0.04351610095735422	0.011314186248912098	0.0017406440382941688	0	uniform control	1
null-variance Wald A32	54	1149	0.05657093124456049	0.010443864229765013	0.0026109660574412533	0	uniform control	1
null-variance Wald A32	55	1149	0.058311575282854654	0.007832898172323759	0.0	0	uniform control	1
null-variance Wald A32	56	1149	0.05134899912967798	0.008703220191470844	0.0008703220191470844	0	uniform control	1
null-variance Wald A32	57	1149	0.05134899912967798	0.011314186248912098	0.0	0	uniform control	1
null-variance Wald A32	58	1149	0.04960835509138381	0.012184508268059183	0.0008703220191470844	0	uniform control	1
null-variance Wald A32	59	1149	0.04699738903394256	0.010443864229765013	0.0008703220191470844	0	uniform control	1
null-variance Wald A32	60	1149	0.04003481288076589	0.005221932114882507	0.0	0	uniform control	1
null-variance Wald A32	61	1149	0.05918189730200174	0.011314186248912098	0.0008703220191470844	0	uniform control	1
null-variance Wald A32	62	1149	0.04264577893820714	0.009573542210617928	0.0026109660574412533	0	uniform control	1
null-variance Wald A32	63	1149	0.06353350739773717	0.012184508268059183	0.0008703220191470844	0	uniform control	1
trace F ILR A1	32	1149	0.04351610095735422	0.011314186248912098	0.0034812880765883376	0	uniform control	1
trace F ILR A1	33	1149	0.04264577893820714	0.010443864229765013	0.0008703220191470844	0	uniform control	1
trace F ILR A1	34	1149	0.047867711053089644	0.007832898172323759	0.0017406440382941688	0	uniform control	1
trace F ILR A1	35	1149	0.04351610095735422	0.009573542210617928	0.0008703220191470844	0	uniform control	1
trace F ILR A1	36	1149	0.05308964316797215	0.009573542210617928	0.0008703220191470844	0	uniform control	1
trace F ILR A1	37	1149	0.05308964316797215	0.009573542210617928	0.0008703220191470844	0	uniform control	1
trace F ILR A1	38	1149	0.06005221932114883	0.011314186248912098	0.0008703220191470844	0	uniform control	1
trace F ILR A1	39	1149	0.04960835509138381	0.011314186248912098	0.0026109660574412533	0	uniform control	1
trace F ILR A1	40	1149	0.053959965187119235	0.013054830287206266	0.0	0	uniform control	1
trace F ILR A1	41	1149	0.04525674499564839	0.012184508268059183	0.0	0	uniform control	1
trace F ILR A1	42	1149	0.05134899912967798	0.007832898172323759	0.0017406440382941688	0	uniform control	1
trace F ILR A1	43	1149	0.05918189730200174	0.013054830287206266	0.0017406440382941688	0	uniform control	1
trace F ILR A1	44	1149	0.040905134899912966	0.009573542210617928	0.0017406440382941688	0	uniform control	1
trace F ILR A1	45	1149	0.04960835509138381	0.007832898172323759	0.0008703220191470844	0	uniform control	1
trace F ILR A1	46	1149	0.04873803307223673	0.010443864229765013	0.0008703220191470844	0	uniform control	1
trace F ILR A1	47	1149	0.050478677110530897	0.006962576153176675	0.0008703220191470844	0	uniform control	1
trace F ILR A1	48	1149	0.044386422976501305	0.006962576153176675	0.0	0	uniform control	1
trace F ILR A1	49	1149	0.04351610095735422	0.008703220191470844	0.0	0	uniform control	1
trace F ILR A1	50	1149	0.04177545691906005	0.008703220191470844	0.0008703220191470844	0	uniform control	1
trace F ILR A1	51	1149	0.050478677110530897	0.012184508268059183	0.0008703220191470844	0	uniform control	1
trace F ILR A1	52	1149	0.050478677110530897	0.014795474325500435	0.0008703220191470844	0	uniform control	1
trace F ILR A1	53	1149	0.047867711053089644	0.015665796344647518	0.0008703220191470844	0	uniform control	1
trace F ILR A1	54	1149	0.050478677110530897	0.006962576153176675	0.0008703220191470844	0	uniform control	1
trace F ILR A1	55	1149	0.05221932114882506	0.008703220191470844	0.0026109660574412533	0	uniform control	1
trace F ILR A1	56	1149	0.04525674499564839	0.008703220191470844	0.0	0	uniform control	1
trace F ILR A1	57	1149	0.05134899912967798	0.009573542210617928	0.0	0	uniform control	1
trace F ILR A1	58	1149	0.06179286335944299	0.012184508268059183	0.0	0	uniform control	1
trace F ILR A1	59	1149	0.053959965187119235	0.01392515230635335	0.0017406440382941688	0	uniform control	1
trace F ILR A1	60	1149	0.05483028720626632	0.010443864229765013	0.0017406440382941688	0	uniform control	1
trace F ILR A1	61	1149	0.053959965187119235	0.007832898172323759	0.0	0	uniform control	1
trace F ILR A1	62	1149	0.04699738903394256	0.009573542210617928	0.0017406440382941688	0	uniform control	1
trace F ILR A1	63	1149	0.06005221932114883	0.011314186248912098	0.0017406440382941688	0	uniform control	1
trace F ILR A32	32	1149	0.044386422976501305	0.009573542210617928	0.0017406440382941688	0	uniform control	1
trace F ILR A32	33	1149	0.04873803307223673	0.013054830287206266	0.0008703220191470844	0	uniform control	1
trace F ILR A32	34	1149	0.04699738903394256	0.007832898172323759	0.0008703220191470844	0	uniform control	1
trace F ILR A32	35	1149	0.04351610095735422	0.009573542210617928	0.0008703220191470844	0	uniform control	1
trace F ILR A32	36	1149	0.05918189730200174	0.008703220191470844	0.0026109660574412533	0	uniform control	1
trace F ILR A32	37	1149	0.058311575282854654	0.007832898172323759	0.0017406440382941688	0	uniform control	1
trace F ILR A32	38	1149	0.05657093124456049	0.008703220191470844	0.0008703220191470844	0	uniform control	1
trace F ILR A32	39	1149	0.047867711053089644	0.011314186248912098	0.0034812880765883376	0	uniform control	1
trace F ILR A32	40	1149	0.04699738903394256	0.011314186248912098	0.0008703220191470844	0	uniform control	1
trace F ILR A32	41	1149	0.04873803307223673	0.006962576153176675	0.0017406440382941688	0	uniform control	1
trace F ILR A32	42	1149	0.04264577893820714	0.004351610095735422	0.0	0	uniform control	1
trace F ILR A32	43	1149	0.060922541340295906	0.011314186248912098	0.0008703220191470844	0	uniform control	1
trace F ILR A32	44	1149	0.04699738903394256	0.01392515230635335	0.004351610095735422	0	uniform control	1
trace F ILR A32	45	1149	0.044386422976501305	0.007832898172323759	0.0017406440382941688	0	uniform control	1
trace F ILR A32	46	1149	0.05308964316797215	0.010443864229765013	0.0017406440382941688	0	uniform control	1
trace F ILR A32	47	1149	0.04699738903394256	0.007832898172323759	0.0008703220191470844	0	uniform control	1
trace F ILR A32	48	1149	0.04612706701479547	0.012184508268059183	0.0017406440382941688	0	uniform control	1
trace F ILR A32	49	1149	0.038294168842471714	0.008703220191470844	0.0	0	uniform control	1
trace F ILR A32	50	1149	0.04699738903394256	0.010443864229765013	0.0008703220191470844	0	uniform control	1
trace F ILR A32	51	1149	0.058311575282854654	0.014795474325500435	0.0026109660574412533	0	uniform control	1
trace F ILR A32	52	1149	0.05134899912967798	0.009573542210617928	0.0008703220191470844	0	uniform control	1
trace F ILR A32	53	1149	0.04525674499564839	0.010443864229765013	0.0017406440382941688	0	uniform control	1
trace F ILR A32	54	1149	0.05134899912967798	0.012184508268059183	0.0026109660574412533	0	uniform control	1
trace F ILR A32	55	1149	0.05483028720626632	0.009573542210617928	0.0008703220191470844	0	uniform control	1
trace F ILR A32	56	1149	0.04960835509138381	0.007832898172323759	0.0017406440382941688	0	uniform control	1
trace F ILR A32	57	1149	0.050478677110530897	0.010443864229765013	0.0008703220191470844	0	uniform control	1
trace F ILR A32	58	1149	0.04699738903394256	0.009573542210617928	0.0008703220191470844	0	uniform control	1
trace F ILR A32	59	1149	0.05221932114882506	0.008703220191470844	0.0008703220191470844	0	uniform control	1
trace F ILR A32	60	1149	0.03655352480417755	0.005221932114882507	0.0008703220191470844	0	uniform control	1
trace F ILR A32	61	1149	0.050478677110530897	0.007832898172323759	0.0008703220191470844	0	uniform control	1
trace F ILR A32	62	1149	0.03742384682332463	0.008703220191470844	0.0026109660574412533	0	uniform control	1
trace F ILR A32	63	1149	0.057441253263707574	0.012184508268059183	0.0008703220191470844	0	uniform control	1
trace F proportions A1	32	1149	0.04351610095735422	0.006962576153176675	0.0017406440382941688	0	uniform control	1
trace F proportions A1	33	1149	0.04177545691906005	0.009573542210617928	0.0026109660574412533	0	uniform control	1
trace F proportions A1	34	1149	0.04960835509138381	0.006092254134029591	0.0017406440382941688	0	uniform control	1
trace F proportions A1	35	1149	0.047867711053089644	0.010443864229765013	0.0017406440382941688	0	uniform control	1
trace F proportions A1	36	1149	0.05134899912967798	0.010443864229765013	0.0008703220191470844	0	uniform control	1
trace F proportions A1	37	1149	0.05308964316797215	0.011314186248912098	0.0008703220191470844	0	uniform control	1
trace F proportions A1	38	1149	0.05483028720626632	0.009573542210617928	0.0008703220191470844	0	uniform control	1
trace F proportions A1	39	1149	0.04873803307223673	0.008703220191470844	0.0026109660574412533	0	uniform control	1
trace F proportions A1	40	1149	0.04525674499564839	0.011314186248912098	0.0008703220191470844	0	uniform control	1
trace F proportions A1	41	1149	0.05134899912967798	0.011314186248912098	0.0008703220191470844	0	uniform control	1
trace F proportions A1	42	1149	0.057441253263707574	0.013054830287206266	0.0017406440382941688	0	uniform control	1
trace F proportions A1	43	1149	0.053959965187119235	0.011314186248912098	0.0008703220191470844	0	uniform control	1
trace F proportions A1	44	1149	0.06005221932114883	0.009573542210617928	0.0026109660574412533	0	uniform control	1
trace F proportions A1	45	1149	0.04960835509138381	0.010443864229765013	0.0008703220191470844	0	uniform control	1
trace F proportions A1	46	1149	0.04612706701479547	0.012184508268059183	0.0	0	uniform control	1
trace F proportions A1	47	1149	0.04873803307223673	0.008703220191470844	0.0008703220191470844	0	uniform control	1
trace F proportions A1	48	1149	0.04003481288076589	0.006092254134029591	0.0008703220191470844	0	uniform control	1
trace F proportions A1	49	1149	0.05221932114882506	0.009573542210617928	0.0008703220191470844	0	uniform control	1
trace F proportions A1	50	1149	0.038294168842471714	0.007832898172323759	0.0	0	uniform control	1
trace F proportions A1	51	1149	0.044386422976501305	0.010443864229765013	0.0017406440382941688	0	uniform control	1
trace F proportions A1	52	1149	0.05483028720626632	0.012184508268059183	0.0017406440382941688	0	uniform control	1
trace F proportions A1	53	1149	0.04264577893820714	0.008703220191470844	0.0	0	uniform control	1
trace F proportions A1	54	1149	0.05221932114882506	0.013054830287206266	0.0017406440382941688	0	uniform control	1
trace F proportions A1	55	1149	0.040905134899912966	0.007832898172323759	0.0008703220191470844	0	uniform control	1
trace F proportions A1	56	1149	0.0557006092254134	0.008703220191470844	0.0008703220191470844	0	uniform control	1
trace F proportions A1	57	1149	0.05134899912967798	0.008703220191470844	0.0	0	uniform control	1
trace F proportions A1	58	1149	0.04960835509138381	0.010443864229765013	0.0008703220191470844	0	uniform control	1
trace F proportions A1	59	1149	0.04960835509138381	0.019147084421235857	0.0026109660574412533	0	uniform control	1
trace F proportions A1	60	1149	0.04699738903394256	0.010443864229765013	0.0026109660574412533	0	uniform control	1
trace F proportions A1	61	1149	0.047867711053089644	0.006962576153176675	0.0	0	uniform control	1
trace F proportions A1	62	1149	0.05134899912967798	0.011314186248912098	0.0017406440382941688	0	uniform control	1
trace F proportions A1	63	1149	0.06962576153176675	0.013054830287206266	0.0034812880765883376	0	uniform control	1
Pillai ILR A1	32	1896	0.04008438818565401	0.007911392405063292	0.0015822784810126582	0	baseline	full
Pillai ILR A1	33	1896	0.04852320675105485	0.008438818565400843	0.0010548523206751054	0	baseline	full
Pillai ILR A1	34	1896	0.05643459915611814	0.015822784810126583	0.002109704641350211	0	baseline	full
Pillai ILR A1	35	1896	0.04061181434599156	0.012130801687763712	0.0010548523206751054	0	baseline	full
Pillai ILR A1	36	1896	0.05010548523206751	0.011603375527426161	0.0026371308016877636	0	baseline	full
Pillai ILR A1	37	1896	0.049578059071729956	0.00949367088607595	0.0015822784810126582	0	baseline	full
Pillai ILR A1	38	1896	0.05379746835443038	0.013713080168776372	0.0026371308016877636	0	baseline	full
Pillai ILR A1	39	1896	0.052742616033755275	0.010548523206751054	0.002109704641350211	0	baseline	full
Pillai ILR A1	40	1896	0.04746835443037975	0.010548523206751054	0.0015822784810126582	0	baseline	full
Pillai ILR A1	41	1896	0.05643459915611814	0.010021097046413503	0.0015822784810126582	0	baseline	full
Pillai ILR A1	42	1896	0.049578059071729956	0.008966244725738396	0.0010548523206751054	0	baseline	full
Pillai ILR A1	43	1896	0.05063291139240506	0.00949367088607595	0.0005274261603375527	0	baseline	full
Pillai ILR A1	44	1896	0.04746835443037975	0.010021097046413503	0.0015822784810126582	0	baseline	full
Pillai ILR A1	45	1896	0.05168776371308017	0.011075949367088608	0.0010548523206751054	0	baseline	full
Pillai ILR A1	46	1896	0.052742616033755275	0.010548523206751054	0.0015822784810126582	0	baseline	full
Pillai ILR A1	47	1896	0.04113924050632911	0.00949367088607595	0.0005274261603375527	0	baseline	full
Pillai ILR A1	48	1896	0.03955696202531646	0.010548523206751054	0.0026371308016877636	0	baseline	full
Pillai ILR A1	49	1896	0.05379746835443038	0.012130801687763712	0.0010548523206751054	0	baseline	full
Pillai ILR A1	50	1896	0.05379746835443038	0.012130801687763712	0.0010548523206751054	0	baseline	full
Pillai ILR A1	51	1896	0.052742616033755275	0.00949367088607595	0.0015822784810126582	0	baseline	full
Pillai ILR A1	52	1896	0.05168776371308017	0.011075949367088608	0.002109704641350211	0	baseline	full
Pillai ILR A1	53	1896	0.04219409282700422	0.010021097046413503	0.0015822784810126582	0	baseline	full
Pillai ILR A1	54	1896	0.0469409282700422	0.011075949367088608	0.002109704641350211	0	baseline	full
Pillai ILR A1	55	1896	0.04535864978902954	0.0058016877637130804	0.0010548523206751054	0	baseline	full
Pillai ILR A1	56	1896	0.04219409282700422	0.008438818565400843	0.0005274261603375527	0	baseline	full
Pillai ILR A1	57	1896	0.05168776371308017	0.011075949367088608	0.0010548523206751054	0	baseline	full
Pillai ILR A1	58	1896	0.04852320675105485	0.013185654008438819	0.002109704641350211	0	baseline	full
Pillai ILR A1	59	1896	0.049578059071729956	0.010021097046413503	0.002109704641350211	0	baseline	full
Pillai ILR A1	60	1896	0.05907172995780591	0.011603375527426161	0.0005274261603375527	0	baseline	full
Pillai ILR A1	61	1896	0.041666666666666664	0.007383966244725738	0.0015822784810126582	0	baseline	full
Pillai ILR A1	62	1896	0.05327004219409283	0.013713080168776372	0.0026371308016877636	0	baseline	full
Pillai ILR A1	63	1896	0.0580168776371308	0.012658227848101266	0.0010548523206751054	0	baseline	full
Pillai ILR A64	32	1896	0.04377637130801688	0.010021097046413503	0.0015822784810126582	0	baseline	full
Pillai ILR A64	33	1896	0.05063291139240506	0.008438818565400843	0.0010548523206751054	0	baseline	full
Pillai ILR A64	34	1896	0.05643459915611814	0.010548523206751054	0.0015822784810126582	0	baseline	full
Pillai ILR A64	35	1896	0.05327004219409283	0.008966244725738396	0.0010548523206751054	0	baseline	full
Pillai ILR A64	36	1896	0.054324894514767935	0.00949367088607595	0.0015822784810126582	0	baseline	full
Pillai ILR A64	37	1896	0.047995780590717296	0.007383966244725738	0.0015822784810126582	0	baseline	full
Pillai ILR A64	38	1896	0.0580168776371308	0.011075949367088608	0.0031645569620253164	0	baseline	full
Pillai ILR A64	39	1896	0.058544303797468354	0.011603375527426161	0.002109704641350211	0	baseline	full
Pillai ILR A64	40	1896	0.052742616033755275	0.010548523206751054	0.0031645569620253164	0	baseline	full
Pillai ILR A64	41	1896	0.054324894514767935	0.00949367088607595	0.0026371308016877636	0	baseline	full
Pillai ILR A64	42	1896	0.044831223628691984	0.00949367088607595	0.0015822784810126582	0	baseline	full
Pillai ILR A64	43	1896	0.05643459915611814	0.011603375527426161	0.0010548523206751054	0	baseline	full
Pillai ILR A64	44	1896	0.049578059071729956	0.010548523206751054	0.002109704641350211	0	baseline	full
Pillai ILR A64	45	1896	0.05590717299578059	0.012130801687763712	0.0015822784810126582	0	baseline	full
Pillai ILR A64	46	1896	0.0490506329113924	0.011603375527426161	0.0	0	baseline	full
Pillai ILR A64	47	1896	0.05379746835443038	0.010021097046413503	0.0026371308016877636	0	baseline	full
Pillai ILR A64	48	1896	0.0490506329113924	0.008438818565400843	0.0031645569620253164	0	baseline	full
Pillai ILR A64	49	1896	0.049578059071729956	0.006856540084388186	0.0015822784810126582	0	baseline	full
Pillai ILR A64	50	1896	0.04746835443037975	0.008966244725738396	0.0026371308016877636	0	baseline	full
Pillai ILR A64	51	1896	0.05168776371308017	0.010021097046413503	0.0015822784810126582	0	baseline	full
Pillai ILR A64	52	1896	0.05907172995780591	0.008438818565400843	0.002109704641350211	0	baseline	full
Pillai ILR A64	53	1896	0.04377637130801688	0.011603375527426161	0.0015822784810126582	0	baseline	full
Pillai ILR A64	54	1896	0.05063291139240506	0.00949367088607595	0.0026371308016877636	0	baseline	full
Pillai ILR A64	55	1896	0.04535864978902954	0.008438818565400843	0.0015822784810126582	0	baseline	full
Pillai ILR A64	56	1896	0.046413502109704644	0.008438818565400843	0.002109704641350211	0	baseline	full
Pillai ILR A64	57	1896	0.04852320675105485	0.011075949367088608	0.003691983122362869	0	baseline	full
Pillai ILR A64	58	1896	0.05485232067510549	0.008438818565400843	0.0010548523206751054	0	baseline	full
Pillai ILR A64	59	1896	0.05010548523206751	0.00949367088607595	0.0015822784810126582	0	baseline	full
Pillai ILR A64	60	1896	0.05907172995780591	0.00949367088607595	0.0010548523206751054	0	baseline	full
Pillai ILR A64	61	1896	0.04535864978902954	0.010548523206751054	0.0031645569620253164	0	baseline	full
Pillai ILR A64	62	1896	0.052742616033755275	0.010548523206751054	0.0010548523206751054	0	baseline	full
Pillai ILR A64	63	1896	0.05643459915611814	0.011075949367088608	0.0015822784810126582	0	baseline	full
Pillai proportions A1	32	1896	0.04219409282700422	0.007383966244725738	0.002109704641350211	0	baseline	full
Pillai proportions A1	33	1896	0.0469409282700422	0.0058016877637130804	0.0	0	baseline	full
Pillai proportions A1	34	1896	0.05485232067510549	0.01529535864978903	0.0010548523206751054	0	baseline	full
Pillai proportions A1	35	1896	0.047995780590717296	0.008966244725738396	0.0	0	baseline	full
Pillai proportions A1	36	1896	0.04746835443037975	0.010548523206751054	0.0005274261603375527	0	baseline	full
Pillai proportions A1	37	1896	0.049578059071729956	0.008438818565400843	0.002109704641350211	0	baseline	full
Pillai proportions A1	38	1896	0.055379746835443035	0.012130801687763712	0.0015822784810126582	0	baseline	full
Pillai proportions A1	39	1896	0.056962025316455694	0.00949367088607595	0.0031645569620253164	0	baseline	full
Pillai proportions A1	40	1896	0.054324894514767935	0.011075949367088608	0.0005274261603375527	0	baseline	full
Pillai proportions A1	41	1896	0.05221518987341772	0.012658227848101266	0.0015822784810126582	0	baseline	full
Pillai proportions A1	42	1896	0.046413502109704644	0.011075949367088608	0.0015822784810126582	0	baseline	full
Pillai proportions A1	43	1896	0.0580168776371308	0.012130801687763712	0.002109704641350211	0	baseline	full
Pillai proportions A1	44	1896	0.04535864978902954	0.00949367088607595	0.0005274261603375527	0	baseline	full
Pillai proportions A1	45	1896	0.04061181434599156	0.008438818565400843	0.002109704641350211	0	baseline	full
Pillai proportions A1	46	1896	0.0490506329113924	0.012658227848101266	0.0026371308016877636	0	baseline	full
Pillai proportions A1	47	1896	0.04430379746835443	0.013713080168776372	0.0010548523206751054	0	baseline	full
Pillai proportions A1	48	1896	0.04746835443037975	0.012130801687763712	0.0015822784810126582	0	baseline	full
Pillai proportions A1	49	1896	0.05907172995780591	0.013713080168776372	0.002109704641350211	0	baseline	full
Pillai proportions A1	50	1896	0.04430379746835443	0.006856540084388186	0.0005274261603375527	0	baseline	full
Pillai proportions A1	51	1896	0.049578059071729956	0.012130801687763712	0.0015822784810126582	0	baseline	full
Pillai proportions A1	52	1896	0.05168776371308017	0.008966244725738396	0.0010548523206751054	0	baseline	full
Pillai proportions A1	53	1896	0.04746835443037975	0.00949367088607595	0.0015822784810126582	0	baseline	full
Pillai proportions A1	54	1896	0.051160337552742616	0.007911392405063292	0.002109704641350211	0	baseline	full
Pillai proportions A1	55	1896	0.049578059071729956	0.008966244725738396	0.0010548523206751054	0	baseline	full
Pillai proportions A1	56	1896	0.04535864978902954	0.006329113924050633	0.0	0	baseline	full
Pillai proportions A1	57	1896	0.051160337552742616	0.013713080168776372	0.0	0	baseline	full
Pillai proportions A1	58	1896	0.04377637130801688	0.010021097046413503	0.002109704641350211	0	baseline	full
Pillai proportions A1	59	1896	0.05168776371308017	0.010548523206751054	0.002109704641350211	0	baseline	full
Pillai proportions A1	60	1896	0.0580168776371308	0.012658227848101266	0.0	0	baseline	full
Pillai proportions A1	61	1896	0.04113924050632911	0.005274261603375527	0.0010548523206751054	0	baseline	full
Pillai proportions A1	62	1896	0.05485232067510549	0.011603375527426161	0.0015822784810126582	0	baseline	full
Pillai proportions A1	63	1896	0.04852320675105485	0.012658227848101266	0.0010548523206751054	0	baseline	full
maximum-coordinate F ILR A1	32	1896	0.04272151898734177	0.008966244725738396	0.0005274261603375527	0	baseline	full
maximum-coordinate F ILR A1	33	1896	0.043248945147679324	0.007383966244725738	0.0015822784810126582	0	baseline	full
maximum-coordinate F ILR A1	34	1896	0.0580168776371308	0.013185654008438819	0.0015822784810126582	0	baseline	full
maximum-coordinate F ILR A1	35	1896	0.044831223628691984	0.010548523206751054	0.0015822784810126582	0	baseline	full
maximum-coordinate F ILR A1	36	1896	0.05327004219409283	0.010548523206751054	0.0015822784810126582	0	baseline	full
maximum-coordinate F ILR A1	37	1896	0.04535864978902954	0.010021097046413503	0.002109704641350211	0	baseline	full
maximum-coordinate F ILR A1	38	1896	0.05643459915611814	0.016350210970464137	0.002109704641350211	0	baseline	full
maximum-coordinate F ILR A1	39	1896	0.05590717299578059	0.011603375527426161	0.0015822784810126582	0	baseline	full
maximum-coordinate F ILR A1	40	1896	0.04746835443037975	0.00949367088607595	0.0005274261603375527	0	baseline	full
maximum-coordinate F ILR A1	41	1896	0.05221518987341772	0.010021097046413503	0.0015822784810126582	0	baseline	full
maximum-coordinate F ILR A1	42	1896	0.0490506329113924	0.007383966244725738	0.0010548523206751054	0	baseline	full
maximum-coordinate F ILR A1	43	1896	0.05168776371308017	0.008966244725738396	0.0005274261603375527	0	baseline	full
maximum-coordinate F ILR A1	44	1896	0.05010548523206751	0.00949367088607595	0.0015822784810126582	0	baseline	full
maximum-coordinate F ILR A1	45	1896	0.05168776371308017	0.00949367088607595	0.0015822784810126582	0	baseline	full
maximum-coordinate F ILR A1	46	1896	0.05590717299578059	0.008966244725738396	0.0010548523206751054	0	baseline	full
maximum-coordinate F ILR A1	47	1896	0.04061181434599156	0.007383966244725738	0.0005274261603375527	0	baseline	full
maximum-coordinate F ILR A1	48	1896	0.043248945147679324	0.010548523206751054	0.0031645569620253164	0	baseline	full
maximum-coordinate F ILR A1	49	1896	0.05221518987341772	0.012658227848101266	0.0015822784810126582	0	baseline	full
maximum-coordinate F ILR A1	50	1896	0.058544303797468354	0.011075949367088608	0.0005274261603375527	0	baseline	full
maximum-coordinate F ILR A1	51	1896	0.05485232067510549	0.012658227848101266	0.0015822784810126582	0	baseline	full
maximum-coordinate F ILR A1	52	1896	0.047995780590717296	0.008966244725738396	0.0015822784810126582	0	baseline	full
maximum-coordinate F ILR A1	53	1896	0.043248945147679324	0.008438818565400843	0.0015822784810126582	0	baseline	full
maximum-coordinate F ILR A1	54	1896	0.0490506329113924	0.008966244725738396	0.0010548523206751054	0	baseline	full
maximum-coordinate F ILR A1	55	1896	0.04061181434599156	0.005274261603375527	0.0010548523206751054	0	baseline	full
maximum-coordinate F ILR A1	56	1896	0.041666666666666664	0.007911392405063292	0.0010548523206751054	0	baseline	full
maximum-coordinate F ILR A1	57	1896	0.056962025316455694	0.010021097046413503	0.0015822784810126582	0	baseline	full
maximum-coordinate F ILR A1	58	1896	0.046413502109704644	0.013185654008438819	0.0015822784810126582	0	baseline	full
maximum-coordinate F ILR A1	59	1896	0.04746835443037975	0.00949367088607595	0.0015822784810126582	0	baseline	full
maximum-coordinate F ILR A1	60	1896	0.05907172995780591	0.010021097046413503	0.0010548523206751054	0	baseline	full
maximum-coordinate F ILR A1	61	1896	0.04535864978902954	0.008438818565400843	0.0010548523206751054	0	baseline	full
maximum-coordinate F ILR A1	62	1896	0.05748945147679325	0.014767932489451477	0.0010548523206751054	0	baseline	full
maximum-coordinate F ILR A1	63	1896	0.05379746835443038	0.011603375527426161	0.0010548523206751054	0	baseline	full
maximum-coordinate F ILR A64	32	1896	0.043248945147679324	0.010021097046413503	0.0015822784810126582	0	baseline	full
maximum-coordinate F ILR A64	33	1896	0.0490506329113924	0.010548523206751054	0.0010548523206751054	0	baseline	full
maximum-coordinate F ILR A64	34	1896	0.05379746835443038	0.00949367088607595	0.0015822784810126582	0	baseline	full
maximum-coordinate F ILR A64	35	1896	0.05168776371308017	0.00949367088607595	0.0015822784810126582	0	baseline	full
maximum-coordinate F ILR A64	36	1896	0.054324894514767935	0.007911392405063292	0.0010548523206751054	0	baseline	full
maximum-coordinate F ILR A64	37	1896	0.04377637130801688	0.008966244725738396	0.0031645569620253164	0	baseline	full
maximum-coordinate F ILR A64	38	1896	0.056962025316455694	0.014240506329113924	0.0031645569620253164	0	baseline	full
maximum-coordinate F ILR A64	39	1896	0.05327004219409283	0.011075949367088608	0.002109704641350211	0	baseline	full
maximum-coordinate F ILR A64	40	1896	0.05327004219409283	0.008966244725738396	0.0026371308016877636	0	baseline	full
maximum-coordinate F ILR A64	41	1896	0.05379746835443038	0.012130801687763712	0.0031645569620253164	0	baseline	full
maximum-coordinate F ILR A64	42	1896	0.04377637130801688	0.008438818565400843	0.0015822784810126582	0	baseline	full
maximum-coordinate F ILR A64	43	1896	0.05063291139240506	0.011603375527426161	0.0015822784810126582	0	baseline	full
maximum-coordinate F ILR A64	44	1896	0.049578059071729956	0.011075949367088608	0.0026371308016877636	0	baseline	full
maximum-coordinate F ILR A64	45	1896	0.052742616033755275	0.012130801687763712	0.0015822784810126582	0	baseline	full
maximum-coordinate F ILR A64	46	1896	0.05010548523206751	0.008438818565400843	0.0	0	baseline	full
maximum-coordinate F ILR A64	47	1896	0.055379746835443035	0.010021097046413503	0.002109704641350211	0	baseline	full
maximum-coordinate F ILR A64	48	1896	0.046413502109704644	0.010021097046413503	0.003691983122362869	0	baseline	full
maximum-coordinate F ILR A64	49	1896	0.04746835443037975	0.008438818565400843	0.0015822784810126582	0	baseline	full
maximum-coordinate F ILR A64	50	1896	0.051160337552742616	0.010021097046413503	0.002109704641350211	0	baseline	full
maximum-coordinate F ILR A64	51	1896	0.05168776371308017	0.010021097046413503	0.0015822784810126582	0	baseline	full
maximum-coordinate F ILR A64	52	1896	0.0580168776371308	0.008966244725738396	0.0015822784810126582	0	baseline	full
maximum-coordinate F ILR A64	53	1896	0.04377637130801688	0.010021097046413503	0.0015822784810126582	0	baseline	full
maximum-coordinate F ILR A64	54	1896	0.047995780590717296	0.007911392405063292	0.0026371308016877636	0	baseline	full
maximum-coordinate F ILR A64	55	1896	0.04377637130801688	0.007911392405063292	0.0015822784810126582	0	baseline	full
maximum-coordinate F ILR A64	56	1896	0.0469409282700422	0.008966244725738396	0.002109704641350211	0	baseline	full
maximum-coordinate F ILR A64	57	1896	0.05168776371308017	0.010548523206751054	0.003691983122362869	0	baseline	full
maximum-coordinate F ILR A64	58	1896	0.05379746835443038	0.007383966244725738	0.0015822784810126582	0	baseline	full
maximum-coordinate F ILR A64	59	1896	0.047995780590717296	0.008438818565400843	0.0015822784810126582	0	baseline	full
maximum-coordinate F ILR A64	60	1896	0.06223628691983123	0.00949367088607595	0.0010548523206751054	0	baseline	full
maximum-coordinate F ILR A64	61	1896	0.044831223628691984	0.010021097046413503	0.0031645569620253164	0	baseline	full
maximum-coordinate F ILR A64	62	1896	0.056962025316455694	0.011603375527426161	0.0015822784810126582	0	baseline	full
maximum-coordinate F ILR A64	63	1896	0.05590717299578059	0.011603375527426161	0.0015822784810126582	0	baseline	full
maximum-coordinate F proportions A1	32	1896	0.04377637130801688	0.008966244725738396	0.002109704641350211	0	baseline	full
maximum-coordinate F proportions A1	33	1896	0.04430379746835443	0.006329113924050633	0.0	0	baseline	full
maximum-coordinate F proportions A1	34	1896	0.05643459915611814	0.014767932489451477	0.0010548523206751054	0	baseline	full
maximum-coordinate F proportions A1	35	1896	0.047995780590717296	0.007911392405063292	0.0005274261603375527	0	baseline	full
maximum-coordinate F proportions A1	36	1896	0.05168776371308017	0.011075949367088608	0.0005274261603375527	0	baseline	full
maximum-coordinate F proportions A1	37	1896	0.04588607594936709	0.007911392405063292	0.0010548523206751054	0	baseline	full
maximum-coordinate F proportions A1	38	1896	0.054324894514767935	0.012130801687763712	0.002109704641350211	0	baseline	full
maximum-coordinate F proportions A1	39	1896	0.051160337552742616	0.010548523206751054	0.002109704641350211	0	baseline	full
maximum-coordinate F proportions A1	40	1896	0.04852320675105485	0.008966244725738396	0.0005274261603375527	0	baseline	full
maximum-coordinate F proportions A1	41	1896	0.05379746835443038	0.012130801687763712	0.0010548523206751054	0	baseline	full
maximum-coordinate F proportions A1	42	1896	0.04746835443037975	0.011603375527426161	0.0010548523206751054	0	baseline	full
maximum-coordinate F proportions A1	43	1896	0.05643459915611814	0.010021097046413503	0.0010548523206751054	0	baseline	full
maximum-coordinate F proportions A1	44	1896	0.04588607594936709	0.00949367088607595	0.0005274261603375527	0	baseline	full
maximum-coordinate F proportions A1	45	1896	0.043248945147679324	0.006856540084388186	0.0010548523206751054	0	baseline	full
maximum-coordinate F proportions A1	46	1896	0.046413502109704644	0.011075949367088608	0.0015822784810126582	0	baseline	full
maximum-coordinate F proportions A1	47	1896	0.044831223628691984	0.010548523206751054	0.0005274261603375527	0	baseline	full
maximum-coordinate F proportions A1	48	1896	0.04535864978902954	0.011075949367088608	0.0015822784810126582	0	baseline	full
maximum-coordinate F proportions A1	49	1896	0.055379746835443035	0.013185654008438819	0.0015822784810126582	0	baseline	full
maximum-coordinate F proportions A1	50	1896	0.04535864978902954	0.00949367088607595	0.0005274261603375527	0	baseline	full
maximum-coordinate F proportions A1	51	1896	0.058544303797468354	0.010548523206751054	0.0015822784810126582	0	baseline	full
maximum-coordinate F proportions A1	52	1896	0.05327004219409283	0.010548523206751054	0.0015822784810126582	0	baseline	full
maximum-coordinate F proportions A1	53	1896	0.046413502109704644	0.007911392405063292	0.0010548523206751054	0	baseline	full
maximum-coordinate F proportions A1	54	1896	0.05010548523206751	0.008966244725738396	0.002109704641350211	0	baseline	full
maximum-coordinate F proportions A1	55	1896	0.04272151898734177	0.006856540084388186	0.0005274261603375527	0	baseline	full
maximum-coordinate F proportions A1	56	1896	0.04588607594936709	0.0058016877637130804	0.0	0	baseline	full
maximum-coordinate F proportions A1	57	1896	0.05063291139240506	0.013713080168776372	0.0010548523206751054	0	baseline	full
maximum-coordinate F proportions A1	58	1896	0.039029535864978905	0.007383966244725738	0.0015822784810126582	0	baseline	full
maximum-coordinate F proportions A1	59	1896	0.052742616033755275	0.008438818565400843	0.002109704641350211	0	baseline	full
maximum-coordinate F proportions A1	60	1896	0.05327004219409283	0.012658227848101266	0.0005274261603375527	0	baseline	full
maximum-coordinate F proportions A1	61	1896	0.04219409282700422	0.0058016877637130804	0.0010548523206751054	0	baseline	full
maximum-coordinate F proportions A1	62	1896	0.054324894514767935	0.012658227848101266	0.002109704641350211	0	baseline	full
maximum-coordinate F proportions A1	63	1896	0.052742616033755275	0.012658227848101266	0.0010548523206751054	0	baseline	full
null-variance Wald A64	32	1896	0.04219409282700422	0.011075949367088608	0.0010548523206751054	0	baseline	full
null-variance Wald A64	33	1896	0.0490506329113924	0.008438818565400843	0.0015822784810126582	0	baseline	full
null-variance Wald A64	34	1896	0.05168776371308017	0.010021097046413503	0.0	0	baseline	full
null-variance Wald A64	35	1896	0.05485232067510549	0.008966244725738396	0.0	0	baseline	full
null-variance Wald A64	36	1896	0.05168776371308017	0.011075949367088608	0.0005274261603375527	0	baseline	full
null-variance Wald A64	37	1896	0.04272151898734177	0.010548523206751054	0.0010548523206751054	0	baseline	full
null-variance Wald A64	38	1896	0.05379746835443038	0.010021097046413503	0.0010548523206751054	0	baseline	full
null-variance Wald A64	39	1896	0.05485232067510549	0.012658227848101266	0.0005274261603375527	0	baseline	full
null-variance Wald A64	40	1896	0.052742616033755275	0.008438818565400843	0.0010548523206751054	0	baseline	full
null-variance Wald A64	41	1896	0.05168776371308017	0.011603375527426161	0.0005274261603375527	0	baseline	full
null-variance Wald A64	42	1896	0.04430379746835443	0.011075949367088608	0.0010548523206751054	0	baseline	full
null-variance Wald A64	43	1896	0.05063291139240506	0.011603375527426161	0.0015822784810126582	0	baseline	full
null-variance Wald A64	44	1896	0.05063291139240506	0.008966244725738396	0.0005274261603375527	0	baseline	full
null-variance Wald A64	45	1896	0.05168776371308017	0.00949367088607595	0.0010548523206751054	0	baseline	full
null-variance Wald A64	46	1896	0.051160337552742616	0.011603375527426161	0.0010548523206751054	0	baseline	full
null-variance Wald A64	47	1896	0.0580168776371308	0.013185654008438819	0.0010548523206751054	0	baseline	full
null-variance Wald A64	48	1896	0.05485232067510549	0.008438818565400843	0.0005274261603375527	0	baseline	full
null-variance Wald A64	49	1896	0.05379746835443038	0.010548523206751054	0.0005274261603375527	0	baseline	full
null-variance Wald A64	50	1896	0.05221518987341772	0.010021097046413503	0.0	0	baseline	full
null-variance Wald A64	51	1896	0.052742616033755275	0.010548523206751054	0.0	0	baseline	full
null-variance Wald A64	52	1896	0.052742616033755275	0.011603375527426161	0.0	0	baseline	full
null-variance Wald A64	53	1896	0.04746835443037975	0.00949367088607595	0.0010548523206751054	0	baseline	full
null-variance Wald A64	54	1896	0.04746835443037975	0.006329113924050633	0.0	0	baseline	full
null-variance Wald A64	55	1896	0.05063291139240506	0.007383966244725738	0.0	0	baseline	full
null-variance Wald A64	56	1896	0.03850210970464135	0.007911392405063292	0.0005274261603375527	0	baseline	full
null-variance Wald A64	57	1896	0.0490506329113924	0.010021097046413503	0.0010548523206751054	0	baseline	full
null-variance Wald A64	58	1896	0.04852320675105485	0.011603375527426161	0.0005274261603375527	0	baseline	full
null-variance Wald A64	59	1896	0.04272151898734177	0.005274261603375527	0.0005274261603375527	0	baseline	full
null-variance Wald A64	60	1896	0.05748945147679325	0.012130801687763712	0.0	0	baseline	full
null-variance Wald A64	61	1896	0.037447257383966245	0.007911392405063292	0.0010548523206751054	0	baseline	full
null-variance Wald A64	62	1896	0.05063291139240506	0.012658227848101266	0.0010548523206751054	0	baseline	full
null-variance Wald A64	63	1896	0.05379746835443038	0.01529535864978903	0.0015822784810126582	0	baseline	full
trace F ILR A1	32	1896	0.05010548523206751	0.008966244725738396	0.0015822784810126582	0	baseline	full
trace F ILR A1	33	1896	0.044831223628691984	0.008966244725738396	0.0015822784810126582	0	baseline	full
trace F ILR A1	34	1896	0.0580168776371308	0.013185654008438819	0.002109704641350211	0	baseline	full
trace F ILR A1	35	1896	0.049578059071729956	0.010021097046413503	0.002109704641350211	0	baseline	full
trace F ILR A1	36	1896	0.05379746835443038	0.014240506329113924	0.0015822784810126582	0	baseline	full
trace F ILR A1	37	1896	0.049578059071729956	0.00949367088607595	0.0026371308016877636	0	baseline	full
trace F ILR A1	38	1896	0.05221518987341772	0.014767932489451477	0.0015822784810126582	0	baseline	full
trace F ILR A1	39	1896	0.060126582278481014	0.010021097046413503	0.0015822784810126582	0	baseline	full
trace F ILR A1	40	1896	0.04852320675105485	0.008438818565400843	0.0010548523206751054	0	baseline	full
trace F ILR A1	41	1896	0.055379746835443035	0.010021097046413503	0.002109704641350211	0	baseline	full
trace F ILR A1	42	1896	0.05063291139240506	0.011075949367088608	0.002109704641350211	0	baseline	full
trace F ILR A1	43	1896	0.046413502109704644	0.010548523206751054	0.0005274261603375527	0	baseline	full
trace F ILR A1	44	1896	0.051160337552742616	0.008966244725738396	0.0015822784810126582	0	baseline	full
trace F ILR A1	45	1896	0.05221518987341772	0.011603375527426161	0.002109704641350211	0	baseline	full
trace F ILR A1	46	1896	0.05168776371308017	0.010548523206751054	0.0010548523206751054	0	baseline	full
trace F ILR A1	47	1896	0.03955696202531646	0.007911392405063292	0.0005274261603375527	0	baseline	full
trace F ILR A1	48	1896	0.041666666666666664	0.007911392405063292	0.002109704641350211	0	baseline	full
trace F ILR A1	49	1896	0.058544303797468354	0.010021097046413503	0.0010548523206751054	0	baseline	full
trace F ILR A1	50	1896	0.05379746835443038	0.011603375527426161	0.0005274261603375527	0	baseline	full
trace F ILR A1	51	1896	0.056962025316455694	0.008966244725738396	0.002109704641350211	0	baseline	full
trace F ILR A1	52	1896	0.0469409282700422	0.008966244725738396	0.0015822784810126582	0	baseline	full
trace F ILR A1	53	1896	0.041666666666666664	0.008438818565400843	0.002109704641350211	0	baseline	full
trace F ILR A1	54	1896	0.05221518987341772	0.012130801687763712	0.0015822784810126582	0	baseline	full
trace F ILR A1	55	1896	0.04377637130801688	0.006856540084388186	0.0010548523206751054	0	baseline	full
trace F ILR A1	56	1896	0.0379746835443038	0.006329113924050633	0.0005274261603375527	0	baseline	full
trace F ILR A1	57	1896	0.05379746835443038	0.010548523206751054	0.002109704641350211	0	baseline	full
trace F ILR A1	58	1896	0.05010548523206751	0.011603375527426161	0.0015822784810126582	0	baseline	full
trace F ILR A1	59	1896	0.0469409282700422	0.011603375527426161	0.0015822784810126582	0	baseline	full
trace F ILR A1	60	1896	0.06381856540084388	0.010021097046413503	0.0010548523206751054	0	baseline	full
trace F ILR A1	61	1896	0.04113924050632911	0.008966244725738396	0.0010548523206751054	0	baseline	full
trace F ILR A1	62	1896	0.055379746835443035	0.011603375527426161	0.002109704641350211	0	baseline	full
trace F ILR A1	63	1896	0.056962025316455694	0.012658227848101266	0.0015822784810126582	0	baseline	full
trace F ILR A64	32	1896	0.043248945147679324	0.008966244725738396	0.0015822784810126582	0	baseline	full
trace F ILR A64	33	1896	0.0490506329113924	0.00949367088607595	0.0005274261603375527	0	baseline	full
trace F ILR A64	34	1896	0.05327004219409283	0.011075949367088608	0.0015822784810126582	0	baseline	full
trace F ILR A64	35	1896	0.0490506329113924	0.007911392405063292	0.0010548523206751054	0	baseline	full
trace F ILR A64	36	1896	0.052742616033755275	0.010021097046413503	0.0015822784810126582	0	baseline	full
trace F ILR A64	37	1896	0.04746835443037975	0.008438818565400843	0.002109704641350211	0	baseline	full
trace F ILR A64	38	1896	0.056962025316455694	0.012658227848101266	0.003691983122362869	0	baseline	full
trace F ILR A64	39	1896	0.05643459915611814	0.011075949367088608	0.0015822784810126582	0	baseline	full
trace F ILR A64	40	1896	0.05221518987341772	0.007911392405063292	0.0031645569620253164	0	baseline	full
trace F ILR A64	41	1896	0.049578059071729956	0.011075949367088608	0.0026371308016877636	0	baseline	full
trace F ILR A64	42	1896	0.043248945147679324	0.010021097046413503	0.0015822784810126582	0	baseline	full
trace F ILR A64	43	1896	0.04852320675105485	0.011075949367088608	0.0015822784810126582	0	baseline	full
trace F ILR A64	44	1896	0.05168776371308017	0.013185654008438819	0.002109704641350211	0	baseline	full
trace F ILR A64	45	1896	0.05327004219409283	0.012130801687763712	0.0015822784810126582	0	baseline	full
trace F ILR A64	46	1896	0.051160337552742616	0.010548523206751054	0.0	0	baseline	full
trace F ILR A64	47	1896	0.05748945147679325	0.010021097046413503	0.0026371308016877636	0	baseline	full
trace F ILR A64	48	1896	0.05168776371308017	0.011075949367088608	0.0031645569620253164	0	baseline	full
trace F ILR A64	49	1896	0.05010548523206751	0.007383966244725738	0.0015822784810126582	0	baseline	full
trace F ILR A64	50	1896	0.05168776371308017	0.008966244725738396	0.0026371308016877636	0	baseline	full
trace F ILR A64	51	1896	0.0490506329113924	0.008966244725738396	0.0015822784810126582	0	baseline	full
trace F ILR A64	52	1896	0.05379746835443038	0.00949367088607595	0.002109704641350211	0	baseline	full
trace F ILR A64	53	1896	0.047995780590717296	0.008966244725738396	0.0015822784810126582	0	baseline	full
trace F ILR A64	54	1896	0.05327004219409283	0.012130801687763712	0.0026371308016877636	0	baseline	full
trace F ILR A64	55	1896	0.04430379746835443	0.010021097046413503	0.0015822784810126582	0	baseline	full
trace F ILR A64	56	1896	0.04272151898734177	0.008966244725738396	0.002109704641350211	0	baseline	full
trace F ILR A64	57	1896	0.05063291139240506	0.010548523206751054	0.003691983122362869	0	baseline	full
trace F ILR A64	58	1896	0.05010548523206751	0.00949367088607595	0.0010548523206751054	0	baseline	full
trace F ILR A64	59	1896	0.0469409282700422	0.008438818565400843	0.0015822784810126582	0	baseline	full
trace F ILR A64	60	1896	0.058544303797468354	0.00949367088607595	0.0010548523206751054	0	baseline	full
trace F ILR A64	61	1896	0.04430379746835443	0.010548523206751054	0.0031645569620253164	0	baseline	full
trace F ILR A64	62	1896	0.055379746835443035	0.010021097046413503	0.0015822784810126582	0	baseline	full
trace F ILR A64	63	1896	0.051160337552742616	0.010021097046413503	0.0010548523206751054	0	baseline	full
trace F proportions A1	32	1896	0.05327004219409283	0.008966244725738396	0.0010548523206751054	0	baseline	full
trace F proportions A1	33	1896	0.04852320675105485	0.006329113924050633	0.0010548523206751054	0	baseline	full
trace F proportions A1	34	1896	0.056962025316455694	0.011075949367088608	0.0010548523206751054	0	baseline	full
trace F proportions A1	35	1896	0.04852320675105485	0.00949367088607595	0.0005274261603375527	0	baseline	full
trace F proportions A1	36	1896	0.05643459915611814	0.01740506329113924	0.0005274261603375527	0	baseline	full
trace F proportions A1	37	1896	0.047995780590717296	0.00949367088607595	0.0015822784810126582	0	baseline	full
trace F proportions A1	38	1896	0.054324894514767935	0.010548523206751054	0.0010548523206751054	0	baseline	full
trace F proportions A1	39	1896	0.055379746835443035	0.010021097046413503	0.0015822784810126582	0	baseline	full
trace F proportions A1	40	1896	0.0469409282700422	0.005274261603375527	0.0	0	baseline	full
trace F proportions A1	41	1896	0.054324894514767935	0.011075949367088608	0.0010548523206751054	0	baseline	full
trace F proportions A1	42	1896	0.04746835443037975	0.008966244725738396	0.0015822784810126582	0	baseline	full
trace F proportions A1	43	1896	0.052742616033755275	0.011075949367088608	0.0005274261603375527	0	baseline	full
trace F proportions A1	44	1896	0.04746835443037975	0.00949367088607595	0.0010548523206751054	0	baseline	full
trace F proportions A1	45	1896	0.04219409282700422	0.007383966244725738	0.0015822784810126582	0	baseline	full
trace F proportions A1	46	1896	0.05063291139240506	0.011075949367088608	0.0010548523206751054	0	baseline	full
trace F proportions A1	47	1896	0.044831223628691984	0.013185654008438819	0.0005274261603375527	0	baseline	full
trace F proportions A1	48	1896	0.04746835443037975	0.011075949367088608	0.0010548523206751054	0	baseline	full
trace F proportions A1	49	1896	0.05379746835443038	0.01529535864978903	0.002109704641350211	0	baseline	full
trace F proportions A1	50	1896	0.04746835443037975	0.007911392405063292	0.0005274261603375527	0	baseline	full
trace F proportions A1	51	1896	0.060126582278481014	0.011603375527426161	0.002109704641350211	0	baseline	full
trace F proportions A1	52	1896	0.05379746835443038	0.008966244725738396	0.0005274261603375527	0	baseline	full
trace F proportions A1	53	1896	0.047995780590717296	0.008438818565400843	0.002109704641350211	0	baseline	full
trace F proportions A1	54	1896	0.04852320675105485	0.008966244725738396	0.002109704641350211	0	baseline	full
trace F proportions A1	55	1896	0.04852320675105485	0.006856540084388186	0.0010548523206751054	0	baseline	full
trace F proportions A1	56	1896	0.0490506329113924	0.007911392405063292	0.0010548523206751054	0	baseline	full
trace F proportions A1	57	1896	0.05010548523206751	0.013713080168776372	0.0010548523206751054	0	baseline	full
trace F proportions A1	58	1896	0.041666666666666664	0.008966244725738396	0.0015822784810126582	0	baseline	full
trace F proportions A1	59	1896	0.05063291139240506	0.012130801687763712	0.0010548523206751054	0	baseline	full
trace F proportions A1	60	1896	0.055379746835443035	0.012658227848101266	0.0005274261603375527	0	baseline	full
trace F proportions A1	61	1896	0.04746835443037975	0.007911392405063292	0.0015822784810126582	0	baseline	full
trace F proportions A1	62	1896	0.049578059071729956	0.011603375527426161	0.0015822784810126582	0	baseline	full
trace F proportions A1	63	1896	0.05485232067510549	0.013185654008438819	0.0010548523206751054	0	baseline	full
Pillai ILR A1	32	1942	0.04376930998970134	0.010813594232749742	0.0020597322348094747	0	uniform control	full
Pillai ILR A1	33	1942	0.04891864057672503	0.008238928939237899	0.0005149330587023687	0	uniform control	full
Pillai ILR A1	34	1942	0.054067971163748715	0.012873326467559218	0.001544799176107106	0	uniform control	full
Pillai ILR A1	35	1942	0.04376930998970134	0.007723995880535531	0.0	0	uniform control	full
Pillai ILR A1	36	1942	0.05303810504634397	0.009268795056642637	0.0005149330587023687	0	uniform control	full
Pillai ILR A1	37	1942	0.04531410916580844	0.008238928939237899	0.0010298661174047373	0	uniform control	full
Pillai ILR A1	38	1942	0.05664263645726056	0.01184346035015448	0.0020597322348094747	0	uniform control	full
Pillai ILR A1	39	1942	0.055612770339855816	0.008238928939237899	0.001544799176107106	0	uniform control	full
Pillai ILR A1	40	1942	0.04943357363542739	0.010813594232749742	0.0010298661174047373	0	uniform control	full
Pillai ILR A1	41	1942	0.054067971163748715	0.01132852729145211	0.0005149330587023687	0	uniform control	full
Pillai ILR A1	42	1942	0.04582904222451081	0.008238928939237899	0.0005149330587023687	0	uniform control	full
Pillai ILR A1	43	1942	0.05303810504634397	0.009783728115345005	0.0025746652935118436	0	uniform control	full
Pillai ILR A1	44	1942	0.047888774459320285	0.01184346035015448	0.0	0	uniform control	full
Pillai ILR A1	45	1942	0.054067971163748715	0.012358393408856848	0.0005149330587023687	0	uniform control	full
Pillai ILR A1	46	1942	0.05046343975283213	0.009783728115345005	0.0010298661174047373	0	uniform control	full
Pillai ILR A1	47	1942	0.05303810504634397	0.010813594232749742	0.0010298661174047373	0	uniform control	full
Pillai ILR A1	48	1942	0.0509783728115345	0.010813594232749742	0.0010298661174047373	0	uniform control	full
Pillai ILR A1	49	1942	0.054067971163748715	0.015447991761071062	0.001544799176107106	0	uniform control	full
Pillai ILR A1	50	1942	0.04376930998970134	0.010813594232749742	0.0005149330587023687	0	uniform control	full
Pillai ILR A1	51	1942	0.057157569515962924	0.010813594232749742	0.0005149330587023687	0	uniform control	full
Pillai ILR A1	52	1942	0.049948506694129764	0.009268795056642637	0.0	0	uniform control	full
Pillai ILR A1	53	1942	0.04531410916580844	0.010813594232749742	0.0010298661174047373	0	uniform control	full
Pillai ILR A1	54	1942	0.047888774459320285	0.008238928939237899	0.0010298661174047373	0	uniform control	full
Pillai ILR A1	55	1942	0.042224510813594233	0.005664263645726055	0.0005149330587023687	0	uniform control	full
Pillai ILR A1	56	1942	0.04016477857878476	0.007723995880535531	0.001544799176107106	0	uniform control	full
Pillai ILR A1	57	1942	0.04943357363542739	0.006179196704428424	0.0	0	uniform control	full
Pillai ILR A1	58	1942	0.04943357363542739	0.008238928939237899	0.0005149330587023687	0	uniform control	full
Pillai ILR A1	59	1942	0.0509783728115345	0.008238928939237899	0.0005149330587023687	0	uniform control	full
Pillai ILR A1	60	1942	0.05664263645726056	0.010298661174047374	0.0005149330587023687	0	uniform control	full
Pillai ILR A1	61	1942	0.040679711637487126	0.007723995880535531	0.0005149330587023687	0	uniform control	full
Pillai ILR A1	62	1942	0.04840370751802266	0.010813594232749742	0.001544799176107106	0	uniform control	full
Pillai ILR A1	63	1942	0.0509783728115345	0.013388259526261586	0.001544799176107106	0	uniform control	full
Pillai ILR A64	32	1942	0.052008238928939236	0.009783728115345005	0.0	0	uniform control	full
Pillai ILR A64	33	1942	0.04891864057672503	0.013388259526261586	0.0020597322348094747	0	uniform control	full
Pillai ILR A64	34	1942	0.05973223480947477	0.01184346035015448	0.0005149330587023687	0	uniform control	full
Pillai ILR A64	35	1942	0.053553038105046344	0.01132852729145211	0.0	0	uniform control	full
Pillai ILR A64	36	1942	0.04840370751802266	0.009268795056642637	0.0005149330587023687	0	uniform control	full
Pillai ILR A64	37	1942	0.04685890834191555	0.010813594232749742	0.0010298661174047373	0	uniform control	full
Pillai ILR A64	38	1942	0.053553038105046344	0.008238928939237899	0.0025746652935118436	0	uniform control	full
Pillai ILR A64	39	1942	0.05458290422245108	0.010298661174047374	0.0005149330587023687	0	uniform control	full
Pillai ILR A64	40	1942	0.0592173017507724	0.013388259526261586	0.0005149330587023687	0	uniform control	full
Pillai ILR A64	41	1942	0.05509783728115345	0.010813594232749742	0.001544799176107106	0	uniform control	full
Pillai ILR A64	42	1942	0.046343975283213185	0.012873326467559218	0.0005149330587023687	0	uniform control	full
Pillai ILR A64	43	1942	0.04943357363542739	0.009783728115345005	0.001544799176107106	0	uniform control	full
Pillai ILR A64	44	1942	0.052008238928939236	0.013903192584963954	0.0005149330587023687	0	uniform control	full
Pillai ILR A64	45	1942	0.05149330587023687	0.010813594232749742	0.001544799176107106	0	uniform control	full
Pillai ILR A64	46	1942	0.05149330587023687	0.01132852729145211	0.0020597322348094747	0	uniform control	full
Pillai ILR A64	47	1942	0.06024716786817714	0.013903192584963954	0.0	0	uniform control	full
Pillai ILR A64	48	1942	0.04943357363542739	0.008238928939237899	0.001544799176107106	0	uniform control	full
Pillai ILR A64	49	1942	0.04531410916580844	0.010813594232749742	0.0025746652935118436	0	uniform control	full
Pillai ILR A64	50	1942	0.04840370751802266	0.009783728115345005	0.0020597322348094747	0	uniform control	full
Pillai ILR A64	51	1942	0.052008238928939236	0.010813594232749742	0.0005149330587023687	0	uniform control	full
Pillai ILR A64	52	1942	0.055612770339855816	0.013903192584963954	0.001544799176107106	0	uniform control	full
Pillai ILR A64	53	1942	0.049948506694129764	0.007723995880535531	0.0010298661174047373	0	uniform control	full
Pillai ILR A64	54	1942	0.057672502574665295	0.010298661174047374	0.0005149330587023687	0	uniform control	full
Pillai ILR A64	55	1942	0.04170957775489186	0.008238928939237899	0.0010298661174047373	0	uniform control	full
Pillai ILR A64	56	1942	0.05046343975283213	0.01132852729145211	0.0	0	uniform control	full
Pillai ILR A64	57	1942	0.047888774459320285	0.010298661174047374	0.0005149330587023687	0	uniform control	full
Pillai ILR A64	58	1942	0.061791967044284246	0.010813594232749742	0.001544799176107106	0	uniform control	full
Pillai ILR A64	59	1942	0.053553038105046344	0.01132852729145211	0.0005149330587023687	0	uniform control	full
Pillai ILR A64	60	1942	0.04891864057672503	0.012873326467559218	0.001544799176107106	0	uniform control	full
Pillai ILR A64	61	1942	0.04376930998970134	0.010298661174047374	0.0025746652935118436	0	uniform control	full
Pillai ILR A64	62	1942	0.05252317198764161	0.010813594232749742	0.0010298661174047373	0	uniform control	full
Pillai ILR A64	63	1942	0.049948506694129764	0.010298661174047374	0.0020597322348094747	0	uniform control	full
Pillai proportions A1	32	1942	0.04376930998970134	0.009268795056642637	0.0010298661174047373	0	uniform control	full
Pillai proportions A1	33	1942	0.04685890834191555	0.007723995880535531	0.0010298661174047373	0	uniform control	full
Pillai proportions A1	34	1942	0.055612770339855816	0.01132852729145211	0.0010298661174047373	0	uniform control	full
Pillai proportions A1	35	1942	0.04685890834191555	0.009783728115345005	0.0	0	uniform control	full
Pillai proportions A1	36	1942	0.0509783728115345	0.010813594232749742	0.001544799176107106	0	uniform control	full
Pillai proportions A1	37	1942	0.04582904222451081	0.01184346035015448	0.0010298661174047373	0	uniform control	full
Pillai proportions A1	38	1942	0.053553038105046344	0.01184346035015448	0.001544799176107106	0	uniform control	full
Pillai proportions A1	39	1942	0.057672502574665295	0.009268795056642637	0.0010298661174047373	0	uniform control	full
Pillai proportions A1	40	1942	0.0509783728115345	0.010813594232749742	0.0005149330587023687	0	uniform control	full
Pillai proportions A1	41	1942	0.0509783728115345	0.010813594232749742	0.0010298661174047373	0	uniform control	full
Pillai proportions A1	42	1942	0.04376930998970134	0.010298661174047374	0.001544799176107106	0	uniform control	full
Pillai proportions A1	43	1942	0.05818743563336766	0.01132852729145211	0.0020597322348094747	0	uniform control	full
Pillai proportions A1	44	1942	0.04376930998970134	0.009783728115345005	0.0005149330587023687	0	uniform control	full
Pillai proportions A1	45	1942	0.05046343975283213	0.010813594232749742	0.0005149330587023687	0	uniform control	full
Pillai proportions A1	46	1942	0.04943357363542739	0.01184346035015448	0.001544799176107106	0	uniform control	full
Pillai proportions A1	47	1942	0.05149330587023687	0.01132852729145211	0.0010298661174047373	0	uniform control	full
Pillai proportions A1	48	1942	0.05149330587023687	0.008753861997940269	0.0005149330587023687	0	uniform control	full
Pillai proportions A1	49	1942	0.0592173017507724	0.01184346035015448	0.0020597322348094747	0	uniform control	full
Pillai proportions A1	50	1942	0.038619979402677654	0.010298661174047374	0.0005149330587023687	0	uniform control	full
Pillai proportions A1	51	1942	0.04943357363542739	0.012358393408856848	0.0010298661174047373	0	uniform control	full
Pillai proportions A1	52	1942	0.054067971163748715	0.007209062821833162	0.0020597322348094747	0	uniform control	full
Pillai proportions A1	53	1942	0.046343975283213185	0.009783728115345005	0.0010298661174047373	0	uniform control	full
Pillai proportions A1	54	1942	0.04943357363542739	0.007723995880535531	0.0005149330587023687	0	uniform control	full
Pillai proportions A1	55	1942	0.04891864057672503	0.009268795056642637	0.0010298661174047373	0	uniform control	full
Pillai proportions A1	56	1942	0.047888774459320285	0.005149330587023687	0.0010298661174047373	0	uniform control	full
Pillai proportions A1	57	1942	0.04840370751802266	0.009783728115345005	0.0	0	uniform control	full
Pillai proportions A1	58	1942	0.047888774459320285	0.010813594232749742	0.0020597322348094747	0	uniform control	full
Pillai proportions A1	59	1942	0.04685890834191555	0.010298661174047374	0.001544799176107106	0	uniform control	full
Pillai proportions A1	60	1942	0.055612770339855816	0.007209062821833162	0.0	0	uniform control	full
Pillai proportions A1	61	1942	0.03964984552008239	0.004634397528321318	0.0005149330587023687	0	uniform control	full
Pillai proportions A1	62	1942	0.05458290422245108	0.012358393408856848	0.001544799176107106	0	uniform control	full
Pillai proportions A1	63	1942	0.04685890834191555	0.013903192584963954	0.0010298661174047373	0	uniform control	full
maximum-coordinate F ILR A1	32	1942	0.0427394438722966	0.01184346035015448	0.001544799176107106	0	uniform control	full
maximum-coordinate F ILR A1	33	1942	0.04891864057672503	0.008238928939237899	0.0005149330587023687	0	uniform control	full
maximum-coordinate F ILR A1	34	1942	0.05458290422245108	0.009268795056642637	0.001544799176107106	0	uniform control	full
maximum-coordinate F ILR A1	35	1942	0.047888774459320285	0.006694129763130793	0.0	0	uniform control	full
maximum-coordinate F ILR A1	36	1942	0.057157569515962924	0.008238928939237899	0.0005149330587023687	0	uniform control	full
maximum-coordinate F ILR A1	37	1942	0.042224510813594233	0.008238928939237899	0.0010298661174047373	0	uniform control	full
maximum-coordinate F ILR A1	38	1942	0.05870236869207003	0.012873326467559218	0.001544799176107106	0	uniform control	full
maximum-coordinate F ILR A1	39	1942	0.052008238928939236	0.009783728115345005	0.001544799176107106	0	uniform control	full
maximum-coordinate F ILR A1	40	1942	0.05303810504634397	0.01184346035015448	0.0010298661174047373	0	uniform control	full
maximum-coordinate F ILR A1	41	1942	0.04943357363542739	0.007723995880535531	0.0005149330587023687	0	uniform control	full
maximum-coordinate F ILR A1	42	1942	0.04531410916580844	0.007209062821833162	0.0005149330587023687	0	uniform control	full
maximum-coordinate F ILR A1	43	1942	0.05046343975283213	0.010813594232749742	0.0025746652935118436	0	uniform control	full
maximum-coordinate F ILR A1	44	1942	0.04737384140061792	0.01184346035015448	0.0	0	uniform control	full
maximum-coordinate F ILR A1	45	1942	0.04891864057672503	0.010813594232749742	0.0	0	uniform control	full
maximum-coordinate F ILR A1	46	1942	0.04840370751802266	0.009268795056642637	0.0005149330587023687	0	uniform control	full
maximum-coordinate F ILR A1	47	1942	0.052008238928939236	0.01184346035015448	0.0005149330587023687	0	uniform control	full
maximum-coordinate F ILR A1	48	1942	0.05149330587023687	0.01132852729145211	0.001544799176107106	0	uniform control	full
maximum-coordinate F ILR A1	49	1942	0.055612770339855816	0.014933058702368692	0.0005149330587023687	0	uniform control	full
maximum-coordinate F ILR A1	50	1942	0.046343975283213185	0.012358393408856848	0.0005149330587023687	0	uniform control	full
maximum-coordinate F ILR A1	51	1942	0.05612770339855819	0.01184346035015448	0.0005149330587023687	0	uniform control	full
maximum-coordinate F ILR A1	52	1942	0.04737384140061792	0.010813594232749742	0.0005149330587023687	0	uniform control	full
maximum-coordinate F ILR A1	53	1942	0.04325437693099897	0.008238928939237899	0.001544799176107106	0	uniform control	full
maximum-coordinate F ILR A1	54	1942	0.042224510813594233	0.008238928939237899	0.0005149330587023687	0	uniform control	full
maximum-coordinate F ILR A1	55	1942	0.042224510813594233	0.007723995880535531	0.0005149330587023687	0	uniform control	full
maximum-coordinate F ILR A1	56	1942	0.040679711637487126	0.008753861997940269	0.0005149330587023687	0	uniform control	full
maximum-coordinate F ILR A1	57	1942	0.046343975283213185	0.007723995880535531	0.0	0	uniform control	full
maximum-coordinate F ILR A1	58	1942	0.04891864057672503	0.008238928939237899	0.0005149330587023687	0	uniform control	full
maximum-coordinate F ILR A1	59	1942	0.049948506694129764	0.008238928939237899	0.0005149330587023687	0	uniform control	full
maximum-coordinate F ILR A1	60	1942	0.053553038105046344	0.010813594232749742	0.0005149330587023687	0	uniform control	full
maximum-coordinate F ILR A1	61	1942	0.04582904222451081	0.009268795056642637	0.0005149330587023687	0	uniform control	full
maximum-coordinate F ILR A1	62	1942	0.05303810504634397	0.010813594232749742	0.001544799176107106	0	uniform control	full
maximum-coordinate F ILR A1	63	1942	0.0509783728115345	0.01132852729145211	0.001544799176107106	0	uniform control	full
maximum-coordinate F ILR A64	32	1942	0.053553038105046344	0.010298661174047374	0.0	0	uniform control	full
maximum-coordinate F ILR A64	33	1942	0.04891864057672503	0.013388259526261586	0.0025746652935118436	0	uniform control	full
maximum-coordinate F ILR A64	34	1942	0.055612770339855816	0.009783728115345005	0.0005149330587023687	0	uniform control	full
maximum-coordinate F ILR A64	35	1942	0.05046343975283213	0.008753861997940269	0.0	0	uniform control	full
maximum-coordinate F ILR A64	36	1942	0.04943357363542739	0.010298661174047374	0.0005149330587023687	0	uniform control	full
maximum-coordinate F ILR A64	37	1942	0.04376930998970134	0.009268795056642637	0.0010298661174047373	0	uniform control	full
maximum-coordinate F ILR A64	38	1942	0.057672502574665295	0.010298661174047374	0.001544799176107106	0	uniform control	full
maximum-coordinate F ILR A64	39	1942	0.04891864057672503	0.009783728115345005	0.0005149330587023687	0	uniform control	full
maximum-coordinate F ILR A64	40	1942	0.055612770339855816	0.012358393408856848	0.0005149330587023687	0	uniform control	full
maximum-coordinate F ILR A64	41	1942	0.05149330587023687	0.009783728115345005	0.001544799176107106	0	uniform control	full
maximum-coordinate F ILR A64	42	1942	0.047888774459320285	0.010813594232749742	0.0005149330587023687	0	uniform control	full
maximum-coordinate F ILR A64	43	1942	0.05046343975283213	0.010813594232749742	0.0010298661174047373	0	uniform control	full
maximum-coordinate F ILR A64	44	1942	0.049948506694129764	0.014418125643666324	0.0005149330587023687	0	uniform control	full
maximum-coordinate F ILR A64	45	1942	0.053553038105046344	0.010298661174047374	0.001544799176107106	0	uniform control	full
maximum-coordinate F ILR A64	46	1942	0.05252317198764161	0.008238928939237899	0.0010298661174047373	0	uniform control	full
maximum-coordinate F ILR A64	47	1942	0.05973223480947477	0.013903192584963954	0.0	0	uniform control	full
maximum-coordinate F ILR A64	48	1942	0.05046343975283213	0.008753861997940269	0.0005149330587023687	0	uniform control	full
maximum-coordinate F ILR A64	49	1942	0.049948506694129764	0.009268795056642637	0.0025746652935118436	0	uniform control	full
maximum-coordinate F ILR A64	50	1942	0.04325437693099897	0.008238928939237899	0.0005149330587023687	0	uniform control	full
maximum-coordinate F ILR A64	51	1942	0.05509783728115345	0.010813594232749742	0.0005149330587023687	0	uniform control	full
maximum-coordinate F ILR A64	52	1942	0.057157569515962924	0.014418125643666324	0.0010298661174047373	0	uniform control	full
maximum-coordinate F ILR A64	53	1942	0.04582904222451081	0.008238928939237899	0.0010298661174047373	0	uniform control	full
maximum-coordinate F ILR A64	54	1942	0.052008238928939236	0.008753861997940269	0.0010298661174047373	0	uniform control	full
maximum-coordinate F ILR A64	55	1942	0.04376930998970134	0.007209062821833162	0.0005149330587023687	0	uniform control	full
maximum-coordinate F ILR A64	56	1942	0.04582904222451081	0.010813594232749742	0.0	0	uniform control	full
maximum-coordinate F ILR A64	57	1942	0.04685890834191555	0.010298661174047374	0.0005149330587023687	0	uniform control	full
maximum-coordinate F ILR A64	58	1942	0.05509783728115345	0.01132852729145211	0.0005149330587023687	0	uniform control	full
maximum-coordinate F ILR A64	59	1942	0.053553038105046344	0.009268795056642637	0.0005149330587023687	0	uniform control	full
maximum-coordinate F ILR A64	60	1942	0.052008238928939236	0.01184346035015448	0.0005149330587023687	0	uniform control	full
maximum-coordinate F ILR A64	61	1942	0.04737384140061792	0.01184346035015448	0.0020597322348094747	0	uniform control	full
maximum-coordinate F ILR A64	62	1942	0.052008238928939236	0.010813594232749742	0.0010298661174047373	0	uniform control	full
maximum-coordinate F ILR A64	63	1942	0.04737384140061792	0.01132852729145211	0.0020597322348094747	0	uniform control	full
maximum-coordinate F proportions A1	32	1942	0.04376930998970134	0.010298661174047374	0.0010298661174047373	0	uniform control	full
maximum-coordinate F proportions A1	33	1942	0.046343975283213185	0.009783728115345005	0.0010298661174047373	0	uniform control	full
maximum-coordinate F proportions A1	34	1942	0.053553038105046344	0.012358393408856848	0.0005149330587023687	0	uniform control	full
maximum-coordinate F proportions A1	35	1942	0.04582904222451081	0.009783728115345005	0.0005149330587023687	0	uniform control	full
maximum-coordinate F proportions A1	36	1942	0.052008238928939236	0.009268795056642637	0.0005149330587023687	0	uniform control	full
maximum-coordinate F proportions A1	37	1942	0.04170957775489186	0.013388259526261586	0.001544799176107106	0	uniform control	full
maximum-coordinate F proportions A1	38	1942	0.05252317198764161	0.012358393408856848	0.0010298661174047373	0	uniform control	full
maximum-coordinate F proportions A1	39	1942	0.05149330587023687	0.010813594232749742	0.0010298661174047373	0	uniform control	full
maximum-coordinate F proportions A1	40	1942	0.04840370751802266	0.010298661174047374	0.0005149330587023687	0	uniform control	full
maximum-coordinate F proportions A1	41	1942	0.04943357363542739	0.010813594232749742	0.0010298661174047373	0	uniform control	full
maximum-coordinate F proportions A1	42	1942	0.04891864057672503	0.01184346035015448	0.001544799176107106	0	uniform control	full
maximum-coordinate F proportions A1	43	1942	0.05458290422245108	0.009268795056642637	0.0025746652935118436	0	uniform control	full
maximum-coordinate F proportions A1	44	1942	0.04685890834191555	0.009783728115345005	0.0	0	uniform control	full
maximum-coordinate F proportions A1	45	1942	0.04840370751802266	0.009268795056642637	0.0005149330587023687	0	uniform control	full
maximum-coordinate F proportions A1	46	1942	0.04685890834191555	0.009783728115345005	0.0	0	uniform control	full
maximum-coordinate F proportions A1	47	1942	0.052008238928939236	0.007209062821833162	0.0005149330587023687	0	uniform control	full
maximum-coordinate F proportions A1	48	1942	0.05046343975283213	0.010298661174047374	0.0005149330587023687	0	uniform control	full
maximum-coordinate F proportions A1	49	1942	0.057157569515962924	0.01132852729145211	0.0010298661174047373	0	uniform control	full
maximum-coordinate F proportions A1	50	1942	0.0427394438722966	0.009268795056642637	0.0	0	uniform control	full
maximum-coordinate F proportions A1	51	1942	0.057672502574665295	0.009268795056642637	0.0005149330587023687	0	uniform control	full
maximum-coordinate F proportions A1	52	1942	0.0509783728115345	0.007723995880535531	0.001544799176107106	0	uniform control	full
maximum-coordinate F proportions A1	53	1942	0.046343975283213185	0.007723995880535531	0.0010298661174047373	0	uniform control	full
maximum-coordinate F proportions A1	54	1942	0.05149330587023687	0.007209062821833162	0.0010298661174047373	0	uniform control	full
maximum-coordinate F proportions A1	55	1942	0.04737384140061792	0.006694129763130793	0.0010298661174047373	0	uniform control	full
maximum-coordinate F proportions A1	56	1942	0.04531410916580844	0.005664263645726055	0.0005149330587023687	0	uniform control	full
maximum-coordinate F proportions A1	57	1942	0.04840370751802266	0.010813594232749742	0.0	0	uniform control	full
maximum-coordinate F proportions A1	58	1942	0.046343975283213185	0.008238928939237899	0.001544799176107106	0	uniform control	full
maximum-coordinate F proportions A1	59	1942	0.04582904222451081	0.009268795056642637	0.001544799176107106	0	uniform control	full
maximum-coordinate F proportions A1	60	1942	0.054067971163748715	0.007209062821833162	0.0	0	uniform control	full
maximum-coordinate F proportions A1	61	1942	0.04016477857878476	0.006694129763130793	0.0010298661174047373	0	uniform control	full
maximum-coordinate F proportions A1	62	1942	0.05252317198764161	0.01132852729145211	0.0010298661174047373	0	uniform control	full
maximum-coordinate F proportions A1	63	1942	0.04685890834191555	0.01184346035015448	0.0010298661174047373	0	uniform control	full
null-variance Wald A64	32	1942	0.057672502574665295	0.009783728115345005	0.001544799176107106	0	uniform control	full
null-variance Wald A64	33	1942	0.04943357363542739	0.014933058702368692	0.0025746652935118436	0	uniform control	full
null-variance Wald A64	34	1942	0.054067971163748715	0.010298661174047374	0.0020597322348094747	0	uniform control	full
null-variance Wald A64	35	1942	0.061277033985581875	0.012358393408856848	0.0005149330587023687	0	uniform control	full
null-variance Wald A64	36	1942	0.05149330587023687	0.009268795056642637	0.001544799176107106	0	uniform control	full
null-variance Wald A64	37	1942	0.04685890834191555	0.01132852729145211	0.001544799176107106	0	uniform control	full
null-variance Wald A64	38	1942	0.05252317198764161	0.009783728115345005	0.0	0	uniform control	full
null-variance Wald A64	39	1942	0.053553038105046344	0.008238928939237899	0.0	0	uniform control	full
null-variance Wald A64	40	1942	0.05458290422245108	0.014933058702368692	0.001544799176107106	0	uniform control	full
null-variance Wald A64	41	1942	0.055612770339855816	0.010813594232749742	0.001544799176107106	0	uniform control	full
null-variance Wald A64	42	1942	0.04531410916580844	0.009783728115345005	0.0010298661174047373	0	uniform control	full
null-variance Wald A64	43	1942	0.0509783728115345	0.010813594232749742	0.0020597322348094747	0	uniform control	full
null-variance Wald A64	44	1942	0.04943357363542739	0.01184346035015448	0.001544799176107106	0	uniform control	full
null-variance Wald A64	45	1942	0.0592173017507724	0.012358393408856848	0.0010298661174047373	0	uniform control	full
null-variance Wald A64	46	1942	0.049948506694129764	0.008753861997940269	0.0020597322348094747	0	uniform control	full
null-variance Wald A64	47	1942	0.06230690010298661	0.015447991761071062	0.0020597322348094747	0	uniform control	full
null-variance Wald A64	48	1942	0.05149330587023687	0.008238928939237899	0.0010298661174047373	0	uniform control	full
null-variance Wald A64	49	1942	0.05303810504634397	0.01132852729145211	0.0010298661174047373	0	uniform control	full
null-variance Wald A64	50	1942	0.04531410916580844	0.009268795056642637	0.0010298661174047373	0	uniform control	full
null-variance Wald A64	51	1942	0.05046343975283213	0.009268795056642637	0.0020597322348094747	0	uniform control	full
null-variance Wald A64	52	1942	0.05303810504634397	0.014933058702368692	0.001544799176107106	0	uniform control	full
null-variance Wald A64	53	1942	0.04582904222451081	0.008238928939237899	0.001544799176107106	0	uniform control	full
null-variance Wald A64	54	1942	0.05046343975283213	0.008238928939237899	0.0005149330587023687	0	uniform control	full
null-variance Wald A64	55	1942	0.04376930998970134	0.007723995880535531	0.0010298661174047373	0	uniform control	full
null-variance Wald A64	56	1942	0.04531410916580844	0.008238928939237899	0.0005149330587023687	0	uniform control	full
null-variance Wald A64	57	1942	0.052008238928939236	0.01184346035015448	0.0005149330587023687	0	uniform control	full
null-variance Wald A64	58	1942	0.057157569515962924	0.010813594232749742	0.001544799176107106	0	uniform control	full
null-variance Wald A64	59	1942	0.05509783728115345	0.006179196704428424	0.0005149330587023687	0	uniform control	full
null-variance Wald A64	60	1942	0.04943357363542739	0.013388259526261586	0.0025746652935118436	0	uniform control	full
null-variance Wald A64	61	1942	0.04840370751802266	0.01132852729145211	0.003089598352214212	0	uniform control	full
null-variance Wald A64	62	1942	0.05458290422245108	0.012358393408856848	0.001544799176107106	0	uniform control	full
null-variance Wald A64	63	1942	0.0509783728115345	0.010813594232749742	0.0010298661174047373	0	uniform control	full
trace F ILR A1	32	1942	0.047888774459320285	0.010813594232749742	0.003089598352214212	0	uniform control	full
trace F ILR A1	33	1942	0.052008238928939236	0.007209062821833162	0.0005149330587023687	0	uniform control	full
trace F ILR A1	34	1942	0.06024716786817714	0.010813594232749742	0.0025746652935118436	0	uniform control	full
trace F ILR A1	35	1942	0.04891864057672503	0.007209062821833162	0.0005149330587023687	0	uniform control	full
trace F ILR A1	36	1942	0.05973223480947477	0.009783728115345005	0.001544799176107106	0	uniform control	full
trace F ILR A1	37	1942	0.047888774459320285	0.010813594232749742	0.001544799176107106	0	uniform control	full
trace F ILR A1	38	1942	0.05458290422245108	0.012873326467559218	0.0020597322348094747	0	uniform control	full
trace F ILR A1	39	1942	0.057157569515962924	0.010298661174047374	0.0025746652935118436	0	uniform control	full
trace F ILR A1	40	1942	0.05149330587023687	0.008238928939237899	0.0010298661174047373	0	uniform control	full
trace F ILR A1	41	1942	0.05252317198764161	0.01132852729145211	0.0005149330587023687	0	uniform control	full
trace F ILR A1	42	1942	0.046343975283213185	0.009268795056642637	0.0010298661174047373	0	uniform control	full
trace F ILR A1	43	1942	0.04943357363542739	0.010298661174047374	0.0025746652935118436	0	uniform control	full
trace F ILR A1	44	1942	0.04582904222451081	0.01132852729145211	0.0005149330587023687	0	uniform control	full
trace F ILR A1	45	1942	0.05252317198764161	0.010813594232749742	0.0005149330587023687	0	uniform control	full
trace F ILR A1	46	1942	0.0509783728115345	0.010298661174047374	0.0005149330587023687	0	uniform control	full
trace F ILR A1	47	1942	0.052008238928939236	0.009783728115345005	0.0005149330587023687	0	uniform control	full
trace F ILR A1	48	1942	0.04891864057672503	0.01184346035015448	0.003089598352214212	0	uniform control	full
trace F ILR A1	49	1942	0.05870236869207003	0.018022657054582905	0.0010298661174047373	0	uniform control	full
trace F ILR A1	50	1942	0.04685890834191555	0.01132852729145211	0.0005149330587023687	0	uniform control	full
trace F ILR A1	51	1942	0.057672502574665295	0.01184346035015448	0.0005149330587023687	0	uniform control	full
trace F ILR A1	52	1942	0.04685890834191555	0.009783728115345005	0.0	0	uniform control	full
trace F ILR A1	53	1942	0.04891864057672503	0.01132852729145211	0.0020597322348094747	0	uniform control	full
trace F ILR A1	54	1942	0.04582904222451081	0.008753861997940269	0.0010298661174047373	0	uniform control	full
trace F ILR A1	55	1942	0.0427394438722966	0.006179196704428424	0.0010298661174047373	0	uniform control	full
trace F ILR A1	56	1942	0.04376930998970134	0.006694129763130793	0.0010298661174047373	0	uniform control	full
trace F ILR A1	57	1942	0.04737384140061792	0.006179196704428424	0.0005149330587023687	0	uniform control	full
trace F ILR A1	58	1942	0.049948506694129764	0.008753861997940269	0.0005149330587023687	0	uniform control	full
trace F ILR A1	59	1942	0.04943357363542739	0.007723995880535531	0.0005149330587023687	0	uniform control	full
trace F ILR A1	60	1942	0.05664263645726056	0.009268795056642637	0.0010298661174047373	0	uniform control	full
trace F ILR A1	61	1942	0.04170957775489186	0.007209062821833162	0.0005149330587023687	0	uniform control	full
trace F ILR A1	62	1942	0.04891864057672503	0.009268795056642637	0.001544799176107106	0	uniform control	full
trace F ILR A1	63	1942	0.054067971163748715	0.009783728115345005	0.001544799176107106	0	uniform control	full
trace F ILR A64	32	1942	0.057672502574665295	0.009268795056642637	0.0005149330587023687	0	uniform control	full
trace F ILR A64	33	1942	0.04943357363542739	0.012358393408856848	0.0020597322348094747	0	uniform control	full
trace F ILR A64	34	1942	0.05664263645726056	0.008238928939237899	0.0005149330587023687	0	uniform control	full
trace F ILR A64	35	1942	0.05818743563336766	0.012873326467559218	0.0005149330587023687	0	uniform control	full
trace F ILR A64	36	1942	0.054067971163748715	0.009783728115345005	0.0005149330587023687	0	uniform control	full
trace F ILR A64	37	1942	0.04891864057672503	0.010298661174047374	0.0010298661174047373	0	uniform control	full
trace F ILR A64	38	1942	0.053553038105046344	0.008753861997940269	0.0020597322348094747	0	uniform control	full
trace F ILR A64	39	1942	0.05509783728115345	0.008238928939237899	0.0005149330587023687	0	uniform control	full
trace F ILR A64	40	1942	0.05509783728115345	0.012873326467559218	0.0005149330587023687	0	uniform control	full
trace F ILR A64	41	1942	0.055612770339855816	0.010813594232749742	0.001544799176107106	0	uniform control	full
trace F ILR A64	42	1942	0.04943357363542739	0.01184346035015448	0.0005149330587023687	0	uniform control	full
trace F ILR A64	43	1942	0.049948506694129764	0.012358393408856848	0.0010298661174047373	0	uniform control	full
trace F ILR A64	44	1942	0.04943357363542739	0.012358393408856848	0.0010298661174047373	0	uniform control	full
trace F ILR A64	45	1942	0.05458290422245108	0.012873326467559218	0.001544799176107106	0	uniform control	full
trace F ILR A64	46	1942	0.05046343975283213	0.008753861997940269	0.0005149330587023687	0	uniform control	full
trace F ILR A64	47	1942	0.0607621009268795	0.013388259526261586	0.0005149330587023687	0	uniform control	full
trace F ILR A64	48	1942	0.05046343975283213	0.009783728115345005	0.001544799176107106	0	uniform control	full
trace F ILR A64	49	1942	0.04891864057672503	0.010298661174047374	0.001544799176107106	0	uniform control	full
trace F ILR A64	50	1942	0.04582904222451081	0.008238928939237899	0.001544799176107106	0	uniform control	full
trace F ILR A64	51	1942	0.052008238928939236	0.009268795056642637	0.001544799176107106	0	uniform control	full
trace F ILR A64	52	1942	0.055612770339855816	0.012873326467559218	0.001544799176107106	0	uniform control	full
trace F ILR A64	53	1942	0.04479917610710608	0.007723995880535531	0.0010298661174047373	0	uniform control	full
trace F ILR A64	54	1942	0.05303810504634397	0.010813594232749742	0.0005149330587023687	0	uniform control	full
trace F ILR A64	55	1942	0.0427394438722966	0.005149330587023687	0.0010298661174047373	0	uniform control	full
trace F ILR A64	56	1942	0.04582904222451081	0.009783728115345005	0.0	0	uniform control	full
trace F ILR A64	57	1942	0.049948506694129764	0.010298661174047374	0.0010298661174047373	0	uniform control	full
trace F ILR A64	58	1942	0.055612770339855816	0.010298661174047374	0.0010298661174047373	0	uniform control	full
trace F ILR A64	59	1942	0.05303810504634397	0.009783728115345005	0.001544799176107106	0	uniform control	full
trace F ILR A64	60	1942	0.052008238928939236	0.012873326467559218	0.001544799176107106	0	uniform control	full
trace F ILR A64	61	1942	0.04891864057672503	0.014933058702368692	0.0020597322348094747	0	uniform control	full
trace F ILR A64	62	1942	0.05252317198764161	0.009268795056642637	0.0020597322348094747	0	uniform control	full
trace F ILR A64	63	1942	0.04737384140061792	0.01184346035015448	0.0020597322348094747	0	uniform control	full
trace F proportions A1	32	1942	0.049948506694129764	0.010298661174047374	0.0010298661174047373	0	uniform control	full
trace F proportions A1	33	1942	0.047888774459320285	0.009783728115345005	0.0020597322348094747	0	uniform control	full
trace F proportions A1	34	1942	0.052008238928939236	0.01184346035015448	0.0010298661174047373	0	uniform control	full
trace F proportions A1	35	1942	0.047888774459320285	0.008238928939237899	0.0	0	uniform control	full
trace F proportions A1	36	1942	0.05818743563336766	0.01184346035015448	0.0005149330587023687	0	uniform control	full
trace F proportions A1	37	1942	0.04685890834191555	0.01184346035015448	0.0010298661174047373	0	uniform control	full
trace F proportions A1	38	1942	0.054067971163748715	0.010298661174047374	0.0005149330587023687	0	uniform control	full
trace F proportions A1	39	1942	0.053553038105046344	0.012873326467559218	0.001544799176107106	0	uniform control	full
trace F proportions A1	40	1942	0.052008238928939236	0.010298661174047374	0.0005149330587023687	0	uniform control	full
trace F proportions A1	41	1942	0.05458290422245108	0.008753861997940269	0.001544799176107106	0	uniform control	full
trace F proportions A1	42	1942	0.044284243048403706	0.008753861997940269	0.0010298661174047373	0	uniform control	full
trace F proportions A1	43	1942	0.05252317198764161	0.010813594232749742	0.0025746652935118436	0	uniform control	full
trace F proportions A1	44	1942	0.04582904222451081	0.01184346035015448	0.0005149330587023687	0	uniform control	full
trace F proportions A1	45	1942	0.046343975283213185	0.009268795056642637	0.0005149330587023687	0	uniform control	full
trace F proportions A1	46	1942	0.04891864057672503	0.010813594232749742	0.0005149330587023687	0	uniform control	full
trace F proportions A1	47	1942	0.05509783728115345	0.009783728115345005	0.0010298661174047373	0	uniform control	full
trace F proportions A1	48	1942	0.04891864057672503	0.008753861997940269	0.0010298661174047373	0	uniform control	full
trace F proportions A1	49	1942	0.053553038105046344	0.016992790937178166	0.0020597322348094747	0	uniform control	full
trace F proportions A1	50	1942	0.044284243048403706	0.008753861997940269	0.0	0	uniform control	full
trace F proportions A1	51	1942	0.053553038105046344	0.009783728115345005	0.0005149330587023687	0	uniform control	full
trace F proportions A1	52	1942	0.05458290422245108	0.007723995880535531	0.001544799176107106	0	uniform control	full
trace F proportions A1	53	1942	0.0509783728115345	0.007723995880535531	0.001544799176107106	0	uniform control	full
trace F proportions A1	54	1942	0.046343975283213185	0.008238928939237899	0.0005149330587023687	0	uniform control	full
trace F proportions A1	55	1942	0.046343975283213185	0.008238928939237899	0.0010298661174047373	0	uniform control	full
trace F proportions A1	56	1942	0.04891864057672503	0.008753861997940269	0.0005149330587023687	0	uniform control	full
trace F proportions A1	57	1942	0.04840370751802266	0.009268795056642637	0.0010298661174047373	0	uniform control	full
trace F proportions A1	58	1942	0.04170957775489186	0.009783728115345005	0.0010298661174047373	0	uniform control	full
trace F proportions A1	59	1942	0.042224510813594233	0.010813594232749742	0.001544799176107106	0	uniform control	full
trace F proportions A1	60	1942	0.05870236869207003	0.010813594232749742	0.0005149330587023687	0	uniform control	full
trace F proportions A1	61	1942	0.04479917610710608	0.007723995880535531	0.0005149330587023687	0	uniform control	full
trace F proportions A1	62	1942	0.05149330587023687	0.008753861997940269	0.0005149330587023687	0	uniform control	full
trace F proportions A1	63	1942	0.04840370751802266	0.015447991761071062	0.0010298661174047373	0	uniform control	full
