strategy	replicate	n_tests	reject_0_05	reject_0_01	reject_0_001	BH_discoveries	variant	fold
subject-score wild omnibus D1	32	1295	0.04864864864864865	0.011583011583011582	0.0	0	score	0
subject-score wild omnibus D1	33	1295	0.06023166023166023	0.010810810810810811	0.0	0	score	0
subject-score wild omnibus D1	34	1295	0.047876447876447875	0.009266409266409266	0.0007722007722007722	0	score	0
subject-score wild omnibus D1	35	1295	0.05019305019305019	0.0069498069498069494	0.0015444015444015444	0	score	0
subject-score wild omnibus D1	36	1295	0.05714285714285714	0.009266409266409266	0.0023166023166023165	0	score	0
subject-score wild omnibus D1	37	1295	0.040926640926640924	0.010810810810810811	0.0015444015444015444	0	score	0
subject-score wild omnibus D1	38	1295	0.04633204633204633	0.012355212355212355	0.0015444015444015444	0	score	0
subject-score wild omnibus D1	39	1295	0.05328185328185328	0.0069498069498069494	0.0	0	score	0
subject-score wild omnibus D1	40	1295	0.04864864864864865	0.010810810810810811	0.0007722007722007722	0	score	0
subject-score wild omnibus D1	41	1295	0.04633204633204633	0.0069498069498069494	0.0007722007722007722	0	score	0
subject-score wild omnibus D1	42	1295	0.043243243243243246	0.010038610038610039	0.0015444015444015444	0	score	0
subject-score wild omnibus D1	43	1295	0.054826254826254826	0.007722007722007722	0.0007722007722007722	0	score	0
subject-score wild omnibus D1	44	1295	0.043243243243243246	0.009266409266409266	0.0007722007722007722	0	score	0
subject-score wild omnibus D1	45	1295	0.05250965250965251	0.008494208494208495	0.0007722007722007722	0	score	0
subject-score wild omnibus D1	46	1295	0.044787644787644784	0.010038610038610039	0.0007722007722007722	0	score	0
subject-score wild omnibus D1	47	1295	0.05250965250965251	0.010038610038610039	0.0015444015444015444	0	score	0
subject-score wild omnibus D1	48	1295	0.05714285714285714	0.013899613899613899	0.0	0	score	0
subject-score wild omnibus D1	49	1295	0.050965250965250966	0.011583011583011582	0.003088803088803089	0	score	0
subject-score wild omnibus D1	50	1295	0.04864864864864865	0.008494208494208495	0.0	0	score	0
subject-score wild omnibus D1	51	1295	0.047876447876447875	0.012355212355212355	0.0007722007722007722	0	score	0
subject-score wild omnibus D1	52	1295	0.044787644787644784	0.007722007722007722	0.0007722007722007722	0	score	0
subject-score wild omnibus D1	53	1295	0.04633204633204633	0.009266409266409266	0.0007722007722007722	0	score	0
subject-score wild omnibus D1	54	1295	0.044015444015444015	0.003861003861003861	0.0	0	score	0
subject-score wild omnibus D1	55	1295	0.04942084942084942	0.007722007722007722	0.0	0	score	0
subject-score wild omnibus D1	56	1295	0.04942084942084942	0.010038610038610039	0.0	0	score	0
subject-score wild omnibus D1	57	1295	0.04633204633204633	0.0069498069498069494	0.0015444015444015444	0	score	0
subject-score wild omnibus D1	58	1295	0.044015444015444015	0.013899613899613899	0.0007722007722007722	0	score	0
subject-score wild omnibus D1	59	1295	0.047104247104247106	0.013127413127413128	0.0007722007722007722	0	score	0
subject-score wild omnibus D1	60	1295	0.054826254826254826	0.009266409266409266	0.0015444015444015444	0	score	0
subject-score wild omnibus D1	61	1295	0.04247104247104247	0.0069498069498069494	0.0	0	score	0
subject-score wild omnibus D1	62	1295	0.05019305019305019	0.012355212355212355	0.0015444015444015444	0	score	0
subject-score wild omnibus D1	63	1295	0.047876447876447875	0.005405405405405406	0.0	0	score	0
subject-score wild omnibus D32	32	1295	0.044015444015444015	0.010810810810810811	0.0007722007722007722	0	score	0
subject-score wild omnibus D32	33	1295	0.054826254826254826	0.007722007722007722	0.0	0	score	0
subject-score wild omnibus D32	34	1295	0.044787644787644784	0.007722007722007722	0.0015444015444015444	0	score	0
subject-score wild omnibus D32	35	1295	0.04864864864864865	0.010810810810810811	0.0015444015444015444	0	score	0
subject-score wild omnibus D32	36	1295	0.061003861003861	0.0069498069498069494	0.0015444015444015444	0	score	0
subject-score wild omnibus D32	37	1295	0.04633204633204633	0.011583011583011582	0.0015444015444015444	0	score	0
subject-score wild omnibus D32	38	1295	0.047876447876447875	0.014671814671814672	0.0007722007722007722	0	score	0
subject-score wild omnibus D32	39	1295	0.05019305019305019	0.009266409266409266	0.0	0	score	0
subject-score wild omnibus D32	40	1295	0.047876447876447875	0.012355212355212355	0.0	0	score	0
subject-score wild omnibus D32	41	1295	0.04633204633204633	0.0069498069498069494	0.0007722007722007722	0	score	0
subject-score wild omnibus D32	42	1295	0.043243243243243246	0.010038610038610039	0.0015444015444015444	0	score	0
subject-score wild omnibus D32	43	1295	0.05714285714285714	0.007722007722007722	0.0007722007722007722	0	score	0
subject-score wild omnibus D32	44	1295	0.04247104247104247	0.012355212355212355	0.0007722007722007722	0	score	0
subject-score wild omnibus D32	45	1295	0.054826254826254826	0.012355212355212355	0.0007722007722007722	0	score	0
subject-score wild omnibus D32	46	1295	0.04633204633204633	0.012355212355212355	0.0	0	score	0
subject-score wild omnibus D32	47	1295	0.051737451737451735	0.0069498069498069494	0.0007722007722007722	0	score	0
subject-score wild omnibus D32	48	1295	0.05791505791505792	0.011583011583011582	0.0007722007722007722	0	score	0
subject-score wild omnibus D32	49	1295	0.05250965250965251	0.011583011583011582	0.0023166023166023165	0	score	0
subject-score wild omnibus D32	50	1295	0.055598455598455596	0.008494208494208495	0.0	0	score	0
subject-score wild omnibus D32	51	1295	0.043243243243243246	0.009266409266409266	0.0007722007722007722	0	score	0
subject-score wild omnibus D32	52	1295	0.04864864864864865	0.008494208494208495	0.0007722007722007722	0	score	0
subject-score wild omnibus D32	53	1295	0.04942084942084942	0.010810810810810811	0.0007722007722007722	0	score	0
subject-score wild omnibus D32	54	1295	0.04247104247104247	0.004633204633204633	0.0	0	score	0
subject-score wild omnibus D32	55	1295	0.044787644787644784	0.008494208494208495	0.0007722007722007722	0	score	0
subject-score wild omnibus D32	56	1295	0.047104247104247106	0.010038610038610039	0.0	0	score	0
subject-score wild omnibus D32	57	1295	0.044015444015444015	0.0069498069498069494	0.0015444015444015444	0	score	0
subject-score wild omnibus D32	58	1295	0.044015444015444015	0.011583011583011582	0.0007722007722007722	0	score	0
subject-score wild omnibus D32	59	1295	0.047876447876447875	0.008494208494208495	0.0007722007722007722	0	score	0
subject-score wild omnibus D32	60	1295	0.05405405405405406	0.0069498069498069494	0.0007722007722007722	0	score	0
subject-score wild omnibus D32	61	1295	0.044015444015444015	0.008494208494208495	0.0	0	score	0
subject-score wild omnibus D32	62	1295	0.05019305019305019	0.012355212355212355	0.0007722007722007722	0	score	0
subject-score wild omnibus D32	63	1295	0.051737451737451735	0.0069498069498069494	0.0	0	score	0
Pillai ILR A1	32	1353	0.05025868440502587	0.010347376201034738	0.0014781966001478197	0	uniform control	0
Pillai ILR A1	33	1353	0.06060606060606061	0.009608277900960829	0.003695491500369549	0	uniform control	0
Pillai ILR A1	34	1353	0.04286770140428677	0.009608277900960829	0.0	0	uniform control	0
Pillai ILR A1	35	1353	0.0524759793052476	0.013303769401330377	0.0022172949002217295	0	uniform control	0
Pillai ILR A1	36	1353	0.04434589800443459	0.009608277900960829	0.0007390983000739098	0	uniform control	0
Pillai ILR A1	37	1353	0.05025868440502587	0.008869179600886918	0.0014781966001478197	0	uniform control	0
Pillai ILR A1	38	1353	0.05321507760532151	0.010347376201034738	0.0014781966001478197	0	uniform control	0
Pillai ILR A1	39	1353	0.0524759793052476	0.011086474501108648	0.0007390983000739098	0	uniform control	0
Pillai ILR A1	40	1353	0.05469327420546933	0.014042867701404288	0.0014781966001478197	0	uniform control	0
Pillai ILR A1	41	1353	0.05321507760532151	0.007390983000739098	0.0	0	uniform control	0
Pillai ILR A1	42	1353	0.04804138950480414	0.007390983000739098	0.0	0	uniform control	0
Pillai ILR A1	43	1353	0.05469327420546933	0.011825572801182557	0.0014781966001478197	0	uniform control	0
Pillai ILR A1	44	1353	0.059127864005912786	0.008869179600886918	0.0007390983000739098	0	uniform control	0
Pillai ILR A1	45	1353	0.057649667405764965	0.011825572801182557	0.0007390983000739098	0	uniform control	0
Pillai ILR A1	46	1353	0.04804138950480414	0.008869179600886918	0.0014781966001478197	0	uniform control	0
Pillai ILR A1	47	1353	0.0450849963045085	0.009608277900960829	0.0014781966001478197	0	uniform control	0
Pillai ILR A1	48	1353	0.04951958610495196	0.009608277900960829	0.0022172949002217295	0	uniform control	0
Pillai ILR A1	49	1353	0.038433111603843315	0.004434589800443459	0.0007390983000739098	0	uniform control	0
Pillai ILR A1	50	1353	0.04286770140428677	0.009608277900960829	0.0022172949002217295	0	uniform control	0
Pillai ILR A1	51	1353	0.05617147080561715	0.011086474501108648	0.0014781966001478197	0	uniform control	0
Pillai ILR A1	52	1353	0.05469327420546933	0.012564671101256468	0.0022172949002217295	0	uniform control	0
Pillai ILR A1	53	1353	0.04656319290465632	0.009608277900960829	0.0029563932002956393	0	uniform control	0
Pillai ILR A1	54	1353	0.05025868440502587	0.011086474501108648	0.0029563932002956393	0	uniform control	0
Pillai ILR A1	55	1353	0.04212860310421286	0.007390983000739098	0.0	0	uniform control	0
Pillai ILR A1	56	1353	0.05025868440502587	0.011825572801182557	0.0022172949002217295	0	uniform control	0
Pillai ILR A1	57	1353	0.057649667405764965	0.011825572801182557	0.003695491500369549	0	uniform control	0
Pillai ILR A1	58	1353	0.04804138950480414	0.005173688100517369	0.0	0	uniform control	0
Pillai ILR A1	59	1353	0.04286770140428677	0.008130081300813009	0.0007390983000739098	0	uniform control	0
Pillai ILR A1	60	1353	0.04730229120473023	0.009608277900960829	0.0007390983000739098	0	uniform control	0
Pillai ILR A1	61	1353	0.04065040650406504	0.008130081300813009	0.0022172949002217295	0	uniform control	0
Pillai ILR A1	62	1353	0.06060606060606061	0.011825572801182557	0.0007390983000739098	0	uniform control	0
Pillai ILR A1	63	1353	0.04951958610495196	0.008130081300813009	0.0	0	uniform control	0
Pillai ILR A32	32	1353	0.0598669623059867	0.014781966001478197	0.003695491500369549	0	uniform control	0
Pillai ILR A32	33	1353	0.0524759793052476	0.014042867701404288	0.0029563932002956393	0	uniform control	0
Pillai ILR A32	34	1353	0.04730229120473023	0.008130081300813009	0.0007390983000739098	0	uniform control	0
Pillai ILR A32	35	1353	0.059127864005912786	0.015521064301552107	0.0029563932002956393	0	uniform control	0
Pillai ILR A32	36	1353	0.04804138950480414	0.009608277900960829	0.0	0	uniform control	0
Pillai ILR A32	37	1353	0.04286770140428677	0.008869179600886918	0.0022172949002217295	0	uniform control	0
Pillai ILR A32	38	1353	0.04878048780487805	0.008869179600886918	0.0	0	uniform control	0
Pillai ILR A32	39	1353	0.056910569105691054	0.008869179600886918	0.0014781966001478197	0	uniform control	0
Pillai ILR A32	40	1353	0.04878048780487805	0.014042867701404288	0.0022172949002217295	0	uniform control	0
Pillai ILR A32	41	1353	0.0450849963045085	0.008869179600886918	0.0007390983000739098	0	uniform control	0
Pillai ILR A32	42	1353	0.04656319290465632	0.011086474501108648	0.0007390983000739098	0	uniform control	0
Pillai ILR A32	43	1353	0.06208425720620843	0.010347376201034738	0.0007390983000739098	0	uniform control	0
Pillai ILR A32	44	1353	0.04656319290465632	0.007390983000739098	0.0007390983000739098	0	uniform control	0
Pillai ILR A32	45	1353	0.0598669623059867	0.014042867701404288	0.0	0	uniform control	0
Pillai ILR A32	46	1353	0.04878048780487805	0.008869179600886918	0.0007390983000739098	0	uniform control	0
Pillai ILR A32	47	1353	0.04730229120473023	0.005173688100517369	0.0	0	uniform control	0
Pillai ILR A32	48	1353	0.0450849963045085	0.014042867701404288	0.0014781966001478197	0	uniform control	0
Pillai ILR A32	49	1353	0.0450849963045085	0.010347376201034738	0.0014781966001478197	0	uniform control	0
Pillai ILR A32	50	1353	0.04730229120473023	0.013303769401330377	0.0007390983000739098	0	uniform control	0
Pillai ILR A32	51	1353	0.059127864005912786	0.010347376201034738	0.0	0	uniform control	0
Pillai ILR A32	52	1353	0.057649667405764965	0.009608277900960829	0.0007390983000739098	0	uniform control	0
Pillai ILR A32	53	1353	0.0450849963045085	0.011086474501108648	0.0007390983000739098	0	uniform control	0
Pillai ILR A32	54	1353	0.04730229120473023	0.008869179600886918	0.0022172949002217295	0	uniform control	0
Pillai ILR A32	55	1353	0.0450849963045085	0.011825572801182557	0.0014781966001478197	0	uniform control	0
Pillai ILR A32	56	1353	0.04138950480413895	0.008130081300813009	0.0007390983000739098	0	uniform control	0
Pillai ILR A32	57	1353	0.050997782705099776	0.013303769401330377	0.0014781966001478197	0	uniform control	0
Pillai ILR A32	58	1353	0.0524759793052476	0.009608277900960829	0.0	0	uniform control	0
Pillai ILR A32	59	1353	0.04360679970436068	0.011825572801182557	0.0007390983000739098	0	uniform control	0
Pillai ILR A32	60	1353	0.056910569105691054	0.009608277900960829	0.0014781966001478197	0	uniform control	0
Pillai ILR A32	61	1353	0.03325942350332594	0.0066518847006651885	0.0	0	uniform control	0
Pillai ILR A32	62	1353	0.06577974870657798	0.016260162601626018	0.0022172949002217295	0	uniform control	0
Pillai ILR A32	63	1353	0.05321507760532151	0.007390983000739098	0.0007390983000739098	0	uniform control	0
Pillai proportions A1	32	1353	0.04804138950480414	0.011086474501108648	0.0007390983000739098	0	uniform control	0
Pillai proportions A1	33	1353	0.05617147080561715	0.008869179600886918	0.004434589800443459	0	uniform control	0
Pillai proportions A1	34	1353	0.051736881005173686	0.008130081300813009	0.0007390983000739098	0	uniform control	0
Pillai proportions A1	35	1353	0.051736881005173686	0.013303769401330377	0.0014781966001478197	0	uniform control	0
Pillai proportions A1	36	1353	0.04730229120473023	0.010347376201034738	0.0014781966001478197	0	uniform control	0
Pillai proportions A1	37	1353	0.04582409460458241	0.009608277900960829	0.0	0	uniform control	0
Pillai proportions A1	38	1353	0.05395417590539542	0.013303769401330377	0.0	0	uniform control	0
Pillai proportions A1	39	1353	0.0450849963045085	0.008130081300813009	0.0007390983000739098	0	uniform control	0
Pillai proportions A1	40	1353	0.05543237250554324	0.008869179600886918	0.0007390983000739098	0	uniform control	0
Pillai proportions A1	41	1353	0.050997782705099776	0.0066518847006651885	0.0	0	uniform control	0
Pillai proportions A1	42	1353	0.04730229120473023	0.007390983000739098	0.0007390983000739098	0	uniform control	0
Pillai proportions A1	43	1353	0.058388765705838876	0.011825572801182557	0.0014781966001478197	0	uniform control	0
Pillai proportions A1	44	1353	0.06430155210643015	0.005173688100517369	0.0007390983000739098	0	uniform control	0
Pillai proportions A1	45	1353	0.04804138950480414	0.010347376201034738	0.0014781966001478197	0	uniform control	0
Pillai proportions A1	46	1353	0.056910569105691054	0.007390983000739098	0.0022172949002217295	0	uniform control	0
Pillai proportions A1	47	1353	0.04730229120473023	0.011086474501108648	0.0014781966001478197	0	uniform control	0
Pillai proportions A1	48	1353	0.051736881005173686	0.008130081300813009	0.0014781966001478197	0	uniform control	0
Pillai proportions A1	49	1353	0.04656319290465632	0.0029563932002956393	0.0	0	uniform control	0
Pillai proportions A1	50	1353	0.04434589800443459	0.010347376201034738	0.0014781966001478197	0	uniform control	0
Pillai proportions A1	51	1353	0.056910569105691054	0.011086474501108648	0.0007390983000739098	0	uniform control	0
Pillai proportions A1	52	1353	0.0524759793052476	0.010347376201034738	0.0007390983000739098	0	uniform control	0
Pillai proportions A1	53	1353	0.051736881005173686	0.011086474501108648	0.0007390983000739098	0	uniform control	0
Pillai proportions A1	54	1353	0.04951958610495196	0.008130081300813009	0.0029563932002956393	0	uniform control	0
Pillai proportions A1	55	1353	0.03991130820399113	0.005173688100517369	0.0	0	uniform control	0
Pillai proportions A1	56	1353	0.04730229120473023	0.009608277900960829	0.0	0	uniform control	0
Pillai proportions A1	57	1353	0.05617147080561715	0.011086474501108648	0.0007390983000739098	0	uniform control	0
Pillai proportions A1	58	1353	0.04360679970436068	0.011086474501108648	0.0014781966001478197	0	uniform control	0
Pillai proportions A1	59	1353	0.04434589800443459	0.007390983000739098	0.0007390983000739098	0	uniform control	0
Pillai proportions A1	60	1353	0.04878048780487805	0.008869179600886918	0.0007390983000739098	0	uniform control	0
Pillai proportions A1	61	1353	0.04065040650406504	0.010347376201034738	0.0022172949002217295	0	uniform control	0
Pillai proportions A1	62	1353	0.05543237250554324	0.012564671101256468	0.0	0	uniform control	0
Pillai proportions A1	63	1353	0.05025868440502587	0.0066518847006651885	0.0	0	uniform control	0
maximum-coordinate F ILR A1	32	1353	0.05321507760532151	0.011825572801182557	0.0007390983000739098	0	uniform control	0
maximum-coordinate F ILR A1	33	1353	0.06208425720620843	0.008869179600886918	0.0014781966001478197	0	uniform control	0
maximum-coordinate F ILR A1	34	1353	0.04951958610495196	0.009608277900960829	0.0007390983000739098	0	uniform control	0
maximum-coordinate F ILR A1	35	1353	0.04804138950480414	0.011086474501108648	0.0022172949002217295	0	uniform control	0
maximum-coordinate F ILR A1	36	1353	0.04065040650406504	0.007390983000739098	0.0014781966001478197	0	uniform control	0
maximum-coordinate F ILR A1	37	1353	0.04730229120473023	0.008130081300813009	0.0007390983000739098	0	uniform control	0
maximum-coordinate F ILR A1	38	1353	0.0450849963045085	0.011825572801182557	0.0014781966001478197	0	uniform control	0
maximum-coordinate F ILR A1	39	1353	0.05395417590539542	0.009608277900960829	0.0	0	uniform control	0
maximum-coordinate F ILR A1	40	1353	0.050997782705099776	0.011825572801182557	0.0007390983000739098	0	uniform control	0
maximum-coordinate F ILR A1	41	1353	0.05469327420546933	0.009608277900960829	0.0007390983000739098	0	uniform control	0
maximum-coordinate F ILR A1	42	1353	0.04656319290465632	0.008869179600886918	0.0007390983000739098	0	uniform control	0
maximum-coordinate F ILR A1	43	1353	0.05543237250554324	0.013303769401330377	0.0007390983000739098	0	uniform control	0
maximum-coordinate F ILR A1	44	1353	0.058388765705838876	0.008130081300813009	0.0007390983000739098	0	uniform control	0
maximum-coordinate F ILR A1	45	1353	0.05321507760532151	0.010347376201034738	0.0007390983000739098	0	uniform control	0
maximum-coordinate F ILR A1	46	1353	0.04951958610495196	0.008869179600886918	0.0014781966001478197	0	uniform control	0
maximum-coordinate F ILR A1	47	1353	0.04730229120473023	0.008130081300813009	0.0014781966001478197	0	uniform control	0
maximum-coordinate F ILR A1	48	1353	0.05395417590539542	0.008130081300813009	0.0022172949002217295	0	uniform control	0
maximum-coordinate F ILR A1	49	1353	0.04804138950480414	0.008130081300813009	0.0007390983000739098	0	uniform control	0
maximum-coordinate F ILR A1	50	1353	0.03991130820399113	0.011086474501108648	0.0014781966001478197	0	uniform control	0
maximum-coordinate F ILR A1	51	1353	0.058388765705838876	0.010347376201034738	0.0	0	uniform control	0
maximum-coordinate F ILR A1	52	1353	0.05617147080561715	0.011086474501108648	0.0014781966001478197	0	uniform control	0
maximum-coordinate F ILR A1	53	1353	0.050997782705099776	0.011086474501108648	0.0014781966001478197	0	uniform control	0
maximum-coordinate F ILR A1	54	1353	0.05395417590539542	0.011825572801182557	0.0014781966001478197	0	uniform control	0
maximum-coordinate F ILR A1	55	1353	0.04656319290465632	0.010347376201034738	0.0	0	uniform control	0
maximum-coordinate F ILR A1	56	1353	0.0524759793052476	0.007390983000739098	0.0007390983000739098	0	uniform control	0
maximum-coordinate F ILR A1	57	1353	0.0524759793052476	0.011825572801182557	0.0022172949002217295	0	uniform control	0
maximum-coordinate F ILR A1	58	1353	0.03991130820399113	0.008869179600886918	0.0014781966001478197	0	uniform control	0
maximum-coordinate F ILR A1	59	1353	0.04212860310421286	0.010347376201034738	0.0014781966001478197	0	uniform control	0
maximum-coordinate F ILR A1	60	1353	0.04878048780487805	0.010347376201034738	0.0014781966001478197	0	uniform control	0
maximum-coordinate F ILR A1	61	1353	0.04360679970436068	0.008130081300813009	0.0007390983000739098	0	uniform control	0
maximum-coordinate F ILR A1	62	1353	0.057649667405764965	0.010347376201034738	0.0007390983000739098	0	uniform control	0
maximum-coordinate F ILR A1	63	1353	0.04878048780487805	0.004434589800443459	0.0	0	uniform control	0
maximum-coordinate F ILR A32	32	1353	0.05617147080561715	0.013303769401330377	0.0014781966001478197	0	uniform control	0
maximum-coordinate F ILR A32	33	1353	0.05321507760532151	0.012564671101256468	0.0029563932002956393	0	uniform control	0
maximum-coordinate F ILR A32	34	1353	0.04804138950480414	0.010347376201034738	0.0007390983000739098	0	uniform control	0
maximum-coordinate F ILR A32	35	1353	0.05395417590539542	0.013303769401330377	0.0029563932002956393	0	uniform control	0
maximum-coordinate F ILR A32	36	1353	0.04360679970436068	0.008130081300813009	0.0	0	uniform control	0
maximum-coordinate F ILR A32	37	1353	0.04582409460458241	0.010347376201034738	0.0022172949002217295	0	uniform control	0
maximum-coordinate F ILR A32	38	1353	0.05025868440502587	0.008130081300813009	0.0	0	uniform control	0
maximum-coordinate F ILR A32	39	1353	0.058388765705838876	0.008869179600886918	0.0014781966001478197	0	uniform control	0
maximum-coordinate F ILR A32	40	1353	0.04360679970436068	0.011825572801182557	0.0014781966001478197	0	uniform control	0
maximum-coordinate F ILR A32	41	1353	0.04656319290465632	0.008130081300813009	0.0	0	uniform control	0
maximum-coordinate F ILR A32	42	1353	0.04804138950480414	0.012564671101256468	0.0007390983000739098	0	uniform control	0
maximum-coordinate F ILR A32	43	1353	0.06060606060606061	0.011086474501108648	0.0	0	uniform control	0
maximum-coordinate F ILR A32	44	1353	0.05469327420546933	0.005912786400591279	0.0007390983000739098	0	uniform control	0
maximum-coordinate F ILR A32	45	1353	0.05469327420546933	0.008130081300813009	0.0	0	uniform control	0
maximum-coordinate F ILR A32	46	1353	0.04730229120473023	0.007390983000739098	0.0007390983000739098	0	uniform control	0
maximum-coordinate F ILR A32	47	1353	0.05025868440502587	0.004434589800443459	0.0	0	uniform control	0
maximum-coordinate F ILR A32	48	1353	0.05469327420546933	0.009608277900960829	0.0	0	uniform control	0
maximum-coordinate F ILR A32	49	1353	0.04804138950480414	0.013303769401330377	0.0014781966001478197	0	uniform control	0
maximum-coordinate F ILR A32	50	1353	0.04878048780487805	0.012564671101256468	0.0	0	uniform control	0
maximum-coordinate F ILR A32	51	1353	0.06060606060606061	0.011825572801182557	0.0	0	uniform control	0
maximum-coordinate F ILR A32	52	1353	0.057649667405764965	0.009608277900960829	0.0007390983000739098	0	uniform control	0
maximum-coordinate F ILR A32	53	1353	0.04656319290465632	0.014781966001478197	0.0014781966001478197	0	uniform control	0
maximum-coordinate F ILR A32	54	1353	0.04878048780487805	0.010347376201034738	0.0014781966001478197	0	uniform control	0
maximum-coordinate F ILR A32	55	1353	0.04286770140428677	0.011825572801182557	0.0007390983000739098	0	uniform control	0
maximum-coordinate F ILR A32	56	1353	0.04582409460458241	0.008869179600886918	0.0007390983000739098	0	uniform control	0
maximum-coordinate F ILR A32	57	1353	0.05025868440502587	0.014042867701404288	0.0022172949002217295	0	uniform control	0
maximum-coordinate F ILR A32	58	1353	0.050997782705099776	0.012564671101256468	0.0	0	uniform control	0
maximum-coordinate F ILR A32	59	1353	0.04804138950480414	0.011086474501108648	0.0007390983000739098	0	uniform control	0
maximum-coordinate F ILR A32	60	1353	0.0598669623059867	0.013303769401330377	0.0022172949002217295	0	uniform control	0
maximum-coordinate F ILR A32	61	1353	0.03695491500369549	0.005912786400591279	0.0	0	uniform control	0
maximum-coordinate F ILR A32	62	1353	0.06356245380635625	0.013303769401330377	0.0014781966001478197	0	uniform control	0
maximum-coordinate F ILR A32	63	1353	0.04804138950480414	0.005912786400591279	0.0007390983000739098	0	uniform control	0
maximum-coordinate F proportions A1	32	1353	0.0524759793052476	0.011086474501108648	0.0	0	uniform control	0
maximum-coordinate F proportions A1	33	1353	0.05395417590539542	0.008869179600886918	0.0029563932002956393	0	uniform control	0
maximum-coordinate F proportions A1	34	1353	0.050997782705099776	0.008130081300813009	0.0007390983000739098	0	uniform control	0
maximum-coordinate F proportions A1	35	1353	0.05469327420546933	0.012564671101256468	0.0007390983000739098	0	uniform control	0
maximum-coordinate F proportions A1	36	1353	0.04065040650406504	0.005912786400591279	0.0014781966001478197	0	uniform control	0
maximum-coordinate F proportions A1	37	1353	0.04656319290465632	0.008130081300813009	0.0	0	uniform control	0
maximum-coordinate F proportions A1	38	1353	0.04804138950480414	0.013303769401330377	0.0007390983000739098	0	uniform control	0
maximum-coordinate F proportions A1	39	1353	0.051736881005173686	0.008869179600886918	0.0007390983000739098	0	uniform control	0
maximum-coordinate F proportions A1	40	1353	0.05543237250554324	0.008130081300813009	0.0007390983000739098	0	uniform control	0
maximum-coordinate F proportions A1	41	1353	0.051736881005173686	0.009608277900960829	0.0007390983000739098	0	uniform control	0
maximum-coordinate F proportions A1	42	1353	0.05025868440502587	0.008869179600886918	0.0007390983000739098	0	uniform control	0
maximum-coordinate F proportions A1	43	1353	0.056910569105691054	0.014042867701404288	0.0014781966001478197	0	uniform control	0
maximum-coordinate F proportions A1	44	1353	0.056910569105691054	0.008130081300813009	0.0007390983000739098	0	uniform control	0
maximum-coordinate F proportions A1	45	1353	0.04730229120473023	0.011086474501108648	0.0014781966001478197	0	uniform control	0
maximum-coordinate F proportions A1	46	1353	0.04656319290465632	0.008130081300813009	0.0014781966001478197	0	uniform control	0
maximum-coordinate F proportions A1	47	1353	0.04878048780487805	0.008869179600886918	0.0014781966001478197	0	uniform control	0
maximum-coordinate F proportions A1	48	1353	0.05469327420546933	0.008869179600886918	0.0014781966001478197	0	uniform control	0
maximum-coordinate F proportions A1	49	1353	0.04804138950480414	0.007390983000739098	0.0	0	uniform control	0
maximum-coordinate F proportions A1	50	1353	0.04582409460458241	0.012564671101256468	0.0014781966001478197	0	uniform control	0
maximum-coordinate F proportions A1	51	1353	0.057649667405764965	0.012564671101256468	0.0007390983000739098	0	uniform control	0
maximum-coordinate F proportions A1	52	1353	0.05321507760532151	0.011086474501108648	0.0007390983000739098	0	uniform control	0
maximum-coordinate F proportions A1	53	1353	0.05321507760532151	0.011086474501108648	0.0007390983000739098	0	uniform control	0
maximum-coordinate F proportions A1	54	1353	0.04065040650406504	0.004434589800443459	0.0029563932002956393	0	uniform control	0
maximum-coordinate F proportions A1	55	1353	0.03695491500369549	0.005173688100517369	0.0007390983000739098	0	uniform control	0
maximum-coordinate F proportions A1	56	1353	0.04804138950480414	0.007390983000739098	0.0	0	uniform control	0
maximum-coordinate F proportions A1	57	1353	0.050997782705099776	0.007390983000739098	0.0007390983000739098	0	uniform control	0
maximum-coordinate F proportions A1	58	1353	0.04212860310421286	0.014042867701404288	0.0014781966001478197	0	uniform control	0
maximum-coordinate F proportions A1	59	1353	0.04434589800443459	0.004434589800443459	0.0	0	uniform control	0
maximum-coordinate F proportions A1	60	1353	0.04878048780487805	0.011825572801182557	0.0007390983000739098	0	uniform control	0
maximum-coordinate F proportions A1	61	1353	0.04212860310421286	0.005912786400591279	0.0022172949002217295	0	uniform control	0
maximum-coordinate F proportions A1	62	1353	0.05395417590539542	0.011825572801182557	0.0	0	uniform control	0
maximum-coordinate F proportions A1	63	1353	0.04804138950480414	0.009608277900960829	0.0	0	uniform control	0
null-variance Wald A32	32	1353	0.051736881005173686	0.011086474501108648	0.0007390983000739098	0	uniform control	0
null-variance Wald A32	33	1353	0.05395417590539542	0.014042867701404288	0.003695491500369549	0	uniform control	0
null-variance Wald A32	34	1353	0.050997782705099776	0.012564671101256468	0.0022172949002217295	0	uniform control	0
null-variance Wald A32	35	1353	0.04951958610495196	0.011086474501108648	0.0022172949002217295	0	uniform control	0
null-variance Wald A32	36	1353	0.04951958610495196	0.008869179600886918	0.0	0	uniform control	0
null-variance Wald A32	37	1353	0.04730229120473023	0.010347376201034738	0.0014781966001478197	0	uniform control	0
null-variance Wald A32	38	1353	0.04804138950480414	0.008130081300813009	0.0	0	uniform control	0
null-variance Wald A32	39	1353	0.0598669623059867	0.011086474501108648	0.0007390983000739098	0	uniform control	0
null-variance Wald A32	40	1353	0.04434589800443459	0.009608277900960829	0.0007390983000739098	0	uniform control	0
null-variance Wald A32	41	1353	0.0524759793052476	0.008130081300813009	0.0014781966001478197	0	uniform control	0
null-variance Wald A32	42	1353	0.05025868440502587	0.011086474501108648	0.0022172949002217295	0	uniform control	0
null-variance Wald A32	43	1353	0.06430155210643015	0.007390983000739098	0.0022172949002217295	0	uniform control	0
null-variance Wald A32	44	1353	0.05321507760532151	0.011086474501108648	0.0	0	uniform control	0
null-variance Wald A32	45	1353	0.056910569105691054	0.005173688100517369	0.0007390983000739098	0	uniform control	0
null-variance Wald A32	46	1353	0.0450849963045085	0.008130081300813009	0.0007390983000739098	0	uniform control	0
null-variance Wald A32	47	1353	0.04804138950480414	0.008869179600886918	0.0007390983000739098	0	uniform control	0
null-variance Wald A32	48	1353	0.05025868440502587	0.008130081300813009	0.0022172949002217295	0	uniform control	0
null-variance Wald A32	49	1353	0.04582409460458241	0.013303769401330377	0.0014781966001478197	0	uniform control	0
null-variance Wald A32	50	1353	0.04804138950480414	0.009608277900960829	0.0029563932002956393	0	uniform control	0
null-variance Wald A32	51	1353	0.058388765705838876	0.012564671101256468	0.0014781966001478197	0	uniform control	0
null-variance Wald A32	52	1353	0.05469327420546933	0.009608277900960829	0.0007390983000739098	0	uniform control	0
null-variance Wald A32	53	1353	0.04878048780487805	0.011825572801182557	0.0014781966001478197	0	uniform control	0
null-variance Wald A32	54	1353	0.04804138950480414	0.008130081300813009	0.0014781966001478197	0	uniform control	0
null-variance Wald A32	55	1353	0.0450849963045085	0.011086474501108648	0.0	0	uniform control	0
null-variance Wald A32	56	1353	0.04360679970436068	0.005912786400591279	0.0	0	uniform control	0
null-variance Wald A32	57	1353	0.05321507760532151	0.013303769401330377	0.0007390983000739098	0	uniform control	0
null-variance Wald A32	58	1353	0.04730229120473023	0.010347376201034738	0.0	0	uniform control	0
null-variance Wald A32	59	1353	0.04730229120473023	0.010347376201034738	0.0	0	uniform control	0
null-variance Wald A32	60	1353	0.0524759793052476	0.009608277900960829	0.0022172949002217295	0	uniform control	0
null-variance Wald A32	61	1353	0.03917220990391722	0.007390983000739098	0.0007390983000739098	0	uniform control	0
null-variance Wald A32	62	1353	0.06430155210643015	0.015521064301552107	0.0007390983000739098	0	uniform control	0
null-variance Wald A32	63	1353	0.050997782705099776	0.009608277900960829	0.0007390983000739098	0	uniform control	0
trace F ILR A1	32	1353	0.050997782705099776	0.011825572801182557	0.0007390983000739098	0	uniform control	0
trace F ILR A1	33	1353	0.056910569105691054	0.015521064301552107	0.0029563932002956393	0	uniform control	0
trace F ILR A1	34	1353	0.05025868440502587	0.008130081300813009	0.0	0	uniform control	0
trace F ILR A1	35	1353	0.04730229120473023	0.014781966001478197	0.0022172949002217295	0	uniform control	0
trace F ILR A1	36	1353	0.03917220990391722	0.007390983000739098	0.0007390983000739098	0	uniform control	0
trace F ILR A1	37	1353	0.0450849963045085	0.005912786400591279	0.0014781966001478197	0	uniform control	0
trace F ILR A1	38	1353	0.0450849963045085	0.012564671101256468	0.0007390983000739098	0	uniform control	0
trace F ILR A1	39	1353	0.04878048780487805	0.011086474501108648	0.0014781966001478197	0	uniform control	0
trace F ILR A1	40	1353	0.0524759793052476	0.011825572801182557	0.0007390983000739098	0	uniform control	0
trace F ILR A1	41	1353	0.05469327420546933	0.0066518847006651885	0.0	0	uniform control	0
trace F ILR A1	42	1353	0.04582409460458241	0.008869179600886918	0.0014781966001478197	0	uniform control	0
trace F ILR A1	43	1353	0.05321507760532151	0.011086474501108648	0.0007390983000739098	0	uniform control	0
trace F ILR A1	44	1353	0.058388765705838876	0.007390983000739098	0.0007390983000739098	0	uniform control	0
trace F ILR A1	45	1353	0.050997782705099776	0.009608277900960829	0.0014781966001478197	0	uniform control	0
trace F ILR A1	46	1353	0.050997782705099776	0.008130081300813009	0.0014781966001478197	0	uniform control	0
trace F ILR A1	47	1353	0.04656319290465632	0.0066518847006651885	0.0014781966001478197	0	uniform control	0
trace F ILR A1	48	1353	0.059127864005912786	0.008130081300813009	0.0014781966001478197	0	uniform control	0
trace F ILR A1	49	1353	0.04212860310421286	0.008130081300813009	0.0014781966001478197	0	uniform control	0
trace F ILR A1	50	1353	0.04360679970436068	0.009608277900960829	0.0014781966001478197	0	uniform control	0
trace F ILR A1	51	1353	0.05321507760532151	0.013303769401330377	0.0007390983000739098	0	uniform control	0
trace F ILR A1	52	1353	0.05469327420546933	0.010347376201034738	0.0022172949002217295	0	uniform control	0
trace F ILR A1	53	1353	0.04582409460458241	0.008869179600886918	0.0007390983000739098	0	uniform control	0
trace F ILR A1	54	1353	0.051736881005173686	0.008869179600886918	0.0022172949002217295	0	uniform control	0
trace F ILR A1	55	1353	0.04434589800443459	0.008130081300813009	0.0	0	uniform control	0
trace F ILR A1	56	1353	0.04878048780487805	0.008869179600886918	0.0007390983000739098	0	uniform control	0
trace F ILR A1	57	1353	0.051736881005173686	0.011086474501108648	0.0022172949002217295	0	uniform control	0
trace F ILR A1	58	1353	0.04286770140428677	0.008130081300813009	0.0007390983000739098	0	uniform control	0
trace F ILR A1	59	1353	0.04286770140428677	0.005912786400591279	0.0007390983000739098	0	uniform control	0
trace F ILR A1	60	1353	0.04582409460458241	0.014042867701404288	0.0014781966001478197	0	uniform control	0
trace F ILR A1	61	1353	0.04360679970436068	0.005912786400591279	0.0007390983000739098	0	uniform control	0
trace F ILR A1	62	1353	0.05395417590539542	0.011086474501108648	0.0014781966001478197	0	uniform control	0
trace F ILR A1	63	1353	0.05025868440502587	0.005912786400591279	0.0	0	uniform control	0
trace F ILR A32	32	1353	0.0524759793052476	0.012564671101256468	0.0014781966001478197	0	uniform control	0
trace F ILR A32	33	1353	0.05469327420546933	0.014042867701404288	0.003695491500369549	0	uniform control	0
trace F ILR A32	34	1353	0.04730229120473023	0.011086474501108648	0.0022172949002217295	0	uniform control	0
trace F ILR A32	35	1353	0.050997782705099776	0.011825572801182557	0.0029563932002956393	0	uniform control	0
trace F ILR A32	36	1353	0.0450849963045085	0.010347376201034738	0.0	0	uniform control	0
trace F ILR A32	37	1353	0.05025868440502587	0.009608277900960829	0.0022172949002217295	0	uniform control	0
trace F ILR A32	38	1353	0.04804138950480414	0.005912786400591279	0.0	0	uniform control	0
trace F ILR A32	39	1353	0.06356245380635625	0.010347376201034738	0.0022172949002217295	0	uniform control	0
trace F ILR A32	40	1353	0.04656319290465632	0.011825572801182557	0.0007390983000739098	0	uniform control	0
trace F ILR A32	41	1353	0.0524759793052476	0.008869179600886918	0.0	0	uniform control	0
trace F ILR A32	42	1353	0.05321507760532151	0.011086474501108648	0.0007390983000739098	0	uniform control	0
trace F ILR A32	43	1353	0.06208425720620843	0.014042867701404288	0.0014781966001478197	0	uniform control	0
trace F ILR A32	44	1353	0.057649667405764965	0.009608277900960829	0.0007390983000739098	0	uniform control	0
trace F ILR A32	45	1353	0.05321507760532151	0.009608277900960829	0.0	0	uniform control	0
trace F ILR A32	46	1353	0.04878048780487805	0.008869179600886918	0.0014781966001478197	0	uniform control	0
trace F ILR A32	47	1353	0.04582409460458241	0.005912786400591279	0.0007390983000739098	0	uniform control	0
trace F ILR A32	48	1353	0.0524759793052476	0.008869179600886918	0.0007390983000739098	0	uniform control	0
trace F ILR A32	49	1353	0.0450849963045085	0.015521064301552107	0.0029563932002956393	0	uniform control	0
trace F ILR A32	50	1353	0.050997782705099776	0.013303769401330377	0.0007390983000739098	0	uniform control	0
trace F ILR A32	51	1353	0.0598669623059867	0.011086474501108648	0.0022172949002217295	0	uniform control	0
trace F ILR A32	52	1353	0.05543237250554324	0.011825572801182557	0.0014781966001478197	0	uniform control	0
trace F ILR A32	53	1353	0.04804138950480414	0.013303769401330377	0.0007390983000739098	0	uniform control	0
trace F ILR A32	54	1353	0.04878048780487805	0.008130081300813009	0.0014781966001478197	0	uniform control	0
trace F ILR A32	55	1353	0.0450849963045085	0.010347376201034738	0.0007390983000739098	0	uniform control	0
trace F ILR A32	56	1353	0.04582409460458241	0.0066518847006651885	0.0	0	uniform control	0
trace F ILR A32	57	1353	0.0524759793052476	0.015521064301552107	0.0022172949002217295	0	uniform control	0
trace F ILR A32	58	1353	0.04951958610495196	0.010347376201034738	0.0	0	uniform control	0
trace F ILR A32	59	1353	0.04286770140428677	0.012564671101256468	0.0	0	uniform control	0
trace F ILR A32	60	1353	0.05025868440502587	0.011825572801182557	0.003695491500369549	0	uniform control	0
trace F ILR A32	61	1353	0.03917220990391722	0.005912786400591279	0.0	0	uniform control	0
trace F ILR A32	62	1353	0.06651884700665188	0.018477457501847747	0.0022172949002217295	0	uniform control	0
trace F ILR A32	63	1353	0.04951958610495196	0.008869179600886918	0.0007390983000739098	0	uniform control	0
trace F proportions A1	32	1353	0.04878048780487805	0.010347376201034738	0.0	0	uniform control	0
trace F proportions A1	33	1353	0.051736881005173686	0.008869179600886918	0.003695491500369549	0	uniform control	0
trace F proportions A1	34	1353	0.0450849963045085	0.007390983000739098	0.0014781966001478197	0	uniform control	0
trace F proportions A1	35	1353	0.05469327420546933	0.017738359201773836	0.0014781966001478197	0	uniform control	0
trace F proportions A1	36	1353	0.04212860310421286	0.007390983000739098	0.0	0	uniform control	0
trace F proportions A1	37	1353	0.04582409460458241	0.005912786400591279	0.0	0	uniform control	0
trace F proportions A1	38	1353	0.04804138950480414	0.015521064301552107	0.0007390983000739098	0	uniform control	0
trace F proportions A1	39	1353	0.050997782705099776	0.013303769401330377	0.0014781966001478197	0	uniform control	0
trace F proportions A1	40	1353	0.05469327420546933	0.0066518847006651885	0.0	0	uniform control	0
trace F proportions A1	41	1353	0.05321507760532151	0.007390983000739098	0.0014781966001478197	0	uniform control	0
trace F proportions A1	42	1353	0.04656319290465632	0.0066518847006651885	0.0014781966001478197	0	uniform control	0
trace F proportions A1	43	1353	0.0524759793052476	0.012564671101256468	0.0022172949002217295	0	uniform control	0
trace F proportions A1	44	1353	0.057649667405764965	0.008869179600886918	0.0	0	uniform control	0
trace F proportions A1	45	1353	0.04434589800443459	0.013303769401330377	0.0014781966001478197	0	uniform control	0
trace F proportions A1	46	1353	0.04582409460458241	0.007390983000739098	0.0014781966001478197	0	uniform control	0
trace F proportions A1	47	1353	0.050997782705099776	0.009608277900960829	0.0022172949002217295	0	uniform control	0
trace F proportions A1	48	1353	0.05321507760532151	0.010347376201034738	0.0007390983000739098	0	uniform control	0
trace F proportions A1	49	1353	0.04286770140428677	0.008130081300813009	0.0014781966001478197	0	uniform control	0
trace F proportions A1	50	1353	0.04434589800443459	0.009608277900960829	0.0014781966001478197	0	uniform control	0
trace F proportions A1	51	1353	0.05469327420546933	0.014042867701404288	0.0014781966001478197	0	uniform control	0
trace F proportions A1	52	1353	0.057649667405764965	0.014781966001478197	0.0014781966001478197	0	uniform control	0
trace F proportions A1	53	1353	0.0524759793052476	0.013303769401330377	0.0007390983000739098	0	uniform control	0
trace F proportions A1	54	1353	0.04434589800443459	0.004434589800443459	0.0022172949002217295	0	uniform control	0
trace F proportions A1	55	1353	0.04434589800443459	0.008869179600886918	0.0014781966001478197	0	uniform control	0
trace F proportions A1	56	1353	0.04582409460458241	0.005912786400591279	0.0014781966001478197	0	uniform control	0
trace F proportions A1	57	1353	0.04730229120473023	0.008869179600886918	0.0014781966001478197	0	uniform control	0
trace F proportions A1	58	1353	0.04138950480413895	0.010347376201034738	0.0014781966001478197	0	uniform control	0
trace F proportions A1	59	1353	0.04212860310421286	0.007390983000739098	0.0	0	uniform control	0
trace F proportions A1	60	1353	0.04878048780487805	0.011825572801182557	0.0029563932002956393	0	uniform control	0
trace F proportions A1	61	1353	0.03695491500369549	0.008869179600886918	0.0014781966001478197	0	uniform control	0
trace F proportions A1	62	1353	0.057649667405764965	0.013303769401330377	0.0007390983000739098	0	uniform control	0
trace F proportions A1	63	1353	0.04730229120473023	0.008130081300813009	0.0014781966001478197	0	uniform control	0
subject-score wild omnibus D1	32	1045	0.06220095693779904	0.010526315789473684	0.0019138755980861245	0	score	1
subject-score wild omnibus D1	33	1045	0.042105263157894736	0.005741626794258373	0.0	0	score	1
subject-score wild omnibus D1	34	1045	0.0430622009569378	0.007655502392344498	0.0	0	score	1
subject-score wild omnibus D1	35	1045	0.06698564593301436	0.011483253588516746	0.0009569377990430622	0	score	1
subject-score wild omnibus D1	36	1045	0.04401913875598086	0.011483253588516746	0.0019138755980861245	0	score	1
subject-score wild omnibus D1	37	1045	0.05071770334928229	0.009569377990430622	0.0019138755980861245	0	score	1
subject-score wild omnibus D1	38	1045	0.05645933014354067	0.007655502392344498	0.0009569377990430622	0	score	1
subject-score wild omnibus D1	39	1045	0.04784688995215311	0.003827751196172249	0.0	0	score	1
subject-score wild omnibus D1	40	1045	0.04784688995215311	0.005741626794258373	0.0	0	score	1
subject-score wild omnibus D1	41	1045	0.05071770334928229	0.012440191387559809	0.0	0	score	1
subject-score wild omnibus D1	42	1045	0.03253588516746411	0.003827751196172249	0.0	0	score	1
subject-score wild omnibus D1	43	1045	0.0430622009569378	0.007655502392344498	0.0	0	score	1
subject-score wild omnibus D1	44	1045	0.05167464114832536	0.009569377990430622	0.0009569377990430622	0	score	1
subject-score wild omnibus D1	45	1045	0.04019138755980861	0.004784688995215311	0.0009569377990430622	0	score	1
subject-score wild omnibus D1	46	1045	0.0430622009569378	0.004784688995215311	0.0	0	score	1
subject-score wild omnibus D1	47	1045	0.053588516746411484	0.00861244019138756	0.0019138755980861245	0	score	1
subject-score wild omnibus D1	48	1045	0.049760765550239235	0.0066985645933014355	0.0	0	score	1
subject-score wild omnibus D1	49	1045	0.06124401913875598	0.00861244019138756	0.0	0	score	1
subject-score wild omnibus D1	50	1045	0.05741626794258373	0.009569377990430622	0.0009569377990430622	0	score	1
subject-score wild omnibus D1	51	1045	0.05263157894736842	0.00861244019138756	0.0009569377990430622	0	score	1
subject-score wild omnibus D1	52	1045	0.042105263157894736	0.010526315789473684	0.0028708133971291866	0	score	1
subject-score wild omnibus D1	53	1045	0.05741626794258373	0.014354066985645933	0.0009569377990430622	0	score	1
subject-score wild omnibus D1	54	1045	0.05837320574162679	0.00861244019138756	0.0009569377990430622	0	score	1
subject-score wild omnibus D1	55	1045	0.04019138755980861	0.005741626794258373	0.0	0	score	1
subject-score wild omnibus D1	56	1045	0.05167464114832536	0.010526315789473684	0.0009569377990430622	0	score	1
subject-score wild omnibus D1	57	1045	0.04401913875598086	0.007655502392344498	0.0	0	score	1
subject-score wild omnibus D1	58	1045	0.04688995215311005	0.007655502392344498	0.0	0	score	1
subject-score wild omnibus D1	59	1045	0.0430622009569378	0.0066985645933014355	0.0009569377990430622	0	score	1
subject-score wild omnibus D1	60	1045	0.045933014354066985	0.005741626794258373	0.0009569377990430622	0	score	1
subject-score wild omnibus D1	61	1045	0.0354066985645933	0.004784688995215311	0.0	0	score	1
subject-score wild omnibus D1	62	1045	0.05550239234449761	0.010526315789473684	0.0	0	score	1
subject-score wild omnibus D1	63	1045	0.04019138755980861	0.009569377990430622	0.0009569377990430622	0	score	1
subject-score wild omnibus D32	32	1045	0.05550239234449761	0.011483253588516746	0.0009569377990430622	0	score	1
subject-score wild omnibus D32	33	1045	0.03827751196172249	0.00861244019138756	0.0	0	score	1
subject-score wild omnibus D32	34	1045	0.044976076555023926	0.007655502392344498	0.0	0	score	1
subject-score wild omnibus D32	35	1045	0.06411483253588517	0.01818181818181818	0.0009569377990430622	0	score	1
subject-score wild omnibus D32	36	1045	0.05071770334928229	0.011483253588516746	0.0019138755980861245	0	score	1
subject-score wild omnibus D32	37	1045	0.05263157894736842	0.011483253588516746	0.0028708133971291866	0	score	1
subject-score wild omnibus D32	38	1045	0.05167464114832536	0.007655502392344498	0.0	0	score	1
subject-score wild omnibus D32	39	1045	0.042105263157894736	0.003827751196172249	0.0	0	score	1
subject-score wild omnibus D32	40	1045	0.05071770334928229	0.00861244019138756	0.0	0	score	1
subject-score wild omnibus D32	41	1045	0.05167464114832536	0.012440191387559809	0.0	0	score	1
subject-score wild omnibus D32	42	1045	0.03732057416267943	0.0028708133971291866	0.0	0	score	1
subject-score wild omnibus D32	43	1045	0.04019138755980861	0.009569377990430622	0.0	0	score	1
subject-score wild omnibus D32	44	1045	0.05741626794258373	0.013397129186602871	0.0019138755980861245	0	score	1
subject-score wild omnibus D32	45	1045	0.03827751196172249	0.00861244019138756	0.0009569377990430622	0	score	1
subject-score wild omnibus D32	46	1045	0.042105263157894736	0.003827751196172249	0.0	0	score	1
subject-score wild omnibus D32	47	1045	0.05454545454545454	0.015311004784688996	0.0028708133971291866	0	score	1
subject-score wild omnibus D32	48	1045	0.05167464114832536	0.007655502392344498	0.0009569377990430622	0	score	1
subject-score wild omnibus D32	49	1045	0.05933014354066986	0.0066985645933014355	0.0	0	score	1
subject-score wild omnibus D32	50	1045	0.05550239234449761	0.011483253588516746	0.0009569377990430622	0	score	1
subject-score wild omnibus D32	51	1045	0.05645933014354067	0.0066985645933014355	0.0019138755980861245	0	score	1
subject-score wild omnibus D32	52	1045	0.04401913875598086	0.011483253588516746	0.0019138755980861245	0	score	1
subject-score wild omnibus D32	53	1045	0.04784688995215311	0.012440191387559809	0.0009569377990430622	0	score	1
subject-score wild omnibus D32	54	1045	0.053588516746411484	0.0066985645933014355	0.0009569377990430622	0	score	1
subject-score wild omnibus D32	55	1045	0.04401913875598086	0.003827751196172249	0.0	0	score	1
subject-score wild omnibus D32	56	1045	0.05263157894736842	0.009569377990430622	0.0009569377990430622	0	score	1
subject-score wild omnibus D32	57	1045	0.049760765550239235	0.009569377990430622	0.0	0	score	1
subject-score wild omnibus D32	58	1045	0.044976076555023926	0.009569377990430622	0.0	0	score	1
subject-score wild omnibus D32	59	1045	0.045933014354066985	0.009569377990430622	0.0019138755980861245	0	score	1
subject-score wild omnibus D32	60	1045	0.044976076555023926	0.0066985645933014355	0.0019138755980861245	0	score	1
subject-score wild omnibus D32	61	1045	0.03923444976076555	0.00861244019138756	0.0	0	score	1
subject-score wild omnibus D32	62	1045	0.05263157894736842	0.012440191387559809	0.0	0	score	1
subject-score wild omnibus D32	63	1045	0.04114832535885168	0.009569377990430622	0.0	0	score	1
Pillai ILR A1	32	1149	0.04525674499564839	0.011314186248912098	0.0026109660574412533	0	uniform control	1
Pillai ILR A1	33	1149	0.04612706701479547	0.011314186248912098	0.0008703220191470844	0	uniform control	1
Pillai ILR A1	34	1149	0.047867711053089644	0.006962576153176675	0.0017406440382941688	0	uniform control	1
Pillai ILR A1	35	1149	0.04177545691906005	0.009573542210617928	0.0	0	uniform control	1
Pillai ILR A1	36	1149	0.050478677110530897	0.009573542210617928	0.0008703220191470844	0	uniform control	1
Pillai ILR A1	37	1149	0.05221932114882506	0.008703220191470844	0.0026109660574412533	0	uniform control	1
Pillai ILR A1	38	1149	0.05657093124456049	0.010443864229765013	0.0	0	uniform control	1
Pillai ILR A1	39	1149	0.04960835509138381	0.011314186248912098	0.0026109660574412533	0	uniform control	1
Pillai ILR A1	40	1149	0.05657093124456049	0.012184508268059183	0.0	0	uniform control	1
Pillai ILR A1	41	1149	0.04960835509138381	0.009573542210617928	0.0017406440382941688	0	uniform control	1
Pillai ILR A1	42	1149	0.04351610095735422	0.008703220191470844	0.0017406440382941688	0	uniform control	1
Pillai ILR A1	43	1149	0.06005221932114883	0.01392515230635335	0.0017406440382941688	0	uniform control	1
Pillai ILR A1	44	1149	0.04873803307223673	0.013054830287206266	0.0026109660574412533	0	uniform control	1
Pillai ILR A1	45	1149	0.04699738903394256	0.009573542210617928	0.0008703220191470844	0	uniform control	1
Pillai ILR A1	46	1149	0.058311575282854654	0.010443864229765013	0.0008703220191470844	0	uniform control	1
Pillai ILR A1	47	1149	0.05134899912967798	0.005221932114882507	0.0	0	uniform control	1
Pillai ILR A1	48	1149	0.044386422976501305	0.010443864229765013	0.0	0	uniform control	1
Pillai ILR A1	49	1149	0.04525674499564839	0.006962576153176675	0.0	0	uniform control	1
Pillai ILR A1	50	1149	0.040905134899912966	0.009573542210617928	0.0008703220191470844	0	uniform control	1
Pillai ILR A1	51	1149	0.04351610095735422	0.012184508268059183	0.0	0	uniform control	1
Pillai ILR A1	52	1149	0.04960835509138381	0.013054830287206266	0.0008703220191470844	0	uniform control	1
Pillai ILR A1	53	1149	0.04612706701479547	0.013054830287206266	0.0026109660574412533	0	uniform control	1
Pillai ILR A1	54	1149	0.050478677110530897	0.007832898172323759	0.0	0	uniform control	1
Pillai ILR A1	55	1149	0.05308964316797215	0.006962576153176675	0.0017406440382941688	0	uniform control	1
Pillai ILR A1	56	1149	0.04003481288076589	0.007832898172323759	0.0008703220191470844	0	uniform control	1
Pillai ILR A1	57	1149	0.04612706701479547	0.010443864229765013	0.0008703220191470844	0	uniform control	1
Pillai ILR A1	58	1149	0.06005221932114883	0.009573542210617928	0.0	0	uniform control	1
Pillai ILR A1	59	1149	0.057441253263707574	0.01392515230635335	0.0017406440382941688	0	uniform control	1
Pillai ILR A1	60	1149	0.0557006092254134	0.010443864229765013	0.0008703220191470844	0	uniform control	1
Pillai ILR A1	61	1149	0.050478677110530897	0.009573542210617928	0.0	0	uniform control	1
Pillai ILR A1	62	1149	0.04525674499564839	0.010443864229765013	0.0017406440382941688	0	uniform control	1
Pillai ILR A1	63	1149	0.05483028720626632	0.011314186248912098	0.0017406440382941688	0	uniform control	1
Pillai ILR A32	32	1149	0.05308964316797215	0.013054830287206266	0.0	0	uniform control	1
Pillai ILR A32	33	1149	0.050478677110530897	0.011314186248912098	0.0026109660574412533	0	uniform control	1
Pillai ILR A32	34	1149	0.04264577893820714	0.010443864229765013	0.0	0	uniform control	1
Pillai ILR A32	35	1149	0.03742384682332463	0.009573542210617928	0.0008703220191470844	0	uniform control	1
Pillai ILR A32	36	1149	0.06614447345517842	0.011314186248912098	0.0026109660574412533	0	uniform control	1
Pillai ILR A32	37	1149	0.06353350739773717	0.009573542210617928	0.0008703220191470844	0	uniform control	1
Pillai ILR A32	38	1149	0.06005221932114883	0.009573542210617928	0.0008703220191470844	0	uniform control	1
Pillai ILR A32	39	1149	0.047867711053089644	0.006962576153176675	0.0008703220191470844	0	uniform control	1
Pillai ILR A32	40	1149	0.05221932114882506	0.009573542210617928	0.0	0	uniform control	1
Pillai ILR A32	41	1149	0.047867711053089644	0.009573542210617928	0.0008703220191470844	0	uniform control	1
Pillai ILR A32	42	1149	0.04177545691906005	0.009573542210617928	0.0008703220191470844	0	uniform control	1
Pillai ILR A32	43	1149	0.057441253263707574	0.012184508268059183	0.0017406440382941688	0	uniform control	1
Pillai ILR A32	44	1149	0.04699738903394256	0.014795474325500435	0.0034812880765883376	0	uniform control	1
Pillai ILR A32	45	1149	0.04351610095735422	0.006092254134029591	0.0008703220191470844	0	uniform control	1
Pillai ILR A32	46	1149	0.053959965187119235	0.006962576153176675	0.0017406440382941688	0	uniform control	1
Pillai ILR A32	47	1149	0.040905134899912966	0.006092254134029591	0.0008703220191470844	0	uniform control	1
Pillai ILR A32	48	1149	0.050478677110530897	0.01392515230635335	0.0017406440382941688	0	uniform control	1
Pillai ILR A32	49	1149	0.04003481288076589	0.006092254134029591	0.0	0	uniform control	1
Pillai ILR A32	50	1149	0.04351610095735422	0.009573542210617928	0.0008703220191470844	0	uniform control	1
Pillai ILR A32	51	1149	0.05483028720626632	0.011314186248912098	0.0017406440382941688	0	uniform control	1
Pillai ILR A32	52	1149	0.05308964316797215	0.010443864229765013	0.0008703220191470844	0	uniform control	1
Pillai ILR A32	53	1149	0.047867711053089644	0.006962576153176675	0.0008703220191470844	0	uniform control	1
Pillai ILR A32	54	1149	0.047867711053089644	0.008703220191470844	0.0026109660574412533	0	uniform control	1
Pillai ILR A32	55	1149	0.0557006092254134	0.010443864229765013	0.0017406440382941688	0	uniform control	1
Pillai ILR A32	56	1149	0.04264577893820714	0.008703220191470844	0.0026109660574412533	0	uniform control	1
Pillai ILR A32	57	1149	0.04960835509138381	0.013054830287206266	0.0026109660574412533	0	uniform control	1
Pillai ILR A32	58	1149	0.053959965187119235	0.011314186248912098	0.0008703220191470844	0	uniform control	1
Pillai ILR A32	59	1149	0.05134899912967798	0.012184508268059183	0.0008703220191470844	0	uniform control	1
Pillai ILR A32	60	1149	0.0391644908616188	0.010443864229765013	0.0	0	uniform control	1
Pillai ILR A32	61	1149	0.04960835509138381	0.008703220191470844	0.0008703220191470844	0	uniform control	1
Pillai ILR A32	62	1149	0.04003481288076589	0.009573542210617928	0.0008703220191470844	0	uniform control	1
Pillai ILR A32	63	1149	0.047867711053089644	0.009573542210617928	0.0008703220191470844	0	uniform control	1
Pillai proportions A1	32	1149	0.04612706701479547	0.016536118363794605	0.0017406440382941688	0	uniform control	1
Pillai proportions A1	33	1149	0.047867711053089644	0.013054830287206266	0.0026109660574412533	0	uniform control	1
Pillai proportions A1	34	1149	0.04960835509138381	0.004351610095735422	0.0008703220191470844	0	uniform control	1
Pillai proportions A1	35	1149	0.04264577893820714	0.008703220191470844	0.0008703220191470844	0	uniform control	1
Pillai proportions A1	36	1149	0.047867711053089644	0.01392515230635335	0.0008703220191470844	0	uniform control	1
Pillai proportions A1	37	1149	0.04873803307223673	0.010443864229765013	0.0017406440382941688	0	uniform control	1
Pillai proportions A1	38	1149	0.05308964316797215	0.008703220191470844	0.0008703220191470844	0	uniform control	1
Pillai proportions A1	39	1149	0.05483028720626632	0.013054830287206266	0.0017406440382941688	0	uniform control	1
Pillai proportions A1	40	1149	0.05134899912967798	0.014795474325500435	0.0017406440382941688	0	uniform control	1
Pillai proportions A1	41	1149	0.0391644908616188	0.006092254134029591	0.0017406440382941688	0	uniform control	1
Pillai proportions A1	42	1149	0.050478677110530897	0.010443864229765013	0.0017406440382941688	0	uniform control	1
Pillai proportions A1	43	1149	0.057441253263707574	0.017406440382941687	0.0017406440382941688	0	uniform control	1
Pillai proportions A1	44	1149	0.04873803307223673	0.012184508268059183	0.0034812880765883376	0	uniform control	1
Pillai proportions A1	45	1149	0.053959965187119235	0.01392515230635335	0.0017406440382941688	0	uniform control	1
Pillai proportions A1	46	1149	0.047867711053089644	0.01392515230635335	0.0008703220191470844	0	uniform control	1
Pillai proportions A1	47	1149	0.053959965187119235	0.007832898172323759	0.0	0	uniform control	1
Pillai proportions A1	48	1149	0.04264577893820714	0.004351610095735422	0.0008703220191470844	0	uniform control	1
Pillai proportions A1	49	1149	0.04525674499564839	0.010443864229765013	0.0008703220191470844	0	uniform control	1
Pillai proportions A1	50	1149	0.0391644908616188	0.008703220191470844	0.0	0	uniform control	1
Pillai proportions A1	51	1149	0.03568320278503046	0.007832898172323759	0.0008703220191470844	0	uniform control	1
Pillai proportions A1	52	1149	0.057441253263707574	0.016536118363794605	0.0017406440382941688	0	uniform control	1
Pillai proportions A1	53	1149	0.040905134899912966	0.013054830287206266	0.0	0	uniform control	1
Pillai proportions A1	54	1149	0.04612706701479547	0.007832898172323759	0.0	0	uniform control	1
Pillai proportions A1	55	1149	0.050478677110530897	0.006092254134029591	0.0	0	uniform control	1
Pillai proportions A1	56	1149	0.04699738903394256	0.011314186248912098	0.0	0	uniform control	1
Pillai proportions A1	57	1149	0.04612706701479547	0.010443864229765013	0.0	0	uniform control	1
Pillai proportions A1	58	1149	0.05657093124456049	0.009573542210617928	0.0017406440382941688	0	uniform control	1
Pillai proportions A1	59	1149	0.04960835509138381	0.015665796344647518	0.0026109660574412533	0	uniform control	1
Pillai proportions A1	60	1149	0.04264577893820714	0.01392515230635335	0.0017406440382941688	0	uniform control	1
Pillai proportions A1	61	1149	0.04351610095735422	0.005221932114882507	0.0	0	uniform control	1
Pillai proportions A1	62	1149	0.047867711053089644	0.009573542210617928	0.0017406440382941688	0	uniform control	1
Pillai proportions A1	63	1149	0.06005221932114883	0.012184508268059183	0.0026109660574412533	0	uniform control	1
maximum-coordinate F ILR A1	32	1149	0.04264577893820714	0.01392515230635335	0.004351610095735422	0	uniform control	1
maximum-coordinate F ILR A1	33	1149	0.04264577893820714	0.009573542210617928	0.0017406440382941688	0	uniform control	1
maximum-coordinate F ILR A1	34	1149	0.04960835509138381	0.007832898172323759	0.0017406440382941688	0	uniform control	1
maximum-coordinate F ILR A1	35	1149	0.040905134899912966	0.010443864229765013	0.0	0	uniform control	1
maximum-coordinate F ILR A1	36	1149	0.04873803307223673	0.013054830287206266	0.0008703220191470844	0	uniform control	1
maximum-coordinate F ILR A1	37	1149	0.0557006092254134	0.009573542210617928	0.0017406440382941688	0	uniform control	1
maximum-coordinate F ILR A1	38	1149	0.0557006092254134	0.013054830287206266	0.0	0	uniform control	1
maximum-coordinate F ILR A1	39	1149	0.04612706701479547	0.012184508268059183	0.0026109660574412533	0	uniform control	1
maximum-coordinate F ILR A1	40	1149	0.057441253263707574	0.015665796344647518	0.0	0	uniform control	1
maximum-coordinate F ILR A1	41	1149	0.04525674499564839	0.008703220191470844	0.0008703220191470844	0	uniform control	1
maximum-coordinate F ILR A1	42	1149	0.04699738903394256	0.007832898172323759	0.0026109660574412533	0	uniform control	1
maximum-coordinate F ILR A1	43	1149	0.05483028720626632	0.015665796344647518	0.0017406440382941688	0	uniform control	1
maximum-coordinate F ILR A1	44	1149	0.04003481288076589	0.010443864229765013	0.0017406440382941688	0	uniform control	1
maximum-coordinate F ILR A1	45	1149	0.04612706701479547	0.006092254134029591	0.0008703220191470844	0	uniform control	1
maximum-coordinate F ILR A1	46	1149	0.05134899912967798	0.012184508268059183	0.0008703220191470844	0	uniform control	1
maximum-coordinate F ILR A1	47	1149	0.05221932114882506	0.006092254134029591	0.0	0	uniform control	1
maximum-coordinate F ILR A1	48	1149	0.04177545691906005	0.006962576153176675	0.0	0	uniform control	1
maximum-coordinate F ILR A1	49	1149	0.04177545691906005	0.008703220191470844	0.0	0	uniform control	1
maximum-coordinate F ILR A1	50	1149	0.04264577893820714	0.011314186248912098	0.0008703220191470844	0	uniform control	1
maximum-coordinate F ILR A1	51	1149	0.044386422976501305	0.008703220191470844	0.0	0	uniform control	1
maximum-coordinate F ILR A1	52	1149	0.04960835509138381	0.013054830287206266	0.0	0	uniform control	1
maximum-coordinate F ILR A1	53	1149	0.044386422976501305	0.01392515230635335	0.0034812880765883376	0	uniform control	1
maximum-coordinate F ILR A1	54	1149	0.058311575282854654	0.011314186248912098	0.0008703220191470844	0	uniform control	1
maximum-coordinate F ILR A1	55	1149	0.04873803307223673	0.010443864229765013	0.0008703220191470844	0	uniform control	1
maximum-coordinate F ILR A1	56	1149	0.044386422976501305	0.007832898172323759	0.0	0	uniform control	1
maximum-coordinate F ILR A1	57	1149	0.04351610095735422	0.011314186248912098	0.0	0	uniform control	1
maximum-coordinate F ILR A1	58	1149	0.06005221932114883	0.013054830287206266	0.0	0	uniform control	1
maximum-coordinate F ILR A1	59	1149	0.05657093124456049	0.013054830287206266	0.0026109660574412533	0	uniform control	1
maximum-coordinate F ILR A1	60	1149	0.05221932114882506	0.010443864229765013	0.0008703220191470844	0	uniform control	1
maximum-coordinate F ILR A1	61	1149	0.050478677110530897	0.006962576153176675	0.0008703220191470844	0	uniform control	1
maximum-coordinate F ILR A1	62	1149	0.04873803307223673	0.009573542210617928	0.0008703220191470844	0	uniform control	1
maximum-coordinate F ILR A1	63	1149	0.050478677110530897	0.010443864229765013	0.0017406440382941688	0	uniform control	1
maximum-coordinate F ILR A32	32	1149	0.05134899912967798	0.012184508268059183	0.0	0	uniform control	1
maximum-coordinate F ILR A32	33	1149	0.05483028720626632	0.011314186248912098	0.0026109660574412533	0	uniform control	1
maximum-coordinate F ILR A32	34	1149	0.04264577893820714	0.011314186248912098	0.0	0	uniform control	1
maximum-coordinate F ILR A32	35	1149	0.04003481288076589	0.008703220191470844	0.0008703220191470844	0	uniform control	1
maximum-coordinate F ILR A32	36	1149	0.06005221932114883	0.007832898172323759	0.0026109660574412533	0	uniform control	1
maximum-coordinate F ILR A32	37	1149	0.057441253263707574	0.009573542210617928	0.0008703220191470844	0	uniform control	1
maximum-coordinate F ILR A32	38	1149	0.06266318537859007	0.008703220191470844	0.0008703220191470844	0	uniform control	1
maximum-coordinate F ILR A32	39	1149	0.05221932114882506	0.009573542210617928	0.0008703220191470844	0	uniform control	1
maximum-coordinate F ILR A32	40	1149	0.053959965187119235	0.011314186248912098	0.0	0	uniform control	1
maximum-coordinate F ILR A32	41	1149	0.04873803307223673	0.007832898172323759	0.0008703220191470844	0	uniform control	1
maximum-coordinate F ILR A32	42	1149	0.040905134899912966	0.008703220191470844	0.0008703220191470844	0	uniform control	1
maximum-coordinate F ILR A32	43	1149	0.058311575282854654	0.010443864229765013	0.0017406440382941688	0	uniform control	1
maximum-coordinate F ILR A32	44	1149	0.04699738903394256	0.017406440382941687	0.0034812880765883376	0	uniform control	1
maximum-coordinate F ILR A32	45	1149	0.04177545691906005	0.006962576153176675	0.0008703220191470844	0	uniform control	1
maximum-coordinate F ILR A32	46	1149	0.050478677110530897	0.008703220191470844	0.0017406440382941688	0	uniform control	1
maximum-coordinate F ILR A32	47	1149	0.040905134899912966	0.006962576153176675	0.0008703220191470844	0	uniform control	1
maximum-coordinate F ILR A32	48	1149	0.050478677110530897	0.010443864229765013	0.0026109660574412533	0	uniform control	1
maximum-coordinate F ILR A32	49	1149	0.040905134899912966	0.006962576153176675	0.0	0	uniform control	1
maximum-coordinate F ILR A32	50	1149	0.04525674499564839	0.006962576153176675	0.0008703220191470844	0	uniform control	1
maximum-coordinate F ILR A32	51	1149	0.05657093124456049	0.01392515230635335	0.0008703220191470844	0	uniform control	1
maximum-coordinate F ILR A32	52	1149	0.04960835509138381	0.007832898172323759	0.0008703220191470844	0	uniform control	1
maximum-coordinate F ILR A32	53	1149	0.044386422976501305	0.007832898172323759	0.0008703220191470844	0	uniform control	1
maximum-coordinate F ILR A32	54	1149	0.05134899912967798	0.011314186248912098	0.0026109660574412533	0	uniform control	1
maximum-coordinate F ILR A32	55	1149	0.0557006092254134	0.009573542210617928	0.0008703220191470844	0	uniform control	1
maximum-coordinate F ILR A32	56	1149	0.04525674499564839	0.008703220191470844	0.0026109660574412533	0	uniform control	1
maximum-coordinate F ILR A32	57	1149	0.05308964316797215	0.012184508268059183	0.0008703220191470844	0	uniform control	1
maximum-coordinate F ILR A32	58	1149	0.05134899912967798	0.009573542210617928	0.0008703220191470844	0	uniform control	1
maximum-coordinate F ILR A32	59	1149	0.050478677110530897	0.011314186248912098	0.0	0	uniform control	1
maximum-coordinate F ILR A32	60	1149	0.03307223672758921	0.006962576153176675	0.0	0	uniform control	1
maximum-coordinate F ILR A32	61	1149	0.050478677110530897	0.007832898172323759	0.0008703220191470844	0	uniform control	1
maximum-coordinate F ILR A32	62	1149	0.03742384682332463	0.010443864229765013	0.0	0	uniform control	1
maximum-coordinate F ILR A32	63	1149	0.057441253263707574	0.010443864229765013	0.0008703220191470844	0	uniform control	1
maximum-coordinate F proportions A1	32	1149	0.044386422976501305	0.011314186248912098	0.0026109660574412533	0	uniform control	1
maximum-coordinate F proportions A1	33	1149	0.04873803307223673	0.013054830287206266	0.0026109660574412533	0	uniform control	1
maximum-coordinate F proportions A1	34	1149	0.05308964316797215	0.007832898172323759	0.0008703220191470844	0	uniform control	1
maximum-coordinate F proportions A1	35	1149	0.04699738903394256	0.013054830287206266	0.0008703220191470844	0	uniform control	1
maximum-coordinate F proportions A1	36	1149	0.050478677110530897	0.011314186248912098	0.0008703220191470844	0	uniform control	1
maximum-coordinate F proportions A1	37	1149	0.050478677110530897	0.010443864229765013	0.0017406440382941688	0	uniform control	1
maximum-coordinate F proportions A1	38	1149	0.05134899912967798	0.007832898172323759	0.0008703220191470844	0	uniform control	1
maximum-coordinate F proportions A1	39	1149	0.04873803307223673	0.014795474325500435	0.0017406440382941688	0	uniform control	1
maximum-coordinate F proportions A1	40	1149	0.047867711053089644	0.013054830287206266	0.0026109660574412533	0	uniform control	1
maximum-coordinate F proportions A1	41	1149	0.044386422976501305	0.008703220191470844	0.0	0	uniform control	1
maximum-coordinate F proportions A1	42	1149	0.04960835509138381	0.007832898172323759	0.0017406440382941688	0	uniform control	1
maximum-coordinate F proportions A1	43	1149	0.0557006092254134	0.01392515230635335	0.0017406440382941688	0	uniform control	1
maximum-coordinate F proportions A1	44	1149	0.04873803307223673	0.012184508268059183	0.0026109660574412533	0	uniform control	1
maximum-coordinate F proportions A1	45	1149	0.05221932114882506	0.010443864229765013	0.0	0	uniform control	1
maximum-coordinate F proportions A1	46	1149	0.04612706701479547	0.009573542210617928	0.0	0	uniform control	1
maximum-coordinate F proportions A1	47	1149	0.05221932114882506	0.006962576153176675	0.0	0	uniform control	1
maximum-coordinate F proportions A1	48	1149	0.04525674499564839	0.0034812880765883376	0.0008703220191470844	0	uniform control	1
maximum-coordinate F proportions A1	49	1149	0.044386422976501305	0.009573542210617928	0.0008703220191470844	0	uniform control	1
maximum-coordinate F proportions A1	50	1149	0.04264577893820714	0.006092254134029591	0.0	0	uniform control	1
maximum-coordinate F proportions A1	51	1149	0.03568320278503046	0.010443864229765013	0.0008703220191470844	0	uniform control	1
maximum-coordinate F proportions A1	52	1149	0.053959965187119235	0.014795474325500435	0.0008703220191470844	0	uniform control	1
maximum-coordinate F proportions A1	53	1149	0.0391644908616188	0.010443864229765013	0.0	0	uniform control	1
maximum-coordinate F proportions A1	54	1149	0.05134899912967798	0.007832898172323759	0.0008703220191470844	0	uniform control	1
maximum-coordinate F proportions A1	55	1149	0.04873803307223673	0.007832898172323759	0.0	0	uniform control	1
maximum-coordinate F proportions A1	56	1149	0.04960835509138381	0.009573542210617928	0.0	0	uniform control	1
maximum-coordinate F proportions A1	57	1149	0.044386422976501305	0.008703220191470844	0.0	0	uniform control	1
maximum-coordinate F proportions A1	58	1149	0.04873803307223673	0.006962576153176675	0.0017406440382941688	0	uniform control	1
maximum-coordinate F proportions A1	59	1149	0.05134899912967798	0.014795474325500435	0.0034812880765883376	0	uniform control	1
maximum-coordinate F proportions A1	60	1149	0.044386422976501305	0.011314186248912098	0.0017406440382941688	0	uniform control	1
maximum-coordinate F proportions A1	61	1149	0.050478677110530897	0.006962576153176675	0.0	0	uniform control	1
maximum-coordinate F proportions A1	62	1149	0.04699738903394256	0.008703220191470844	0.0017406440382941688	0	uniform control	1
maximum-coordinate F proportions A1	63	1149	0.06005221932114883	0.010443864229765013	0.0026109660574412533	0	uniform control	1
null-variance Wald A32	32	1149	0.047867711053089644	0.009573542210617928	0.0008703220191470844	0	uniform control	1
null-variance Wald A32	33	1149	0.050478677110530897	0.010443864229765013	0.0	0	uniform control	1
null-variance Wald A32	34	1149	0.04525674499564839	0.009573542210617928	0.0008703220191470844	0	uniform control	1
null-variance Wald A32	35	1149	0.047867711053089644	0.010443864229765013	0.0	0	uniform control	1
null-variance Wald A32	36	1149	0.06005221932114883	0.008703220191470844	0.0017406440382941688	0	uniform control	1
null-variance Wald A32	37	1149	0.057441253263707574	0.009573542210617928	0.0017406440382941688	0	uniform control	1
null-variance Wald A32	38	1149	0.057441253263707574	0.012184508268059183	0.0008703220191470844	0	uniform control	1
null-variance Wald A32	39	1149	0.04525674499564839	0.012184508268059183	0.0017406440382941688	0	uniform control	1
null-variance Wald A32	40	1149	0.04873803307223673	0.014795474325500435	0.0008703220191470844	0	uniform control	1
null-variance Wald A32	41	1149	0.04960835509138381	0.005221932114882507	0.0	0	uniform control	1
null-variance Wald A32	42	1149	0.038294168842471714	0.005221932114882507	0.0	0	uniform control	1
null-variance Wald A32	43	1149	0.06179286335944299	0.01392515230635335	0.0008703220191470844	0	uniform control	1
null-variance Wald A32	44	1149	0.04873803307223673	0.012184508268059183	0.0026109660574412533	0	uniform control	1
null-variance Wald A32	45	1149	0.04351610095735422	0.009573542210617928	0.0008703220191470844	0	uniform control	1
null-variance Wald A32	46	1149	0.0557006092254134	0.009573542210617928	0.0008703220191470844	0	uniform control	1
null-variance Wald A32	47	1149	0.04264577893820714	0.007832898172323759	0.0008703220191470844	0	uniform control	1
null-variance Wald A32	48	1149	0.050478677110530897	0.01392515230635335	0.0017406440382941688	0	uniform control	1
null-variance Wald A32	49	1149	0.04177545691906005	0.006962576153176675	0.0017406440382941688	0	uniform control	1
null-variance Wald A32	50	1149	0.04699738903394256	0.009573542210617928	0.0	0	uniform control	1
null-variance Wald A32	51	1149	0.05657093124456049	0.015665796344647518	0.0017406440382941688	0	uniform control	1
null-variance Wald A32	52	1149	0.05308964316797215	0.011314186248912098	0.0008703220191470844	0	uniform control	1
null-variance Wald A32	53	1149	0.04351610095735422	0.011314186248912098	0.0017406440382941688	0	uniform control	1
null-variance Wald A32	54	1149	0.05657093124456049	0.010443864229765013	0.0026109660574412533	0	uniform control	1
null-variance Wald A32	55	1149	0.058311575282854654	0.007832898172323759	0.0	0	uniform control	1
null-variance Wald A32	56	1149	0.05134899912967798	0.008703220191470844	0.0008703220191470844	0	uniform control	1
null-variance Wald A32	57	1149	0.05134899912967798	0.011314186248912098	0.0	0	uniform control	1
null-variance Wald A32	58	1149	0.04960835509138381	0.012184508268059183	0.0008703220191470844	0	uniform control	1
null-variance Wald A32	59	1149	0.04699738903394256	0.010443864229765013	0.0008703220191470844	0	uniform control	1
null-variance Wald A32	60	1149	0.04003481288076589	0.005221932114882507	0.0	0	uniform control	1
null-variance Wald A32	61	1149	0.05918189730200174	0.011314186248912098	0.0008703220191470844	0	uniform control	1
null-variance Wald A32	62	1149	0.04264577893820714	0.009573542210617928	0.0026109660574412533	0	uniform control	1
null-variance Wald A32	63	1149	0.06353350739773717	0.012184508268059183	0.0008703220191470844	0	uniform control	1
trace F ILR A1	32	1149	0.04351610095735422	0.011314186248912098	0.0034812880765883376	0	uniform control	1
trace F ILR A1	33	1149	0.04264577893820714	0.010443864229765013	0.0008703220191470844	0	uniform control	1
trace F ILR A1	34	1149	0.047867711053089644	0.007832898172323759	0.0017406440382941688	0	uniform control	1
trace F ILR A1	35	1149	0.04351610095735422	0.009573542210617928	0.0008703220191470844	0	uniform control	1
trace F ILR A1	36	1149	0.05308964316797215	0.009573542210617928	0.0008703220191470844	0	uniform control	1
trace F ILR A1	37	1149	0.05308964316797215	0.009573542210617928	0.0008703220191470844	0	uniform control	1
trace F ILR A1	38	1149	0.06005221932114883	0.011314186248912098	0.0008703220191470844	0	uniform control	1
trace F ILR A1	39	1149	0.04960835509138381	0.011314186248912098	0.0026109660574412533	0	uniform control	1
trace F ILR A1	40	1149	0.053959965187119235	0.013054830287206266	0.0	0	uniform control	1
trace F ILR A1	41	1149	0.04525674499564839	0.012184508268059183	0.0	0	uniform control	1
trace F ILR A1	42	1149	0.05134899912967798	0.007832898172323759	0.0017406440382941688	0	uniform control	1
trace F ILR A1	43	1149	0.05918189730200174	0.013054830287206266	0.0017406440382941688	0	uniform control	1
trace F ILR A1	44	1149	0.040905134899912966	0.009573542210617928	0.0017406440382941688	0	uniform control	1
trace F ILR A1	45	1149	0.04960835509138381	0.007832898172323759	0.0008703220191470844	0	uniform control	1
trace F ILR A1	46	1149	0.04873803307223673	0.010443864229765013	0.0008703220191470844	0	uniform control	1
trace F ILR A1	47	1149	0.050478677110530897	0.006962576153176675	0.0008703220191470844	0	uniform control	1
trace F ILR A1	48	1149	0.044386422976501305	0.006962576153176675	0.0	0	uniform control	1
trace F ILR A1	49	1149	0.04351610095735422	0.008703220191470844	0.0	0	uniform control	1
trace F ILR A1	50	1149	0.04177545691906005	0.008703220191470844	0.0008703220191470844	0	uniform control	1
trace F ILR A1	51	1149	0.050478677110530897	0.012184508268059183	0.0008703220191470844	0	uniform control	1
trace F ILR A1	52	1149	0.050478677110530897	0.014795474325500435	0.0008703220191470844	0	uniform control	1
trace F ILR A1	53	1149	0.047867711053089644	0.015665796344647518	0.0008703220191470844	0	uniform control	1
trace F ILR A1	54	1149	0.050478677110530897	0.006962576153176675	0.0008703220191470844	0	uniform control	1
trace F ILR A1	55	1149	0.05221932114882506	0.008703220191470844	0.0026109660574412533	0	uniform control	1
trace F ILR A1	56	1149	0.04525674499564839	0.008703220191470844	0.0	0	uniform control	1
trace F ILR A1	57	1149	0.05134899912967798	0.009573542210617928	0.0	0	uniform control	1
trace F ILR A1	58	1149	0.06179286335944299	0.012184508268059183	0.0	0	uniform control	1
trace F ILR A1	59	1149	0.053959965187119235	0.01392515230635335	0.0017406440382941688	0	uniform control	1
trace F ILR A1	60	1149	0.05483028720626632	0.010443864229765013	0.0017406440382941688	0	uniform control	1
trace F ILR A1	61	1149	0.053959965187119235	0.007832898172323759	0.0	0	uniform control	1
trace F ILR A1	62	1149	0.04699738903394256	0.009573542210617928	0.0017406440382941688	0	uniform control	1
trace F ILR A1	63	1149	0.06005221932114883	0.011314186248912098	0.0017406440382941688	0	uniform control	1
trace F ILR A32	32	1149	0.044386422976501305	0.009573542210617928	0.0017406440382941688	0	uniform control	1
trace F ILR A32	33	1149	0.04873803307223673	0.013054830287206266	0.0008703220191470844	0	uniform control	1
trace F ILR A32	34	1149	0.04699738903394256	0.007832898172323759	0.0008703220191470844	0	uniform control	1
trace F ILR A32	35	1149	0.04351610095735422	0.009573542210617928	0.0008703220191470844	0	uniform control	1
trace F ILR A32	36	1149	0.05918189730200174	0.008703220191470844	0.0026109660574412533	0	uniform control	1
trace F ILR A32	37	1149	0.058311575282854654	0.007832898172323759	0.0017406440382941688	0	uniform control	1
trace F ILR A32	38	1149	0.05657093124456049	0.008703220191470844	0.0008703220191470844	0	uniform control	1
trace F ILR A32	39	1149	0.047867711053089644	0.011314186248912098	0.0034812880765883376	0	uniform control	1
trace F ILR A32	40	1149	0.04699738903394256	0.011314186248912098	0.0008703220191470844	0	uniform control	1
trace F ILR A32	41	1149	0.04873803307223673	0.006962576153176675	0.0017406440382941688	0	uniform control	1
trace F ILR A32	42	1149	0.04264577893820714	0.004351610095735422	0.0	0	uniform control	1
trace F ILR A32	43	1149	0.060922541340295906	0.011314186248912098	0.0008703220191470844	0	uniform control	1
trace F ILR A32	44	1149	0.04699738903394256	0.01392515230635335	0.004351610095735422	0	uniform control	1
trace F ILR A32	45	1149	0.044386422976501305	0.007832898172323759	0.0017406440382941688	0	uniform control	1
trace F ILR A32	46	1149	0.05308964316797215	0.010443864229765013	0.0017406440382941688	0	uniform control	1
trace F ILR A32	47	1149	0.04699738903394256	0.007832898172323759	0.0008703220191470844	0	uniform control	1
trace F ILR A32	48	1149	0.04612706701479547	0.012184508268059183	0.0017406440382941688	0	uniform control	1
trace F ILR A32	49	1149	0.038294168842471714	0.008703220191470844	0.0	0	uniform control	1
trace F ILR A32	50	1149	0.04699738903394256	0.010443864229765013	0.0008703220191470844	0	uniform control	1
trace F ILR A32	51	1149	0.058311575282854654	0.014795474325500435	0.0026109660574412533	0	uniform control	1
trace F ILR A32	52	1149	0.05134899912967798	0.009573542210617928	0.0008703220191470844	0	uniform control	1
trace F ILR A32	53	1149	0.04525674499564839	0.010443864229765013	0.0017406440382941688	0	uniform control	1
trace F ILR A32	54	1149	0.05134899912967798	0.012184508268059183	0.0026109660574412533	0	uniform control	1
trace F ILR A32	55	1149	0.05483028720626632	0.009573542210617928	0.0008703220191470844	0	uniform control	1
trace F ILR A32	56	1149	0.04960835509138381	0.007832898172323759	0.0017406440382941688	0	uniform control	1
trace F ILR A32	57	1149	0.050478677110530897	0.010443864229765013	0.0008703220191470844	0	uniform control	1
trace F ILR A32	58	1149	0.04699738903394256	0.009573542210617928	0.0008703220191470844	0	uniform control	1
trace F ILR A32	59	1149	0.05221932114882506	0.008703220191470844	0.0008703220191470844	0	uniform control	1
trace F ILR A32	60	1149	0.03655352480417755	0.005221932114882507	0.0008703220191470844	0	uniform control	1
trace F ILR A32	61	1149	0.050478677110530897	0.007832898172323759	0.0008703220191470844	0	uniform control	1
trace F ILR A32	62	1149	0.03742384682332463	0.008703220191470844	0.0026109660574412533	0	uniform control	1
trace F ILR A32	63	1149	0.057441253263707574	0.012184508268059183	0.0008703220191470844	0	uniform control	1
trace F proportions A1	32	1149	0.04351610095735422	0.006962576153176675	0.0017406440382941688	0	uniform control	1
trace F proportions A1	33	1149	0.04177545691906005	0.009573542210617928	0.0026109660574412533	0	uniform control	1
trace F proportions A1	34	1149	0.04960835509138381	0.006092254134029591	0.0017406440382941688	0	uniform control	1
trace F proportions A1	35	1149	0.047867711053089644	0.010443864229765013	0.0017406440382941688	0	uniform control	1
trace F proportions A1	36	1149	0.05134899912967798	0.010443864229765013	0.0008703220191470844	0	uniform control	1
trace F proportions A1	37	1149	0.05308964316797215	0.011314186248912098	0.0008703220191470844	0	uniform control	1
trace F proportions A1	38	1149	0.05483028720626632	0.009573542210617928	0.0008703220191470844	0	uniform control	1
trace F proportions A1	39	1149	0.04873803307223673	0.008703220191470844	0.0026109660574412533	0	uniform control	1
trace F proportions A1	40	1149	0.04525674499564839	0.011314186248912098	0.0008703220191470844	0	uniform control	1
trace F proportions A1	41	1149	0.05134899912967798	0.011314186248912098	0.0008703220191470844	0	uniform control	1
trace F proportions A1	42	1149	0.057441253263707574	0.013054830287206266	0.0017406440382941688	0	uniform control	1
trace F proportions A1	43	1149	0.053959965187119235	0.011314186248912098	0.0008703220191470844	0	uniform control	1
trace F proportions A1	44	1149	0.06005221932114883	0.009573542210617928	0.0026109660574412533	0	uniform control	1
trace F proportions A1	45	1149	0.04960835509138381	0.010443864229765013	0.0008703220191470844	0	uniform control	1
trace F proportions A1	46	1149	0.04612706701479547	0.012184508268059183	0.0	0	uniform control	1
trace F proportions A1	47	1149	0.04873803307223673	0.008703220191470844	0.0008703220191470844	0	uniform control	1
trace F proportions A1	48	1149	0.04003481288076589	0.006092254134029591	0.0008703220191470844	0	uniform control	1
trace F proportions A1	49	1149	0.05221932114882506	0.009573542210617928	0.0008703220191470844	0	uniform control	1
trace F proportions A1	50	1149	0.038294168842471714	0.007832898172323759	0.0	0	uniform control	1
trace F proportions A1	51	1149	0.044386422976501305	0.010443864229765013	0.0017406440382941688	0	uniform control	1
trace F proportions A1	52	1149	0.05483028720626632	0.012184508268059183	0.0017406440382941688	0	uniform control	1
trace F proportions A1	53	1149	0.04264577893820714	0.008703220191470844	0.0	0	uniform control	1
trace F proportions A1	54	1149	0.05221932114882506	0.013054830287206266	0.0017406440382941688	0	uniform control	1
trace F proportions A1	55	1149	0.040905134899912966	0.007832898172323759	0.0008703220191470844	0	uniform control	1
trace F proportions A1	56	1149	0.0557006092254134	0.008703220191470844	0.0008703220191470844	0	uniform control	1
trace F proportions A1	57	1149	0.05134899912967798	0.008703220191470844	0.0	0	uniform control	1
trace F proportions A1	58	1149	0.04960835509138381	0.010443864229765013	0.0008703220191470844	0	uniform control	1
trace F proportions A1	59	1149	0.04960835509138381	0.019147084421235857	0.0026109660574412533	0	uniform control	1
trace F proportions A1	60	1149	0.04699738903394256	0.010443864229765013	0.0026109660574412533	0	uniform control	1
trace F proportions A1	61	1149	0.047867711053089644	0.006962576153176675	0.0	0	uniform control	1
trace F proportions A1	62	1149	0.05134899912967798	0.011314186248912098	0.0017406440382941688	0	uniform control	1
trace F proportions A1	63	1149	0.06962576153176675	0.013054830287206266	0.0034812880765883376	0	uniform control	1
subject-score wild omnibus D1	32	1707	0.041007615700058585	0.007029876977152899	0.0005858230814294083	0	score	full
subject-score wild omnibus D1	33	1707	0.05799648506151142	0.013473930872876391	0.0	0	score	full
subject-score wild omnibus D1	34	1707	0.04862331575864089	0.005272407732864675	0.0011716461628588166	0	score	full
subject-score wild omnibus D1	35	1707	0.050966608084358524	0.013473930872876391	0.0	0	score	full
subject-score wild omnibus D1	36	1707	0.046280023432923256	0.009373169302870533	0.0	0	score	full
subject-score wild omnibus D1	37	1707	0.03983596953719976	0.008787346221441126	0.0005858230814294083	0	score	full
subject-score wild omnibus D1	38	1707	0.05565319273579379	0.011130638547158758	0.0	0	score	full
subject-score wild omnibus D1	39	1707	0.038078500292911543	0.009373169302870533	0.0011716461628588166	0	score	full
subject-score wild omnibus D1	40	1707	0.061511423550087874	0.009373169302870533	0.0005858230814294083	0	score	full
subject-score wild omnibus D1	41	1707	0.04159343878148799	0.005858230814294083	0.0	0	score	full
subject-score wild omnibus D1	42	1707	0.0492091388400703	0.007029876977152899	0.0	0	score	full
subject-score wild omnibus D1	43	1707	0.04745166959578207	0.009373169302870533	0.0005858230814294083	0	score	full
subject-score wild omnibus D1	44	1707	0.04979496192149971	0.008201523140011716	0.0011716461628588166	0	score	full
subject-score wild omnibus D1	45	1707	0.043936731107205626	0.004100761570005858	0.0	0	score	full
subject-score wild omnibus D1	46	1707	0.051552431165787935	0.016403046280023433	0.0023432923257176333	0	score	full
subject-score wild omnibus D1	47	1707	0.04803749267721148	0.007615700058582308	0.0	0	score	full
subject-score wild omnibus D1	48	1707	0.04745166959578207	0.011716461628588167	0.0017574692442882249	0	score	full
subject-score wild omnibus D1	49	1707	0.04803749267721148	0.00995899238429994	0.0	0	score	full
subject-score wild omnibus D1	50	1707	0.05038078500292911	0.014059753954305799	0.0011716461628588166	0	score	full
subject-score wild omnibus D1	51	1707	0.04979496192149971	0.008201523140011716	0.0	0	score	full
subject-score wild omnibus D1	52	1707	0.0626830697129467	0.01054481546572935	0.0005858230814294083	0	score	full
subject-score wild omnibus D1	53	1707	0.04803749267721148	0.008787346221441126	0.0	0	score	full
subject-score wild omnibus D1	54	1707	0.04510837727006444	0.008201523140011716	0.0	0	score	full
subject-score wild omnibus D1	55	1707	0.043936731107205626	0.005272407732864675	0.0005858230814294083	0	score	full
subject-score wild omnibus D1	56	1707	0.04745166959578207	0.007615700058582308	0.0011716461628588166	0	score	full
subject-score wild omnibus D1	57	1707	0.03925014645577036	0.005858230814294083	0.0	0	score	full
subject-score wild omnibus D1	58	1707	0.056824838898652606	0.008201523140011716	0.0	0	score	full
subject-score wild omnibus D1	59	1707	0.05858230814294083	0.015231400117164616	0.0023432923257176333	0	score	full
subject-score wild omnibus D1	60	1707	0.04686584651435267	0.007615700058582308	0.0005858230814294083	0	score	full
subject-score wild omnibus D1	61	1707	0.038078500292911543	0.005858230814294083	0.0	0	score	full
subject-score wild omnibus D1	62	1707	0.04979496192149971	0.008201523140011716	0.0011716461628588166	0	score	full
subject-score wild omnibus D1	63	1707	0.04745166959578207	0.011130638547158758	0.0	0	score	full
subject-score wild omnibus D64	32	1707	0.046280023432923256	0.00995899238429994	0.0011716461628588166	0	score	full
subject-score wild omnibus D64	33	1707	0.05741066198008202	0.011130638547158758	0.0	0	score	full
subject-score wild omnibus D64	34	1707	0.053309900410076154	0.01054481546572935	0.0011716461628588166	0	score	full
subject-score wild omnibus D64	35	1707	0.05272407732864675	0.011130638547158758	0.0	0	score	full
subject-score wild omnibus D64	36	1707	0.046280023432923256	0.008201523140011716	0.0	0	score	full
subject-score wild omnibus D64	37	1707	0.03749267721148213	0.005858230814294083	0.0	0	score	full
subject-score wild omnibus D64	38	1707	0.056824838898652606	0.013473930872876391	0.0005858230814294083	0	score	full
subject-score wild omnibus D64	39	1707	0.0351493848857645	0.008201523140011716	0.0005858230814294083	0	score	full
subject-score wild omnibus D64	40	1707	0.05506736965436438	0.012302284710017574	0.0011716461628588166	0	score	full
subject-score wild omnibus D64	41	1707	0.04510837727006444	0.007029876977152899	0.0005858230814294083	0	score	full
subject-score wild omnibus D64	42	1707	0.053895723491505565	0.01054481546572935	0.0	0	score	full
subject-score wild omnibus D64	43	1707	0.04686584651435267	0.008787346221441126	0.0005858230814294083	0	score	full
subject-score wild omnibus D64	44	1707	0.04862331575864089	0.00995899238429994	0.0011716461628588166	0	score	full
subject-score wild omnibus D64	45	1707	0.04745166959578207	0.005272407732864675	0.0	0	score	full
subject-score wild omnibus D64	46	1707	0.05565319273579379	0.016403046280023433	0.0023432923257176333	0	score	full
subject-score wild omnibus D64	47	1707	0.054481546572934976	0.00995899238429994	0.0005858230814294083	0	score	full
subject-score wild omnibus D64	48	1707	0.0492091388400703	0.011130638547158758	0.0011716461628588166	0	score	full
subject-score wild omnibus D64	49	1707	0.0492091388400703	0.008787346221441126	0.0	0	score	full
subject-score wild omnibus D64	50	1707	0.050966608084358524	0.011716461628588167	0.0005858230814294083	0	score	full
subject-score wild omnibus D64	51	1707	0.04862331575864089	0.009373169302870533	0.0	0	score	full
subject-score wild omnibus D64	52	1707	0.05565319273579379	0.01054481546572935	0.0	0	score	full
subject-score wild omnibus D64	53	1707	0.04862331575864089	0.007029876977152899	0.0	0	score	full
subject-score wild omnibus D64	54	1707	0.046280023432923256	0.008787346221441126	0.0011716461628588166	0	score	full
subject-score wild omnibus D64	55	1707	0.040421792618629174	0.008787346221441126	0.0005858230814294083	0	score	full
subject-score wild omnibus D64	56	1707	0.043936731107205626	0.009373169302870533	0.0011716461628588166	0	score	full
subject-score wild omnibus D64	57	1707	0.03925014645577036	0.006444053895723492	0.0	0	score	full
subject-score wild omnibus D64	58	1707	0.056239015817223195	0.011130638547158758	0.0	0	score	full
subject-score wild omnibus D64	59	1707	0.05506736965436438	0.016403046280023433	0.0029291154071470417	0	score	full
subject-score wild omnibus D64	60	1707	0.043350908025776215	0.008787346221441126	0.0005858230814294083	0	score	full
subject-score wild omnibus D64	61	1707	0.03749267721148213	0.005272407732864675	0.0	0	score	full
subject-score wild omnibus D64	62	1707	0.0492091388400703	0.00995899238429994	0.0011716461628588166	0	score	full
subject-score wild omnibus D64	63	1707	0.0492091388400703	0.00995899238429994	0.0005858230814294083	0	score	full
Pillai ILR A1	32	1942	0.04376930998970134	0.010813594232749742	0.0020597322348094747	0	uniform control	full
Pillai ILR A1	33	1942	0.04891864057672503	0.008238928939237899	0.0005149330587023687	0	uniform control	full
Pillai ILR A1	34	1942	0.054067971163748715	0.012873326467559218	0.001544799176107106	0	uniform control	full
Pillai ILR A1	35	1942	0.04376930998970134	0.007723995880535531	0.0	0	uniform control	full
Pillai ILR A1	36	1942	0.05303810504634397	0.009268795056642637	0.0005149330587023687	0	uniform control	full
Pillai ILR A1	37	1942	0.04531410916580844	0.008238928939237899	0.0010298661174047373	0	uniform control	full
Pillai ILR A1	38	1942	0.05664263645726056	0.01184346035015448	0.0020597322348094747	0	uniform control	full
Pillai ILR A1	39	1942	0.055612770339855816	0.008238928939237899	0.001544799176107106	0	uniform control	full
Pillai ILR A1	40	1942	0.04943357363542739	0.010813594232749742	0.0010298661174047373	0	uniform control	full
Pillai ILR A1	41	1942	0.054067971163748715	0.01132852729145211	0.0005149330587023687	0	uniform control	full
Pillai ILR A1	42	1942	0.04582904222451081	0.008238928939237899	0.0005149330587023687	0	uniform control	full
Pillai ILR A1	43	1942	0.05303810504634397	0.009783728115345005	0.0025746652935118436	0	uniform control	full
Pillai ILR A1	44	1942	0.047888774459320285	0.01184346035015448	0.0	0	uniform control	full
Pillai ILR A1	45	1942	0.054067971163748715	0.012358393408856848	0.0005149330587023687	0	uniform control	full
Pillai ILR A1	46	1942	0.05046343975283213	0.009783728115345005	0.0010298661174047373	0	uniform control	full
Pillai ILR A1	47	1942	0.05303810504634397	0.010813594232749742	0.0010298661174047373	0	uniform control	full
Pillai ILR A1	48	1942	0.0509783728115345	0.010813594232749742	0.0010298661174047373	0	uniform control	full
Pillai ILR A1	49	1942	0.054067971163748715	0.015447991761071062	0.001544799176107106	0	uniform control	full
Pillai ILR A1	50	1942	0.04376930998970134	0.010813594232749742	0.0005149330587023687	0	uniform control	full
Pillai ILR A1	51	1942	0.057157569515962924	0.010813594232749742	0.0005149330587023687	0	uniform control	full
Pillai ILR A1	52	1942	0.049948506694129764	0.009268795056642637	0.0	0	uniform control	full
Pillai ILR A1	53	1942	0.04531410916580844	0.010813594232749742	0.0010298661174047373	0	uniform control	full
Pillai ILR A1	54	1942	0.047888774459320285	0.008238928939237899	0.0010298661174047373	0	uniform control	full
Pillai ILR A1	55	1942	0.042224510813594233	0.005664263645726055	0.0005149330587023687	0	uniform control	full
Pillai ILR A1	56	1942	0.04016477857878476	0.007723995880535531	0.001544799176107106	0	uniform control	full
Pillai ILR A1	57	1942	0.04943357363542739	0.006179196704428424	0.0	0	uniform control	full
Pillai ILR A1	58	1942	0.04943357363542739	0.008238928939237899	0.0005149330587023687	0	uniform control	full
Pillai ILR A1	59	1942	0.0509783728115345	0.008238928939237899	0.0005149330587023687	0	uniform control	full
Pillai ILR A1	60	1942	0.05664263645726056	0.010298661174047374	0.0005149330587023687	0	uniform control	full
Pillai ILR A1	61	1942	0.040679711637487126	0.007723995880535531	0.0005149330587023687	0	uniform control	full
Pillai ILR A1	62	1942	0.04840370751802266	0.010813594232749742	0.001544799176107106	0	uniform control	full
Pillai ILR A1	63	1942	0.0509783728115345	0.013388259526261586	0.001544799176107106	0	uniform control	full
Pillai ILR A64	32	1942	0.052008238928939236	0.009783728115345005	0.0	0	uniform control	full
Pillai ILR A64	33	1942	0.04891864057672503	0.013388259526261586	0.0020597322348094747	0	uniform control	full
Pillai ILR A64	34	1942	0.05973223480947477	0.01184346035015448	0.0005149330587023687	0	uniform control	full
Pillai ILR A64	35	1942	0.053553038105046344	0.01132852729145211	0.0	0	uniform control	full
Pillai ILR A64	36	1942	0.04840370751802266	0.009268795056642637	0.0005149330587023687	0	uniform control	full
Pillai ILR A64	37	1942	0.04685890834191555	0.010813594232749742	0.0010298661174047373	0	uniform control	full
Pillai ILR A64	38	1942	0.053553038105046344	0.008238928939237899	0.0025746652935118436	0	uniform control	full
Pillai ILR A64	39	1942	0.05458290422245108	0.010298661174047374	0.0005149330587023687	0	uniform control	full
Pillai ILR A64	40	1942	0.0592173017507724	0.013388259526261586	0.0005149330587023687	0	uniform control	full
Pillai ILR A64	41	1942	0.05509783728115345	0.010813594232749742	0.001544799176107106	0	uniform control	full
Pillai ILR A64	42	1942	0.046343975283213185	0.012873326467559218	0.0005149330587023687	0	uniform control	full
Pillai ILR A64	43	1942	0.04943357363542739	0.009783728115345005	0.001544799176107106	0	uniform control	full
Pillai ILR A64	44	1942	0.052008238928939236	0.013903192584963954	0.0005149330587023687	0	uniform control	full
Pillai ILR A64	45	1942	0.05149330587023687	0.010813594232749742	0.001544799176107106	0	uniform control	full
Pillai ILR A64	46	1942	0.05149330587023687	0.01132852729145211	0.0020597322348094747	0	uniform control	full
Pillai ILR A64	47	1942	0.06024716786817714	0.013903192584963954	0.0	0	uniform control	full
Pillai ILR A64	48	1942	0.04943357363542739	0.008238928939237899	0.001544799176107106	0	uniform control	full
Pillai ILR A64	49	1942	0.04531410916580844	0.010813594232749742	0.0025746652935118436	0	uniform control	full
Pillai ILR A64	50	1942	0.04840370751802266	0.009783728115345005	0.0020597322348094747	0	uniform control	full
Pillai ILR A64	51	1942	0.052008238928939236	0.010813594232749742	0.0005149330587023687	0	uniform control	full
Pillai ILR A64	52	1942	0.055612770339855816	0.013903192584963954	0.001544799176107106	0	uniform control	full
Pillai ILR A64	53	1942	0.049948506694129764	0.007723995880535531	0.0010298661174047373	0	uniform control	full
Pillai ILR A64	54	1942	0.057672502574665295	0.010298661174047374	0.0005149330587023687	0	uniform control	full
Pillai ILR A64	55	1942	0.04170957775489186	0.008238928939237899	0.0010298661174047373	0	uniform control	full
Pillai ILR A64	56	1942	0.05046343975283213	0.01132852729145211	0.0	0	uniform control	full
Pillai ILR A64	57	1942	0.047888774459320285	0.010298661174047374	0.0005149330587023687	0	uniform control	full
Pillai ILR A64	58	1942	0.061791967044284246	0.010813594232749742	0.001544799176107106	0	uniform control	full
Pillai ILR A64	59	1942	0.053553038105046344	0.01132852729145211	0.0005149330587023687	0	uniform control	full
Pillai ILR A64	60	1942	0.04891864057672503	0.012873326467559218	0.001544799176107106	0	uniform control	full
Pillai ILR A64	61	1942	0.04376930998970134	0.010298661174047374	0.0025746652935118436	0	uniform control	full
Pillai ILR A64	62	1942	0.05252317198764161	0.010813594232749742	0.0010298661174047373	0	uniform control	full
Pillai ILR A64	63	1942	0.049948506694129764	0.010298661174047374	0.0020597322348094747	0	uniform control	full
Pillai proportions A1	32	1942	0.04376930998970134	0.009268795056642637	0.0010298661174047373	0	uniform control	full
Pillai proportions A1	33	1942	0.04685890834191555	0.007723995880535531	0.0010298661174047373	0	uniform control	full
Pillai proportions A1	34	1942	0.055612770339855816	0.01132852729145211	0.0010298661174047373	0	uniform control	full
Pillai proportions A1	35	1942	0.04685890834191555	0.009783728115345005	0.0	0	uniform control	full
Pillai proportions A1	36	1942	0.0509783728115345	0.010813594232749742	0.001544799176107106	0	uniform control	full
Pillai proportions A1	37	1942	0.04582904222451081	0.01184346035015448	0.0010298661174047373	0	uniform control	full
Pillai proportions A1	38	1942	0.053553038105046344	0.01184346035015448	0.001544799176107106	0	uniform control	full
Pillai proportions A1	39	1942	0.057672502574665295	0.009268795056642637	0.0010298661174047373	0	uniform control	full
Pillai proportions A1	40	1942	0.0509783728115345	0.010813594232749742	0.0005149330587023687	0	uniform control	full
Pillai proportions A1	41	1942	0.0509783728115345	0.010813594232749742	0.0010298661174047373	0	uniform control	full
Pillai proportions A1	42	1942	0.04376930998970134	0.010298661174047374	0.001544799176107106	0	uniform control	full
Pillai proportions A1	43	1942	0.05818743563336766	0.01132852729145211	0.0020597322348094747	0	uniform control	full
Pillai proportions A1	44	1942	0.04376930998970134	0.009783728115345005	0.0005149330587023687	0	uniform control	full
Pillai proportions A1	45	1942	0.05046343975283213	0.010813594232749742	0.0005149330587023687	0	uniform control	full
Pillai proportions A1	46	1942	0.04943357363542739	0.01184346035015448	0.001544799176107106	0	uniform control	full
Pillai proportions A1	47	1942	0.05149330587023687	0.01132852729145211	0.0010298661174047373	0	uniform control	full
Pillai proportions A1	48	1942	0.05149330587023687	0.008753861997940269	0.0005149330587023687	0	uniform control	full
Pillai proportions A1	49	1942	0.0592173017507724	0.01184346035015448	0.0020597322348094747	0	uniform control	full
Pillai proportions A1	50	1942	0.038619979402677654	0.010298661174047374	0.0005149330587023687	0	uniform control	full
Pillai proportions A1	51	1942	0.04943357363542739	0.012358393408856848	0.0010298661174047373	0	uniform control	full
Pillai proportions A1	52	1942	0.054067971163748715	0.007209062821833162	0.0020597322348094747	0	uniform control	full
Pillai proportions A1	53	1942	0.046343975283213185	0.009783728115345005	0.0010298661174047373	0	uniform control	full
Pillai proportions A1	54	1942	0.04943357363542739	0.007723995880535531	0.0005149330587023687	0	uniform control	full
Pillai proportions A1	55	1942	0.04891864057672503	0.009268795056642637	0.0010298661174047373	0	uniform control	full
Pillai proportions A1	56	1942	0.047888774459320285	0.005149330587023687	0.0010298661174047373	0	uniform control	full
Pillai proportions A1	57	1942	0.04840370751802266	0.009783728115345005	0.0	0	uniform control	full
Pillai proportions A1	58	1942	0.047888774459320285	0.010813594232749742	0.0020597322348094747	0	uniform control	full
Pillai proportions A1	59	1942	0.04685890834191555	0.010298661174047374	0.001544799176107106	0	uniform control	full
Pillai proportions A1	60	1942	0.055612770339855816	0.007209062821833162	0.0	0	uniform control	full
Pillai proportions A1	61	1942	0.03964984552008239	0.004634397528321318	0.0005149330587023687	0	uniform control	full
Pillai proportions A1	62	1942	0.05458290422245108	0.012358393408856848	0.001544799176107106	0	uniform control	full
Pillai proportions A1	63	1942	0.04685890834191555	0.013903192584963954	0.0010298661174047373	0	uniform control	full
maximum-coordinate F ILR A1	32	1942	0.0427394438722966	0.01184346035015448	0.001544799176107106	0	uniform control	full
maximum-coordinate F ILR A1	33	1942	0.04891864057672503	0.008238928939237899	0.0005149330587023687	0	uniform control	full
maximum-coordinate F ILR A1	34	1942	0.05458290422245108	0.009268795056642637	0.001544799176107106	0	uniform control	full
maximum-coordinate F ILR A1	35	1942	0.047888774459320285	0.006694129763130793	0.0	0	uniform control	full
maximum-coordinate F ILR A1	36	1942	0.057157569515962924	0.008238928939237899	0.0005149330587023687	0	uniform control	full
maximum-coordinate F ILR A1	37	1942	0.042224510813594233	0.008238928939237899	0.0010298661174047373	0	uniform control	full
maximum-coordinate F ILR A1	38	1942	0.05870236869207003	0.012873326467559218	0.001544799176107106	0	uniform control	full
maximum-coordinate F ILR A1	39	1942	0.052008238928939236	0.009783728115345005	0.001544799176107106	0	uniform control	full
maximum-coordinate F ILR A1	40	1942	0.05303810504634397	0.01184346035015448	0.0010298661174047373	0	uniform control	full
maximum-coordinate F ILR A1	41	1942	0.04943357363542739	0.007723995880535531	0.0005149330587023687	0	uniform control	full
maximum-coordinate F ILR A1	42	1942	0.04531410916580844	0.007209062821833162	0.0005149330587023687	0	uniform control	full
maximum-coordinate F ILR A1	43	1942	0.05046343975283213	0.010813594232749742	0.0025746652935118436	0	uniform control	full
maximum-coordinate F ILR A1	44	1942	0.04737384140061792	0.01184346035015448	0.0	0	uniform control	full
maximum-coordinate F ILR A1	45	1942	0.04891864057672503	0.010813594232749742	0.0	0	uniform control	full
maximum-coordinate F ILR A1	46	1942	0.04840370751802266	0.009268795056642637	0.0005149330587023687	0	uniform control	full
maximum-coordinate F ILR A1	47	1942	0.052008238928939236	0.01184346035015448	0.0005149330587023687	0	uniform control	full
maximum-coordinate F ILR A1	48	1942	0.05149330587023687	0.01132852729145211	0.001544799176107106	0	uniform control	full
maximum-coordinate F ILR A1	49	1942	0.055612770339855816	0.014933058702368692	0.0005149330587023687	0	uniform control	full
maximum-coordinate F ILR A1	50	1942	0.046343975283213185	0.012358393408856848	0.0005149330587023687	0	uniform control	full
maximum-coordinate F ILR A1	51	1942	0.05612770339855819	0.01184346035015448	0.0005149330587023687	0	uniform control	full
maximum-coordinate F ILR A1	52	1942	0.04737384140061792	0.010813594232749742	0.0005149330587023687	0	uniform control	full
maximum-coordinate F ILR A1	53	1942	0.04325437693099897	0.008238928939237899	0.001544799176107106	0	uniform control	full
maximum-coordinate F ILR A1	54	1942	0.042224510813594233	0.008238928939237899	0.0005149330587023687	0	uniform control	full
maximum-coordinate F ILR A1	55	1942	0.042224510813594233	0.007723995880535531	0.0005149330587023687	0	uniform control	full
maximum-coordinate F ILR A1	56	1942	0.040679711637487126	0.008753861997940269	0.0005149330587023687	0	uniform control	full
maximum-coordinate F ILR A1	57	1942	0.046343975283213185	0.007723995880535531	0.0	0	uniform control	full
maximum-coordinate F ILR A1	58	1942	0.04891864057672503	0.008238928939237899	0.0005149330587023687	0	uniform control	full
maximum-coordinate F ILR A1	59	1942	0.049948506694129764	0.008238928939237899	0.0005149330587023687	0	uniform control	full
maximum-coordinate F ILR A1	60	1942	0.053553038105046344	0.010813594232749742	0.0005149330587023687	0	uniform control	full
maximum-coordinate F ILR A1	61	1942	0.04582904222451081	0.009268795056642637	0.0005149330587023687	0	uniform control	full
maximum-coordinate F ILR A1	62	1942	0.05303810504634397	0.010813594232749742	0.001544799176107106	0	uniform control	full
maximum-coordinate F ILR A1	63	1942	0.0509783728115345	0.01132852729145211	0.001544799176107106	0	uniform control	full
maximum-coordinate F ILR A64	32	1942	0.053553038105046344	0.010298661174047374	0.0	0	uniform control	full
maximum-coordinate F ILR A64	33	1942	0.04891864057672503	0.013388259526261586	0.0025746652935118436	0	uniform control	full
maximum-coordinate F ILR A64	34	1942	0.055612770339855816	0.009783728115345005	0.0005149330587023687	0	uniform control	full
maximum-coordinate F ILR A64	35	1942	0.05046343975283213	0.008753861997940269	0.0	0	uniform control	full
maximum-coordinate F ILR A64	36	1942	0.04943357363542739	0.010298661174047374	0.0005149330587023687	0	uniform control	full
maximum-coordinate F ILR A64	37	1942	0.04376930998970134	0.009268795056642637	0.0010298661174047373	0	uniform control	full
maximum-coordinate F ILR A64	38	1942	0.057672502574665295	0.010298661174047374	0.001544799176107106	0	uniform control	full
maximum-coordinate F ILR A64	39	1942	0.04891864057672503	0.009783728115345005	0.0005149330587023687	0	uniform control	full
maximum-coordinate F ILR A64	40	1942	0.055612770339855816	0.012358393408856848	0.0005149330587023687	0	uniform control	full
maximum-coordinate F ILR A64	41	1942	0.05149330587023687	0.009783728115345005	0.001544799176107106	0	uniform control	full
maximum-coordinate F ILR A64	42	1942	0.047888774459320285	0.010813594232749742	0.0005149330587023687	0	uniform control	full
maximum-coordinate F ILR A64	43	1942	0.05046343975283213	0.010813594232749742	0.0010298661174047373	0	uniform control	full
maximum-coordinate F ILR A64	44	1942	0.049948506694129764	0.014418125643666324	0.0005149330587023687	0	uniform control	full
maximum-coordinate F ILR A64	45	1942	0.053553038105046344	0.010298661174047374	0.001544799176107106	0	uniform control	full
maximum-coordinate F ILR A64	46	1942	0.05252317198764161	0.008238928939237899	0.0010298661174047373	0	uniform control	full
maximum-coordinate F ILR A64	47	1942	0.05973223480947477	0.013903192584963954	0.0	0	uniform control	full
maximum-coordinate F ILR A64	48	1942	0.05046343975283213	0.008753861997940269	0.0005149330587023687	0	uniform control	full
maximum-coordinate F ILR A64	49	1942	0.049948506694129764	0.009268795056642637	0.0025746652935118436	0	uniform control	full
maximum-coordinate F ILR A64	50	1942	0.04325437693099897	0.008238928939237899	0.0005149330587023687	0	uniform control	full
maximum-coordinate F ILR A64	51	1942	0.05509783728115345	0.010813594232749742	0.0005149330587023687	0	uniform control	full
maximum-coordinate F ILR A64	52	1942	0.057157569515962924	0.014418125643666324	0.0010298661174047373	0	uniform control	full
maximum-coordinate F ILR A64	53	1942	0.04582904222451081	0.008238928939237899	0.0010298661174047373	0	uniform control	full
maximum-coordinate F ILR A64	54	1942	0.052008238928939236	0.008753861997940269	0.0010298661174047373	0	uniform control	full
maximum-coordinate F ILR A64	55	1942	0.04376930998970134	0.007209062821833162	0.0005149330587023687	0	uniform control	full
maximum-coordinate F ILR A64	56	1942	0.04582904222451081	0.010813594232749742	0.0	0	uniform control	full
maximum-coordinate F ILR A64	57	1942	0.04685890834191555	0.010298661174047374	0.0005149330587023687	0	uniform control	full
maximum-coordinate F ILR A64	58	1942	0.05509783728115345	0.01132852729145211	0.0005149330587023687	0	uniform control	full
maximum-coordinate F ILR A64	59	1942	0.053553038105046344	0.009268795056642637	0.0005149330587023687	0	uniform control	full
maximum-coordinate F ILR A64	60	1942	0.052008238928939236	0.01184346035015448	0.0005149330587023687	0	uniform control	full
maximum-coordinate F ILR A64	61	1942	0.04737384140061792	0.01184346035015448	0.0020597322348094747	0	uniform control	full
maximum-coordinate F ILR A64	62	1942	0.052008238928939236	0.010813594232749742	0.0010298661174047373	0	uniform control	full
maximum-coordinate F ILR A64	63	1942	0.04737384140061792	0.01132852729145211	0.0020597322348094747	0	uniform control	full
maximum-coordinate F proportions A1	32	1942	0.04376930998970134	0.010298661174047374	0.0010298661174047373	0	uniform control	full
maximum-coordinate F proportions A1	33	1942	0.046343975283213185	0.009783728115345005	0.0010298661174047373	0	uniform control	full
maximum-coordinate F proportions A1	34	1942	0.053553038105046344	0.012358393408856848	0.0005149330587023687	0	uniform control	full
maximum-coordinate F proportions A1	35	1942	0.04582904222451081	0.009783728115345005	0.0005149330587023687	0	uniform control	full
maximum-coordinate F proportions A1	36	1942	0.052008238928939236	0.009268795056642637	0.0005149330587023687	0	uniform control	full
maximum-coordinate F proportions A1	37	1942	0.04170957775489186	0.013388259526261586	0.001544799176107106	0	uniform control	full
maximum-coordinate F proportions A1	38	1942	0.05252317198764161	0.012358393408856848	0.0010298661174047373	0	uniform control	full
maximum-coordinate F proportions A1	39	1942	0.05149330587023687	0.010813594232749742	0.0010298661174047373	0	uniform control	full
maximum-coordinate F proportions A1	40	1942	0.04840370751802266	0.010298661174047374	0.0005149330587023687	0	uniform control	full
maximum-coordinate F proportions A1	41	1942	0.04943357363542739	0.010813594232749742	0.0010298661174047373	0	uniform control	full
maximum-coordinate F proportions A1	42	1942	0.04891864057672503	0.01184346035015448	0.001544799176107106	0	uniform control	full
maximum-coordinate F proportions A1	43	1942	0.05458290422245108	0.009268795056642637	0.0025746652935118436	0	uniform control	full
maximum-coordinate F proportions A1	44	1942	0.04685890834191555	0.009783728115345005	0.0	0	uniform control	full
maximum-coordinate F proportions A1	45	1942	0.04840370751802266	0.009268795056642637	0.0005149330587023687	0	uniform control	full
maximum-coordinate F proportions A1	46	1942	0.04685890834191555	0.009783728115345005	0.0	0	uniform control	full
maximum-coordinate F proportions A1	47	1942	0.052008238928939236	0.007209062821833162	0.0005149330587023687	0	uniform control	full
maximum-coordinate F proportions A1	48	1942	0.05046343975283213	0.010298661174047374	0.0005149330587023687	0	uniform control	full
maximum-coordinate F proportions A1	49	1942	0.057157569515962924	0.01132852729145211	0.0010298661174047373	0	uniform control	full
maximum-coordinate F proportions A1	50	1942	0.0427394438722966	0.009268795056642637	0.0	0	uniform control	full
maximum-coordinate F proportions A1	51	1942	0.057672502574665295	0.009268795056642637	0.0005149330587023687	0	uniform control	full
maximum-coordinate F proportions A1	52	1942	0.0509783728115345	0.007723995880535531	0.001544799176107106	0	uniform control	full
maximum-coordinate F proportions A1	53	1942	0.046343975283213185	0.007723995880535531	0.0010298661174047373	0	uniform control	full
maximum-coordinate F proportions A1	54	1942	0.05149330587023687	0.007209062821833162	0.0010298661174047373	0	uniform control	full
maximum-coordinate F proportions A1	55	1942	0.04737384140061792	0.006694129763130793	0.0010298661174047373	0	uniform control	full
maximum-coordinate F proportions A1	56	1942	0.04531410916580844	0.005664263645726055	0.0005149330587023687	0	uniform control	full
maximum-coordinate F proportions A1	57	1942	0.04840370751802266	0.010813594232749742	0.0	0	uniform control	full
maximum-coordinate F proportions A1	58	1942	0.046343975283213185	0.008238928939237899	0.001544799176107106	0	uniform control	full
maximum-coordinate F proportions A1	59	1942	0.04582904222451081	0.009268795056642637	0.001544799176107106	0	uniform control	full
maximum-coordinate F proportions A1	60	1942	0.054067971163748715	0.007209062821833162	0.0	0	uniform control	full
maximum-coordinate F proportions A1	61	1942	0.04016477857878476	0.006694129763130793	0.0010298661174047373	0	uniform control	full
maximum-coordinate F proportions A1	62	1942	0.05252317198764161	0.01132852729145211	0.0010298661174047373	0	uniform control	full
maximum-coordinate F proportions A1	63	1942	0.04685890834191555	0.01184346035015448	0.0010298661174047373	0	uniform control	full
null-variance Wald A64	32	1942	0.057672502574665295	0.009783728115345005	0.001544799176107106	0	uniform control	full
null-variance Wald A64	33	1942	0.04943357363542739	0.014933058702368692	0.0025746652935118436	0	uniform control	full
null-variance Wald A64	34	1942	0.054067971163748715	0.010298661174047374	0.0020597322348094747	0	uniform control	full
null-variance Wald A64	35	1942	0.061277033985581875	0.012358393408856848	0.0005149330587023687	0	uniform control	full
null-variance Wald A64	36	1942	0.05149330587023687	0.009268795056642637	0.001544799176107106	0	uniform control	full
null-variance Wald A64	37	1942	0.04685890834191555	0.01132852729145211	0.001544799176107106	0	uniform control	full
null-variance Wald A64	38	1942	0.05252317198764161	0.009783728115345005	0.0	0	uniform control	full
null-variance Wald A64	39	1942	0.053553038105046344	0.008238928939237899	0.0	0	uniform control	full
null-variance Wald A64	40	1942	0.05458290422245108	0.014933058702368692	0.001544799176107106	0	uniform control	full
null-variance Wald A64	41	1942	0.055612770339855816	0.010813594232749742	0.001544799176107106	0	uniform control	full
null-variance Wald A64	42	1942	0.04531410916580844	0.009783728115345005	0.0010298661174047373	0	uniform control	full
null-variance Wald A64	43	1942	0.0509783728115345	0.010813594232749742	0.0020597322348094747	0	uniform control	full
null-variance Wald A64	44	1942	0.04943357363542739	0.01184346035015448	0.001544799176107106	0	uniform control	full
null-variance Wald A64	45	1942	0.0592173017507724	0.012358393408856848	0.0010298661174047373	0	uniform control	full
null-variance Wald A64	46	1942	0.049948506694129764	0.008753861997940269	0.0020597322348094747	0	uniform control	full
null-variance Wald A64	47	1942	0.06230690010298661	0.015447991761071062	0.0020597322348094747	0	uniform control	full
null-variance Wald A64	48	1942	0.05149330587023687	0.008238928939237899	0.0010298661174047373	0	uniform control	full
null-variance Wald A64	49	1942	0.05303810504634397	0.01132852729145211	0.0010298661174047373	0	uniform control	full
null-variance Wald A64	50	1942	0.04531410916580844	0.009268795056642637	0.0010298661174047373	0	uniform control	full
null-variance Wald A64	51	1942	0.05046343975283213	0.009268795056642637	0.0020597322348094747	0	uniform control	full
null-variance Wald A64	52	1942	0.05303810504634397	0.014933058702368692	0.001544799176107106	0	uniform control	full
null-variance Wald A64	53	1942	0.04582904222451081	0.008238928939237899	0.001544799176107106	0	uniform control	full
null-variance Wald A64	54	1942	0.05046343975283213	0.008238928939237899	0.0005149330587023687	0	uniform control	full
null-variance Wald A64	55	1942	0.04376930998970134	0.007723995880535531	0.0010298661174047373	0	uniform control	full
null-variance Wald A64	56	1942	0.04531410916580844	0.008238928939237899	0.0005149330587023687	0	uniform control	full
null-variance Wald A64	57	1942	0.052008238928939236	0.01184346035015448	0.0005149330587023687	0	uniform control	full
null-variance Wald A64	58	1942	0.057157569515962924	0.010813594232749742	0.001544799176107106	0	uniform control	full
null-variance Wald A64	59	1942	0.05509783728115345	0.006179196704428424	0.0005149330587023687	0	uniform control	full
null-variance Wald A64	60	1942	0.04943357363542739	0.013388259526261586	0.0025746652935118436	0	uniform control	full
null-variance Wald A64	61	1942	0.04840370751802266	0.01132852729145211	0.003089598352214212	0	uniform control	full
null-variance Wald A64	62	1942	0.05458290422245108	0.012358393408856848	0.001544799176107106	0	uniform control	full
null-variance Wald A64	63	1942	0.0509783728115345	0.010813594232749742	0.0010298661174047373	0	uniform control	full
trace F ILR A1	32	1942	0.047888774459320285	0.010813594232749742	0.003089598352214212	0	uniform control	full
trace F ILR A1	33	1942	0.052008238928939236	0.007209062821833162	0.0005149330587023687	0	uniform control	full
trace F ILR A1	34	1942	0.06024716786817714	0.010813594232749742	0.0025746652935118436	0	uniform control	full
trace F ILR A1	35	1942	0.04891864057672503	0.007209062821833162	0.0005149330587023687	0	uniform control	full
trace F ILR A1	36	1942	0.05973223480947477	0.009783728115345005	0.001544799176107106	0	uniform control	full
trace F ILR A1	37	1942	0.047888774459320285	0.010813594232749742	0.001544799176107106	0	uniform control	full
trace F ILR A1	38	1942	0.05458290422245108	0.012873326467559218	0.0020597322348094747	0	uniform control	full
trace F ILR A1	39	1942	0.057157569515962924	0.010298661174047374	0.0025746652935118436	0	uniform control	full
trace F ILR A1	40	1942	0.05149330587023687	0.008238928939237899	0.0010298661174047373	0	uniform control	full
trace F ILR A1	41	1942	0.05252317198764161	0.01132852729145211	0.0005149330587023687	0	uniform control	full
trace F ILR A1	42	1942	0.046343975283213185	0.009268795056642637	0.0010298661174047373	0	uniform control	full
trace F ILR A1	43	1942	0.04943357363542739	0.010298661174047374	0.0025746652935118436	0	uniform control	full
trace F ILR A1	44	1942	0.04582904222451081	0.01132852729145211	0.0005149330587023687	0	uniform control	full
trace F ILR A1	45	1942	0.05252317198764161	0.010813594232749742	0.0005149330587023687	0	uniform control	full
trace F ILR A1	46	1942	0.0509783728115345	0.010298661174047374	0.0005149330587023687	0	uniform control	full
trace F ILR A1	47	1942	0.052008238928939236	0.009783728115345005	0.0005149330587023687	0	uniform control	full
trace F ILR A1	48	1942	0.04891864057672503	0.01184346035015448	0.003089598352214212	0	uniform control	full
trace F ILR A1	49	1942	0.05870236869207003	0.018022657054582905	0.0010298661174047373	0	uniform control	full
trace F ILR A1	50	1942	0.04685890834191555	0.01132852729145211	0.0005149330587023687	0	uniform control	full
trace F ILR A1	51	1942	0.057672502574665295	0.01184346035015448	0.0005149330587023687	0	uniform control	full
trace F ILR A1	52	1942	0.04685890834191555	0.009783728115345005	0.0	0	uniform control	full
trace F ILR A1	53	1942	0.04891864057672503	0.01132852729145211	0.0020597322348094747	0	uniform control	full
trace F ILR A1	54	1942	0.04582904222451081	0.008753861997940269	0.0010298661174047373	0	uniform control	full
trace F ILR A1	55	1942	0.0427394438722966	0.006179196704428424	0.0010298661174047373	0	uniform control	full
trace F ILR A1	56	1942	0.04376930998970134	0.006694129763130793	0.0010298661174047373	0	uniform control	full
trace F ILR A1	57	1942	0.04737384140061792	0.006179196704428424	0.0005149330587023687	0	uniform control	full
trace F ILR A1	58	1942	0.049948506694129764	0.008753861997940269	0.0005149330587023687	0	uniform control	full
trace F ILR A1	59	1942	0.04943357363542739	0.007723995880535531	0.0005149330587023687	0	uniform control	full
trace F ILR A1	60	1942	0.05664263645726056	0.009268795056642637	0.0010298661174047373	0	uniform control	full
trace F ILR A1	61	1942	0.04170957775489186	0.007209062821833162	0.0005149330587023687	0	uniform control	full
trace F ILR A1	62	1942	0.04891864057672503	0.009268795056642637	0.001544799176107106	0	uniform control	full
trace F ILR A1	63	1942	0.054067971163748715	0.009783728115345005	0.001544799176107106	0	uniform control	full
trace F ILR A64	32	1942	0.057672502574665295	0.009268795056642637	0.0005149330587023687	0	uniform control	full
trace F ILR A64	33	1942	0.04943357363542739	0.012358393408856848	0.0020597322348094747	0	uniform control	full
trace F ILR A64	34	1942	0.05664263645726056	0.008238928939237899	0.0005149330587023687	0	uniform control	full
trace F ILR A64	35	1942	0.05818743563336766	0.012873326467559218	0.0005149330587023687	0	uniform control	full
trace F ILR A64	36	1942	0.054067971163748715	0.009783728115345005	0.0005149330587023687	0	uniform control	full
trace F ILR A64	37	1942	0.04891864057672503	0.010298661174047374	0.0010298661174047373	0	uniform control	full
trace F ILR A64	38	1942	0.053553038105046344	0.008753861997940269	0.0020597322348094747	0	uniform control	full
trace F ILR A64	39	1942	0.05509783728115345	0.008238928939237899	0.0005149330587023687	0	uniform control	full
trace F ILR A64	40	1942	0.05509783728115345	0.012873326467559218	0.0005149330587023687	0	uniform control	full
trace F ILR A64	41	1942	0.055612770339855816	0.010813594232749742	0.001544799176107106	0	uniform control	full
trace F ILR A64	42	1942	0.04943357363542739	0.01184346035015448	0.0005149330587023687	0	uniform control	full
trace F ILR A64	43	1942	0.049948506694129764	0.012358393408856848	0.0010298661174047373	0	uniform control	full
trace F ILR A64	44	1942	0.04943357363542739	0.012358393408856848	0.0010298661174047373	0	uniform control	full
trace F ILR A64	45	1942	0.05458290422245108	0.012873326467559218	0.001544799176107106	0	uniform control	full
trace F ILR A64	46	1942	0.05046343975283213	0.008753861997940269	0.0005149330587023687	0	uniform control	full
trace F ILR A64	47	1942	0.0607621009268795	0.013388259526261586	0.0005149330587023687	0	uniform control	full
trace F ILR A64	48	1942	0.05046343975283213	0.009783728115345005	0.001544799176107106	0	uniform control	full
trace F ILR A64	49	1942	0.04891864057672503	0.010298661174047374	0.001544799176107106	0	uniform control	full
trace F ILR A64	50	1942	0.04582904222451081	0.008238928939237899	0.001544799176107106	0	uniform control	full
trace F ILR A64	51	1942	0.052008238928939236	0.009268795056642637	0.001544799176107106	0	uniform control	full
trace F ILR A64	52	1942	0.055612770339855816	0.012873326467559218	0.001544799176107106	0	uniform control	full
trace F ILR A64	53	1942	0.04479917610710608	0.007723995880535531	0.0010298661174047373	0	uniform control	full
trace F ILR A64	54	1942	0.05303810504634397	0.010813594232749742	0.0005149330587023687	0	uniform control	full
trace F ILR A64	55	1942	0.0427394438722966	0.005149330587023687	0.0010298661174047373	0	uniform control	full
trace F ILR A64	56	1942	0.04582904222451081	0.009783728115345005	0.0	0	uniform control	full
trace F ILR A64	57	1942	0.049948506694129764	0.010298661174047374	0.0010298661174047373	0	uniform control	full
trace F ILR A64	58	1942	0.055612770339855816	0.010298661174047374	0.0010298661174047373	0	uniform control	full
trace F ILR A64	59	1942	0.05303810504634397	0.009783728115345005	0.001544799176107106	0	uniform control	full
trace F ILR A64	60	1942	0.052008238928939236	0.012873326467559218	0.001544799176107106	0	uniform control	full
trace F ILR A64	61	1942	0.04891864057672503	0.014933058702368692	0.0020597322348094747	0	uniform control	full
trace F ILR A64	62	1942	0.05252317198764161	0.009268795056642637	0.0020597322348094747	0	uniform control	full
trace F ILR A64	63	1942	0.04737384140061792	0.01184346035015448	0.0020597322348094747	0	uniform control	full
trace F proportions A1	32	1942	0.049948506694129764	0.010298661174047374	0.0010298661174047373	0	uniform control	full
trace F proportions A1	33	1942	0.047888774459320285	0.009783728115345005	0.0020597322348094747	0	uniform control	full
trace F proportions A1	34	1942	0.052008238928939236	0.01184346035015448	0.0010298661174047373	0	uniform control	full
trace F proportions A1	35	1942	0.047888774459320285	0.008238928939237899	0.0	0	uniform control	full
trace F proportions A1	36	1942	0.05818743563336766	0.01184346035015448	0.0005149330587023687	0	uniform control	full
trace F proportions A1	37	1942	0.04685890834191555	0.01184346035015448	0.0010298661174047373	0	uniform control	full
trace F proportions A1	38	1942	0.054067971163748715	0.010298661174047374	0.0005149330587023687	0	uniform control	full
trace F proportions A1	39	1942	0.053553038105046344	0.012873326467559218	0.001544799176107106	0	uniform control	full
trace F proportions A1	40	1942	0.052008238928939236	0.010298661174047374	0.0005149330587023687	0	uniform control	full
trace F proportions A1	41	1942	0.05458290422245108	0.008753861997940269	0.001544799176107106	0	uniform control	full
trace F proportions A1	42	1942	0.044284243048403706	0.008753861997940269	0.0010298661174047373	0	uniform control	full
trace F proportions A1	43	1942	0.05252317198764161	0.010813594232749742	0.0025746652935118436	0	uniform control	full
trace F proportions A1	44	1942	0.04582904222451081	0.01184346035015448	0.0005149330587023687	0	uniform control	full
trace F proportions A1	45	1942	0.046343975283213185	0.009268795056642637	0.0005149330587023687	0	uniform control	full
trace F proportions A1	46	1942	0.04891864057672503	0.010813594232749742	0.0005149330587023687	0	uniform control	full
trace F proportions A1	47	1942	0.05509783728115345	0.009783728115345005	0.0010298661174047373	0	uniform control	full
trace F proportions A1	48	1942	0.04891864057672503	0.008753861997940269	0.0010298661174047373	0	uniform control	full
trace F proportions A1	49	1942	0.053553038105046344	0.016992790937178166	0.0020597322348094747	0	uniform control	full
trace F proportions A1	50	1942	0.044284243048403706	0.008753861997940269	0.0	0	uniform control	full
trace F proportions A1	51	1942	0.053553038105046344	0.009783728115345005	0.0005149330587023687	0	uniform control	full
trace F proportions A1	52	1942	0.05458290422245108	0.007723995880535531	0.001544799176107106	0	uniform control	full
trace F proportions A1	53	1942	0.0509783728115345	0.007723995880535531	0.001544799176107106	0	uniform control	full
trace F proportions A1	54	1942	0.046343975283213185	0.008238928939237899	0.0005149330587023687	0	uniform control	full
trace F proportions A1	55	1942	0.046343975283213185	0.008238928939237899	0.0010298661174047373	0	uniform control	full
trace F proportions A1	56	1942	0.04891864057672503	0.008753861997940269	0.0005149330587023687	0	uniform control	full
trace F proportions A1	57	1942	0.04840370751802266	0.009268795056642637	0.0010298661174047373	0	uniform control	full
trace F proportions A1	58	1942	0.04170957775489186	0.009783728115345005	0.0010298661174047373	0	uniform control	full
trace F proportions A1	59	1942	0.042224510813594233	0.010813594232749742	0.001544799176107106	0	uniform control	full
trace F proportions A1	60	1942	0.05870236869207003	0.010813594232749742	0.0005149330587023687	0	uniform control	full
trace F proportions A1	61	1942	0.04479917610710608	0.007723995880535531	0.0005149330587023687	0	uniform control	full
trace F proportions A1	62	1942	0.05149330587023687	0.008753861997940269	0.0005149330587023687	0	uniform control	full
trace F proportions A1	63	1942	0.04840370751802266	0.015447991761071062	0.0010298661174047373	0	uniform control	full
