test_id	null_type	analytic_p_value	calibrated_p_value	reference_nulls	degrees_of_freedom	denominator_df_bin	fdr
ENSMUSG00000021843.18:B1	label_permutation	2.349297653274969e-05	0.568635275339186	7517	8	>20	0.8997902400062849
ENSMUSG00000021843.18:B2	label_permutation	2.445884901161574e-09	0.4595637137536579	7517	8	>20	0.8895566450977648
ENSMUSG00000021843.18:B3	label_permutation	2.349269367634882e-05	0.568635275339186	7517	8	>20	0.8997902400062849
ENSMUSG00000021843.18:B4	label_permutation	2.445805168629759e-09	0.4595637137536579	7517	8	>20	0.8895566450977648
ENSMUSG00000021843.18:B5	label_permutation	1.823143052736368e-05	0.5637137536578878	7517	8	>20	0.8989814084238991
ENSMUSG00000021843.18:B6	label_permutation	4.025291066196704e-13	0.655593220338983	1474	16	>20	0.9065341329856584
ENSMUSG00000002279.20:B1	label_permutation	0.0278609858560545	0.6578947368421053	10715	6	>20	0.9069038962860783
ENSMUSG00000002279.20:B2	label_permutation	9.659347710643746e-10	0.26710570376158055	8958	3	>20	0.8750110119110907
ENSMUSG00000002279.20:B3	label_permutation	0.440552432483086	0.8018752092867507	8958	3	>20	0.9423711272318666
ENSMUSG00000020882.18:B1	label_permutation	0.0079376017859235	0.5124148538782685	13652	5	>20	0.894080632179703
ENSMUSG00000020882.18:B2	label_permutation	0.0287999068811841	0.5737200615249396	13652	5	>20	0.8997902400062849
ENSMUSG00000020882.18:B3	label_permutation	9.142293809515288e-22	0.33686576750160563	6227	10	>20	0.8768883635306256
ENSMUSG00000026566.16:B1	label_permutation	3.599617689984831e-15	0.6386138613861386	403	15	11-20	0.9044849332081017
ENSMUSG00000026566.16:B2	label_permutation	0.1194310209945612	0.9110251450676983	1033	10	11-20	0.9836970211278798
ENSMUSG00000026566.16:B3	label_permutation	9.716116023753911e-07	0.6411992263056093	1033	10	11-20	0.9050223671739888
ENSMUSG00000031154.16:B1	label_permutation	8.106910613501263e-22	0.30165289256198347	1209	8	11-20	0.8768883635306256
ENSMUSG00000031154.16:B2	label_permutation	0.9309911769870488	0.9742569623215539	4272	4	11-20	1.0
ENSMUSG00000031154.16:B5	label_permutation	0.8378263927246612	0.9576410016381933	4272	4	11-20	1.0
ENSMUSG00000040003.19:B1	label_permutation	1.87671017160388e-14	0.6668649613325401	1680	18	>20	0.9092509515256175
ENSMUSG00000040003.19:B2	label_permutation	2.3512261111883243e-30	0.45211183819155265	1680	18	>20	0.8884086579942446
ENSMUSG00000040003.19:B3	label_permutation	1.4989704631742811e-40	0.2978723404255319	281	27	>20	0.8768883635306256
ENSMUSG00000061904.13:B1	label_permutation	4.052882042298064e-12	0.32929782082324455	825	4	6-10	0.8768883635306256
ENSMUSG00000061904.13:B2	label_permutation	0.9933378710366484	0.9829339143064634	2753	2	6-10	1.0
ENSMUSG00000061904.13:B3	label_permutation	1.4419062860885609e-05	0.2726942628903413	2753	2	6-10	0.8750110119110907
ENSMUSG00000015090.14:B1	label_permutation	2.186125613960602e-18	0.40135396518375244	1033	10	11-20	0.8802533382017219
ENSMUSG00000015090.14:B2	label_permutation	0.0158532648086748	0.5536270582999555	2246	5	11-20	0.8956389798674386
ENSMUSG00000021720.12:B1	label_permutation	1.8238093145178176e-36	0.24607426565675225	5412	12	>20	0.8695150142445928
ENSMUSG00000021720.12:B2	label_permutation	1.3802005715961097e-18	0.20419248069252313	11782	4	>20	0.8674506604704691
ENSMUSG00000024789.14:B1	label_permutation	0.0204620232237313	0.5824947343786567	4272	4	11-20	0.8997902400062849
ENSMUSG00000024789.14:B2	label_permutation	0.030414002009744	0.41687208983840046	7301	2	11-20	0.8802533382017219
ENSMUSG00000027985.15:B1	label_permutation	3.388643703694701e-129	0.013794482207117154	5001	3	11-20	0.8606239104020287
ENSMUSG00000027985.15:B2	label_permutation	2.208548543279449e-07	0.2919448153093013	2246	5	11-20	0.8750110119110907
ENSMUSG00000032503.19:B1	label_permutation	1.0	1.0	195	40	>20	1.0
ENSMUSG00000032503.19:B2	label_permutation	2.954218902734864e-63	0.34	199	32	>20	0.8772378175865799
ENSMUSG00000037703.15:B1	label_permutation	9.284747990318735e-40	0.09229189996267263	10715	6	>20	0.8606239104020287
ENSMUSG00000037703.15:B2	label_permutation	6.047450101176784e-29	0.14921612541993282	10715	6	>20	0.8606239104020287
ENSMUSG00000041540.17:B2	label_permutation	0.753773465603421	0.890916149068323	2575	1	>20	0.9741370112064653
ENSMUSG00000050530.15:B1	label_permutation	2.922874744266043e-06	0.6256198347107438	1209	8	11-20	0.9037363545202307
ENSMUSG00000050530.15:B2	label_permutation	1.6890499225154243e-06	0.35829627896091737	4272	4	11-20	0.8799716412619639
ENSMUSG00000063077.16:B2	label_permutation	1.132525324498275e-12	0.5357472750785147	5412	12	>20	0.894080632179703
ENSMUSG00000000384.16:B1	label_permutation	0.0005245152983931	0.25757906215921483	4584	1	6-10	0.8724251253863782
ENSMUSG00000001558.6:B1	label_permutation	5.4984572018109555e-84	0.07737941707505804	7753	1	11-20	0.8606239104020287
ENSMUSG00000003865.17:B1	label_permutation	0.2084732510724694	0.6988503181158612	8958	3	>20	0.9151749227970307
ENSMUSG00000006262.16:B1	label_permutation	1.8390901212682837e-90	0.06652528183949101	8958	3	>20	0.8606239104020287
ENSMUSG00000010086.18:B3	label_permutation	1.0	1.0	5617	7	>20	1.0
ENSMUSG00000015837.16:B1	label_permutation	0.5621497985063569	0.8712370907492859	13652	5	>20	0.9657719773454814
ENSMUSG00000018820.14:B1	label_permutation	2.5541763146878936e-08	0.286527514231499	8958	3	>20	0.8750110119110907
ENSMUSG00000020173.18:B1	label_permutation	0.0040771274031178	0.49936348977340234	11782	4	>20	0.8921327130306684
ENSMUSG00000020608.8:B1	label_permutation	1.0	1.0	11782	4	>20	1.0
ENSMUSG00000021061.16:B1	label_permutation	8.811450676316697e-14	0.3453186187255251	5617	7	>20	0.8777499279143155
ENSMUSG00000021596.18:B1	label_permutation	0.2056660187410686	0.5581243184296619	4584	1	6-10	0.8956389798674386
ENSMUSG00000022208.13:B1	label_permutation	0.0526285645226411	0.8124501197126895	7517	8	>20	0.9473665900334268
ENSMUSG00000023805.18:B1	label_permutation	1.940210210272928e-21	0.18409957839791208	4980	2	>20	0.8660184484869279
ENSMUSG00000024421.17:B1	label_permutation	0.1353686531756237	0.5235795454545454	3519	1	1-5	0.894080632179703
ENSMUSG00000024924.15:B2	label_permutation	0.3202933802459454	0.769158957820589	11782	4	>20	0.9334594535365182
ENSMUSG00000025413.14:B1	label_permutation	0.7131605165264817	0.8650873318610721	4980	2	>20	0.9635614497117158
ENSMUSG00000026113.18:B1	label_permutation	1.0239733656542662e-27	0.4596774193548387	867	15	>20	0.8895566450977648
ENSMUSG00000026600.13:B1	label_permutation	0.9464906872583834	0.966412213740458	4584	1	6-10	1.0
ENSMUSG00000027002.14:B1	label_permutation	0.015281218689024	0.6245800671892497	10715	6	>20	0.9037363545202307
ENSMUSG00000027652.16:B1	label_permutation	0.1054276066282709	0.6684245220830587	13652	5	>20	0.9102726673458381
ENSMUSG00000028165.10:B1	label_permutation	0.738948154284179	0.90914164527291	8958	3	>20	0.9819754866618601
ENSMUSG00000028785.14:B1	label_permutation	9.85401603318938e-45	0.3688348820586133	1398	24	>20	0.8799716412619639
ENSMUSG00000029168.15:B1	label_permutation	0.099011539274469	0.5334059549745824	2753	2	6-10	0.894080632179703
ENSMUSG00000029676.16:B1	label_permutation	2.5928161466148883e-36	0.09632521429177629	11782	4	>20	0.8606239104020287
ENSMUSG00000030268.18:B1	label_permutation	0.6042492726932793	0.834659090909091	3519	1	1-5	0.9571860655446038
ENSMUSG00000030982.20:B1	label_permutation	0.5556138053999468	0.8180147058823529	1087	3	6-10	0.9504028149522478
ENSMUSG00000031644.20:B4	label_permutation	1.4282033226328091e-06	0.2742421200562136	4980	2	>20	0.8750110119110907
ENSMUSG00000032116.19:B1	label_permutation	0.0	0.015515124455854448	8958	3	>20	0.8606239104020287
ENSMUSG00000032531.16:B1	label_permutation	0.1789781437555048	0.5485795454545455	3519	1	1-5	0.894080632179703
ENSMUSG00000033237.20:B1	label_permutation	3.3014696259571145e-13	0.25569471910935326	13652	5	>20	0.871516558241699
ENSMUSG00000034059.15:B1	label_permutation	3.515885408642848e-83	0.08793414976912267	4980	2	>20	0.8606239104020287
ENSMUSG00000034832.16:B1	label_permutation	0.0004234787552658	0.6274275073157755	7517	8	>20	0.9037363545202307
ENSMUSG00000035649.18:B1	label_permutation	0.1712002357214376	0.8770949720670391	7517	8	>20	0.9673275726124957
ENSMUSG00000036565.8:B1	label_permutation	0.0092900717198074	0.5969578200821202	10715	6	>20	0.903460907270032
ENSMUSG00000037386.17:B1	label_permutation	2.0188609511327575e-11	0.5560687234435618	5412	12	>20	0.8956389798674386
ENSMUSG00000038145.18:B1	label_permutation	2.9921884185672254e-06	0.4631541473834105	5617	7	>20	0.8898393180670646
ENSMUSG00000039579.16:B1	label_permutation	6.34743758076103e-14	0.40284817764904657	4142	9	>20	0.8802533382017219
ENSMUSG00000040452.10:B1	label_permutation	0.7816621108825137	0.906055900621118	2575	1	>20	0.9813753526353685
ENSMUSG00000041268.18:B1	label_permutation	2.991907066883979e-09	0.4805696355298093	4142	9	>20	0.8914176034062342
ENSMUSG00000042359.19:B2	label_permutation	1.2060238000947431e-09	0.28456250530425187	11782	4	>20	0.8750110119110907
ENSMUSG00000046982.12:B1	label_permutation	0.7488465965538882	0.90919120767207	11782	4	>20	0.9819754866618601
ENSMUSG00000049411.16:B1	label_permutation	2.2390217434228574e-115	0.04263868735349927	8958	3	>20	0.8606239104020287
ENSMUSG00000052248.18:B1	label_permutation	0.0034119116334143	0.2998909487459106	4584	1	6-10	0.8768883635306256
ENSMUSG00000054391.13:B1	label_permutation	3.2125171089653467e-261	0.016631320459872753	8958	3	>20	0.8606239104020287
ENSMUSG00000056492.7:B1	label_permutation	0.4223472129564591	0.6727272727272727	3519	1	1-5	0.9110999233898707
ENSMUSG00000060780.3:B1	label_permutation	2.923022584526101e-15	0.13927691043549711	7301	2	11-20	0.8606239104020287
ENSMUSG00000063142.16:B1	label_permutation	2.0738595223748733e-49	0.2033898305084746	1474	16	>20	0.8674506604704691
ENSMUSG00000068151.9:B1	label_permutation	0.1027556991323406	0.746267263904442	10715	6	>20	0.9294938936918066
ENSMUSG00000071856.11:B1	label_permutation	0.7930472754413369	0.9021150374000516	7753	1	11-20	0.9798389319307873
ENSMUSG00000090255.8:B1	label_permutation	0.4969209539842337	0.7582814695844208	4980	2	>20	0.9300637725810085
ENSMUSG00000111375.6:B1	label_permutation	4.9580937805642174e-20	0.430260484019952	5412	12	>20	0.8802533382017219
ENSMUSG00000005899.15:B1	label_permutation	2.114747554193638e-16	0.7647058823529411	16	11	11-20	0.9328972525138082
ENSMUSG00000005899.15:B2	label_permutation	2.6892453112357368e-08	0.3500373273609556	10715	6	>20	0.87970420814686
ENSMUSG00000005899.15:B3	label_permutation	0.0068684343333411	0.4784016073222458	8958	3	>20	0.8914176034062342
ENSMUSG00000005899.15:B4	label_permutation	0.180704436799593	0.7956326987681971	10715	6	>20	0.9412183558068725
ENSMUSG00000005899.15:B5	label_permutation	0.0019131422143477	0.43944636678200694	8958	3	>20	0.8816392733564015
ENSMUSG00000005899.15:B6	label_permutation	8.339462144364345e-07	0.7131410256410257	623	9	11-20	0.9216895185571544
ENSMUSG00000000223.14:B1	label_permutation	0.0204481848894242	0.7939244663382594	2435	6	11-20	0.9409009893787282
ENSMUSG00000000223.14:B2	label_permutation	0.0016595562053001	0.43475834356513005	8958	3	>20	0.8802533382017219
ENSMUSG00000000223.14:B3	label_permutation	0.5799083699891914	0.8548945194776203	8958	3	>20	0.9619168679350089
ENSMUSG00000016664.17:B2	label_permutation	0.7202392610572731	0.8577102163790742	7301	2	11-20	0.9625324162842946
ENSMUSG00000016664.17:B3	label_permutation	0.4453662951525763	0.8539667680786333	4272	4	11-20	0.9617601205569994
ENSMUSG00000024112.17:B1	label_permutation	0.0055103776690077	0.4983520105471325	13652	5	>20	0.8921327130306684
ENSMUSG00000024112.17:B2	label_permutation	1.3714170500557734e-290	0.11529503105590062	2575	1	>20	0.8606239104020287
ENSMUSG00000024112.17:B3	label_permutation	4.993707738066609e-07	0.5656711624919717	6227	10	>20	0.8997902400062849
ENSMUSG00000029095.18:B1	label_permutation	9.445656956832291e-06	0.5514764565043895	7517	8	>20	0.8952909757430798
ENSMUSG00000029095.18:B2	label_permutation	1.0	1.0	11782	4	>20	1.0
ENSMUSG00000029095.18:B3	label_permutation	1.0838024399033902e-17	0.4661001293183078	5412	12	>20	0.8900851353133974
ENSMUSG00000036591.17:B1	label_permutation	3.5885255905378173e-90	0.056152927120669056	836	20	>20	0.8606239104020287
ENSMUSG00000036591.17:B2	label_permutation	1.6082506218615918e-15	0.4121708413615928	6227	10	>20	0.8802533382017219
ENSMUSG00000036591.17:B4	label_permutation	1.3583927335471258e-07	0.5476878612716763	6227	10	>20	0.894080632179703
ENSMUSG00000052572.20:B1	label_permutation	1.1295504235858894e-36	0.49035025017869904	1398	24	>20	0.8914176034062342
ENSMUSG00000052572.20:B2	label_permutation	1.8914818443730184e-24	0.504406779661017	1474	16	>20	0.894080632179703
ENSMUSG00000052572.20:B3	label_permutation	0.0012426214856114	0.9322033898305084	1474	16	>20	0.9936155119413573
ENSMUSG00000004207.15:B1	label_permutation	8.017228622101818e-43	0.1559087989723828	6227	10	>20	0.8606239104020287
ENSMUSG00000004207.15:B2	label_permutation	3.4967069347486403e-40	0.4050179211469534	836	20	>20	0.8802533382017219
ENSMUSG00000019971.11:B1	label_permutation	1.9173484163819485e-52	0.0794110547912141	4142	9	>20	0.8606239104020287
ENSMUSG00000019971.11:B2	label_permutation	2.7854062878930647e-64	0.056722181993724356	4142	9	>20	0.8606239104020287
ENSMUSG00000022623.18:B1	label_permutation	2.9230777158567723e-46	0.6666666666666666	14	23	>20	0.9092509515256175
ENSMUSG00000022623.18:B2	label_permutation	4.841131045202549e-07	0.5543328748280605	1453	11	>20	0.8956389798674386
ENSMUSG00000026322.10:B1	label_permutation	0.5187886317721825	0.8395994228973945	11782	4	>20	0.9572107328688597
ENSMUSG00000028677.20:B1	label_permutation	1.521440153566132e-05	0.3917622279428973	4272	4	11-20	0.8802533382017219
ENSMUSG00000028677.20:B2	label_permutation	0.0025590543041399	0.3099150917556834	7301	2	11-20	0.8768883635306256
ENSMUSG00000031169.14:B1	label_permutation	2.3202265507757923e-28	0.07970419063270337	7301	2	11-20	0.8606239104020287
ENSMUSG00000031169.14:B2	label_permutation	4.029774258430457e-42	0.05172413793103448	2435	6	11-20	0.8606239104020287
ENSMUSG00000034088.16:B1	label_permutation	0.0003683531942626	0.6822414900449583	6227	10	>20	0.9110999233898707
ENSMUSG00000034088.16:B2	label_permutation	0.8232363662533436	0.9381088405478649	13652	5	>20	0.9952457812611201
ENSMUSG00000042807.16:B1	label_permutation	2.227524325838742e-31	0.11499618093864042	11782	4	>20	0.8606239104020287
ENSMUSG00000042807.16:B2	label_permutation	5.4226283373596106e-27	0.2615057196062783	7517	8	>20	0.8750110119110907
ENSMUSG00000075415.14:B1	label_permutation	6.684830119545784e-19	0.21668533034714446	10715	6	>20	0.8674506604704691
ENSMUSG00000075415.14:B2	label_permutation	5.367313977353355e-54	0.24874910650464618	1398	24	>20	0.8695150142445928
ENSMUSG00000001627.13:B1	label_permutation	0.4370564067673156	0.7465062111801242	2575	1	>20	0.9294938936918066
ENSMUSG00000003948.18:B1	label_permutation	1.911679849383371e-09	0.24289772727272727	3519	1	1-5	0.8674506604704691
ENSMUSG00000006276.11:B1	label_permutation	3.1372767325576085e-42	0.16558049722423365	4142	9	>20	0.8660184484869279
ENSMUSG00000010095.14:B1	label_permutation	9.023550623911092e-07	0.21895424836601307	2753	2	6-10	0.8674506604704691
ENSMUSG00000015850.12:B1	label_permutation	0.846095981476607	0.8878953107960742	4584	1	6-10	0.9739692644246256
ENSMUSG00000018865.10:B1	label_permutation	0.0024015904577921	0.36885245901639346	5001	3	11-20	0.8799716412619639
ENSMUSG00000020176.18:B1	label_permutation	0.8444137051832767	0.8850599781897491	4584	1	6-10	0.972203011909323
ENSMUSG00000020612.17:B1	label_permutation	0.0003345880879325	0.42474181498571745	13652	5	>20	0.8802533382017219
ENSMUSG00000021071.18:B1	label_permutation	8.183655142139438e-56	0.23230879199428162	1398	24	>20	0.8674506604704691
ENSMUSG00000021669.16:B2	label_permutation	0.7968372544455367	0.937624950019992	5001	3	11-20	0.9952022969744554
ENSMUSG00000022237.18:B1	label_permutation	0.0015300999639667	0.5260358342665173	10715	6	>20	0.894080632179703
ENSMUSG00000022661.15:B1	label_permutation	0.8884265636646961	0.9428923582580115	7301	2	11-20	0.9977857387171685
ENSMUSG00000024425.5:B1	label_permutation	0.067163574545701	0.6320955101442907	13652	5	>20	0.9037363545202307
ENSMUSG00000024941.10:B1	label_permutation	1.841101974426908e-21	0.10449192002191181	7301	2	11-20	0.8606239104020287
ENSMUSG00000025422.11:B1	label_permutation	4.0531362107849365e-54	0.10955108073157215	5412	12	>20	0.8606239104020287
ENSMUSG00000026116.12:B1	label_permutation	1.0	1.0	4142	9	>20	1.0
ENSMUSG00000026604.18:B1	label_permutation	0.5925762791527861	0.7911531087373322	7301	2	11-20	0.9406407828282828
ENSMUSG00000027007.17:B1	label_permutation	0.8834309012308665	0.9409750753218297	7301	2	11-20	0.996874584746889
ENSMUSG00000027655.15:B1	label_permutation	7.527536935768206e-24	0.16540779088517354	11782	4	>20	0.8660184484869279
ENSMUSG00000028176.14:B1	label_permutation	9.916624618708632e-20	0.3309390795424315	7517	8	>20	0.8768883635306256
ENSMUSG00000028788.15:B1	label_permutation	1.0	1.0	2246	5	11-20	1.0
ENSMUSG00000029169.12:B1	label_permutation	0.0029455984613537	0.488585249936349	11782	4	>20	0.8914176034062342
ENSMUSG00000029684.15:B1	label_permutation	5.069120616677885e-58	0.08276966892132431	5617	7	>20	0.8606239104020287
ENSMUSG00000030275.7:B1	label_permutation	1.8290963482526508e-73	0.08566329565734682	1680	18	>20	0.8606239104020287
ENSMUSG00000030987.6:B1	label_permutation	1.0418682799468306e-15	0.42644628099173554	1209	8	11-20	0.8802533382017219
ENSMUSG00000032118.17:B1	label_permutation	0.945205020924483	0.9756611280131056	4272	4	11-20	1.0
ENSMUSG00000032536.13:B1	label_permutation	4.4266367545310286e-41	0.4152966404574696	1398	24	>20	0.8802533382017219
ENSMUSG00000033257.15:B1	label_permutation	6.683169003575999e-05	0.39981329033353136	11782	4	>20	0.8802533382017219
ENSMUSG00000034066.14:B1	label_permutation	5.145875554733736e-40	0.10766864425401011	13652	5	>20	0.8606239104020287
ENSMUSG00000034848.18:B1	label_permutation	0.6086020609667339	0.8652751423149905	8958	3	>20	0.9635614497117158
ENSMUSG00000035653.17:B1	label_permutation	0.1174975199535546	0.6418127023105257	8958	3	>20	0.9050223671739888
ENSMUSG00000036568.8:B1	label_permutation	0.0125907388025445	0.5313117996044825	13652	5	>20	0.894080632179703
ENSMUSG00000037416.14:B1	label_permutation	6.842798075449095e-43	0.08044046285927585	10715	6	>20	0.8606239104020287
ENSMUSG00000038156.17:B1	label_permutation	1.167644009500601e-31	0.11389289654587118	11782	4	>20	0.8606239104020287
ENSMUSG00000038679.17:B1	label_permutation	1.0617056139980709e-19	0.4376501016072418	5412	12	>20	0.8802533382017219
ENSMUSG00000039601.17:B1	label_permutation	1.0	1.0	63	10	6-10	1.0
ENSMUSG00000040455.18:B1	label_permutation	8.300566681406163e-31	0.23024740622505985	7517	8	>20	0.8674506604704691
ENSMUSG00000041297.9:B1	label_permutation	0.0033448319315329	0.493168123567852	11782	4	>20	0.8921327130306684
ENSMUSG00000042388.15:B1	label_permutation	0.1595426484488993	0.8273406906372375	5617	7	>20	0.9536325224293042
ENSMUSG00000044288.7:B1	label_permutation	5.627245015575714e-06	0.36213188491895104	11782	4	>20	0.8799716412619639
ENSMUSG00000047013.16:B1	label_permutation	2.244010991177153e-74	0.03232242617717478	7517	8	>20	0.8606239104020287
ENSMUSG00000049532.12:B1	label_permutation	0.032226404343313	0.46721795629060836	1692	2	1-5	0.8909240434531454
ENSMUSG00000052299.10:B1	label_permutation	3.069992948358825e-21	0.18540015626744055	8958	3	>20	0.8660184484869279
ENSMUSG00000054405.15:B1	label_permutation	1.099709293300554e-07	0.5110837438423645	2435	6	11-20	0.894080632179703
ENSMUSG00000056493.10:B1	label_permutation	2.1449997850418527e-48	0.057244590523144345	7301	2	11-20	0.8606239104020287
ENSMUSG00000058624.14:B1	label_permutation	1.156756156756974e-31	0.09564860426929392	2435	6	11-20	0.8606239104020287
ENSMUSG00000060961.17:B1	label_permutation	0.0111593797374439	0.7341048151104017	7517	8	>20	0.92506913456968
ENSMUSG00000063145.11:B1	label_permutation	1.9740777571041892e-97	0.05982810581538118	8958	3	>20	0.8606239104020287
ENSMUSG00000068250.14:B1	label_permutation	0.5073759731692213	0.8357803615378087	11782	4	>20	0.9571860655446038
ENSMUSG00000071862.4:B1	label_permutation	0.5160653792765219	0.8327938385980578	8958	3	>20	0.9566910814569712
ENSMUSG00000112925.2:B1	label_permutation	0.0769507697372908	0.7235908921239268	10715	6	>20	0.9248627614348484
ENSMUSG00000010066.16:B1	label_permutation	0.7415646507531848	0.9702048417132216	7517	8	>20	1.0
ENSMUSG00000010066.16:B2	label_permutation	0.7692819353556013	0.9743801652892562	1209	8	11-20	1.0
ENSMUSG00000010066.16:B3	label_permutation	0.7773962470257452	0.918526690995502	11782	4	>20	0.9865819668579794
ENSMUSG00000010066.16:B4	label_permutation	0.981670446326958	0.9843043362596435	7517	8	>20	1.0
ENSMUSG00000047213.15:B1	label_permutation	5.9705055318115016e-15	0.14494202319072372	5001	3	11-20	0.8606239104020287
ENSMUSG00000047213.15:B2	label_permutation	0.0186382684700125	0.4568172730907637	5001	3	11-20	0.8895566450977648
ENSMUSG00000047213.15:B3	label_permutation	6.046159262529896e-05	0.2892842862854858	5001	3	11-20	0.8750110119110907
ENSMUSG00000047213.15:B4	label_permutation	6.151182077296911e-13	0.3579638752052545	2435	6	11-20	0.8799716412619639
ENSMUSG00000019302.17:B1	label_permutation	0.0033173526066814	0.6859537110933759	7517	8	>20	0.9120343129152756
ENSMUSG00000019302.17:B2	label_permutation	1.623337161799052e-11	0.42404894918861397	7517	8	>20	0.8802533382017219
ENSMUSG00000019302.17:B3	label_permutation	0.0031992071169991	0.6846235700984304	7517	8	>20	0.9111216921958705
ENSMUSG00000025142.19:B2	label_permutation	0.0020369840011786	0.3247159090909091	3519	1	1-5	0.8768883635306256
ENSMUSG00000030134.12:B1	label_permutation	0.1862689846592419	0.8406906372374511	5617	7	>20	0.9574608339527904
ENSMUSG00000030134.12:B2	label_permutation	0.3513819580786627	0.8907084371662514	5617	7	>20	0.9741370112064653
ENSMUSG00000030134.12:B3	label_permutation	0.0025599144188736	0.8753744757339724	1668	14	>20	0.9672352950575324
ENSMUSG00000037674.16:B1	label_permutation	8.49416648139202e-54	0.06397978185687683	7517	8	>20	0.8606239104020287
ENSMUSG00000037674.16:B2	label_permutation	6.212567790516551e-24	0.16523805482474752	11782	4	>20	0.8660184484869279
ENSMUSG00000037674.16:B3	label_permutation	1.0627590905414438e-39	0.22094956585996675	5412	12	>20	0.8674506604704691
ENSMUSG00000058835.15:B2	label_permutation	0.0747811443850966	0.5836397058823529	1087	3	6-10	0.8997902400062849
ENSMUSG00000008855.18:B1	label_permutation	4.281610218602767e-75	0.07549430796884361	1668	14	>20	0.8606239104020287
ENSMUSG00000008855.18:B3	label_permutation	6.823919115142914e-127	0.011035955856176576	5617	7	>20	0.8606239104020287
ENSMUSG00000020458.17:B1	label_permutation	9.151562593796071e-54	0.11213744688712358	5412	12	>20	0.8606239104020287
ENSMUSG00000020458.17:B2	label_permutation	2.9170414126396143e-34	0.11739455020530049	10715	6	>20	0.8606239104020287
ENSMUSG00000023008.19:B1	label_permutation	0.5554062172946083	0.8169934640522876	2753	2	6-10	0.9497073531947698
ENSMUSG00000023008.19:B2	label_permutation	0.4681104810258824	0.7628903413217138	2753	2	6-10	0.9316868303503292
ENSMUSG00000026867.20:B1	label_permutation	0.0060727667280883	0.7465604634322954	4142	9	>20	0.9294938936918066
ENSMUSG00000026867.20:B2	label_permutation	0.0004399005547545	0.6652184407434226	4142	9	>20	0.9089593347088671
ENSMUSG00000029064.16:B1	label_permutation	0.0034278355930487	0.7488760436737315	6227	10	>20	0.9295624013670085
ENSMUSG00000029064.16:B2	label_permutation	0.4667563712331988	0.8411338167435728	13652	5	>20	0.9574608339527904
ENSMUSG00000031558.16:B1	label_permutation	3.83773890939892e-16	0.08896151053013798	2753	2	6-10	0.8606239104020287
ENSMUSG00000031558.16:B3	label_permutation	3.531831133366505e-16	0.08714596949891068	2753	2	6-10	0.8606239104020287
ENSMUSG00000035513.20:B1	label_permutation	0.2167194024599035	0.9216634429400387	1033	10	11-20	0.9878262610475873
ENSMUSG00000035513.20:B2	label_permutation	1.5552986452248486e-08	0.7722772277227723	100	20	11-20	0.9340658840244447
ENSMUSG00000040118.16:B1	label_permutation	0.0004746743026661	0.4940276222471071	10715	6	>20	0.8921327130306684
ENSMUSG00000040118.16:B2	label_permutation	6.512796888831918e-87	0.04759071980963712	1680	18	>20	0.8606239104020287
ENSMUSG00000045427.14:B1	label_permutation	3.994731272732356e-35	0.05803884858413293	4272	4	11-20	0.8606239104020287
ENSMUSG00000045427.14:B3	label_permutation	5.189224720478376e-26	0.0817672930827669	5001	3	11-20	0.8606239104020287
ENSMUSG00000056851.15:B1	label_permutation	1.0756250904896169e-37	0.17794970986460348	1033	10	11-20	0.8660184484869279
ENSMUSG00000056851.15:B2	label_permutation	0.0146208826912682	0.5500667556742324	2246	5	11-20	0.894080632179703
ENSMUSG00000092035.9:B1	label_permutation	0.4180121502548647	0.6659090909090909	3519	1	1-5	0.9089593347088671
ENSMUSG00000092035.9:B2	label_permutation	0.4012156532358517	0.6460227272727272	3519	1	1-5	0.9053280185658723
ENSMUSG00000001924.16:B1	label_permutation	1.7385236293434469e-12	0.28611422172452405	10715	6	>20	0.8750110119110907
ENSMUSG00000004360.10:B1	label_permutation	0.0268053783708214	0.6552818215752146	10715	6	>20	0.9063824272573144
ENSMUSG00000006676.18:B1	label_permutation	0.1810843717685268	0.7085631842484936	11782	4	>20	0.9212513888388844
ENSMUSG00000010914.11:B1	label_permutation	3.0151472016417846e-11	0.2505860029021096	8958	3	>20	0.8695150142445928
ENSMUSG00000016921.15:B1	label_permutation	0.9536322233929576	0.9657133157939404	11782	4	>20	1.0
ENSMUSG00000019699.17:B1	label_permutation	9.211759290126957e-16	0.23804292096975024	13652	5	>20	0.8674506604704691
ENSMUSG00000020262.16:B1	label_permutation	3.364875535725634e-39	0.1549614259111466	7517	8	>20	0.8606239104020287
ENSMUSG00000020674.18:B1	label_permutation	3.978756497623897e-38	0.11638467736028711	13652	5	>20	0.8606239104020287
ENSMUSG00000021140.10:B1	label_permutation	0.7535859126204181	0.9592381630473478	5617	7	>20	1.0
ENSMUSG00000021725.10:B1	label_permutation	3.6390750919306953e-13	0.25613418296345125	13652	5	>20	0.8720204683619317
ENSMUSG00000022311.16:B1	label_permutation	1.8378613241597685e-33	0.14165384897092215	13652	5	>20	0.8606239104020287
ENSMUSG00000022771.18:B1	label_permutation	0.863941396000151	0.9314825753101004	1692	2	1-5	0.9936108932930432
ENSMUSG00000024002.19:B1	label_permutation	1.502415656817033e-07	0.5191889934829833	4142	9	>20	0.894080632179703
ENSMUSG00000024524.18:B1	label_permutation	4.730124469808823e-26	0.5127900059488399	1680	18	>20	0.894080632179703
ENSMUSG00000025571.14:B1	label_permutation	6.794393424187011e-51	0.10195889531149646	6227	10	>20	0.8606239104020287
ENSMUSG00000026211.19:B1	label_permutation	0.0684959321556483	0.4501635768811341	4584	1	6-10	0.8879911375091342
ENSMUSG00000026740.13:B1	label_permutation	0.170580761144284	0.7146414707390317	13652	5	>20	0.9220008085299167
ENSMUSG00000027206.14:B1	label_permutation	7.5952179916717424e-34	0.10421794110158704	11782	4	>20	0.8606239104020287
ENSMUSG00000027751.14:B1	label_permutation	0.2147810527582228	0.758015445822607	4272	4	11-20	0.9300637725810085
ENSMUSG00000028312.20:B1	label_permutation	0.0126645588808475	0.4173136645962733	2575	1	>20	0.8802533382017219
ENSMUSG00000028863.14:B1	label_permutation	0.554771196172343	0.7703368940016434	7301	2	11-20	0.933502867530847
ENSMUSG00000029267.18:B1	label_permutation	1.600520693229499e-52	0.06836924714019686	7517	8	>20	0.8606239104020287
ENSMUSG00000029757.17:B1	label_permutation	0.0011099165706867	0.3621762698253363	4980	2	>20	0.8799716412619639
ENSMUSG00000030376.9:B1	label_permutation	0.0844893488252874	0.7304031354983203	10715	6	>20	0.9249658667442068
ENSMUSG00000031161.16:B1	label_permutation	0.0353650096502226	0.3656177456796492	7753	1	11-20	0.8799716412619639
ENSMUSG00000031749.13:B1	label_permutation	3.805473638650403e-73	0.05588515344612906	13652	5	>20	0.8606239104020287
ENSMUSG00000032212.11:B1	label_permutation	1.1175796712470115e-09	0.4723630219647598	4142	9	>20	0.8914176034062342
ENSMUSG00000032579.15:B1	label_permutation	0.0003031073497559	0.26253081347576007	7301	2	11-20	0.8750110119110907
ENSMUSG00000033400.15:B1	label_permutation	1.3063916107826945e-12	0.16444929116684842	4584	1	6-10	0.8660184484869279
ENSMUSG00000034243.18:B1	label_permutation	1.5074846672246316e-62	0.055876685934489405	6227	10	>20	0.8606239104020287
ENSMUSG00000034940.16:B1	label_permutation	1.8470777347608315e-47	0.1418622646376064	7753	1	11-20	0.8606239104020287
ENSMUSG00000035864.15:B1	label_permutation	2.2141893326246052e-51	0.1265472011823388	5412	12	>20	0.8606239104020287
ENSMUSG00000036745.16:B1	label_permutation	2.9943622786047424e-14	0.3408686365254539	5617	7	>20	0.8772378175865799
ENSMUSG00000037593.13:B1	label_permutation	0.992865256054189	0.9937888198757764	2575	1	>20	1.0
ENSMUSG00000038296.15:B1	label_permutation	2.281388697352741e-98	0.0171939477303989	1453	11	>20	0.8606239104020287
ENSMUSG00000038872.11:B1	label_permutation	1.534057691080234e-53	0.052818215752146326	10715	6	>20	0.8606239104020287
ENSMUSG00000039735.17:B1	label_permutation	1.0869200224253327e-05	0.3718917083934482	11782	4	>20	0.8799716412619639
ENSMUSG00000040560.11:B1	label_permutation	1.4543138186009768e-42	0.09719475573134109	13652	5	>20	0.8606239104020287
ENSMUSG00000041439.16:B1	label_permutation	1.107763598445736e-17	0.20660788034378838	8958	3	>20	0.8674506604704691
ENSMUSG00000042523.13:B1	label_permutation	3.709850747193768e-42	0.08333333333333333	10715	6	>20	0.8606239104020287
ENSMUSG00000044676.11:B1	label_permutation	0.4142314865987174	0.7926107824533988	8958	3	>20	0.9409009893787282
ENSMUSG00000047459.15:B1	label_permutation	0.956068173128854	0.9795454545454545	3519	1	1-5	1.0
ENSMUSG00000049939.7:B1	label_permutation	0.1042376477712778	0.5819672131147541	5001	3	11-20	0.8997902400062849
ENSMUSG00000052539.16:B1	label_permutation	8.226668403566168e-33	0.08908045977011494	2435	6	11-20	0.8606239104020287
ENSMUSG00000054808.16:B1	label_permutation	4.7395975094427e-13	0.4052939611598829	7517	8	>20	0.8802533382017219
ENSMUSG00000056820.8:B1	label_permutation	1.0677982226023889e-45	0.0884787226250641	13652	5	>20	0.8606239104020287
ENSMUSG00000058897.19:B2	label_permutation	0.9280772311864612	0.9658678286129266	2753	2	6-10	1.0
ENSMUSG00000061353.12:B1	label_permutation	0.0454906931790025	0.4318181818181818	3519	1	1-5	0.8802533382017219
ENSMUSG00000063796.10:B1	label_permutation	0.0029913193331924	0.3352272727272727	3519	1	1-5	0.8768883635306256
ENSMUSG00000068917.13:B1	label_permutation	3.977492813544005e-12	0.2557922430620385	11782	4	>20	0.871516558241699
ENSMUSG00000073791.14:B1	label_permutation	0.0623582727071735	0.4004384833634253	7753	1	11-20	0.8802533382017219
ENSMUSG00000085586.3:B1	label_permutation	0.00267813320836	0.44792945641254606	8958	3	>20	0.8879554376347516
ENSMUSG00000097006.9:B1	label_permutation	3.92621124966656e-90	0.03555070883315158	4584	1	6-10	0.8606239104020287
ENSMUSG00000115311.3:B1	label_permutation	5.5222451014111984e-08	0.20273407273665206	7753	1	11-20	0.8674506604704691
ENSMUSG00000022995.17:B1	label_permutation	8.49527169068736e-27	0.3511915758359505	5412	12	>20	0.87970420814686
ENSMUSG00000022995.17:B2	label_permutation	1.66632021521225e-05	0.7304636985036025	5412	12	>20	0.9249658667442068
ENSMUSG00000022995.17:B3	label_permutation	0.0035867864776467	0.555431131019037	10715	6	>20	0.8956389798674386
ENSMUSG00000022995.17:B4	label_permutation	0.0136843019753773	0.61832773422919	10715	6	>20	0.9037363545202307
ENSMUSG00000022995.17:B5	label_permutation	6.636046751445726e-37	0.10470324748040313	10715	6	>20	0.8606239104020287
ENSMUSG00000050144.14:B1	label_permutation	0.0362277261670763	0.8185550082101807	2435	6	11-20	0.9505390715494967
ENSMUSG00000050144.14:B2	label_permutation	0.0094261421691028	0.4188324670131947	5001	3	11-20	0.8802533382017219
ENSMUSG00000050144.14:B3	label_permutation	0.2324105753361105	0.6765293882447021	5001	3	11-20	0.9110999233898707
ENSMUSG00000050144.14:B4	label_permutation	0.1019345526598876	0.5797680927628949	5001	3	11-20	0.8997902400062849
ENSMUSG00000019775.18:B1	label_permutation	2.7378200211366224e-12	0.41380686352753393	7517	8	>20	0.8802533382017219
ENSMUSG00000019775.18:B2	label_permutation	0.0022157223124533	0.47899516252227786	11782	4	>20	0.8914176034062342
ENSMUSG00000019775.18:B3	label_permutation	7.560614648658904e-07	0.33836883645930577	11782	4	>20	0.8772378175865799
ENSMUSG00000025231.18:B1	label_permutation	5.835388893618557e-13	0.4066241021548284	7517	8	>20	0.8802533382017219
ENSMUSG00000025231.18:B2	label_permutation	1.0	1.0	11782	4	>20	1.0
ENSMUSG00000025231.18:B3	label_permutation	0.0006475684994939	0.44369006195366206	11782	4	>20	0.8834484441381291
ENSMUSG00000030223.15:B1	label_permutation	1.9160313892333906e-13	0.33276740237691	588	6	6-10	0.8768883635306256
ENSMUSG00000030223.15:B2	label_permutation	0.4066107212287957	0.6967953985209532	7301	2	11-20	0.9150593486619103
ENSMUSG00000030223.15:B3	label_permutation	0.0191687898289305	0.3881128457956724	7301	2	11-20	0.8802533382017219
ENSMUSG00000037685.16:B1	label_permutation	0.0779602831109422	0.6422764227642277	13652	5	>20	0.9050549984678621
ENSMUSG00000037685.16:B2	label_permutation	0.1681000508737252	0.7132498352010547	13652	5	>20	0.9216895185571544
ENSMUSG00000037685.16:B3	label_permutation	0.0063744790576644	0.7681438664097624	6227	10	>20	0.9332356138538719
ENSMUSG00000059049.15:B1	label_permutation	0.777838911913967	0.940791013339574	4272	4	11-20	0.996874584746889
ENSMUSG00000059049.15:B2	label_permutation	0.6312699329302068	0.8114215283483976	7301	2	11-20	0.9469042712016876
ENSMUSG00000059049.15:B3	label_permutation	0.7625443265750167	0.8852369213913996	7301	2	11-20	0.972203011909323
ENSMUSG00000009739.18:B1	label_permutation	0.0038354425799883	0.7516056518946692	6227	10	>20	0.9300637725810085
ENSMUSG00000009739.18:B2	label_permutation	0.0062862386344122	0.5035523328206255	13652	5	>20	0.8937457281579347
ENSMUSG00000020593.17:B1	label_permutation	1.9363383546512856e-05	0.5602716468590832	588	6	6-10	0.8969935094352405
ENSMUSG00000020593.17:B2	label_permutation	0.285734971068993	0.6677559912854031	2753	2	6-10	0.9101896951278742
ENSMUSG00000023055.11:B2	label_permutation	0.5395282503467883	0.7623938646946042	7301	2	11-20	0.9316868303503292
ENSMUSG00000029101.17:B2	label_permutation	9.297520784914123e-41	0.05142045454545455	3519	1	1-5	0.8606239104020287
ENSMUSG00000031585.14:B1	label_permutation	0.6297838123139521	0.9585385878489326	2435	6	11-20	1.0
ENSMUSG00000031585.14:B2	label_permutation	0.2646339439484926	0.6955217912834866	5001	3	11-20	0.9150593486619103
ENSMUSG00000035863.15:B1	label_permutation	1.638143726694977e-10	0.3131765584173199	10715	6	>20	0.8768883635306256
ENSMUSG00000035863.15:B2	label_permutation	3.481053967961301e-24	0.3825974505819324	5412	12	>20	0.8802533382017219
ENSMUSG00000040183.14:B1	label_permutation	0.0001309263910697	0.6570327552986512	6227	10	>20	0.9067105961865773
ENSMUSG00000040183.14:B3	label_permutation	3.442247257439093e-30	0.15945213506189115	13652	5	>20	0.8643882930858128
ENSMUSG00000045639.15:B1	label_permutation	1.0306138148524782e-25	0.234375	63	10	6-10	0.8674506604704691
ENSMUSG00000045639.15:B2	label_permutation	4.1866235471376735e-16	0.17445482866043613	2246	5	11-20	0.8660184484869279
ENSMUSG00000057113.14:B1	label_permutation	0.0004725489551807	0.5436893203883495	205	4	1-5	0.894080632179703
ENSMUSG00000057113.14:B2	label_permutation	0.0003442848981883	0.3129992737835875	2753	2	6-10	0.8768883635306256
ENSMUSG00000093674.8:B3	label_permutation	0.8812648431529843	0.9393316899479595	7301	2	11-20	0.9956029751476722
ENSMUSG00000001986.17:B1	label_permutation	0.0037159779577378	0.7291817523533671	4142	9	>20	0.9249658667442068
ENSMUSG00000004364.15:B1	label_permutation	0.1313679359884188	0.7137842265387315	4272	4	11-20	0.9218650638987467
ENSMUSG00000006699.18:B1	label_permutation	0.0846784119004979	0.7304031354983203	10715	6	>20	0.9249658667442068
ENSMUSG00000011751.17:B1	label_permutation	6.355362792658541e-52	0.1362126245847176	300	21	>20	0.8606239104020287
ENSMUSG00000016933.18:B1	label_permutation	1.8826059742980364e-05	0.3796995671730459	11782	4	>20	0.8802533382017219
ENSMUSG00000019790.18:B2	label_permutation	5.49864721966651e-05	0.3931004174906614	13652	5	>20	0.8802533382017219
ENSMUSG00000020290.15:B1	label_permutation	0.0002797348397031	0.42535856742765	11782	4	>20	0.8802533382017219
ENSMUSG00000020687.14:B1	label_permutation	6.266946123448384e-20	0.17474851689450607	7753	1	11-20	0.8660184484869279
ENSMUSG00000021156.18:B1	label_permutation	3.1960187827246365e-18	0.7144563918757467	836	20	>20	0.9220008085299167
ENSMUSG00000022340.16:B1	label_permutation	1.0	1.0	100	20	11-20	1.0
ENSMUSG00000022772.13:B1	label_permutation	0.1302586001274197	0.6528630427503069	8958	3	>20	0.9053909888911233
ENSMUSG00000024030.8:B1	label_permutation	1.4104164432480507e-69	0.06020654801142606	13652	5	>20	0.8606239104020287
ENSMUSG00000024533.18:B1	label_permutation	2.5431055591845608e-05	0.3810151615029664	13652	5	>20	0.8802533382017219
ENSMUSG00000025035.10:B1	label_permutation	1.3906196623201269e-05	0.28238636363636366	3519	1	1-5	0.8750110119110907
ENSMUSG00000025579.15:B1	label_permutation	0.0006842887454463	0.43836519446275546	13652	5	>20	0.8802561143501444
ENSMUSG00000026219.15:B1	label_permutation	1.1381506663612962e-41	0.13341314179303007	7517	8	>20	0.8606239104020287
ENSMUSG00000026748.14:B1	label_permutation	0.8200987097572229	0.9536625321787972	4272	4	11-20	0.9997106180572695
ENSMUSG00000027207.16:B1	label_permutation	1.1133923300768189e-21	0.18068403632351693	11782	4	>20	0.8660184484869279
ENSMUSG00000027805.17:B1	label_permutation	0.6124169872487211	0.8398692810457516	2753	2	6-10	0.9572107328688597
ENSMUSG00000028329.14:B1	label_permutation	1.1393404937884142e-15	0.22447593991343462	11782	4	>20	0.8674506604704691
ENSMUSG00000028868.14:B1	label_permutation	1.7716743775492838e-11	0.5636363636363636	54	7	11-20	0.8989814084238991
ENSMUSG00000029279.16:B1	label_permutation	0.0486240198241331	0.7433250266998932	5617	7	>20	0.9284035186765294
ENSMUSG00000029763.18:B1	label_permutation	0.7295350827307328	0.9043537299499279	11782	4	>20	0.9813753526353685
ENSMUSG00000030397.12:B1	label_permutation	2.786437186027071e-41	0.13660548018089919	7517	8	>20	0.8606239104020287
ENSMUSG00000031171.12:B1	label_permutation	0.0488357197595053	0.41723009814612866	4584	1	6-10	0.8802533382017219
ENSMUSG00000031753.17:B1	label_permutation	7.036252116706026e-12	0.25808367987779	11782	4	>20	0.8724251253863782
ENSMUSG00000032216.16:B1	label_permutation	1.9976346608241777e-08	0.623683724367264	5412	12	>20	0.9037363545202307
ENSMUSG00000032580.13:B1	label_permutation	5.908260262304586e-29	0.14921612541993282	10715	6	>20	0.8606239104020287
ENSMUSG00000033417.17:B1	label_permutation	0.073997048197594	0.6611280131055465	4272	4	11-20	0.9072089437851377
ENSMUSG00000034252.15:B1	label_permutation	1.3501525022042809e-05	0.37494695748111684	11782	4	>20	0.8802533382017219
ENSMUSG00000034973.17:B1	label_permutation	0.1077503071425605	0.6618857676313332	11782	4	>20	0.9076944277495305
ENSMUSG00000035877.18:B1	label_permutation	3.1382325664768247e-26	0.2686884809789838	7517	8	>20	0.8750110119110907
ENSMUSG00000036779.13:B1	label_permutation	0.2184577326078866	0.5914817858121063	7301	2	11-20	0.903460907270032
ENSMUSG00000037606.19:B1	label_permutation	0.03390981913846	0.4766111222646055	4980	2	>20	0.8914176034062342
ENSMUSG00000038301.16:B1	label_permutation	3.561176944329118e-13	0.10675381263616558	2753	2	6-10	0.8606239104020287
ENSMUSG00000038976.13:B1	label_permutation	1.0050828236355934e-06	0.6781821540735267	5412	12	>20	0.9110999233898707
ENSMUSG00000039741.17:B1	label_permutation	4.533629054591045e-22	0.2003955174686882	13652	5	>20	0.8674506604704691
ENSMUSG00000040596.16:B1	label_permutation	5.061274044284837e-15	0.28183361629881154	588	6	6-10	0.8750110119110907
ENSMUSG00000041444.15:B1	label_permutation	6.114719585963692e-08	0.48776270284650175	7517	8	>20	0.8914176034062342
ENSMUSG00000042524.15:B1	label_permutation	0.0037264274643148	0.3386363636363636	3519	1	1-5	0.8772378175865799
ENSMUSG00000044700.16:B1	label_permutation	0.005933391181637	0.5779208659947742	10715	6	>20	0.8997902400062849
ENSMUSG00000047496.7:B1	label_permutation	0.4821849859746342	0.8189530081482308	8958	3	>20	0.9507555718465899
ENSMUSG00000050017.12:B1	label_permutation	0.0004558517744784	0.43460918272086907	11782	4	>20	0.8802533382017219
ENSMUSG00000052551.17:B1	label_permutation	0.6349694681314544	0.8342391304347826	2575	1	>20	0.9571860655446038
ENSMUSG00000054823.18:B1	label_permutation	7.826393439315244e-35	0.675	199	32	>20	0.9110999233898707
ENSMUSG00000056856.15:B1	label_permutation	2.769136840518834e-30	0.2659908279024861	4142	9	>20	0.8750110119110907
ENSMUSG00000058975.8:B1	label_permutation	7.832670952654159e-05	0.5131719473122107	5617	7	>20	0.894080632179703
ENSMUSG00000061411.13:B1	label_permutation	0.7668317485612779	0.890766056229043	7753	1	11-20	0.9741370112064653
ENSMUSG00000063870.13:B1	label_permutation	4.099763486796466e-13	0.5292813596896361	5412	12	>20	0.894080632179703
ENSMUSG00000068923.15:B1	label_permutation	0.0079096212305089	0.7998624484181568	1453	11	>20	0.9417705743754179
ENSMUSG00000085655.6:B1	label_permutation	0.3496946428255889	0.8005566542151908	13652	5	>20	0.9417705743754179
ENSMUSG00000097007.4:B1	label_permutation	0.0001090364580534	0.2502054231717338	7301	2	11-20	0.8695150142445928
ENSMUSG00000115424.3:B2	label_permutation	0.2540421134962838	0.6514161220043573	2753	2	6-10	0.9053909888911233
ENSMUSG00000023991.17:B2	label_permutation	0.583094041277332	0.7718647764449291	4584	1	6-10	0.9340658840244447
ENSMUSG00000023991.17:B3	label_permutation	0.0160920398581294	0.3613958560523446	4584	1	6-10	0.8799716412619639
ENSMUSG00000023991.17:B4	label_permutation	0.0673932695919942	0.44601962922573607	4584	1	6-10	0.8861238787535181
ENSMUSG00000023991.17:B5	label_permutation	5.908412512615952e-18	0.08505611340815121	1692	2	1-5	0.8606239104020287
ENSMUSG00000051910.14:B2	label_permutation	3.678741150688037e-17	0.14829545454545454	3519	1	1-5	0.8606239104020287
ENSMUSG00000051910.14:B3	label_permutation	1.441026186642076e-10	0.1535735380980508	1692	2	1-5	0.8606239104020287
ENSMUSG00000051910.14:B4	label_permutation	2.251198863016562e-44	0.03636363636363636	3519	1	1-5	0.8606239104020287
ENSMUSG00000019889.11:B1	label_permutation	0.0412381530325521	0.4888576591045975	4980	2	>20	0.8914176034062342
ENSMUSG00000019889.11:B2	label_permutation	0.0856043814423665	0.5338285484842401	4980	2	>20	0.894080632179703
ENSMUSG00000019889.11:B3	label_permutation	0.8906196945764038	0.9505219383858101	11782	4	>20	0.9991689088672994
ENSMUSG00000025269.17:B1	label_permutation	0.0222290702861176	0.5	1087	3	6-10	0.8921327130306684
ENSMUSG00000025269.17:B2	label_permutation	0.0130099994806107	0.34940021810250815	4584	1	6-10	0.87970420814686
ENSMUSG00000025269.17:B3	label_permutation	0.0104215161951937	0.39034132171387076	2753	2	6-10	0.8802533382017219
ENSMUSG00000030279.16:B1	label_permutation	9.251607163587617e-44	0.0767077267637178	10715	6	>20	0.8606239104020287
ENSMUSG00000030279.16:B2	label_permutation	2.9055995807088365e-06	0.3253711351713361	8958	3	>20	0.8768883635306256
ENSMUSG00000030279.16:B3	label_permutation	7.446197637069677e-144	0.024109833686795402	8958	3	>20	0.8606239104020287
ENSMUSG00000037784.15:B1	label_permutation	4.594632575747361e-07	0.5307881773399015	2435	6	11-20	0.894080632179703
ENSMUSG00000037784.15:B2	label_permutation	0.0102372929721879	0.3579841139413859	7301	2	11-20	0.8799716412619639
ENSMUSG00000037784.15:B3	label_permutation	0.0102371032260786	0.3578471651602301	7301	2	11-20	0.8799716412619639
ENSMUSG00000059439.16:B1	label_permutation	0.3866007304002029	0.734375	1087	3	6-10	0.92506913456968
ENSMUSG00000059439.16:B2	label_permutation	1.2583534100060763e-09	0.4465195246179966	588	6	6-10	0.8863333673291859
ENSMUSG00000059439.16:B3	label_permutation	9.455823094429237e-14	0.4935064935064935	76	9	6-10	0.8921327130306684
ENSMUSG00000009741.16:B1	label_permutation	0.1122737528663295	0.665280488839854	11782	4	>20	0.9089593347088671
ENSMUSG00000009741.16:B2	label_permutation	0.1981357116162241	0.7170499872697955	11782	4	>20	0.9225701719312274
ENSMUSG00000020628.17:B1	label_permutation	2.2780499120184096e-10	0.35714285714285715	825	4	6-10	0.8799716412619639
ENSMUSG00000020628.17:B2	label_permutation	1.7770323013343024e-06	0.24074074074074073	2753	2	6-10	0.8674506604704691
ENSMUSG00000023169.16:B1	label_permutation	2.9077337852692004e-06	0.5895953757225434	6227	10	>20	0.9031818431609606
ENSMUSG00000023169.16:B2	label_permutation	0.0645122940132681	0.6288727752142387	13652	5	>20	0.9037363545202307
ENSMUSG00000027130.16:B1	label_permutation	5.183589728700128e-23	0.30047885075818037	7517	8	>20	0.8768883635306256
ENSMUSG00000027130.16:B2	label_permutation	0.0001396843794446	0.41211915471441907	11782	4	>20	0.8802533382017219
ENSMUSG00000029126.8:B1	label_permutation	1.775030977491816e-10	0.5473887814313346	1033	10	11-20	0.894080632179703
ENSMUSG00000029126.8:B2	label_permutation	0.1946202825148751	0.7485536270583	2246	5	11-20	0.9295624013670085
ENSMUSG00000031626.19:B1	label_permutation	7.219079079096505e-18	0.7192353643966547	836	20	>20	0.9227073159002472
ENSMUSG00000031626.19:B2	label_permutation	1.961366151175227e-08	0.5280989081567117	6227	10	>20	0.894080632179703
ENSMUSG00000035969.16:B1	label_permutation	1.449540081241676e-67	0.05911694069831886	5412	12	>20	0.8606239104020287
ENSMUSG00000035969.16:B2	label_permutation	0.0012313129359954	0.5199701381112355	10715	6	>20	0.894080632179703
ENSMUSG00000040242.15:B1	label_permutation	6.198680523161401e-66	0.04800899165061015	6227	10	>20	0.8606239104020287
ENSMUSG00000040242.15:B2	label_permutation	0.48891003187406	0.8483849703361899	13652	5	>20	0.958737813967124
ENSMUSG00000045659.19:B1	label_permutation	0.0016848679520765	0.13937282229965156	286	3	1-5	0.8606239104020287
ENSMUSG00000045659.19:B2	label_permutation	0.7179246741688909	0.8660046427650245	7753	1	11-20	0.9635614916033722
ENSMUSG00000057738.15:B1	label_permutation	7.660824925592621e-13	0.5333456493626455	5412	12	>20	0.894080632179703
ENSMUSG00000057738.15:B3	label_permutation	7.6609533193746e-13	0.5333456493626455	5412	12	>20	0.894080632179703
ENSMUSG00000095562.9:B1	label_permutation	3.452047802738584e-70	0.06312292358803986	300	21	>20	0.8606239104020287
ENSMUSG00000095562.9:B2	label_permutation	4.871044770441553e-39	0.17942328230687077	5617	7	>20	0.8660184484869279
ENSMUSG00000001995.10:B1	label_permutation	1.0	1.0	1087	3	6-10	1.0
ENSMUSG00000004415.16:B1	label_permutation	0.2622475973602206	0.6470588235294118	4980	2	>20	0.9053280185658723
ENSMUSG00000006800.15:B1	label_permutation	8.265387151373995e-72	0.08927501497902936	1668	14	>20	0.8606239104020287
ENSMUSG00000011832.17:B1	label_permutation	0.0361682320343238	0.49780087964814074	5001	3	11-20	0.8921327130306684
ENSMUSG00000017132.18:B1	label_permutation	0.0269985373504982	0.5892300845571874	2246	5	11-20	0.9031818431609606
ENSMUSG00000019796.13:B1	label_permutation	2.4074983307700816e-06	0.35274298688932837	13652	5	>20	0.87970420814686
ENSMUSG00000020297.11:B1	label_permutation	2.431242277421756e-37	0.17158818834796488	7517	8	>20	0.8660184484869279
ENSMUSG00000020703.4:B1	label_permutation	1.0039670327426585e-45	0.127625489498042	5617	7	>20	0.8606239104020287
ENSMUSG00000021171.9:B1	label_permutation	7.843014086782075e-35	0.13048331286973994	8958	3	>20	0.8606239104020287
ENSMUSG00000021767.20:B1	label_permutation	0.0749867675146983	0.721351250466592	10715	6	>20	0.923576216409363
ENSMUSG00000022350.8:B1	label_permutation	1.7127631035200246e-17	0.2117457353814818	11782	4	>20	0.8674506604704691
ENSMUSG00000022779.17:B1	label_permutation	0.0910063582847613	0.4877840909090909	3519	1	1-5	0.8914176034062342
ENSMUSG00000024036.17:B1	label_permutation	0.75027136692661	0.906437425029988	5001	3	11-20	0.9813753526353685
ENSMUSG00000024558.13:B1	label_permutation	0.21950783615603	0.757454383622608	2246	5	11-20	0.9300637725810085
ENSMUSG00000025041.18:B1	label_permutation	3.220893550480313e-21	0.30448717948717946	623	9	11-20	0.8768883635306256
ENSMUSG00000025613.14:B1	label_permutation	0.643414550290304	0.8162238844467372	7753	1	11-20	0.9493623123698782
ENSMUSG00000026223.16:B1	label_permutation	0.2981976970891823	0.7788764374130228	13652	5	>20	0.935901259287199
ENSMUSG00000026753.6:B1	label_permutation	4.457931173257448e-27	0.23874223602484473	2575	1	>20	0.8674506604704691
ENSMUSG00000027254.14:B1	label_permutation	2.1172780637909048e-48	0.14576020690929245	5412	12	>20	0.8606239104020287
ENSMUSG00000027806.10:B1	label_permutation	1.3133456655463091e-14	0.39367608013516775	4142	9	>20	0.8802533382017219
ENSMUSG00000028360.11:B1	label_permutation	3.019054913539262e-26	0.18054640005859518	13652	5	>20	0.8660184484869279
ENSMUSG00000028878.12:B1	label_permutation	1.10922289062714e-48	0.07680556734278197	11782	4	>20	0.8606239104020287
ENSMUSG00000029283.18:B1	label_permutation	0.087920820619546	0.4730643402399128	4584	1	6-10	0.8914176034062342
ENSMUSG00000029775.15:B1	label_permutation	1.1180488764402367e-24	0.0912707699508542	4272	4	11-20	0.8606239104020287
ENSMUSG00000030401.17:B1	label_permutation	1.2869176134007783e-28	0.07114439503861456	4272	4	11-20	0.8606239104020287
ENSMUSG00000031197.12:B1	label_permutation	0.1845853149093706	0.6437425029988004	5001	3	11-20	0.9053280185658723
ENSMUSG00000031785.17:B1	label_permutation	1.6028495981037978e-05	0.23832860459117874	7753	1	11-20	0.8674506604704691
ENSMUSG00000032232.15:B3	label_permutation	2.0622097275593323e-10	0.16243354991139988	1692	2	1-5	0.8660184484869279
ENSMUSG00000032582.15:B1	label_permutation	1.9283802311039072e-06	0.348553000084868	11782	4	>20	0.8795043135212783
ENSMUSG00000033444.15:B1	label_permutation	5.765724055883131e-25	0.2798616653365257	7517	8	>20	0.8750110119110907
ENSMUSG00000034254.18:B1	label_permutation	1.0077192981503137e-08	0.29908729230049147	4272	4	11-20	0.8768883635306256
ENSMUSG00000034987.5:B1	label_permutation	0.0001125382456334	0.3740372809465342	8958	3	>20	0.8799716412619639
ENSMUSG00000035891.17:B1	label_permutation	0.00025496139456	0.4193950047608584	13652	5	>20	0.8802533382017219
ENSMUSG00000036790.6:B1	label_permutation	0.8039288644471051	0.8693565976008724	4584	1	6-10	0.9656175357435295
ENSMUSG00000037608.17:B1	label_permutation	1.649902667544101e-09	0.39444642221431114	5617	7	>20	0.8802533382017219
ENSMUSG00000038319.15:B1	label_permutation	3.721317358503071e-14	0.14530265680635443	7301	2	11-20	0.8606239104020287
ENSMUSG00000039000.9:B1	label_permutation	1.6418437644972446e-19	0.35900962861072905	1453	11	>20	0.8799716412619639
ENSMUSG00000040606.15:B1	label_permutation	6.727695961848185e-20	0.36847195357833656	1033	10	11-20	0.8799716412619639
ENSMUSG00000041471.10:B1	label_permutation	6.141651029777273e-07	0.20076691317447276	7301	2	11-20	0.8674506604704691
ENSMUSG00000042532.15:B1	label_permutation	0.4016422530829351	0.6870229007633588	4584	1	6-10	0.9121066221655937
ENSMUSG00000044783.17:B1	label_permutation	0.4202412612598059	0.7360203340595497	2753	2	6-10	0.9257417803704495
ENSMUSG00000047547.15:B1	label_permutation	0.0001807937381486	0.42850456353849753	4272	4	11-20	0.8802533382017219
ENSMUSG00000050199.14:B1	label_permutation	3.8100752752689876e-32	0.2303310786756853	5617	7	>20	0.8674506604704691
ENSMUSG00000052566.9:B1	label_permutation	0.0363121373335654	0.3674232654114006	7753	1	11-20	0.8799716412619639
ENSMUSG00000054863.10:B1	label_permutation	1.8599428982185327e-16	0.39820166987797045	6227	10	>20	0.8802533382017219
ENSMUSG00000056900.14:B1	label_permutation	0.0520387015362531	0.5779662908806786	8958	3	>20	0.8997902400062849
ENSMUSG00000058997.9:B1	label_permutation	1.534961297995717e-09	0.19212315073970412	5001	3	11-20	0.8674506604704691
ENSMUSG00000061436.16:B1	label_permutation	8.792945377244548e-09	0.2971229737757787	11782	4	>20	0.8767371268209779
ENSMUSG00000063873.11:B1	label_permutation	4.634162433059773e-05	0.3023897058823529	1087	3	6-10	0.8768883635306256
ENSMUSG00000068966.11:B1	label_permutation	0.7754727889986894	0.9021739130434783	2575	1	>20	0.9798389319307873
ENSMUSG00000073982.12:B1	label_permutation	5.63558524703443e-16	0.16988636363636364	3519	1	1-5	0.8660184484869279
ENSMUSG00000085715.3:B1	label_permutation	0.2313850487003401	0.9088669950738916	2435	6	11-20	0.9819754866618601
ENSMUSG00000116641.3:B1	label_permutation	0.0392277270928121	0.5933494470079836	13652	5	>20	0.903460907270032
ENSMUSG00000024807.19:B1	label_permutation	1.671205160304013e-08	0.4909688013136289	2435	6	11-20	0.8914176034062342
ENSMUSG00000024807.19:B2	label_permutation	0.4720893660666914	0.7298000547795125	7301	2	11-20	0.9249658667442068
ENSMUSG00000024807.19:B3	label_permutation	0.0401629890400606	0.433442892358258	7301	2	11-20	0.8802533382017219
ENSMUSG00000024807.19:B4	label_permutation	0.1273524846874786	0.5317721172281566	7301	2	11-20	0.894080632179703
ENSMUSG00000024807.19:B5	label_permutation	1.9628088777246204e-22	0.09915091755683375	7301	2	11-20	0.8606239104020287
ENSMUSG00000053141.17:B1	label_permutation	3.008571219145204e-05	0.3840181645059694	13652	5	>20	0.8802533382017219
ENSMUSG00000053141.17:B3	label_permutation	0.0373297707395157	0.5902732000292976	13652	5	>20	0.9031963775729192
ENSMUSG00000053141.17:B4	label_permutation	0.2026538728592657	0.7314143411704387	13652	5	>20	0.9249786649214097
ENSMUSG00000053141.17:B5	label_permutation	0.0030576247234148	0.7445407835581246	6227	10	>20	0.9284035186765294
ENSMUSG00000020231.16:B1	label_permutation	0.9294120353056204	0.9738810135059717	8958	3	>20	1.0
ENSMUSG00000020231.16:B2	label_permutation	2.238511494874465e-13	0.23384306284183504	8958	3	>20	0.8674506604704691
ENSMUSG00000020231.16:B3	label_permutation	3.01884133972127e-17	0.20884027235182498	8958	3	>20	0.8674506604704691
ENSMUSG00000025404.16:B1	label_permutation	2.8246510918679205e-123	0.001189767995240928	1680	18	>20	0.8606239104020287
ENSMUSG00000025404.16:B2	label_permutation	2.228096236416884e-43	0.15423606082548877	4142	9	>20	0.8606239104020287
ENSMUSG00000025404.16:B3	label_permutation	8.605127404708773e-125	0.005792903692976104	4142	9	>20	0.8606239104020287
ENSMUSG00000030678.8:B1	label_permutation	2.8267765896510512e-36	0.19342359767891681	1033	10	11-20	0.8674506604704691
ENSMUSG00000030678.8:B2	label_permutation	0.0078846057228808	0.5233644859813084	2246	5	11-20	0.894080632179703
ENSMUSG00000030678.8:B3	label_permutation	4.5247412176826585e-08	0.27992879394748554	2246	5	11-20	0.8750110119110907
ENSMUSG00000037902.19:B1	label_permutation	2.5854918232535208e-36	0.20825305073859987	6227	10	>20	0.8674506604704691
ENSMUSG00000037902.19:B2	label_permutation	0.0280128436466435	0.5723284259869625	13652	5	>20	0.8997902400062849
ENSMUSG00000037902.19:B3	label_permutation	0.0504901771653683	0.6088771698527796	13652	5	>20	0.903460907270032
ENSMUSG00000059456.14:B1	label_permutation	0.0094394795350655	0.5976110488988429	10715	6	>20	0.903460907270032
ENSMUSG00000059456.14:B2	label_permutation	0.0281316853464694	0.6581746920492721	10715	6	>20	0.9069038962860783
ENSMUSG00000059456.14:B4	label_permutation	4.843111082940576e-20	0.4298910031405875	5412	12	>20	0.8802533382017219
ENSMUSG00000010064.16:B1	label_permutation	9.531844116226072e-46	0.10827101238977564	8958	3	>20	0.8606239104020287
ENSMUSG00000010064.16:B2	label_permutation	0.4864419796165281	0.7518570568159004	4980	2	>20	0.9300637725810085
ENSMUSG00000020644.10:B1	label_permutation	0.3634123601618254	0.6769378252533552	7301	2	11-20	0.9110999233898707
ENSMUSG00000020644.10:B2	label_permutation	0.0881145354107328	0.4315192158885736	7753	1	11-20	0.8802533382017219
ENSMUSG00000023175.16:B1	label_permutation	5.951771359141816e-28	0.3431013431013431	818	12	11-20	0.8772378175865799
ENSMUSG00000023175.16:B2	label_permutation	0.0005818023241621	0.6744663382594417	2435	6	11-20	0.9110999233898707
ENSMUSG00000027165.17:B2	label_permutation	0.9999999999999986	0.9895918926321555	7301	2	11-20	1.0
ENSMUSG00000029174.19:B1	label_permutation	0.0564658624043278	0.4561763900301287	7301	2	11-20	0.8895566450977648
ENSMUSG00000029174.19:B2	label_permutation	0.0139345598746784	0.3304101109104978	7753	1	11-20	0.8768883635306256
ENSMUSG00000031708.18:B1	label_permutation	8.156604242643251e-12	0.5319148936170213	1033	10	11-20	0.894080632179703
ENSMUSG00000031708.18:B2	label_permutation	0.0081458133441896	0.5132205376107816	13652	5	>20	0.894080632179703
ENSMUSG00000036052.15:B1	label_permutation	1.0	1.0	1680	18	>20	1.0
ENSMUSG00000036052.15:B2	label_permutation	0.0005100653026289	0.49608062709966405	10715	6	>20	0.8921327130306684
ENSMUSG00000040270.17:B1	label_permutation	3.112626818996587e-132	0.000594883997620464	1680	18	>20	0.8606239104020287
ENSMUSG00000040270.17:B2	label_permutation	7.538729407625274e-147	0.0013997760358342665	10715	6	>20	0.8606239104020287
ENSMUSG00000045776.4:B2	label_permutation	0.0771060360493934	0.5104813664596274	2575	1	>20	0.894080632179703
ENSMUSG00000057897.15:B1	label_permutation	3.7718997051188654e-25	0.43798681845416415	1668	14	>20	0.8802533382017219
ENSMUSG00000057897.15:B3	label_permutation	0.0505650728191475	0.7458170167319331	5617	7	>20	0.9294791107025256
ENSMUSG00000096929.9:B1	label_permutation	1.3539736679858526e-43	0.18566414188065766	5412	12	>20	0.8660184484869279
ENSMUSG00000096929.9:B2	label_permutation	0.0030581121471219	0.6827613727055067	7517	8	>20	0.9110999233898707
ENSMUSG00000001998.16:B1	label_permutation	4.053435948473144e-38	0.0663734506197521	5001	3	11-20	0.8606239104020287
ENSMUSG00000006920.15:B1	label_permutation	0.0537925956344246	0.7502669989320043	5617	7	>20	0.929984397323107
ENSMUSG00000011877.14:B1	label_permutation	4.7598467366220645e-28	0.25285980313913275	7517	8	>20	0.8695150142445928
ENSMUSG00000017210.15:B1	label_permutation	0.0010832318301554	0.44854610708269244	13652	5	>20	0.8879878932267626
ENSMUSG00000019820.12:B1	label_permutation	4.417466222377699e-29	0.247063011747953	5617	7	>20	0.8695150142445928
ENSMUSG00000020300.15:B1	label_permutation	7.891327759927765e-47	0.09350891194466614	7517	8	>20	0.8606239104020287
ENSMUSG00000020704.14:B1	label_permutation	0.0627347603138984	0.4661736510545056	7301	2	11-20	0.8900851353133974
ENSMUSG00000021177.17:B1	label_permutation	1.2999408360060542e-10	0.25772965732782677	8958	3	>20	0.8724251253863782
ENSMUSG00000021770.12:B1	label_permutation	1.239475864448133e-09	0.26855675856680433	8958	3	>20	0.8750110119110907
ENSMUSG00000022351.15:B1	label_permutation	0.1106451087757038	0.4513799329378385	7753	1	11-20	0.8884086579942446
ENSMUSG00000022788.17:B1	label_permutation	4.8085290668712706e-15	0.1406463982470556	7301	2	11-20	0.8606239104020287
ENSMUSG00000024038.18:B1	label_permutation	0.0131885469882741	0.4348260695721711	5001	3	11-20	0.8802533382017219
ENSMUSG00000024566.11:B1	label_permutation	5.971040772850901e-05	0.3131901224653684	4980	2	>20	0.8768883635306256
ENSMUSG00000025060.16:B1	label_permutation	0.0024424775248602	0.5425531914893617	10715	6	>20	0.894080632179703
ENSMUSG00000025616.15:B1	label_permutation	1.7165127035910186e-08	0.20551779288284686	5001	3	11-20	0.8674506604704691
ENSMUSG00000026235.15:B1	label_permutation	0.1974756672769269	0.8872040436286246	7517	8	>20	0.9739692644246256
ENSMUSG00000026754.17:B1	label_permutation	0.3481009346473714	0.6497291720402373	7753	1	11-20	0.9053280185658723
ENSMUSG00000027255.15:B1	label_permutation	0.0973478527897721	0.6547568530934397	11782	4	>20	0.9062141354486966
ENSMUSG00000028383.18:B1	label_permutation	0.0147038969924436	0.3570338058887677	4584	1	6-10	0.8799716412619639
ENSMUSG00000028886.16:B1	label_permutation	0.0023458942119249	0.4693473961766645	13652	5	>20	0.8914176034062342
ENSMUSG00000029312.13:B1	label_permutation	0.8480611774364947	0.9277253563541458	4980	2	>20	0.9910144405646615
ENSMUSG00000029780.15:B1	label_permutation	0.0015709668237491	0.4679623185945854	11782	4	>20	0.8911112965101977
ENSMUSG00000030410.17:B1	label_permutation	0.0292631004828498	0.45098039215686275	2753	2	6-10	0.8884066405156751
ENSMUSG00000031214.14:B1	label_permutation	0.1261283121568888	0.7093377018488182	4272	4	11-20	0.9212513888388844
ENSMUSG00000031799.11:B1	label_permutation	5.893218949022887e-14	0.15725190839694655	4584	1	6-10	0.8606239104020287
ENSMUSG00000032238.18:B1	label_permutation	0.2742186085138811	0.8325867861142218	10715	6	>20	0.9566910814569712
ENSMUSG00000032598.9:B1	label_permutation	0.0047938854834195	0.3924689440993789	2575	1	>20	0.8802533382017219
ENSMUSG00000033499.15:B1	label_permutation	0.039355049096466	0.5933494470079836	13652	5	>20	0.903460907270032
ENSMUSG00000034269.13:B1	label_permutation	6.754219010065923e-45	0.17531867725845188	5412	12	>20	0.8660184484869279
ENSMUSG00000035901.15:B1	label_permutation	2.1593436434842824e-96	0.018289303528542397	5412	12	>20	0.8606239104020287
ENSMUSG00000036792.13:B1	label_permutation	0.0003227294013551	0.4839492347891004	10715	6	>20	0.8914176034062342
ENSMUSG00000037622.15:B1	label_permutation	0.4534846099988865	0.7101417666303163	4584	1	6-10	0.9212982388096539
ENSMUSG00000038324.14:B1	label_permutation	0.0045473358549159	0.3277184333059436	7301	2	11-20	0.8768883635306256
ENSMUSG00000039033.12:B1	label_permutation	2.213374369136671e-52	0.06863527533918595	7517	8	>20	0.8606239104020287
ENSMUSG00000039782.16:B2	label_permutation	1.0	1.0	10715	6	>20	1.0
ENSMUSG00000040640.12:B1	label_permutation	8.62033782973432e-19	0.6097560975609756	1680	18	>20	0.903460907270032
ENSMUSG00000041483.15:B1	label_permutation	4.652400706872978e-36	0.1534691771988651	7753	1	11-20	0.8606239104020287
ENSMUSG00000042548.15:B1	label_permutation	7.633775973051901e-13	0.4175718078686942	4142	9	>20	0.8802533382017219
ENSMUSG00000044835.16:B1	label_permutation	9.194965706378712e-38	0.09284562505304252	11782	4	>20	0.8606239104020287
ENSMUSG00000047731.18:B1	label_permutation	1.37886665281405e-08	0.47246608140462887	7517	8	>20	0.8914176034062342
ENSMUSG00000050240.17:B1	label_permutation	3.603056761845364e-07	0.3060609443018194	8958	3	>20	0.8768883635306256
ENSMUSG00000052609.10:B1	label_permutation	3.0528055328611326e-11	0.17011995637949837	4584	1	6-10	0.8660184484869279
ENSMUSG00000054874.13:B1	label_permutation	0.0009471495446226	0.4546380378511415	11782	4	>20	0.8893579945608221
ENSMUSG00000057060.9:B1	label_permutation	0.0397170674551657	0.4326211996713229	7301	2	11-20	0.8802533382017219
ENSMUSG00000059003.13:B1	label_permutation	0.6058881743461232	0.9206793579693916	10715	6	>20	0.9874780512444977
ENSMUSG00000061451.14:B1	label_permutation	9.386331955850636e-23	0.18850317282568121	10715	6	>20	0.8660184484869279
ENSMUSG00000063887.14:B2	label_permutation	0.0813172327628495	0.4864420706655711	7301	2	11-20	0.8914176034062342
ENSMUSG00000069072.10:B1	label_permutation	3.720902489866142e-40	0.16909932360270558	5617	7	>20	0.8660184484869279
ENSMUSG00000074259.11:B1	label_permutation	7.135197678026394e-125	0.18206521739130435	2575	1	>20	0.8660184484869279
ENSMUSG00000085767.2:B1	label_permutation	0.2621145860426781	0.7470084019349911	11782	4	>20	0.9294938936918066
ENSMUSG00000097156.9:B1	label_permutation	1.1018715572032001e-69	0.5714285714285714	62	35	>20	0.8997902400062849
ENSMUSG00000116858.2:B1	label_permutation	0.2440988763629115	0.928548490687219	6227	10	>20	0.9914224084457977
ENSMUSG00000028613.16:B1	label_permutation	1.668524051514895e-06	0.7997557997557998	818	12	11-20	0.9417705743754179
ENSMUSG00000028613.16:B2	label_permutation	2.814803148263055e-18	0.5749152542372882	1474	16	>20	0.8997902400062849
ENSMUSG00000028613.16:B3	label_permutation	1.0	1.0	11782	4	>20	1.0
ENSMUSG00000028613.16:B4	label_permutation	0.0139082183565987	0.5458711703301367	11782	4	>20	0.894080632179703
ENSMUSG00000028613.16:B5	label_permutation	1.0	1.0	126	16	11-20	1.0
ENSMUSG00000055320.19:B3	label_permutation	1.9901214318395127e-47	0.023579545454545454	3519	1	1-5	0.8606239104020287
ENSMUSG00000020366.19:B1	label_permutation	2.877179712270505e-13	0.44107257546563905	6227	10	>20	0.882320339922409
ENSMUSG00000020366.19:B2	label_permutation	1.1945436998897446e-06	0.34424668571010036	13652	5	>20	0.8772378175865799
ENSMUSG00000020366.19:B3	label_permutation	1.0540732915872155e-15	0.23833589687248224	13652	5	>20	0.8674506604704691
ENSMUSG00000030761.17:B1	label_permutation	0.0941254505739505	0.5327820437093916	1692	2	1-5	0.894080632179703
ENSMUSG00000030761.17:B2	label_permutation	0.5717273685199473	0.8105113636363637	3519	1	1-5	0.9465130734353043
ENSMUSG00000030761.17:B3	label_permutation	8.849519514630988e-16	0.17301136363636363	3519	1	1-5	0.8660184484869279
ENSMUSG00000038517.16:B1	label_permutation	1.0	1.0	1209	8	11-20	1.0
ENSMUSG00000038517.16:B2	label_permutation	1.0	1.0	4272	4	11-20	1.0
ENSMUSG00000038517.16:B3	label_permutation	4.892901913941966e-25	0.38095238095238093	818	12	11-20	0.8802533382017219
ENSMUSG00000060216.16:B1	label_permutation	6.460749246742311e-19	0.3701923076923077	623	9	11-20	0.8799716412619639
ENSMUSG00000060216.16:B2	label_permutation	0.0819406050253961	0.5605757696921232	5001	3	11-20	0.8970770743412827
ENSMUSG00000060216.16:B3	label_permutation	0.0193264595800675	0.4604158336665334	5001	3	11-20	0.8895566450977648
ENSMUSG00000012609.20:B1	label_permutation	3.79883957313217e-17	0.42948717948717946	623	9	11-20	0.8802533382017219
ENSMUSG00000012609.20:B2	label_permutation	0.4675307248465802	0.7918832467013195	5001	3	11-20	0.9407373692978782
ENSMUSG00000020654.16:B1	label_permutation	0.1093872931237625	0.7504665920119448	10715	6	>20	0.929984397323107
ENSMUSG00000020654.16:B2	label_permutation	0.9443216226326148	0.9780109387208393	8958	3	>20	1.0
ENSMUSG00000023235.15:B1	label_permutation	0.0013298767733457	0.42794954794061835	8958	3	>20	0.8802533382017219
ENSMUSG00000023235.15:B2	label_permutation	0.000803752837479	0.6822660098522167	2435	6	11-20	0.9110999233898707
ENSMUSG00000027177.15:B1	label_permutation	2.3358182726378616e-23	0.15147783251231528	2435	6	11-20	0.8606239104020287
ENSMUSG00000027177.15:B2	label_permutation	0.086998277518768	0.5661735305877649	5001	3	11-20	0.8997902400062849
ENSMUSG00000029203.17:B2	label_permutation	6.776361889669079e-17	0.23665546845837998	10715	6	>20	0.8674506604704691
ENSMUSG00000031728.11:B1	label_permutation	5.490293547450306e-32	0.2209364192604416	7517	8	>20	0.8674506604704691
ENSMUSG00000031728.11:B2	label_permutation	4.419372233562794e-42	0.08486803021301875	11782	4	>20	0.8606239104020287
ENSMUSG00000036112.16:B1	label_permutation	1.2633770503592586e-13	0.3985102420856611	7517	8	>20	0.8802533382017219
ENSMUSG00000036112.16:B2	label_permutation	6.584759714355972e-05	0.3995586862428923	11782	4	>20	0.8802533382017219
ENSMUSG00000040276.16:B1	label_permutation	1.859521901010101e-59	0.32677165354330706	253	30	>20	0.8768883635306256
ENSMUSG00000040276.16:B2	label_permutation	0.1073336392734417	0.8911368015414258	6227	10	>20	0.9741370112064653
ENSMUSG00000045983.17:B1	label_permutation	9.822709254217297e-50	0.24970131421744324	836	20	>20	0.8695150142445928
ENSMUSG00000045983.17:B5	label_permutation	5.009254412435542e-16	0.4051059730250482	6227	10	>20	0.8802533382017219
ENSMUSG00000058153.16:B1	label_permutation	8.83289261480905e-63	0.16440314510364545	1398	24	>20	0.8660184484869279
ENSMUSG00000058153.16:B2	label_permutation	1.0	1.0	2	32	1-5	1.0
ENSMUSG00000097167.3:B1	label_permutation	0.07488921685127	0.6368496987184927	11782	4	>20	0.9044849332081017
ENSMUSG00000097167.3:B2	label_permutation	0.3444834811898245	0.6817908050592251	4980	2	>20	0.9110999233898707
ENSMUSG00000002006.13:B1	label_permutation	0.1074114243187853	0.8488959829741952	7517	8	>20	0.958737813967124
ENSMUSG00000004552.17:B1	label_permutation	0.6633011448726357	0.8828821183060341	11782	4	>20	0.9708030926516559
ENSMUSG00000006930.16:B1	label_permutation	9.414033083441766e-11	0.3104703247480403	10715	6	>20	0.8768883635306256
ENSMUSG00000012422.15:B1	label_permutation	0.2478532730824232	0.5740263090018055	7753	1	11-20	0.8997902400062849
ENSMUSG00000017264.17:B1	label_permutation	1.7228462656072917e-07	0.3684210526315789	10715	6	>20	0.8799716412619639
ENSMUSG00000019831.15:B1	label_permutation	0.0174189719842928	0.43906846014856454	4980	2	>20	0.8812745242999773
ENSMUSG00000020315.19:B1	label_permutation	7.446998026779728e-23	0.6733380986418871	1398	24	>20	0.9110999233898707
ENSMUSG00000020716.17:B1	label_permutation	1.4317738465073084e-19	0.2129525942515864	10715	6	>20	0.8674506604704691
ENSMUSG00000021180.10:B1	label_permutation	2.5235832539038328e-05	0.38086867355160037	13652	5	>20	0.8802533382017219
ENSMUSG00000021779.20:B1	label_permutation	7.750272352916858e-06	0.2911062035735796	4980	2	>20	0.8750110119110907
ENSMUSG00000022378.15:B1	label_permutation	0.7848357807845594	0.9339143064633261	2753	2	6-10	0.9936155119413573
ENSMUSG00000022790.15:B1	label_permutation	0.6773371998489188	0.8648897058823529	1087	3	6-10	0.9635614497117158
ENSMUSG00000024052.18:B1	label_permutation	0.4028177892568159	0.8702874206793579	10715	6	>20	0.9657719773454814
ENSMUSG00000024576.15:B1	label_permutation	1.6348478407410598e-07	0.8375966686496134	1680	18	>20	0.9572107328688597
ENSMUSG00000025085.17:B1	label_permutation	2.1691623337444837e-96	0.035	199	32	>20	0.8606239104020287
ENSMUSG00000025626.17:B1	label_permutation	0.1420900330724073	0.48258963115811193	7753	1	11-20	0.8914176034062342
ENSMUSG00000026238.15:B1	label_permutation	4.903789405175149e-06	0.5974630700064226	6227	10	>20	0.903460907270032
ENSMUSG00000026761.13:B1	label_permutation	3.240691056683943e-98	0.02775766352884383	4142	9	>20	0.8606239104020287
ENSMUSG00000027273.14:B1	label_permutation	0.0080020396611792	0.8708664326621097	5412	12	>20	0.9657719773454814
ENSMUSG00000027828.13:B1	label_permutation	2.074587271398781e-117	0.017884405670665213	4584	1	6-10	0.8606239104020287
ENSMUSG00000028397.14:B1	label_permutation	1.623186302959263e-48	0.10427226647356988	4142	9	>20	0.8606239104020287
ENSMUSG00000028890.14:B1	label_permutation	1.0	1.0	8958	3	>20	1.0
ENSMUSG00000029313.19:B1	label_permutation	2.4508159389020008e-37	0.19990366088631983	6227	10	>20	0.8674506604704691
ENSMUSG00000029787.11:B1	label_permutation	0.3282585078471432	0.6348981171008512	7753	1	11-20	0.903855163864902
ENSMUSG00000030428.17:B1	label_permutation	5.855909555119003e-05	0.4496080627099664	10715	6	>20	0.8879911375091342
ENSMUSG00000031226.14:B1	label_permutation	6.51294331575862e-14	0.2379699567173046	11782	4	>20	0.8674506604704691
ENSMUSG00000031808.8:B1	label_permutation	1.3445286459310202e-39	0.08860222354239158	11782	4	>20	0.8606239104020287
ENSMUSG00000032249.15:B1	label_permutation	0.2345241022658793	0.7353814817958075	11782	4	>20	0.9254562809270118
ENSMUSG00000032601.14:B1	label_permutation	0.0011966078442959	0.350859656137545	5001	3	11-20	0.87970420814686
ENSMUSG00000033544.7:B1	label_permutation	0.0002047759135789	0.2668300232138251	7753	1	11-20	0.8750110119110907
ENSMUSG00000034271.17:B1	label_permutation	3.1110736915321417e-54	0.05169839492347891	10715	6	>20	0.8606239104020287
ENSMUSG00000035021.14:B1	label_permutation	0.2882390704950707	0.6189749182115595	4584	1	6-10	0.9037363545202307
ENSMUSG00000035954.11:B1	label_permutation	0.0001698196409172	0.5309718761124955	5617	7	>20	0.894080632179703
ENSMUSG00000036817.15:B1	label_permutation	4.370625862376633e-19	0.34443639874487086	4142	9	>20	0.8772378175865799
ENSMUSG00000037692.15:B1	label_permutation	1.2185246258923968e-06	0.3443931736614663	13652	5	>20	0.8772378175865799
ENSMUSG00000038342.16:B1	label_permutation	1.6827919535618326e-29	0.14548338932437477	10715	6	>20	0.8606239104020287
ENSMUSG00000039047.18:B1	label_permutation	0.0114149427284016	0.5378087074598998	11782	4	>20	0.894080632179703
ENSMUSG00000039838.12:B1	label_permutation	7.065624018174977e-120	0.03627637013059493	8958	3	>20	0.8606239104020287
ENSMUSG00000040675.18:B1	label_permutation	9.183667433926316e-08	0.3631952220977977	10715	6	>20	0.8799716412619639
ENSMUSG00000041530.18:B1	label_permutation	8.312565975436178e-11	0.30925718551698395	10715	6	>20	0.8768883635306256
ENSMUSG00000042572.13:B1	label_permutation	0.3610545727922084	0.6615049073064341	4584	1	6-10	0.9074490395101082
ENSMUSG00000044864.17:B1	label_permutation	0.8693544655167464	0.9520697167755992	2753	2	6-10	0.9991689088672994
ENSMUSG00000047766.16:B1	label_permutation	1.2037054532534995e-29	0.07792385647767734	7301	2	11-20	0.8606239104020287
ENSMUSG00000050390.13:B1	label_permutation	0.0293556735512741	0.4681790805059225	4980	2	>20	0.8911464581929757
ENSMUSG00000052632.17:B1	label_permutation	0.3357826506360193	0.6767717325838185	4980	2	>20	0.9110999233898707
ENSMUSG00000054920.13:B1	label_permutation	9.848051384110001e-28	0.07506053268765134	825	4	6-10	0.8606239104020287
ENSMUSG00000057110.16:B1	label_permutation	2.4902812017708608e-56	0.02197802197802198	818	12	11-20	0.8606239104020287
ENSMUSG00000059119.10:B1	label_permutation	0.075842664431221	0.6399326155423717	13652	5	>20	0.9050223671739888
ENSMUSG00000061559.16:B1	label_permutation	1.0477357168242182e-51	0.06259541984732825	4584	1	6-10	0.8606239104020287
ENSMUSG00000064043.16:B1	label_permutation	9.428090540958208e-07	0.38801791713325867	10715	6	>20	0.8802533382017219
ENSMUSG00000069135.12:B1	label_permutation	0.3708927044742707	0.6588857363941192	7753	1	11-20	0.9069038962860783
ENSMUSG00000074305.10:B1	label_permutation	0.0006382455436839	0.4570559326000468	4272	4	11-20	0.8895566450977648
ENSMUSG00000097265.3:B1	label_permutation	0.1620033083837732	0.5074800103172556	7753	1	11-20	0.894080632179703
ENSMUSG00000116894.2:B1	label_permutation	0.0263870371520262	0.5693986669596426	13652	5	>20	0.8997902400062849
ENSMUSG00000029478.17:B1	label_permutation	3.72444580437592e-63	0.33152173913043476	183	33	>20	0.8768883635306256
ENSMUSG00000029478.17:B2	label_permutation	1.0366043003378732e-24	0.33012379642365886	1453	11	>20	0.8768883635306256
ENSMUSG00000029478.17:B3	label_permutation	3.392851070851353e-27	0.3170563961485557	1453	11	>20	0.8768883635306256
ENSMUSG00000029478.17:B4	label_permutation	0.0176613039555098	0.827372764786795	1453	11	>20	0.9536325224293042
ENSMUSG00000029478.17:B6	label_permutation	4.010708048999845e-36	0.5147783251231527	405	22	>20	0.894080632179703
ENSMUSG00000058318.16:B1	label_permutation	7.759585670530531e-40	0.18095696852922286	6227	10	>20	0.8660184484869279
ENSMUSG00000058318.16:B2	label_permutation	4.989633538433353e-11	0.4786448298008992	6227	10	>20	0.8914176034062342
ENSMUSG00000058318.16:B3	label_permutation	0.0053294535623377	0.4970336189848385	13652	5	>20	0.8921327130306684
ENSMUSG00000058318.16:B5	label_permutation	0.0003409826200237	0.42496154691276644	13652	5	>20	0.8802533382017219
ENSMUSG00000020594.15:B1	label_permutation	7.942761073116176e-30	0.41705069124423966	867	15	>20	0.8802533382017219
ENSMUSG00000020594.15:B2	label_permutation	0.0678586099541817	0.6332674137552187	13652	5	>20	0.903855163864902
ENSMUSG00000020594.15:B4	label_permutation	1.1032970291014765e-33	0.14048194535999414	13652	5	>20	0.8606239104020287
ENSMUSG00000025576.18:B1	label_permutation	5.965076389443852e-21	0.4865188735769922	1668	14	>20	0.8914176034062342
ENSMUSG00000025576.18:B3	label_permutation	0.0001195575031291	0.5227839088643645	5617	7	>20	0.894080632179703
ENSMUSG00000025576.18:B4	label_permutation	0.0002680742577983	0.5384478462086152	5617	7	>20	0.894080632179703
ENSMUSG00000030811.15:B2	label_permutation	0.0050517060494515	0.523753802948748	4272	4	11-20	0.894080632179703
ENSMUSG00000030811.15:B3	label_permutation	0.0164448066825984	0.8297520661157025	1209	8	11-20	0.9549054507359711
ENSMUSG00000039137.19:B1	label_permutation	4.947867124532614e-17	0.07516339869281045	2753	2	6-10	0.8606239104020287
ENSMUSG00000060227.16:B1	label_permutation	0.9747064740493616	0.976342195854391	13652	5	>20	1.0
ENSMUSG00000060227.16:B3	label_permutation	2.4015874130967344e-32	0.14861202666080714	13652	5	>20	0.8606239104020287
ENSMUSG00000060227.16:B4	label_permutation	4.530277505625042e-27	0.2853243416827232	6227	10	>20	0.8750110119110907
ENSMUSG00000013033.17:B1	label_permutation	4.8971171108311145e-61	0.20689655172413793	405	22	>20	0.8674506604704691
ENSMUSG00000013033.17:B2	label_permutation	1.538924676908971e-09	0.4889958734525447	1453	11	>20	0.8914176034062342
ENSMUSG00000020694.18:B1	label_permutation	0.0699956120071613	0.47370583401807725	7301	2	11-20	0.8914176034062342
ENSMUSG00000020694.18:B2	label_permutation	8.835257280601009e-09	0.20015475883415013	7753	1	11-20	0.8674506604704691
ENSMUSG00000023467.19:B3	label_permutation	0.2559912626633218	0.6374223602484472	2575	1	>20	0.9044849332081017
ENSMUSG00000027180.13:B1	label_permutation	5.340249586827037e-23	0.30061186485767494	7517	8	>20	0.8768883635306256
ENSMUSG00000027180.13:B2	label_permutation	1.80685301275808e-98	0.02783671390987015	11782	4	>20	0.8606239104020287
ENSMUSG00000029245.17:B1	label_permutation	0.0014658288260082	0.5817016731933072	5617	7	>20	0.8997902400062849
ENSMUSG00000029245.17:B2	label_permutation	5.186815476046468e-28	0.396644697423607	1668	14	>20	0.8802533382017219
ENSMUSG00000031760.10:B1	label_permutation	0.6133966206153063	0.8420479302832244	2753	2	6-10	0.9577735759789446
ENSMUSG00000031760.10:B2	label_permutation	7.378733446419006e-09	0.40799031476997577	825	4	6-10	0.8802533382017219
ENSMUSG00000036192.16:B2	label_permutation	0.037783336140388	0.4832362979321421	4980	2	>20	0.8914176034062342
ENSMUSG00000046449.16:B1	label_permutation	9.414392369042797e-23	0.18850317282568121	10715	6	>20	0.8660184484869279
ENSMUSG00000046449.16:B2	label_permutation	0.474508135455135	0.8157160397365777	8958	3	>20	0.9493623123698782
ENSMUSG00000058966.14:B1	label_permutation	9.673222710080035e-17	0.3659184166063239	4142	9	>20	0.8799716412619639
ENSMUSG00000058966.14:B2	label_permutation	1.7160717776153744e-14	0.2635311683463979	10715	6	>20	0.8750110119110907
ENSMUSG00000097391.9:B1	label_permutation	2.7130530667133898e-43	0.2522033898305085	1474	16	>20	0.8695150142445928
ENSMUSG00000097391.9:B2	label_permutation	4.7283341927969255e-11	0.5636430814705339	5412	12	>20	0.8989814084238991
ENSMUSG00000002032.18:B1	label_permutation	0.6302989820065209	0.8104204281661078	7753	1	11-20	0.9465130734353043
ENSMUSG00000004558.16:B1	label_permutation	0.1897566988900745	0.6048986147359968	4980	2	>20	0.903460907270032
ENSMUSG00000006932.18:B1	label_permutation	0.219611433843089	0.7605897495904517	4272	4	11-20	0.931359764212395
ENSMUSG00000013076.18:B1	label_permutation	1.9164444700599906e-95	0.017463235294117647	1087	3	6-10	0.8606239104020287
ENSMUSG00000017288.16:B1	label_permutation	0.7406404792752092	0.87236373596275	7301	2	11-20	0.9657719773454814
ENSMUSG00000019841.16:B1	label_permutation	3.4382065736699196e-47	0.06672265770810004	10715	6	>20	0.8606239104020287
ENSMUSG00000020321.17:B1	label_permutation	7.116894067148484e-08	0.3190507580751483	13652	5	>20	0.8768883635306256
ENSMUSG00000020721.17:B1	label_permutation	2.7743916017118408e-05	0.38284626089504137	13652	5	>20	0.8802533382017219
ENSMUSG00000021182.17:B1	label_permutation	0.1067022963955482	0.6610370873292031	11782	4	>20	0.9072089437851377
ENSMUSG00000021792.16:B1	label_permutation	0.0430357251305894	0.4375513557929334	7301	2	11-20	0.8802533382017219
ENSMUSG00000022387.18:B1	label_permutation	1.0	1.0	11782	4	>20	1.0
ENSMUSG00000022797.17:B1	label_permutation	0.0004031319828313	0.3441076089138727	4980	2	>20	0.8772378175865799
ENSMUSG00000024055.16:B1	label_permutation	0.6377190624786427	0.7997637330183107	1692	2	1-5	0.9417705743754179
ENSMUSG00000024581.14:B1	label_permutation	0.3357133209169339	0.7732326232708139	11782	4	>20	0.9340658840244447
ENSMUSG00000025092.8:B1	label_permutation	0.0954508455710893	0.6601479528308797	13652	5	>20	0.9072089437851377
ENSMUSG00000025648.19:B1	label_permutation	1.8421427586495103e-11	0.22726360168640836	4980	2	>20	0.8674506604704691
ENSMUSG00000026239.15:B1	label_permutation	0.0004671005906443	0.43111404087013844	13652	5	>20	0.8802533382017219
ENSMUSG00000026782.16:B1	label_permutation	0.1977764238380049	0.7286310700944847	13652	5	>20	0.9249658667442068
ENSMUSG00000027287.15:B1	label_permutation	0.0143552243746882	0.547398794873971	11782	4	>20	0.894080632179703
ENSMUSG00000027849.20:B1	label_permutation	4.33374573440178e-18	0.37355371900826445	1209	8	11-20	0.8799716412619639
ENSMUSG00000028402.19:B1	label_permutation	3.818192094476499e-98	0.028261054060935247	11782	4	>20	0.8606239104020287
ENSMUSG00000028898.16:B1	label_permutation	0.4487311518252543	0.7032499355171524	7753	1	11-20	0.9182179907121788
ENSMUSG00000029344.16:B1	label_permutation	0.0916717318840686	0.5283385093167702	2575	1	>20	0.894080632179703
ENSMUSG00000029802.14:B1	label_permutation	0.9261016822994104	0.9432959243945659	1692	2	1-5	0.9977857387171685
ENSMUSG00000030447.16:B1	label_permutation	0.0006722767186839	0.3360655737704918	5001	3	11-20	0.8768883635306256
ENSMUSG00000031229.17:B1	label_permutation	1.845647449663093e-26	0.35488638462959543	5412	12	>20	0.8799716412619639
ENSMUSG00000031812.17:B1	label_permutation	1.2349292887188332e-25	0.07809847198641766	588	6	6-10	0.8606239104020287
ENSMUSG00000032252.15:B1	label_permutation	1.2686097103558985e-42	0.11273579640584887	8958	3	>20	0.8606239104020287
ENSMUSG00000032612.15:B1	label_permutation	0.0744642208826451	0.5081521739130435	2575	1	>20	0.894080632179703
ENSMUSG00000033577.19:B1	label_permutation	0.051008878092904	0.6096828535852926	13652	5	>20	0.903460907270032
ENSMUSG00000034274.12:B1	label_permutation	0.9155494991922688	0.9669605982810582	8958	3	>20	1.0
ENSMUSG00000035024.17:B2	label_permutation	0.001957291653054	0.46392734197612245	13652	5	>20	0.8898393180670646
ENSMUSG00000035967.16:B1	label_permutation	0.0420706178118323	0.6829973870847331	10715	6	>20	0.9110999233898707
ENSMUSG00000036825.13:B1	label_permutation	0.5515940993710123	0.8155410312273057	2753	2	6-10	0.9493623123698782
ENSMUSG00000037697.20:B1	label_permutation	0.0105432480317821	0.3212535465566159	7753	1	11-20	0.8768883635306256
ENSMUSG00000039057.12:B1	label_permutation	0.065373493372031	0.6270898752439956	11782	4	>20	0.9037363545202307
ENSMUSG00000039842.16:B1	label_permutation	2.524303198374389e-45	0.08928440635757709	13652	5	>20	0.8606239104020287
ENSMUSG00000040681.17:B1	label_permutation	1.784143126878683e-192	0.00958641468090934	7301	2	11-20	0.8606239104020287
ENSMUSG00000041570.15:B1	label_permutation	0.0001205167416439	0.4065040650406504	13652	5	>20	0.8802533382017219
ENSMUSG00000042589.19:B1	label_permutation	1.6651254086166545e-21	0.41197118049140957	5412	12	>20	0.8802533382017219
ENSMUSG00000044991.11:B1	label_permutation	0.585156181976709	0.859798014088093	11782	4	>20	0.962553981941598
ENSMUSG00000047804.16:B1	label_permutation	0.1714344349799432	0.5152179520247614	7753	1	11-20	0.894080632179703
ENSMUSG00000050447.16:B1	label_permutation	1.7430381524371283e-11	0.23706997425696233	4272	4	11-20	0.8674506604704691
ENSMUSG00000052676.17:B1	label_permutation	9.777353494819976e-118	0.014282575258185014	13652	5	>20	0.8606239104020287
ENSMUSG00000054942.14:B1	label_permutation	3.543505236817632e-07	0.5598908156711625	6227	10	>20	0.8967032521832516
ENSMUSG00000057147.14:B1	label_permutation	3.163054912692289e-06	0.32604085277374706	8958	3	>20	0.8768883635306256
ENSMUSG00000059146.13:B1	label_permutation	6.83180230211456e-05	0.8106650689035351	1668	14	>20	0.9465130734353043
ENSMUSG00000061576.16:B1	label_permutation	1.0	1.0	1398	24	>20	1.0
ENSMUSG00000064061.14:B1	label_permutation	0.925581471297281	0.9720950998995423	8958	3	>20	1.0
ENSMUSG00000074505.7:B1	label_permutation	3.1436050885097283e-44	0.1368814524741901	5617	7	>20	0.8606239104020287
ENSMUSG00000085782.3:B1	label_permutation	0.000681386756925	0.32788671023965144	2753	2	6-10	0.8768883635306256
ENSMUSG00000097290.10:B1	label_permutation	4.169179941331268e-15	0.4855769230769231	623	9	11-20	0.8914176034062342
ENSMUSG00000118362.2:B1	label_permutation	0.000250668503193	0.39178479741042527	8958	3	>20	0.8802533382017219
ENSMUSG00000033565.19:B2	label_permutation	1.1655381344482352e-46	0.09497206703910614	7517	8	>20	0.8606239104020287
ENSMUSG00000033565.19:B3	label_permutation	0.0138962382571022	0.7432827879755254	7517	8	>20	0.9284035186765294
ENSMUSG00000033565.19:B4	label_permutation	5.477784078060402e-06	0.8677966101694915	1474	16	>20	0.964775499882423
ENSMUSG00000058388.15:B1	label_permutation	2.5705413038386405e-14	0.42870905587668595	6227	10	>20	0.8802533382017219
ENSMUSG00000058388.15:B2	label_permutation	1.4586963281032038e-96	0.02995678605434703	13652	5	>20	0.8606239104020287
ENSMUSG00000058388.15:B3	label_permutation	4.313172086763942e-84	0.043873141434117045	13652	5	>20	0.8606239104020287
ENSMUSG00000058388.15:B4	label_permutation	2.591001758253696e-56	0.07236504797480407	13652	5	>20	0.8606239104020287
ENSMUSG00000020684.15:B1	label_permutation	1.2543928044651603e-16	0.437137330754352	1033	10	11-20	0.8802533382017219
ENSMUSG00000020684.15:B2	label_permutation	0.4255970048433897	0.842456608811749	2246	5	11-20	0.9578783730289635
ENSMUSG00000020684.15:B3	label_permutation	6.404357066401146e-14	0.6584158415841584	403	15	11-20	0.9069038962860783
ENSMUSG00000025812.19:B1	label_permutation	1.0	1.0	28	15	1-5	1.0
ENSMUSG00000025812.19:B2	label_permutation	0.2759378676462553	0.7009196321471411	5001	3	11-20	0.9167441288909349
ENSMUSG00000030826.20:B2	label_permutation	0.4112971366919206	0.6818416301263864	7753	1	11-20	0.9110999233898707
ENSMUSG00000030826.20:B3	label_permutation	0.2947989398307598	0.6062677327830797	7753	1	11-20	0.903460907270032
ENSMUSG00000039361.12:B1	label_permutation	8.218851589264158e-19	0.3586776859504132	1209	8	11-20	0.8799716412619639
ENSMUSG00000039361.12:B2	label_permutation	3.320317972175764e-20	0.12754505031593727	4272	4	11-20	0.8606239104020287
ENSMUSG00000039361.12:B3	label_permutation	1.3334620971025509e-85	0.00889304937982682	4272	4	11-20	0.8606239104020287
ENSMUSG00000060373.16:B1	label_permutation	0.6308918114018494	0.8583877995642701	2753	2	6-10	0.9625324162842946
ENSMUSG00000060373.16:B2	label_permutation	0.6303422608027348	0.8562091503267973	2753	2	6-10	0.9625324162842946
ENSMUSG00000060373.16:B5	label_permutation	4.863069442874795e-13	0.30145278450363194	825	4	6-10	0.8768883635306256
ENSMUSG00000013662.7:B2	label_permutation	0.5015562182482655	0.759887572776551	4980	2	>20	0.9310072933636369
ENSMUSG00000020747.19:B1	label_permutation	5.430715465904768e-56	0.07787411689145793	6227	10	>20	0.8606239104020287
ENSMUSG00000020747.19:B2	label_permutation	4.682358387095704e-12	0.26565589980224125	13652	5	>20	0.8750110119110907
ENSMUSG00000023927.16:B1	label_permutation	2.669291287918786e-29	0.32967032967032966	818	12	11-20	0.8768883635306256
ENSMUSG00000023927.16:B2	label_permutation	0.4427187173837787	0.8032146444915728	8958	3	>20	0.9427126174837106
ENSMUSG00000027210.21:B1	label_permutation	0.3372477542968786	0.7955760638687468	13652	5	>20	0.9412183558068725
ENSMUSG00000027210.21:B2	label_permutation	0.3001648686784901	0.7797553651212188	13652	5	>20	0.9359563597368475
ENSMUSG00000029291.12:B1	label_permutation	5.5966991700147314e-05	0.6400128452151573	6227	10	>20	0.9050223671739888
ENSMUSG00000029291.12:B2	label_permutation	3.68608684996444e-06	0.7972350230414746	867	15	>20	0.9415203883172437
ENSMUSG00000031778.14:B1	label_permutation	1.2988466011675366e-42	0.12463421122639	7517	8	>20	0.8606239104020287
ENSMUSG00000031778.14:B2	label_permutation	1.7370903865808589e-37	0.3193220338983051	1474	16	>20	0.8768883635306256
ENSMUSG00000036257.16:B2	label_permutation	0.0096951256013037	0.5196660074708855	13652	5	>20	0.894080632179703
ENSMUSG00000040479.13:B1	label_permutation	7.734479919335249e-60	0.13829787234042554	281	27	>20	0.8606239104020287
ENSMUSG00000040479.13:B2	label_permutation	5.97358711087576e-34	0.4003569303985723	1680	18	>20	0.8802533382017219
ENSMUSG00000046709.19:B1	label_permutation	7.5001840835249205e-121	0.005	199	32	>20	0.8606239104020287
ENSMUSG00000046709.19:B2	label_permutation	8.035908058604904e-81	0.059328091493924234	1398	24	>20	0.8606239104020287
ENSMUSG00000059173.20:B1	label_permutation	4.057329511669805e-16	0.13454618152738904	5001	3	11-20	0.8606239104020287
ENSMUSG00000059173.20:B2	label_permutation	2.5373859131503588e-17	0.11935225909636145	5001	3	11-20	0.8606239104020287
ENSMUSG00000097392.5:B1	label_permutation	0.0003756435488822	0.662563359884142	4142	9	>20	0.9077926034510164
ENSMUSG00000097392.5:B2	label_permutation	4.751994032493257e-38	0.33908387864366446	1680	18	>20	0.8772378175865799
ENSMUSG00000002102.16:B1	label_permutation	0.0718098057337392	0.549780087964814	5001	3	11-20	0.894080632179703
ENSMUSG00000007411.17:B1	label_permutation	5.226461175928478e-32	0.2206703910614525	7517	8	>20	0.8674506604704691
ENSMUSG00000013150.16:B1	label_permutation	2.864497976202482e-10	0.261524723741489	8958	3	>20	0.8750110119110907
ENSMUSG00000017291.14:B1	label_permutation	2.9355608151600583e-27	0.17600527356624918	13652	5	>20	0.8660184484869279
ENSMUSG00000019852.8:B1	label_permutation	5.691111686153494e-35	0.13308430381601113	13652	5	>20	0.8606239104020287
ENSMUSG00000020329.13:B1	label_permutation	0.0197058208332026	0.5614020198591191	11782	4	>20	0.897524253734216
ENSMUSG00000020741.18:B1	label_permutation	0.0350819291177849	0.615726655745378	4272	4	11-20	0.9036329068266031
ENSMUSG00000021192.17:B1	label_permutation	0.9505875908670648	0.9729172040237297	7753	1	11-20	1.0
ENSMUSG00000021816.12:B1	label_permutation	0.0003326653915761	0.42459532703435143	13652	5	>20	0.8802533382017219
ENSMUSG00000022389.16:B1	label_permutation	0.0043443282568056	0.4894894894894895	13652	5	>20	0.8914176034062342
ENSMUSG00000022807.10:B1	label_permutation	0.3381202251458809	0.7335065973610556	5001	3	11-20	0.92506913456968
ENSMUSG00000024059.11:B1	label_permutation	2.0694835783369546e-29	0.4053156146179402	300	21	>20	0.8802533382017219
ENSMUSG00000024587.11:B1	label_permutation	3.426459517449282e-08	0.3136307038746063	13652	5	>20	0.8768883635306256
ENSMUSG00000025132.14:B1	label_permutation	0.2447309101552564	0.7711209922770887	4272	4	11-20	0.9338231579879378
ENSMUSG00000025656.18:B1	label_permutation	1.2723514325828484e-92	0.1683673469387755	195	40	>20	0.8660184484869279
ENSMUSG00000026245.17:B1	label_permutation	6.746663484858574e-07	0.31175354392231275	8958	3	>20	0.8768883635306256
ENSMUSG00000026784.15:B1	label_permutation	0.0471822407145604	0.6077399643554273	11782	4	>20	0.903460907270032
ENSMUSG00000027288.17:B1	label_permutation	0.2898346297426254	0.9225199131064447	4142	9	>20	0.9883913565702931
ENSMUSG00000027854.13:B1	label_permutation	0.0	0.004900696414753675	7753	1	11-20	0.8606239104020287
ENSMUSG00000028403.16:B1	label_permutation	3.9952598403355926e-244	0.15605590062111802	2575	1	>20	0.8606239104020287
ENSMUSG00000028909.18:B1	label_permutation	1.2114330436661512e-101	0.024781464822201477	11782	4	>20	0.8606239104020287
ENSMUSG00000029361.19:B1	label_permutation	5.192265436187822e-11	0.25293001451054803	8958	3	>20	0.8695150142445928
ENSMUSG00000029804.18:B1	label_permutation	1.6315480360247844e-97	0.016538214515093127	6227	10	>20	0.8606239104020287
ENSMUSG00000030465.20:B1	label_permutation	9.078851876342552e-48	0.5538461538461539	64	28	>20	0.8956389798674386
ENSMUSG00000031256.12:B1	label_permutation	0.0642223320071076	0.5925884585333184	8958	3	>20	0.903460907270032
ENSMUSG00000031818.13:B1	label_permutation	1.4137933284517661e-08	0.30236367891411187	4272	4	11-20	0.8768883635306256
ENSMUSG00000032258.16:B1	label_permutation	1.841702175028533e-14	0.24507434263531824	13652	5	>20	0.8685836717690222
ENSMUSG00000032621.9:B1	label_permutation	4.5387403078652335e-119	0.009896210475500844	4142	9	>20	0.8606239104020287
ENSMUSG00000033595.8:B1	label_permutation	0.82530589311885	0.9448075526506899	2753	2	6-10	0.9983189577298631
ENSMUSG00000034275.20:B1	label_permutation	3.0733566661145083e-22	0.3181269611392711	4142	9	>20	0.8768883635306256
ENSMUSG00000035027.19:B1	label_permutation	0.0280015235463623	0.41180498493563406	7301	2	11-20	0.8802533382017219
ENSMUSG00000036006.21:B1	label_permutation	2.0173924190285645e-07	0.5205254515599343	2435	6	11-20	0.894080632179703
ENSMUSG00000037736.21:B1	label_permutation	2.7201374478956573e-30	0.4271186440677966	1474	16	>20	0.8802533382017219
ENSMUSG00000038351.15:B1	label_permutation	4.9689277639629733e-23	0.15517241379310345	2435	6	11-20	0.8606239104020287
ENSMUSG00000039068.17:B1	label_permutation	1.7041598043242361e-43	0.06327033689400165	7301	2	11-20	0.8606239104020287
ENSMUSG00000039852.18:B1	label_permutation	3.987348345769492e-80	0.03639386661740255	5412	12	>20	0.8606239104020287
ENSMUSG00000040711.9:B1	label_permutation	1.9798251502725067e-24	0.16175846558601376	11782	4	>20	0.8660184484869279
ENSMUSG00000041607.18:B1	label_permutation	1.0	1.0	195	40	>20	1.0
ENSMUSG00000042616.9:B1	label_permutation	1.1410353856121314e-05	0.23394377095692545	7753	1	11-20	0.8674506604704691
ENSMUSG00000045038.15:B1	label_permutation	0.5151230574554624	0.9270202919188323	5617	7	>20	0.9909207451420301
ENSMUSG00000047879.18:B1	label_permutation	0.7270606159518578	0.8711632705700284	7753	1	11-20	0.9657719773454814
ENSMUSG00000050556.10:B1	label_permutation	6.318984522689395e-56	0.0783558124598587	6227	10	>20	0.8606239104020287
ENSMUSG00000052698.16:B1	label_permutation	3.249850252801021e-07	0.7147992810065907	1668	14	>20	0.9220008085299167
ENSMUSG00000055013.17:B1	label_permutation	5.550738010517634e-06	0.47134211463154146	5617	7	>20	0.8914176034062342
ENSMUSG00000057181.16:B1	label_permutation	4.698269144823202e-43	0.0959496081447301	13652	5	>20	0.8606239104020287
ENSMUSG00000059182.9:B1	label_permutation	4.4440583353698097e-20	0.10475809676129548	5001	3	11-20	0.8606239104020287
ENSMUSG00000061578.10:B1	label_permutation	1.1361568751194214e-53	0.06424581005586592	7517	8	>20	0.8606239104020287
ENSMUSG00000064080.13:B1	label_permutation	0.2951738023176828	0.6442070665571077	7301	2	11-20	0.9053280185658723
ENSMUSG00000069227.5:B1	label_permutation	4.994498882299891e-12	0.2659488757049733	13652	5	>20	0.8750110119110907
ENSMUSG00000074513.10:B1	label_permutation	9.79488821715693e-07	0.3484671191200562	4272	4	11-20	0.8795043135212783
ENSMUSG00000085819.8:B1	label_permutation	0.1398740799480918	0.6605647951780332	8958	3	>20	0.9072089437851377
ENSMUSG00000097311.9:B1	label_permutation	0.001526442482202	0.45972407654650643	2246	5	11-20	0.8895566450977648
ENSMUSG00000118664.1:B1	label_permutation	0.048474238486109	0.8312816799420709	4142	9	>20	0.9558130563374244
ENSMUSG00000037605.17:B2	label_permutation	0.0545595461901863	0.6997013811123554	10715	6	>20	0.915417178084112
ENSMUSG00000037605.17:B3	label_permutation	0.0055945028067438	0.5758678611422172	10715	6	>20	0.8997902400062849
ENSMUSG00000037605.17:B4	label_permutation	0.0003082302394632	0.482829413960433	10715	6	>20	0.8914176034062342
ENSMUSG00000064036.16:B1	label_permutation	1.637243133826451e-70	0.05329712297377578	11782	4	>20	0.8606239104020287
ENSMUSG00000064036.16:B2	label_permutation	0.6906497637922097	0.8534430837181289	4980	2	>20	0.9617601205569994
ENSMUSG00000064036.16:B3	label_permutation	5.474932577919075e-228	0.04778156996587031	4980	2	>20	0.8606239104020287
ENSMUSG00000064036.16:B4	label_permutation	0.6906496819828467	0.8508331660309175	4980	2	>20	0.9599910238872568
ENSMUSG00000020717.20:B2	label_permutation	1.721675991060422e-16	0.16079545454545455	3519	1	1-5	0.8660184484869279
ENSMUSG00000025938.17:B1	label_permutation	1.5922460750578576e-17	0.18886198547215496	825	4	6-10	0.8660671048080248
ENSMUSG00000025938.17:B2	label_permutation	0.2095048490241902	0.7554411420547624	4272	4	11-20	0.9300637725810085
ENSMUSG00000030850.18:B1	label_permutation	1.403808461277025e-28	0.1513624486748787	10715	6	>20	0.8606239104020287
ENSMUSG00000030850.18:B2	label_permutation	8.549988394776663e-05	0.36901439892845184	8958	3	>20	0.8799716412619639
ENSMUSG00000030850.18:B3	label_permutation	1.1810440575877077e-17	0.2067194999441902	8958	3	>20	0.8674506604704691
ENSMUSG00000039536.17:B1	label_permutation	0.420167411766589	0.7041906327033689	7301	2	11-20	0.9185048165308657
ENSMUSG00000039536.17:B3	label_permutation	0.955141728001226	0.9778179004384834	7753	1	11-20	1.0
ENSMUSG00000039536.17:B4	label_permutation	0.2947369690459724	0.6054939386123291	7753	1	11-20	0.903460907270032
ENSMUSG00000060450.15:B1	label_permutation	8.620170511702685e-12	0.12018881626724764	2753	2	6-10	0.8606239104020287
ENSMUSG00000060450.15:B2	label_permutation	1.898112879385284e-101	0.06551457312354914	7753	1	11-20	0.8606239104020287
ENSMUSG00000060450.15:B3	label_permutation	6.621654672146842e-07	0.5072639225181598	825	4	6-10	0.894080632179703
ENSMUSG00000013846.11:B1	label_permutation	9.637359497129106e-08	0.2583818510339289	4980	2	>20	0.8724251253863782
ENSMUSG00000013846.11:B2	label_permutation	0.4739049477288196	0.7581521739130435	2575	1	>20	0.9300637725810085
ENSMUSG00000020821.18:B1	label_permutation	4.69225106464161e-28	0.07348467119120056	4272	4	11-20	0.8606239104020287
ENSMUSG00000020821.18:B3	label_permutation	1.794286787722559e-13	0.3411330049261084	2435	6	11-20	0.8772378175865799
ENSMUSG00000024012.19:B1	label_permutation	0.3850923837362785	0.7544982007197121	5001	3	11-20	0.9300637725810085
ENSMUSG00000024012.19:B2	label_permutation	0.933408297277305	0.9768092762894842	5001	3	11-20	1.0
ENSMUSG00000027257.14:B1	label_permutation	1.0	1.0	286	3	1-5	1.0
ENSMUSG00000027257.14:B2	label_permutation	0.1479293852087928	0.5127589967284624	4584	1	6-10	0.894080632179703
ENSMUSG00000031840.15:B1	label_permutation	8.224227686885931e-49	0.16474654377880185	867	15	>20	0.8660184484869279
ENSMUSG00000031840.15:B2	label_permutation	2.452467826293724e-91	0.036182523987402036	13652	5	>20	0.8606239104020287
ENSMUSG00000036510.18:B1	label_permutation	7.30636581318518e-08	0.31460578799966055	11782	4	>20	0.8768883635306256
ENSMUSG00000036510.18:B2	label_permutation	0.916010236257642	0.9456706281833617	588	6	6-10	0.9983189577298631
ENSMUSG00000040549.17:B1	label_permutation	7.338080169479982e-34	0.22018511925952297	5617	7	>20	0.8674506604704691
ENSMUSG00000040549.17:B3	label_permutation	6.788276660861914e-34	0.21965112139551443	5617	7	>20	0.8674506604704691
ENSMUSG00000046873.19:B1	label_permutation	0.6454042294547964	0.8781113963612011	8958	3	>20	0.9676882332631774
ENSMUSG00000059401.15:B1	label_permutation	0.0064550997519556	0.34401533826348946	7301	2	11-20	0.8772378175865799
ENSMUSG00000059401.15:B2	label_permutation	0.0042866606631404	0.5155628364146969	4272	4	11-20	0.894080632179703
ENSMUSG00000002103.17:B1	label_permutation	0.0	0.09976708074534162	2575	1	>20	0.8606239104020287
ENSMUSG00000004591.17:B1	label_permutation	0.052341834897587	0.6129169141984214	11782	4	>20	0.9036329068266031
ENSMUSG00000007458.15:B1	label_permutation	6.486402965172603e-23	0.09641194193371679	7301	2	11-20	0.8606239104020287
ENSMUSG00000013236.18:B1	label_permutation	1.178542312617856e-05	0.6101477199743096	6227	10	>20	0.903460907270032
ENSMUSG00000017299.14:B1	label_permutation	1.9695483949249944e-05	0.348476392454515	8958	3	>20	0.8795043135212783
ENSMUSG00000019856.15:B1	label_permutation	1.724839516219447e-12	0.28611422172452405	10715	6	>20	0.8750110119110907
ENSMUSG00000020331.10:B1	label_permutation	0.0978508138752944	0.7736077481840193	825	4	6-10	0.9340658840244447
ENSMUSG00000020745.16:B1	label_permutation	0.1461267998035829	0.8207547169811321	5617	7	>20	0.9509365668344487
ENSMUSG00000021193.11:B1	label_permutation	0.0016060246287545	0.4687261308665026	11782	4	>20	0.8913379462893117
ENSMUSG00000021820.19:B1	label_permutation	0.8953629822972548	0.9522192989900704	11782	4	>20	0.9991689088672994
ENSMUSG00000022391.17:B1	label_permutation	9.055582628761694e-27	0.26376695929768557	7517	8	>20	0.8750110119110907
ENSMUSG00000022811.18:B1	label_permutation	2.595290163703265e-42	0.20652173913043478	2575	1	>20	0.8674506604704691
ENSMUSG00000024083.17:B2	label_permutation	0.1498527258494824	0.776875699888018	10715	6	>20	0.9354869458056242
ENSMUSG00000024603.9:B1	label_permutation	0.0002910787702885	0.40676457498887403	2246	5	11-20	0.8802533382017219
ENSMUSG00000025138.15:B1	label_permutation	3.2822538410196973e-13	0.24374098277178988	11782	4	>20	0.8674506604704691
ENSMUSG00000025658.17:B1	label_permutation	9.148054697517848e-46	0.16737483835211528	5412	12	>20	0.8660184484869279
ENSMUSG00000026259.15:B1	label_permutation	0.0729636373201726	0.6380282721746137	13652	5	>20	0.9044849332081017
ENSMUSG00000026792.17:B1	label_permutation	0.568931533402351	0.7792107299458344	7753	1	11-20	0.9359563597368475
ENSMUSG00000027291.16:B1	label_permutation	7.851846978433164e-07	0.3386234405499448	11782	4	>20	0.8772378175865799
ENSMUSG00000028410.14:B1	label_permutation	0.0084172042719475	0.5146854171244415	13652	5	>20	0.894080632179703
ENSMUSG00000028917.15:B1	label_permutation	7.412181179834724e-56	0.05892524607608406	7517	8	>20	0.8606239104020287
ENSMUSG00000029364.16:B1	label_permutation	0.70347107132123	0.8346782988004362	4584	1	6-10	0.9571860655446038
ENSMUSG00000029822.16:B1	label_permutation	0.0837829651887568	0.4290688676811968	7753	1	11-20	0.8802533382017219
ENSMUSG00000030513.15:B1	label_permutation	0.5814458247867018	0.8584401256046847	11782	4	>20	0.9625324162842946
ENSMUSG00000031292.15:B1	label_permutation	3.53992087420078e-42	0.15343538625845496	5617	7	>20	0.8606239104020287
ENSMUSG00000031822.21:B1	label_permutation	3.6954806164194434e-33	0.5304659498207885	836	20	>20	0.894080632179703
ENSMUSG00000032261.17:B1	label_permutation	0.5345766862247019	0.816673330667733	5001	3	11-20	0.9495808403676046
ENSMUSG00000032625.15:B1	label_permutation	1.0175179179706339e-16	0.23889511011571482	10715	6	>20	0.8674506604704691
ENSMUSG00000033597.10:B1	label_permutation	3.87122395338036e-22	0.28693485226059096	5617	7	>20	0.8750110119110907
ENSMUSG00000034295.11:B1	label_permutation	0.0060905072948961	0.40333266412366997	4980	2	>20	0.8802533382017219
ENSMUSG00000035033.16:B1	label_permutation	5.331207671922951e-06	0.31521739130434784	2575	1	>20	0.8768883635306256
ENSMUSG00000036046.15:B1	label_permutation	0.0130968838489143	0.6159947741694662	10715	6	>20	0.9036329068266031
ENSMUSG00000036918.17:B1	label_permutation	0.0834915548041088	0.5186335403726708	2575	1	>20	0.894080632179703
ENSMUSG00000037747.10:B1	label_permutation	2.4270777950560723e-08	0.3047039550666979	4272	4	11-20	0.8768883635306256
ENSMUSG00000038365.9:B1	label_permutation	0.1204576868860052	0.6439334747181605	8958	3	>20	0.9053280185658723
ENSMUSG00000039069.20:B1	label_permutation	0.3810407246382169	0.7048785384460952	4980	2	>20	0.9189437290974735
ENSMUSG00000039887.12:B1	label_permutation	5.6547934353989175e-43	0.04431818181818182	3519	1	1-5	0.8606239104020287
ENSMUSG00000040722.8:B1	label_permutation	0.0035004243894292	0.4820186039698235	13652	5	>20	0.8914176034062342
ENSMUSG00000041609.17:B1	label_permutation	2.2690970459001704e-63	0.12941881366087477	1668	14	>20	0.8606239104020287
ENSMUSG00000042680.9:B1	label_permutation	0.9452552682379504	0.9549632352941176	1087	3	6-10	1.0
ENSMUSG00000045071.15:B1	label_permutation	0.0030039629653225	0.6051975792096832	5617	7	>20	0.903460907270032
ENSMUSG00000047907.12:B1	label_permutation	7.357007009317456e-53	0.07868694182959209	4142	9	>20	0.8606239104020287
ENSMUSG00000050587.15:B1	label_permutation	0.0053456705655837	0.7035115722266561	7517	8	>20	0.9182634346751648
ENSMUSG00000052727.7:B1	label_permutation	7.736763875801958e-31	0.30094217624237946	5412	12	>20	0.8768883635306256
ENSMUSG00000055022.15:B1	label_permutation	0.3413223474605522	0.8875044499822	5617	7	>20	0.9739692644246256
ENSMUSG00000057193.9:B1	label_permutation	2.2399344023917792e-70	0.03198720511795282	5001	3	11-20	0.8606239104020287
ENSMUSG00000059208.16:B1	label_permutation	0.1582465066620973	0.6723964728206273	8958	3	>20	0.9110999233898707
ENSMUSG00000061601.16:B1	label_permutation	3.53203489555642e-103	0.012377609458710512	5412	12	>20	0.8606239104020287
ENSMUSG00000064105.14:B1	label_permutation	0.3260821803230314	0.727109156337465	5001	3	11-20	0.9249658667442068
ENSMUSG00000069565.13:B1	label_permutation	0.0057405135138405	0.36492374727668847	2753	2	6-10	0.8799716412619639
ENSMUSG00000074575.5:B1	label_permutation	0.7337500351445873	0.84340239912759	4584	1	6-10	0.9583439650263942
ENSMUSG00000085845.8:B1	label_permutation	0.5869162814207365	0.7882771843330595	7301	2	11-20	0.9392354353455457
ENSMUSG00000118665.1:B1	label_permutation	0.5736949333036212	0.7782799233086826	7301	2	11-20	0.9354869458056242
ENSMUSG00000039607.18:B2	label_permutation	0.2437263384494127	0.6096959737058341	7301	2	11-20	0.903460907270032
ENSMUSG00000039607.18:B3	label_permutation	1.5443247510956533e-08	0.2006706216146505	7753	1	11-20	0.8674506604704691
ENSMUSG00000039607.18:B4	label_permutation	2.0894388202694492e-14	0.1440701177759518	7301	2	11-20	0.8606239104020287
ENSMUSG00000072769.8:B1	label_permutation	6.79320643821566e-38	0.23369665619804175	5412	12	>20	0.8674506604704691
ENSMUSG00000072769.8:B2	label_permutation	0.0006148160290145	0.5005599104143337	10715	6	>20	0.8921327130306684
ENSMUSG00000072769.8:B3	label_permutation	0.2329347811360705	0.7129143877664917	8958	3	>20	0.9216895185571544
ENSMUSG00000072769.8:B4	label_permutation	0.1943183370991067	0.6912601852885367	8958	3	>20	0.9144902186301689
ENSMUSG00000020836.16:B1	label_permutation	3.868352180645795e-10	0.2788763472799796	11782	4	>20	0.8750110119110907
ENSMUSG00000020836.16:B2	label_permutation	7.832172810571654e-10	0.2827802766697785	11782	4	>20	0.8750110119110907
ENSMUSG00000020836.16:B3	label_permutation	0.994024356537857	0.9917687211403333	4980	2	>20	1.0
ENSMUSG00000025964.16:B1	label_permutation	2.413095617966831e-11	0.3012318029115342	10715	6	>20	0.8768883635306256
ENSMUSG00000025964.16:B2	label_permutation	0.0001326078339721	0.7783114723813043	5412	12	>20	0.9354869458056242
ENSMUSG00000025964.16:B3	label_permutation	0.0086874799520636	0.5934117207913401	10715	6	>20	0.903460907270032
ENSMUSG00000030889.15:B1	label_permutation	0.0049941656722561	0.3963059626581008	4980	2	>20	0.8802533382017219
ENSMUSG00000030889.15:B2	label_permutation	0.1430105607889728	0.5582298136645962	2575	1	>20	0.8956389798674386
ENSMUSG00000030889.15:B3	label_permutation	0.3255282255955876	0.6867236024844721	2575	1	>20	0.9121066221655937
ENSMUSG00000039652.17:B1	label_permutation	9.360594375629819e-56	0.11866359447004608	867	15	>20	0.8606239104020287
ENSMUSG00000039652.17:B2	label_permutation	0.9649662818912588	0.969823482018604	13652	5	>20	1.0
ENSMUSG00000039652.17:B3	label_permutation	2.819796821413293e-06	0.35472057423276937	13652	5	>20	0.8799716412619639
ENSMUSG00000061186.16:B1	label_permutation	0.0155596185067416	0.7865353037766831	2435	6	11-20	0.9389371467897278
ENSMUSG00000061186.16:B2	label_permutation	0.3773979616732368	0.7032724352539651	4980	2	>20	0.9182179907121788
ENSMUSG00000061186.16:B3	label_permutation	0.1370586677974952	0.6839514554867182	11782	4	>20	0.9111216921958705
ENSMUSG00000014195.17:B1	label_permutation	2.790810219793648e-29	0.29133858267716534	126	16	11-20	0.8750110119110907
ENSMUSG00000014195.17:B2	label_permutation	2.391775242193796e-27	0.07605897495904516	4272	4	11-20	0.8606239104020287
ENSMUSG00000020823.17:B1	label_permutation	0.2981074742975101	0.7611813629805653	11782	4	>20	0.931570310568412
ENSMUSG00000020823.17:B2	label_permutation	1.296989543860785e-06	0.5238095238095238	7517	8	>20	0.894080632179703
ENSMUSG00000024044.20:B1	label_permutation	1.477891414466861e-06	0.7405632115038946	1668	14	>20	0.9283378165965139
ENSMUSG00000024044.20:B4	label_permutation	1.3530991992207419e-10	0.8604651162790697	300	21	>20	0.962553981941598
ENSMUSG00000027281.17:B1	label_permutation	8.715524136595876e-25	0.17553191489361702	10715	6	>20	0.8660184484869279
ENSMUSG00000027281.17:B2	label_permutation	4.338416571884811e-16	0.21520258957472932	8958	3	>20	0.8674506604704691
ENSMUSG00000032009.9:B1	label_permutation	0.0366840667136679	0.9201921300572695	5412	12	>20	0.9874780512444977
ENSMUSG00000032009.9:B2	label_permutation	0.285475426671511	0.7562590172282101	11782	4	>20	0.9300637725810085
ENSMUSG00000036561.10:B1	label_permutation	0.0001435551536663	0.6592806679511882	6227	10	>20	0.9071669693118922
ENSMUSG00000036561.10:B2	label_permutation	4.5531838229138295e-11	0.27627627627627627	13652	5	>20	0.8750110119110907
ENSMUSG00000040612.14:B1	label_permutation	0.0030893431535177	0.6066215735137059	5617	7	>20	0.903460907270032
ENSMUSG00000047193.17:B1	label_permutation	1.253591196337584e-55	0.11981566820276497	867	15	>20	0.8606239104020287
ENSMUSG00000047193.17:B2	label_permutation	4.433661273132151e-37	0.20134874759152216	6227	10	>20	0.8674506604704691
ENSMUSG00000059824.13:B1	label_permutation	0.01341711215602	0.43373493975903615	165	6	1-5	0.8802533382017219
ENSMUSG00000059824.13:B3	label_permutation	0.070057713751929	0.40418118466898956	286	3	1-5	0.8802533382017219
ENSMUSG00000110195.2:B1	label_permutation	0.2567217613470801	0.6497341996455995	1692	2	1-5	0.9053280185658723
ENSMUSG00000110195.2:B2	label_permutation	0.1048978322806172	0.49829545454545454	3519	1	1-5	0.8921327130306684
ENSMUSG00000002107.19:B1	label_permutation	1.7150480217692642e-57	0.21157969978556113	1398	24	>20	0.8674506604704691
ENSMUSG00000004677.19:B1	label_permutation	1.278922022897428e-50	0.10288358846564613	5617	7	>20	0.8606239104020287
ENSMUSG00000007476.19:B1	label_permutation	2.5447190251442007e-09	0.2966381015161503	13652	5	>20	0.8761365103719626
ENSMUSG00000013539.15:B1	label_permutation	1.9717113899249232e-42	0.0977074635611221	13652	5	>20	0.8606239104020287
ENSMUSG00000017314.13:B1	label_permutation	0.771701864930828	0.9259503405844869	13652	5	>20	0.9905310237054712
ENSMUSG00000019864.15:B1	label_permutation	0.4868343224728533	0.7230098146128681	4584	1	6-10	0.9246460178913571
ENSMUSG00000020359.14:B1	label_permutation	0.0060793495077455	0.5019409653555995	13652	5	>20	0.8926484757847504
ENSMUSG00000020770.14:B1	label_permutation	0.2511770840150229	0.7562440489269757	13652	5	>20	0.9300637725810085
ENSMUSG00000021196.15:B1	label_permutation	0.96557252017639	0.96996996996997	13652	5	>20	1.0
ENSMUSG00000021870.18:B1	label_permutation	0.0097481139719019	0.5331553182020472	2246	5	11-20	0.894080632179703
ENSMUSG00000022394.15:B1	label_permutation	0.0045624641201726	0.3278553820870994	7301	2	11-20	0.8768883635306256
ENSMUSG00000022812.15:B1	label_permutation	4.228194331226194e-20	0.3519588953114965	6227	10	>20	0.87970420814686
ENSMUSG00000024095.16:B1	label_permutation	3.80984275103282e-27	0.14155987439531528	11782	4	>20	0.8606239104020287
ENSMUSG00000025139.15:B1	label_permutation	1.0	1.0	286	3	1-5	1.0
ENSMUSG00000025666.17:B1	label_permutation	0.0539279852456378	0.38689708537529016	7753	1	11-20	0.8802533382017219
ENSMUSG00000026305.16:B1	label_permutation	0.0215779944053	0.525058600290211	8958	3	>20	0.894080632179703
ENSMUSG00000026797.17:B1	label_permutation	5.882935537871604e-08	0.5092927830074825	4142	9	>20	0.894080632179703
ENSMUSG00000027298.18:B1	label_permutation	0.3512615305917883	0.8563829787234043	10715	6	>20	0.9625324162842946
ENSMUSG00000027865.11:B1	label_permutation	8.102315214063758e-82	0.020791683326669332	5001	3	11-20	0.8606239104020287
ENSMUSG00000028413.14:B1	label_permutation	0.8160316067754809	0.9129005751848809	7301	2	11-20	0.984602701803198
ENSMUSG00000028944.15:B1	label_permutation	4.816568431506205e-06	0.28568560530014053	4980	2	>20	0.8750110119110907
ENSMUSG00000029389.18:B1	label_permutation	1.3679262323473985e-32	0.14234089540252962	4980	2	>20	0.8606239104020287
ENSMUSG00000029823.17:B1	label_permutation	8.133645338254345e-10	0.3248413587159388	10715	6	>20	0.8768883635306256
ENSMUSG00000030516.15:B1	label_permutation	5.21380281658804e-08	0.42079031683873264	5617	7	>20	0.8802533382017219
ENSMUSG00000031309.16:B1	label_permutation	7.093315812996137e-06	0.2286561774567965	7753	1	11-20	0.8674506604704691
ENSMUSG00000031824.16:B2	label_permutation	8.496399753668714e-45	0.13296546813812746	5617	7	>20	0.8606239104020287
ENSMUSG00000032267.9:B1	label_permutation	1.4437741486083735e-37	0.10087719298245613	10715	6	>20	0.8606239104020287
ENSMUSG00000032637.16:B1	label_permutation	4.874078241492382e-06	0.5720492396813903	4142	9	>20	0.8997902400062849
ENSMUSG00000033610.17:B1	label_permutation	7.448882750211198e-07	0.5166267624368183	7517	8	>20	0.894080632179703
ENSMUSG00000034300.18:B1	label_permutation	1.634073990573334e-15	0.13854458216713314	5001	3	11-20	0.8606239104020287
ENSMUSG00000035051.16:B1	label_permutation	0.5790400391308349	0.8541131822748075	8958	3	>20	0.9617601205569994
ENSMUSG00000036053.18:B1	label_permutation	0.8171050408375308	0.9184782608695652	2575	1	>20	0.9865819668579794
ENSMUSG00000036948.18:B1	label_permutation	4.329567400375933e-07	0.21264994547437296	4584	1	6-10	0.8674506604704691
ENSMUSG00000038368.17:B1	label_permutation	1.819408808513248e-38	0.04961385443482331	4272	4	11-20	0.8606239104020287
ENSMUSG00000039087.18:B1	label_permutation	6.396482410782549e-31	0.35230677052127024	1668	14	>20	0.87970420814686
ENSMUSG00000039910.11:B1	label_permutation	0.9294866407619982	0.9630681818181818	3519	1	1-5	1.0
ENSMUSG00000040724.6:B1	label_permutation	1.842421371518744e-73	0.04600036948087936	5412	12	>20	0.8606239104020287
ENSMUSG00000041645.15:B1	label_permutation	1.0	1.0	4142	9	>20	1.0
ENSMUSG00000042688.17:B1	label_permutation	4.413009218431425e-08	0.30985317830773146	11782	4	>20	0.8768883635306256
ENSMUSG00000045078.13:B1	label_permutation	0.2073772022422	0.7545050315937281	4272	4	11-20	0.9300637725810085
ENSMUSG00000047921.19:B1	label_permutation	0.4184542902748286	0.7019994522048754	7301	2	11-20	0.9178893041049491
ENSMUSG00000050663.9:B1	label_permutation	0.642619136899309	0.8400621118012422	2575	1	>20	0.9572107328688597
ENSMUSG00000052798.14:B1	label_permutation	0.109501724190039	0.5146535195836757	7301	2	11-20	0.894080632179703
ENSMUSG00000055026.14:B1	label_permutation	0.4979786648293655	0.8255385645719389	8958	3	>20	0.9534747646328177
ENSMUSG00000057229.12:B1	label_permutation	0.9964629969201176	0.9840232389251997	2753	2	6-10	1.0
ENSMUSG00000059248.14:B1	label_permutation	1.0	1.0	403	15	11-20	1.0
ENSMUSG00000061603.9:B1	label_permutation	0.000394935932836	0.6843288375080283	6227	10	>20	0.9111216921958705
ENSMUSG00000064115.14:B1	label_permutation	5.464966175640385e-23	0.1871967151922359	10715	6	>20	0.8660184484869279
ENSMUSG00000074579.15:B1	label_permutation	5.191938149136354e-22	0.17813799541712635	11782	4	>20	0.8660184484869279
ENSMUSG00000085862.3:B1	label_permutation	0.6566170827703053	0.8811847577017737	11782	4	>20	0.970361259767648
ENSMUSG00000097452.3:B1	label_permutation	0.0050565051655421	0.39285714285714285	2575	1	>20	0.8802533382017219
ENSMUSG00000119984.1:B1	label_permutation	1.1957150777862204e-26	0.1639691929902891	8958	3	>20	0.8660184484869279
ENSMUSG00000068036.17:B1	label_permutation	8.830109511999337e-31	0.30168113800110846	5412	12	>20	0.8768883635306256
ENSMUSG00000068036.17:B2	label_permutation	0.0272308772166252	0.6565882792086599	10715	6	>20	0.9067105961865773
ENSMUSG00000068036.17:B3	label_permutation	4.068265434467767e-45	0.07353490108249347	10715	6	>20	0.8606239104020287
ENSMUSG00000068036.17:B5	label_permutation	0.0446660757052218	0.68682344158268	10715	6	>20	0.9121066221655937
ENSMUSG00000068036.17:B6	label_permutation	4.881380181380803e-15	0.6603212373587151	1680	18	>20	0.9072089437851377
ENSMUSG00000079179.11:B2	label_permutation	3.1763459841972226e-11	0.13998818665091553	1692	2	1-5	0.8606239104020287
ENSMUSG00000079179.11:B3	label_permutation	1.6587920500266308e-22	0.13391494002181026	4584	1	6-10	0.8606239104020287
ENSMUSG00000079179.11:B4	label_permutation	0.0449200986242935	0.4133042529989095	4584	1	6-10	0.8802533382017219
ENSMUSG00000020859.17:B1	label_permutation	2.4741226048339805e-44	0.39901477832512317	405	22	>20	0.8802533382017219
ENSMUSG00000020859.17:B2	label_permutation	1.0491625603208355e-68	0.2391304347826087	183	33	>20	0.8674506604704691
ENSMUSG00000020859.17:B3	label_permutation	9.854436947207896e-48	0.14924346629986246	1453	11	>20	0.8606239104020287
ENSMUSG00000026074.16:B1	label_permutation	0.0029236736668631	0.5486188876446435	10715	6	>20	0.894080632179703
ENSMUSG00000026074.16:B2	label_permutation	0.0036354588502799	0.5556177678238149	10715	6	>20	0.8956389798674386
ENSMUSG00000026074.16:B3	label_permutation	5.3800593491762744e-08	0.6358765933862922	5412	12	>20	0.9043131046449359
ENSMUSG00000031134.17:B1	label_permutation	0.3926940015488259	0.7584966013594562	5001	3	11-20	0.9300637725810085
ENSMUSG00000031134.17:B3	label_permutation	0.3141463945122336	0.7219112355057977	5001	3	11-20	0.9240299323164497
ENSMUSG00000031134.17:B4	label_permutation	9.989686626091808e-08	0.499151103565365	588	6	6-10	0.8921327130306684
ENSMUSG00000039985.15:B2	label_permutation	0.0685137530533781	0.40778952798555584	7753	1	11-20	0.8802533382017219
ENSMUSG00000039985.15:B3	label_permutation	2.9606458347580294e-07	0.19734319364557656	7301	2	11-20	0.8674506604704691
ENSMUSG00000061689.16:B1	label_permutation	5.296123105813332e-37	0.6141732283464567	253	30	>20	0.9036329068266031
ENSMUSG00000061689.16:B2	label_permutation	3.077280279246468e-08	0.5330764290301863	6227	10	>20	0.894080632179703
ENSMUSG00000061689.16:B3	label_permutation	1.6978689064824624e-22	0.32996146435452794	6227	10	>20	0.8768883635306256
ENSMUSG00000014496.9:B1	label_permutation	0.0008027961115201	0.4647788439035806	4272	4	11-20	0.8898393180670646
ENSMUSG00000014496.9:B2	label_permutation	0.1900941779630642	0.5776499589153656	7301	2	11-20	0.8997902400062849
ENSMUSG00000020886.18:B2	label_permutation	1.847179008133121e-14	0.3956070480328265	4142	9	>20	0.8802533382017219
ENSMUSG00000024096.18:B1	label_permutation	0.068644199184589	0.8713872832369942	6227	10	>20	0.9657719773454814
ENSMUSG00000024096.18:B2	label_permutation	0.569648762806792	0.8740936058009229	13652	5	>20	0.9664541620398334
ENSMUSG00000027347.19:B1	label_permutation	0.6293014214013063	0.9430402278390887	5617	7	>20	0.9977857387171685
ENSMUSG00000027347.19:B4	label_permutation	1.8162504151179703e-27	0.40323547034152185	1668	14	>20	0.8802533382017219
ENSMUSG00000029638.18:B2	label_permutation	0.3516475555087584	0.6520505545524891	7753	1	11-20	0.9053909888911233
ENSMUSG00000032087.12:B1	label_permutation	0.8281384947511322	0.9668921324314703	5617	7	>20	1.0
ENSMUSG00000032087.12:B2	label_permutation	0.0012102457891997	0.8568004793289394	1668	14	>20	0.9625324162842946
ENSMUSG00000036570.15:B2	label_permutation	3.9506356212558124e-53	0.05670665212649945	4584	1	6-10	0.8606239104020287
ENSMUSG00000040624.19:B1	label_permutation	0.0315471448611765	0.7524271844660194	205	4	1-5	0.9300637725810085
ENSMUSG00000040624.19:B2	label_permutation	0.3344440381442927	0.6804489072652097	1692	2	1-5	0.9110999233898707
ENSMUSG00000047417.19:B1	label_permutation	1.2555627544977223e-75	0.029115341545352745	10715	6	>20	0.8606239104020287
ENSMUSG00000047417.19:B2	label_permutation	3.099180229972772e-79	0.02734229189996267	10715	6	>20	0.8606239104020287
ENSMUSG00000059895.14:B1	label_permutation	2.8905381224687143e-38	0.04806408544726302	2246	5	11-20	0.8606239104020287
ENSMUSG00000059895.14:B2	label_permutation	0.0003434906121252	0.33969082513551496	4980	2	>20	0.8772378175865799
ENSMUSG00000110246.3:B1	label_permutation	0.7275248381606358	0.9066860140640697	8958	3	>20	0.9813753526353685
ENSMUSG00000110246.3:B2	label_permutation	0.9277265166803502	0.9720977976857036	10715	6	>20	1.0
ENSMUSG00000002265.18:B1	label_permutation	1.1166696551829933e-45	0.16811380011084426	5412	12	>20	0.8660184484869279
ENSMUSG00000004843.8:B1	label_permutation	0.1593057713602071	0.501418622646376	7753	1	11-20	0.8921327130306684
ENSMUSG00000007610.16:B1	label_permutation	0.0111945644408132	0.32421975754449317	7753	1	11-20	0.8768883635306256
ENSMUSG00000013593.13:B1	label_permutation	0.6343635929365701	0.8117100851173588	7753	1	11-20	0.9469950993035853
ENSMUSG00000017390.16:B1	label_permutation	0.150070528906713	0.6207516993202719	5001	3	11-20	0.9037363545202307
ENSMUSG00000019883.12:B1	label_permutation	0.1455690389476112	0.48839308743874127	7753	1	11-20	0.8914176034062342
ENSMUSG00000020362.14:B1	label_permutation	0.2783610982634057	0.6091603053435114	4584	1	6-10	0.903460907270032
ENSMUSG00000020774.10:B1	label_permutation	2.400713029168864e-07	0.21025081788440567	4584	1	6-10	0.8674506604704691
ENSMUSG00000021198.17:B1	label_permutation	1.7740723371195428e-11	0.3673905304378782	5617	7	>20	0.8799716412619639
ENSMUSG00000021910.16:B1	label_permutation	7.662226807917334e-37	0.5098522167487685	405	22	>20	0.894080632179703
ENSMUSG00000022403.16:B1	label_permutation	0.0225682627329614	0.7656291566906092	7517	8	>20	0.9329062959889604
ENSMUSG00000022822.17:B1	label_permutation	0.0040059581775356	0.6174795300818797	5617	7	>20	0.9037363545202307
ENSMUSG00000024099.16:B1	label_permutation	3.1538565299690277e-47	0.08525598769501208	13652	5	>20	0.8606239104020287
ENSMUSG00000024613.17:B1	label_permutation	3.470067961498564e-06	0.35655167362484436	13652	5	>20	0.8799716412619639
ENSMUSG00000025153.10:B1	label_permutation	0.0868188973270319	0.7335759611795446	10715	6	>20	0.92506913456968
ENSMUSG00000025738.9:B1	label_permutation	7.807936721157859e-14	0.5169037502309255	5412	12	>20	0.894080632179703
ENSMUSG00000026309.15:B1	label_permutation	0.0008353034815245	0.4520919969447509	11782	4	>20	0.8884086579942446
ENSMUSG00000026817.15:B1	label_permutation	0.0028244636812847	0.2961832061068702	4584	1	6-10	0.8756890317396544
ENSMUSG00000027303.19:B1	label_permutation	5.578488600328136e-69	0.05579161278403843	5412	12	>20	0.8606239104020287
ENSMUSG00000027889.18:B1	label_permutation	0.0001150276896952	0.2984749455337691	2753	2	6-10	0.8768883635306256
ENSMUSG00000028416.14:B1	label_permutation	0.106399415802511	0.5439360929557008	2753	2	6-10	0.894080632179703
ENSMUSG00000028948.17:B1	label_permutation	0.0021711462902868	0.29081764250709313	7753	1	11-20	0.8750110119110907
ENSMUSG00000029405.17:B1	label_permutation	0.2245892140670784	0.7425474254742548	13652	5	>20	0.9284035186765294
ENSMUSG00000029832.17:B1	label_permutation	0.0451139923567027	0.41374045801526715	4584	1	6-10	0.8802533382017219
ENSMUSG00000030519.15:B1	label_permutation	0.3207744477767741	0.918462357009843	7517	8	>20	0.9865819668579794
ENSMUSG00000031314.19:B1	label_permutation	3.33245256946212e-05	0.44036954087346025	10715	6	>20	0.8823097265650158
ENSMUSG00000031826.21:B1	label_permutation	0.4082536950602198	0.7908248688469696	8958	3	>20	0.9406407828282828
ENSMUSG00000032279.12:B1	label_permutation	3.488472290353461e-07	0.3309853178307732	11782	4	>20	0.8768883635306256
ENSMUSG00000032735.16:B1	label_permutation	1.8633952587825986e-07	0.3692609182530795	10715	6	>20	0.8799716412619639
ENSMUSG00000033618.8:B1	label_permutation	0.5473001875371899	0.8208716513394642	5001	3	11-20	0.9509365668344487
ENSMUSG00000034341.18:B1	label_permutation	0.019752902776501	0.5801544582260707	4272	4	11-20	0.8997902400062849
ENSMUSG00000035064.18:B1	label_permutation	0.7683131166572673	0.8948002409154788	4980	2	>20	0.9755587017248997
ENSMUSG00000036054.16:B1	label_permutation	1.078267528759626e-18	0.34757422157856627	4142	9	>20	0.8795043135212783
ENSMUSG00000036949.17:B1	label_permutation	0.4814907192534349	0.764751552795031	2575	1	>20	0.9328972525138082
ENSMUSG00000037787.15:B1	label_permutation	0.0492267520015393	0.5737247460654091	8958	3	>20	0.8997902400062849
ENSMUSG00000038369.15:B1	label_permutation	3.006769387535113e-43	0.12037776004256451	7517	8	>20	0.8606239104020287
ENSMUSG00000039103.13:B1	label_permutation	0.9704324350155138	0.9838792881093629	7753	1	11-20	1.0
ENSMUSG00000039943.17:B1	label_permutation	3.3239233959075976e-56	0.09559834938101788	1453	11	>20	0.8606239104020287
ENSMUSG00000040725.14:B1	label_permutation	0.1412771220514004	0.6943528894748406	13652	5	>20	0.9150593486619103
ENSMUSG00000042699.12:B1	label_permutation	1.5828975115329445e-18	0.30954076183695267	5617	7	>20	0.8768883635306256
ENSMUSG00000045095.17:B2	label_permutation	0.0009573810345813	0.44576283600673844	13652	5	>20	0.8861238787535181
ENSMUSG00000047976.5:B1	label_permutation	0.074095717601303	0.7206980216498694	10715	6	>20	0.9230203615333576
ENSMUSG00000050697.10:B1	label_permutation	7.033163837722499e-60	0.06382075872019011	11782	4	>20	0.8606239104020287
ENSMUSG00000052852.9:B1	label_permutation	2.55025515708728e-22	0.10079430293070392	7301	2	11-20	0.8606239104020287
ENSMUSG00000055065.8:B1	label_permutation	1.2360481954138147e-11	0.8463187991422445	1398	24	>20	0.9585667932457129
ENSMUSG00000057230.15:B1	label_permutation	1.1536666380495022e-42	0.19434694254572327	5412	12	>20	0.8674506604704691
ENSMUSG00000059263.10:B1	label_permutation	2.4784159387858244e-113	0.016124925740473563	11782	4	>20	0.8606239104020287
ENSMUSG00000061613.14:B1	label_permutation	2.7303856848380655e-44	0.0919944334578481	13652	5	>20	0.8606239104020287
ENSMUSG00000064127.14:B2	label_permutation	0.2395465732386109	0.5674490585504256	7753	1	11-20	0.8997902400062849
ENSMUSG00000069631.15:B1	label_permutation	1.0385731975839894e-17	0.15633044699274515	4272	4	11-20	0.8606239104020287
ENSMUSG00000074657.6:B1	label_permutation	1.3840188266249229e-61	0.07722150378717901	5412	12	>20	0.8606239104020287
ENSMUSG00000085888.9:B1	label_permutation	0.9830788871866054	0.9908396946564886	4584	1	6-10	1.0
ENSMUSG00000097466.10:B1	label_permutation	1.1898779221413275e-05	0.23433066804230074	7753	1	11-20	0.8674506604704691
ENSMUSG00000120002.1:B1	label_permutation	0.7634478466680945	0.9134346091827209	11782	4	>20	0.9846426322060801
ENSMUSG00000020866.18:B1	label_permutation	2.436196220823572e-51	0.07829781000512707	13652	5	>20	0.8606239104020287
ENSMUSG00000020866.18:B2	label_permutation	0.005593628794396	0.47103471369572497	8958	3	>20	0.8914176034062342
ENSMUSG00000020866.18:B3	label_permutation	0.2250978712055959	0.7426939134256207	13652	5	>20	0.9284035186765294
ENSMUSG00000020866.18:B4	label_permutation	9.597757942992431e-54	0.08863198458574181	6227	10	>20	0.8606239104020287
ENSMUSG00000020866.18:B6	label_permutation	0.3886083803551434	0.8154984252545228	13652	5	>20	0.9493623123698782
ENSMUSG00000020866.18:B7	label_permutation	9.597699431873923e-54	0.08863198458574181	6227	10	>20	0.8606239104020287
ENSMUSG00000000605.10:B1	label_permutation	0.0189247054111595	0.8371900826446281	1209	8	11-20	0.9572107328688597
ENSMUSG00000000605.10:B2	label_permutation	2.810100817448324e-44	0.057177129148340666	5001	3	11-20	0.8606239104020287
ENSMUSG00000000605.10:B3	label_permutation	0.6726124063764605	0.9159840861221624	4272	4	11-20	0.9862080697252031
ENSMUSG00000016763.16:B2	label_permutation	1.8782766174802326e-16	0.20277052800642442	4980	2	>20	0.8674506604704691
ENSMUSG00000016763.16:B3	label_permutation	1.2334977698692308e-05	0.3187111801242236	2575	1	>20	0.8768883635306256
ENSMUSG00000016763.16:B4	label_permutation	0.095017873240948	0.5295031055900621	2575	1	>20	0.894080632179703
ENSMUSG00000024193.9:B2	label_permutation	0.0359651654937038	0.3993456924754635	4584	1	6-10	0.8802533382017219
ENSMUSG00000029207.17:B1	label_permutation	7.784937056313156e-23	0.3968224644374654	5412	12	>20	0.8802533382017219
ENSMUSG00000029207.17:B2	label_permutation	4.9405330151156326e-42	0.0837999253452781	10715	6	>20	0.8606239104020287
ENSMUSG00000029207.17:B4	label_permutation	0.0108883954297411	0.6061030235162373	10715	6	>20	0.903460907270032
ENSMUSG00000036636.11:B1	label_permutation	0.1078809729510926	0.6334412322803884	8958	3	>20	0.903855163864902
ENSMUSG00000036636.11:B2	label_permutation	0.9991532880551414	0.9945794017265609	4980	2	>20	1.0
ENSMUSG00000036636.11:B3	label_permutation	8.176708208808846e-08	0.5082101806239737	2435	6	11-20	0.894080632179703
ENSMUSG00000052752.16:B1	label_permutation	3.874541241001987e-21	0.3171056131949987	7517	8	>20	0.8768883635306256
ENSMUSG00000052752.16:B2	label_permutation	0.0001289501047457	0.41110073835186284	11782	4	>20	0.8802533382017219
ENSMUSG00000052752.16:B5	label_permutation	1.0	1.0	11782	4	>20	1.0
ENSMUSG00000004319.16:B1	label_permutation	0.7406112542100385	0.9796082209377007	6227	10	>20	1.0
ENSMUSG00000004319.16:B2	label_permutation	0.2707622156563834	0.7666446934739618	13652	5	>20	0.9329062959889604
ENSMUSG00000019978.17:B1	label_permutation	7.007480246781077e-63	0.03712871287128713	403	15	11-20	0.8606239104020287
ENSMUSG00000019978.17:B2	label_permutation	1.59553696683047e-26	0.08055184690698709	2246	5	11-20	0.8606239104020287
ENSMUSG00000022641.16:B1	label_permutation	0.5187863148318956	0.7513010134209805	7301	2	11-20	0.9300637725810085
ENSMUSG00000022641.16:B2	label_permutation	0.6030124860540426	0.7957183389218467	7753	1	11-20	0.9412183558068725
ENSMUSG00000026384.14:B2	label_permutation	0.0	0.015515124455854448	8958	3	>20	0.8606239104020287
ENSMUSG00000028745.19:B1	label_permutation	0.2603867008175335	0.7802480692721742	4272	4	11-20	0.936297683126609
ENSMUSG00000028745.19:B2	label_permutation	0.0401306792482053	0.433442892358258	7301	2	11-20	0.8802533382017219
ENSMUSG00000031284.17:B1	label_permutation	2.281286820825622e-06	0.6256198347107438	1209	8	11-20	0.9037363545202307
ENSMUSG00000031284.17:B2	label_permutation	0.0337177930087108	0.6136204072080506	4272	4	11-20	0.9036329068266031
ENSMUSG00000034201.14:B1	label_permutation	0.0001150616853193	0.29883805374001454	2753	2	6-10	0.8768883635306256
ENSMUSG00000034201.14:B2	label_permutation	0.034871747585011	0.39672846237731735	4584	1	6-10	0.8802533382017219
ENSMUSG00000039217.14:B1	label_permutation	0.0184117774867512	0.34395150889863296	7753	1	11-20	0.8772378175865799
ENSMUSG00000039217.14:B2	label_permutation	0.0184117629456478	0.34369357750838275	7753	1	11-20	0.8772378175865799
ENSMUSG00000055407.15:B1	label_permutation	2.4696263863334776e-24	0.5050847457627119	1474	16	>20	0.894080632179703
ENSMUSG00000078517.13:B1	label_permutation	9.474974144900786e-30	0.26140012845215155	6227	10	>20	0.8750110119110907
ENSMUSG00000078517.13:B3	label_permutation	1.6957279601156594e-11	0.2716619058082473	13652	5	>20	0.8750110119110907
ENSMUSG00000001729.15:B1	label_permutation	0.0029232721380656	0.39981617647058826	1087	3	6-10	0.8802533382017219
ENSMUSG00000003970.10:B1	label_permutation	2.605147697013808e-43	0.09640130861504907	4584	1	6-10	0.8606239104020287
ENSMUSG00000006288.9:B1	label_permutation	0.1453444837974633	0.66402500279049	8958	3	>20	0.9089593347088671
ENSMUSG00000010097.16:B1	label_permutation	0.0792866155194247	0.5577768892443022	5001	3	11-20	0.8956389798674386
ENSMUSG00000016150.16:B1	label_permutation	0.000134173245459	0.38985313751668893	2246	5	11-20	0.8802533382017219
ENSMUSG00000018909.16:B1	label_permutation	0.0412719546456307	0.5955467662784736	13652	5	>20	0.903460907270032
ENSMUSG00000020181.19:B1	label_permutation	1.304897689814813e-13	0.3987762702846502	7517	8	>20	0.8802533382017219
ENSMUSG00000020623.12:B1	label_permutation	3.933272527986648e-80	0.051263794944820223	5617	7	>20	0.8606239104020287
ENSMUSG00000021087.19:B1	label_permutation	1.2884882007755856e-48	0.10282404055032585	4142	9	>20	0.8606239104020287
ENSMUSG00000021670.15:B1	label_permutation	2.213516047146417e-22	0.1750827463294577	11782	4	>20	0.8660184484869279
ENSMUSG00000022240.11:B1	label_permutation	0.0002412561030978	0.6732498394348105	6227	10	>20	0.9110999233898707
ENSMUSG00000022684.16:B1	label_permutation	0.0522821680007181	0.6370231687339106	4272	4	11-20	0.9044849332081017
ENSMUSG00000023852.15:B1	label_permutation	1.6554259055910347e-73	0.029955207166853303	10715	6	>20	0.8606239104020287
ENSMUSG00000024442.7:B1	label_permutation	0.9695502226506538	0.9845964951445474	8958	3	>20	1.0
ENSMUSG00000024943.10:B1	label_permutation	0.2902215011355937	0.7578715098022575	11782	4	>20	0.9300637725810085
ENSMUSG00000025423.17:B1	label_permutation	0.4083484580107546	0.6933478735005453	4584	1	6-10	0.9150593486619103
ENSMUSG00000026123.12:B1	label_permutation	2.9032725839029707e-123	0.011426060206548011	13652	5	>20	0.8606239104020287
ENSMUSG00000026617.17:B1	label_permutation	0.661138022269593	0.8474378881987578	2575	1	>20	0.9585667932457129
ENSMUSG00000027016.18:B1	label_permutation	4.171935098020589e-09	0.4601018675721562	588	6	6-10	0.8895566450977648
ENSMUSG00000027660.17:B1	label_permutation	5.447747929143351e-06	0.3325147895970532	8958	3	>20	0.8768883635306256
ENSMUSG00000028180.19:B1	label_permutation	1.1338147841288736e-07	0.516051170649288	4142	9	>20	0.894080632179703
ENSMUSG00000028796.18:B1	label_permutation	0.0361641051371374	0.5266544117647058	1087	3	6-10	0.894080632179703
ENSMUSG00000029179.15:B1	label_permutation	3.651851202756086e-101	0.056144659002120775	8958	3	>20	0.8606239104020287
ENSMUSG00000029686.16:B1	label_permutation	1.034006379255299e-194	0.03275728656177457	7753	1	11-20	0.8606239104020287
ENSMUSG00000030287.16:B1	label_permutation	0.6833568883872715	0.8410024650780608	7301	2	11-20	0.9574608339527904
ENSMUSG00000031012.18:B1	label_permutation	8.997231996306758e-34	0.046875	63	10	6-10	0.8606239104020287
ENSMUSG00000031666.16:B1	label_permutation	0.0051047528884996	0.4958617153739105	13652	5	>20	0.8921327130306684
ENSMUSG00000032120.12:B1	label_permutation	0.5623428309415713	0.9120940649496081	10715	6	>20	0.9843781767251535
ENSMUSG00000032537.16:B1	label_permutation	0.1007683762392653	0.5404607206142942	1692	2	1-5	0.894080632179703
ENSMUSG00000033278.11:B1	label_permutation	0.3665557131108531	0.6974503111824935	4980	2	>20	0.9150593486619103
ENSMUSG00000034118.16:B1	label_permutation	1.1369238086180966e-31	0.15154178568812715	13652	5	>20	0.8606239104020287
ENSMUSG00000034850.16:B1	label_permutation	0.0545454160129943	0.6158872952558772	11782	4	>20	0.9036329068266031
ENSMUSG00000035681.8:B1	label_permutation	0.717519734458237	0.8888444622151139	5001	3	11-20	0.9741370112064653
ENSMUSG00000036578.8:B1	label_permutation	1.6201056227621967e-05	0.32414596273291924	2575	1	>20	0.8768883635306256
ENSMUSG00000037419.10:B1	label_permutation	0.3044868072531418	0.7177129148340664	5001	3	11-20	0.9225701719312274
ENSMUSG00000038170.16:B1	label_permutation	0.0004200309602347	0.6644943277818006	4142	9	>20	0.9089593347088671
ENSMUSG00000038733.15:B1	label_permutation	0.0030538862781859	0.7443802183686576	6227	10	>20	0.9284035186765294
ENSMUSG00000039620.18:B1	label_permutation	1.0	1.0	7301	2	11-20	1.0
ENSMUSG00000040462.14:B1	label_permutation	5.3872291911947877e-33	0.2122905027932961	7517	8	>20	0.8674506604704691
ENSMUSG00000041308.7:B1	label_permutation	0.6681413767142231	0.8261393294519173	4980	2	>20	0.9536325224293042
ENSMUSG00000042401.9:B1	label_permutation	0.7790273387492535	0.899715909090909	3519	1	1-5	0.9788947250067759
ENSMUSG00000044308.18:B1	label_permutation	2.9816396552806003e-28	0.25275898896404414	5617	7	>20	0.8695150142445928
ENSMUSG00000047036.9:B1	label_permutation	0.0004860397116641	0.630220803405161	7517	8	>20	0.9037363545202307
ENSMUSG00000049550.18:B1	label_permutation	2.640895377077128e-05	0.6024619840695149	4142	9	>20	0.903460907270032
ENSMUSG00000052337.16:B1	label_permutation	2.991578734479802e-18	0.11887154204327581	7301	2	11-20	0.8606239104020287
ENSMUSG00000054423.15:B1	label_permutation	1.0915513722371336e-42	0.12410215482841182	7517	8	>20	0.8606239104020287
ENSMUSG00000056537.12:B1	label_permutation	0.2282348783207845	0.7636321085888135	4272	4	11-20	0.9322908709584699
ENSMUSG00000058655.10:B1	label_permutation	1.1063367464854854e-11	0.23008455718736093	2246	5	11-20	0.8674506604704691
ENSMUSG00000060985.16:B1	label_permutation	0.6358275928003758	0.8135156048491101	7753	1	11-20	0.9483629385711806
ENSMUSG00000063273.12:B1	label_permutation	0.006138369119003	0.5024536731853805	13652	5	>20	0.8932068066831882
ENSMUSG00000068373.16:B2	label_permutation	1.22737791305345e-40	0.08846584546472565	10715	6	>20	0.8606239104020287
ENSMUSG00000072294.6:B1	label_permutation	0.0039178910603083	0.3870451819272291	5001	3	11-20	0.8802533382017219
ENSMUSG00000083674.5:B1	label_permutation	0.008627818415368	0.48599174014957025	8958	3	>20	0.8914176034062342
ENSMUSG00000091712.3:B1	label_permutation	0.1579254176324931	0.5188658669574701	4584	1	6-10	0.894080632179703
ENSMUSG00000112941.3:B1	label_permutation	0.6192630197747178	0.8048749032757286	7753	1	11-20	0.9441680541167122
ENSMUSG00000072825.12:B2	label_permutation	2.5931666089930782e-20	0.32654961425911144	7517	8	>20	0.8768883635306256
ENSMUSG00000072825.12:B3	label_permutation	1.1155508365357936e-06	0.34410019775873435	13652	5	>20	0.8772378175865799
ENSMUSG00000072825.12:B4	label_permutation	1.9444966721340947e-11	0.4252460760840649	7517	8	>20	0.8802533382017219
ENSMUSG00000072825.12:B5	label_permutation	6.263156632831455e-69	0.07932203389830508	1474	16	>20	0.8606239104020287
ENSMUSG00000000127.16:B1	label_permutation	3.347232953534494e-13	0.15064365927143247	7301	2	11-20	0.8606239104020287
ENSMUSG00000000127.16:B2	label_permutation	0.0145590420706959	0.333376321898375	7753	1	11-20	0.8768883635306256
ENSMUSG00000000127.16:B3	label_permutation	0.6955897822161262	0.8488522053133867	7753	1	11-20	0.958737813967124
ENSMUSG00000002496.11:B1	label_permutation	3.99166269607226e-45	0.07353490108249347	10715	6	>20	0.8606239104020287
ENSMUSG00000002496.11:B2	label_permutation	0.9138878824223018	0.9659560218774417	8958	3	>20	1.0
ENSMUSG00000002496.11:B3	label_permutation	0.0947275553554812	0.6227257506418127	8958	3	>20	0.9037363545202307
ENSMUSG00000020893.18:B1	label_permutation	2.257070611464519e-37	0.1994219653179191	6227	10	>20	0.8674506604704691
ENSMUSG00000020893.18:B2	label_permutation	0.0526721198622199	0.6120266608071486	13652	5	>20	0.9036329068266031
ENSMUSG00000020893.18:B3	label_permutation	0.0632264696607224	0.6267486999194316	13652	5	>20	0.9037363545202307
ENSMUSG00000026594.15:B2	label_permutation	0.7140275118727086	0.8874450219912036	5001	3	11-20	0.9739692644246256
ENSMUSG00000026594.15:B3	label_permutation	0.0890659952097152	0.5683726509396242	5001	3	11-20	0.8997902400062849
ENSMUSG00000031166.14:B2	label_permutation	1.150199943336137e-12	0.25010608503776627	11782	4	>20	0.8695150142445928
ENSMUSG00000031166.14:B3	label_permutation	0.0210017695964471	0.5581923386801435	13652	5	>20	0.8956389798674386
ENSMUSG00000040111.18:B1	label_permutation	4.9276606916116615e-22	0.5328813559322034	1474	16	>20	0.894080632179703
ENSMUSG00000040111.18:B2	label_permutation	7.64402409380549e-12	0.4200585262037776	7517	8	>20	0.8802533382017219
ENSMUSG00000040111.18:B3	label_permutation	1.2797002441123696e-49	0.0799414737962224	7517	8	>20	0.8606239104020287
ENSMUSG00000062270.15:B1	label_permutation	4.455708868378023e-15	0.4738878143133462	1033	10	11-20	0.8914176034062342
ENSMUSG00000062270.15:B2	label_permutation	6.0097427775251e-14	0.19670672007120604	2246	5	11-20	0.8674506604704691
ENSMUSG00000062270.15:B3	label_permutation	7.92264362198055e-06	0.33199821984868716	2246	5	11-20	0.8768883635306256
ENSMUSG00000020923.18:B1	label_permutation	1.0059408973090304e-47	0.27598566308243727	836	20	>20	0.8750110119110907
ENSMUSG00000020923.18:B2	label_permutation	3.5521954264051944e-08	0.7407834101382489	867	15	>20	0.9283548926830147
ENSMUSG00000024109.19:B1	label_permutation	1.5644513929528794e-72	0.1111111111111111	35	44	>20	0.8606239104020287
ENSMUSG00000024109.19:B2	label_permutation	0.0075452166929911	0.7971114167812929	1453	11	>20	0.9415203883172437
ENSMUSG00000027520.17:B1	label_permutation	6.910691421811984e-36	0.10974244120940649	10715	6	>20	0.8606239104020287
ENSMUSG00000027520.17:B2	label_permutation	6.392639054086641e-40	0.12110726643598616	8958	3	>20	0.8606239104020287
ENSMUSG00000029673.20:B1	label_permutation	8.931058998731826e-38	0.34265318262938727	1680	18	>20	0.8772378175865799
ENSMUSG00000029673.20:B3	label_permutation	1.08112558242913e-13	0.4062273714699493	4142	9	>20	0.8802533382017219
ENSMUSG00000032177.18:B1	label_permutation	5.668970878562126e-44	0.182154073526695	5412	12	>20	0.8660184484869279
ENSMUSG00000032177.18:B2	label_permutation	0.0219536136175746	0.64501679731243	10715	6	>20	0.9053280185658723
ENSMUSG00000040720.16:B1	label_permutation	1.842100257032316e-27	0.16481815836987362	7753	1	11-20	0.8660184484869279
ENSMUSG00000040720.16:B3	label_permutation	2.280687758591069e-27	0.165334021150374	7753	1	11-20	0.8660184484869279
ENSMUSG00000048038.9:B1	label_permutation	2.7459884406967586e-08	0.2485444689821321	4980	2	>20	0.8695150142445928
ENSMUSG00000048038.9:B2	label_permutation	0.0057209935383549	0.400321220638426	4980	2	>20	0.8802533382017219
ENSMUSG00000059923.14:B1	label_permutation	1.5119632418457242e-47	0.04228243021346469	2435	6	11-20	0.8606239104020287
ENSMUSG00000059923.14:B3	label_permutation	0.9980209958412574	0.9914034386245502	5001	3	11-20	1.0
ENSMUSG00000110424.3:B1	label_permutation	7.502228944591585e-29	0.20826446280991737	1209	8	11-20	0.8674506604704691
ENSMUSG00000110424.3:B2	label_permutation	8.9862648015727e-14	0.18751612071189064	7753	1	11-20	0.8660184484869279
ENSMUSG00000002342.18:B1	label_permutation	0.0221442654282624	0.37295528898582336	4584	1	6-10	0.8799716412619639
ENSMUSG00000004865.17:B1	label_permutation	4.862898178918675e-32	0.12999253452780887	10715	6	>20	0.8606239104020287
ENSMUSG00000007617.19:B1	label_permutation	8.817306935182896e-07	0.6759652687973398	5412	12	>20	0.9110999233898707
ENSMUSG00000013698.13:B1	label_permutation	0.4169928416777002	0.8031061699057965	11782	4	>20	0.9427126174837106
ENSMUSG00000017412.16:B1	label_permutation	0.4748501912557018	0.7942822870851659	5001	3	11-20	0.9410768779754114
ENSMUSG00000019891.16:B1	label_permutation	9.29480477536418e-59	0.09253264873311753	8958	3	>20	0.8606239104020287
ENSMUSG00000020368.16:B1	label_permutation	8.54099202426499e-45	0.13927105961863384	4142	9	>20	0.8606239104020287
ENSMUSG00000020776.19:B1	label_permutation	0.1583293644877301	0.6960027157769668	11782	4	>20	0.9150593486619103
ENSMUSG00000021209.13:B1	label_permutation	1.4672357556141086e-12	0.28564762971257934	10715	6	>20	0.8750110119110907
ENSMUSG00000021911.17:B3	label_permutation	3.597485646357235e-05	0.6319845857418112	6227	10	>20	0.9037363545202307
ENSMUSG00000022415.13:B1	label_permutation	2.7391725918183297e-06	0.35305100568615805	11782	4	>20	0.8799180728325002
ENSMUSG00000022836.12:B1	label_permutation	2.0269071457198388e-72	0.007954545454545454	3519	1	1-5	0.8606239104020287
ENSMUSG00000024122.17:B1	label_permutation	3.787181933868084e-26	0.23557692307692307	623	9	11-20	0.8674506604704691
ENSMUSG00000024614.8:B1	label_permutation	5.6569634018152175e-05	0.362317222904342	8958	3	>20	0.8799716412619639
ENSMUSG00000025189.10:B1	label_permutation	0.0400199352493016	0.5943748626675456	13652	5	>20	0.903460907270032
ENSMUSG00000025757.14:B1	label_permutation	0.0002072846369817	0.533997864008544	5617	7	>20	0.894080632179703
ENSMUSG00000026313.17:B1	label_permutation	0.994484598018926	0.979052222954662	13652	5	>20	1.0
ENSMUSG00000026821.17:B1	label_permutation	0.8434392850744941	0.9697336561743342	825	4	6-10	1.0
ENSMUSG00000027309.19:B1	label_permutation	4.433300375955245e-47	0.15610567153149824	5412	12	>20	0.8606239104020287
ENSMUSG00000027894.15:B1	label_permutation	8.620969945235992e-09	0.47007182761372707	7517	8	>20	0.8914176034062342
ENSMUSG00000028423.16:B1	label_permutation	6.90482083563388e-06	0.6019588953114965	6227	10	>20	0.903460907270032
ENSMUSG00000028954.12:B1	label_permutation	7.938862703894668e-15	0.24295026734051126	13652	5	>20	0.8674506604704691
ENSMUSG00000029406.16:B1	label_permutation	1.330710086902213e-13	0.6787626412849495	1680	18	>20	0.9110999233898707
ENSMUSG00000029838.12:B1	label_permutation	2.4624104874330532e-08	0.4773876030859271	7517	8	>20	0.8914176034062342
ENSMUSG00000030541.17:B1	label_permutation	0.0	0.015515124455854448	8958	3	>20	0.8606239104020287
ENSMUSG00000031328.17:B1	label_permutation	1.0	1.0	10715	6	>20	1.0
ENSMUSG00000031833.11:B1	label_permutation	2.8082134325016045e-05	0.5716945996275605	7517	8	>20	0.8997902400062849
ENSMUSG00000032295.16:B1	label_permutation	0.1047700090826631	0.6306507422703427	8958	3	>20	0.9037363545202307
ENSMUSG00000032740.18:B1	label_permutation	2.939815904985372e-67	0.07083906464924347	1453	11	>20	0.8606239104020287
ENSMUSG00000033628.16:B1	label_permutation	2.7966238925323304e-24	0.3142260757867694	6227	10	>20	0.8768883635306256
ENSMUSG00000034353.15:B1	label_permutation	1.5111383063975817e-05	0.42665173572228443	10715	6	>20	0.8802533382017219
ENSMUSG00000035067.10:B1	label_permutation	0.1295334901922685	0.6523049447482978	8958	3	>20	0.9053909888911233
ENSMUSG00000036062.14:B1	label_permutation	1.3136531836709079e-33	0.14106789716545814	13652	5	>20	0.8606239104020287
ENSMUSG00000036955.17:B1	label_permutation	0.084828883558106	0.43010059324219757	7753	1	11-20	0.8802533382017219
ENSMUSG00000037791.16:B1	label_permutation	0.1627586890592965	0.6986336247135704	11782	4	>20	0.9151749227970307
ENSMUSG00000038371.16:B1	label_permutation	3.8995665963973e-06	0.3290545819845965	8958	3	>20	0.8768883635306256
ENSMUSG00000039114.17:B1	label_permutation	7.124619701645263e-19	0.21705860395670026	10715	6	>20	0.8674506604704691
ENSMUSG00000039952.16:B1	label_permutation	4.233817770640752e-33	0.31683168316831684	403	15	11-20	0.8768883635306256
ENSMUSG00000040731.14:B1	label_permutation	0.1403164335431836	0.7177626959981278	4272	4	11-20	0.9225701719312274
ENSMUSG00000041688.17:B1	label_permutation	0.0246322081788159	0.41505681818181817	3519	1	1-5	0.8802533382017219
ENSMUSG00000042700.17:B1	label_permutation	9.415892374106994e-32	0.5495818399044206	836	20	>20	0.894080632179703
ENSMUSG00000045114.11:B1	label_permutation	0.0	0.09976708074534162	2575	1	>20	0.8606239104020287
ENSMUSG00000050711.8:B1	label_permutation	0.1517689624013737	0.7779022023142964	10715	6	>20	0.9354869458056242
ENSMUSG00000052889.12:B1	label_permutation	0.0101679363183648	0.6016237402015677	10715	6	>20	0.903460907270032
ENSMUSG00000055067.16:B1	label_permutation	5.860141322022443e-21	0.1076417419884963	7301	2	11-20	0.8606239104020287
ENSMUSG00000057335.12:B1	label_permutation	1.5364967039725628e-20	0.32415536046820964	7517	8	>20	0.8768883635306256
ENSMUSG00000059273.10:B1	label_permutation	5.320712744204007e-33	0.14494982787665714	13652	5	>20	0.8606239104020287
ENSMUSG00000061665.8:B1	label_permutation	0.9120292180640842	0.9558686242892303	11782	4	>20	1.0
ENSMUSG00000064210.8:B1	label_permutation	0.0321105928337331	0.41920021911804983	7301	2	11-20	0.8802533382017219
ENSMUSG00000069769.14:B1	label_permutation	0.0798155066294674	0.6412628362895697	11782	4	>20	0.9050223671739888
ENSMUSG00000086040.9:B2	label_permutation	8.972219282389715e-09	0.40601637593449624	5617	7	>20	0.8802533382017219
ENSMUSG00000097497.3:B1	label_permutation	0.450838193072304	0.8357137625430309	13652	5	>20	0.9571860655446038
ENSMUSG00000120039.1:B1	label_permutation	0.0798261272691297	0.5286087131098173	4980	2	>20	0.894080632179703
ENSMUSG00000000631.21:B2	label_permutation	1.0	1.0	1474	16	>20	1.0
ENSMUSG00000000631.21:B4	label_permutation	6.911614267718076e-08	0.4889598297419526	7517	8	>20	0.8914176034062342
ENSMUSG00000027457.16:B1	label_permutation	3.0755363888806956e-42	0.2766210588935158	1680	18	>20	0.8750110119110907
ENSMUSG00000027457.16:B2	label_permutation	1.851119235949068e-05	0.42991787980589774	10715	6	>20	0.8802533382017219
ENSMUSG00000027457.16:B3	label_permutation	8.174988011610712e-12	0.5494180676150009	5412	12	>20	0.894080632179703
ENSMUSG00000027457.16:B4	label_permutation	4.7002206308234884e-20	0.42970626270090523	5412	12	>20	0.8802533382017219
ENSMUSG00000002997.16:B1	label_permutation	0.6206636583933853	0.7844063792085056	1692	2	1-5	0.9380314710385909
ENSMUSG00000002997.16:B2	label_permutation	1.5363664754136096e-23	0.09971590909090909	3519	1	1-5	0.8606239104020287
ENSMUSG00000002997.16:B3	label_permutation	0.426074167350608	0.6755681818181818	3519	1	1-5	0.9110999233898707
ENSMUSG00000021143.11:B1	label_permutation	9.761289222850725e-62	0.03919372900335946	10715	6	>20	0.8606239104020287
ENSMUSG00000021143.11:B3	label_permutation	1.4502332216167904e-28	0.16875411997363216	13652	5	>20	0.8660184484869279
ENSMUSG00000021143.11:B4	label_permutation	3.400200957743157e-16	0.4840199519674857	5412	12	>20	0.8914176034062342
ENSMUSG00000026812.17:B2	label_permutation	1.228744831316001e-89	0.02023121387283237	6227	10	>20	0.8606239104020287
ENSMUSG00000026812.17:B3	label_permutation	2.191447930759313e-10	0.4876364804110469	6227	10	>20	0.8914176034062342
ENSMUSG00000031285.15:B1	label_permutation	2.390681570625366e-22	0.1755070864805228	11782	4	>20	0.8660184484869279
ENSMUSG00000031285.15:B2	label_permutation	1.2246735324830878e-36	0.1282874924713913	4980	2	>20	0.8606239104020287
ENSMUSG00000031285.15:B4	label_permutation	0.1915892225386717	0.6069062437261594	4980	2	>20	0.903460907270032
ENSMUSG00000040187.16:B1	label_permutation	0.311904490327387	0.7517580087063288	8958	3	>20	0.9300637725810085
ENSMUSG00000040187.16:B2	label_permutation	1.4215934547938245e-78	0.0755664694720393	8958	3	>20	0.8606239104020287
ENSMUSG00000040187.16:B3	label_permutation	0.1040632491923225	0.6299810246679317	8958	3	>20	0.9037363545202307
ENSMUSG00000062785.15:B1	label_permutation	0.002352349463506	0.5973656105375579	5617	7	>20	0.903460907270032
ENSMUSG00000062785.15:B2	label_permutation	1.7814415104170118e-49	0.19652486518873577	1668	14	>20	0.8674506604704691
ENSMUSG00000062785.15:B3	label_permutation	3.76247581052246e-37	0.19508721965112139	5617	7	>20	0.8674506604704691
ENSMUSG00000020964.15:B1	label_permutation	0.9525608081228076	0.967259942869699	13652	5	>20	1.0
ENSMUSG00000020964.15:B2	label_permutation	9.823505716344852e-11	0.4836223506743738	6227	10	>20	0.8914176034062342
ENSMUSG00000024130.17:B1	label_permutation	0.00011363103538	0.600026602819899	7517	8	>20	0.903460907270032
ENSMUSG00000024130.17:B2	label_permutation	0.0037609768946998	0.4969023168972248	11782	4	>20	0.8921327130306684
ENSMUSG00000027525.19:B1	label_permutation	1.0396385904923612e-44	0.3688348820586133	1398	24	>20	0.8799716412619639
ENSMUSG00000027525.19:B2	label_permutation	4.6945720363838677e-11	0.5636430814705339	5412	12	>20	0.8989814084238991
ENSMUSG00000029687.17:B1	label_permutation	3.223357443094576e-57	0.016339869281045753	2753	2	6-10	0.8606239104020287
ENSMUSG00000029687.17:B2	label_permutation	7.5479621806586445e-50	0.03400735294117647	1087	3	6-10	0.8606239104020287
ENSMUSG00000032178.15:B1	label_permutation	1.7251122458679354e-68	0.022277227722772276	403	15	11-20	0.8606239104020287
ENSMUSG00000032178.15:B2	label_permutation	0.1351329082686695	0.7120605251446372	2246	5	11-20	0.9216895185571544
ENSMUSG00000036815.18:B1	label_permutation	4.0393700287622406e-10	0.3195222097797686	10715	6	>20	0.8768883635306256
ENSMUSG00000036815.18:B2	label_permutation	0.0002231242340157	0.38910592700078134	8958	3	>20	0.8802533382017219
ENSMUSG00000040811.16:B1	label_permutation	1.3087081619547415e-09	0.4638752052545156	2435	6	11-20	0.8898393180670646
ENSMUSG00000040811.16:B2	label_permutation	0.2202021289895868	0.6693322670931627	5001	3	11-20	0.9108504372244969
ENSMUSG00000048148.19:B1	label_permutation	3.7036198060490826e-17	0.2136128320461682	11782	4	>20	0.8674506604704691
ENSMUSG00000048148.19:B2	label_permutation	6.164709256149958e-05	0.3135916482634009	4980	2	>20	0.8768883635306256
ENSMUSG00000060240.13:B1	label_permutation	0.1428365610138429	0.9129593810444874	1033	10	11-20	0.984602701803198
ENSMUSG00000060240.13:B4	label_permutation	0.1065040749707441	0.6929238985313751	2246	5	11-20	0.9150066189174714
ENSMUSG00000000440.13:B1	label_permutation	3.431331935421036e-05	0.3893745226173301	11782	4	>20	0.8802533382017219
ENSMUSG00000002372.10:B1	label_permutation	2.8269703052144628e-58	0.06526351523381142	11782	4	>20	0.8606239104020287
ENSMUSG00000007653.13:B1	label_permutation	6.361099156888825e-172	0.010545056149000274	7301	2	11-20	0.8606239104020287
ENSMUSG00000013787.16:B1	label_permutation	0.0157673872922333	0.5416392001757856	13652	5	>20	0.894080632179703
ENSMUSG00000017421.19:B1	label_permutation	2.245114492727527e-27	0.3425087751708849	5412	12	>20	0.8772378175865799
ENSMUSG00000019907.11:B1	label_permutation	0.0949586256261958	0.6597817329524647	13652	5	>20	0.9072089437851377
ENSMUSG00000020376.18:B1	label_permutation	3.0254371884786287e-25	0.6451612903225806	836	20	>20	0.9053280185658723
ENSMUSG00000020777.17:B1	label_permutation	1.672051841500202e-23	0.18337066069428892	10715	6	>20	0.8660184484869279
ENSMUSG00000021218.11:B1	label_permutation	0.5788366350895038	0.8304284676833696	2753	2	6-10	0.9551946592703003
ENSMUSG00000021913.9:B1	label_permutation	0.4548610478318329	0.8367391782025928	13652	5	>20	0.9572107328688597
ENSMUSG00000022419.17:B1	label_permutation	2.474110761121655e-39	0.08894169566324366	11782	4	>20	0.8606239104020287
ENSMUSG00000022837.15:B1	label_permutation	0.1001142987518249	0.6571331579394042	11782	4	>20	0.9067105961865773
ENSMUSG00000024127.16:B1	label_permutation	1.8902360695048475e-06	0.35039917966747236	13652	5	>20	0.87970420814686
ENSMUSG00000024617.17:B1	label_permutation	2.4386872269610724e-68	0.1272337383845604	1398	24	>20	0.8606239104020287
ENSMUSG00000025198.17:B1	label_permutation	6.77963732774657e-06	0.4130272489734976	10715	6	>20	0.8802533382017219
ENSMUSG00000025764.15:B1	label_permutation	3.778636188180838e-24	0.0797872340425532	187	8	6-10	0.8606239104020287
ENSMUSG00000026319.14:B1	label_permutation	0.0005440799050984	0.34932744428829554	4980	2	>20	0.87970420814686
ENSMUSG00000026824.12:B1	label_permutation	0.6079525837899388	0.8839815425181279	13652	5	>20	0.9715365742422272
ENSMUSG00000027318.18:B1	label_permutation	4.9179914389155855e-126	0.1704192546583851	2575	1	>20	0.8660184484869279
ENSMUSG00000027895.11:B1	label_permutation	2.6202828603117877e-24	0.16743625777956234	4980	2	>20	0.8660184484869279
ENSMUSG00000028433.15:B1	label_permutation	0.3792062848038226	0.6829635716242125	7301	2	11-20	0.9110999233898707
ENSMUSG00000028969.11:B1	label_permutation	0.0012402043484701	0.3641838988154989	4980	2	>20	0.8799716412619639
ENSMUSG00000029419.9:B1	label_permutation	2.692574879210202e-19	0.4418991317199335	5412	12	>20	0.8830123156733576
ENSMUSG00000029861.18:B1	label_permutation	0.6974712124248396	0.8490824431662558	7301	2	11-20	0.958737813967124
ENSMUSG00000030555.17:B1	label_permutation	0.3523348760882241	0.6534351145038167	4584	1	6-10	0.9055002789331336
ENSMUSG00000031343.14:B1	label_permutation	0.080490800721086	0.4608505997818975	4584	1	6-10	0.8898393180670646
ENSMUSG00000031835.17:B1	label_permutation	8.985131107632271e-43	0.0809070548712206	10715	6	>20	0.8606239104020287
ENSMUSG00000032305.16:B1	label_permutation	0.0427366341257631	0.5085965613754498	5001	3	11-20	0.894080632179703
ENSMUSG00000032773.10:B1	label_permutation	0.0685909491350357	0.7159387831280328	10715	6	>20	0.9220008085299167
ENSMUSG00000033676.14:B1	label_permutation	4.6916400283521645e-48	0.2025164769322948	1668	14	>20	0.8674506604704691
ENSMUSG00000034354.18:B1	label_permutation	7.327579248962658e-30	0.06586559857587895	2246	5	11-20	0.8606239104020287
ENSMUSG00000035126.20:B2	label_permutation	7.48097023342905e-25	0.16999665141198794	8958	3	>20	0.8660184484869279
ENSMUSG00000036067.13:B1	label_permutation	0.9126058625286906	0.9517668300232138	7753	1	11-20	0.9991689088672994
ENSMUSG00000036959.16:B1	label_permutation	0.000105081681537	0.2629610523600722	7753	1	11-20	0.8750110119110907
ENSMUSG00000037795.15:B1	label_permutation	3.561643727693232e-113	0.016294661800899602	11782	4	>20	0.8606239104020287
ENSMUSG00000038383.17:B1	label_permutation	4.9097044329301957e-113	0.01101157148189623	10715	6	>20	0.8606239104020287
ENSMUSG00000039117.17:B1	label_permutation	0.0293895859172943	0.540796963946869	8958	3	>20	0.894080632179703
ENSMUSG00000039953.14:B1	label_permutation	0.0001363875846207	0.7783114723813043	5412	12	>20	0.9354869458056242
ENSMUSG00000040759.10:B1	label_permutation	0.0280414263980755	0.4167613636363636	3519	1	1-5	0.8802533382017219
ENSMUSG00000041762.17:B1	label_permutation	0.0157344258100119	0.3603053435114504	4584	1	6-10	0.8799716412619639
ENSMUSG00000042724.9:B1	label_permutation	0.3997930001072616	0.7872530416341109	8958	3	>20	0.9389371467897278
ENSMUSG00000045178.11:B1	label_permutation	0.6793080141991363	0.8389881549889581	4980	2	>20	0.9572107328688597
ENSMUSG00000048000.16:B1	label_permutation	0.0993332917565561	0.7441209406494961	10715	6	>20	0.9284035186765294
ENSMUSG00000050751.16:B1	label_permutation	3.545430369120255e-26	0.2922286448298009	6227	10	>20	0.8750110119110907
ENSMUSG00000052915.15:B1	label_permutation	0.0011851119213521	0.7156390494540783	6227	10	>20	0.9220008085299167
ENSMUSG00000055116.9:B1	label_permutation	2.4939150352763467e-74	0.05442027393246905	13652	5	>20	0.8606239104020287
ENSMUSG00000057406.17:B1	label_permutation	0.2268889652480503	0.7313078163455826	11782	4	>20	0.9249786649214097
ENSMUSG00000059326.8:B1	label_permutation	1.511589129874011e-10	0.1937064740778953	7753	1	11-20	0.8674506604704691
ENSMUSG00000061751.17:B1	label_permutation	3.103705679850754e-68	0.5867346938775511	195	40	>20	0.9014652014652016
ENSMUSG00000064289.16:B1	label_permutation	0.0043034844002839	0.5012305864380888	11782	4	>20	0.8921327130306684
ENSMUSG00000069808.14:B1	label_permutation	0.0001020777634842	0.37225136734010494	8958	3	>20	0.8799716412619639
ENSMUSG00000074736.11:B1	label_permutation	4.208470672712688e-136	0.002261239691407289	7517	8	>20	0.8606239104020287
ENSMUSG00000086370.11:B1	label_permutation	0.0015931821444635	0.5274356103023516	10715	6	>20	0.894080632179703
ENSMUSG00000097520.4:B1	label_permutation	0.5930634662534338	0.8800996118069289	13652	5	>20	0.9694080698970888
ENSMUSG00000120166.1:B1	label_permutation	0.0085181587622478	0.48565688134836477	8958	3	>20	0.8914176034062342
ENSMUSG00000004040.17:B2	label_permutation	0.474021388495062	0.725284090909091	3519	1	1-5	0.9249224473738521
ENSMUSG00000004040.17:B3	label_permutation	1.8210245534369235e-25	0.07954545454545454	3519	1	1-5	0.8606239104020287
ENSMUSG00000004040.17:B4	label_permutation	0.9187279957915414	0.953125	3519	1	1-5	0.9994436360935924
ENSMUSG00000028256.17:B1	label_permutation	2.5914147285825324e-22	0.10120514927417146	7301	2	11-20	0.8606239104020287
ENSMUSG00000028256.17:B2	label_permutation	9.376253487922541e-21	0.17087954604075317	7753	1	11-20	0.8660184484869279
ENSMUSG00000028256.17:B3	label_permutation	9.357317050911952e-21	0.17075058034562807	7753	1	11-20	0.8660184484869279
ENSMUSG00000028256.17:B4	label_permutation	3.954933527820635e-188	0.03765798297652825	7753	1	11-20	0.8606239104020287
ENSMUSG00000003038.16:B1	label_permutation	5.079887687592732e-14	0.125	1087	3	6-10	0.8606239104020287
ENSMUSG00000003038.16:B2	label_permutation	1.4999837274355179e-09	0.1866957470010905	4584	1	6-10	0.8660184484869279
ENSMUSG00000003038.16:B3	label_permutation	0.0005438425412773	0.264340239912759	4584	1	6-10	0.8750110119110907
ENSMUSG00000021189.12:B1	label_permutation	9.404567340556987e-226	0.05239911664324433	4980	2	>20	0.8606239104020287
ENSMUSG00000021189.12:B2	label_permutation	0.0	0.0289098574583417	4980	2	>20	0.8606239104020287
ENSMUSG00000021189.12:B3	label_permutation	0.0072636522081687	0.5857596117954461	10715	6	>20	0.9007263319565756
ENSMUSG00000026814.17:B1	label_permutation	1.4840687167143834e-10	0.2252840909090909	3519	1	1-5	0.8674506604704691
ENSMUSG00000026814.17:B3	label_permutation	0.0846445912152409	0.46846590909090907	3519	1	1-5	0.8913149007004848
ENSMUSG00000026814.17:B4	label_permutation	0.0041246515748612	0.3614884819846427	1692	2	1-5	0.8799716412619639
ENSMUSG00000031302.17:B1	label_permutation	0.0552111604988525	0.8926499032882012	1033	10	11-20	0.9741370112064653
ENSMUSG00000031302.17:B2	label_permutation	0.4838168694059608	0.8655985758789497	2246	5	11-20	0.9635614497117158
ENSMUSG00000031302.17:B3	label_permutation	0.4785078910751069	0.8651535380507344	2246	5	11-20	0.9635614497117158
ENSMUSG00000040268.18:B1	label_permutation	2.4828883475947832e-14	0.5745955662073098	1668	14	>20	0.8997902400062849
ENSMUSG00000040268.18:B2	label_permutation	6.782223956876917e-20	0.3004627981488074	5617	7	>20	0.8768883635306256
ENSMUSG00000040268.18:B3	label_permutation	5.645195206853736e-20	0.299750800996796	5617	7	>20	0.8768883635306256
ENSMUSG00000063626.7:B1	label_permutation	0.0002276894992103	0.38955240540238867	8958	3	>20	0.8802533382017219
ENSMUSG00000063626.7:B4	label_permutation	1.809750506019164e-05	0.34724857685009486	8958	3	>20	0.8795043135212783
ENSMUSG00000063626.7:B5	label_permutation	2.264224063467069e-13	0.23384306284183504	8958	3	>20	0.8674506604704691
ENSMUSG00000021010.10:B1	label_permutation	7.707202500880283e-70	0.13793103448275862	405	22	>20	0.8606239104020287
ENSMUSG00000021010.10:B3	label_permutation	1.170326863289063e-79	0.0453920220082531	1453	11	>20	0.8606239104020287
ENSMUSG00000024211.16:B1	label_permutation	2.125282913270684e-07	0.33068102036040253	4272	4	11-20	0.8768883635306256
ENSMUSG00000024211.16:B2	label_permutation	0.3631662501311595	0.6769378252533552	7301	2	11-20	0.9110999233898707
ENSMUSG00000027544.17:B2	label_permutation	0.0644980274168071	0.8472906403940886	2435	6	11-20	0.9585667932457129
ENSMUSG00000029729.13:B1	label_permutation	1.0	1.0	13652	5	>20	1.0
ENSMUSG00000029729.13:B2	label_permutation	0.0363350105108804	0.5880026367831246	13652	5	>20	0.9024876535872138
ENSMUSG00000032185.16:B1	label_permutation	7.024978819536839e-09	0.29534285045635383	4272	4	11-20	0.8750110119110907
ENSMUSG00000032185.16:B3	label_permutation	0.0004613245851499	0.26992604765817585	7301	2	11-20	0.8750110119110907
ENSMUSG00000036820.13:B1	label_permutation	2.182596288788292e-20	0.128125	3519	1	1-5	0.8606239104020287
ENSMUSG00000036820.13:B3	label_permutation	1.0585027612520991e-20	0.1215909090909091	3519	1	1-5	0.8606239104020287
ENSMUSG00000040813.17:B1	label_permutation	1.836886430262813e-18	0.22208538587848933	2435	6	11-20	0.8674506604704691
ENSMUSG00000040813.17:B2	label_permutation	5.089026537764185e-24	0.09036385445821671	5001	3	11-20	0.8606239104020287
ENSMUSG00000048175.14:B1	label_permutation	5.2257428042905005e-24	0.06985294117647059	1087	3	6-10	0.8606239104020287
ENSMUSG00000048175.14:B2	label_permutation	4.305948487032809e-62	0.11555326283208667	7753	1	11-20	0.8606239104020287
ENSMUSG00000060261.17:B1	label_permutation	2.461813557972601e-21	0.5770374776918501	1680	18	>20	0.8997902400062849
ENSMUSG00000060261.17:B2	label_permutation	2.0046586843339656e-59	0.19942816297355254	1398	24	>20	0.8674506604704691
ENSMUSG00000000131.16:B1	label_permutation	4.995486416921232e-17	0.16555407209612816	2246	5	11-20	0.8660184484869279
ENSMUSG00000000441.18:B1	label_permutation	8.68834468870787e-35	0.11496827174318776	10715	6	>20	0.8606239104020287
ENSMUSG00000002416.14:B1	label_permutation	7.484938158548373e-19	0.11075569772091164	5001	3	11-20	0.8606239104020287
ENSMUSG00000004937.7:B1	label_permutation	8.682313204393881e-20	0.14330218068535824	2246	5	11-20	0.8606239104020287
ENSMUSG00000007656.14:B1	label_permutation	4.5975058918122807e-10	0.4486863711001642	2435	6	11-20	0.8879878932267626
ENSMUSG00000014039.19:B1	label_permutation	2.1957541938443666e-42	0.0978539515124881	13652	5	>20	0.8606239104020287
ENSMUSG00000017478.16:B1	label_permutation	1.7748054330563354e-37	0.19259522961908151	5617	7	>20	0.8674506604704691
ENSMUSG00000019916.15:B1	label_permutation	0.0878521116824232	0.6481371467368242	11782	4	>20	0.9053280185658723
ENSMUSG00000020387.16:B3	label_permutation	2.3448015395174407e-06	0.3629768312660894	4272	4	11-20	0.8799716412619639
ENSMUSG00000020780.16:B1	label_permutation	0.4537451091606136	0.806339993302824	8958	3	>20	0.9444075918433388
ENSMUSG00000021240.7:B1	label_permutation	0.0141548827400937	0.5060832682218998	8958	3	>20	0.894080632179703
ENSMUSG00000021916.17:B1	label_permutation	0.4518397733547643	0.7184333059435771	7301	2	11-20	0.9225701719312274
ENSMUSG00000022425.17:B1	label_permutation	0.0422379523413211	0.5627860252260297	8958	3	>20	0.8989814084238991
ENSMUSG00000022861.18:B1	label_permutation	0.064734558730957	0.6292389950926536	13652	5	>20	0.9037363545202307
ENSMUSG00000024137.10:B1	label_permutation	0.806953627342273	0.9083812654067379	7301	2	11-20	0.9819754866618601
ENSMUSG00000024620.12:B1	label_permutation	0.1552655285261553	0.5349431818181818	3519	1	1-5	0.894080632179703
ENSMUSG00000025207.17:B1	label_permutation	0.066891621093064	0.5439824070371851	5001	3	11-20	0.894080632179703
ENSMUSG00000025776.14:B1	label_permutation	3.3053762916099685e-60	0.045740892906053134	7301	2	11-20	0.8606239104020287
ENSMUSG00000026335.17:B1	label_permutation	0.2502951410225024	0.7433590766358312	11782	4	>20	0.9284035186765294
ENSMUSG00000026825.18:B1	label_permutation	1.9728965586796334e-15	0.3799179338643495	4142	9	>20	0.8802533382017219
ENSMUSG00000027339.16:B1	label_permutation	0.9163202166248208	0.9524787729389208	7301	2	11-20	0.9991689088672994
ENSMUSG00000027896.16:B1	label_permutation	2.2061684950325456e-107	0.017666392769104356	7301	2	11-20	0.8606239104020287
ENSMUSG00000028434.13:B1	label_permutation	1.8226374800079406e-28	0.27902486121168235	4142	9	>20	0.8750110119110907
ENSMUSG00000028974.14:B1	label_permutation	8.05315258894178e-27	0.08036785285885646	5001	3	11-20	0.8606239104020287
ENSMUSG00000029427.12:B1	label_permutation	0.0016870742752592	0.3590563774490204	5001	3	11-20	0.8799716412619639
ENSMUSG00000029920.10:B1	label_permutation	1.1371879966928685e-17	0.23686371100164202	2435	6	11-20	0.8674506604704691
ENSMUSG00000030556.14:B1	label_permutation	1.0	1.0	10715	6	>20	1.0
ENSMUSG00000031360.15:B1	label_permutation	2.812946202894958e-16	0.16686168967938217	4272	4	11-20	0.8660184484869279
ENSMUSG00000031839.8:B1	label_permutation	0.1188229057557083	0.5196022727272728	3519	1	1-5	0.894080632179703
ENSMUSG00000032313.12:B1	label_permutation	0.590969847641094	0.8593593034936935	8958	3	>20	0.962553981941598
ENSMUSG00000032777.10:B1	label_permutation	2.155601993904845e-05	0.43253079507278835	10715	6	>20	0.8802533382017219
ENSMUSG00000033697.17:B1	label_permutation	3.982901800466064e-38	0.23092554960280806	5412	12	>20	0.8674506604704691
ENSMUSG00000034377.11:B1	label_permutation	0.1686359539017855	0.78826054497947	10715	6	>20	0.9392354353455457
ENSMUSG00000035133.10:B1	label_permutation	2.758788160645988e-67	0.03777600425645118	7517	8	>20	0.8606239104020287
ENSMUSG00000036087.19:B1	label_permutation	1.9717749831294846e-26	0.16452729099229824	8958	3	>20	0.8660184484869279
ENSMUSG00000036985.13:B1	label_permutation	0.0120192577139916	0.3257673458859943	7753	1	11-20	0.8768883635306256
ENSMUSG00000037824.7:B1	label_permutation	1.589807797887923e-56	0.10118450110419594	4980	2	>20	0.8606239104020287
ENSMUSG00000038384.17:B1	label_permutation	0.2895274683511472	0.8368794326241135	10715	6	>20	0.9572107328688597
ENSMUSG00000039126.11:B1	label_permutation	0.0140490102052371	0.5665808565410718	4272	4	11-20	0.8997902400062849
ENSMUSG00000039959.14:B1	label_permutation	5.2843091186178526e-76	0.05639614855570839	1453	11	>20	0.8606239104020287
ENSMUSG00000040761.17:B1	label_permutation	4.537160443762145e-51	0.12517193947730398	1453	11	>20	0.8606239104020287
ENSMUSG00000041769.14:B1	label_permutation	0.0001306641642899	0.3772742493581873	8958	3	>20	0.8802533382017219
ENSMUSG00000042772.16:B1	label_permutation	2.1161222311168765e-15	0.251959686450168	10715	6	>20	0.8695150142445928
ENSMUSG00000045180.14:B1	label_permutation	0.6399216189930783	0.8009450679267572	1692	2	1-5	0.9417705743754179
ENSMUSG00000048027.10:B1	label_permutation	0.5703982519889028	0.7777321281840591	7301	2	11-20	0.9354869458056242
ENSMUSG00000050812.19:B2	label_permutation	6.588356287030987e-32	0.2556118754525706	4142	9	>20	0.871516558241699
ENSMUSG00000055204.16:B1	label_permutation	1.7888958645112696e-39	0.15283320031923384	7517	8	>20	0.8606239104020287
ENSMUSG00000057421.13:B1	label_permutation	3.9092401609820737e-19	0.11202410298548343	7301	2	11-20	0.8606239104020287
ENSMUSG00000059409.10:B1	label_permutation	0.4856539786251149	0.8468468468468469	13652	5	>20	0.9585667932457129
ENSMUSG00000061755.11:B1	label_permutation	1.2693389857926404e-12	0.42916093535075656	1453	11	>20	0.8802533382017219
ENSMUSG00000064293.15:B1	label_permutation	0.4344683027104344	0.7317807669142743	4980	2	>20	0.9249786649214097
ENSMUSG00000069833.14:B1	label_permutation	3.621173993387144e-200	0.02566417332989425	7753	1	11-20	0.8606239104020287
ENSMUSG00000074793.11:B1	label_permutation	0.5344294929427538	0.7809659090909091	3519	1	1-5	0.9364089635684487
ENSMUSG00000086414.3:B1	label_permutation	5.712158097864346e-53	0.020738636363636365	3519	1	1-5	0.8606239104020287
ENSMUSG00000097537.4:B1	label_permutation	1.2537495617917551e-05	0.3741831452091997	11782	4	>20	0.8799716412619639
ENSMUSG00000120400.1:B1	label_permutation	1.181360238039834e-133	0.015485278080697927	4584	1	6-10	0.8606239104020287
ENSMUSG00000004698.12:B1	label_permutation	0.3371417979072357	0.6647493837304848	7301	2	11-20	0.9089593347088671
ENSMUSG00000004698.12:B2	label_permutation	0.7900678757413109	0.9006964147536756	7753	1	11-20	0.9788947250067759
ENSMUSG00000004698.12:B3	label_permutation	0.7598927584011724	0.8897343306680423	7753	1	11-20	0.9741370112064653
ENSMUSG00000004698.12:B4	label_permutation	0.3060138255499582	0.7185125949620151	5001	3	11-20	0.9225701719312274
ENSMUSG00000028399.19:B1	label_permutation	9.851675612394056e-18	0.5810169491525424	1474	16	>20	0.8997902400062849
ENSMUSG00000028399.19:B3	label_permutation	7.584422603266006e-09	0.46887470071827614	7517	8	>20	0.8913379462893117
ENSMUSG00000028399.19:B4	label_permutation	2.4476872449245547e-12	0.4128757648310721	7517	8	>20	0.8802533382017219
ENSMUSG00000028399.19:B5	label_permutation	0.0002368134824816	0.6139930832668263	7517	8	>20	0.9036329068266031
ENSMUSG00000003062.14:B1	label_permutation	6.173438101822103e-43	0.059576169532187126	5001	3	11-20	0.8606239104020287
ENSMUSG00000003062.14:B2	label_permutation	5.620156007080892e-09	0.20031987205117952	5001	3	11-20	0.8674506604704691
ENSMUSG00000003062.14:B4	label_permutation	1.5831397489875572e-44	0.042723631508678236	2246	5	11-20	0.8606239104020287
ENSMUSG00000021244.16:B1	label_permutation	1.8555493648847624e-17	0.7192353643966547	836	20	>20	0.9227073159002472
ENSMUSG00000021244.16:B2	label_permutation	1.0301478888602373e-05	0.6087026332691072	6227	10	>20	0.903460907270032
ENSMUSG00000021244.16:B3	label_permutation	1.0418544596101257e-05	0.6090237636480411	6227	10	>20	0.903460907270032
ENSMUSG00000026860.17:B1	label_permutation	9.060996975927476e-23	0.28760330578512394	1209	8	11-20	0.8750110119110907
ENSMUSG00000026860.17:B2	label_permutation	1.0	1.0	4272	4	11-20	1.0
ENSMUSG00000026860.17:B3	label_permutation	0.0012197386094845	0.4753100865902177	4272	4	11-20	0.8914176034062342
ENSMUSG00000031310.17:B1	label_permutation	0.0009890263595423	0.8228339183447256	5412	12	>20	0.9520637561898035
ENSMUSG00000031310.17:B2	label_permutation	0.0003333362798757	0.39680767942850764	8958	3	>20	0.8802533382017219
ENSMUSG00000031310.17:B3	label_permutation	0.707652580871364	0.9004353164415672	8958	3	>20	0.9788947250067759
ENSMUSG00000040363.16:B2	label_permutation	2.1143143405105183e-76	0.09143667784369358	7753	1	11-20	0.8606239104020287
ENSMUSG00000040363.16:B3	label_permutation	8.109241871600406e-79	0.08524632447768893	7753	1	11-20	0.8606239104020287
ENSMUSG00000066037.15:B1	label_permutation	1.656766470928884e-28	0.1517357222844345	10715	6	>20	0.8606239104020287
ENSMUSG00000066037.15:B2	label_permutation	3.382915312450414e-28	0.15660229936376827	8958	3	>20	0.8606239104020287
ENSMUSG00000066037.15:B3	label_permutation	5.241933167372261e-29	0.15269561334970422	8958	3	>20	0.8606239104020287
ENSMUSG00000021057.16:B1	label_permutation	3.61471092638725e-144	0.0021463232549458755	10715	6	>20	0.8606239104020287
ENSMUSG00000021057.16:B3	label_permutation	2.264939639246132e-96	0.018289303528542397	5412	12	>20	0.8606239104020287
ENSMUSG00000024219.17:B1	label_permutation	0.0008509793459821	0.23493975903614459	165	6	1-5	0.8674506604704691
ENSMUSG00000024219.17:B2	label_permutation	5.4553116759522536e-18	0.09375	1087	3	6-10	0.8606239104020287
ENSMUSG00000027546.16:B1	label_permutation	2.0592664586382477e-55	0.22772277227722773	100	20	11-20	0.8674506604704691
ENSMUSG00000027546.16:B2	label_permutation	0.0	0.09976708074534162	2575	1	>20	0.8606239104020287
ENSMUSG00000029772.18:B1	label_permutation	1.390480389438194e-63	0.031496062992125984	126	16	11-20	0.8606239104020287
ENSMUSG00000029772.18:B2	label_permutation	1.0	1.0	818	12	11-20	1.0
ENSMUSG00000032186.16:B1	label_permutation	1.1001218564710234e-57	0.41847826086956524	183	33	>20	0.8802533382017219
ENSMUSG00000032186.16:B2	label_permutation	1.0013923879288258e-34	0.5172413793103449	405	22	>20	0.894080632179703
ENSMUSG00000036882.8:B2	label_permutation	0.0	0.0289098574583417	4980	2	>20	0.8606239104020287
ENSMUSG00000040865.17:B1	label_permutation	1.0855481935172424e-47	0.08437705998681608	13652	5	>20	0.8606239104020287
ENSMUSG00000040865.17:B3	label_permutation	1.113242353653228e-32	0.14722039112283014	13652	5	>20	0.8606239104020287
ENSMUSG00000048537.17:B1	label_permutation	1.0	1.0	403	15	11-20	1.0
ENSMUSG00000048537.17:B4	label_permutation	3.4992690658703744e-11	0.2363150867823765	2246	5	11-20	0.8674506604704691
ENSMUSG00000060771.16:B1	label_permutation	3.586437717321231e-23	0.17658220783569595	8958	3	>20	0.8660184484869279
ENSMUSG00000060771.16:B3	label_permutation	0.4816203280212337	0.7663043478260869	2575	1	>20	0.9329062959889604
ENSMUSG00000000142.16:B1	label_permutation	0.3926732665654334	0.6904957545877841	7301	2	11-20	0.9144902186301689
ENSMUSG00000000632.14:B1	label_permutation	0.0022699645116382	0.5398469578200821	10715	6	>20	0.894080632179703
ENSMUSG00000002455.15:B1	label_permutation	7.90286675595916e-65	0.058134600695917846	11782	4	>20	0.8606239104020287
ENSMUSG00000004952.14:B1	label_permutation	0.1257780577125629	0.5198863636363636	3519	1	1-5	0.894080632179703
ENSMUSG00000007659.19:B1	label_permutation	9.423444570101083e-16	0.22033898305084745	825	4	6-10	0.8674506604704691
ENSMUSG00000014077.14:B1	label_permutation	0.0202513742123893	0.40767045454545453	3519	1	1-5	0.8802533382017219
ENSMUSG00000017561.17:B1	label_permutation	1.5307954244752454e-30	0.1453287197231834	8958	3	>20	0.8606239104020287
ENSMUSG00000019923.15:B1	label_permutation	2.146962813773053e-29	0.26461143224149003	6227	10	>20	0.8750110119110907
ENSMUSG00000020390.13:B1	label_permutation	8.18414006489432e-08	0.5443159922928709	6227	10	>20	0.894080632179703
ENSMUSG00000020794.14:B1	label_permutation	1.4041468309944943e-25	0.27414205905826017	7517	8	>20	0.8750110119110907
ENSMUSG00000021248.10:B1	label_permutation	1.9759873527146542e-54	0.017897727272727273	3519	1	1-5	0.8606239104020287
ENSMUSG00000021938.13:B1	label_permutation	0.0024926532673215	0.36985205917632946	5001	3	11-20	0.8799716412619639
ENSMUSG00000022433.22:B1	label_permutation	0.0848840037652469	0.6488683805756976	13652	5	>20	0.9053280185658723
ENSMUSG00000022865.15:B1	label_permutation	2.467772018723516e-27	0.13926843757956378	11782	4	>20	0.8606239104020287
ENSMUSG00000024143.16:B1	label_permutation	3.0714912897335674e-46	0.07994568446066366	11782	4	>20	0.8606239104020287
ENSMUSG00000024640.10:B1	label_permutation	0.8773900256468272	0.932663910218547	1692	2	1-5	0.9936155119413573
ENSMUSG00000025212.18:B1	label_permutation	0.1470167801926378	0.6651411987945083	8958	3	>20	0.9089593347088671
ENSMUSG00000025781.15:B1	label_permutation	4.090240954762354e-112	0.017139090309822018	13652	5	>20	0.8606239104020287
ENSMUSG00000026341.17:B1	label_permutation	0.0282805851676915	0.38625954198473283	4584	1	6-10	0.8802533382017219
ENSMUSG00000026827.13:B1	label_permutation	8.790767461830974e-67	0.046242774566473986	6227	10	>20	0.8606239104020287
ENSMUSG00000027351.15:B1	label_permutation	0.0849205772730888	0.6488683805756976	13652	5	>20	0.9053280185658723
ENSMUSG00000027900.16:B1	label_permutation	0.5847907362030015	0.7886252256899665	7753	1	11-20	0.9393272632522421
ENSMUSG00000028444.18:B1	label_permutation	2.718478977208257e-38	0.1926782273603083	6227	10	>20	0.8674506604704691
ENSMUSG00000028977.18:B1	label_permutation	0.0062844623268814	0.34319364557655435	7301	2	11-20	0.8772378175865799
ENSMUSG00000029428.14:B1	label_permutation	4.950903602044944e-35	0.12970197566692712	8958	3	>20	0.8606239104020287
ENSMUSG00000029924.13:B1	label_permutation	3.984786773975895e-32	0.13941288090188636	8958	3	>20	0.8606239104020287
ENSMUSG00000030583.17:B1	label_permutation	2.221498816588376e-56	0.06927347332850592	4142	9	>20	0.8606239104020287
ENSMUSG00000031365.14:B1	label_permutation	6.967738728977714e-05	0.2869318181818182	3519	1	1-5	0.8750110119110907
ENSMUSG00000031864.17:B1	label_permutation	3.8290075470802326e-25	0.17319895483389325	10715	6	>20	0.8660184484869279
ENSMUSG00000032324.12:B1	label_permutation	0.4889273463450874	0.8483849703361899	13652	5	>20	0.958737813967124
ENSMUSG00000032826.20:B1	label_permutation	8.997711723136166e-98	0.06451612903225806	61	47	>20	0.8606239104020287
ENSMUSG00000033720.13:B1	label_permutation	3.9125889859108677e-56	0.24876847290640394	405	22	>20	0.8695150142445928
ENSMUSG00000034390.17:B1	label_permutation	7.530973744810137e-163	0.0004827419744146754	4142	9	>20	0.8606239104020287
ENSMUSG00000035139.15:B1	label_permutation	1.0	1.0	11782	4	>20	1.0
ENSMUSG00000036095.12:B1	label_permutation	4.759614054570493e-49	0.10804556781772873	5617	7	>20	0.8606239104020287
ENSMUSG00000036990.14:B1	label_permutation	4.572903746553462e-25	0.15505389119918528	11782	4	>20	0.8606239104020287
ENSMUSG00000037851.14:B1	label_permutation	0.0045370493762072	0.327307586962476	7301	2	11-20	0.8768883635306256
ENSMUSG00000038390.12:B1	label_permutation	1.7018300317459964e-25	0.1519986421115166	11782	4	>20	0.8606239104020287
ENSMUSG00000039145.17:B1	label_permutation	6.615741857096155e-21	0.2069142313044752	13652	5	>20	0.8674506604704691
ENSMUSG00000039967.15:B1	label_permutation	3.046832870268283e-66	0.05406710113444364	4142	9	>20	0.8606239104020287
ENSMUSG00000040774.16:B1	label_permutation	0.3812081781046931	0.7883391326487312	11782	4	>20	0.9392354353455457
ENSMUSG00000041771.15:B1	label_permutation	4.863125845287373e-18	0.31221075115699537	5617	7	>20	0.8768883635306256
ENSMUSG00000042790.17:B1	label_permutation	0.1420137264744086	0.614954018392643	5001	3	11-20	0.9036329068266031
ENSMUSG00000045201.7:B1	label_permutation	0.0084050899633395	0.8717901348605209	5412	12	>20	0.9657719773454814
ENSMUSG00000048076.15:B1	label_permutation	0.0175846907353001	0.5474254742547425	13652	5	>20	0.894080632179703
ENSMUSG00000050821.15:B1	label_permutation	0.0233784875841289	0.4359472049689441	2575	1	>20	0.8802533382017219
ENSMUSG00000052921.14:B1	label_permutation	0.1995668665715456	0.5820323199123528	7301	2	11-20	0.8997902400062849
ENSMUSG00000055214.16:B1	label_permutation	1.4788147209093054e-28	0.24820430965682364	7517	8	>20	0.8695150142445928
ENSMUSG00000057522.16:B1	label_permutation	9.117338754540773e-44	0.14771997430956968	6227	10	>20	0.8606239104020287
ENSMUSG00000059474.14:B1	label_permutation	1.2445396312610574e-06	0.24350259896041584	5001	3	11-20	0.8674506604704691
ENSMUSG00000061887.15:B1	label_permutation	0.4881165381877378	0.9624277456647399	6227	10	>20	1.0
ENSMUSG00000064373.14:B1	label_permutation	5.619250868096652e-15	0.185115843669553	4272	4	11-20	0.8660184484869279
ENSMUSG00000069895.5:B1	label_permutation	0.6602607118434678	0.8281292796494111	7301	2	11-20	0.9537706260236939
ENSMUSG00000074794.11:B1	label_permutation	0.2789623476499572	0.5943181818181819	3519	1	1-5	0.903460907270032
ENSMUSG00000086496.3:B1	label_permutation	0.7980055772035702	0.9070467777554708	4980	2	>20	0.9813753526353685
ENSMUSG00000097545.9:B1	label_permutation	6.053825458105075e-08	0.5095341539946898	4142	9	>20	0.894080632179703
ENSMUSG00000120471.1:B1	label_permutation	0.4351886330902222	0.6866477272727273	3519	1	1-5	0.9121066221655937
ENSMUSG00000005583.17:B1	label_permutation	0.000425868969385	0.8721198156682027	867	15	>20	0.9657719773454814
ENSMUSG00000005583.17:B2	label_permutation	0.0001859037393421	0.6663455362877329	6227	10	>20	0.9090943655364515
ENSMUSG00000005583.17:B3	label_permutation	0.0482553578141667	0.6059474108254596	13652	5	>20	0.903460907270032
ENSMUSG00000005583.17:B4	label_permutation	0.0706989085199325	0.6361239288068556	13652	5	>20	0.9043559131068496
ENSMUSG00000028580.16:B1	label_permutation	5.741893001526303e-36	0.364069006543724	1680	18	>20	0.8799716412619639
ENSMUSG00000028580.16:B2	label_permutation	0.4287915849346728	0.8779395296752519	10715	6	>20	0.9676882332631774
ENSMUSG00000028580.16:B3	label_permutation	0.0003942590293994	0.48898842851810376	10715	6	>20	0.8914176034062342
ENSMUSG00000028580.16:B4	label_permutation	0.2976490596583137	0.8396789846957821	10715	6	>20	0.9572107328688597
ENSMUSG00000003534.18:B2	label_permutation	0.1065485386408787	0.5446623093681917	2753	2	6-10	0.894080632179703
ENSMUSG00000003534.18:B3	label_permutation	2.1924093739219585e-13	0.10457516339869281	2753	2	6-10	0.8606239104020287
ENSMUSG00000021245.16:B1	label_permutation	2.1520678985952888e-11	0.23800608471799672	4272	4	11-20	0.8674506604704691
ENSMUSG00000021245.16:B3	label_permutation	5.066892525057256e-23	0.09490550534100246	7301	2	11-20	0.8606239104020287
ENSMUSG00000021245.16:B4	label_permutation	8.164931303254812e-07	0.6115702479338843	1209	8	11-20	0.9036329068266031
ENSMUSG00000026883.18:B1	label_permutation	1.0	1.0	1398	24	>20	1.0
ENSMUSG00000026883.18:B3	label_permutation	3.250689173767538e-10	0.3177491601343785	10715	6	>20	0.8768883635306256
ENSMUSG00000026883.18:B4	label_permutation	1.5143455123657497e-23	0.3885091446517643	5412	12	>20	0.8802533382017219
ENSMUSG00000031684.12:B1	label_permutation	0.277060609657264	0.934810533076429	6227	10	>20	0.9936155119413573
ENSMUSG00000031684.12:B2	label_permutation	0.0	0.0289098574583417	4980	2	>20	0.8606239104020287
ENSMUSG00000031684.12:B3	label_permutation	0.050367382244271	0.611134685563948	11782	4	>20	0.9036329068266031
ENSMUSG00000040563.14:B1	label_permutation	1.6035518137406532e-24	0.3882783882783883	818	12	11-20	0.8802533382017219
ENSMUSG00000040563.14:B2	label_permutation	0.6887454509446578	0.9353303471444568	10715	6	>20	0.9937055744839689
ENSMUSG00000040563.14:B3	label_permutation	1.0	1.0	2435	6	11-20	1.0
ENSMUSG00000069729.15:B2	label_permutation	0.0025533901172625	0.677706836924714	7517	8	>20	0.9110999233898707
ENSMUSG00000069729.15:B3	label_permutation	0.0025533113776233	0.677706836924714	7517	8	>20	0.9110999233898707
ENSMUSG00000021068.18:B1	label_permutation	4.264487326418858e-39	0.45461043602573264	1398	24	>20	0.8893579945608221
ENSMUSG00000021068.18:B3	label_permutation	9.529141508478804e-05	0.5960361798350625	7517	8	>20	0.903460907270032
ENSMUSG00000024220.15:B1	label_permutation	0.0028382491975387	1.0	16	11	11-20	1.0
ENSMUSG00000024220.15:B3	label_permutation	0.0104717895252333	0.6033034714445689	10715	6	>20	0.903460907270032
ENSMUSG00000027575.20:B3	label_permutation	0.0511293610759334	0.6958753266144083	10715	6	>20	0.9150593486619103
ENSMUSG00000030000.11:B1	label_permutation	3.2294398086175006e-77	0.12	199	32	>20	0.8606239104020287
ENSMUSG00000030000.11:B2	label_permutation	1.6087125698955178e-35	0.5089349535382416	1398	24	>20	0.894080632179703
ENSMUSG00000032228.17:B1	label_permutation	3.8760670229855373e-22	0.29338842975206614	1209	8	11-20	0.8750110119110907
ENSMUSG00000032228.17:B2	label_permutation	0.0001449930747503	0.42476012169435995	4272	4	11-20	0.8802533382017219
ENSMUSG00000036893.18:B1	label_permutation	0.669766285816334	0.9646182495344506	7517	8	>20	1.0
ENSMUSG00000036893.18:B2	label_permutation	0.4013678965555672	0.7971654077908852	11782	4	>20	0.9415203883172437
ENSMUSG00000040867.14:B1	label_permutation	1.94317954485333e-40	0.21392942915204138	5412	12	>20	0.8674506604704691
ENSMUSG00000040867.14:B2	label_permutation	0.0198100529210433	0.7603085927108274	7517	8	>20	0.9312692329360748
ENSMUSG00000048756.12:B1	label_permutation	6.648802244995814e-53	0.02321083172147002	1033	10	11-20	0.8606239104020287
ENSMUSG00000048756.12:B2	label_permutation	0.0255356587551565	0.5861148197596796	2246	5	11-20	0.9008207934336525
ENSMUSG00000061718.13:B1	label_permutation	9.221071607786101e-20	0.2110862262038074	10715	6	>20	0.8674506604704691
ENSMUSG00000061718.13:B2	label_permutation	0.049820358501481	0.5749525616698292	8958	3	>20	0.8997902400062849
ENSMUSG00000000184.13:B1	label_permutation	1.882997812132045e-05	0.3796995671730459	11782	4	>20	0.8802533382017219
ENSMUSG00000000751.14:B1	label_permutation	0.7331138620945246	0.8755481042042816	7753	1	11-20	0.9672352950575324
ENSMUSG00000002489.17:B1	label_permutation	0.0779133968398179	0.7243374393430384	10715	6	>20	0.924911711059411
ENSMUSG00000005045.17:B1	label_permutation	1.0246151512974237e-45	0.13391136801541426	6227	10	>20	0.8606239104020287
ENSMUSG00000007670.11:B1	label_permutation	0.4708189073893517	0.8616896793821671	4272	4	11-20	0.9630523300530861
ENSMUSG00000014355.11:B1	label_permutation	0.8527837361623689	0.9274171459874007	7301	2	11-20	0.9909207451420301
ENSMUSG00000017615.13:B1	label_permutation	0.4809471979001069	0.7296879030177973	7753	1	11-20	0.9249658667442068
ENSMUSG00000019947.11:B1	label_permutation	9.702628811983322e-22	0.19727510265024262	10715	6	>20	0.8674506604704691
ENSMUSG00000020402.12:B1	label_permutation	2.715451003710113e-07	0.3730869727510265	10715	6	>20	0.8799716412619639
ENSMUSG00000020811.17:B1	label_permutation	2.204316084740018e-05	0.621868978805395	6227	10	>20	0.9037363545202307
ENSMUSG00000021254.10:B1	label_permutation	1.6459738001318188e-17	0.2311496827174319	10715	6	>20	0.8674506604704691
ENSMUSG00000021945.10:B1	label_permutation	1.0912699971168751e-11	0.26895187870797627	13652	5	>20	0.8750110119110907
ENSMUSG00000022454.18:B1	label_permutation	0.0903810666417789	0.8415802075019952	7517	8	>20	0.9574839120288523
ENSMUSG00000022867.12:B1	label_permutation	1.2858750810210614e-47	0.12090558766859345	6227	10	>20	0.8606239104020287
ENSMUSG00000024158.18:B1	label_permutation	1.3299653944680371e-28	0.157338148052618	7753	1	11-20	0.8606239104020287
ENSMUSG00000024642.18:B1	label_permutation	1.732653369405081e-43	0.1537533188510741	4142	9	>20	0.8606239104020287
ENSMUSG00000025217.16:B1	label_permutation	0.0250219641871287	0.47540983606557374	5001	3	11-20	0.8914176034062342
ENSMUSG00000025782.13:B1	label_permutation	3.999070956888041e-09	0.47701149425287354	2435	6	11-20	0.8914176034062342
ENSMUSG00000026349.15:B1	label_permutation	3.8195065491010843e-35	0.11347517730496454	10715	6	>20	0.8606239104020287
ENSMUSG00000026833.19:B1	label_permutation	6.686318357548212e-12	0.36222855108579566	5617	7	>20	0.8799716412619639
ENSMUSG00000027363.16:B1	label_permutation	3.58592442647916e-46	0.12406468742457157	4142	9	>20	0.8606239104020287
ENSMUSG00000027940.19:B1	label_permutation	0.0016954691706406	0.45982567933787444	13652	5	>20	0.8895566450977648
ENSMUSG00000028469.16:B1	label_permutation	1.2256412262145734e-09	0.2846473733344649	11782	4	>20	0.8750110119110907
ENSMUSG00000028986.13:B1	label_permutation	6.405514070667985e-05	0.25457828217694095	7753	1	11-20	0.8703183612295037
ENSMUSG00000029438.10:B1	label_permutation	4.792229832442419e-44	0.1379494482022072	5617	7	>20	0.8606239104020287
ENSMUSG00000030007.9:B1	label_permutation	0.0178760010859298	0.36357688113413306	4584	1	6-10	0.8799716412619639
ENSMUSG00000030592.19:B3	label_permutation	8.485760392443217e-05	0.33229813664596275	2575	1	>20	0.8768883635306256
ENSMUSG00000031370.13:B1	label_permutation	0.1826587035094425	0.5694330320460148	7301	2	11-20	0.8997902400062849
ENSMUSG00000031870.17:B1	label_permutation	4.787432577595719e-31	0.15643538818674232	7753	1	11-20	0.8606239104020287
ENSMUSG00000032328.13:B1	label_permutation	0.0339549360510142	0.5832417783637296	13652	5	>20	0.8997902400062849
ENSMUSG00000032827.16:B1	label_permutation	6.292707354138566e-56	0.09994457786809532	5412	12	>20	0.8606239104020287
ENSMUSG00000033721.17:B1	label_permutation	1.8694646280121442e-66	0.06888572445710217	5617	7	>20	0.8606239104020287
ENSMUSG00000034430.17:B1	label_permutation	0.0861102416788427	0.797962648556876	588	6	6-10	0.9416054003706996
ENSMUSG00000035152.15:B1	label_permutation	0.0838078998745643	0.7300298618887645	10715	6	>20	0.9249658667442068
ENSMUSG00000036099.17:B1	label_permutation	2.853600740427421e-16	0.2425345278088839	10715	6	>20	0.8674506604704691
ENSMUSG00000037857.17:B1	label_permutation	1.451040449577687e-06	0.3447339387252822	11782	4	>20	0.8772561271978585
ENSMUSG00000038406.18:B1	label_permutation	2.927197152316329e-23	0.18486375513251213	10715	6	>20	0.8660184484869279
ENSMUSG00000039156.20:B1	label_permutation	3.729400837485874e-39	0.1558925246076084	7517	8	>20	0.8606239104020287
ENSMUSG00000039988.15:B1	label_permutation	0.3910132422719753	0.7189542483660131	2753	2	6-10	0.9227073159002472
ENSMUSG00000040785.20:B1	label_permutation	8.446857661795048e-49	0.7225806451612903	154	36	>20	0.9243602104625216
ENSMUSG00000041817.15:B1	label_permutation	6.464913028509949e-19	0.18003611039463502	7753	1	11-20	0.8660184484869279
ENSMUSG00000042851.18:B1	label_permutation	4.210323629651472e-07	0.3336995532117483	13652	5	>20	0.8768883635306256
ENSMUSG00000045349.16:B1	label_permutation	0.1133705807273894	0.6742840401376987	13652	5	>20	0.9110999233898707
ENSMUSG00000048078.17:B1	label_permutation	2.413762225597096e-05	0.43449048152295633	10715	6	>20	0.8802533382017219
ENSMUSG00000050953.11:B1	label_permutation	3.419283487809329e-32	0.14515157598875728	4980	2	>20	0.8606239104020287
ENSMUSG00000052949.15:B1	label_permutation	1.0	1.0	10715	6	>20	1.0
ENSMUSG00000055296.15:B1	label_permutation	1.5049054938016096e-06	0.3926838372527062	10715	6	>20	0.8802533382017219
ENSMUSG00000057541.15:B1	label_permutation	0.0050239003848855	0.46779774528407186	8958	3	>20	0.8911112965101977
ENSMUSG00000059602.15:B1	label_permutation	0.0831954900834669	0.5891544117647058	1087	3	6-10	0.9031818431609606
ENSMUSG00000061911.16:B1	label_permutation	5.229741102200552e-48	0.2735961768219833	836	20	>20	0.8750110119110907
ENSMUSG00000065954.12:B1	label_permutation	2.604194156503873e-10	0.4573980207579049	4142	9	>20	0.8895566450977648
ENSMUSG00000069911.12:B1	label_permutation	0.4503956311638718	0.8355672745916648	13652	5	>20	0.9571860655446038
ENSMUSG00000074892.10:B1	label_permutation	0.4654912688526165	0.8408408408408409	13652	5	>20	0.9574608339527904
ENSMUSG00000086539.9:B1	label_permutation	0.5260044825048518	0.8603237383725189	13652	5	>20	0.962553981941598
ENSMUSG00000097736.9:B1	label_permutation	0.7982729687333201	0.9240431129593483	11782	4	>20	0.9891971771413319
ENSMUSG00000120815.1:B1	label_permutation	0.7541419321109798	0.8826348945494386	7301	2	11-20	0.9708030926516559
ENSMUSG00000006476.20:B1	label_permutation	3.420338479611501e-75	0.2	14	23	>20	0.8674506604704691
ENSMUSG00000006476.20:B2	label_permutation	1.0168221210683516e-41	0.13274807129555732	7517	8	>20	0.8606239104020287
ENSMUSG00000006476.20:B3	label_permutation	7.140530312770069e-36	0.3423728813559322	1474	16	>20	0.8772378175865799
ENSMUSG00000006476.20:B4	label_permutation	5.4871963807310855e-59	0.1342372881355932	1474	16	>20	0.8606239104020287
ENSMUSG00000028906.18:B1	label_permutation	2.7611137700753136e-07	0.6602623314243488	5412	12	>20	0.9072089437851377
ENSMUSG00000028906.18:B2	label_permutation	0.200577525046103	0.6946087733005916	8958	3	>20	0.9150593486619103
ENSMUSG00000028906.18:B4	label_permutation	0.1663380472375219	0.7871407241508025	10715	6	>20	0.9389371467897278
ENSMUSG00000028906.18:B5	label_permutation	5.314965418336711e-06	0.5742215785662563	4142	9	>20	0.8997902400062849
ENSMUSG00000004113.19:B1	label_permutation	0.0054192558799589	0.7043096568236233	7517	8	>20	0.9185048165308657
ENSMUSG00000004113.19:B2	label_permutation	1.132321333959714e-46	0.09497206703910614	7517	8	>20	0.8606239104020287
ENSMUSG00000004113.19:B8	label_permutation	8.853753666659531e-33	0.3877966101694915	1474	16	>20	0.8802533382017219
ENSMUSG00000021262.16:B2	label_permutation	0.0722824191718122	0.5065359477124183	2753	2	6-10	0.894080632179703
ENSMUSG00000021262.16:B3	label_permutation	4.345701647858721e-09	0.15613652868554828	2753	2	6-10	0.8606239104020287
ENSMUSG00000027104.19:B1	label_permutation	0.1827083025543823	0.5695699808271706	7301	2	11-20	0.8997902400062849
ENSMUSG00000027104.19:B2	label_permutation	0.9655702096120165	0.9809130771214857	7753	1	11-20	1.0
ENSMUSG00000027104.19:B4	label_permutation	0.9295122550817272	0.9631158111942223	7753	1	11-20	1.0
ENSMUSG00000031691.15:B1	label_permutation	1.0784183750599732e-19	0.2143118728484582	13652	5	>20	0.8674506604704691
ENSMUSG00000031691.15:B2	label_permutation	1.0137307304574404e-21	0.2020801289093972	13652	5	>20	0.8674506604704691
ENSMUSG00000031691.15:B3	label_permutation	7.309869242714746e-31	0.2514450867052023	6227	10	>20	0.8695150142445928
ENSMUSG00000040712.17:B1	label_permutation	6.117058042483273e-57	0.14779661016949153	1474	16	>20	0.8606239104020287
ENSMUSG00000040712.17:B2	label_permutation	3.784562104827365e-05	0.5783453046022878	7517	8	>20	0.8997902400062849
ENSMUSG00000040712.17:B3	label_permutation	0.0008897154298719	0.6473796222399575	7517	8	>20	0.9053280185658723
ENSMUSG00000070047.15:B1	label_permutation	5.459581213333537e-16	0.4059087989723828	6227	10	>20	0.8802533382017219
ENSMUSG00000070047.15:B2	label_permutation	3.422154332590029e-25	0.18560023438072218	13652	5	>20	0.8660184484869279
ENSMUSG00000070047.15:B3	label_permutation	5.537359498045944e-60	0.061978163134232496	6227	10	>20	0.8606239104020287
ENSMUSG00000021098.15:B1	label_permutation	3.48608282784132e-17	0.3590050545357808	7517	8	>20	0.8799716412619639
ENSMUSG00000021098.15:B2	label_permutation	1.5635784704067935e-60	0.06314181447848595	11782	4	>20	0.8606239104020287
ENSMUSG00000024302.17:B1	label_permutation	3.89469274436108e-13	0.5287271383705893	5412	12	>20	0.894080632179703
ENSMUSG00000024302.17:B2	label_permutation	0.0005369417091541	0.4972937663307204	10715	6	>20	0.8921327130306684
ENSMUSG00000027624.21:B1	label_permutation	9.018989526844334e-28	0.6069295101553166	836	20	>20	0.903460907270032
ENSMUSG00000027624.21:B5	label_permutation	2.979883830520385e-14	0.4291907514450867	6227	10	>20	0.8802533382017219
ENSMUSG00000030020.14:B1	label_permutation	2.5059470769896202e-52	0.2687634024303074	1398	24	>20	0.8750110119110907
ENSMUSG00000030020.14:B2	label_permutation	1.3830076154597536e-66	0.09084745762711864	1474	16	>20	0.8606239104020287
ENSMUSG00000032336.18:B1	label_permutation	1.891788640990417e-08	0.683043738765728	1668	14	>20	0.9110999233898707
ENSMUSG00000032336.18:B2	label_permutation	0.0008288918420377	0.5640797436810253	5617	7	>20	0.8992459624343838
ENSMUSG00000036902.12:B1	label_permutation	7.736591836771156e-19	0.14416101099929793	4272	4	11-20	0.8606239104020287
ENSMUSG00000036902.12:B2	label_permutation	0.2807844764245709	0.6350314982196659	7301	2	11-20	0.903855163864902
ENSMUSG00000040896.17:B1	label_permutation	4.791891426253377e-36	0.15289256198347106	1209	8	11-20	0.8606239104020287
ENSMUSG00000040896.17:B2	label_permutation	8.559649003387796e-06	0.36815751506407535	11782	4	>20	0.8799716412619639
ENSMUSG00000048827.13:B1	label_permutation	3.074201239621005e-265	0.1347049689440994	2575	1	>20	0.8606239104020287
ENSMUSG00000048827.13:B3	label_permutation	1.3915874584139145e-29	0.22981366459627328	2575	1	>20	0.8674506604704691
ENSMUSG00000061981.15:B1	label_permutation	1.242094145511793e-19	0.35741811175337185	6227	10	>20	0.8799716412619639
ENSMUSG00000061981.15:B3	label_permutation	0.0844444728570446	0.6456759738606467	11782	4	>20	0.9053280185658723
ENSMUSG00000000247.12:B1	label_permutation	0.4063794827015277	0.6491477272727273	3519	1	1-5	0.9053280185658723
ENSMUSG00000000826.17:B1	label_permutation	0.0014278131746045	0.45477184501574747	13652	5	>20	0.8893579945608221
ENSMUSG00000002524.18:B1	label_permutation	1.4250951963408249e-49	0.06695747001090513	4584	1	6-10	0.8606239104020287
ENSMUSG00000005089.16:B1	label_permutation	2.569754149557714e-44	0.17975244781082578	5412	12	>20	0.8660184484869279
ENSMUSG00000007817.16:B1	label_permutation	5.584794150343546e-12	0.4313299541395124	4142	9	>20	0.8802533382017219
ENSMUSG00000014426.10:B1	label_permutation	1.8798327930230448e-06	0.34812865993380293	11782	4	>20	0.8795043135212783
ENSMUSG00000017679.17:B1	label_permutation	1.395920309624344e-31	0.07197121151539385	5001	3	11-20	0.8606239104020287
ENSMUSG00000019969.15:B1	label_permutation	5.9837615706424354e-24	0.18094438223217618	10715	6	>20	0.8660184484869279
ENSMUSG00000020409.11:B1	label_permutation	0.00064328244691	0.3579192546583851	2575	1	>20	0.8799716412619639
ENSMUSG00000020817.17:B1	label_permutation	7.405454613914489e-07	0.7797029702970297	403	15	11-20	0.9359563597368475
ENSMUSG00000021258.11:B1	label_permutation	0.8491802819771875	0.9477620270119433	8958	3	>20	0.9991689088672994
ENSMUSG00000021969.9:B1	label_permutation	1.2798086723565072e-34	0.10167190019519647	11782	4	>20	0.8606239104020287
ENSMUSG00000022463.9:B1	label_permutation	0.2198285374581321	0.7396909104226177	13652	5	>20	0.9277619177893507
ENSMUSG00000022884.17:B1	label_permutation	1.2736804648454072e-24	0.128680479825518	4584	1	6-10	0.8606239104020287
ENSMUSG00000024182.18:B1	label_permutation	0.313560287157039	0.6088068181818181	3519	1	1-5	0.903460907270032
ENSMUSG00000024646.15:B1	label_permutation	0.0023602005832366	0.29313902501934486	7753	1	11-20	0.8750110119110907
ENSMUSG00000025220.9:B1	label_permutation	6.820652332962454e-36	0.12861642129934814	13652	5	>20	0.8606239104020287
ENSMUSG00000025786.18:B1	label_permutation	0.2589969299526216	0.5847304616971886	7753	1	11-20	0.9006833472604143
ENSMUSG00000026356.16:B1	label_permutation	4.4737275311870294e-96	0.03131630314860392	11782	4	>20	0.8606239104020287
ENSMUSG00000027365.15:B1	label_permutation	5.531925045134161e-53	0.06650704974727321	7517	8	>20	0.8606239104020287
ENSMUSG00000027950.8:B1	label_permutation	0.4805256051750118	0.7330868255272528	7301	2	11-20	0.92506913456968
ENSMUSG00000028484.17:B1	label_permutation	6.24194060113833e-08	0.42257030971876114	5617	7	>20	0.8802533382017219
ENSMUSG00000028991.16:B1	label_permutation	1.0810789895076908e-39	0.19164856384262613	4142	9	>20	0.8674506604704691
ENSMUSG00000029455.15:B1	label_permutation	0.00104159396913	0.2743729552889858	4584	1	6-10	0.8750110119110907
ENSMUSG00000030032.15:B1	label_permutation	3.143700355427513e-16	0.13242947137770475	7301	2	11-20	0.8606239104020287
ENSMUSG00000030605.16:B1	label_permutation	8.255048574746727e-12	0.2258582613932945	4980	2	>20	0.8674506604704691
ENSMUSG00000031376.16:B1	label_permutation	2.112166692962832e-16	0.5500299580587178	1668	14	>20	0.894080632179703
ENSMUSG00000031878.19:B1	label_permutation	0.5047964283363927	0.8285522937827883	8958	3	>20	0.9540133252010891
ENSMUSG00000032329.5:B1	label_permutation	8.473626818775541e-22	0.33622350674373797	6227	10	>20	0.8768883635306256
ENSMUSG00000032846.13:B1	label_permutation	1.9523784010929978e-52	0.07965242577842144	4142	9	>20	0.8606239104020287
ENSMUSG00000033730.5:B1	label_permutation	1.8283491478061008e-31	0.13353863381858902	10715	6	>20	0.8606239104020287
ENSMUSG00000034472.14:B1	label_permutation	0.2321131150056505	0.6309977916081109	4980	2	>20	0.9037363545202307
ENSMUSG00000035164.9:B1	label_permutation	8.144930710888183e-10	0.2902658756317293	13652	5	>20	0.8750110119110907
ENSMUSG00000036104.13:B1	label_permutation	0.0021263413289014	0.4919260472735783	4272	4	11-20	0.8914176034062342
ENSMUSG00000037062.14:B1	label_permutation	0.7777923021279813	0.9282287085165933	5001	3	11-20	0.9913164962152021
ENSMUSG00000037860.16:B1	label_permutation	1.0441194929840442e-07	0.2955687018640473	8958	3	>20	0.8750110119110907
ENSMUSG00000038418.8:B1	label_permutation	0.0358944655498483	0.6731989548338932	10715	6	>20	0.9110999233898707
ENSMUSG00000039159.17:B1	label_permutation	0.0317655587050997	0.48900439824070374	5001	3	11-20	0.8914176034062342
ENSMUSG00000040009.7:B1	label_permutation	1.0	1.0	10715	6	>20	1.0
ENSMUSG00000040797.17:B1	label_permutation	3.756471887678742e-15	0.3348166607333571	5617	7	>20	0.8768883635306256
ENSMUSG00000041852.16:B1	label_permutation	7.546194436889858e-50	0.13548830811554333	1453	11	>20	0.8606239104020287
ENSMUSG00000043019.13:B1	label_permutation	0.0060982002458943	0.34196110654615175	7301	2	11-20	0.8772378175865799
ENSMUSG00000045482.17:B3	label_permutation	3.3935541928186024e-46	0.13021836865767503	6227	10	>20	0.8606239104020287
ENSMUSG00000048186.15:B1	label_permutation	4.067455436724355e-06	0.5689655172413793	2435	6	11-20	0.8997902400062849
ENSMUSG00000050965.15:B1	label_permutation	3.2146786885691908e-15	0.3813514232508646	7517	8	>20	0.8802533382017219
ENSMUSG00000055371.18:B1	label_permutation	8.076690592377754e-50	0.08056837325130008	13652	5	>20	0.8606239104020287
ENSMUSG00000057572.16:B1	label_permutation	1.128382119256455e-07	0.2050163576881134	4584	1	6-10	0.8674506604704691
ENSMUSG00000059742.11:B1	label_permutation	0.0464205559161894	0.6891564016424039	10715	6	>20	0.9141289459802134
ENSMUSG00000061950.18:B1	label_permutation	0.1828513049829359	0.8398006407974368	5617	7	>20	0.9572107328688597
ENSMUSG00000066026.15:B1	label_permutation	0.2942161218782791	0.622464558342421	4584	1	6-10	0.9037363545202307
ENSMUSG00000070000.14:B1	label_permutation	1.0	1.0	10715	6	>20	1.0
ENSMUSG00000074923.11:B1	label_permutation	1.3875312977230753e-61	0.039473684210526314	10715	6	>20	0.8606239104020287
ENSMUSG00000086584.10:B1	label_permutation	1.5422188369710185e-213	0.05460750853242321	4980	2	>20	0.8606239104020287
ENSMUSG00000097797.7:B1	label_permutation	0.1167276384313912	0.6414778435093202	8958	3	>20	0.9050223671739888
ENSMUSG00000008658.17:B1	label_permutation	1.0	1.0	50	21	11-20	1.0
ENSMUSG00000008658.17:B2	label_permutation	0.2608969199876748	0.8689925240299039	5617	7	>20	0.9654517683536188
ENSMUSG00000008658.17:B3	label_permutation	5.17942066654558e-59	0.08116767532929868	5617	7	>20	0.8606239104020287
ENSMUSG00000008658.17:B4	label_permutation	1.175400936213408e-31	0.34092270820850806	1668	14	>20	0.8772378175865799
ENSMUSG00000029422.16:B1	label_permutation	3.383884583462094e-08	0.3080709496732581	11782	4	>20	0.8768883635306256
ENSMUSG00000029422.16:B2	label_permutation	0.3266974289450509	0.7709411864550624	11782	4	>20	0.9338231579879378
ENSMUSG00000029422.16:B4	label_permutation	0.3102701552171349	0.7653398964610031	11782	4	>20	0.9329062959889604
ENSMUSG00000029422.16:B5	label_permutation	4.002017428912586e-18	0.3472998137802607	7517	8	>20	0.8795043135212783
ENSMUSG00000004771.13:B1	label_permutation	1.9801990442612032e-07	0.19611065461517393	7301	2	11-20	0.8674506604704691
ENSMUSG00000004771.13:B2	label_permutation	0.612730180498709	0.8002321382512252	7753	1	11-20	0.9417705743754179
ENSMUSG00000004771.13:B3	label_permutation	2.659255527642267e-10	0.19473819963889605	7753	1	11-20	0.8674506604704691
ENSMUSG00000021282.18:B1	label_permutation	0.0004337225825815	0.7727272727272727	1033	10	11-20	0.9340658840244447
ENSMUSG00000021282.18:B2	label_permutation	3.1857380369183997e-70	0.019190264451205242	4272	4	11-20	0.8606239104020287
ENSMUSG00000027346.16:B1	label_permutation	4.773062449190778e-07	0.33421030297886783	11782	4	>20	0.8768883635306256
ENSMUSG00000027346.16:B2	label_permutation	0.0163640919376524	0.43605701666332064	4980	2	>20	0.8802533382017219
ENSMUSG00000027346.16:B4	label_permutation	4.9706016394836886e-23	0.17165227865890384	4980	2	>20	0.8660184484869279
ENSMUSG00000031816.16:B1	label_permutation	0.8023379847367286	0.9060531361270885	7301	2	11-20	0.9813753526353685
ENSMUSG00000031816.16:B2	label_permutation	0.6715142903597505	0.8315708021666237	7753	1	11-20	0.9558130563374244
ENSMUSG00000031816.16:B3	label_permutation	0.5778893995354458	0.7829507351044622	7753	1	11-20	0.9372883866700727
ENSMUSG00000040860.17:B1	label_permutation	9.596519806600233e-16	0.3760559980690321	4142	9	>20	0.8802533382017219
ENSMUSG00000040860.17:B2	label_permutation	0.2274698731473997	0.7099006585556423	8958	3	>20	0.9212513888388844
ENSMUSG00000040860.17:B3	label_permutation	0.0667636228758811	0.5962719053465788	8958	3	>20	0.903460907270032
ENSMUSG00000072501.6:B1	label_permutation	0.6627664952768081	0.9314109742441209	10715	6	>20	0.9936108932930432
ENSMUSG00000072501.6:B3	label_permutation	0.5411107823727068	0.906494960806271	10715	6	>20	0.9813753526353685
ENSMUSG00000072501.6:B4	label_permutation	0.0048063194817987	0.8594125254018105	5412	12	>20	0.962553981941598
ENSMUSG00000021224.16:B1	label_permutation	0.0147374627217561	0.4200310559006211	2575	1	>20	0.8802533382017219
ENSMUSG00000021224.16:B3	label_permutation	0.0644935255477741	0.49922360248447206	2575	1	>20	0.8921327130306684
ENSMUSG00000024381.17:B1	label_permutation	1.3244152103583699e-40	0.1432561851556265	7517	8	>20	0.8606239104020287
ENSMUSG00000024381.17:B3	label_permutation	7.234861365003632e-34	0.3708474576271186	1474	16	>20	0.8799716412619639
ENSMUSG00000027634.15:B1	label_permutation	4.193621391715639e-32	0.2861629410677997	5412	12	>20	0.8750110119110907
ENSMUSG00000027634.15:B2	label_permutation	2.198133923395302e-09	0.3322135125046659	10715	6	>20	0.8768883635306256
ENSMUSG00000030077.12:B1	label_permutation	2.868209339295638e-13	0.44107257546563905	6227	10	>20	0.882320339922409
ENSMUSG00000030077.12:B2	label_permutation	4.889101304131316e-31	0.15476452061817916	13652	5	>20	0.8606239104020287
ENSMUSG00000032410.14:B1	label_permutation	3.0101388229845977e-20	0.3269486565575951	7517	8	>20	0.8768883635306256
ENSMUSG00000032410.14:B2	label_permutation	1.0	1.0	11782	4	>20	1.0
ENSMUSG00000037012.19:B1	label_permutation	1.9343699486019883e-36	0.20761078998073218	6227	10	>20	0.8674506604704691
ENSMUSG00000037012.19:B2	label_permutation	4.810521110457042e-06	0.36058009228740934	13652	5	>20	0.8799716412619639
ENSMUSG00000040987.16:B1	label_permutation	0.5001115632350033	0.7505681818181819	3519	1	1-5	0.929984397323107
ENSMUSG00000040987.16:B2	label_permutation	0.7097652518916165	0.8470171293561725	1692	2	1-5	0.9585667932457129
ENSMUSG00000049044.17:B1	label_permutation	3.3415866398813847e-44	0.3759828448892066	1398	24	>20	0.8802533382017219
ENSMUSG00000049044.17:B2	label_permutation	7.808943622373677e-21	0.4210234620358396	5412	12	>20	0.8802533382017219
ENSMUSG00000062044.17:B3	label_permutation	9.428669173918689e-31	0.26381848901762006	4142	9	>20	0.8750110119110907
ENSMUSG00000000266.12:B1	label_permutation	0.6863084706619492	0.8906051090554188	11782	4	>20	0.9741370112064653
ENSMUSG00000000838.18:B1	label_permutation	4.489268756023946e-09	0.2927098362047017	11782	4	>20	0.8750110119110907
ENSMUSG00000002546.18:B1	label_permutation	8.794005381038689e-30	0.26140012845215155	6227	10	>20	0.8750110119110907
ENSMUSG00000005102.14:B1	label_permutation	1.698465131632473e-14	0.31732348111658454	2435	6	11-20	0.8768883635306256
ENSMUSG00000007850.17:B1	label_permutation	2.717283658352825e-38	0.18547525809896762	5617	7	>20	0.8660184484869279
ENSMUSG00000014503.16:B1	label_permutation	0.9538053698219447	0.9767861748774825	7753	1	11-20	1.0
ENSMUSG00000017721.16:B1	label_permutation	2.951356947309231e-06	0.2524990003998401	5001	3	11-20	0.8695150142445928
ENSMUSG00000019970.16:B1	label_permutation	0.0019943119138077	0.3373493975903614	165	6	1-5	0.8772378175865799
ENSMUSG00000020412.17:B1	label_permutation	0.4363990297136291	0.6915140572607686	7753	1	11-20	0.9145568491259254
ENSMUSG00000020847.16:B1	label_permutation	0.9988023564996972	0.9342948717948718	623	9	11-20	0.9936155119413573
ENSMUSG00000021268.19:B1	label_permutation	0.0003833557225334	0.8002955847034916	5412	12	>20	0.9417705743754179
ENSMUSG00000021975.10:B1	label_permutation	0.0511785768223038	0.6099758294880246	13652	5	>20	0.903460907270032
ENSMUSG00000022474.16:B1	label_permutation	0.0001418005740452	0.4122040227446321	11782	4	>20	0.8802533382017219
ENSMUSG00000022946.11:B1	label_permutation	5.4047442785427045e-53	0.07796282886797007	4142	9	>20	0.8606239104020287
ENSMUSG00000024186.16:B1	label_permutation	0.814755688251416	0.9338095769617145	8958	3	>20	0.9936155119413573
ENSMUSG00000024661.8:B1	label_permutation	4.32945625569261e-07	0.7183942480527262	1668	14	>20	0.9225701719312274
ENSMUSG00000025221.17:B1	label_permutation	1.4503212424022793e-18	0.21921182266009853	2435	6	11-20	0.8674506604704691
ENSMUSG00000025790.15:B1	label_permutation	4.280227113429087e-08	0.35526315789473684	10715	6	>20	0.8799716412619639
ENSMUSG00000026360.10:B1	label_permutation	0.592764013928069	0.7931390250193449	7753	1	11-20	0.9409009893787282
ENSMUSG00000026836.16:B1	label_permutation	2.727435800966665e-12	0.542028450027711	5412	12	>20	0.894080632179703
ENSMUSG00000027367.17:B1	label_permutation	0.0005615303871449	0.4349227276056544	13652	5	>20	0.8802533382017219
ENSMUSG00000027963.15:B1	label_permutation	3.3394871385186e-45	0.0841875681570338	4584	1	6-10	0.8606239104020287
ENSMUSG00000028488.16:B1	label_permutation	1.600593673813442e-23	0.32129094412331405	6227	10	>20	0.8768883635306256
ENSMUSG00000029004.16:B1	label_permutation	2.1130694542298584e-12	0.5398115647515241	5412	12	>20	0.894080632179703
ENSMUSG00000029466.12:B1	label_permutation	2.0647044419983442e-85	0.07518700025793139	7753	1	11-20	0.8606239104020287
ENSMUSG00000030043.12:B1	label_permutation	0.4707294946636957	0.7205313386639154	7753	1	11-20	0.9230203615333576
ENSMUSG00000030659.15:B1	label_permutation	0.0981117559958995	0.6260743386538676	8958	3	>20	0.9037363545202307
ENSMUSG00000031386.15:B1	label_permutation	2.1230493204029967e-60	0.04974727321096036	7517	8	>20	0.8606239104020287
ENSMUSG00000031906.10:B1	label_permutation	0.0003428563817045	0.42496154691276644	13652	5	>20	0.8802533382017219
ENSMUSG00000032352.17:B1	label_permutation	1.9148986215246925e-06	0.348383264024442	11782	4	>20	0.8795043135212783
ENSMUSG00000032850.17:B1	label_permutation	2.15053393448771e-114	0.015785453619621487	11782	4	>20	0.8606239104020287
ENSMUSG00000033763.15:B1	label_permutation	8.6785093487413e-48	0.06550951847704367	10715	6	>20	0.8606239104020287
ENSMUSG00000034480.19:B1	label_permutation	0.2826555120757095	0.6570969684802248	4980	2	>20	0.9067105961865773
ENSMUSG00000035173.15:B1	label_permutation	0.0080177827171104	0.5893990294886151	10715	6	>20	0.9031818431609606
ENSMUSG00000036155.14:B1	label_permutation	0.1744425091678123	0.7041500466774167	11782	4	>20	0.9185048165308657
ENSMUSG00000037072.17:B1	label_permutation	0.0016505636598635	0.2802617230098146	4584	1	6-10	0.8750110119110907
ENSMUSG00000037876.18:B1	label_permutation	4.020593273920604e-13	0.40422984836392656	7517	8	>20	0.8802533382017219
ENSMUSG00000038429.11:B1	label_permutation	0.0002937680976722	0.42261773969091043	13652	5	>20	0.8802533382017219
ENSMUSG00000039210.17:B1	label_permutation	2.3548278488681542e-14	0.31069609507640067	588	6	6-10	0.8768883635306256
ENSMUSG00000040022.15:B1	label_permutation	2.8461261625028764e-14	0.23516931172027497	11782	4	>20	0.8674506604704691
ENSMUSG00000041895.16:B1	label_permutation	6.064497696003607e-47	0.06728256812243374	10715	6	>20	0.8606239104020287
ENSMUSG00000043079.18:B1	label_permutation	2.1192543387281912e-51	0.20523497917906008	1680	18	>20	0.8674506604704691
ENSMUSG00000045503.17:B1	label_permutation	0.1548679573689593	0.514721919302072	4584	1	6-10	0.894080632179703
ENSMUSG00000048240.16:B1	label_permutation	4.010530626731999e-08	0.5032840722495895	2435	6	11-20	0.8937457281579347
ENSMUSG00000051111.17:B1	label_permutation	1.2251476385498002e-21	0.180938640414156	11782	4	>20	0.8660184484869279
ENSMUSG00000053110.14:B1	label_permutation	1.4601698966784798e-22	0.16868712922362653	7753	1	11-20	0.8660184484869279
ENSMUSG00000055373.9:B1	label_permutation	1.1838075979587468e-35	0.12934886105617813	13652	5	>20	0.8606239104020287
ENSMUSG00000057649.7:B1	label_permutation	7.853633107841234e-45	0.07418812989921612	10715	6	>20	0.8606239104020287
ENSMUSG00000059811.14:B1	label_permutation	9.13739268736454e-19	0.14261363636363636	3519	1	1-5	0.8606239104020287
ENSMUSG00000062014.14:B1	label_permutation	0.3226680279219664	0.6283208666494713	7753	1	11-20	0.9037363545202307
ENSMUSG00000066036.15:B1	label_permutation	4.4262300631829e-08	0.5374116891457932	6227	10	>20	0.894080632179703
ENSMUSG00000070003.8:B1	label_permutation	0.0965839297167649	0.7736077481840193	825	4	6-10	0.9340658840244447
ENSMUSG00000074925.5:B1	label_permutation	0.0023904155398885	0.7068965517241379	2435	6	11-20	0.920810667527199
ENSMUSG00000086796.3:B1	label_permutation	0.3996296055031049	0.724400871459695	2753	2	6-10	0.924911711059411
ENSMUSG00000097986.3:B1	label_permutation	0.0525287968801995	0.5794173456859024	8958	3	>20	0.8997902400062849
ENSMUSG00000015222.19:B2	label_permutation	5.125699597879585e-29	0.3221873268058378	5412	12	>20	0.8768883635306256
ENSMUSG00000015222.19:B3	label_permutation	0.0079067620673707	0.8706816922224275	5412	12	>20	0.9657719773454814
ENSMUSG00000015222.19:B5	label_permutation	9.694859148503249e-51	0.28663330950679056	1398	24	>20	0.8750110119110907
ENSMUSG00000029505.18:B1	label_permutation	3.0319530152164903e-57	0.16845878136200718	836	20	>20	0.8660184484869279
ENSMUSG00000029505.18:B2	label_permutation	1.8733160769716762e-45	0.13583815028901733	6227	10	>20	0.8606239104020287
ENSMUSG00000029505.18:B3	label_permutation	1.2188733762282028e-36	0.2056840077071291	6227	10	>20	0.8674506604704691
ENSMUSG00000029505.18:B4	label_permutation	1.5627276974835057e-86	0.11023622047244094	253	30	>20	0.8606239104020287
ENSMUSG00000004933.18:B1	label_permutation	9.269373980692613e-66	0.14224446032880628	1398	24	>20	0.8606239104020287
ENSMUSG00000004933.18:B2	label_permutation	0.0013637546609325	0.522956326987682	10715	6	>20	0.894080632179703
ENSMUSG00000004933.18:B3	label_permutation	4.861481373754715e-50	0.2111838191552647	1680	18	>20	0.8674506604704691
ENSMUSG00000021327.20:B3	label_permutation	5.858670965499459e-07	0.6707925364862368	5412	12	>20	0.9110999233898707
ENSMUSG00000027455.17:B1	label_permutation	4.1580417328102994e-17	0.39669421487603307	1209	8	11-20	0.8802533382017219
ENSMUSG00000027455.17:B2	label_permutation	3.2761619327262537e-06	0.3697636321085888	4272	4	11-20	0.8799716412619639
ENSMUSG00000027455.17:B3	label_permutation	3.603235118417696e-18	0.15258600514860754	4272	4	11-20	0.8606239104020287
ENSMUSG00000031865.17:B1	label_permutation	4.413936696135737e-53	0.19095776323616895	1680	18	>20	0.8674506604704691
ENSMUSG00000031865.17:B2	label_permutation	0.0001355561277757	0.6381848901762008	4142	9	>20	0.9044849332081017
ENSMUSG00000031865.17:B3	label_permutation	4.959685668134262e-36	0.22592324402606806	4142	9	>20	0.8674506604704691
ENSMUSG00000040940.19:B1	label_permutation	9.7385258454515e-30	0.3142434878995012	5412	12	>20	0.8768883635306256
ENSMUSG00000040940.19:B2	label_permutation	1.3769968036980463e-24	0.17665173572228443	10715	6	>20	0.8660184484869279
ENSMUSG00000040940.19:B4	label_permutation	8.647074020419628e-43	0.08081373646883165	10715	6	>20	0.8606239104020287
ENSMUSG00000078485.5:B1	label_permutation	0.0996117141657935	0.5404607206142942	1692	2	1-5	0.894080632179703
ENSMUSG00000078485.5:B2	label_permutation	0.284981380355901	0.5994318181818182	3519	1	1-5	0.903460907270032
ENSMUSG00000078485.5:B3	label_permutation	1.2785777854642313e-13	0.19545454545454546	3519	1	1-5	0.8674506604704691
ENSMUSG00000021288.20:B1	label_permutation	4.606468399493982e-05	0.9667774086378738	300	21	>20	1.0
ENSMUSG00000021288.20:B2	label_permutation	2.6653607642554857e-07	0.4353862584549662	5617	7	>20	0.8802533382017219
ENSMUSG00000027674.17:B2	label_permutation	0.0521135575784718	0.8370279146141215	2435	6	11-20	0.9572107328688597
ENSMUSG00000030087.12:B2	label_permutation	0.4451283564656609	0.7516339869281046	2753	2	6-10	0.9300637725810085
ENSMUSG00000032411.16:B2	label_permutation	0.5562549435007218	0.7725045137993294	7753	1	11-20	0.9340658840244447
ENSMUSG00000040990.18:B1	label_permutation	1.0	1.0	51	12	1-5	1.0
ENSMUSG00000040990.18:B2	label_permutation	1.2394413410601496e-12	0.2872340425531915	187	8	6-10	0.8750110119110907
ENSMUSG00000049176.17:B1	label_permutation	2.2879977003084942e-20	0.32371794871794873	623	9	11-20	0.8768883635306256
ENSMUSG00000049176.17:B2	label_permutation	6.137850800642041e-18	0.23316912972085385	2435	6	11-20	0.8674506604704691
ENSMUSG00000062075.14:B1	label_permutation	9.954167026242535e-50	0.1376063966984782	7753	1	11-20	0.8606239104020287
ENSMUSG00000062075.14:B2	label_permutation	3.6840905564855286e-15	0.09767610748002904	2753	2	6-10	0.8606239104020287
ENSMUSG00000000276.12:B1	label_permutation	0.9216772241726512	0.9591784774675379	11782	4	>20	1.0
ENSMUSG00000000861.16:B1	label_permutation	6.830008658678492e-05	0.6445086705202312	6227	10	>20	0.9053280185658723
ENSMUSG00000002625.11:B1	label_permutation	6.468918750699526e-11	0.27752142386288725	13652	5	>20	0.8750110119110907
ENSMUSG00000005148.9:B1	label_permutation	1.1737331899045707e-47	0.05792933442892358	7301	2	11-20	0.8606239104020287
ENSMUSG00000007867.10:B1	label_permutation	0.0292500393788358	0.5810065348383264	11782	4	>20	0.8997902400062849
ENSMUSG00000014554.14:B1	label_permutation	0.1250517280710066	0.6480633999330282	8958	3	>20	0.9053280185658723
ENSMUSG00000017740.18:B1	label_permutation	1.382048100111811e-20	0.32335727587124236	7517	8	>20	0.8768883635306256
ENSMUSG00000019984.17:B1	label_permutation	0.0084472104103855	0.48521040294675744	8958	3	>20	0.8914176034062342
ENSMUSG00000020422.15:B1	label_permutation	1.6882813500863473e-74	0.05491525423728814	1474	16	>20	0.8606239104020287
ENSMUSG00000020850.15:B1	label_permutation	0.0767373558800204	0.6408115432505677	13652	5	>20	0.9050223671739888
ENSMUSG00000021273.12:B1	label_permutation	2.0461256451724562e-29	0.15157598875727765	4980	2	>20	0.8606239104020287
ENSMUSG00000021978.10:B1	label_permutation	6.165532747101237e-45	0.0904563099685051	13652	5	>20	0.8606239104020287
ENSMUSG00000022489.7:B1	label_permutation	6.814547928296673e-85	0.048415806336774656	5617	7	>20	0.8606239104020287
ENSMUSG00000024188.17:B1	label_permutation	1.0	1.0	7517	8	>20	1.0
ENSMUSG00000024713.17:B1	label_permutation	4.279241144675386e-13	0.35065859736561056	5617	7	>20	0.87970420814686
ENSMUSG00000025223.16:B1	label_permutation	4.656297675618514e-44	0.08333333333333333	623	9	11-20	0.8606239104020287
ENSMUSG00000025791.19:B1	label_permutation	3.5221565297752443e-28	0.1340066197063566	11782	4	>20	0.8606239104020287
ENSMUSG00000026393.11:B1	label_permutation	6.038896805195423e-10	0.18592562974810076	5001	3	11-20	0.8660184484869279
ENSMUSG00000026842.17:B1	label_permutation	3.669900690519896e-10	0.24833110814419226	2246	5	11-20	0.8695150142445928
ENSMUSG00000027397.15:B1	label_permutation	0.4555339626561541	0.7426219634611524	4980	2	>20	0.9284035186765294
ENSMUSG00000027971.17:B1	label_permutation	9.204123052851291e-12	0.29395296752519595	10715	6	>20	0.8750110119110907
ENSMUSG00000028514.16:B1	label_permutation	0.0481292155475007	0.6058741668497766	13652	5	>20	0.903460907270032
ENSMUSG00000029016.14:B1	label_permutation	2.724991097055607e-07	0.2932799287939475	2246	5	11-20	0.8750110119110907
ENSMUSG00000029467.16:B1	label_permutation	4.185239622839425e-10	0.49357739242132304	6227	10	>20	0.8921327130306684
ENSMUSG00000030055.17:B2	label_permutation	1.2746049906019649e-15	0.21888603638798973	8958	3	>20	0.8674506604704691
ENSMUSG00000030660.10:B1	label_permutation	0.7050031721144009	0.857234975496518	7753	1	11-20	0.9625324162842946
ENSMUSG00000031391.19:B1	label_permutation	0.0004818480998143	0.4315535047242364	13652	5	>20	0.8802533382017219
ENSMUSG00000031925.18:B1	label_permutation	4.0954151993444794e-30	0.5738916256157636	405	22	>20	0.8997902400062849
ENSMUSG00000032356.13:B2	label_permutation	9.34860712873869e-46	0.16987620357634112	1453	11	>20	0.8660184484869279
ENSMUSG00000032854.13:B1	label_permutation	0.0994729727099424	0.47502726281352237	4584	1	6-10	0.8914176034062342
ENSMUSG00000033790.12:B1	label_permutation	4.389240299666389e-23	0.09256297481007597	5001	3	11-20	0.8606239104020287
ENSMUSG00000034488.15:B1	label_permutation	0.0627040250889435	0.6251379105490962	11782	4	>20	0.9037363545202307
ENSMUSG00000035189.18:B1	label_permutation	2.7237357634044813e-21	0.05670407560543414	1692	2	1-5	0.8606239104020287
ENSMUSG00000036158.13:B1	label_permutation	2.0564110741965962e-44	0.1790134860520968	5412	12	>20	0.8660184484869279
ENSMUSG00000037098.19:B1	label_permutation	2.52627944911471e-36	0.18116520351157223	7517	8	>20	0.8660184484869279
ENSMUSG00000037885.19:B1	label_permutation	0.9356442142750454	0.9656695442682193	4980	2	>20	1.0
ENSMUSG00000038437.12:B1	label_permutation	1.733511734803116e-28	0.27280025690430315	6227	10	>20	0.8750110119110907
ENSMUSG00000039218.18:B1	label_permutation	2.8440425331470264e-47	0.15370404581562905	5412	12	>20	0.8606239104020287
ENSMUSG00000040028.11:B1	label_permutation	5.637869064774947e-76	0.025735294117647058	1087	3	6-10	0.8606239104020287
ENSMUSG00000040855.16:B1	label_permutation	0.6415327546344319	0.8926243316487219	13652	5	>20	0.9741370112064653
ENSMUSG00000041907.10:B1	label_permutation	8.519493548657073e-119	0.038732001339435204	8958	3	>20	0.8606239104020287
ENSMUSG00000043090.19:B1	label_permutation	0.0260820815545369	0.3812431842966194	4584	1	6-10	0.8802533382017219
ENSMUSG00000045515.5:B1	label_permutation	5.0070047942116317e-39	0.17942328230687077	5617	7	>20	0.8660184484869279
ENSMUSG00000048249.15:B1	label_permutation	5.403848774316205e-84	0.023609555804404627	10715	6	>20	0.8606239104020287
ENSMUSG00000051149.16:B1	label_permutation	0.2650704906969673	0.9169683804006759	4142	9	>20	0.986558750663308
ENSMUSG00000053119.12:B1	label_permutation	0.1089376078940014	0.6704753534021827	13652	5	>20	0.9110999233898707
ENSMUSG00000055409.15:B1	label_permutation	0.0893267204554745	0.49438509997261026	7301	2	11-20	0.8921327130306684
ENSMUSG00000057691.9:B1	label_permutation	0.0353674967454627	0.552740261189865	8958	3	>20	0.8956389798674386
ENSMUSG00000059851.16:B1	label_permutation	1.5462487781261947e-24	0.2628099173553719	1209	8	11-20	0.8750110119110907
ENSMUSG00000062098.12:B1	label_permutation	1.7039426313927693e-36	0.12524719841793014	13652	5	>20	0.8606239104020287
ENSMUSG00000066043.14:B1	label_permutation	0.0006516948895934	0.457523987830564	4272	4	11-20	0.8895566450977648
ENSMUSG00000070304.13:B1	label_permutation	1.0	1.0	13652	5	>20	1.0
ENSMUSG00000098202.3:B1	label_permutation	1.6954470703342257e-15	0.6290322580645161	867	15	>20	0.9037363545202307
ENSMUSG00000017119.21:B2	label_permutation	2.3388891711710153e-214	0.007258285401259929	7301	2	11-20	0.8606239104020287
ENSMUSG00000017119.21:B4	label_permutation	0.3627447850403865	0.8206497552291945	2246	5	11-20	0.9509365668344487
ENSMUSG00000017119.21:B5	label_permutation	0.3067405290387059	0.79884290164664	2246	5	11-20	0.9417705743754179
ENSMUSG00000030016.15:B1	label_permutation	2.858670166133519e-21	0.416035470164419	5412	12	>20	0.8802533382017219
ENSMUSG00000030016.15:B2	label_permutation	5.83541412010241e-37	0.10432997387084733	10715	6	>20	0.8606239104020287
ENSMUSG00000030016.15:B3	label_permutation	2.6136669185247807e-49	0.30879199428162973	1398	24	>20	0.8768883635306256
ENSMUSG00000030016.15:B4	label_permutation	1.443695244385278e-38	0.3319452706722189	1680	18	>20	0.8768883635306256
ENSMUSG00000004980.17:B1	label_permutation	1.0314743184730502e-08	0.677052127022169	1668	14	>20	0.9110999233898707
ENSMUSG00000004980.17:B2	label_permutation	0.0001612368426641	0.5300818796724813	5617	7	>20	0.894080632179703
ENSMUSG00000004980.17:B3	label_permutation	6.151011414974569e-07	0.44339622641509435	5617	7	>20	0.8834484441381291
ENSMUSG00000021488.9:B1	label_permutation	7.26083565553468e-94	0.029556650246305417	405	22	>20	0.8606239104020287
ENSMUSG00000021488.9:B2	label_permutation	3.934053593742506e-15	0.3988995873452545	1453	11	>20	0.8802533382017219
ENSMUSG00000021488.9:B3	label_permutation	3.616987517674757e-66	0.28804347826086957	183	33	>20	0.8750110119110907
ENSMUSG00000027646.16:B2	label_permutation	0.2189760249211009	0.6332607116920842	2753	2	6-10	0.903855163864902
ENSMUSG00000031918.17:B1	label_permutation	2.8211635341553047e-41	0.16843288375080281	6227	10	>20	0.8660184484869279
ENSMUSG00000031918.17:B2	label_permutation	1.2814452722134862e-06	0.34512561341829634	13652	5	>20	0.8777499279143155
ENSMUSG00000031918.17:B3	label_permutation	1.7750515392566357e-35	0.13037427671574012	13652	5	>20	0.8606239104020287
ENSMUSG00000040964.17:B2	label_permutation	2.1366712929048843e-34	0.2176931292274831	5617	7	>20	0.8674506604704691
ENSMUSG00000040964.17:B3	label_permutation	0.3855500186771433	0.9006763972944108	5617	7	>20	0.9788947250067759
ENSMUSG00000078812.11:B2	label_permutation	3.5902929800924347e-06	0.25453885257806824	2753	2	6-10	0.8703183612295037
ENSMUSG00000021451.17:B1	label_permutation	0.2230664275912997	0.5968227882771844	7301	2	11-20	0.903460907270032
ENSMUSG00000021451.17:B2	label_permutation	0.4543138497500226	0.7076347691514058	7753	1	11-20	0.9209703598512649
ENSMUSG00000024431.16:B1	label_permutation	8.048280933348973e-18	0.3508911944666135	7517	8	>20	0.87970420814686
ENSMUSG00000024431.16:B2	label_permutation	1.0694117235314608e-06	0.34218789781889164	11782	4	>20	0.8772378175865799
ENSMUSG00000027797.16:B1	label_permutation	3.006899095500854e-12	0.7138607971445569	1680	18	>20	0.9218650638987467
ENSMUSG00000027797.16:B2	label_permutation	1.0	1.0	281	27	>20	1.0
ENSMUSG00000030101.16:B1	label_permutation	0.0713806087403304	0.633539845540185	11782	4	>20	0.903855163864902
ENSMUSG00000030101.16:B2	label_permutation	2.695191028513387e-09	0.3829787234042553	187	8	6-10	0.8802533382017219
ENSMUSG00000032423.13:B1	label_permutation	1.0	1.0	53	19	11-20	1.0
ENSMUSG00000032423.13:B2	label_permutation	0.0692900783015106	0.6346590492931956	13652	5	>20	0.903855163864902
ENSMUSG00000037426.19:B1	label_permutation	0.0204670945453369	0.5824947343786567	4272	4	11-20	0.8997902400062849
ENSMUSG00000037426.19:B2	label_permutation	0.6063475995771274	0.7975897014516571	7301	2	11-20	0.9415203883172437
ENSMUSG00000041235.13:B1	label_permutation	7.398255584153558e-47	0.06963249516441006	1033	10	11-20	0.8606239104020287
ENSMUSG00000041235.13:B2	label_permutation	0.0004261916503255	0.40060274584216987	8958	3	>20	0.8802533382017219
ENSMUSG00000049583.16:B1	label_permutation	5.844498927916906e-09	0.7674576271186441	1474	16	>20	0.9329062959889604
ENSMUSG00000049583.16:B2	label_permutation	0.0179203368085578	0.7560521415270018	7517	8	>20	0.9300637725810085
ENSMUSG00000062078.16:B1	label_permutation	1.6540880196989808e-14	0.3890662410215483	7517	8	>20	0.8802533382017219
ENSMUSG00000062078.16:B2	label_permutation	2.9109629673288166e-35	0.35322033898305083	1474	16	>20	0.8799180728325002
ENSMUSG00000000305.13:B1	label_permutation	1.0113226128091468e-22	0.283374866500534	5617	7	>20	0.8750110119110907
ENSMUSG00000000881.13:B1	label_permutation	2.0973111847917007e-32	0.10964949503522023	11782	4	>20	0.8606239104020287
ENSMUSG00000002833.12:B1	label_permutation	0.2850580316644721	0.6585023087733387	4980	2	>20	0.9069038962860783
ENSMUSG00000005198.16:B1	label_permutation	7.233539332015362e-43	0.0805337812616648	10715	6	>20	0.8606239104020287
ENSMUSG00000007880.17:B1	label_permutation	0.1366266450766437	0.9243466299862448	1453	11	>20	0.9892864384753952
ENSMUSG00000014592.22:B1	label_permutation	4.296270785482719e-36	0.22519913106444606	4142	9	>20	0.8674506604704691
ENSMUSG00000017760.17:B1	label_permutation	1.6940209394519805e-84	0.012016021361815754	2246	5	11-20	0.8606239104020287
ENSMUSG00000019986.18:B1	label_permutation	8.071449855957492e-26	0.2956005138086063	6227	10	>20	0.8750110119110907
ENSMUSG00000020435.18:B1	label_permutation	0.0006452711470393	0.3521381248745232	4980	2	>20	0.87970420814686
ENSMUSG00000020863.16:B2	label_permutation	5.337305620784208e-05	0.6499312242090785	1453	11	>20	0.9053280185658723
ENSMUSG00000021275.17:B1	label_permutation	0.4264876708839137	0.8279499011206328	13652	5	>20	0.9537706260236939
ENSMUSG00000021983.17:B1	label_permutation	1.3945783507945428e-41	0.08588644657557498	11782	4	>20	0.8606239104020287
ENSMUSG00000022494.16:B1	label_permutation	0.0061784426385823	0.47382520370577075	8958	3	>20	0.8914176034062342
ENSMUSG00000022973.19:B1	label_permutation	6.529081306608731e-40	0.14964086193136472	7517	8	>20	0.8606239104020287
ENSMUSG00000024201.13:B1	label_permutation	0.0037152157417206	0.5106482564942664	4272	4	11-20	0.894080632179703
ENSMUSG00000024735.14:B1	label_permutation	0.1500384843470453	0.6207516993202719	5001	3	11-20	0.9037363545202307
ENSMUSG00000025227.15:B1	label_permutation	0.6759964417387603	0.8353744228066653	4980	2	>20	0.9571860655446038
ENSMUSG00000025793.18:B1	label_permutation	0.1828357702488418	0.7091572604599847	11782	4	>20	0.9212513888388844
ENSMUSG00000026421.15:B1	label_permutation	4.60335174360427e-77	0.07701752427726309	8958	3	>20	0.8606239104020287
ENSMUSG00000026843.16:B1	label_permutation	2.2938033152418573e-08	0.30535517270644147	11782	4	>20	0.8768883635306256
ENSMUSG00000027405.17:B1	label_permutation	0.1020825794650457	0.6287532090635115	8958	3	>20	0.9037363545202307
ENSMUSG00000027977.16:B1	label_permutation	1.5845040368760404e-14	0.1432484250890167	7301	2	11-20	0.8606239104020287
ENSMUSG00000028519.17:B1	label_permutation	1.344831140883447e-61	0.06789716545814106	13652	5	>20	0.8606239104020287
ENSMUSG00000029033.17:B1	label_permutation	0.1572829378422273	0.6951540354748367	11782	4	>20	0.9150593486619103
ENSMUSG00000029471.14:B1	label_permutation	3.988036636264609e-41	0.1628693485226059	5617	7	>20	0.8660184484869279
ENSMUSG00000030058.18:B1	label_permutation	0.0245551138665152	0.5651505163700286	13652	5	>20	0.8997902400062849
ENSMUSG00000030683.12:B1	label_permutation	1.9452660199994443e-31	0.22479382814578344	7517	8	>20	0.8674506604704691
ENSMUSG00000031425.16:B1	label_permutation	0.102984234303418	0.8470337855812716	7517	8	>20	0.9585667932457129
ENSMUSG00000031928.16:B1	label_permutation	0.0002089383333444	0.27018313128707766	7753	1	11-20	0.8750110119110907
ENSMUSG00000032373.16:B1	label_permutation	0.0420554085640933	0.43577102163790743	7301	2	11-20	0.8802533382017219
ENSMUSG00000032855.7:B1	label_permutation	7.211824683967032e-39	0.24896836313617607	1453	11	>20	0.8695150142445928
ENSMUSG00000033819.17:B1	label_permutation	3.2849622454790146e-08	0.24994980927524593	4980	2	>20	0.8695150142445928
ENSMUSG00000034518.15:B1	label_permutation	2.0640046550515e-13	0.2416192820164644	11782	4	>20	0.8674506604704691
ENSMUSG00000035245.13:B1	label_permutation	8.715979981006859e-116	0.001838235294117647	1087	3	6-10	0.8606239104020287
ENSMUSG00000036218.17:B1	label_permutation	0.4624703300468679	0.7131802940417848	7753	1	11-20	0.9216895185571544
ENSMUSG00000037103.9:B1	label_permutation	0.0846840193163859	0.47017045454545453	3519	1	1-5	0.8914176034062342
ENSMUSG00000037907.17:B1	label_permutation	1.0	1.0	4272	4	11-20	1.0
ENSMUSG00000038481.14:B1	label_permutation	0.3622824477540856	0.7261029411764706	1087	3	6-10	0.9249658667442068
ENSMUSG00000039220.17:B1	label_permutation	1.35803826035214e-23	0.10146862483311081	2246	5	11-20	0.8606239104020287
ENSMUSG00000040033.17:B1	label_permutation	0.7184614204040078	0.900449800560129	11782	4	>20	0.9788947250067759
ENSMUSG00000040857.16:B1	label_permutation	0.0182259155163681	0.4312888198757764	2575	1	>20	0.8802533382017219
ENSMUSG00000041923.16:B1	label_permutation	0.0015393251944092	0.4318562339546824	8958	3	>20	0.8802533382017219
ENSMUSG00000043154.16:B1	label_permutation	1.0	1.0	4272	4	11-20	1.0
ENSMUSG00000048251.16:B1	label_permutation	3.335542175015027e-05	0.49946600213599146	5617	7	>20	0.8921327130306684
ENSMUSG00000051177.17:B1	label_permutation	2.021501753555817e-39	0.18368657675016056	6227	10	>20	0.8660184484869279
ENSMUSG00000053199.14:B1	label_permutation	1.2265755742537305e-65	0.03963820164937484	7517	8	>20	0.8606239104020287
ENSMUSG00000055421.9:B1	label_permutation	1.6344679792198906e-05	0.9474313022700119	836	20	>20	0.9991689088672994
ENSMUSG00000057715.14:B1	label_permutation	2.4631578771737355e-63	0.043761638733705775	7517	8	>20	0.8606239104020287
ENSMUSG00000059857.16:B1	label_permutation	1.0485055820987274e-43	0.48148148148148145	53	19	11-20	0.8914176034062342
ENSMUSG00000062115.16:B1	label_permutation	9.281466243379756e-24	0.4547633313361294	1668	14	>20	0.8893579945608221
ENSMUSG00000066129.18:B1	label_permutation	9.983613517936551e-15	0.39126237026309435	4142	9	>20	0.8802533382017219
ENSMUSG00000070366.6:B1	label_permutation	0.9355292776428588	0.9523809523809523	2246	5	11-20	0.9991689088672994
ENSMUSG00000087038.11:B1	label_permutation	1.0507214341944732e-17	0.20593816274137738	8958	3	>20	0.8674506604704691
ENSMUSG00000019558.15:B2	label_permutation	1.2128938312003047e-11	0.2955393803658081	10715	6	>20	0.8750110119110907
ENSMUSG00000019558.15:B3	label_permutation	0.0423191147045991	0.6835572974990668	10715	6	>20	0.9111216921958705
ENSMUSG00000019558.15:B4	label_permutation	2.074690426836716e-09	0.7472527472527473	818	12	11-20	0.9294938936918066
ENSMUSG00000030067.18:B1	label_permutation	1.0	1.0	126	16	11-20	1.0
ENSMUSG00000030067.18:B2	label_permutation	6.978173510620143e-39	0.15722266560255388	7517	8	>20	0.8606239104020287
ENSMUSG00000030067.18:B3	label_permutation	1.4033434175902047e-06	0.5252726789039638	7517	8	>20	0.894080632179703
ENSMUSG00000030067.18:B5	label_permutation	1.162173689156577e-16	0.23926838372527062	10715	6	>20	0.8674506604704691
ENSMUSG00000005069.13:B1	label_permutation	1.2946982087551798e-05	0.2931985294117647	1087	3	6-10	0.8750110119110907
ENSMUSG00000005069.13:B2	label_permutation	1.3037416299130348e-10	0.12926652142338416	2753	2	6-10	0.8606239104020287
ENSMUSG00000005069.13:B3	label_permutation	0.2834391609729103	0.6113413304252999	4584	1	6-10	0.9036329068266031
ENSMUSG00000021668.16:B1	label_permutation	2.1244240659488256e-24	0.09434801958166444	2246	5	11-20	0.8606239104020287
ENSMUSG00000021668.16:B2	label_permutation	7.472348107896138e-51	0.035783365570599614	1033	10	11-20	0.8606239104020287
ENSMUSG00000021668.16:B3	label_permutation	5.0402606285395405e-22	0.11793502447708056	2246	5	11-20	0.8606239104020287
ENSMUSG00000027651.17:B2	label_permutation	0.251163267583421	0.5836423118865867	4584	1	6-10	0.8997902400062849
ENSMUSG00000027651.17:B3	label_permutation	1.1072822588145328e-116	0.02682660850599782	4584	1	6-10	0.8606239104020287
ENSMUSG00000031959.16:B1	label_permutation	1.3358690389896543e-27	0.15733482642777155	10715	6	>20	0.8606239104020287
ENSMUSG00000031959.16:B2	label_permutation	0.0262950356733023	0.5346578859247684	8958	3	>20	0.894080632179703
ENSMUSG00000031959.16:B3	label_permutation	1.2071502267339504e-15	0.2184395579863824	8958	3	>20	0.8674506604704691
ENSMUSG00000041119.13:B1	label_permutation	1.8569193450251696e-16	0.9333333333333333	14	23	>20	0.9936155119413573
ENSMUSG00000041119.13:B5	label_permutation	0.078411930115973	0.725177304964539	10715	6	>20	0.9249224473738521
ENSMUSG00000041119.13:B6	label_permutation	1.2113820325401123e-43	0.18510992056161094	5412	12	>20	0.8660184484869279
ENSMUSG00000084925.9:B2	label_permutation	0.9697965724362332	0.974730828389365	13652	5	>20	1.0
ENSMUSG00000084925.9:B3	label_permutation	0.969796738872698	0.974730828389365	13652	5	>20	1.0
ENSMUSG00000021684.18:B1	label_permutation	0.0642258109042528	0.4672692413037524	7301	2	11-20	0.8909240434531454
ENSMUSG00000021684.18:B4	label_permutation	0.1482224403398727	0.49161722981686873	7753	1	11-20	0.8914176034062342
ENSMUSG00000024456.17:B1	label_permutation	1.2183349705034345e-23	0.3027079303675048	1033	10	11-20	0.8768883635306256
ENSMUSG00000024456.17:B2	label_permutation	0.163733856472192	0.7343124165554072	2246	5	11-20	0.92506913456968
ENSMUSG00000027827.18:B1	label_permutation	0.0197848335716691	0.3894823336072309	7301	2	11-20	0.8802533382017219
ENSMUSG00000027827.18:B2	label_permutation	0.3100391935868406	0.6189063709053392	7753	1	11-20	0.9037363545202307
ENSMUSG00000037503.13:B2	label_permutation	0.0027424269630694	0.47403501062037645	13652	5	>20	0.8914176034062342
ENSMUSG00000041353.13:B1	label_permutation	0.4378027682650582	0.9380154296355414	7517	8	>20	0.9952457812611201
ENSMUSG00000041353.13:B2	label_permutation	0.0183213533598025	0.5581770347110243	11782	4	>20	0.8956389798674386
ENSMUSG00000049676.15:B1	label_permutation	0.8144278384455843	0.9167158889545186	1692	2	1-5	0.9865232770501932
ENSMUSG00000049676.15:B2	label_permutation	5.8114840606366386e-40	0.060511363636363634	3519	1	1-5	0.8606239104020287
ENSMUSG00000062169.14:B1	label_permutation	0.2927663515646371	0.6409202958093673	7301	2	11-20	0.9050223671739888
ENSMUSG00000062169.14:B2	label_permutation	3.222598195693063e-15	0.14023555190358805	7301	2	11-20	0.8606239104020287
ENSMUSG00000000308.15:B1	label_permutation	0.5504920165931125	0.7622682660850599	4584	1	6-10	0.9316868303503292
ENSMUSG00000001036.18:B1	label_permutation	0.0002161705952917	0.4768570362075401	10715	6	>20	0.8914176034062342
ENSMUSG00000002963.18:B1	label_permutation	0.0911789050717831	0.5370407548685003	4980	2	>20	0.894080632179703
ENSMUSG00000005225.16:B1	label_permutation	1.826152192762644e-75	0.015211794991809033	4272	4	11-20	0.8606239104020287
ENSMUSG00000008036.12:B1	label_permutation	0.3169058035995608	0.622646376063967	7753	1	11-20	0.9037363545202307
ENSMUSG00000014668.16:B1	label_permutation	1.605156527877724e-14	0.2630645763344532	10715	6	>20	0.8750110119110907
ENSMUSG00000017781.18:B1	label_permutation	0.0002007106922273	0.6498357963875205	2435	6	11-20	0.9053280185658723
ENSMUSG00000019996.18:B1	label_permutation	1.4011395054992603e-19	0.2129525942515864	10715	6	>20	0.8674506604704691
ENSMUSG00000020448.17:B1	label_permutation	0.3233162504041574	0.7697530340320801	11782	4	>20	0.933502867530847
ENSMUSG00000020894.17:B1	label_permutation	1.2652115850754529e-13	0.43625561978163135	6227	10	>20	0.8802533382017219
ENSMUSG00000021277.17:B1	label_permutation	0.0139350971206941	0.4398240703718513	5001	3	11-20	0.8820032897149038
ENSMUSG00000021991.10:B1	label_permutation	3.638731958137014e-36	0.12909054406745635	4980	2	>20	0.8606239104020287
ENSMUSG00000022498.17:B1	label_permutation	0.0977609191741332	0.6838286917856307	4272	4	11-20	0.9111216921958705
ENSMUSG00000022983.17:B1	label_permutation	4.331944591336458e-07	0.3334464907069507	11782	4	>20	0.8768883635306256
ENSMUSG00000024213.15:B1	label_permutation	8.87424965710852e-29	0.21314102564102563	623	9	11-20	0.8674506604704691
ENSMUSG00000024736.16:B1	label_permutation	0.2963173920288137	0.7133146741303479	5001	3	11-20	0.9216895185571544
ENSMUSG00000025228.6:B1	label_permutation	1.333793853424459e-90	0.007120605251446373	2246	5	11-20	0.8606239104020287
ENSMUSG00000025855.14:B1	label_permutation	0.0255402426782911	0.5675675675675675	13652	5	>20	0.8997902400062849
ENSMUSG00000026425.16:B1	label_permutation	8.555521999941449e-39	0.11345491833296711	13652	5	>20	0.8606239104020287
ENSMUSG00000026854.17:B1	label_permutation	0.1085239682319726	0.9547385922778496	5412	12	>20	1.0
ENSMUSG00000027406.14:B1	label_permutation	7.006442005733492e-19	0.20283459220911482	11782	4	>20	0.8674506604704691
ENSMUSG00000027981.15:B1	label_permutation	0.5759476166972259	0.9348522605909576	5617	7	>20	0.9936155119413573
ENSMUSG00000028524.22:B1	label_permutation	0.0039519495655563	0.4861202666080715	13652	5	>20	0.8914176034062342
ENSMUSG00000029034.10:B1	label_permutation	1.0653060491188375e-26	0.08230621747466448	7301	2	11-20	0.8606239104020287
ENSMUSG00000029486.15:B1	label_permutation	0.0002421342343311	0.42196384621912925	11782	4	>20	0.8802533382017219
ENSMUSG00000030091.18:B1	label_permutation	0.0016941592851869	0.4359861591695502	8958	3	>20	0.8802533382017219
ENSMUSG00000030691.16:B1	label_permutation	3.847914162535018e-69	0.0499637943519189	4142	9	>20	0.8606239104020287
ENSMUSG00000031428.12:B1	label_permutation	6.548077733517561e-12	0.29152668906308327	10715	6	>20	0.8750110119110907
ENSMUSG00000031955.11:B1	label_permutation	1.6122350442849365e-07	0.24335499113998818	1692	2	1-5	0.8674506604704691
ENSMUSG00000032376.13:B1	label_permutation	0.0352859169229983	0.3656177456796492	7753	1	11-20	0.8799716412619639
ENSMUSG00000032875.9:B1	label_permutation	4.4264857381412266e-48	0.11249555001779993	5617	7	>20	0.8606239104020287
ENSMUSG00000033871.15:B1	label_permutation	0.5493561291299263	0.8502079266740219	11782	4	>20	0.9595264747546596
ENSMUSG00000034543.16:B1	label_permutation	0.1619064680048992	0.5058034562806294	7753	1	11-20	0.894080632179703
ENSMUSG00000035248.10:B1	label_permutation	2.379404251236561e-06	0.35259649893796235	13652	5	>20	0.87970420814686
ENSMUSG00000036256.14:B1	label_permutation	0.0870002365802695	0.48011363636363635	3519	1	1-5	0.8914176034062342
ENSMUSG00000037110.21:B1	label_permutation	0.0034219169273271	0.457193883245898	8958	3	>20	0.8895566450977648
ENSMUSG00000037933.17:B1	label_permutation	3.169952367939277e-07	0.3315754779169413	13652	5	>20	0.8768883635306256
ENSMUSG00000038485.7:B1	label_permutation	0.0005667366072208	0.4400407366545023	11782	4	>20	0.8820441884591138
ENSMUSG00000039234.12:B1	label_permutation	0.902008900854112	0.9636120102690032	8958	3	>20	1.0
ENSMUSG00000040037.14:B1	label_permutation	3.927369179346725e-29	0.3207094032883798	5412	12	>20	0.8768883635306256
ENSMUSG00000040907.16:B1	label_permutation	0.2382906741939605	0.9269428387925498	6227	10	>20	0.9909207451420301
ENSMUSG00000041936.19:B2	label_permutation	1.6429582801519078e-39	0.31528851873884595	1680	18	>20	0.8768883635306256
ENSMUSG00000043259.16:B1	label_permutation	0.5692547121548416	0.7773212818405916	7301	2	11-20	0.9354869458056242
ENSMUSG00000045636.17:B1	label_permutation	5.122064560045392e-06	0.2696022727272727	3519	1	1-5	0.8750110119110907
ENSMUSG00000048264.17:B1	label_permutation	0.9726241057201526	0.9848197343453511	8958	3	>20	1.0
ENSMUSG00000051223.15:B1	label_permutation	0.5625846374287067	0.8538572519731817	11782	4	>20	0.9617601205569994
ENSMUSG00000053333.16:B1	label_permutation	0.2204957137464571	0.5570028372452928	7753	1	11-20	0.8956389798674386
ENSMUSG00000055436.19:B1	label_permutation	1.1290537089926061e-21	0.32150615496017376	4142	9	>20	0.8768883635306256
ENSMUSG00000057716.8:B1	label_permutation	7.885163106429015e-05	0.6478805394990366	6227	10	>20	0.9053280185658723
ENSMUSG00000059890.17:B1	label_permutation	0.6959496318855058	0.8481238016981649	7301	2	11-20	0.958737813967124
ENSMUSG00000062151.14:B1	label_permutation	0.0287399318591554	0.5737200615249396	13652	5	>20	0.8997902400062849
ENSMUSG00000066151.13:B1	label_permutation	4.987550171280779e-51	0.20582986317668056	1680	18	>20	0.8674506604704691
ENSMUSG00000070509.16:B1	label_permutation	0.0005785011572047	0.4079696394686907	8958	3	>20	0.8802533382017219
ENSMUSG00000087203.9:B1	label_permutation	0.1608509424180441	0.5197382769901854	4584	1	6-10	0.894080632179703
ENSMUSG00000024163.18:B1	label_permutation	1.0368161748149414e-69	0.07092198581560284	281	27	>20	0.8606239104020287
ENSMUSG00000024163.18:B2	label_permutation	3.1207011277416815e-07	0.5273956070480328	4142	9	>20	0.894080632179703
ENSMUSG00000024163.18:B3	label_permutation	1.3212946245182947e-40	0.18223509534153995	4142	9	>20	0.8660184484869279
ENSMUSG00000024163.18:B4	label_permutation	3.3206076609296216e-78	0.07079119571683522	1680	18	>20	0.8606239104020287
ENSMUSG00000024163.18:B5	label_permutation	1.915941502162236e-33	0.24450881004103306	4142	9	>20	0.8674506604704691
ENSMUSG00000024163.18:B6	label_permutation	0.0048934548678514	0.7381124788800386	4142	9	>20	0.9263444964136652
ENSMUSG00000001419.18:B1	label_permutation	1.496507889622137e-23	0.18309070548712206	10715	6	>20	0.8660184484869279
ENSMUSG00000001419.18:B2	label_permutation	9.17407265604708e-24	0.18150429264650988	10715	6	>20	0.8660184484869279
ENSMUSG00000001419.18:B3	label_permutation	3.64701684376059e-47	0.06672265770810004	10715	6	>20	0.8606239104020287
ENSMUSG00000018412.17:B1	label_permutation	0.1057106500301547	0.9541843709588029	5412	12	>20	1.0
ENSMUSG00000018412.17:B2	label_permutation	0.0016601933604916	0.5281821575214632	10715	6	>20	0.894080632179703
ENSMUSG00000018412.17:B3	label_permutation	0.2974954215612546	0.8396789846957821	10715	6	>20	0.9572107328688597
ENSMUSG00000024392.18:B1	label_permutation	0.1954024287077686	0.7273859225078737	13652	5	>20	0.9249658667442068
ENSMUSG00000024392.18:B2	label_permutation	0.3651901525807753	0.8059034644400498	13652	5	>20	0.9444075918433388
ENSMUSG00000024392.18:B7	label_permutation	8.381342133346942e-06	0.6051701991008349	6227	10	>20	0.903460907270032
ENSMUSG00000029420.15:B1	label_permutation	6.3923399087066074e-34	0.316956261234272	1668	14	>20	0.8768883635306256
ENSMUSG00000029420.15:B3	label_permutation	3.578604390770833e-06	0.4651121395514418	5617	7	>20	0.8898393180670646
ENSMUSG00000029420.15:B6	label_permutation	1.149141231737271e-05	0.48024207903168387	5617	7	>20	0.8914176034062342
ENSMUSG00000036712.16:B1	label_permutation	1.0	1.0	6227	10	>20	1.0
ENSMUSG00000036712.16:B2	label_permutation	1.0885793828020564e-73	0.03644829800899165	6227	10	>20	0.8606239104020287
ENSMUSG00000036712.16:B3	label_permutation	1.0	1.0	13652	5	>20	1.0
ENSMUSG00000053819.17:B1	label_permutation	5.023634521740121e-35	0.2590060964345095	5412	12	>20	0.8731983476194191
ENSMUSG00000053819.17:B2	label_permutation	0.0375810078747152	0.5956887040651786	11782	4	>20	0.903460907270032
ENSMUSG00000053819.17:B3	label_permutation	0.1578149518816258	0.6958329797165408	11782	4	>20	0.9150593486619103
ENSMUSG00000004347.18:B1	label_permutation	1.0	1.0	165	6	1-5	1.0
ENSMUSG00000004347.18:B2	label_permutation	1.1987582304700946e-14	0.1407766990291262	205	4	1-5	0.8606239104020287
ENSMUSG00000019990.16:B2	label_permutation	5.302628317216983e-05	0.2705256940342587	1692	2	1-5	0.8750110119110907
ENSMUSG00000022800.15:B1	label_permutation	8.331680360437337e-34	0.0387409200968523	825	4	6-10	0.8606239104020287
ENSMUSG00000022800.15:B3	label_permutation	0.8745299486693521	0.9374144070117776	7301	2	11-20	0.9952022969744554
ENSMUSG00000026469.15:B1	label_permutation	0.0004342013246364	0.6859344894026975	6227	10	>20	0.9120343129152756
ENSMUSG00000026469.15:B2	label_permutation	0.0001834590285717	0.4128762909250714	13652	5	>20	0.8802533382017219
ENSMUSG00000028759.14:B1	label_permutation	0.0028517603585151	0.8472196563827822	5412	12	>20	0.9585667932457129
ENSMUSG00000028759.14:B2	label_permutation	2.166152643986679e-115	0.009891750653228816	10715	6	>20	0.8606239104020287
ENSMUSG00000031337.17:B1	label_permutation	2.461490524803804e-18	0.22454844006568145	2435	6	11-20	0.8674506604704691
ENSMUSG00000034210.15:B1	label_permutation	7.87800449530047e-06	0.22267871815940837	7301	2	11-20	0.8674506604704691
ENSMUSG00000034210.15:B2	label_permutation	9.916227464682666e-62	0.11968016507608976	7753	1	11-20	0.8606239104020287
ENSMUSG00000039219.19:B1	label_permutation	0.0001026927667596	0.5190459238163048	5617	7	>20	0.894080632179703
ENSMUSG00000039219.19:B4	label_permutation	8.500942991874724e-07	0.7291791491911325	1668	14	>20	0.9249658667442068
ENSMUSG00000043051.18:B1	label_permutation	0.8192232467878386	0.9349257729657328	8958	3	>20	0.9936155119413573
ENSMUSG00000055447.20:B1	label_permutation	4.209849052282742e-45	0.22049131216297185	1668	14	>20	0.8674506604704691
ENSMUSG00000055447.20:B4	label_permutation	3.4859638928521854e-44	0.13705945176219295	5617	7	>20	0.8606239104020287
ENSMUSG00000079056.13:B1	label_permutation	1.2440014002894636e-29	0.239292364990689	7517	8	>20	0.8674506604704691
ENSMUSG00000079056.13:B2	label_permutation	0.46677029540941	0.8216922685224476	11782	4	>20	0.9512326261565892
ENSMUSG00000001768.17:B1	label_permutation	5.802062709752697e-44	0.07642777155655095	10715	6	>20	0.8606239104020287
ENSMUSG00000004071.14:B1	label_permutation	0.6494732171522607	0.8209956151663658	7753	1	11-20	0.9509365668344487
ENSMUSG00000006304.15:B1	label_permutation	1.2984992637244963e-69	0.06212175151299395	5617	7	>20	0.8606239104020287
ENSMUSG00000010154.8:B1	label_permutation	0.1324695989809472	0.5665529010238908	4980	2	>20	0.8997902400062849
ENSMUSG00000016179.12:B1	label_permutation	2.0266097025492583e-35	0.1292554972653198	8958	3	>20	0.8606239104020287
ENSMUSG00000018995.13:B1	label_permutation	0.6733244379582168	0.9022192924631949	13652	5	>20	0.9798389319307873
ENSMUSG00000020184.16:B1	label_permutation	0.8704072634998854	0.9491686808759979	13652	5	>20	0.9991689088672994
ENSMUSG00000020627.11:B1	label_permutation	0.0427796022850651	0.6257898432014978	4272	4	11-20	0.9037363545202307
ENSMUSG00000021090.17:B1	label_permutation	0.0001093936408286	0.4196115141586707	4272	4	11-20	0.8802533382017219
ENSMUSG00000021687.15:B1	label_permutation	0.0008983627277567	0.756198347107438	1209	8	11-20	0.9300637725810085
ENSMUSG00000022263.11:B1	label_permutation	2.244054507925545e-67	0.03777600425645118	7517	8	>20	0.8606239104020287
ENSMUSG00000022701.19:B1	label_permutation	0.0325414377275234	0.5477173791717825	8958	3	>20	0.894080632179703
ENSMUSG00000023868.18:B1	label_permutation	5.780481684327916e-36	0.4778972520908005	836	20	>20	0.8914176034062342
ENSMUSG00000024462.18:B1	label_permutation	7.135587920797629e-61	0.3110236220472441	253	30	>20	0.8768883635306256
ENSMUSG00000024949.18:B1	label_permutation	0.0126945609409749	0.5317512634585805	13652	5	>20	0.894080632179703
ENSMUSG00000025425.19:B1	label_permutation	0.1315203908454106	0.6543140975555307	8958	3	>20	0.9061423902178698
ENSMUSG00000026131.21:B1	label_permutation	1.0	1.0	2	53	>20	1.0
ENSMUSG00000026623.17:B1	label_permutation	0.6828074789791796	0.9347704367301232	10715	6	>20	0.9936155119413573
ENSMUSG00000027018.12:B1	label_permutation	0.4979673105123724	0.7414772727272727	3519	1	1-5	0.9284035186765294
ENSMUSG00000027663.13:B1	label_permutation	0.0005415245574343	0.32926829268292684	5001	3	11-20	0.8768883635306256
ENSMUSG00000028184.13:B1	label_permutation	4.564581785939668e-38	0.31254237288135595	1474	16	>20	0.8768883635306256
ENSMUSG00000028797.21:B1	label_permutation	1.4389718563545264e-06	0.2744428829552299	4980	2	>20	0.8750110119110907
ENSMUSG00000029190.20:B1	label_permutation	0.0010659152237046	0.4481798872042774	13652	5	>20	0.8879878932267626
ENSMUSG00000029705.18:B1	label_permutation	0.5427044206844367	0.8648648648648649	13652	5	>20	0.9635614497117158
ENSMUSG00000030302.18:B1	label_permutation	8.694807271967063e-12	0.5497875484943654	5412	12	>20	0.894080632179703
ENSMUSG00000031028.15:B1	label_permutation	9.258984923902748e-17	0.23137771918259722	13652	5	>20	0.8674506604704691
ENSMUSG00000031668.15:B1	label_permutation	4.1496864371538473e-19	0.1965468781369203	4980	2	>20	0.8674506604704691
ENSMUSG00000032131.17:B1	label_permutation	0.5718688481316634	0.7902027705280065	4980	2	>20	0.9402094918593754
ENSMUSG00000032547.13:B1	label_permutation	0.228516400691092	0.7323262327081388	11782	4	>20	0.9249786649214097
ENSMUSG00000033287.18:B1	label_permutation	0.0102563153166108	0.3582580115036976	7301	2	11-20	0.8799716412619639
ENSMUSG00000034145.15:B1	label_permutation	2.845430589560412e-52	0.17974835230677053	1668	14	>20	0.8660184484869279
ENSMUSG00000034858.17:B1	label_permutation	0.000531257455704	0.3282686925229908	5001	3	11-20	0.8768883635306256
ENSMUSG00000035713.16:B1	label_permutation	0.793325093532609	0.902759865875677	7753	1	11-20	0.9801891368072705
ENSMUSG00000036606.18:B1	label_permutation	1.865013903391673e-32	0.1094797589747942	11782	4	>20	0.8606239104020287
ENSMUSG00000037428.15:B1	label_permutation	0.4678212222990661	0.8415000366219878	13652	5	>20	0.9574839120288523
ENSMUSG00000038172.15:B1	label_permutation	5.841726907278947e-32	0.2426140012845215	6227	10	>20	0.8674506604704691
ENSMUSG00000038738.16:B1	label_permutation	5.436619518075715e-44	0.182154073526695	5412	12	>20	0.8660184484869279
ENSMUSG00000040481.18:B1	label_permutation	1.869442733462872e-37	0.265474552957359	1453	11	>20	0.8750110119110907
ENSMUSG00000041324.15:B1	label_permutation	4.12279085885141e-38	0.0918272086904863	11782	4	>20	0.8606239104020287
ENSMUSG00000042404.17:B1	label_permutation	2.278189240858376e-82	0.045704240826192045	13652	5	>20	0.8606239104020287
ENSMUSG00000044365.16:B1	label_permutation	0.550500569725057	0.7678718159408381	7301	2	11-20	0.9331573663705046
ENSMUSG00000047126.18:B1	label_permutation	8.627768557486871e-24	0.29276403298749665	7517	8	>20	0.8750110119110907
ENSMUSG00000049556.6:B1	label_permutation	3.4940347086722078e-59	0.14499700419412823	1668	14	>20	0.8606239104020287
ENSMUSG00000052372.11:B1	label_permutation	0.1589215215458429	0.6728429512222346	8958	3	>20	0.9110999233898707
ENSMUSG00000054428.13:B1	label_permutation	3.2765131475482305e-20	0.10955902492467817	7301	2	11-20	0.8606239104020287
ENSMUSG00000056602.14:B1	label_permutation	1.9572351567675472e-48	0.10523775042239923	4142	9	>20	0.8606239104020287
ENSMUSG00000058690.15:B1	label_permutation	0.8466846731320182	0.9437486266754559	13652	5	>20	0.9977857387171685
ENSMUSG00000061080.12:B1	label_permutation	5.731366932115647e-10	0.44745943069965416	7517	8	>20	0.8874151286691287
ENSMUSG00000063334.17:B1	label_permutation	0.8774835608477676	0.9435130255352077	7753	1	11-20	0.9977857387171685
ENSMUSG00000068566.14:B1	label_permutation	1.917288573466176e-67	0.08416117870298025	8958	3	>20	0.8606239104020287
ENSMUSG00000072704.7:B1	label_permutation	1.3589530757098362e-124	0.007625272331154684	2753	2	6-10	0.8606239104020287
ENSMUSG00000084883.3:B1	label_permutation	0.531659815741156	0.7684659090909091	3519	1	1-5	0.9333745393120393
ENSMUSG00000091908.8:B1	label_permutation	0.0678767560542888	0.6305694644827293	11782	4	>20	0.9037363545202307
ENSMUSG00000112964.3:B1	label_permutation	0.0392082963825646	0.5441176470588235	1087	3	6-10	0.894080632179703
ENSMUSG00000020530.15:B1	label_permutation	3.3367927773207875e-19	0.4435617956770737	5412	12	>20	0.8834484441381291
ENSMUSG00000020530.15:B2	label_permutation	6.611905371417955e-15	0.25727883538633817	10715	6	>20	0.8724251253863782
ENSMUSG00000020530.15:B3	label_permutation	1.0642077339263186e-11	0.29497946995147445	10715	6	>20	0.8750110119110907
ENSMUSG00000020530.15:B5	label_permutation	0.0428188776651791	0.6844904815229563	10715	6	>20	0.9111216921958705
ENSMUSG00000030616.17:B1	label_permutation	4.868554890845327e-12	0.41673317371641394	7517	8	>20	0.8802533382017219
ENSMUSG00000030616.17:B2	label_permutation	1.3014117331865034e-38	0.09021471611643894	11782	4	>20	0.8606239104020287
ENSMUSG00000030616.17:B3	label_permutation	1.858899683577058e-07	0.32385640329287957	11782	4	>20	0.8768883635306256
ENSMUSG00000030616.17:B4	label_permutation	2.8996325210437996e-12	0.2542646185182042	11782	4	>20	0.8703183612295037
ENSMUSG00000005417.18:B1	label_permutation	1.6537189866192682e-08	0.5256904303147077	6227	10	>20	0.894080632179703
ENSMUSG00000005417.18:B2	label_permutation	1.6194951485418254e-120	0.00449582530507386	6227	10	>20	0.8606239104020287
ENSMUSG00000005417.18:B3	label_permutation	2.3131151851333624e-08	0.5297045600513809	6227	10	>20	0.894080632179703
ENSMUSG00000021709.15:B1	label_permutation	2.5589540525434656e-31	0.2253384912959381	1033	10	11-20	0.8674506604704691
ENSMUSG00000021709.15:B2	label_permutation	8.007401628905358e-18	0.5915841584158416	403	15	11-20	0.903460907270032
ENSMUSG00000021709.15:B3	label_permutation	7.734436682306226e-48	0.061895551257253385	1033	10	11-20	0.8606239104020287
ENSMUSG00000027665.14:B1	label_permutation	2.2121311747713585e-49	0.13837058932200258	5412	12	>20	0.8606239104020287
ENSMUSG00000027665.14:B2	label_permutation	3.535880124153933e-56	0.047219111608809254	10715	6	>20	0.8606239104020287
ENSMUSG00000027665.14:B3	label_permutation	5.7731887673242575e-56	0.04740574841358716	10715	6	>20	0.8606239104020287
ENSMUSG00000032217.14:B1	label_permutation	0.0143417567261951	0.547398794873971	11782	4	>20	0.894080632179703
ENSMUSG00000032217.14:B2	label_permutation	0.2037574021739637	0.6151375225858261	4980	2	>20	0.9036329068266031
ENSMUSG00000032217.14:B4	label_permutation	0.005535403718168	0.3993174061433447	4980	2	>20	0.8802533382017219
ENSMUSG00000041328.17:B1	label_permutation	0.5793740664381515	0.8579309174234067	11782	4	>20	0.9625324162842946
ENSMUSG00000041328.17:B2	label_permutation	1.920051250347159e-18	0.200915280723295	8958	3	>20	0.8674506604704691
ENSMUSG00000041328.17:B3	label_permutation	0.0012841997066642	0.824468085106383	187	8	6-10	0.9528479086742151
ENSMUSG00000021699.18:B1	label_permutation	0.0020733856237833	0.4905218815820267	4272	4	11-20	0.8914176034062342
ENSMUSG00000021699.18:B2	label_permutation	0.1063846250925574	0.5112298000547795	7301	2	11-20	0.894080632179703
ENSMUSG00000024500.21:B1	label_permutation	0.0026213008978548	0.7402055234425177	6227	10	>20	0.9281483321290944
ENSMUSG00000024500.21:B2	label_permutation	0.3087404655606571	0.7837105398081008	13652	5	>20	0.9376280815251733
ENSMUSG00000027951.17:B1	label_permutation	4.223208820211476e-35	0.21756583172768143	6227	10	>20	0.8674506604704691
ENSMUSG00000027951.17:B2	label_permutation	0.1422013300968452	0.6948655973046217	13652	5	>20	0.9150593486619103
ENSMUSG00000030172.16:B1	label_permutation	8.470695203677401e-32	0.2432562620423892	6227	10	>20	0.8674506604704691
ENSMUSG00000030172.16:B2	label_permutation	0.1213302163899302	0.6806562660221197	13652	5	>20	0.9110999233898707
ENSMUSG00000032481.18:B1	label_permutation	0.0048038757843196	0.49337142020068847	13652	5	>20	0.8921327130306684
ENSMUSG00000032481.18:B2	label_permutation	2.7194871126273193e-32	0.3870967741935484	867	15	>20	0.8802533382017219
ENSMUSG00000037541.23:B1	label_permutation	1.578010803051398e-35	0.3729922665080309	1680	18	>20	0.8799716412619639
ENSMUSG00000037541.23:B3	label_permutation	0.0007595704214831	0.6799420709630702	4142	9	>20	0.9110999233898707
ENSMUSG00000041488.17:B1	label_permutation	8.167375457648382e-05	0.4030382754816261	11782	4	>20	0.8802533382017219
ENSMUSG00000041488.17:B2	label_permutation	5.6188822027629845e-06	0.2870909455932544	4980	2	>20	0.8750110119110907
ENSMUSG00000049985.16:B1	label_permutation	1.0476592141526335e-10	0.31112355356476296	10715	6	>20	0.8768883635306256
ENSMUSG00000049985.16:B2	label_permutation	8.919790206821452e-12	0.25986590851226343	11782	4	>20	0.8747845639356643
ENSMUSG00000062760.12:B1	label_permutation	0.7895855698305274	0.9438333723379358	4272	4	11-20	0.9977857387171685
ENSMUSG00000062760.12:B2	label_permutation	1.037866873217282e-07	0.5851239669421487	1209	8	11-20	0.9006833472604143
ENSMUSG00000000378.16:B1	label_permutation	4.748968503798701e-09	0.47865353037766833	2435	6	11-20	0.8914176034062342
ENSMUSG00000001062.19:B1	label_permutation	0.7103058376419594	0.8604591178746454	7753	1	11-20	0.962553981941598
ENSMUSG00000003068.18:B1	label_permutation	0.092120181923476	0.43461439257157597	7753	1	11-20	0.8802533382017219
ENSMUSG00000005262.14:B1	label_permutation	0.7990863721898909	0.9322493224932249	13652	5	>20	0.9936155119413573
ENSMUSG00000008140.19:B1	label_permutation	1.7463714348302106e-11	0.23319982198486872	2246	5	11-20	0.8674506604704691
ENSMUSG00000014856.13:B1	label_permutation	0.6788859026370719	0.8252998909487459	4584	1	6-10	0.9534441413685512
ENSMUSG00000017802.15:B1	label_permutation	3.8220224594696836e-15	0.24126565589980223	13652	5	>20	0.8674506604704691
ENSMUSG00000019998.7:B1	label_permutation	1.6266340848411738e-17	0.22669010473888523	13652	5	>20	0.8674506604704691
ENSMUSG00000020456.18:B1	label_permutation	0.0988122032595348	0.6632241998095657	13652	5	>20	0.9084210770936264
ENSMUSG00000020900.16:B1	label_permutation	2.7681233647889965e-52	0.08061790972725079	4142	9	>20	0.8606239104020287
ENSMUSG00000021313.17:B1	label_permutation	4.0664550674816725e-36	0.2039871840512638	5617	7	>20	0.8674506604704691
ENSMUSG00000022000.12:B1	label_permutation	6.816924658684111e-47	0.11827178373159546	4142	9	>20	0.8606239104020287
ENSMUSG00000022994.10:B1	label_permutation	0.1563501442830454	0.49806551457312354	7753	1	11-20	0.8921327130306684
ENSMUSG00000024242.16:B3	label_permutation	1.132530843455974e-78	0.03842601145390726	5412	12	>20	0.8606239104020287
ENSMUSG00000024740.11:B1	label_permutation	2.782621731380477e-07	0.19679539852095315	7301	2	11-20	0.8674506604704691
ENSMUSG00000025234.12:B1	label_permutation	5.215272552417215e-142	0.0010641127959563714	7517	8	>20	0.8606239104020287
ENSMUSG00000025860.16:B1	label_permutation	1.0	1.0	1680	18	>20	1.0
ENSMUSG00000026434.13:B1	label_permutation	0.0052828267053628	0.49674064308210647	13652	5	>20	0.8921327130306684
ENSMUSG00000026858.19:B1	label_permutation	4.0128092892728606e-11	0.26690995501994397	11782	4	>20	0.8750110119110907
ENSMUSG00000027422.16:B1	label_permutation	1.0	1.0	5617	7	>20	1.0
ENSMUSG00000027993.17:B1	label_permutation	2.24298430408072e-26	0.77	199	32	>20	0.933502867530847
ENSMUSG00000029038.10:B1	label_permutation	0.0322265848983557	0.47339891588034533	4980	2	>20	0.8914176034062342
ENSMUSG00000029501.15:B1	label_permutation	0.0828888717153747	0.4290688676811968	7753	1	11-20	0.8802533382017219
ENSMUSG00000030098.16:B1	label_permutation	0.0908021270920837	0.5366392290704678	4980	2	>20	0.894080632179703
ENSMUSG00000030695.17:B1	label_permutation	1.0177524267787304e-56	0.15757938885560216	1668	14	>20	0.8606239104020287
ENSMUSG00000031969.17:B1	label_permutation	0.5408017887670431	0.8832202199859583	4272	4	11-20	0.9709372966283994
ENSMUSG00000032878.17:B1	label_permutation	1.0888289524015529e-58	0.12445189579571835	7753	1	11-20	0.8606239104020287
ENSMUSG00000033883.12:B1	label_permutation	0.816570344532815	0.9163012638638123	7753	1	11-20	0.9863132646237059
ENSMUSG00000034544.18:B1	label_permutation	0.215846785582416	0.5898384004382361	7301	2	11-20	0.9031818431609606
ENSMUSG00000036270.17:B1	label_permutation	0.3744393031377639	0.7499000399840065	5001	3	11-20	0.9299257118344716
ENSMUSG00000037126.17:B1	label_permutation	1.0	1.0	13652	5	>20	1.0
ENSMUSG00000038495.15:B1	label_permutation	1.2441307949493039e-48	0.2640382317801673	836	20	>20	0.8750110119110907
ENSMUSG00000039252.12:B1	label_permutation	0.0066820827119651	0.4338235294117647	1087	3	6-10	0.8802533382017219
ENSMUSG00000040044.12:B1	label_permutation	1.4447593356055071e-11	0.42338387869114125	7517	8	>20	0.8802533382017219
ENSMUSG00000040929.18:B1	label_permutation	1.0	1.0	11782	4	>20	1.0
ENSMUSG00000041949.7:B1	label_permutation	0.8270035884459402	0.9178307313064914	7301	2	11-20	0.9865819668579794
ENSMUSG00000043301.17:B1	label_permutation	4.1940201608396015e-14	0.3942537909018356	7517	8	>20	0.8802533382017219
ENSMUSG00000045671.18:B1	label_permutation	0.0465300086180683	0.493876731580004	4980	2	>20	0.8921327130306684
ENSMUSG00000048271.15:B1	label_permutation	5.123123286064406e-08	0.4861665336525672	7517	8	>20	0.8914176034062342
ENSMUSG00000051323.17:B1	label_permutation	6.645368403114424e-05	0.290483806477409	5001	3	11-20	0.8750110119110907
ENSMUSG00000053390.17:B1	label_permutation	0.9473098945567864	0.972014444157854	7753	1	11-20	1.0
ENSMUSG00000055531.13:B1	label_permutation	0.0001302067213651	0.4074562367245294	13652	5	>20	0.8802533382017219
ENSMUSG00000057880.13:B1	label_permutation	7.888280231514595e-49	0.08203325276496008	13652	5	>20	0.8606239104020287
ENSMUSG00000059921.16:B1	label_permutation	2.504811393733961e-09	0.17666392769104355	7301	2	11-20	0.8660184484869279
ENSMUSG00000062184.12:B1	label_permutation	0.0253982966750336	0.4764094362255098	5001	3	11-20	0.8914176034062342
ENSMUSG00000066191.13:B1	label_permutation	0.4092488618604097	0.6800361103946351	7753	1	11-20	0.9110999233898707
ENSMUSG00000070565.12:B1	label_permutation	0.019944049254403	0.6401642403882045	10715	6	>20	0.9050223671739888
ENSMUSG00000075284.11:B1	label_permutation	1.6787242712278972e-26	0.06621392190152801	588	6	6-10	0.8606239104020287
ENSMUSG00000087231.9:B1	label_permutation	0.0811672976983401	0.6427055928031911	11782	4	>20	0.9050549984678621
ENSMUSG00000100706.8:B1	label_permutation	0.003824963494357	0.3208709942481512	7301	2	11-20	0.8768883635306256
ENSMUSG00000020827.19:B1	label_permutation	2.724871964744319e-26	0.6333095067905646	1398	24	>20	0.903855163864902
ENSMUSG00000020827.19:B2	label_permutation	0.0002314520934904	0.6138600691673317	7517	8	>20	0.9036329068266031
ENSMUSG00000020827.19:B3	label_permutation	0.2056010381898653	0.8895982974195265	7517	8	>20	0.9741370112064653
ENSMUSG00000020827.19:B4	label_permutation	0.0100309903928708	0.7298483639265763	7517	8	>20	0.9249658667442068
ENSMUSG00000030852.19:B1	label_permutation	9.77845197036842e-10	0.4709147960415158	4142	9	>20	0.8914176034062342
ENSMUSG00000030852.19:B2	label_permutation	0.0905437762020021	0.6194887822301596	8958	3	>20	0.9037363545202307
ENSMUSG00000030852.19:B3	label_permutation	0.5066756634323146	0.8293336309856011	8958	3	>20	0.954668375422462
ENSMUSG00000030852.19:B5	label_permutation	0.2922667283528291	0.7438330170777988	8958	3	>20	0.9284035186765294
ENSMUSG00000005580.12:B1	label_permutation	1.651926954667957e-68	0.033407988055244496	10715	6	>20	0.8606239104020287
ENSMUSG00000005580.12:B2	label_permutation	1.814492978821425e-35	0.1292554972653198	8958	3	>20	0.8606239104020287
ENSMUSG00000005580.12:B3	label_permutation	3.036413128443948e-05	0.3547270900770175	8958	3	>20	0.8799716412619639
ENSMUSG00000021819.12:B1	label_permutation	4.98010468225387e-84	0.04074295985620132	1668	14	>20	0.8606239104020287
ENSMUSG00000021819.12:B2	label_permutation	5.268696648370858e-70	0.06212175151299395	5617	7	>20	0.8606239104020287
ENSMUSG00000021819.12:B3	label_permutation	8.621180550154344e-35	0.21448914204343184	5617	7	>20	0.8674506604704691
ENSMUSG00000027669.15:B1	label_permutation	0.0002955888049065	0.26184606956998085	7301	2	11-20	0.8750110119110907
ENSMUSG00000027669.15:B2	label_permutation	0.1379565363571663	0.47846272891410885	7753	1	11-20	0.8914176034062342
ENSMUSG00000027669.15:B3	label_permutation	0.3044147802034751	0.6138767087954604	7753	1	11-20	0.9036329068266031
ENSMUSG00000032366.16:B1	label_permutation	1.3230112857285509e-06	0.921146953405018	836	20	>20	0.9876803273385949
ENSMUSG00000032366.16:B2	label_permutation	2.1803262623223767e-05	0.3788178422324764	13652	5	>20	0.8802533382017219
ENSMUSG00000032366.16:B3	label_permutation	1.0185822478764142e-08	0.7304147465437788	867	15	>20	0.9249658667442068
ENSMUSG00000041459.16:B1	label_permutation	1.7103911765733837e-18	0.5898617511520737	867	15	>20	0.9031818431609606
ENSMUSG00000041459.16:B3	label_permutation	0.0093991664852976	0.7859666024405909	6227	10	>20	0.9389371467897278
ENSMUSG00000000420.16:B2	label_permutation	0.1455749183549439	0.4912303327314934	7753	1	11-20	0.8914176034062342
ENSMUSG00000015149.15:B1	label_permutation	3.7632631089766804e-23	0.15311986863711002	2435	6	11-20	0.8606239104020287
ENSMUSG00000015149.15:B2	label_permutation	0.6758768911261482	0.8722510995601759	5001	3	11-20	0.9657719773454814
ENSMUSG00000021738.6:B1	label_permutation	2.678576681426885e-22	0.30579941473796224	7517	8	>20	0.8768883635306256
ENSMUSG00000021738.6:B2	label_permutation	2.083810768797164e-25	0.15233811423236868	11782	4	>20	0.8606239104020287
ENSMUSG00000028033.17:B1	label_permutation	0.0125822642943504	0.49949771179819175	8958	3	>20	0.8921327130306684
ENSMUSG00000028033.17:B2	label_permutation	3.5704729184901136e-48	0.040229885057471264	2435	6	11-20	0.8606239104020287
ENSMUSG00000030284.13:B1	label_permutation	0.0005068729888761	0.3469182895001004	4980	2	>20	0.8795043135212783
ENSMUSG00000030284.13:B2	label_permutation	0.0002196703891312	0.3888826877999777	8958	3	>20	0.8802533382017219
ENSMUSG00000032562.14:B2	label_permutation	5.442552016238546e-268	0.007351044622130513	7753	1	11-20	0.8606239104020287
ENSMUSG00000037750.17:B1	label_permutation	0.5064160342751235	0.7777777777777778	2753	2	6-10	0.9354869458056242
ENSMUSG00000037750.17:B2	label_permutation	0.916408503827384	0.9494002181025082	4584	1	6-10	0.9991689088672994
ENSMUSG00000041670.20:B1	label_permutation	9.200703716671156e-54	0.25017869907076484	1398	24	>20	0.8695150142445928
ENSMUSG00000041670.20:B2	label_permutation	1.9866822276258245e-43	0.25152542372881354	1474	16	>20	0.8695150142445928
ENSMUSG00000050954.16:B1	label_permutation	1.6374666472215262e-19	0.17539334537013154	7753	1	11-20	0.8660184484869279
ENSMUSG00000050954.16:B2	label_permutation	1.7695065387233607e-10	0.1318082788671024	2753	2	6-10	0.8606239104020287
ENSMUSG00000063239.18:B1	label_permutation	3.2297924848212067e-06	0.7259615384615384	623	9	11-20	0.9249658667442068
ENSMUSG00000063239.18:B2	label_permutation	0.9114948132620642	0.9718112754898041	5001	3	11-20	1.0
ENSMUSG00000001120.16:B1	label_permutation	0.8966907533739686	0.945474372955289	4584	1	6-10	0.9983189577298631
ENSMUSG00000003119.15:B1	label_permutation	7.345903766055331e-16	0.6081355932203389	1474	16	>20	0.903460907270032
ENSMUSG00000005299.7:B1	label_permutation	2.010491349056355e-110	0.017578554163920016	13652	5	>20	0.8606239104020287
ENSMUSG00000008348.10:B1	label_permutation	3.667897331683735e-37	0.2140960656529085	4142	9	>20	0.8674506604704691
ENSMUSG00000014956.16:B1	label_permutation	0.3002592034446908	0.6469460421802246	7301	2	11-20	0.9053280185658723
ENSMUSG00000017843.15:B1	label_permutation	6.863637040322737e-37	0.12179487179487179	623	9	11-20	0.8606239104020287
ENSMUSG00000020003.17:B1	label_permutation	2.0065026350089707e-64	0.04423445631333881	7301	2	11-20	0.8606239104020287
ENSMUSG00000020476.15:B1	label_permutation	1.086079037999939e-06	0.2043275814845248	7301	2	11-20	0.8674506604704691
ENSMUSG00000020902.13:B1	label_permutation	5.117655595038596e-68	0.0832682218997656	8958	3	>20	0.8606239104020287
ENSMUSG00000021338.18:B1	label_permutation	0.7005661608039658	0.8818472610955618	5001	3	11-20	0.9706151338142186
ENSMUSG00000023007.16:B1	label_permutation	1.3223902401049843e-26	0.265097100292631	7517	8	>20	0.8750110119110907
ENSMUSG00000024260.15:B1	label_permutation	2.1671322450002057e-37	0.1713221601489758	7517	8	>20	0.8660184484869279
ENSMUSG00000024750.12:B1	label_permutation	0.0326766147355207	0.5808979711418736	13652	5	>20	0.8997902400062849
ENSMUSG00000025237.17:B1	label_permutation	5.5464426305983275e-09	0.18008764721993975	7301	2	11-20	0.8660184484869279
ENSMUSG00000025862.15:B1	label_permutation	1.1279142193206555e-25	0.1837691349886472	13652	5	>20	0.8660184484869279
ENSMUSG00000026437.12:B1	label_permutation	0.7300590323136377	0.8657901944672692	7301	2	11-20	0.9635614497117158
ENSMUSG00000026864.14:B1	label_permutation	4.224166841618902e-09	0.2999340804218853	13652	5	>20	0.8768883635306256
ENSMUSG00000027423.16:B1	label_permutation	0.4982030454854825	0.7745098039215687	2753	2	6-10	0.934903856788485
ENSMUSG00000028005.14:B1	label_permutation	0.0133366176270639	0.6166480029861888	10715	6	>20	0.9036329068266031
ENSMUSG00000028532.15:B1	label_permutation	0.5215867597305659	0.7568181818181818	3519	1	1-5	0.9300637725810085
ENSMUSG00000029050.16:B1	label_permutation	2.15236562926746e-32	0.14831905075807514	13652	5	>20	0.8606239104020287
ENSMUSG00000029502.15:B1	label_permutation	9.375953655527897e-08	0.2861593235425011	2246	5	11-20	0.8750110119110907
ENSMUSG00000030102.12:B1	label_permutation	2.0727244355190665e-59	0.0831331978570109	5412	12	>20	0.8606239104020287
ENSMUSG00000030731.14:B1	label_permutation	0.2061574299302286	0.6131128174837567	1692	2	1-5	0.9036329068266031
ENSMUSG00000031441.16:B1	label_permutation	9.16512016011125e-05	0.6509312780989082	6227	10	>20	0.9053909888911233
ENSMUSG00000032388.8:B1	label_permutation	0.51499083951135	0.7493837304847987	7301	2	11-20	0.9295624013670085
ENSMUSG00000032883.16:B1	label_permutation	5.9482897668256674e-05	0.3979461936688449	11782	4	>20	0.8802533382017219
ENSMUSG00000033885.16:B1	label_permutation	0.45529927704219	0.7110141766630316	4584	1	6-10	0.9216895185571544
ENSMUSG00000034574.11:B1	label_permutation	7.598952541454991e-05	0.45352743561030234	10715	6	>20	0.8893579945608221
ENSMUSG00000035314.11:B1	label_permutation	6.8670117648253265e-09	0.19214830970556163	4584	1	6-10	0.8674506604704691
ENSMUSG00000036291.7:B1	label_permutation	0.0336651855091553	0.6680664427025009	10715	6	>20	0.9102726673458381
ENSMUSG00000037138.19:B1	label_permutation	0.0004141548035574	0.4321480098446915	11782	4	>20	0.8802533382017219
ENSMUSG00000037957.15:B1	label_permutation	0.2711836180500832	0.9179338643495052	4142	9	>20	0.9865819668579794
ENSMUSG00000038518.16:B1	label_permutation	2.538829375228072e-13	0.40130353817504655	7517	8	>20	0.8802533382017219
ENSMUSG00000039257.12:B1	label_permutation	0.2874732217973187	0.6146128680479825	4584	1	6-10	0.9036329068266031
ENSMUSG00000040054.18:B2	label_permutation	5.602951500086092e-34	0.24233647115616702	4142	9	>20	0.8674506604704691
ENSMUSG00000040943.13:B1	label_permutation	1.3155893247521588e-68	0.0687757909215956	1453	11	>20	0.8606239104020287
ENSMUSG00000041986.17:B1	label_permutation	0.944985061398723	0.9635067470084019	11782	4	>20	1.0
ENSMUSG00000043323.18:B1	label_permutation	5.1711274822801565e-09	0.6698621929298981	1668	14	>20	0.9108504372244969
ENSMUSG00000045777.15:B1	label_permutation	0.2610760305033894	0.6562315416420555	1692	2	1-5	0.9067105961865773
ENSMUSG00000048279.20:B1	label_permutation	2.0660362951365287e-41	0.2026578073089701	300	21	>20	0.8674506604704691
ENSMUSG00000051339.11:B1	label_permutation	1.198411802357986e-35	0.25290966192499537	5412	12	>20	0.8695150142445928
ENSMUSG00000053395.16:B1	label_permutation	2.4427611984937677e-69	0.06354574581701673	5617	7	>20	0.8606239104020287
ENSMUSG00000055567.19:B1	label_permutation	0.02623049143284	0.8493810178817056	1453	11	>20	0.9588340352575697
ENSMUSG00000057894.11:B1	label_permutation	0.7002235568193003	0.8977564460319232	8958	3	>20	0.9778910566419452
ENSMUSG00000059974.11:B1	label_permutation	1.3442733719737745e-42	0.12503325352487363	7517	8	>20	0.8606239104020287
ENSMUSG00000062202.15:B1	label_permutation	5.181430416210153e-29	0.47058823529411764	84	18	11-20	0.8914176034062342
ENSMUSG00000066406.17:B1	label_permutation	1.0305061531659034e-08	0.3426651735722284	10715	6	>20	0.8772378175865799
ENSMUSG00000070570.6:B1	label_permutation	2.793410679349917e-07	0.33025708635464734	13652	5	>20	0.8768883635306256
ENSMUSG00000075376.11:B1	label_permutation	0.0036084830631988	0.4829707756537025	13652	5	>20	0.8914176034062342
ENSMUSG00000087307.2:B1	label_permutation	0.329793058006731	0.7717898667571925	11782	4	>20	0.9340658840244447
ENSMUSG00000020898.19:B1	label_permutation	0.0117498434611583	0.40050835148874364	2753	2	6-10	0.8802533382017219
ENSMUSG00000020898.19:B2	label_permutation	3.409845249047476e-15	0.1465648854961832	4584	1	6-10	0.8606239104020287
ENSMUSG00000020898.19:B4	label_permutation	0.955302289911498	0.974700109051254	4584	1	6-10	1.0
ENSMUSG00000020898.19:B5	label_permutation	0.4114002128698495	0.6946564885496184	4584	1	6-10	0.9150593486619103
ENSMUSG00000031565.19:B1	label_permutation	3.347968340826882e-06	0.7291666666666666	623	9	11-20	0.9249658667442068
ENSMUSG00000031565.19:B2	label_permutation	0.0043638320969535	0.3912435025989604	5001	3	11-20	0.8802533382017219
ENSMUSG00000031565.19:B3	label_permutation	0.3578685813848009	0.742702918832467	5001	3	11-20	0.9284035186765294
ENSMUSG00000031565.19:B4	label_permutation	0.0312448954948773	0.4886045581767293	5001	3	11-20	0.8914176034062342
ENSMUSG00000005682.10:B1	label_permutation	0.0056794184163326	0.33935907970419066	7301	2	11-20	0.8772378175865799
ENSMUSG00000005682.10:B2	label_permutation	0.0126345291777512	0.3269280371421202	7753	1	11-20	0.8768883635306256
ENSMUSG00000005682.10:B3	label_permutation	0.0419276382026731	0.37670879546040753	7753	1	11-20	0.8802533382017219
ENSMUSG00000021972.15:B1	label_permutation	0.0496230815556321	0.6930757745427398	10715	6	>20	0.9150066189174714
ENSMUSG00000021972.15:B2	label_permutation	0.0055412724612964	0.5754945875326615	10715	6	>20	0.8997902400062849
ENSMUSG00000021972.15:B3	label_permutation	1.7201592738757599e-28	0.3279142804359874	5412	12	>20	0.8768883635306256
ENSMUSG00000027692.17:B1	label_permutation	7.345736589252971e-07	0.8530636525877454	1680	18	>20	0.9617601205569994
ENSMUSG00000027692.17:B2	label_permutation	3.5824852761335885e-05	0.6094617426985276	4142	9	>20	0.903460907270032
ENSMUSG00000027692.17:B3	label_permutation	2.2658183543068562e-08	0.498189717595945	4142	9	>20	0.8921327130306684
ENSMUSG00000032946.17:B2	label_permutation	8.533873513295876e-13	0.2162883845126836	2246	5	11-20	0.8674506604704691
ENSMUSG00000032946.17:B3	label_permutation	1.0	1.0	623	9	11-20	1.0
ENSMUSG00000041757.18:B1	label_permutation	1.0	1.0	5412	12	>20	1.0
ENSMUSG00000041757.18:B2	label_permutation	0.1826883992361538	0.7967525195968646	10715	6	>20	0.9415203883172437
ENSMUSG00000041757.18:B6	label_permutation	1.8615806728638543e-11	0.29908547965658827	10715	6	>20	0.8768883635306256
ENSMUSG00000000538.19:B1	label_permutation	4.6635283301769385e-18	0.5286935286935287	818	12	11-20	0.894080632179703
ENSMUSG00000000538.19:B2	label_permutation	9.22217974227796e-44	0.12576312576312576	818	12	11-20	0.8606239104020287
ENSMUSG00000015522.19:B1	label_permutation	3.1699483112844885e-15	0.22727658491046424	11782	4	>20	0.8674506604704691
ENSMUSG00000015522.19:B2	label_permutation	9.42339224280308e-29	0.15108249346771183	10715	6	>20	0.8606239104020287
ENSMUSG00000021750.17:B1	label_permutation	7.529949212656171e-21	0.18645506237800222	11782	4	>20	0.8660184484869279
ENSMUSG00000021750.17:B2	label_permutation	0.3311666057036523	0.6757679180887372	4980	2	>20	0.9110999233898707
ENSMUSG00000024969.16:B1	label_permutation	3.1663379633377456e-29	0.31923147977092187	5412	12	>20	0.8768883635306256
ENSMUSG00000024969.16:B2	label_permutation	0.0918432665816351	0.7381485628966032	10715	6	>20	0.9263444964136652
ENSMUSG00000028034.16:B1	label_permutation	3.01273609125608e-06	0.534317637669593	7517	8	>20	0.894080632179703
ENSMUSG00000028034.16:B2	label_permutation	0.0001669240719035	0.4155987439531528	11782	4	>20	0.8802533382017219
ENSMUSG00000030337.17:B1	label_permutation	0.0111604038033004	0.39578794480755264	2753	2	6-10	0.8802533382017219
ENSMUSG00000030337.17:B2	label_permutation	1.54392577283179e-17	0.18765133171912832	825	4	6-10	0.8660184484869279
ENSMUSG00000032570.18:B1	label_permutation	1.0	1.0	818	12	11-20	1.0
ENSMUSG00000032570.18:B2	label_permutation	0.019404327466446	0.560723075617415	11782	4	>20	0.8970770743412827
ENSMUSG00000038039.14:B1	label_permutation	1.3683874432232052e-06	0.5780346820809249	6227	10	>20	0.8997902400062849
ENSMUSG00000038039.14:B3	label_permutation	0.2929258176769178	0.7766791181425328	13652	5	>20	0.9354869458056242
ENSMUSG00000051586.18:B1	label_permutation	2.347518708881034e-31	0.25850832729905865	4142	9	>20	0.8724251253863782
ENSMUSG00000051586.18:B2	label_permutation	5.580132117830491e-60	0.1457465794170137	1680	18	>20	0.8606239104020287
ENSMUSG00000063358.18:B1	label_permutation	2.1714511693655708e-05	0.4326241134751773	10715	6	>20	0.8802533382017219
ENSMUSG00000063358.18:B2	label_permutation	3.154688418190278e-22	0.4042120820247552	5412	12	>20	0.8802533382017219
ENSMUSG00000001127.13:B1	label_permutation	0.021232389981564	0.692061231755073	5617	7	>20	0.9150066189174714
ENSMUSG00000003131.8:B1	label_permutation	0.7788086113408441	0.8918104628868803	7301	2	11-20	0.9741370112064653
ENSMUSG00000005312.16:B1	label_permutation	3.2912282367121183e-06	0.2118597644480964	7301	2	11-20	0.8674506604704691
ENSMUSG00000008690.16:B1	label_permutation	1.1484255525765551e-48	0.20069875776397517	2575	1	>20	0.8674506604704691
ENSMUSG00000015002.19:B1	label_permutation	3.2305094439322054e-50	0.07741420590582601	7517	8	>20	0.8606239104020287
ENSMUSG00000017999.17:B1	label_permutation	0.7777330975214101	0.9205268445138967	8958	3	>20	0.9874780512444977
ENSMUSG00000020014.19:B1	label_permutation	1.6372702333099181e-12	0.25180344564202667	11782	4	>20	0.8695150142445928
ENSMUSG00000020903.14:B1	label_permutation	7.173952825423879e-55	0.16610169491525423	1474	16	>20	0.8660184484869279
ENSMUSG00000021357.15:B1	label_permutation	9.945160200278978e-25	0.308766859344894	6227	10	>20	0.8768883635306256
ENSMUSG00000022012.10:B1	label_permutation	1.4025488481874318e-05	0.3436767496372363	8958	3	>20	0.8772378175865799
ENSMUSG00000022517.18:B1	label_permutation	0.1242636704791622	0.7084015913877838	4272	4	11-20	0.9212513888388844
ENSMUSG00000023010.16:B1	label_permutation	6.448726658720521e-53	0.19274241522903035	1680	18	>20	0.8674506604704691
ENSMUSG00000024268.17:B1	label_permutation	0.0029276549776701	0.7661623108665749	1453	11	>20	0.9329062959889604
ENSMUSG00000024758.16:B1	label_permutation	5.556820280960279e-10	0.46367366642529567	4142	9	>20	0.8898393180670646
ENSMUSG00000025240.11:B1	label_permutation	9.530510174160743e-52	0.097187611249555	5617	7	>20	0.8606239104020287
ENSMUSG00000025871.19:B1	label_permutation	0.2890793954172914	0.6695715323166304	2753	2	6-10	0.9108504372244969
ENSMUSG00000026442.15:B1	label_permutation	1.4509968704140572e-97	0.016377649325626204	6227	10	>20	0.8606239104020287
ENSMUSG00000026878.18:B1	label_permutation	0.0502849747734353	0.694662187383352	10715	6	>20	0.9150593486619103
ENSMUSG00000027425.19:B1	label_permutation	0.7535722698929017	0.8881750652479422	4980	2	>20	0.9740016454915208
ENSMUSG00000028007.14:B1	label_permutation	2.146237781303251e-90	0.08432041758682995	4980	2	>20	0.8606239104020287
ENSMUSG00000028550.16:B1	label_permutation	1.9507549274226463e-05	0.43038447181784245	10715	6	>20	0.8802533382017219
ENSMUSG00000029512.12:B1	label_permutation	0.1572972787119117	0.49832344596337375	7753	1	11-20	0.8921327130306684
ENSMUSG00000030103.12:B1	label_permutation	2.0942091134101545e-142	0.025114410090411876	8958	3	>20	0.8606239104020287
ENSMUSG00000030744.14:B1	label_permutation	0.0015336670526387	0.3325457767277023	1692	2	1-5	0.8768883635306256
ENSMUSG00000031442.22:B1	label_permutation	3.2113936934093564e-33	0.3721198156682028	867	15	>20	0.8799716412619639
ENSMUSG00000031971.16:B1	label_permutation	1.0	1.0	11782	4	>20	1.0
ENSMUSG00000032393.16:B1	label_permutation	1.0971947235679482e-07	0.3222734930052003	13652	5	>20	0.8768883635306256
ENSMUSG00000032898.10:B1	label_permutation	6.273320986390464e-06	0.2630947620951619	5001	3	11-20	0.8750110119110907
ENSMUSG00000033900.14:B1	label_permutation	8.393401403931492e-50	0.1057315770736917	5617	7	>20	0.8606239104020287
ENSMUSG00000034586.15:B1	label_permutation	1.0	1.0	13652	5	>20	1.0
ENSMUSG00000035325.17:B1	label_permutation	0.0061233988587205	0.3423719528896193	7301	2	11-20	0.8772378175865799
ENSMUSG00000036306.14:B1	label_permutation	0.0005711213910692	0.4076347806674852	8958	3	>20	0.8802533382017219
ENSMUSG00000037172.15:B1	label_permutation	0.0439703915224672	0.5995751849410386	13652	5	>20	0.903460907270032
ENSMUSG00000037972.8:B1	label_permutation	0.9567325477716858	0.9749182115594329	4584	1	6-10	1.0
ENSMUSG00000038530.12:B1	label_permutation	0.1102092136672573	0.635003906686014	8958	3	>20	0.903855163864902
ENSMUSG00000039262.17:B1	label_permutation	2.146460146558253e-55	0.09972489683631362	1453	11	>20	0.8606239104020287
ENSMUSG00000040097.17:B1	label_permutation	6.142407671900442e-40	0.09145203434117208	10715	6	>20	0.8606239104020287
ENSMUSG00000040945.14:B1	label_permutation	0.270233700097704	0.6496687412166232	4980	2	>20	0.9053280185658723
ENSMUSG00000042035.12:B1	label_permutation	0.2650001202681169	0.6476611122264605	4980	2	>20	0.9053280185658723
ENSMUSG00000043384.16:B1	label_permutation	5.810451490788951e-16	0.37270550678371905	7517	8	>20	0.8799716412619639
ENSMUSG00000045795.11:B1	label_permutation	0.4697499092776276	0.7202734072736652	7753	1	11-20	0.9230203615333576
ENSMUSG00000048304.9:B1	label_permutation	0.2222211906021362	0.7288466434694051	11782	4	>20	0.9249658667442068
ENSMUSG00000051343.12:B1	label_permutation	0.5942494975016563	0.9455205811138014	825	4	6-10	0.9983189577298631
ENSMUSG00000053411.17:B1	label_permutation	0.3552646224459049	0.6247159090909091	3519	1	1-5	0.9037363545202307
ENSMUSG00000055805.16:B1	label_permutation	6.196115690336987e-07	0.3833519970138111	10715	6	>20	0.8802533382017219
ENSMUSG00000057914.16:B1	label_permutation	8.459981707491517e-16	0.46314102564102566	623	9	11-20	0.8898393180670646
ENSMUSG00000059981.13:B1	label_permutation	0.0002260261538711	0.4167582216362704	13652	5	>20	0.8802533382017219
ENSMUSG00000062209.16:B1	label_permutation	0.000114409109943	0.3745953789485434	8958	3	>20	0.8802533382017219
ENSMUSG00000066415.5:B1	label_permutation	0.1597050233950349	0.5545056149000274	7301	2	11-20	0.8956389798674386
ENSMUSG00000070644.14:B1	label_permutation	0.4842217949558289	0.7309775599690482	7753	1	11-20	0.9249786649214097
ENSMUSG00000075595.10:B1	label_permutation	1.0591006151399724e-14	0.2311805143002631	11782	4	>20	0.8674506604704691
ENSMUSG00000087361.8:B1	label_permutation	0.7448306567515571	0.8764721993974254	7301	2	11-20	0.9673050255628757
ENSMUSG00000102234.2:B1	label_permutation	2.802232698886772e-05	0.27828868452618954	5001	3	11-20	0.8750110119110907
ENSMUSG00000021144.15:B1	label_permutation	0.0390884781218821	0.5932029590566176	13652	5	>20	0.903460907270032
ENSMUSG00000021144.15:B3	label_permutation	0.0190371577620924	0.5516736248443566	13652	5	>20	0.8952909757430798
ENSMUSG00000021144.15:B4	label_permutation	0.0390883961003662	0.5932029590566176	13652	5	>20	0.903460907270032
ENSMUSG00000021144.15:B5	label_permutation	6.108213046492132e-06	0.5998715478484264	6227	10	>20	0.903460907270032
ENSMUSG00000031858.17:B1	label_permutation	1.3209678799960121e-13	0.3987762702846502	7517	8	>20	0.8802533382017219
ENSMUSG00000031858.17:B2	label_permutation	0.2114316852711704	0.7252821862004583	11782	4	>20	0.9249224473738521
ENSMUSG00000031858.17:B3	label_permutation	8.683331281754655e-05	0.4040566918441823	11782	4	>20	0.8802533382017219
ENSMUSG00000031858.17:B4	label_permutation	0.0015666752663615	0.4678774505643724	11782	4	>20	0.8911112965101977
ENSMUSG00000005763.16:B2	label_permutation	0.0110842241107538	0.5534753100865902	4272	4	11-20	0.8956389798674386
ENSMUSG00000022094.16:B1	label_permutation	0.7837732417260546	0.9204786556904014	11782	4	>20	0.9874780512444977
ENSMUSG00000022094.16:B2	label_permutation	8.406953706155084e-05	0.40354748366290416	11782	4	>20	0.8802533382017219
ENSMUSG00000027763.14:B1	label_permutation	3.1506164199729826e-19	0.6032123735871505	1680	18	>20	0.903460907270032
ENSMUSG00000027763.14:B3	label_permutation	2.028377933202056e-10	0.5762054313689267	5412	12	>20	0.8997902400062849
ENSMUSG00000027763.14:B4	label_permutation	5.137123443810435e-12	0.545723258821356	5412	12	>20	0.894080632179703
ENSMUSG00000033335.18:B1	label_permutation	7.145828720278522e-36	0.3283410138248848	867	15	>20	0.8768883635306256
ENSMUSG00000033335.18:B2	label_permutation	0.0289073827905465	0.5737200615249396	13652	5	>20	0.8997902400062849
ENSMUSG00000033335.18:B3	label_permutation	5.2327178180109376e-33	0.23410404624277456	6227	10	>20	0.8674506604704691
ENSMUSG00000041915.10:B2	label_permutation	0.0001058021800355	0.4043799897458434	13652	5	>20	0.8802533382017219
ENSMUSG00000041915.10:B3	label_permutation	2.669222937672782e-24	0.19065406870284918	13652	5	>20	0.8674506604704691
ENSMUSG00000000552.11:B1	label_permutation	8.212912426143955e-26	0.3646776279327545	5412	12	>20	0.8799716412619639
ENSMUSG00000000552.11:B2	label_permutation	1.4815511571581102e-38	0.09611795446061963	10715	6	>20	0.8606239104020287
ENSMUSG00000017466.11:B2	label_permutation	0.0588241306765932	0.7552509789960841	5617	7	>20	0.9300637725810085
ENSMUSG00000021771.15:B1	label_permutation	0.2197718315579507	0.9	29	7	6-10	0.9788947250067759
ENSMUSG00000021771.15:B2	label_permutation	1.0	1.0	11782	4	>20	1.0
ENSMUSG00000024985.21:B1	label_permutation	1.0	1.0	57	8	1-5	1.0
ENSMUSG00000024985.21:B2	label_permutation	0.0002012470064865	0.059233449477351915	286	3	1-5	0.8606239104020287
ENSMUSG00000028086.16:B1	label_permutation	1.607354760828473e-51	0.2802001429592566	1398	24	>20	0.8750110119110907
ENSMUSG00000028086.16:B2	label_permutation	1.6006454294951187e-27	0.46915254237288134	1474	16	>20	0.8914176034062342
ENSMUSG00000030451.17:B1	label_permutation	3.7068013816510285e-09	0.7876264128494943	1680	18	>20	0.939133218186688
ENSMUSG00000030451.17:B2	label_permutation	0.0149103812745121	0.7774559497948347	4142	9	>20	0.9354869458056242
ENSMUSG00000032624.17:B1	label_permutation	4.4661190131511844e-64	0.023168733910601452	4272	4	11-20	0.8606239104020287
ENSMUSG00000032624.17:B4	label_permutation	3.766615826482717e-26	0.08408655162969049	7301	2	11-20	0.8606239104020287
ENSMUSG00000038042.12:B1	label_permutation	3.306617286494101e-09	0.46155892524607606	7517	8	>20	0.8898393180670646
ENSMUSG00000038042.12:B2	label_permutation	9.464351046573001e-11	0.2719171688025121	11782	4	>20	0.8750110119110907
ENSMUSG00000041734.16:B1	label_permutation	0.1726613485002716	0.9272727272727272	1209	8	11-20	0.9909207451420301
ENSMUSG00000041734.16:B2	label_permutation	0.0625898979233506	0.6501287151883922	4272	4	11-20	0.9053280185658723
ENSMUSG00000051855.16:B1	label_permutation	0.065112476270068	0.7122993654348637	10715	6	>20	0.9216895185571544
ENSMUSG00000051855.16:B2	label_permutation	4.0815561092033264e-20	0.25	2575	1	>20	0.8695150142445928
ENSMUSG00000063428.9:B1	label_permutation	3.250238196472297e-28	0.06900726392251816	825	4	6-10	0.8606239104020287
ENSMUSG00000063428.9:B2	label_permutation	0.554802378930896	0.7704410626773278	7753	1	11-20	0.933502867530847
ENSMUSG00000003134.11:B1	label_permutation	0.5732680518802404	0.8523272686683782	8958	3	>20	0.9614354280611676
ENSMUSG00000005360.15:B1	label_permutation	0.2923855547836562	0.7438330170777988	8958	3	>20	0.9284035186765294
ENSMUSG00000008734.10:B1	label_permutation	9.819915153314512e-26	0.08495202433887199	4272	4	11-20	0.8606239104020287
ENSMUSG00000015027.12:B1	label_permutation	1.0587388073671944e-21	0.18249347520578196	4980	2	>20	0.8660184484869279
ENSMUSG00000018076.13:B1	label_permutation	0.0501469042959272	0.6944755505785741	10715	6	>20	0.9150593486619103
ENSMUSG00000020486.20:B1	label_permutation	0.3711325490101621	0.7073347857661583	2753	2	6-10	0.9208466185495698
ENSMUSG00000020917.18:B1	label_permutation	6.740354226009561e-13	0.3587848932676519	2435	6	11-20	0.8799716412619639
ENSMUSG00000021360.17:B1	label_permutation	2.453573092363998e-35	0.15867768595041323	1209	8	11-20	0.8630011434756422
ENSMUSG00000022031.7:B1	label_permutation	0.0182836060496724	0.5581770347110243	11782	4	>20	0.8956389798674386
ENSMUSG00000022521.11:B1	label_permutation	3.449987932932409e-65	0.06502863476815075	5412	12	>20	0.8606239104020287
ENSMUSG00000023011.9:B1	label_permutation	2.466068067628088e-44	0.14385710837557325	4142	9	>20	0.8606239104020287
ENSMUSG00000024277.15:B1	label_permutation	9.951710027526944e-05	0.6518946692357097	6227	10	>20	0.9053909888911233
ENSMUSG00000024759.15:B1	label_permutation	3.8903392918485314e-57	0.07369942196531792	6227	10	>20	0.8606239104020287
ENSMUSG00000025241.17:B1	label_permutation	1.0980073793105049e-68	0.06461374154503383	5617	7	>20	0.8606239104020287
ENSMUSG00000025876.16:B1	label_permutation	1.0	1.0	5617	7	>20	1.0
ENSMUSG00000026452.16:B1	label_permutation	1.680368159586234e-07	0.3278726889772993	4272	4	11-20	0.8768883635306256
ENSMUSG00000026879.15:B1	label_permutation	0.0014434602223438	0.2948507258285401	7301	2	11-20	0.8750110119110907
ENSMUSG00000027466.16:B1	label_permutation	0.0588754859057045	0.6208891818647916	13652	5	>20	0.9037363545202307
ENSMUSG00000028013.17:B1	label_permutation	1.880658054045447e-13	0.23350820404062952	8958	3	>20	0.8674506604704691
ENSMUSG00000028556.16:B1	label_permutation	0.000180686026824	0.41746584061783926	11782	4	>20	0.8802533382017219
ENSMUSG00000029062.15:B1	label_permutation	0.7768081442482622	0.9265362923899509	13652	5	>20	0.9909207451420301
ENSMUSG00000029516.20:B1	label_permutation	2.970332866820905e-11	0.4746307000642261	6227	10	>20	0.8914176034062342
ENSMUSG00000030105.9:B1	label_permutation	0.5382649532809316	0.8633267413755219	13652	5	>20	0.9635614497117158
ENSMUSG00000030751.19:B1	label_permutation	7.998311611189291e-77	0.07701752427726309	8958	3	>20	0.8606239104020287
ENSMUSG00000031446.15:B1	label_permutation	0.0070551889416834	0.516252227785793	11782	4	>20	0.894080632179703
ENSMUSG00000031996.18:B1	label_permutation	0.0004160348807512	0.7097661623108665	1453	11	>20	0.9212513888388844
ENSMUSG00000032394.7:B1	label_permutation	0.5544438443781036	0.8017045454545455	3519	1	1-5	0.9423711272318666
ENSMUSG00000032936.14:B1	label_permutation	0.0746793415402945	0.8316041500399042	7517	8	>20	0.9558130563374244
ENSMUSG00000033902.13:B1	label_permutation	0.0919905036749272	0.6207165978345798	8958	3	>20	0.9037363545202307
ENSMUSG00000034593.17:B1	label_permutation	2.570123909682577e-16	0.48272676888970995	5412	12	>20	0.8914176034062342
ENSMUSG00000035355.16:B1	label_permutation	0.0010371963655059	0.36374223602484473	2575	1	>20	0.8799716412619639
ENSMUSG00000036309.15:B1	label_permutation	5.307483174855426e-32	0.15051637002856516	13652	5	>20	0.8606239104020287
ENSMUSG00000037210.17:B1	label_permutation	1.1190322577192094e-36	0.19900320398718405	5617	7	>20	0.8674506604704691
ENSMUSG00000037990.19:B1	label_permutation	0.0049589468004845	0.395703673961052	4980	2	>20	0.8802533382017219
ENSMUSG00000038533.16:B1	label_permutation	0.0010391416262313	0.5717337130651478	5617	7	>20	0.8997902400062849
ENSMUSG00000039286.13:B1	label_permutation	9.47080643183173e-09	0.5089408528198074	1453	11	>20	0.894080632179703
ENSMUSG00000040220.11:B1	label_permutation	4.953465351260725e-44	0.11050340439781225	8958	3	>20	0.8606239104020287
ENSMUSG00000041014.18:B1	label_permutation	1.0249386383724661e-43	0.14061943752224992	5617	7	>20	0.8606239104020287
ENSMUSG00000042046.16:B1	label_permutation	0.1748913898281535	0.5174103688418881	7753	1	11-20	0.894080632179703
ENSMUSG00000043411.16:B1	label_permutation	0.0148976613795229	0.5382699772943675	13652	5	>20	0.894080632179703
ENSMUSG00000045917.18:B1	label_permutation	0.0578838695404648	0.4281352235550709	4584	1	6-10	0.8802533382017219
ENSMUSG00000048458.9:B1	label_permutation	0.0259213983514461	0.4615539048383859	4980	2	>20	0.8898393180670646
ENSMUSG00000051359.16:B1	label_permutation	1.855132937467927e-06	0.39501679731243	10715	6	>20	0.8802533382017219
ENSMUSG00000053453.10:B1	label_permutation	0.1940078846676929	0.6909253264873312	8958	3	>20	0.9144902186301689
ENSMUSG00000055923.17:B1	label_permutation	9.421648628742712e-81	0.07982976528243488	7753	1	11-20	0.8606239104020287
ENSMUSG00000058006.13:B1	label_permutation	1.2178205133652004e-36	0.17783985102420857	7517	8	>20	0.8660184484869279
ENSMUSG00000059995.13:B1	label_permutation	1.0	1.0	2246	5	11-20	1.0
ENSMUSG00000062232.15:B1	label_permutation	5.877452150063652e-25	0.37409939035654904	5412	12	>20	0.8799716412619639
ENSMUSG00000066440.6:B1	label_permutation	1.0262209396728722e-152	0.04965179262316224	7753	1	11-20	0.8606239104020287
ENSMUSG00000070733.14:B1	label_permutation	5.286851166949511e-12	0.4303644701906831	4142	9	>20	0.8802533382017219
ENSMUSG00000077450.14:B1	label_permutation	0.0012296105993672	0.45037828215398307	2246	5	11-20	0.8879911375091342
ENSMUSG00000087366.9:B1	label_permutation	0.1681203254563011	0.8764299015695663	7517	8	>20	0.9673050255628757
ENSMUSG00000102252.6:B1	label_permutation	8.176983644521226e-49	0.10964756140975436	5617	7	>20	0.8606239104020287
ENSMUSG00000021314.14:B1	label_permutation	5.773072569230411e-13	0.2470508359500976	11782	4	>20	0.8695150142445928
ENSMUSG00000021314.14:B2	label_permutation	4.187837615467526e-09	0.2923703640838496	11782	4	>20	0.8750110119110907
ENSMUSG00000021314.14:B3	label_permutation	2.802896533359832e-54	0.0633147113594041	7517	8	>20	0.8606239104020287
ENSMUSG00000021314.14:B4	label_permutation	1.965664465982016e-20	0.18976491555630995	11782	4	>20	0.8674506604704691
ENSMUSG00000005886.15:B1	label_permutation	4.303682724988997e-12	0.36080455678177287	5617	7	>20	0.8799716412619639
ENSMUSG00000005886.15:B2	label_permutation	3.76605015910571e-43	0.14453542185831256	5617	7	>20	0.8606239104020287
ENSMUSG00000005886.15:B3	label_permutation	5.141728940959549e-32	0.33672857998801675	1668	14	>20	0.8768883635306256
ENSMUSG00000022185.20:B1	label_permutation	3.105677101370933e-46	0.34810578984989277	1398	24	>20	0.8795043135212783
ENSMUSG00000022185.20:B2	label_permutation	1.075636475193127e-43	0.11665336525671721	7517	8	>20	0.8606239104020287
ENSMUSG00000022185.20:B4	label_permutation	0.0608158263255765	0.8194998669859005	7517	8	>20	0.9509365668344487
ENSMUSG00000028059.17:B1	label_permutation	1.0	1.0	5	40	11-20	1.0
ENSMUSG00000028059.17:B2	label_permutation	0.0100981164104275	0.7299813780260708	7517	8	>20	0.9249658667442068
ENSMUSG00000028059.17:B3	label_permutation	9.273079599119304e-27	0.1629339305711086	10715	6	>20	0.8660184484869279
ENSMUSG00000033526.17:B1	label_permutation	0.0002119000338319	0.6123969140728918	7517	8	>20	0.9036329068266031
ENSMUSG00000033526.17:B3	label_permutation	0.0294565037244749	0.5812611389289655	11782	4	>20	0.8997902400062849
ENSMUSG00000033526.17:B4	label_permutation	0.017023686552197	0.5554612577442077	11782	4	>20	0.8956389798674386
ENSMUSG00000042015.18:B1	label_permutation	7.440644526661874e-29	0.24594306996541634	7517	8	>20	0.8695150142445928
ENSMUSG00000001089.15:B1	label_permutation	4.681874081196964e-22	0.33477842003853564	6227	10	>20	0.8768883635306256
ENSMUSG00000001089.15:B2	label_permutation	3.5110508409197483e-06	0.35677140555189335	13652	5	>20	0.8799716412619639
ENSMUSG00000017631.20:B1	label_permutation	3.8063928268692855e-27	0.46511627906976744	300	21	>20	0.8898393180670646
ENSMUSG00000017631.20:B2	label_permutation	4.591213799333936e-27	0.4098262432594368	1668	14	>20	0.8802533382017219
ENSMUSG00000021838.18:B2	label_permutation	0.1804020874587989	0.5936207914943886	1692	2	1-5	0.903460907270032
ENSMUSG00000025020.12:B1	label_permutation	2.276649110380962e-05	0.3797700139163554	13652	5	>20	0.8802533382017219
ENSMUSG00000025020.12:B2	label_permutation	2.966573730769489e-12	0.4595375722543353	6227	10	>20	0.8895566450977648
ENSMUSG00000028107.15:B1	label_permutation	3.04779205974481e-14	0.2660507652108996	10715	6	>20	0.8750110119110907
ENSMUSG00000028107.15:B3	label_permutation	2.00942233114219e-16	0.21241209956468357	8958	3	>20	0.8674506604704691
ENSMUSG00000030530.16:B1	label_permutation	0.2742299192555845	0.8365617433414043	825	4	6-10	0.9572107328688597
ENSMUSG00000030530.16:B2	label_permutation	0.2349793102822068	0.6412490922294843	2753	2	6-10	0.9050223671739888
ENSMUSG00000032712.17:B1	label_permutation	8.441124306795563e-17	0.08278867102396514	2753	2	6-10	0.8606239104020287
ENSMUSG00000032712.17:B2	label_permutation	0.3782220096977922	0.6735005452562705	4584	1	6-10	0.9110999233898707
ENSMUSG00000038187.15:B1	label_permutation	1.1465525122464549e-52	0.05431131019036954	10715	6	>20	0.8606239104020287
ENSMUSG00000038187.15:B2	label_permutation	6.022820235133405e-22	0.1819399486549838	8958	3	>20	0.8660184484869279
ENSMUSG00000041836.11:B1	label_permutation	1.9611474470602798e-28	0.47947650208209397	1680	18	>20	0.8914176034062342
ENSMUSG00000041836.11:B2	label_permutation	3.932344675282546e-26	0.3583964529835581	5412	12	>20	0.8799716412619639
ENSMUSG00000052373.15:B2	label_permutation	0.3017295462910787	0.7622846473733345	11782	4	>20	0.9316868303503292
ENSMUSG00000063646.19:B2	label_permutation	0.8823504530692977	0.9515857320735369	13652	5	>20	0.9991689088672994
ENSMUSG00000001138.14:B1	label_permutation	0.4705589396286596	0.7468379843404939	4980	2	>20	0.9294938936918066
ENSMUSG00000003154.16:B1	label_permutation	0.1061530014997196	0.6038602941176471	1087	3	6-10	0.903460907270032
ENSMUSG00000005371.16:B1	label_permutation	1.2868881772140824e-07	0.22171131547381048	5001	3	11-20	0.8674506604704691
ENSMUSG00000008976.17:B1	label_permutation	0.5336145587309478	0.7593500128965696	7753	1	11-20	0.9308562351219812
ENSMUSG00000015094.17:B1	label_permutation	1.4144104653323352e-14	0.24456163480553725	13652	5	>20	0.8674506604704691
ENSMUSG00000018160.16:B1	label_permutation	3.120786748765484e-07	0.3313557459898923	13652	5	>20	0.8768883635306256
ENSMUSG00000020042.16:B1	label_permutation	2.2348246634087167e-35	0.11254199328107503	10715	6	>20	0.8606239104020287
ENSMUSG00000020516.16:B1	label_permutation	8.603920195578257e-52	0.097187611249555	5617	7	>20	0.8606239104020287
ENSMUSG00000020918.15:B1	label_permutation	0.4474701272117803	0.8147330900449801	11782	4	>20	0.9493623123698782
ENSMUSG00000021373.17:B1	label_permutation	0.1217308602561959	0.7597984322508399	10715	6	>20	0.9310072933636369
ENSMUSG00000022044.15:B1	label_permutation	0.2025376909836332	0.5456538560742843	7753	1	11-20	0.894080632179703
ENSMUSG00000022523.11:B1	label_permutation	3.271973438504545e-06	0.5900770712909441	6227	10	>20	0.9031963775729192
ENSMUSG00000023017.11:B1	label_permutation	0.4621688867047387	0.8093537225136734	8958	3	>20	0.9465130734353043
ENSMUSG00000024283.16:B1	label_permutation	1.0551426071754094e-05	0.3368936359590565	2246	5	11-20	0.8768883635306256
ENSMUSG00000024767.12:B1	label_permutation	0.3986899765999425	0.6789531079607416	4584	1	6-10	0.9110999233898707
ENSMUSG00000025255.19:B1	label_permutation	3.640339096700209e-22	0.2002490295173222	13652	5	>20	0.8674506604704691
ENSMUSG00000026458.14:B1	label_permutation	2.297187064293132e-09	0.2957591738079543	13652	5	>20	0.8750110119110907
ENSMUSG00000026904.18:B1	label_permutation	0.0141034670885649	0.6201007838745801	10715	6	>20	0.9037363545202307
ENSMUSG00000027488.13:B1	label_permutation	3.1659705407833187e-84	0.07110168545596607	8958	3	>20	0.8606239104020287
ENSMUSG00000028020.17:B1	label_permutation	3.022024903896963e-15	0.2947454844006568	2435	6	11-20	0.8750110119110907
ENSMUSG00000028557.11:B1	label_permutation	0.3018920660621294	0.6764705882352942	2753	2	6-10	0.9110999233898707
ENSMUSG00000029071.17:B1	label_permutation	2.506786764537785e-07	0.19652150095864146	7301	2	11-20	0.8674506604704691
ENSMUSG00000029528.20:B1	label_permutation	3.34620239541762e-13	0.1882899148826412	7753	1	11-20	0.8660184484869279
ENSMUSG00000030120.15:B1	label_permutation	0.0478045186081542	0.62572318647085	2246	5	11-20	0.9037363545202307
ENSMUSG00000030757.14:B1	label_permutation	1.091029250356629e-37	0.1260185288536667	8958	3	>20	0.8606239104020287
ENSMUSG00000031467.11:B1	label_permutation	0.120895379403463	0.4935659760087241	4584	1	6-10	0.8921327130306684
ENSMUSG00000032010.16:B1	label_permutation	1.0414489525806877e-13	0.6440677966101694	1474	16	>20	0.9053280185658723
ENSMUSG00000032405.11:B1	label_permutation	1.6193409952932783e-36	0.1998932004271983	5617	7	>20	0.8674506604704691
ENSMUSG00000032939.15:B1	label_permutation	1.6565425429176726e-28	0.1517357222844345	10715	6	>20	0.8606239104020287
ENSMUSG00000033904.17:B1	label_permutation	0.6418859649332123	0.8761775439192057	11782	4	>20	0.9673050255628757
ENSMUSG00000034602.16:B1	label_permutation	2.3706718298013447e-25	0.2761372705506784	7517	8	>20	0.8750110119110907
ENSMUSG00000035390.17:B1	label_permutation	0.0293630541829792	0.8350995504174695	6227	10	>20	0.9571860655446038
ENSMUSG00000036323.15:B1	label_permutation	0.0063297263158319	0.5149087672452158	2246	5	11-20	0.894080632179703
ENSMUSG00000037217.16:B1	label_permutation	0.0008034094771163	0.6811489258991069	4142	9	>20	0.9110999233898707
ENSMUSG00000037996.18:B1	label_permutation	0.0113960334568252	0.608809257185517	10715	6	>20	0.903460907270032
ENSMUSG00000038534.20:B1	label_permutation	1.6215020326590664e-28	0.13180005092081812	11782	4	>20	0.8606239104020287
ENSMUSG00000039318.13:B1	label_permutation	0.1167348874212438	0.6682508698973096	11782	4	>20	0.9102726673458381
ENSMUSG00000040225.16:B1	label_permutation	2.206907248852995e-11	0.5568076852022907	5412	12	>20	0.8956389798674386
ENSMUSG00000041020.15:B3	label_permutation	8.668550644807248e-35	0.11496827174318776	10715	6	>20	0.8606239104020287
ENSMUSG00000042105.19:B1	label_permutation	3.813258365283276e-08	0.5986460348162476	1033	10	11-20	0.903460907270032
ENSMUSG00000043419.12:B1	label_permutation	0.077516922085337	0.4821966584497398	7301	2	11-20	0.8914176034062342
ENSMUSG00000045962.17:B1	label_permutation	2.845094552713664e-80	0.15760869565217392	183	33	>20	0.8606239104020287
ENSMUSG00000048490.15:B1	label_permutation	0.0519302570597782	0.6297285269247886	2246	5	11-20	0.9037363545202307
ENSMUSG00000051375.16:B1	label_permutation	0.0289353909007451	0.7776004256451183	7517	8	>20	0.9354869458056242
ENSMUSG00000053470.14:B1	label_permutation	3.379469584947028e-23	0.10180201263749122	4272	4	11-20	0.8606239104020287
ENSMUSG00000055932.16:B1	label_permutation	4.941476893324853e-23	0.3946055791612784	5412	12	>20	0.8802533382017219
ENSMUSG00000058013.12:B1	label_permutation	0.004215943298749	0.6183695265218939	5617	7	>20	0.9037363545202307
ENSMUSG00000060002.15:B1	label_permutation	0.0700363212600067	0.40418118466898956	286	3	1-5	0.8802533382017219
ENSMUSG00000062257.14:B1	label_permutation	0.0085284157617152	0.6475614097543609	5617	7	>20	0.9053280185658723
ENSMUSG00000066456.15:B1	label_permutation	0.0235015206826189	0.37731733914940024	4584	1	6-10	0.8802533382017219
ENSMUSG00000070808.5:B1	label_permutation	2.929129564040347e-44	0.061490002738975626	7301	2	11-20	0.8606239104020287
ENSMUSG00000078161.9:B1	label_permutation	0.4222859290021193	0.8474139948513925	4272	4	11-20	0.9585667932457129
ENSMUSG00000087370.4:B1	label_permutation	2.5937928134317323e-10	0.13507625272331156	2753	2	6-10	0.8606239104020287
ENSMUSG00000103144.2:B1	label_permutation	0.0127410250728291	0.8008991650610148	6227	10	>20	0.9417705743754179
ENSMUSG00000021493.16:B1	label_permutation	2.4992428245807583e-24	0.2857142857142857	7517	8	>20	0.8750110119110907
ENSMUSG00000021493.16:B2	label_permutation	3.209566250914076e-24	0.2869114126097366	7517	8	>20	0.8750110119110907
ENSMUSG00000021493.16:B3	label_permutation	0.0027226000532266	0.48578460493931935	11782	4	>20	0.8914176034062342
ENSMUSG00000032036.16:B1	label_permutation	1.70930944278789e-05	0.6153846153846154	38	5	1-5	0.9036329068266031
ENSMUSG00000032036.16:B2	label_permutation	1.9670644394350397e-08	0.4297820823244552	825	4	6-10	0.8802533382017219
ENSMUSG00000032036.16:B3	label_permutation	0.0077498072455648	0.3707334785766158	2753	2	6-10	0.8799716412619639
ENSMUSG00000032036.16:B5	label_permutation	0.0198641605208119	0.7094430992736077	825	4	6-10	0.9212513888388844
ENSMUSG00000006464.10:B1	label_permutation	0.0270292200924852	0.4790083966413435	5001	3	11-20	0.8914176034062342
ENSMUSG00000006464.10:B2	label_permutation	0.0034614279445553	0.7204433497536946	2435	6	11-20	0.9230203615333576
ENSMUSG00000006464.10:B3	label_permutation	2.4369566818052228e-77	0.032593809915091754	7301	2	11-20	0.8606239104020287
ENSMUSG00000022456.19:B1	label_permutation	1.0276272783672902e-09	0.652486518873577	1668	14	>20	0.9053909888911233
ENSMUSG00000022456.19:B2	label_permutation	0.0028424553252656	0.6041295834816661	5617	7	>20	0.903460907270032
ENSMUSG00000022456.19:B3	label_permutation	0.0256564598144298	0.7050551797792809	5617	7	>20	0.9189437290974735
ENSMUSG00000028064.18:B1	label_permutation	3.3566931815880063e-16	0.4840199519674857	5412	12	>20	0.8914176034062342
ENSMUSG00000028064.18:B2	label_permutation	0.0355200863675008	0.592803191037936	11782	4	>20	0.903460907270032
ENSMUSG00000028064.18:B3	label_permutation	1.839172256816025e-36	0.09581600611049818	11782	4	>20	0.8606239104020287
ENSMUSG00000033767.15:B1	label_permutation	2.167755017011317e-90	0.020530048525569243	10715	6	>20	0.8606239104020287
ENSMUSG00000033767.15:B3	label_permutation	7.21531339076106e-34	0.11944755505785741	10715	6	>20	0.8606239104020287
ENSMUSG00000033767.15:B4	label_permutation	1.1016187874476456e-35	0.11142217245240761	10715	6	>20	0.8606239104020287
ENSMUSG00000042292.19:B1	label_permutation	5.6630854000736855e-25	0.1354679802955665	2435	6	11-20	0.8606239104020287
ENSMUSG00000042292.19:B2	label_permutation	0.1341024364434529	0.6089564174330268	5001	3	11-20	0.903460907270032
ENSMUSG00000042292.19:B3	label_permutation	0.1754703353518522	0.6385445821671332	5001	3	11-20	0.9044849332081017
ENSMUSG00000001211.16:B2	label_permutation	8.002065750316646e-08	0.5438342967244701	6227	10	>20	0.894080632179703
ENSMUSG00000017670.17:B1	label_permutation	4.616893204117493e-85	0.023676509710029263	7517	8	>20	0.8606239104020287
ENSMUSG00000017670.17:B2	label_permutation	7.191649811502659e-06	0.5462889066241021	7517	8	>20	0.894080632179703
ENSMUSG00000021974.16:B2	label_permutation	0.4356059855159711	0.7430124223602484	2575	1	>20	0.9284035186765294
ENSMUSG00000025162.19:B1	label_permutation	0.2321206684555485	0.7341933293728252	11782	4	>20	0.92506913456968
ENSMUSG00000025162.19:B2	label_permutation	0.8013517539688428	0.9745943069965416	7517	8	>20	1.0
ENSMUSG00000028252.21:B1	label_permutation	6.631053931544364e-59	0.04245987308697275	10715	6	>20	0.8606239104020287
ENSMUSG00000028252.21:B2	label_permutation	1.978152118813297e-13	0.4091238233164374	4142	9	>20	0.8802533382017219
ENSMUSG00000030584.15:B1	label_permutation	0.2904576972308185	0.7933536157266557	4272	4	11-20	0.9409009893787282
ENSMUSG00000030584.15:B2	label_permutation	0.8800095086430143	0.9390577923856478	7301	2	11-20	0.9956029751476722
ENSMUSG00000032812.19:B1	label_permutation	0.0015053483933566	0.29800054779512464	7301	2	11-20	0.8768883635306256
ENSMUSG00000032812.19:B2	label_permutation	0.0097971208487672	0.31841630126386383	7753	1	11-20	0.8768883635306256
ENSMUSG00000038241.17:B1	label_permutation	1.0686893026744518e-16	0.23159745110964622	13652	5	>20	0.8674506604704691
ENSMUSG00000038241.17:B3	label_permutation	7.320394811008164e-42	0.1628131021194605	6227	10	>20	0.8660184484869279
ENSMUSG00000041966.19:B2	label_permutation	0.0021310816528905	0.2826608505997819	4584	1	6-10	0.8750110119110907
ENSMUSG00000052387.17:B1	label_permutation	3.814742952045218e-44	0.10735009671179883	1033	10	11-20	0.8606239104020287
ENSMUSG00000063659.12:B1	label_permutation	1.2682150884483724e-64	0.06669129872529096	5412	12	>20	0.8606239104020287
ENSMUSG00000063659.12:B3	label_permutation	1.960057895908145e-40	0.08939902948861515	10715	6	>20	0.8606239104020287
ENSMUSG00000001158.14:B1	label_permutation	3.7066803504463423e-75	0.09285530049006964	7753	1	11-20	0.8606239104020287
ENSMUSG00000003279.18:B1	label_permutation	7.891404713218553e-13	0.6977989292088043	1680	18	>20	0.9150593486619103
ENSMUSG00000005442.14:B2	label_permutation	1.4997062809067069e-12	0.28564762971257934	10715	6	>20	0.8750110119110907
ENSMUSG00000009013.6:B1	label_permutation	0.3175018539065892	0.6239360330152179	7753	1	11-20	0.9037363545202307
ENSMUSG00000015112.16:B1	label_permutation	0.0264556488217735	0.5981745846009829	4272	4	11-20	0.903460907270032
ENSMUSG00000018209.16:B1	label_permutation	1.7055937241123393e-102	0.015864128406121687	10715	6	>20	0.8606239104020287
ENSMUSG00000020064.10:B1	label_permutation	3.825302496771762e-16	0.23482018603969823	13652	5	>20	0.8674506604704691
ENSMUSG00000020520.15:B1	label_permutation	0.1105233534355778	0.6715740130374277	13652	5	>20	0.9110999233898707
ENSMUSG00000020919.12:B1	label_permutation	0.0001413655184642	0.41211915471441907	11782	4	>20	0.8802533382017219
ENSMUSG00000021427.11:B1	label_permutation	0.0044013983971123	0.7570648683365446	6227	10	>20	0.9300637725810085
ENSMUSG00000022052.10:B1	label_permutation	0.0054359881212276	0.3367570528622295	7301	2	11-20	0.8768883635306256
ENSMUSG00000022529.12:B1	label_permutation	2.364449649355812e-45	0.08244274809160305	4584	1	6-10	0.8606239104020287
ENSMUSG00000023018.6:B1	label_permutation	0.0105379348777791	0.5230352303523035	13652	5	>20	0.894080632179703
ENSMUSG00000024286.9:B1	label_permutation	1.896068262138249e-09	0.280599110695062	4272	4	11-20	0.8750110119110907
ENSMUSG00000024780.8:B1	label_permutation	2.3193545092419625e-33	0.5411007862759114	1398	24	>20	0.894080632179703
ENSMUSG00000025261.19:B1	label_permutation	2.0384332680522063e-10	0.5762054313689267	5412	12	>20	0.8997902400062849
ENSMUSG00000025885.19:B1	label_permutation	5.591809362191039e-13	0.19886363636363635	3519	1	1-5	0.8674506604704691
ENSMUSG00000026463.18:B1	label_permutation	7.170855436725563e-57	0.16656751933372993	1680	18	>20	0.8660184484869279
ENSMUSG00000026915.17:B1	label_permutation	1.03612623288026e-09	0.4716389090031378	4142	9	>20	0.8914176034062342
ENSMUSG00000027499.13:B1	label_permutation	0.0181011462816533	0.40539772727272727	3519	1	1-5	0.8802533382017219
ENSMUSG00000028028.12:B1	label_permutation	3.518775469108148e-70	0.10252772762445189	7753	1	11-20	0.8606239104020287
ENSMUSG00000028559.18:B1	label_permutation	0.2546700119151579	0.5815340909090909	3519	1	1-5	0.8997902400062849
ENSMUSG00000029076.15:B1	label_permutation	3.375270324374161e-07	0.558766859344894	6227	10	>20	0.8958609582218886
ENSMUSG00000029544.17:B1	label_permutation	0.0058577078065604	0.39479813664596275	2575	1	>20	0.8802533382017219
ENSMUSG00000030126.18:B1	label_permutation	2.6438227748097026e-63	0.13333333333333333	14	24	11-20	0.8606239104020287
ENSMUSG00000030759.17:B1	label_permutation	5.361100646926274e-19	0.19756669271124008	8958	3	>20	0.8674506604704691
ENSMUSG00000031486.16:B1	label_permutation	0.3586481211007996	0.6588876772082879	4584	1	6-10	0.9069038962860783
ENSMUSG00000032011.6:B1	label_permutation	6.1230247632090155e-44	0.14691714836223507	6227	10	>20	0.8606239104020287
ENSMUSG00000032407.15:B1	label_permutation	3.336212216750124e-48	0.10668597634564325	4142	9	>20	0.8606239104020287
ENSMUSG00000032959.13:B1	label_permutation	0.2017541715958901	0.5563794983642312	4584	1	6-10	0.8956389798674386
ENSMUSG00000033909.18:B1	label_permutation	5.897451601918063e-49	0.08188676481359408	13652	5	>20	0.8606239104020287
ENSMUSG00000034610.15:B1	label_permutation	2.7056350508430526e-06	0.4008958566629339	10715	6	>20	0.8802533382017219
ENSMUSG00000035401.10:B1	label_permutation	0.464478239847566	0.8210133242807435	11782	4	>20	0.9509365668344487
ENSMUSG00000036333.12:B1	label_permutation	0.0234533351237352	0.7673583399840384	7517	8	>20	0.9329062959889604
ENSMUSG00000037235.14:B1	label_permutation	0.0499199205338814	0.634448864966066	4272	4	11-20	0.903855163864902
ENSMUSG00000037997.13:B1	label_permutation	1.719642094367069e-07	0.2233106757297081	5001	3	11-20	0.8674506604704691
ENSMUSG00000038535.18:B1	label_permutation	2.463347293656753e-33	0.32174955062911925	1668	14	>20	0.8768883635306256
ENSMUSG00000039347.8:B1	label_permutation	3.2575499760299874e-40	0.018159806295399514	825	4	6-10	0.8606239104020287
ENSMUSG00000040249.16:B1	label_permutation	1.0056110925872061e-50	0.12987252909661925	5412	12	>20	0.8606239104020287
ENSMUSG00000042121.17:B1	label_permutation	0.010085815893706	0.4111045481393975	1692	2	1-5	0.8802533382017219
ENSMUSG00000043456.18:B1	label_permutation	7.753435716285877e-10	0.20036764705882354	1087	3	6-10	0.8674506604704691
ENSMUSG00000045980.14:B1	label_permutation	1.4287775440632594e-05	0.3437883692376381	8958	3	>20	0.8772378175865799
ENSMUSG00000048661.15:B1	label_permutation	1.0	1.0	11782	4	>20	1.0
ENSMUSG00000051391.10:B1	label_permutation	0.0023496608732645	0.7098720733767802	4142	9	>20	0.9212513888388844
ENSMUSG00000053510.13:B3	label_permutation	2.354168650634309e-20	0.2983268066927732	5617	7	>20	0.8768883635306256
ENSMUSG00000056069.11:B1	label_permutation	0.3787753113047262	0.7158385093167702	2575	1	>20	0.9220008085299167
ENSMUSG00000058070.15:B1	label_permutation	1.0	1.0	5412	12	>20	1.0
ENSMUSG00000060012.10:B1	label_permutation	1.0286884616844458e-42	0.15978759353125754	4142	9	>20	0.8651631871439415
ENSMUSG00000062372.14:B1	label_permutation	0.6559723184029489	0.8209194940774944	4980	2	>20	0.9509365668344487
ENSMUSG00000066595.10:B1	label_permutation	6.278917304484948e-37	0.15127676038173846	7753	1	11-20	0.8606239104020287
ENSMUSG00000070822.6:B1	label_permutation	3.050941267718183e-12	0.22256026211092908	4272	4	11-20	0.8674506604704691
ENSMUSG00000078190.8:B1	label_permutation	0.4729723439406974	0.8630938450737187	4272	4	11-20	0.9635614497117158
ENSMUSG00000087473.8:B1	label_permutation	1.0414791861524572e-47	0.10548052237972988	8958	3	>20	0.8606239104020287
ENSMUSG00000104283.2:B1	label_permutation	6.1856841329867195e-49	0.10113444363987449	4142	9	>20	0.8606239104020287
ENSMUSG00000022099.18:B2	label_permutation	0.0030772177291837	0.6062655749377003	5617	7	>20	0.903460907270032
ENSMUSG00000022099.18:B3	label_permutation	5.752110206569156e-33	0.32594367884961056	1668	14	>20	0.8768883635306256
ENSMUSG00000022099.18:B4	label_permutation	8.546397603391049e-24	0.4541641701617735	1668	14	>20	0.8893579945608221
ENSMUSG00000032280.17:B2	label_permutation	7.896454196086211e-36	0.07635467980295567	2435	6	11-20	0.8606239104020287
ENSMUSG00000032280.17:B4	label_permutation	0.442361524115091	0.9417077175697866	2435	6	11-20	0.9971849524744176
ENSMUSG00000032280.17:B5	label_permutation	0.3110836038769458	0.7207117153138745	5001	3	11-20	0.9230203615333576
ENSMUSG00000006673.15:B2	label_permutation	0.0001867510859696	0.41309602285212044	13652	5	>20	0.8802533382017219
ENSMUSG00000006673.15:B3	label_permutation	1.5967209552821062e-249	0.14169254658385094	2575	1	>20	0.8606239104020287
ENSMUSG00000022565.16:B2	label_permutation	2.5527618558073997e-50	0.1313617606602476	1453	11	>20	0.8606239104020287
ENSMUSG00000022565.16:B4	label_permutation	9.153016508834509e-97	0.024630541871921183	405	22	>20	0.8606239104020287
ENSMUSG00000028078.15:B1	label_permutation	1.5186701466627205e-14	0.506004064289673	5412	12	>20	0.894080632179703
ENSMUSG00000028078.15:B2	label_permutation	0.8885776422726185	0.9500127302045319	11782	4	>20	0.9991689088672994
ENSMUSG00000028078.15:B3	label_permutation	3.968293945045802e-26	0.14784010863107866	11782	4	>20	0.8606239104020287
ENSMUSG00000033793.13:B1	label_permutation	4.8739135495795305e-15	0.3830806065442937	7517	8	>20	0.8802533382017219
ENSMUSG00000033793.13:B2	label_permutation	0.0083638297964293	0.5253331070185862	11782	4	>20	0.894080632179703
ENSMUSG00000033793.13:B3	label_permutation	0.0882535207593692	0.6482220147670372	11782	4	>20	0.9053280185658723
ENSMUSG00000042554.11:B1	label_permutation	0.1576267433301064	0.5164667393675028	4584	1	6-10	0.894080632179703
ENSMUSG00000042554.11:B2	label_permutation	0.1879396204144367	0.5393675027262813	4584	1	6-10	0.894080632179703
ENSMUSG00000001482.16:B1	label_permutation	1.0533372516227784e-07	0.24632352941176472	1087	3	6-10	0.8695150142445928
ENSMUSG00000001482.16:B2	label_permutation	3.8457111608041645e-08	0.18554829339143064	2753	2	6-10	0.8660184484869279
ENSMUSG00000017734.16:B2	label_permutation	0.0003934140479098	0.26732402081621476	7301	2	11-20	0.8750110119110907
ENSMUSG00000021986.10:B1	label_permutation	3.936780147157552e-25	0.37280620727877334	5412	12	>20	0.8799716412619639
ENSMUSG00000021986.10:B2	label_permutation	0.0002859656318604	0.48114968271743186	10715	6	>20	0.8914176034062342
ENSMUSG00000025372.17:B1	label_permutation	1.141904745330158e-32	0.21495078478318702	7517	8	>20	0.8674506604704691
ENSMUSG00000025372.17:B2	label_permutation	5.3892695288792395e-46	0.22983050847457628	1474	16	>20	0.8674506604704691
ENSMUSG00000028266.18:B1	label_permutation	1.0439856341513236e-29	0.12390732411100738	11782	4	>20	0.8606239104020287
ENSMUSG00000028266.18:B3	label_permutation	0.0779651644660158	0.5274041357157198	4980	2	>20	0.894080632179703
ENSMUSG00000030600.16:B1	label_permutation	4.1689393149283406e-14	0.2643633540372671	2575	1	>20	0.8750110119110907
ENSMUSG00000030600.16:B2	label_permutation	6.24267733193158e-16	0.20618349728970087	4980	2	>20	0.8674506604704691
ENSMUSG00000032816.16:B1	label_permutation	0.6122728873403339	0.8007395234182416	7301	2	11-20	0.9417705743754179
ENSMUSG00000032816.16:B2	label_permutation	0.8352243041833816	0.9564708635619003	4272	4	11-20	1.0
ENSMUSG00000038291.17:B1	label_permutation	8.503693369112178e-06	0.5489491886139931	7517	8	>20	0.894080632179703
ENSMUSG00000038291.17:B2	label_permutation	1.3574112869553524e-12	0.2512093694305355	11782	4	>20	0.8695150142445928
ENSMUSG00000041992.10:B1	label_permutation	1.0717977863749356e-08	0.47100292631018886	7517	8	>20	0.8914176034062342
ENSMUSG00000041992.10:B2	label_permutation	1.7650691482350364e-60	0.06322668250869898	11782	4	>20	0.8606239104020287
ENSMUSG00000052533.15:B1	label_permutation	1.9744619817837263e-52	0.11786440051727323	5412	12	>20	0.8606239104020287
ENSMUSG00000052533.15:B2	label_permutation	6.47500557198262e-88	0.021836506159014557	10715	6	>20	0.8606239104020287
ENSMUSG00000063681.15:B2	label_permutation	4.5152038001989165e-25	0.08863636363636364	3519	1	1-5	0.8606239104020287
ENSMUSG00000001173.16:B1	label_permutation	1.0548994897127157e-13	0.3333333333333333	2435	6	11-20	0.8768883635306256
ENSMUSG00000003345.17:B1	label_permutation	0.4394247593169348	0.782686925229908	5001	3	11-20	0.9372222334087947
ENSMUSG00000005469.11:B1	label_permutation	0.8269895705163541	0.9178307313064914	7301	2	11-20	0.9865819668579794
ENSMUSG00000009079.17:B1	label_permutation	1.1305219660267768e-25	0.29672447013487474	6227	10	>20	0.8761365103719626
ENSMUSG00000015143.16:B1	label_permutation	0.7040996227995786	0.8598674964866493	4980	2	>20	0.962553981941598
ENSMUSG00000018293.5:B1	label_permutation	0.0921064817148527	0.49176136363636364	3519	1	1-5	0.8914176034062342
ENSMUSG00000020070.19:B1	label_permutation	1.5187904100723578e-05	0.5913589186579773	4142	9	>20	0.903460907270032
ENSMUSG00000020522.14:B1	label_permutation	0.6154131460309311	0.8025198575732676	7301	2	11-20	0.9426357135217629
ENSMUSG00000020926.17:B1	label_permutation	3.779901759905054e-38	0.18707725169099323	5617	7	>20	0.8660184484869279
ENSMUSG00000021431.16:B1	label_permutation	0.3553890363660709	0.6529533144183647	7753	1	11-20	0.9053909888911233
ENSMUSG00000022054.12:B1	label_permutation	4.8304634118284e-30	0.23649906890130354	7517	8	>20	0.8674506604704691
ENSMUSG00000022533.15:B1	label_permutation	1.0426747367659552e-50	0.07488693801542963	7517	8	>20	0.8606239104020287
ENSMUSG00000023019.13:B1	label_permutation	0.6943245822769282	0.8456587236373596	7301	2	11-20	0.9585667932457129
ENSMUSG00000024781.17:B1	label_permutation	0.2940047088171693	0.703125	1087	3	6-10	0.9182179907121788
ENSMUSG00000025266.12:B1	label_permutation	2.0952043113571398e-126	0.011569953720185119	5617	7	>20	0.8606239104020287
ENSMUSG00000025889.14:B1	label_permutation	0.0130665665508023	0.3288625225689967	7753	1	11-20	0.8768883635306256
ENSMUSG00000026470.15:B1	label_permutation	0.846761129338606	0.8924754634678299	4584	1	6-10	0.9741370112064653
ENSMUSG00000026918.17:B1	label_permutation	3.2201292711979606e-16	0.23438072218560024	13652	5	>20	0.8674506604704691
ENSMUSG00000027508.16:B1	label_permutation	0.0081294057738465	0.3718228031953522	2753	2	6-10	0.8799716412619639
ENSMUSG00000028041.18:B1	label_permutation	0.4852285794692921	0.7351410572445906	7301	2	11-20	0.9254562809270118
ENSMUSG00000029089.9:B1	label_permutation	3.2268483988584297e-101	0.024390243902439025	13652	5	>20	0.8606239104020287
ENSMUSG00000029547.11:B1	label_permutation	0.0213972117833038	0.6927732289070844	5617	7	>20	0.9150066189174714
ENSMUSG00000030127.16:B1	label_permutation	0.0570754269610168	0.39128191900954346	7753	1	11-20	0.8802533382017219
ENSMUSG00000030774.14:B1	label_permutation	2.4652060641233324e-05	0.38050245367318536	13652	5	>20	0.8802533382017219
ENSMUSG00000031508.15:B1	label_permutation	2.017202949417384e-32	0.07077169132347061	5001	3	11-20	0.8606239104020287
ENSMUSG00000032012.10:B1	label_permutation	3.4799706654952346e-57	0.09409532313874316	8958	3	>20	0.8606239104020287
ENSMUSG00000032409.16:B1	label_permutation	3.589311323839724e-110	0.017651798139603016	13652	5	>20	0.8606239104020287
ENSMUSG00000032965.12:B1	label_permutation	1.0732625598802287e-16	0.21666808113383687	11782	4	>20	0.8674506604704691
ENSMUSG00000033910.14:B1	label_permutation	0.1130280973790441	0.5889644142343062	5001	3	11-20	0.9031818431609606
ENSMUSG00000034613.13:B1	label_permutation	1.512795285870742e-37	0.10097051138484509	10715	6	>20	0.8606239104020287
ENSMUSG00000035437.16:B1	label_permutation	2.959942774255505e-12	0.4265025343953657	4142	9	>20	0.8802533382017219
ENSMUSG00000036371.7:B1	label_permutation	0.1946383705694261	0.8446066215735137	5617	7	>20	0.9585667932457129
ENSMUSG00000038002.10:B1	label_permutation	1.1089828960664309e-07	0.364501679731243	10715	6	>20	0.8799716412619639
ENSMUSG00000038538.18:B1	label_permutation	0.0216876195410081	0.7945932898865556	4142	9	>20	0.9411294352823588
ENSMUSG00000039354.17:B1	label_permutation	3.203447548232217e-11	0.3713065147739409	5617	7	>20	0.8799716412619639
ENSMUSG00000040260.9:B1	label_permutation	0.002447795056153	0.37703272435253965	4980	2	>20	0.8802533382017219
ENSMUSG00000041028.17:B1	label_permutation	0.1390625645121656	0.7156208277703605	2246	5	11-20	0.9220008085299167
ENSMUSG00000042133.17:B1	label_permutation	0.0235088719663957	0.8261078998073218	6227	10	>20	0.9536325224293042
ENSMUSG00000043460.8:B1	label_permutation	0.0093754554273002	0.5305949248917933	11782	4	>20	0.894080632179703
ENSMUSG00000045994.18:B1	label_permutation	6.178672897492824e-87	0.03235470341521869	1668	14	>20	0.8606239104020287
ENSMUSG00000048814.12:B1	label_permutation	0.0108622444800551	0.6061030235162373	10715	6	>20	0.903460907270032
ENSMUSG00000051401.8:B1	label_permutation	0.104184092428583	0.7478536767450541	10715	6	>20	0.9295624013670085
ENSMUSG00000053550.14:B1	label_permutation	6.0205485044146616e-06	0.41134751773049644	10715	6	>20	0.8802533382017219
ENSMUSG00000056073.17:B2	label_permutation	1.483528423505613e-25	0.27427507315775473	7517	8	>20	0.8750110119110907
ENSMUSG00000058135.13:B1	label_permutation	8.25224820906863e-05	0.23140676117775355	4584	1	6-10	0.8674506604704691
ENSMUSG00000060098.12:B1	label_permutation	2.8988599274366077e-35	0.21622670807453417	2575	1	>20	0.8674506604704691
ENSMUSG00000062380.5:B1	label_permutation	0.8518295772001626	0.9200367647058824	1087	3	6-10	0.9874780512444977
ENSMUSG00000066607.6:B1	label_permutation	0.0159933194865738	0.676923076923077	64	5	6-10	0.9110999233898707
ENSMUSG00000070871.11:B1	label_permutation	0.0080306553233127	0.39751552795031053	2575	1	>20	0.8802533382017219
ENSMUSG00000078307.4:B1	label_permutation	1.1372817664619758e-10	0.31177678238148565	10715	6	>20	0.8768883635306256
ENSMUSG00000087620.9:B1	label_permutation	0.6092603226630896	0.8024493073679984	4980	2	>20	0.9426357135217629
ENSMUSG00000104586.2:B1	label_permutation	0.0807591051339424	0.5128105590062112	2575	1	>20	0.894080632179703
ENSMUSG00000022377.17:B1	label_permutation	0.1452675998796042	0.6967699406723797	13652	5	>20	0.9150593486619103
ENSMUSG00000022377.17:B2	label_permutation	1.0	1.0	403	15	11-20	1.0
ENSMUSG00000022377.17:B3	label_permutation	0.1452658846108849	0.6967699406723797	13652	5	>20	0.9150593486619103
ENSMUSG00000022377.17:B4	label_permutation	0.0450634411632675	0.6006738445762836	13652	5	>20	0.903460907270032
ENSMUSG00000032511.18:B1	label_permutation	0.0062958225509525	0.3182115594329335	4584	1	6-10	0.8768883635306256
ENSMUSG00000032511.18:B2	label_permutation	0.0074148082516993	0.32562704471101417	4584	1	6-10	0.8768883635306256
ENSMUSG00000032511.18:B3	label_permutation	1.4576140196509254e-11	0.16815703380588876	4584	1	6-10	0.8660184484869279
ENSMUSG00000032511.18:B4	label_permutation	0.1986688364724088	0.6274509803921569	2753	2	6-10	0.9037363545202307
ENSMUSG00000008489.19:B1	label_permutation	9.180034603500982e-09	0.39361702127659576	187	8	6-10	0.8802533382017219
ENSMUSG00000008489.19:B2	label_permutation	3.925482864800933e-06	0.5685550082101807	2435	6	11-20	0.8997902400062849
ENSMUSG00000008489.19:B3	label_permutation	0.6024341779931609	0.7960832648589428	7301	2	11-20	0.9412255175680317
ENSMUSG00000022637.12:B1	label_permutation	1.0115782090167779e-26	0.4750830564784053	300	21	>20	0.8914176034062342
ENSMUSG00000022637.12:B2	label_permutation	3.072174925802327e-11	0.37095051619793523	5617	7	>20	0.8799716412619639
ENSMUSG00000022637.12:B3	label_permutation	6.543108430590963e-12	0.6105452366686639	1668	14	>20	0.9036329068266031
ENSMUSG00000028082.15:B2	label_permutation	0.0005292661280574	0.2606324972737186	4584	1	6-10	0.8750110119110907
ENSMUSG00000033808.17:B1	label_permutation	1.869758906929479e-44	0.14418754014129737	6227	10	>20	0.8606239104020287
ENSMUSG00000033808.17:B2	label_permutation	1.811299843929548e-132	0.008130081300813009	13652	5	>20	0.8606239104020287
ENSMUSG00000033808.17:B3	label_permutation	0.0057305757806633	0.4994506701823775	13652	5	>20	0.8921327130306684
ENSMUSG00000042810.15:B1	label_permutation	4.0361656232028813e-16	0.3734009172097514	4142	9	>20	0.8799716412619639
ENSMUSG00000042810.15:B4	label_permutation	0.0323806354972272	0.5473825203705771	8958	3	>20	0.894080632179703
ENSMUSG00000042810.15:B6	label_permutation	4.417521939624679e-06	0.4068682344158268	10715	6	>20	0.8802533382017219
ENSMUSG00000001786.15:B1	label_permutation	1.856284565933045e-49	0.10934489402697495	6227	10	>20	0.8606239104020287
ENSMUSG00000001786.15:B2	label_permutation	1.0	1.0	13652	5	>20	1.0
ENSMUSG00000017774.20:B1	label_permutation	0.0943264492740487	0.445993031358885	286	3	1-5	0.8861238787535181
ENSMUSG00000017774.20:B2	label_permutation	7.689491778339296e-10	0.17688113413304252	4584	1	6-10	0.8660184484869279
ENSMUSG00000021990.17:B1	label_permutation	0.0034431431444279	0.3850632403131901	4980	2	>20	0.8802533382017219
ENSMUSG00000021990.17:B2	label_permutation	0.1534305325544705	0.5702639751552795	2575	1	>20	0.8997902400062849
ENSMUSG00000025375.16:B1	label_permutation	1.6181123836563083e-32	0.33253445176752544	1668	14	>20	0.8768883635306256
ENSMUSG00000025375.16:B2	label_permutation	2.7990716720983563e-37	0.19419722321110716	5617	7	>20	0.8674506604704691
ENSMUSG00000028289.13:B1	label_permutation	1.7086405860167713e-12	0.28611422172452405	10715	6	>20	0.8750110119110907
ENSMUSG00000028289.13:B2	label_permutation	1.357014282193612e-13	0.5368589743589743	623	9	11-20	0.894080632179703
ENSMUSG00000030629.16:B1	label_permutation	5.991422303465706e-40	0.2187326805837798	5412	12	>20	0.8674506604704691
ENSMUSG00000030629.16:B2	label_permutation	0.1705426408278828	0.7891937290033595	10715	6	>20	0.939506388911549
ENSMUSG00000032841.16:B1	label_permutation	1.2737870630822236e-12	0.36986863711001644	2435	6	11-20	0.8799716412619639
ENSMUSG00000032841.16:B2	label_permutation	5.976609370951999e-28	0.07636945221911236	5001	3	11-20	0.8606239104020287
ENSMUSG00000038453.18:B1	label_permutation	6.449432615615775e-62	0.3031496062992126	253	30	>20	0.8768883635306256
ENSMUSG00000038453.18:B2	label_permutation	3.823571718888637e-107	0.0663265306122449	195	40	>20	0.8606239104020287
ENSMUSG00000042066.17:B1	label_permutation	1.2648453217654388e-11	0.9058823529411765	84	18	11-20	0.9813753526353685
ENSMUSG00000042066.17:B2	label_permutation	0.0018850193517435	0.8827838827838828	818	12	11-20	0.9708030926516559
ENSMUSG00000052833.10:B1	label_permutation	7.84115789813387e-60	0.06906906906906907	13652	5	>20	0.8606239104020287
ENSMUSG00000001175.17:B1	label_permutation	0.0116147377845451	0.8801034546462221	5412	12	>20	0.9694080698970888
ENSMUSG00000003352.15:B1	label_permutation	2.3150255207013408e-14	0.2344054994483578	11782	4	>20	0.8674506604704691
ENSMUSG00000005514.15:B1	label_permutation	2.576551483694115e-146	0.004907346370761005	13652	5	>20	0.8606239104020287
ENSMUSG00000009090.18:B1	label_permutation	0.0082636820927557	0.5140994653189775	13652	5	>20	0.894080632179703
ENSMUSG00000015165.17:B1	label_permutation	9.574314350905808e-20	0.14330218068535824	2246	5	11-20	0.8606239104020287
ENSMUSG00000018334.19:B2	label_permutation	3.822875885867087e-228	0.004198320671731308	5001	3	11-20	0.8606239104020287
ENSMUSG00000020074.8:B1	label_permutation	3.671086953030375e-16	0.23460045411264924	13652	5	>20	0.8674506604704691
ENSMUSG00000020524.17:B1	label_permutation	0.6455977690072663	0.9455322178711285	5617	7	>20	0.9983189577298631
ENSMUSG00000020929.15:B1	label_permutation	3.020930338905225e-24	0.16320122209963506	11782	4	>20	0.8660184484869279
ENSMUSG00000021448.9:B1	label_permutation	6.052204800444575e-06	0.576152546463915	4142	9	>20	0.8997902400062849
ENSMUSG00000022103.11:B1	label_permutation	0.9010425603753802	0.9549689440993789	2575	1	>20	1.0
ENSMUSG00000022536.15:B1	label_permutation	1.8469837098599787e-05	0.5957035964277094	4142	9	>20	0.903460907270032
ENSMUSG00000023025.17:B1	label_permutation	0.0278054074532522	0.80623973727422	2435	6	11-20	0.9444075918433388
ENSMUSG00000024294.15:B1	label_permutation	4.627934059640016e-16	0.2546583850931677	2575	1	>20	0.8703183612295037
ENSMUSG00000024787.15:B1	label_permutation	5.466362246625288e-98	0.028430790121361283	11782	4	>20	0.8606239104020287
ENSMUSG00000025270.14:B1	label_permutation	0.6391159969305478	0.8754137316472884	11782	4	>20	0.9672352950575324
ENSMUSG00000026473.17:B1	label_permutation	1.3381277128766824e-07	0.4968076616121309	7517	8	>20	0.8921327130306684
ENSMUSG00000026924.18:B1	label_permutation	3.074364250919416e-44	0.0759611795446062	10715	6	>20	0.8606239104020287
ENSMUSG00000027522.16:B1	label_permutation	0.0010201360454628	0.44730095949608145	13652	5	>20	0.8874151286691287
ENSMUSG00000028047.12:B1	label_permutation	0.0146794010341846	0.37130681818181815	3519	1	1-5	0.8799716412619639
ENSMUSG00000028572.14:B1	label_permutation	1.4366572046647779e-12	0.2414331956691595	8958	3	>20	0.8674506604704691
ENSMUSG00000029093.15:B1	label_permutation	8.636442625602055e-75	0.015913877837584835	4272	4	11-20	0.8606239104020287
ENSMUSG00000029552.20:B1	label_permutation	0.599755184792065	0.84406237504998	5001	3	11-20	0.9583669311456822
ENSMUSG00000030161.9:B1	label_permutation	0.0815633215012874	0.6452794257672306	13652	5	>20	0.9053280185658723
ENSMUSG00000030795.19:B1	label_permutation	0.0552980616388363	0.6166410312751777	13652	5	>20	0.9036329068266031
ENSMUSG00000031511.17:B2	label_permutation	2.1454047074607784e-85	0.023277467411545624	7517	8	>20	0.8606239104020287
ENSMUSG00000032017.15:B1	label_permutation	0.3901033556353606	0.6658498839308744	7753	1	11-20	0.9089593347088671
ENSMUSG00000032425.16:B1	label_permutation	0.7269999756783624	0.906462774863266	8958	3	>20	0.9813753526353685
ENSMUSG00000033006.11:B1	label_permutation	1.2264665300696951e-67	0.03904034896401309	4584	1	6-10	0.8606239104020287
ENSMUSG00000033918.17:B1	label_permutation	2.5160243318390902e-11	0.27445652173913043	2575	1	>20	0.8750110119110907
ENSMUSG00000034614.15:B1	label_permutation	0.7847967930048574	0.90722049689441	2575	1	>20	0.9813753526353685
ENSMUSG00000035469.18:B1	label_permutation	0.2013766206923735	0.7308283893649747	13652	5	>20	0.9249786649214097
ENSMUSG00000036377.20:B1	label_permutation	3.260990856745576e-26	0.4873271889400922	867	15	>20	0.8914176034062342
ENSMUSG00000037243.18:B1	label_permutation	0.1779127481033519	0.6830003348588012	8958	3	>20	0.9110999233898707
ENSMUSG00000038034.16:B1	label_permutation	4.883661106479571e-54	0.1677651288196525	1668	14	>20	0.8660184484869279
ENSMUSG00000038552.15:B1	label_permutation	0.0649136417967009	0.4381679389312977	4584	1	6-10	0.8802533382017219
ENSMUSG00000039367.12:B1	label_permutation	7.382742776878679e-06	0.22930100593242198	7753	1	11-20	0.8674506604704691
ENSMUSG00000040282.14:B1	label_permutation	0.61401070336553	0.8852266901047389	13652	5	>20	0.972203011909323
ENSMUSG00000041112.18:B1	label_permutation	2.115406103254941e-09	0.2813011935408378	4272	4	11-20	0.8750110119110907
ENSMUSG00000042182.17:B1	label_permutation	9.17086465456354e-27	0.14410591530170586	11782	4	>20	0.8606239104020287
ENSMUSG00000043518.8:B1	label_permutation	0.5252206909026311	0.7540399890440975	7301	2	11-20	0.9300637725810085
ENSMUSG00000046027.18:B1	label_permutation	0.0117735181321701	0.4205552274069699	1692	2	1-5	0.8802533382017219
ENSMUSG00000048834.17:B1	label_permutation	2.081460736899738e-10	0.23188114836378237	4980	2	>20	0.8674506604704691
ENSMUSG00000051427.15:B1	label_permutation	0.4172554125012487	0.7233487251555912	4980	2	>20	0.9248162648219708
ENSMUSG00000053702.17:B1	label_permutation	0.0003330059691864	0.8644688644688645	818	12	11-20	0.9635614497117158
ENSMUSG00000056091.13:B1	label_permutation	0.0194731950246919	0.5195892398705213	8958	3	>20	0.894080632179703
ENSMUSG00000058159.15:B1	label_permutation	0.4663037962486251	0.7119318181818182	3519	1	1-5	0.9216895185571544
ENSMUSG00000060206.12:B1	label_permutation	0.1168282496334666	0.5917632946821272	5001	3	11-20	0.903460907270032
ENSMUSG00000062397.9:B1	label_permutation	7.631387737966542e-11	0.7118437118437119	818	12	11-20	0.9216895185571544
ENSMUSG00000066640.12:B1	label_permutation	0.3172465561274495	0.657354149548069	7301	2	11-20	0.9067371234097674
ENSMUSG00000070880.11:B1	label_permutation	6.16176841769287e-41	0.10661157024793388	1209	8	11-20	0.8606239104020287
ENSMUSG00000078490.11:B1	label_permutation	2.773209730043688e-17	0.6094470046082949	867	15	>20	0.903460907270032
ENSMUSG00000089633.4:B1	label_permutation	8.44108595810646e-21	0.18662479843842825	11782	4	>20	0.8660184484869279
ENSMUSG00000104677.2:B1	label_permutation	4.012250665861018e-39	0.1979242095100169	4142	9	>20	0.8674506604704691
ENSMUSG00000022475.20:B2	label_permutation	0.1340248235068309	0.5539596273291926	2575	1	>20	0.8956389798674386
ENSMUSG00000022475.20:B3	label_permutation	0.0469471592294408	0.4829192546583851	2575	1	>20	0.8914176034062342
ENSMUSG00000022475.20:B4	label_permutation	0.1340245884474874	0.5535714285714286	2575	1	>20	0.8956389798674386
ENSMUSG00000034813.20:B2	label_permutation	0.2061171502154708	0.5850451930977815	7301	2	11-20	0.9006833472604143
ENSMUSG00000034813.20:B3	label_permutation	0.5937119438245924	0.7921117502054231	7301	2	11-20	0.9407373692978782
ENSMUSG00000034813.20:B4	label_permutation	0.5104872546682256	0.9511494252873564	2435	6	11-20	0.9991689088672994
ENSMUSG00000008575.18:B1	label_permutation	0.0414495742685046	0.6820642030608436	10715	6	>20	0.9110999233898707
ENSMUSG00000008575.18:B2	label_permutation	9.79657175569151e-40	0.3135038667459845	1680	18	>20	0.8768883635306256
ENSMUSG00000008575.18:B3	label_permutation	0.0001898041891682	0.7836689451320894	5412	12	>20	0.9376280815251733
ENSMUSG00000022708.17:B1	label_permutation	6.723708973714559e-05	0.6186371100164204	2435	6	11-20	0.9037363545202307
ENSMUSG00000022708.17:B2	label_permutation	2.3750361064986284e-06	0.5541871921182266	2435	6	11-20	0.8956389798674386
ENSMUSG00000022708.17:B3	label_permutation	3.9441813137839706e-23	0.4188034188034188	818	12	11-20	0.8802533382017219
ENSMUSG00000028126.17:B1	label_permutation	1.8234549936706427e-36	0.05523051720102972	4272	4	11-20	0.8606239104020287
ENSMUSG00000028126.17:B2	label_permutation	5.184696537975309e-06	0.28668941979522183	4980	2	>20	0.8750110119110907
ENSMUSG00000028126.17:B3	label_permutation	0.0863645374662183	0.5340293113832564	4980	2	>20	0.894080632179703
ENSMUSG00000033943.16:B1	label_permutation	5.910315101139289e-40	0.1710573157707369	5617	7	>20	0.8660184484869279
ENSMUSG00000033943.16:B2	label_permutation	6.439377708894117e-10	0.38892844428622286	5617	7	>20	0.8802533382017219
ENSMUSG00000033943.16:B5	label_permutation	7.530070683358071e-44	0.13919544321822713	5617	7	>20	0.8606239104020287
ENSMUSG00000043467.20:B1	label_permutation	7.83211048486987e-34	0.08374384236453201	2435	6	11-20	0.8606239104020287
ENSMUSG00000043467.20:B2	label_permutation	4.1501544283414876e-32	0.07137145141943223	5001	3	11-20	0.8606239104020287
ENSMUSG00000043467.20:B3	label_permutation	0.0998037463270503	0.5775689724110356	5001	3	11-20	0.8997902400062849
ENSMUSG00000002578.19:B1	label_permutation	2.754556882368125e-38	0.1305785123966942	1209	8	11-20	0.8606239104020287
ENSMUSG00000002578.19:B2	label_permutation	3.419726848232721e-06	0.3697636321085888	4272	4	11-20	0.8799716412619639
ENSMUSG00000017978.19:B1	label_permutation	0.6292080163029707	0.8554578168732507	5001	3	11-20	0.9621377745864187
ENSMUSG00000017978.19:B3	label_permutation	0.0959006020826158	0.531444099378882	2575	1	>20	0.894080632179703
ENSMUSG00000022019.17:B1	label_permutation	1.4341113452816836e-36	0.12480773456383212	13652	5	>20	0.8606239104020287
ENSMUSG00000022019.17:B3	label_permutation	2.979522668057706e-25	0.3020231213872832	6227	10	>20	0.8768883635306256
ENSMUSG00000028339.18:B2	label_permutation	5.319179209657455e-08	0.238629651506202	1692	2	1-5	0.8674506604704691
ENSMUSG00000030643.15:B2	label_permutation	0.1601178513673198	0.5366477272727272	3519	1	1-5	0.894080632179703
ENSMUSG00000032890.18:B1	label_permutation	1.0793136431029569e-19	0.3723404255319149	1033	10	11-20	0.8799716412619639
ENSMUSG00000032890.18:B2	label_permutation	3.407018337067759e-05	0.36003560302625726	2246	5	11-20	0.8799716412619639
ENSMUSG00000038608.16:B1	label_permutation	4.610811685813739e-11	0.512396694214876	1209	8	11-20	0.894080632179703
ENSMUSG00000038608.16:B2	label_permutation	0.2245061899084011	0.7629300257430377	4272	4	11-20	0.9316868303503292
ENSMUSG00000042099.17:B1	label_permutation	0.5121590607244776	0.7478772938920843	7301	2	11-20	0.9295624013670085
ENSMUSG00000052917.16:B1	label_permutation	0.0187781124863686	0.5591105830433676	11782	4	>20	0.8960923538505328
ENSMUSG00000052917.16:B2	label_permutation	0.4299598029177293	0.7287693234290303	4980	2	>20	0.9249658667442068
ENSMUSG00000067629.14:B1	label_permutation	2.6546189878353683e-30	0.45211183819155265	1680	18	>20	0.8884086579942446
ENSMUSG00000067629.14:B2	label_permutation	0.3577475281061336	0.8926664293342826	5617	7	>20	0.9741370112064653
ENSMUSG00000001227.13:B1	label_permutation	0.0776460308680585	0.6394806076550963	11782	4	>20	0.9050223671739888
ENSMUSG00000003363.16:B1	label_permutation	2.1551791898310875e-06	0.4587041651833393	5617	7	>20	0.8895566450977648
ENSMUSG00000005610.18:B1	label_permutation	0.0702016932266647	0.717431877566256	10715	6	>20	0.9225701719312274
ENSMUSG00000009292.19:B1	label_permutation	0.8007920644812285	0.9072736652050555	7753	1	11-20	0.9813753526353685
ENSMUSG00000015176.12:B1	label_permutation	1.5858387083246696e-07	0.2897196261682243	2246	5	11-20	0.8750110119110907
ENSMUSG00000018340.14:B1	label_permutation	2.420986773696553e-15	0.33392666429334283	5617	7	>20	0.8768883635306256
ENSMUSG00000020097.15:B1	label_permutation	0.6726450528303065	0.8301545874322426	4980	2	>20	0.9551240952177416
ENSMUSG00000020527.15:B1	label_permutation	0.9632239082010382	0.9753061634209998	4980	2	>20	1.0
ENSMUSG00000020932.15:B1	label_permutation	1.2016096516407586e-29	0.1493470253376493	8958	3	>20	0.8606239104020287
ENSMUSG00000021466.13:B1	label_permutation	0.0024257667853774	0.6513317191283293	825	4	6-10	0.9053909888911233
ENSMUSG00000022108.9:B1	label_permutation	2.062345619569876e-40	0.18561428916244269	4142	9	>20	0.8660184484869279
ENSMUSG00000022548.15:B1	label_permutation	0.0015554603616493	0.2776444929116685	4584	1	6-10	0.8750110119110907
ENSMUSG00000023026.17:B1	label_permutation	6.764454806032435e-32	0.2212024474594307	7517	8	>20	0.8674506604704691
ENSMUSG00000024298.16:B1	label_permutation	0.0033958242123097	0.4813594081886765	13652	5	>20	0.8914176034062342
ENSMUSG00000024793.15:B1	label_permutation	0.5999332282975821	0.7849509269356597	4584	1	6-10	0.9384329517554815
ENSMUSG00000025277.15:B1	label_permutation	0.0025165823184481	0.4828142238818637	11782	4	>20	0.8914176034062342
ENSMUSG00000025931.16:B1	label_permutation	0.6163237321536071	0.9479418886198547	825	4	6-10	0.9991689088672994
ENSMUSG00000026482.14:B1	label_permutation	0.0329943369569335	0.5814106789716545	13652	5	>20	0.8997902400062849
ENSMUSG00000026925.17:B1	label_permutation	0.0276191825331776	0.41125718981101067	7301	2	11-20	0.8802533382017219
ENSMUSG00000027550.15:B1	label_permutation	1.0642425248872989e-07	0.2955687018640473	8958	3	>20	0.8750110119110907
ENSMUSG00000028053.14:B1	label_permutation	6.737967198957466e-50	0.13523000184740439	5412	12	>20	0.8606239104020287
ENSMUSG00000028576.13:B1	label_permutation	1.970774853188877e-05	0.38029364338453703	11782	4	>20	0.8802533382017219
ENSMUSG00000029106.15:B1	label_permutation	0.4252625818772851	0.8771929824561403	10715	6	>20	0.9673275726124957
ENSMUSG00000029576.18:B1	label_permutation	0.0108961435279274	0.3954248366013072	2753	2	6-10	0.8802533382017219
ENSMUSG00000030166.15:B1	label_permutation	0.6469561479492363	0.8944554310407969	13652	5	>20	0.9755587017248997
ENSMUSG00000030815.12:B1	label_permutation	0.3428664938098485	0.7673847527625851	8958	3	>20	0.9329062959889604
ENSMUSG00000031532.8:B1	label_permutation	1.704347204202452e-39	0.06915913448370309	7301	2	11-20	0.8606239104020287
ENSMUSG00000032018.15:B1	label_permutation	1.6803605020772966e-58	0.0993776350130496	4980	2	>20	0.8606239104020287
ENSMUSG00000032440.14:B1	label_permutation	0.108027659057095	0.5085227272727273	3519	1	1-5	0.894080632179703
ENSMUSG00000033009.16:B1	label_permutation	0.0895395172883374	0.7363755132512131	10715	6	>20	0.9259293666902495
ENSMUSG00000033955.14:B1	label_permutation	0.1610431669048562	0.6974454722905882	11782	4	>20	0.9150593486619103
ENSMUSG00000034616.18:B1	label_permutation	0.1096467361666289	0.4500902759865876	7753	1	11-20	0.8879911375091342
ENSMUSG00000035486.15:B1	label_permutation	0.4664631043263526	0.8112512557205045	8958	3	>20	0.9469042712016876
ENSMUSG00000036403.16:B1	label_permutation	6.44760689469397e-118	0.03940171894184619	8958	3	>20	0.8606239104020287
ENSMUSG00000037270.19:B1	label_permutation	0.0008147206810927	0.6811489258991069	4142	9	>20	0.9110999233898707
ENSMUSG00000038055.13:B1	label_permutation	1.0750305927830737e-13	0.23138743163299474	8958	3	>20	0.8674506604704691
ENSMUSG00000038564.12:B1	label_permutation	2.87131578177174e-64	0.08739814711463333	8958	3	>20	0.8606239104020287
ENSMUSG00000039375.17:B1	label_permutation	0.0644794172900328	0.40301779726592724	7753	1	11-20	0.8802533382017219
ENSMUSG00000040325.17:B1	label_permutation	0.0009091636239716	0.284168720898384	7301	2	11-20	0.8750110119110907
ENSMUSG00000041115.19:B1	label_permutation	1.0	1.0	62	35	>20	1.0
ENSMUSG00000042197.14:B1	label_permutation	1.1922418443846389e-06	0.5226123969140729	7517	8	>20	0.894080632179703
ENSMUSG00000043587.16:B1	label_permutation	3.2502106060836324e-08	0.3519970138111235	10715	6	>20	0.87970420814686
ENSMUSG00000046093.10:B1	label_permutation	2.6609497899973966e-10	0.316815976110489	10715	6	>20	0.8768883635306256
ENSMUSG00000048874.16:B1	label_permutation	1.6094770065544008e-11	0.42404894918861397	7517	8	>20	0.8802533382017219
ENSMUSG00000051510.14:B1	label_permutation	5.116147531726939e-16	0.23562586977221123	13652	5	>20	0.8674506604704691
ENSMUSG00000053774.10:B1	label_permutation	6.685332039364046e-22	0.1961552818215752	10715	6	>20	0.8674506604704691
ENSMUSG00000056167.9:B1	label_permutation	1.0363777669541151e-40	0.16518333926664294	5617	7	>20	0.8660184484869279
ENSMUSG00000058192.17:B1	label_permutation	3.455791259455779e-235	0.01263863812225948	7753	1	11-20	0.8606239104020287
ENSMUSG00000060260.14:B1	label_permutation	1.530386692571698e-09	0.2409090909090909	3519	1	1-5	0.8674506604704691
ENSMUSG00000062444.16:B1	label_permutation	0.1469995773690594	0.6898922176016294	11782	4	>20	0.9142953777356894
ENSMUSG00000066643.13:B1	label_permutation	5.853164065496477e-07	0.20076691317447276	7301	2	11-20	0.8674506604704691
ENSMUSG00000070939.10:B1	label_permutation	1.3527372289600928e-10	0.2579528965286304	8958	3	>20	0.8724251253863782
ENSMUSG00000078546.9:B1	label_permutation	0.4390585224923609	0.697446479236523	7753	1	11-20	0.9150593486619103
ENSMUSG00000089682.11:B1	label_permutation	0.6453038829031695	0.8608556577369052	5001	3	11-20	0.9625989862825708
ENSMUSG00000105218.5:B1	label_permutation	0.4774253188953655	0.7612577639751553	2575	1	>20	0.931570310568412
ENSMUSG00000022556.12:B1	label_permutation	1.014380573017996e-11	0.13703484937979918	1692	2	1-5	0.8606239104020287
ENSMUSG00000022556.12:B2	label_permutation	2.130788598079971e-05	0.28607954545454545	3519	1	1-5	0.8750110119110907
ENSMUSG00000022556.12:B3	label_permutation	0.0001577398992145	0.2988636363636364	3519	1	1-5	0.8768883635306256
ENSMUSG00000022556.12:B5	label_permutation	0.9240048545881	0.9553977272727273	3519	1	1-5	1.0
ENSMUSG00000037652.16:B1	label_permutation	4.290262156207537e-43	0.2350230414746544	867	15	>20	0.8674506604704691
ENSMUSG00000037652.16:B2	label_permutation	0.1679244444720447	0.7132498352010547	13652	5	>20	0.9216895185571544
ENSMUSG00000037652.16:B3	label_permutation	0.5093769526960598	0.8547571962206109	13652	5	>20	0.9619168679350089
ENSMUSG00000037652.16:B4	label_permutation	0.1720253471144819	0.7155936424229107	13652	5	>20	0.9220008085299167
ENSMUSG00000010453.13:B1	label_permutation	1.3650371152491388e-36	0.27970297029702973	403	15	11-20	0.8750110119110907
ENSMUSG00000010453.13:B2	label_permutation	1.4547530762900598e-05	0.6866537717601547	1033	10	11-20	0.9121066221655937
ENSMUSG00000010453.13:B3	label_permutation	1.0	1.0	1033	10	11-20	1.0
ENSMUSG00000022770.18:B1	label_permutation	1.3878704730038397e-70	0.05246628486975799	5412	12	>20	0.8606239104020287
ENSMUSG00000022770.18:B2	label_permutation	3.323176761838661e-09	0.29084273954001527	11782	4	>20	0.8750110119110907
ENSMUSG00000022770.18:B3	label_permutation	3.546953010393301e-06	0.35593651871340065	11782	4	>20	0.8799716412619639
ENSMUSG00000028137.10:B1	label_permutation	6.827323872951e-52	0.1864406779661017	1474	16	>20	0.8660184484869279
ENSMUSG00000028137.10:B3	label_permutation	1.634074234413567e-40	0.14405426975259378	7517	8	>20	0.8606239104020287
ENSMUSG00000028137.10:B5	label_permutation	1.2747556042694497e-12	0.4103484969406757	7517	8	>20	0.8802533382017219
ENSMUSG00000034342.10:B1	label_permutation	1.065834310447922e-05	0.6595744680851063	187	8	6-10	0.9072089437851377
ENSMUSG00000034342.10:B2	label_permutation	0.0041754457047826	0.5148607535689211	4272	4	11-20	0.894080632179703
ENSMUSG00000034342.10:B3	label_permutation	0.90686349460077	0.9700444652468991	4272	4	11-20	1.0
ENSMUSG00000044024.17:B1	label_permutation	9.232693983251641e-08	0.24242424242424243	32	12	6-10	0.8674506604704691
ENSMUSG00000044024.17:B2	label_permutation	0.004784202706852	0.7958677685950413	1209	8	11-20	0.9412183558068725
ENSMUSG00000044024.17:B3	label_permutation	4.462989490417726e-05	0.6735537190082644	1209	8	11-20	0.9110999233898707
ENSMUSG00000002728.15:B1	label_permutation	2.8209071674622725e-11	0.2504743833017078	8958	3	>20	0.8695150142445928
ENSMUSG00000002728.15:B2	label_permutation	0.0014586040501556	0.5247293766330721	10715	6	>20	0.894080632179703
ENSMUSG00000018042.19:B1	label_permutation	3.433324635439261e-10	0.17424689899586532	1692	2	1-5	0.8660184484869279
ENSMUSG00000018042.19:B2	label_permutation	0.5277675630962233	0.735659760087241	4584	1	6-10	0.9255473017446979
ENSMUSG00000022040.9:B2	label_permutation	6.825661909141271e-207	0.025019344854268766	7753	1	11-20	0.8606239104020287
ENSMUSG00000025468.16:B1	label_permutation	1.4477243602530284e-09	0.4651067323481117	2435	6	11-20	0.8898393180670646
ENSMUSG00000025468.16:B2	label_permutation	0.0399398726386184	0.5039984006397441	5001	3	11-20	0.894080632179703
ENSMUSG00000028414.18:B1	label_permutation	0.0004483599553959	0.26965215009586413	7301	2	11-20	0.8750110119110907
ENSMUSG00000028414.18:B2	label_permutation	0.7576016829527878	0.8894763992777921	7753	1	11-20	0.9741370112064653
ENSMUSG00000030688.16:B2	label_permutation	0.9580095992984732	0.9689126266776226	7301	2	11-20	1.0
ENSMUSG00000032897.18:B1	label_permutation	5.086809574537342e-32	0.33672857998801675	1668	14	>20	0.8768883635306256
ENSMUSG00000032897.18:B2	label_permutation	6.438096947270617e-41	0.163937344250623	5617	7	>20	0.8660184484869279
ENSMUSG00000038615.18:B2	label_permutation	1.0	1.0	50	21	11-20	1.0
ENSMUSG00000042198.13:B2	label_permutation	0.0060378081934075	0.743431855500821	2435	6	11-20	0.9284035186765294
ENSMUSG00000053046.17:B1	label_permutation	0.0015591935121385	0.45696916428623746	13652	5	>20	0.8895566450977648
ENSMUSG00000053046.17:B3	label_permutation	0.0001586586788402	0.6621708413615928	6227	10	>20	0.9077926034510164
ENSMUSG00000068205.15:B1	label_permutation	1.0	1.0	4272	4	11-20	1.0
ENSMUSG00000068205.15:B2	label_permutation	1.371705383763141e-28	0.04923599320882852	588	6	6-10	0.8606239104020287
ENSMUSG00000001248.16:B1	label_permutation	0.0001143937870376	0.4050391855269904	13652	5	>20	0.8802533382017219
ENSMUSG00000003402.15:B1	label_permutation	0.2530593264758258	0.7569764886838057	13652	5	>20	0.9300637725810085
ENSMUSG00000005625.16:B1	label_permutation	1.892023946706312e-10	0.25766440439971916	4272	4	11-20	0.8724251253863782
ENSMUSG00000009394.14:B1	label_permutation	1.7749117551351105e-12	0.4298486932599725	1453	11	>20	0.8802533382017219
ENSMUSG00000015202.14:B1	label_permutation	0.591839969125276	0.828125	1087	3	6-10	0.9537706260236939
ENSMUSG00000018372.14:B1	label_permutation	7.028739381244726e-08	0.3189042701237823	13652	5	>20	0.8768883635306256
ENSMUSG00000020120.16:B1	label_permutation	0.5973285123619408	0.7838604143947655	4584	1	6-10	0.9376280815251733
ENSMUSG00000020528.15:B1	label_permutation	7.59530042008186e-06	0.366290418399389	11782	4	>20	0.8799716412619639
ENSMUSG00000020949.10:B1	label_permutation	0.0028239459158639	0.37984340493876734	4980	2	>20	0.8802533382017219
ENSMUSG00000021494.10:B1	label_permutation	2.358120865600627e-05	0.24116584988393086	7753	1	11-20	0.8674506604704691
ENSMUSG00000022110.14:B1	label_permutation	0.0003377633029461	0.4285835525757447	11782	4	>20	0.8802533382017219
ENSMUSG00000022568.18:B2	label_permutation	0.103730967382652	0.6298694050675299	8958	3	>20	0.9037363545202307
ENSMUSG00000023030.17:B1	label_permutation	8.244845387526065e-06	0.33697957361312647	8958	3	>20	0.8768883635306256
ENSMUSG00000024299.18:B1	label_permutation	3.232695666214015e-20	0.06027596223674655	2753	2	6-10	0.8606239104020287
ENSMUSG00000024829.13:B1	label_permutation	0.0240709217929314	0.45713712106002813	4980	2	>20	0.8895566450977648
ENSMUSG00000025290.18:B1	label_permutation	0.0105994378300931	0.55183711677978	4272	4	11-20	0.8952909757430798
ENSMUSG00000025939.20:B1	label_permutation	1.7976937550787462e-30	0.2650253439536568	4142	9	>20	0.8750110119110907
ENSMUSG00000026494.13:B1	label_permutation	1.2178211031358584e-123	0.0065170166545981175	4142	9	>20	0.8606239104020287
ENSMUSG00000026926.15:B1	label_permutation	0.0021342941910459	0.306628321007943	7301	2	11-20	0.8768883635306256
ENSMUSG00000027551.16:B1	label_permutation	0.2836242036938385	0.8356662933930571	10715	6	>20	0.9571860655446038
ENSMUSG00000028063.16:B1	label_permutation	0.7800065568539611	0.8976109215017065	4980	2	>20	0.9778910566419452
ENSMUSG00000028634.18:B1	label_permutation	8.121297246319324e-47	0.23200475907198095	1680	18	>20	0.8674506604704691
ENSMUSG00000029108.15:B1	label_permutation	5.934170801279472e-05	0.6412973667308928	6227	10	>20	0.9050223671739888
ENSMUSG00000029578.16:B1	label_permutation	6.348440649763851e-06	0.2630947620951619	5001	3	11-20	0.8750110119110907
ENSMUSG00000030168.14:B1	label_permutation	0.073651816046367	0.6383944920530287	13652	5	>20	0.9044849332081017
ENSMUSG00000030844.12:B1	label_permutation	0.4281200995855858	0.6846590909090909	3519	1	1-5	0.9111216921958705
ENSMUSG00000031539.7:B1	label_permutation	0.0593107582954479	0.6214018896945727	13652	5	>20	0.9037363545202307
ENSMUSG00000032020.16:B1	label_permutation	0.0264168070642536	0.5128676470588235	1087	3	6-10	0.894080632179703
ENSMUSG00000032452.13:B1	label_permutation	0.9013230022333928	0.9494077494479021	4980	2	>20	0.9991689088672994
ENSMUSG00000033014.13:B1	label_permutation	0.3357128172041715	0.7327069172331068	5001	3	11-20	0.92506913456968
ENSMUSG00000033960.7:B1	label_permutation	0.0257365496392408	0.5677872994946166	13652	5	>20	0.8997902400062849
ENSMUSG00000034675.18:B1	label_permutation	5.308170744704672e-06	0.5424314977387603	7517	8	>20	0.894080632179703
ENSMUSG00000035505.15:B1	label_permutation	0.1225741164521553	0.4604075315965953	7753	1	11-20	0.8895566450977648
ENSMUSG00000036452.19:B1	label_permutation	1.4170935139506003e-06	0.34681022485900537	13652	5	>20	0.8795043135212783
ENSMUSG00000037286.16:B1	label_permutation	0.0017866620453568	0.43732559437437213	8958	3	>20	0.8802533382017219
ENSMUSG00000038576.16:B1	label_permutation	0.1535997457963729	0.6929474666892982	11782	4	>20	0.9150066189174714
ENSMUSG00000039414.11:B1	label_permutation	1.0681969028153804e-05	0.2247329498767461	7301	2	11-20	0.8674506604704691
ENSMUSG00000040327.17:B1	label_permutation	0.0005247145968318	0.43331136014062843	13652	5	>20	0.8802533382017219
ENSMUSG00000041130.11:B1	label_permutation	1.0	1.0	11782	4	>20	1.0
ENSMUSG00000042202.16:B1	label_permutation	0.0042397224337546	0.6945996275605214	7517	8	>20	0.9150593486619103
ENSMUSG00000043733.15:B1	label_permutation	8.339391375027508e-15	0.4218047527296082	6227	10	>20	0.8802533382017219
ENSMUSG00000046204.15:B1	label_permutation	0.0052155266447634	0.30977559969048235	7753	1	11-20	0.8768883635306256
ENSMUSG00000048897.16:B1	label_permutation	0.0469907985576984	0.47530864197530864	2753	2	6-10	0.8914176034062342
ENSMUSG00000051527.12:B1	label_permutation	9.44309474749541e-36	0.3013780707010186	1668	14	>20	0.8768883635306256
ENSMUSG00000053825.16:B1	label_permutation	0.0016467427078528	0.5852616589533642	5617	7	>20	0.9006833472604143
ENSMUSG00000056201.9:B1	label_permutation	4.140374296661784e-05	0.3885592909983154	13652	5	>20	0.8802533382017219
ENSMUSG00000058230.13:B1	label_permutation	0.3522951649372987	0.85675625233296	10715	6	>20	0.9625324162842946
ENSMUSG00000060279.15:B1	label_permutation	0.0159523972641882	0.5423716399326155	13652	5	>20	0.894080632179703
ENSMUSG00000062519.14:B1	label_permutation	0.1051080419562458	0.5494880546075085	4980	2	>20	0.894080632179703
ENSMUSG00000066687.6:B1	label_permutation	0.1846753745737559	0.7974057484135871	10715	6	>20	0.9415203883172437
ENSMUSG00000071042.13:B1	label_permutation	1.1280741453308705e-07	0.24158298877731837	1692	2	1-5	0.8674506604704691
ENSMUSG00000078622.9:B1	label_permutation	0.0333754676626786	0.6043613707165109	2246	5	11-20	0.903460907270032
ENSMUSG00000089715.13:B1	label_permutation	0.0324423960593758	0.6658268010451661	10715	6	>20	0.9089593347088671
ENSMUSG00000105245.2:B1	label_permutation	0.0042727919744957	0.5008911143172367	11782	4	>20	0.8921327130306684
ENSMUSG00000025006.19:B1	label_permutation	0.0011007151007137	0.5160507652108995	10715	6	>20	0.894080632179703
ENSMUSG00000025006.19:B2	label_permutation	0.0001210127429723	0.4640724150802538	10715	6	>20	0.8898393180670646
ENSMUSG00000025006.19:B4	label_permutation	0.2567682826650657	0.8266144083613288	10715	6	>20	0.9536325224293042
ENSMUSG00000025006.19:B5	label_permutation	7.64897181329324e-29	0.14996267263904442	10715	6	>20	0.8606239104020287
ENSMUSG00000025006.19:B7	label_permutation	4.994750523000494e-25	0.3735451690375023	5412	12	>20	0.8799716412619639
ENSMUSG00000025006.19:B9	label_permutation	0.0004152835195867	0.49010824934677116	10715	6	>20	0.8914176034062342
ENSMUSG00000001687.16:B1	label_permutation	0.4496625750668252	0.7538126361655774	2753	2	6-10	0.9300637725810085
ENSMUSG00000001687.16:B2	label_permutation	0.5871411070136047	0.8344226579520697	2753	2	6-10	0.9571860655446038
ENSMUSG00000001687.16:B4	label_permutation	1.934611811790043e-09	0.38498789346246975	825	4	6-10	0.8802533382017219
ENSMUSG00000018537.17:B1	label_permutation	5.925723347337653e-28	0.2819213130581704	4142	9	>20	0.8750110119110907
ENSMUSG00000018537.17:B2	label_permutation	1.938467855785118e-13	0.23350820404062952	8958	3	>20	0.8674506604704691
ENSMUSG00000018537.17:B3	label_permutation	3.4004209282504085e-08	0.3523702874206794	10715	6	>20	0.87970420814686
ENSMUSG00000024589.19:B2	label_permutation	0.0728269028375907	0.719484882418813	10715	6	>20	0.9227640015953612
ENSMUSG00000024589.19:B3	label_permutation	4.217252257556284e-09	0.6022538333641234	5412	12	>20	0.903460907270032
ENSMUSG00000029461.18:B1	label_permutation	4.864592109681653e-22	0.6453900709219859	281	27	>20	0.9053280185658723
ENSMUSG00000029461.18:B2	label_permutation	6.088254024770155e-05	0.6210475500844799	4142	9	>20	0.9037363545202307
ENSMUSG00000029461.18:B3	label_permutation	0.0007197061960841	0.6792179580014482	4142	9	>20	0.9110999233898707
ENSMUSG00000036916.14:B1	label_permutation	4.047594216131975e-41	0.26497695852534564	867	15	>20	0.8750110119110907
ENSMUSG00000036916.14:B2	label_permutation	2.8057265876621443e-29	0.16509192118948215	13652	5	>20	0.8660184484869279
ENSMUSG00000036916.14:B3	label_permutation	3.1580254403010055e-104	0.022046436680583023	13652	5	>20	0.8606239104020287
ENSMUSG00000053877.13:B1	label_permutation	3.466496207314701e-36	0.6259842519685039	253	30	>20	0.9037363545202307
ENSMUSG00000053877.13:B2	label_permutation	3.855040250665551e-46	0.13102119460500963	6227	10	>20	0.8606239104020287
ENSMUSG00000053877.13:B3	label_permutation	1.6046112593976656e-07	0.5500963391136802	6227	10	>20	0.894080632179703
ENSMUSG00000004383.19:B1	label_permutation	0.0025926814759778	0.47264337508239945	13652	5	>20	0.8914176034062342
ENSMUSG00000004383.19:B2	label_permutation	4.112373709278537e-36	0.2096981374438022	6227	10	>20	0.8674506604704691
ENSMUSG00000022829.15:B1	label_permutation	1.696777810648152e-05	0.37851141475006367	11782	4	>20	0.8802533382017219
ENSMUSG00000022829.15:B2	label_permutation	5.989914079066689e-06	0.5444267092311785	7517	8	>20	0.894080632179703
ENSMUSG00000026490.19:B1	label_permutation	0.0203131112507611	0.8184007707129094	6227	10	>20	0.9505390715494967
ENSMUSG00000026490.19:B2	label_permutation	8.201266438184612e-45	0.14065510597302505	6227	10	>20	0.8606239104020287
ENSMUSG00000028830.15:B1	label_permutation	1.1934987230627205e-74	0.056069775720897115	5617	7	>20	0.8606239104020287
ENSMUSG00000028830.15:B2	label_permutation	2.097066953036433e-23	0.27945888216447134	5617	7	>20	0.8750110119110907
ENSMUSG00000031342.18:B1	label_permutation	1.380189713377593e-28	0.47947650208209397	1680	18	>20	0.8914176034062342
ENSMUSG00000031342.18:B2	label_permutation	1.625777654013041e-39	0.31469363474122547	1680	18	>20	0.8768883635306256
ENSMUSG00000034413.15:B1	label_permutation	0.3154422856557885	0.6222594789785917	7753	1	11-20	0.9037363545202307
ENSMUSG00000034413.15:B2	label_permutation	4.435517954988639e-06	0.2132292522596549	7301	2	11-20	0.8674506604704691
ENSMUSG00000039585.16:B1	label_permutation	2.3367932107509445e-43	0.1544774318126961	4142	9	>20	0.8606239104020287
ENSMUSG00000039585.16:B2	label_permutation	1.0	1.0	4142	9	>20	1.0
ENSMUSG00000043531.17:B1	label_permutation	0.8815113304628116	0.9393316899479595	7301	2	11-20	0.9956029751476722
ENSMUSG00000043531.17:B3	label_permutation	0.0161917031929001	0.5712614088462439	4272	4	11-20	0.8997902400062849
ENSMUSG00000055670.15:B1	label_permutation	0.0013713586040837	0.46439786132563865	11782	4	>20	0.8898393180670646
ENSMUSG00000055670.15:B3	label_permutation	0.0946189485849531	0.6522108121870491	11782	4	>20	0.9053909888911233
ENSMUSG00000079084.13:B1	label_permutation	3.3239114936571587e-41	0.013317191283292978	825	4	6-10	0.8606239104020287
ENSMUSG00000079084.13:B3	label_permutation	2.0070733463815954e-14	0.14338537387017256	7301	2	11-20	0.8606239104020287
ENSMUSG00000001774.9:B1	label_permutation	0.0001815179667138	0.41755070864805227	11782	4	>20	0.8802533382017219
ENSMUSG00000004085.15:B1	label_permutation	0.0003367955844518	0.4	64	5	6-10	0.8802533382017219
ENSMUSG00000006307.17:B1	label_permutation	6.584551746915725e-05	0.5879223197658952	7517	8	>20	0.9024876535872138
ENSMUSG00000010175.14:B1	label_permutation	1.865848111079614e-19	0.166383701188455	588	6	6-10	0.8660184484869279
ENSMUSG00000016200.15:B1	label_permutation	0.7732082965214023	0.8950219241681713	7753	1	11-20	0.9755587017248997
ENSMUSG00000019173.12:B1	label_permutation	0.4652778409926579	0.716017539334537	7753	1	11-20	0.9220008085299167
ENSMUSG00000020189.16:B1	label_permutation	0.0157861120956066	0.5417856881271516	13652	5	>20	0.894080632179703
ENSMUSG00000020640.11:B1	label_permutation	7.802002937037923e-37	0.10507652108995894	10715	6	>20	0.8606239104020287
ENSMUSG00000021096.12:B1	label_permutation	0.1965087997616981	0.7279718743133378	13652	5	>20	0.9249658667442068
ENSMUSG00000021690.11:B1	label_permutation	1.1371051496998317e-303	0.10131987577639752	2575	1	>20	0.8606239104020287
ENSMUSG00000022272.18:B1	label_permutation	5.992189804509593e-36	0.20541117835528658	5617	7	>20	0.8674506604704691
ENSMUSG00000022710.18:B1	label_permutation	9.627759345378778e-163	0.002856515051637003	13652	5	>20	0.8606239104020287
ENSMUSG00000023912.11:B1	label_permutation	0.0874615017887348	0.6166982922201139	8958	3	>20	0.9036329068266031
ENSMUSG00000024472.10:B1	label_permutation	1.2640695346153925e-42	0.10141766630316248	4584	1	6-10	0.8606239104020287
ENSMUSG00000024955.16:B1	label_permutation	4.445384513116094e-72	0.09930358524632447	7753	1	11-20	0.8606239104020287
ENSMUSG00000025427.16:B1	label_permutation	0.0003086112387386	0.4232769354720574	13652	5	>20	0.8802533382017219
ENSMUSG00000026135.18:B1	label_permutation	0.183864964298923	0.5717611613256642	7301	2	11-20	0.8997902400062849
ENSMUSG00000026643.17:B1	label_permutation	0.0172683888886441	0.5558855978952728	11782	4	>20	0.8956389798674386
ENSMUSG00000027035.11:B1	label_permutation	1.0	1.0	13652	5	>20	1.0
ENSMUSG00000027668.14:B1	label_permutation	8.430048187196001e-13	0.2834079880552445	10715	6	>20	0.8750110119110907
ENSMUSG00000028218.20:B1	label_permutation	0.8999466544726297	0.9463160777869077	7301	2	11-20	0.9985312170871949
ENSMUSG00000028799.16:B1	label_permutation	4.984057675500476e-141	0.02589574729322469	8958	3	>20	0.8606239104020287
ENSMUSG00000029191.17:B1	label_permutation	0.0650309188580498	0.6293854830440196	13652	5	>20	0.9037363545202307
ENSMUSG00000029713.16:B1	label_permutation	3.24353760150489e-08	0.7655677655677655	818	12	11-20	0.9329062959889604
ENSMUSG00000030306.15:B1	label_permutation	4.006827709081652e-59	0.06441483493168124	11782	4	>20	0.8606239104020287
ENSMUSG00000031065.15:B1	label_permutation	1.9287310648694123e-08	0.3098220171390903	13652	5	>20	0.8768883635306256
ENSMUSG00000031681.17:B1	label_permutation	4.7167631820959765e-115	0.01017170586039567	10715	6	>20	0.8606239104020287
ENSMUSG00000032181.8:B1	label_permutation	0.0967595619243469	0.6539081727913095	11782	4	>20	0.9058764884476402
ENSMUSG00000032549.8:B1	label_permutation	1.7167832379200973e-44	0.1438664097623635	6227	10	>20	0.8606239104020287
ENSMUSG00000034154.16:B1	label_permutation	4.0589644733160814e-235	0.013025535207634768	7753	1	11-20	0.8606239104020287
ENSMUSG00000034863.10:B1	label_permutation	0.2053318763439399	0.6977341221118428	8958	3	>20	0.9150593486619103
ENSMUSG00000035725.14:B1	label_permutation	0.478075669256995	0.7317173377156944	7301	2	11-20	0.9249786649214097
ENSMUSG00000036617.18:B1	label_permutation	5.68530398547902e-29	0.5854241338112306	836	20	>20	0.9006833472604143
ENSMUSG00000037486.19:B2	label_permutation	0.0171674177217525	0.5458873507653995	13652	5	>20	0.894080632179703
ENSMUSG00000038174.15:B1	label_permutation	0.8493047826944644	0.9332298136645962	2575	1	>20	0.9936155119413573
ENSMUSG00000038766.17:B1	label_permutation	4.727515032899713e-65	0.06539811564751524	5412	12	>20	0.8606239104020287
ENSMUSG00000039629.15:B2	label_permutation	0.4210923250908647	0.7371894409937888	2575	1	>20	0.9260663179302155
ENSMUSG00000041351.17:B1	label_permutation	1.0	1.0	6227	10	>20	1.0
ENSMUSG00000042408.14:B1	label_permutation	0.929399295536032	0.9628578798039722	7753	1	11-20	1.0
ENSMUSG00000044471.14:B1	label_permutation	0.0330937362611099	0.8389531149646756	6227	10	>20	0.9572107328688597
ENSMUSG00000047146.18:B1	label_permutation	6.701795814367336e-17	0.10294117647058823	1087	3	6-10	0.8606239104020287
ENSMUSG00000052406.15:B1	label_permutation	6.221467414032824e-09	0.20131947221111554	5001	3	11-20	0.8674506604704691
ENSMUSG00000054434.15:B1	label_permutation	1.2928761822870528e-28	0.2329192546583851	2575	1	>20	0.8674506604704691
ENSMUSG00000056629.17:B1	label_permutation	1.106030586739828e-11	0.2335595600280833	4272	4	11-20	0.8674506604704691
ENSMUSG00000058704.10:B1	label_permutation	1.773837578014e-80	0.050907796368814526	5617	7	>20	0.8606239104020287
ENSMUSG00000061136.17:B1	label_permutation	0.0100473205164189	0.49179595937046544	8958	3	>20	0.8914176034062342
ENSMUSG00000063382.7:B1	label_permutation	1.953674805607289e-22	0.4021799371882505	5412	12	>20	0.8802533382017219
ENSMUSG00000068580.12:B1	label_permutation	0.5860228481975888	0.7895279855558421	7753	1	11-20	0.9396553938262591
ENSMUSG00000072774.11:B1	label_permutation	8.660006918875133e-51	0.1338663915398504	7753	1	11-20	0.8606239104020287
ENSMUSG00000084890.3:B1	label_permutation	0.455772181249271	0.8075678089072441	8958	3	>20	0.9453528870094179
ENSMUSG00000092083.5:B1	label_permutation	0.386460425912874	0.707086930335274	4980	2	>20	0.920810667527199
ENSMUSG00000113029.3:B1	label_permutation	0.2185922963532523	0.5564869744647923	7753	1	11-20	0.8956389798674386
ENSMUSG00000023079.15:B3	label_permutation	0.0038648023157332	0.7245484400656814	2435	6	11-20	0.924911711059411
ENSMUSG00000023079.15:B4	label_permutation	0.0017445188713063	0.3600559776089564	5001	3	11-20	0.8799716412619639
ENSMUSG00000037989.16:B1	label_permutation	7.175528068058392e-88	0.021415270018621976	7517	8	>20	0.8606239104020287
ENSMUSG00000037989.16:B3	label_permutation	4.2970753578994654e-15	0.38268156424581007	7517	8	>20	0.8802533382017219
ENSMUSG00000037989.16:B5	label_permutation	1.5149662781072915e-37	0.31864406779661014	1474	16	>20	0.8768883635306256
ENSMUSG00000037989.16:B6	label_permutation	4.251157005560717e-77	0.07005003573981415	1398	24	>20	0.8606239104020287
ENSMUSG00000012114.18:B1	label_permutation	0.0001085920488567	0.46155281821575217	10715	6	>20	0.8898393180670646
ENSMUSG00000012114.18:B5	label_permutation	0.8505466025001805	0.9610862262038073	10715	6	>20	1.0
ENSMUSG00000012114.18:B6	label_permutation	6.794480829776297e-10	0.3232549458753266	10715	6	>20	0.8768883635306256
ENSMUSG00000022791.20:B2	label_permutation	0.0465222086280742	0.6027979198710905	13652	5	>20	0.903460907270032
ENSMUSG00000022791.20:B3	label_permutation	2.353405436587879e-08	0.5298651252408478	6227	10	>20	0.894080632179703
ENSMUSG00000028207.19:B1	label_permutation	0.0736832179223171	0.41552746969306165	7753	1	11-20	0.8802533382017219
ENSMUSG00000028207.19:B2	label_permutation	0.7122333904782285	0.863941191643023	7753	1	11-20	0.9635614497117158
ENSMUSG00000034403.17:B1	label_permutation	1.4087536846076904e-27	0.34554334554334554	818	12	11-20	0.8778246437941181
ENSMUSG00000034403.17:B2	label_permutation	0.475708102736958	0.8637959279194946	4272	4	11-20	0.9635614497117158
ENSMUSG00000034403.17:B3	label_permutation	2.339489204228144e-16	0.412396694214876	1209	8	11-20	0.8802533382017219
ENSMUSG00000044042.20:B1	label_permutation	2.195546371094149e-15	0.2522396416573348	10715	6	>20	0.8695150142445928
ENSMUSG00000044042.20:B2	label_permutation	0.0142666979379836	0.4308371812888978	4980	2	>20	0.8802533382017219
ENSMUSG00000044042.20:B3	label_permutation	7.772136482324062e-39	0.08979037596537384	11782	4	>20	0.8606239104020287
ENSMUSG00000002831.15:B1	label_permutation	0.2028026517544582	0.6113408151210868	1692	2	1-5	0.9036329068266031
ENSMUSG00000018398.19:B1	label_permutation	8.657396721823243e-26	0.365047108812119	5412	12	>20	0.8799716412619639
ENSMUSG00000018398.19:B2	label_permutation	2.629157008934004e-05	0.43598357596117954	10715	6	>20	0.8802533382017219
ENSMUSG00000022100.15:B1	label_permutation	7.089044988949427e-55	0.025451559934318555	2435	6	11-20	0.8606239104020287
ENSMUSG00000022100.15:B2	label_permutation	5.7336930958575785e-59	0.04378248700519792	5001	3	11-20	0.8606239104020287
ENSMUSG00000025856.16:B1	label_permutation	0.1136471130973817	0.6660443011117712	11782	4	>20	0.9089593347088671
ENSMUSG00000025856.16:B2	label_permutation	0.1458408977574261	0.5779963862678177	4980	2	>20	0.8997902400062849
ENSMUSG00000028487.19:B3	label_permutation	2.958026358937189e-175	0.04371937064740779	7753	1	11-20	0.8606239104020287
ENSMUSG00000030701.18:B1	label_permutation	2.9805702404452e-21	0.22077922077922077	76	9	6-10	0.8674506604704691
ENSMUSG00000030701.18:B2	label_permutation	0.0073341152205464	0.6825127334465195	588	6	6-10	0.9110999233898707
ENSMUSG00000032998.17:B1	label_permutation	3.9297418323409246e-31	0.41423728813559324	1474	16	>20	0.8802533382017219
ENSMUSG00000032998.17:B2	label_permutation	0.0072869252484842	0.585852930197835	10715	6	>20	0.9007263319565756
ENSMUSG00000038650.16:B1	label_permutation	0.266660279293463	0.623253903040263	7301	2	11-20	0.9037363545202307
ENSMUSG00000038650.16:B2	label_permutation	0.0042730171441428	0.30513283466597885	7753	1	11-20	0.8768883635306256
ENSMUSG00000042331.14:B2	label_permutation	1.0	1.0	8	27	11-20	1.0
ENSMUSG00000053552.15:B1	label_permutation	0.0469666523014649	0.44275540947685565	7301	2	11-20	0.8834484441381291
ENSMUSG00000053552.15:B2	label_permutation	0.1044180025278552	0.5078060805258833	7301	2	11-20	0.894080632179703
ENSMUSG00000068823.11:B1	label_permutation	4.068199388861332e-27	0.28500321130378936	6227	10	>20	0.8750110119110907
ENSMUSG00000068823.11:B3	label_permutation	0.0692152833666686	0.6345858053175126	13652	5	>20	0.903855163864902
ENSMUSG00000001280.14:B1	label_permutation	0.2067516877505009	0.5508124838792882	7753	1	11-20	0.8949209336780625
ENSMUSG00000003452.16:B1	label_permutation	6.661919430795186e-37	0.24127101422501385	5412	12	>20	0.8674506604704691
ENSMUSG00000005813.13:B1	label_permutation	9.016577900357506e-07	0.272234491066051	4980	2	>20	0.8750110119110907
ENSMUSG00000009470.18:B1	label_permutation	1.1419820479147147e-32	0.14173860670548083	4980	2	>20	0.8606239104020287
ENSMUSG00000015214.15:B1	label_permutation	8.088350930605764e-71	0.06105375578497686	5617	7	>20	0.8606239104020287
ENSMUSG00000018379.18:B1	label_permutation	0.6502286992878896	0.8624550179928029	5001	3	11-20	0.9635614497117158
ENSMUSG00000020121.16:B1	label_permutation	0.0387997229904908	0.40109051254089423	4584	1	6-10	0.8802533382017219
ENSMUSG00000020532.19:B1	label_permutation	0.0493115650468266	0.6071193144363876	13652	5	>20	0.903460907270032
ENSMUSG00000020950.11:B1	label_permutation	3.467704916517429e-31	0.15395883688566617	13652	5	>20	0.8606239104020287
ENSMUSG00000021495.11:B1	label_permutation	1.5538471341101846e-29	0.24421502313990745	5617	7	>20	0.8674506604704691
ENSMUSG00000022119.16:B1	label_permutation	3.1437008118218547e-34	0.10319952473903081	11782	4	>20	0.8606239104020287
ENSMUSG00000023032.13:B1	label_permutation	2.473426171627196e-44	0.14434810533076428	6227	10	>20	0.8606239104020287
ENSMUSG00000024335.21:B1	label_permutation	0.2852677812991525	0.835852930197835	10715	6	>20	0.9571860655446038
ENSMUSG00000024843.16:B1	label_permutation	0.003500485474331	0.31785812106272254	7301	2	11-20	0.8768883635306256
ENSMUSG00000025314.18:B1	label_permutation	5.091829254641992e-16	0.23562586977221123	13652	5	>20	0.8674506604704691
ENSMUSG00000025949.17:B1	label_permutation	2.7208927895073047e-09	0.23930937562738405	4980	2	>20	0.8674506604704691
ENSMUSG00000026504.18:B1	label_permutation	2.1776956334967173e-83	0.04079169683804007	4142	9	>20	0.8606239104020287
ENSMUSG00000026932.15:B1	label_permutation	0.4383036358457626	0.7472766884531591	2753	2	6-10	0.9294938936918066
ENSMUSG00000027577.15:B1	label_permutation	0.3738900065802242	0.6609491875161208	7753	1	11-20	0.9072089437851377
ENSMUSG00000028080.17:B2	label_permutation	0.0008627396204252	0.8174764455939405	5412	12	>20	0.9500230531417556
ENSMUSG00000028656.15:B1	label_permutation	1.3917352481189463e-25	0.24049586776859505	1209	8	11-20	0.8674506604704691
ENSMUSG00000029120.11:B1	label_permutation	1.3679392994594365e-86	0.041415598743953154	11782	4	>20	0.8606239104020287
ENSMUSG00000029580.15:B1	label_permutation	1.030519162544483e-07	0.6449288749307224	5412	12	>20	0.9053280185658723
ENSMUSG00000030189.16:B1	label_permutation	0.6532240891236492	0.84277950310559	2575	1	>20	0.9578783730289635
ENSMUSG00000030854.18:B1	label_permutation	6.986531573959488e-06	0.3643887790229254	13652	5	>20	0.8799716412619639
ENSMUSG00000031559.16:B1	label_permutation	0.0098965833090209	0.7890173410404624	6227	10	>20	0.939506388911549
ENSMUSG00000032026.8:B1	label_permutation	5.083488761006832e-83	0.02444942142590519	10715	6	>20	0.8606239104020287
ENSMUSG00000032468.12:B1	label_permutation	5.5325991013618885e-27	0.28867970069997584	4142	9	>20	0.8750110119110907
ENSMUSG00000033021.17:B1	label_permutation	0.6349598495791866	0.8576569372251099	5001	3	11-20	0.9625324162842946
ENSMUSG00000033981.15:B1	label_permutation	7.361562962278249e-07	0.5563961485557084	1453	11	>20	0.8956389798674386
ENSMUSG00000034681.18:B1	label_permutation	3.134358517512738e-05	0.38827123822456083	11782	4	>20	0.8802533382017219
ENSMUSG00000035517.18:B1	label_permutation	4.119365403967489e-20	0.19042303828552293	8958	3	>20	0.8674506604704691
ENSMUSG00000036473.17:B1	label_permutation	1.0	1.0	403	15	11-20	1.0
ENSMUSG00000037306.14:B1	label_permutation	2.543545482132764e-13	0.2776222471071295	10715	6	>20	0.8750110119110907
ENSMUSG00000038070.16:B1	label_permutation	5.626438019765372e-20	0.19192933145954627	4980	2	>20	0.8674506604704691
ENSMUSG00000038578.16:B1	label_permutation	1.0888533456257373e-142	0.007892726809810744	11782	4	>20	0.8606239104020287
ENSMUSG00000040339.11:B1	label_permutation	1.0287967543890372e-06	0.2726360168640835	4980	2	>20	0.8750110119110907
ENSMUSG00000041132.12:B1	label_permutation	1.4990434957864427e-133	0.02969081370688693	8958	3	>20	0.8606239104020287
ENSMUSG00000042207.18:B1	label_permutation	0.6365311018724285	0.8910862081593789	13652	5	>20	0.9741370112064653
ENSMUSG00000043843.18:B1	label_permutation	0.8850729433353018	0.9419337167899205	7301	2	11-20	0.9971849524744176
ENSMUSG00000046314.17:B1	label_permutation	3.851207591183667e-11	0.42857142857142855	7517	8	>20	0.8802533382017219
ENSMUSG00000048967.17:B1	label_permutation	1.0	1.0	4584	1	6-10	1.0
ENSMUSG00000051590.11:B1	label_permutation	0.5889647223510086	0.7816793893129771	4584	1	6-10	0.9366474159036053
ENSMUSG00000053841.16:B1	label_permutation	0.4770352089198183	0.7490463762296727	4980	2	>20	0.9295624013670085
ENSMUSG00000056211.14:B1	label_permutation	0.070747535912487	0.8726718047527297	6227	10	>20	0.9657719773454814
ENSMUSG00000058248.13:B1	label_permutation	1.0	1.0	5617	7	>20	1.0
ENSMUSG00000060314.14:B1	label_permutation	0.7405425043515109	0.877353623936033	7753	1	11-20	0.9673275726124957
ENSMUSG00000062590.14:B1	label_permutation	2.275308815729597e-43	0.2611540749553837	1680	18	>20	0.8750110119110907
ENSMUSG00000066705.8:B1	label_permutation	7.985856531826413e-08	0.2940060274584217	8958	3	>20	0.8750110119110907
ENSMUSG00000071054.13:B1	label_permutation	1.026706697085915e-20	0.2080861349154032	13652	5	>20	0.8674506604704691
ENSMUSG00000078676.10:B1	label_permutation	0.0205814421189451	0.3908518214187894	7301	2	11-20	0.8802533382017219
ENSMUSG00000089743.8:B1	label_permutation	0.1434186464646628	0.687855384876517	11782	4	>20	0.912942144015082
ENSMUSG00000024187.16:B3	label_permutation	0.688012976887002	0.842645850451931	7301	2	11-20	0.9578783730289635
ENSMUSG00000038305.16:B2	label_permutation	0.2521730747886017	0.7225136734010492	8958	3	>20	0.9243602104625216
ENSMUSG00000038305.16:B3	label_permutation	0.1930167097119831	0.6904788480857239	8958	3	>20	0.9144902186301689
ENSMUSG00000038305.16:B4	label_permutation	1.4518916901119158e-66	0.03452780888391191	10715	6	>20	0.8606239104020287
ENSMUSG00000012296.17:B1	label_permutation	3.246556581591385e-34	0.14743589743589744	623	9	11-20	0.8606239104020287
ENSMUSG00000012296.17:B2	label_permutation	3.3653280018450775e-64	0.038984406237505	5001	3	11-20	0.8606239104020287
ENSMUSG00000012296.17:B3	label_permutation	0.0002896218135505	0.6559934318555009	2435	6	11-20	0.9067105961865773
ENSMUSG00000022843.18:B1	label_permutation	1.9524406326868048e-10	0.2751421539506068	11782	4	>20	0.8750110119110907
ENSMUSG00000022843.18:B2	label_permutation	1.8263388830389623e-43	0.1208592652077896	4980	2	>20	0.8606239104020287
ENSMUSG00000022843.18:B3	label_permutation	0.0721788271914057	0.5223850632403132	4980	2	>20	0.894080632179703
ENSMUSG00000028284.14:B1	label_permutation	0.1401685112397854	0.8664538441074754	7517	8	>20	0.9638226671829194
ENSMUSG00000028284.14:B2	label_permutation	0.4829137229016703	0.8270389544258677	11782	4	>20	0.9536325224293042
ENSMUSG00000028284.14:B3	label_permutation	0.482912815721475	0.8270389544258677	11782	4	>20	0.9536325224293042
ENSMUSG00000034656.19:B1	label_permutation	4.987850180487768e-39	0.3242117787031529	1680	18	>20	0.8768883635306256
ENSMUSG00000034656.19:B2	label_permutation	5.942341125149857e-43	0.1583393676080135	4142	9	>20	0.8630011434756422
ENSMUSG00000034656.19:B3	label_permutation	2.277241929297297e-43	0.1544774318126961	4142	9	>20	0.8606239104020287
ENSMUSG00000045103.20:B1	label_permutation	7.003455257657396e-47	0.06765584173198955	10715	6	>20	0.8606239104020287
ENSMUSG00000045103.20:B2	label_permutation	5.243722095922373e-52	0.055991041433370664	10715	6	>20	0.8606239104020287
ENSMUSG00000045103.20:B4	label_permutation	1.4177287000117489e-33	0.27175318677258453	5412	12	>20	0.8750110119110907
ENSMUSG00000002948.20:B2	label_permutation	3.836888594963327e-35	0.33986175115207373	867	15	>20	0.8772378175865799
ENSMUSG00000018417.15:B1	label_permutation	2.358289295770304e-14	0.5085904304452245	5412	12	>20	0.894080632179703
ENSMUSG00000018417.15:B2	label_permutation	1.3630020449652077e-65	0.03963820164937484	7517	8	>20	0.8606239104020287
ENSMUSG00000022194.16:B1	label_permutation	5.984544250382225e-13	0.6972040452111838	1680	18	>20	0.9150593486619103
ENSMUSG00000022194.16:B3	label_permutation	9.136846574428e-50	0.21631205673758866	281	27	>20	0.8674506604704691
ENSMUSG00000025892.17:B1	label_permutation	4.764463363213681e-23	0.17033013663752863	11782	4	>20	0.8660184484869279
ENSMUSG00000025892.17:B2	label_permutation	1.891708026074137e-33	0.20816706570896515	7517	8	>20	0.8674506604704691
ENSMUSG00000028496.18:B2	label_permutation	7.518879938966028e-06	0.3351936600066972	8958	3	>20	0.8768883635306256
ENSMUSG00000030704.15:B1	label_permutation	1.2862547955188104e-51	0.18514080287597365	1668	14	>20	0.8660184484869279
ENSMUSG00000030704.15:B2	label_permutation	0.0002778384644288	0.5396938412246352	5617	7	>20	0.894080632179703
ENSMUSG00000033342.16:B1	label_permutation	0.0069917347570101	0.3227917121046892	4584	1	6-10	0.8768883635306256
ENSMUSG00000033342.16:B2	label_permutation	0.6138755635210565	0.8438634713144517	2753	2	6-10	0.9583669311456822
ENSMUSG00000038729.25:B1	label_permutation	3.606369449560712e-12	0.38957307060755336	2435	6	11-20	0.8802533382017219
ENSMUSG00000038729.25:B2	label_permutation	1.0	1.0	818	12	11-20	1.0
ENSMUSG00000042390.10:B1	label_permutation	4.576034519916335e-07	0.2006299643933169	7301	2	11-20	0.8674506604704691
ENSMUSG00000042390.10:B2	label_permutation	0.1906322408518768	0.5323703894763993	7753	1	11-20	0.894080632179703
ENSMUSG00000053617.13:B2	label_permutation	5.912300530607294e-06	0.3627774115578994	13652	5	>20	0.8799716412619639
ENSMUSG00000070327.15:B2	label_permutation	9.14015017628817e-28	0.15458743224252158	4980	2	>20	0.8606239104020287
ENSMUSG00000001366.15:B1	label_permutation	0.2020532774535667	0.6479779411764706	1087	3	6-10	0.9053280185658723
ENSMUSG00000005871.16:B1	label_permutation	6.813100397320598e-42	0.16823557808351436	4142	9	>20	0.8660184484869279
ENSMUSG00000009545.15:B1	label_permutation	0.0	0.09976708074534162	2575	1	>20	0.8606239104020287
ENSMUSG00000015357.11:B1	label_permutation	3.585838560117316e-119	0.01434269710600017	11782	4	>20	0.8606239104020287
ENSMUSG00000018395.20:B1	label_permutation	0.1161941718302571	0.7555991041433371	10715	6	>20	0.9300637725810085
ENSMUSG00000020122.17:B1	label_permutation	0.0005918983538366	0.35033125878337684	4980	2	>20	0.87970420814686
ENSMUSG00000020564.18:B1	label_permutation	1.196154393968898e-23	0.5145762711864407	1474	16	>20	0.894080632179703
ENSMUSG00000020952.11:B1	label_permutation	0.0231440356113439	0.5285188079026677	8958	3	>20	0.894080632179703
ENSMUSG00000021496.13:B1	label_permutation	0.6487687177011396	0.8474264705882353	1087	3	6-10	0.9585667932457129
ENSMUSG00000022132.16:B1	label_permutation	0.2717923167322033	0.5954198473282443	4584	1	6-10	0.903460907270032
ENSMUSG00000022602.15:B1	label_permutation	4.242282968701377e-48	0.06466965285554312	10715	6	>20	0.8606239104020287
ENSMUSG00000023033.15:B1	label_permutation	1.0233033384235215e-80	0.14960629921259844	253	30	>20	0.8606239104020287
ENSMUSG00000024347.17:B1	label_permutation	0.11174396793394	0.664856148688789	11782	4	>20	0.9089593347088671
ENSMUSG00000024851.15:B1	label_permutation	1.0185662706074357e-37	0.10003732736095558	10715	6	>20	0.8606239104020287
ENSMUSG00000025323.11:B1	label_permutation	0.1712110571332997	0.5278080697928026	4584	1	6-10	0.894080632179703
ENSMUSG00000026005.16:B1	label_permutation	1.8254161797713903e-16	0.21196562116307624	8958	3	>20	0.8674506604704691
ENSMUSG00000026553.18:B1	label_permutation	2.535398619307756e-99	0.02702702702702703	13652	5	>20	0.8606239104020287
ENSMUSG00000026933.18:B1	label_permutation	1.722964442489969e-32	0.21818181818181817	54	7	11-20	0.8674506604704691
ENSMUSG00000027582.17:B1	label_permutation	0.2092336161380675	0.6991851769170666	8958	3	>20	0.9151749227970307
ENSMUSG00000028104.15:B1	label_permutation	1.1116944501324094e-107	0.07468379843404939	4980	2	>20	0.8606239104020287
ENSMUSG00000028657.15:B1	label_permutation	2.17990920590923e-25	0.30009633911368017	6227	10	>20	0.8768883635306256
ENSMUSG00000029121.17:B1	label_permutation	1.0331732155914605e-06	0.5208832136206438	7517	8	>20	0.894080632179703
ENSMUSG00000029581.15:B1	label_permutation	2.379536144583768e-05	0.5989326765188834	2435	6	11-20	0.903460907270032
ENSMUSG00000030207.16:B1	label_permutation	0.0297117552022852	0.5754046729656486	13652	5	>20	0.8997902400062849
ENSMUSG00000030861.16:B1	label_permutation	3.058413161473132e-31	0.22599095504123437	7517	8	>20	0.8674506604704691
ENSMUSG00000031561.17:B1	label_permutation	3.661918546307892e-39	0.2708208508088676	1668	14	>20	0.8750110119110907
ENSMUSG00000032030.18:B1	label_permutation	0.4622089262236445	0.7131802940417848	7753	1	11-20	0.9216895185571544
ENSMUSG00000033060.17:B1	label_permutation	0.0010546461587127	0.45803275905966223	11782	4	>20	0.8895566450977648
ENSMUSG00000034007.11:B1	label_permutation	9.753320678952064e-26	0.27281191806331473	7517	8	>20	0.8750110119110907
ENSMUSG00000034723.12:B1	label_permutation	0.6947824599145414	0.9073463707610049	13652	5	>20	0.9813753526353685
ENSMUSG00000035521.14:B1	label_permutation	1.846933747360721e-05	0.23974722723755482	7753	1	11-20	0.8674506604704691
ENSMUSG00000036502.15:B2	label_permutation	1.0894819317447582e-239	0.04577394097570769	4980	2	>20	0.8606239104020287
ENSMUSG00000037325.11:B1	label_permutation	6.4794742106742714e-09	0.2950861410506662	11782	4	>20	0.8750110119110907
ENSMUSG00000038084.17:B1	label_permutation	0.0970330374705719	0.8451715881883479	7517	8	>20	0.9585667932457129
ENSMUSG00000038582.16:B1	label_permutation	0.0045562593612867	0.46623507087844623	8958	3	>20	0.8900851353133974
ENSMUSG00000039456.11:B1	label_permutation	0.0	0.0022065687855384875	11782	4	>20	0.8606239104020287
ENSMUSG00000040387.17:B1	label_permutation	0.6300145671478063	0.8122137404580153	4584	1	6-10	0.9473367634618014
ENSMUSG00000041180.14:B1	label_permutation	1.3607205272439622e-08	0.3445315416200075	10715	6	>20	0.8772378175865799
ENSMUSG00000042216.14:B1	label_permutation	4.5472951693014625e-27	0.2604416068103219	7517	8	>20	0.8750110119110907
ENSMUSG00000043962.17:B1	label_permutation	2.056812829506051e-40	0.18561428916244269	4142	9	>20	0.8660184484869279
ENSMUSG00000046613.20:B1	label_permutation	1.1726427081768165e-37	0.12788596667335878	4980	2	>20	0.8606239104020287
ENSMUSG00000048978.15:B1	label_permutation	0.4792483026560936	0.7954818072770892	5001	3	11-20	0.9412183558068725
ENSMUSG00000051674.16:B1	label_permutation	1.366554424070543e-50	0.09003137822833696	4142	9	>20	0.8606239104020287
ENSMUSG00000053963.8:B1	label_permutation	5.299879058609851e-38	0.2840023966446974	1668	14	>20	0.8750110119110907
ENSMUSG00000056216.10:B1	label_permutation	0.0136358025597617	0.3725006847439058	7301	2	11-20	0.8799716412619639
ENSMUSG00000058254.13:B1	label_permutation	8.334455600747773e-12	0.26814619497546327	13652	5	>20	0.8750110119110907
ENSMUSG00000060371.13:B1	label_permutation	0.2822571987779316	0.9739515980048032	5412	12	>20	1.0
ENSMUSG00000062761.8:B1	label_permutation	7.744544411651482e-26	0.15900421602087933	4980	2	>20	0.8630011434756422
ENSMUSG00000066735.9:B1	label_permutation	0.0403885049219574	0.6808510638297872	10715	6	>20	0.9110999233898707
ENSMUSG00000071176.11:B1	label_permutation	0.3435378385973733	0.7986523108474328	13652	5	>20	0.9417705743754179
ENSMUSG00000078716.11:B1	label_permutation	0.0009442883319904	0.26673936750272625	4584	1	6-10	0.8750110119110907
ENSMUSG00000089809.10:B1	label_permutation	0.0168581533073841	0.5549520495629297	11782	4	>20	0.8956389798674386
ENSMUSG00000108854.2:B1	label_permutation	0.6746789206532814	0.8653409090909091	3519	1	1-5	0.9635614497117158
ENSMUSG00000025272.17:B2	label_permutation	0.0101516025658373	0.6545033819864721	5617	7	>20	0.9061423902178698
ENSMUSG00000038346.19:B1	label_permutation	0.0042281606069406	0.3668044890726521	1692	2	1-5	0.8799716412619639
ENSMUSG00000038346.19:B2	label_permutation	0.2920497043109749	0.602785659014702	7753	1	11-20	0.903460907270032
ENSMUSG00000038346.19:B3	label_permutation	0.1920119561058771	0.5350786690740263	7753	1	11-20	0.894080632179703
ENSMUSG00000038346.19:B4	label_permutation	4.261037921077433e-59	0.0495092693565976	4584	1	6-10	0.8606239104020287
ENSMUSG00000014599.11:B2	label_permutation	0.8807755383582011	0.9350054525627045	4584	1	6-10	0.9936155119413573
ENSMUSG00000028689.15:B2	label_permutation	0.0005454259570265	0.30823863636363635	3519	1	1-5	0.8768883635306256
ENSMUSG00000028689.15:B4	label_permutation	0.7676804147211742	0.8688718251624336	1692	2	1-5	0.9654517683536188
ENSMUSG00000034729.17:B1	label_permutation	2.4850695054833626e-258	0.008253804488006191	7753	1	11-20	0.8606239104020287
ENSMUSG00000034729.17:B2	label_permutation	0.0259548152435833	0.4070117775951794	7301	2	11-20	0.8802533382017219
ENSMUSG00000047495.16:B1	label_permutation	3.597565708985418e-05	0.44111608809257186	10715	6	>20	0.882320339922409
ENSMUSG00000047495.16:B2	label_permutation	0.0115311144966286	0.6095558044046286	10715	6	>20	0.903460907270032
ENSMUSG00000047495.16:B3	label_permutation	2.3021587475694533e-30	0.3066691298725291	5412	12	>20	0.8768883635306256
ENSMUSG00000002968.10:B1	label_permutation	1.073396496470368e-12	0.4527938342967245	6227	10	>20	0.8893579945608221
ENSMUSG00000002968.10:B2	label_permutation	0.0772392264336475	0.6416172269830807	13652	5	>20	0.9050223671739888
ENSMUSG00000018428.16:B1	label_permutation	2.601345568392578e-09	0.14996368917937544	2753	2	6-10	0.8606239104020287
ENSMUSG00000018428.16:B2	label_permutation	0.0258682520971648	0.38080697928026175	4584	1	6-10	0.8802533382017219
ENSMUSG00000022212.16:B1	label_permutation	4.4532735913474935e-60	0.1420011983223487	1668	14	>20	0.8606239104020287
ENSMUSG00000022212.16:B2	label_permutation	8.295618367823532e-10	0.39035243859024565	5617	7	>20	0.8802533382017219
ENSMUSG00000025915.15:B1	label_permutation	0.0025873735422006	0.8917050691244239	867	15	>20	0.9741370112064653
ENSMUSG00000025915.15:B2	label_permutation	0.0671830614411044	0.8702633269107257	6227	10	>20	0.9657719773454814
ENSMUSG00000028528.18:B1	label_permutation	1.0	1.0	154	36	>20	1.0
ENSMUSG00000028528.18:B2	label_permutation	4.7267699477424704e-36	0.36287923854848303	1680	18	>20	0.8799716412619639
ENSMUSG00000030733.11:B1	label_permutation	1.0	1.0	57	8	1-5	1.0
ENSMUSG00000030733.11:B2	label_permutation	1.4218563806245633e-15	0.28530377668308704	2435	6	11-20	0.8750110119110907
ENSMUSG00000033411.17:B1	label_permutation	0.0707651777299986	0.5014524328249819	2753	2	6-10	0.8921327130306684
ENSMUSG00000033411.17:B3	label_permutation	0.7725594046655235	0.8580152671755725	4584	1	6-10	0.9625324162842946
ENSMUSG00000038784.14:B1	label_permutation	0.1314045564370916	0.7667973124300111	10715	6	>20	0.9329062959889604
ENSMUSG00000038784.14:B2	label_permutation	0.0294234176318491	0.540796963946869	8958	3	>20	0.894080632179703
ENSMUSG00000042439.14:B1	label_permutation	2.8754466042795783e-25	0.15352626665535093	11782	4	>20	0.8606239104020287
ENSMUSG00000042439.14:B2	label_permutation	0.6843111658239045	0.8466171451515759	4980	2	>20	0.9585667932457129
ENSMUSG00000054008.10:B1	label_permutation	0.229895792895613	0.9226305609284333	1033	10	11-20	0.9883913565702931
ENSMUSG00000054008.10:B2	label_permutation	0.4369619590538032	0.8464619492656876	2246	5	11-20	0.9585667932457129
ENSMUSG00000071064.16:B1	label_permutation	1.3776365522234084e-16	0.23225664689079323	13652	5	>20	0.8674506604704691
ENSMUSG00000071064.16:B2	label_permutation	1.2447321898282303e-26	0.4769585253456221	867	15	>20	0.8914176034062342
ENSMUSG00000001424.15:B1	label_permutation	0.7106221732341524	0.8548342919748014	7301	2	11-20	0.9619168679350089
ENSMUSG00000003731.14:B1	label_permutation	4.258524053848541e-05	0.24903275728656177	7753	1	11-20	0.8695150142445928
ENSMUSG00000005881.14:B1	label_permutation	0.2431078747357695	0.7184953677865833	8958	3	>20	0.9225701719312274
ENSMUSG00000009569.15:B1	label_permutation	8.389183996932408e-23	0.5585960737656157	1680	18	>20	0.8958609582218886
ENSMUSG00000015501.11:B1	label_permutation	8.979066143835399e-14	0.4140302613480055	1453	11	>20	0.8802533382017219
ENSMUSG00000018401.18:B1	label_permutation	0.4267689970669162	0.8075193074768735	11782	4	>20	0.9453528870094179
ENSMUSG00000020124.11:B1	label_permutation	7.082017969569435e-52	0.09730250481695568	6227	10	>20	0.8606239104020287
ENSMUSG00000020571.14:B1	label_permutation	6.559824248382332e-08	0.29277821185400155	8958	3	>20	0.8750110119110907
ENSMUSG00000020962.15:B1	label_permutation	0.0010774608837177	0.4587117033013664	11782	4	>20	0.8895566450977648
ENSMUSG00000021500.18:B3	label_permutation	1.710384610434985e-49	0.0967897658701424	4142	9	>20	0.8606239104020287
ENSMUSG00000022139.18:B1	label_permutation	0.0001484402831009	0.5281238875044499	5617	7	>20	0.894080632179703
ENSMUSG00000022604.19:B1	label_permutation	5.607045622841719e-42	0.16117216117216118	818	12	11-20	0.8660184484869279
ENSMUSG00000023034.8:B1	label_permutation	7.209885399930968e-32	0.15080934593129716	13652	5	>20	0.8606239104020287
ENSMUSG00000024384.5:B1	label_permutation	0.0556193764802107	0.5832124120995646	8958	3	>20	0.8997902400062849
ENSMUSG00000024858.15:B1	label_permutation	0.0003362725121831	0.4430142756845308	4272	4	11-20	0.8834484441381291
ENSMUSG00000025326.13:B1	label_permutation	0.0091860730838067	0.7615254646391504	4142	9	>20	0.931570310568412
ENSMUSG00000026020.10:B1	label_permutation	2.361933963966212e-09	0.1765269789098877	7301	2	11-20	0.8660184484869279
ENSMUSG00000026554.16:B1	label_permutation	1.1065560098814755e-34	0.22029543994861914	6227	10	>20	0.8674506604704691
ENSMUSG00000026959.14:B3	label_permutation	1.9577573253911007e-06	0.4574581701673193	5617	7	>20	0.8895566450977648
ENSMUSG00000027589.15:B1	label_permutation	0.0308830932017751	0.5438106931577185	8958	3	>20	0.894080632179703
ENSMUSG00000028106.14:B1	label_permutation	0.0248571597236878	0.7029191883232467	5617	7	>20	0.9182179907121788
ENSMUSG00000028664.15:B1	label_permutation	1.0704403037346049e-05	0.27329545454545456	3519	1	1-5	0.8750110119110907
ENSMUSG00000029131.15:B1	label_permutation	3.335111468478734e-06	0.46422214311142757	5617	7	>20	0.8898393180670646
ENSMUSG00000029587.17:B1	label_permutation	1.0881014286043551e-62	0.11387670879546041	7753	1	11-20	0.8606239104020287
ENSMUSG00000030231.12:B1	label_permutation	2.46619714182897e-32	0.22979708081167674	5617	7	>20	0.8674506604704691
ENSMUSG00000030898.16:B1	label_permutation	3.663546617880052e-12	0.2701863354037267	2575	1	>20	0.8750110119110907
ENSMUSG00000031592.11:B1	label_permutation	3.9431311531737615e-34	0.2023144453312051	7517	8	>20	0.8674506604704691
ENSMUSG00000032050.19:B1	label_permutation	1.0313425615515524e-29	0.31442822833918344	5412	12	>20	0.8768883635306256
ENSMUSG00000032479.16:B1	label_permutation	9.479591487011609e-34	0.40214158239143366	1680	18	>20	0.8802533382017219
ENSMUSG00000033065.15:B1	label_permutation	3.605834445297834e-44	0.14547206165703275	6227	10	>20	0.8606239104020287
ENSMUSG00000034021.16:B1	label_permutation	3.077443206087957e-14	0.5109920561610937	5412	12	>20	0.894080632179703
ENSMUSG00000034751.18:B1	label_permutation	8.200915102192993e-81	0.0967741935483871	154	36	>20	0.8606239104020287
ENSMUSG00000035545.14:B1	label_permutation	2.2776658370337782e-46	0.16781292984869325	1453	11	>20	0.8660184484869279
ENSMUSG00000036503.14:B1	label_permutation	0.0002056993182262	0.470873786407767	205	4	1-5	0.8914176034062342
ENSMUSG00000037331.16:B1	label_permutation	0.7223650903673602	0.9132791327913279	13652	5	>20	0.9846426322060801
ENSMUSG00000038095.16:B1	label_permutation	4.185453489915329e-15	0.38241553604682094	7517	8	>20	0.8802533382017219
ENSMUSG00000039473.9:B1	label_permutation	4.739891554703765e-15	0.2221230047996428	8958	3	>20	0.8674506604704691
ENSMUSG00000040390.14:B1	label_permutation	0.9897050196667831	0.9468085106382979	1033	10	11-20	0.9988163020677254
ENSMUSG00000041215.17:B1	label_permutation	7.131430261009376e-41	0.08707459899855724	11782	4	>20	0.8606239104020287
ENSMUSG00000042228.15:B1	label_permutation	0.004322505547172	0.3110141766630316	4584	1	6-10	0.8768883635306256
ENSMUSG00000043987.19:B1	label_permutation	0.1782824937755002	0.6832235740596049	8958	3	>20	0.9110999233898707
ENSMUSG00000046658.17:B1	label_permutation	0.7753790580666471	0.8591057797164667	4584	1	6-10	0.962553981941598
ENSMUSG00000049100.16:B1	label_permutation	1.2865223355319242e-10	0.6363091671659676	1668	14	>20	0.9043559131068496
ENSMUSG00000051675.14:B1	label_permutation	0.7945764938777656	0.923279300687431	11782	4	>20	0.9888506142252896
ENSMUSG00000054006.15:B1	label_permutation	0.8752051760394348	0.9256270447110142	4584	1	6-10	0.9904209378407852
ENSMUSG00000056267.15:B1	label_permutation	0.0640638748729367	0.5923652193325147	8958	3	>20	0.903460907270032
ENSMUSG00000058297.17:B1	label_permutation	0.1187220535726693	0.9154057771664375	1453	11	>20	0.9862080697252031
ENSMUSG00000060534.17:B1	label_permutation	0.0775327122502903	0.5567772890843663	5001	3	11-20	0.8956389798674386
ENSMUSG00000062762.18:B1	label_permutation	0.0010727295657224	0.3621762698253363	4980	2	>20	0.8799716412619639
ENSMUSG00000071324.12:B1	label_permutation	1.4647901918222037e-95	0.03182551132988203	11782	4	>20	0.8606239104020287
ENSMUSG00000078816.11:B1	label_permutation	2.837911257464613e-14	0.3406906372374511	5617	7	>20	0.8772378175865799
ENSMUSG00000089824.11:B1	label_permutation	1.927155273394713e-07	0.32725408335164435	13652	5	>20	0.8768883635306256
ENSMUSG00000109160.2:B1	label_permutation	0.0	0.0289098574583417	4980	2	>20	0.8606239104020287
ENSMUSG00000026150.15:B1	label_permutation	2.8131008283910726e-38	0.06577369052379048	5001	3	11-20	0.8606239104020287
ENSMUSG00000026150.15:B2	label_permutation	0.4334066647026682	0.6890637090533918	7753	1	11-20	0.9141289459802134
ENSMUSG00000026150.15:B3	label_permutation	0.0053177075191967	0.33634620651876196	7301	2	11-20	0.8768883635306256
ENSMUSG00000026150.15:B4	label_permutation	8.483189761616401e-42	0.0660093125171186	7301	2	11-20	0.8606239104020287
ENSMUSG00000038677.15:B1	label_permutation	0.0014221094483001	0.2859169460923394	7753	1	11-20	0.8750110119110907
ENSMUSG00000038677.15:B3	label_permutation	1.1759111332990948e-85	0.07441320608718081	7753	1	11-20	0.8606239104020287
ENSMUSG00000038677.15:B4	label_permutation	0.0016447948831509	0.28849625999484135	7753	1	11-20	0.8750110119110907
ENSMUSG00000038677.15:B5	label_permutation	3.036938434148891e-18	0.11955628594905506	7301	2	11-20	0.8606239104020287
ENSMUSG00000014602.16:B1	label_permutation	8.713001512256987e-37	0.4889206576125804	1398	24	>20	0.8914176034062342
ENSMUSG00000014602.16:B2	label_permutation	0.0001697402131006	0.7820062811749492	5412	12	>20	0.9366567770789503
ENSMUSG00000014602.16:B4	label_permutation	9.676047547880316e-12	0.5510807315721411	5412	12	>20	0.8950331795031451
ENSMUSG00000023328.15:B1	label_permutation	9.155754082902773e-09	0.21559362079149438	1692	2	1-5	0.8674506604704691
ENSMUSG00000023328.15:B2	label_permutation	0.4615884354999524	0.7071022727272728	3519	1	1-5	0.920810667527199
ENSMUSG00000023328.15:B3	label_permutation	0.0003322734418442	0.30568181818181817	3519	1	1-5	0.8768883635306256
ENSMUSG00000028760.17:B1	label_permutation	9.126782318753565e-06	0.5833936760801351	4142	9	>20	0.8997902400062849
ENSMUSG00000028760.17:B2	label_permutation	8.597385402187112e-06	0.5817040791696838	4142	9	>20	0.8997902400062849
ENSMUSG00000028760.17:B3	label_permutation	7.9115239150835134e-87	0.028368794326241134	281	27	>20	0.8606239104020287
ENSMUSG00000035168.17:B1	label_permutation	6.711304392269837e-46	0.2927120669056153	836	20	>20	0.8750110119110907
ENSMUSG00000035168.17:B2	label_permutation	2.67181788213819e-28	0.2737636480411047	6227	10	>20	0.8750110119110907
ENSMUSG00000035168.17:B3	label_permutation	0.012418876227947	0.800417469492614	6227	10	>20	0.9417705743754179
ENSMUSG00000049281.17:B1	label_permutation	1.231569578442972e-10	0.6185897435897436	623	9	11-20	0.9037363545202307
ENSMUSG00000049281.17:B2	label_permutation	8.13988464597849e-22	0.09796081567373051	5001	3	11-20	0.8606239104020287
ENSMUSG00000049281.17:B3	label_permutation	0.4204825807458987	0.7730907636945222	5001	3	11-20	0.9340658840244447
ENSMUSG00000002985.17:B1	label_permutation	7.627910251360437e-35	0.38310529446757885	1680	18	>20	0.8802533382017219
ENSMUSG00000002985.17:B2	label_permutation	7.155560913077308e-33	0.2490948587979725	4142	9	>20	0.8695150142445928
ENSMUSG00000019467.16:B1	label_permutation	8.159061311437562e-10	0.18692522990803678	5001	3	11-20	0.8660184484869279
ENSMUSG00000022246.15:B1	label_permutation	0.0823353633538908	0.53222244529211	4980	2	>20	0.894080632179703
ENSMUSG00000022246.15:B2	label_permutation	0.0062274249856512	0.3955745341614907	2575	1	>20	0.8802533382017219
ENSMUSG00000025969.16:B1	label_permutation	0.0900193119087046	0.6777926123720516	2246	5	11-20	0.9110999233898707
ENSMUSG00000025969.16:B2	label_permutation	6.186592147359666e-14	0.6584158415841584	403	15	11-20	0.9069038962860783
ENSMUSG00000028546.18:B2	label_permutation	0.0014123820730908	0.46533140965798186	11782	4	>20	0.8898720659587109
ENSMUSG00000030779.17:B1	label_permutation	8.303382375499059e-23	0.6714456391875747	836	20	>20	0.9110999233898707
ENSMUSG00000030779.17:B2	label_permutation	0.0135723349943236	0.8029865125240848	6227	10	>20	0.9427126174837106
ENSMUSG00000033419.17:B1	label_permutation	0.0059253227862528	0.6317194731221075	5617	7	>20	0.9037363545202307
ENSMUSG00000033419.17:B4	label_permutation	3.038307704584384e-35	0.2118191527233891	5617	7	>20	0.8674506604704691
ENSMUSG00000038860.16:B1	label_permutation	1.0815686194783336e-05	0.29291306966472597	4980	2	>20	0.8750110119110907
ENSMUSG00000038860.16:B2	label_permutation	3.375658111549568e-30	0.22593167701863354	2575	1	>20	0.8674506604704691
ENSMUSG00000042472.12:B1	label_permutation	4.116938380667644e-30	0.30962497690744506	5412	12	>20	0.8768883635306256
ENSMUSG00000042472.12:B2	label_permutation	2.4719831472863844e-08	0.4773876030859271	7517	8	>20	0.8914176034062342
ENSMUSG00000054162.16:B1	label_permutation	5.590011670999014e-10	0.41935483870967744	588	6	6-10	0.8802533382017219
ENSMUSG00000054162.16:B2	label_permutation	3.391292916300253e-05	0.29963235294117646	1087	3	6-10	0.8768883635306256
ENSMUSG00000071847.14:B1	label_permutation	0.0165988836509502	0.38948863636363634	3519	1	1-5	0.8802533382017219
ENSMUSG00000071847.14:B2	label_permutation	0.6093181161642065	0.7761370348493798	1692	2	1-5	0.9354869458056242
ENSMUSG00000001441.14:B1	label_permutation	7.80176686253247e-23	0.1883165360209033	10715	6	>20	0.8660184484869279
ENSMUSG00000003762.14:B1	label_permutation	0.0142960566637314	0.5473139268437579	11782	4	>20	0.894080632179703
ENSMUSG00000005893.15:B1	label_permutation	1.0858868795000474e-18	0.11155537784886045	5001	3	11-20	0.8606239104020287
ENSMUSG00000009575.15:B1	label_permutation	4.979813200463598e-32	0.287086643266211	5412	12	>20	0.8750110119110907
ENSMUSG00000015597.18:B1	label_permutation	9.910391008595953e-22	0.3117850492152168	7517	8	>20	0.8768883635306256
ENSMUSG00000018411.18:B1	label_permutation	0.0524399419666154	0.6975550578574095	10715	6	>20	0.9150593486619103
ENSMUSG00000020132.11:B1	label_permutation	7.665826573739385e-177	0.004328269540863957	11782	4	>20	0.8606239104020287
ENSMUSG00000020589.18:B1	label_permutation	4.144162395412854e-16	0.40382145150931276	6227	10	>20	0.8802533382017219
ENSMUSG00000020992.6:B1	label_permutation	8.093478082642794e-114	0.010638297872340425	10715	6	>20	0.8606239104020287
ENSMUSG00000021514.19:B1	label_permutation	0.3171071982524471	0.7546601183167764	8958	3	>20	0.9300637725810085
ENSMUSG00000022142.9:B1	label_permutation	1.541798941674194e-72	0.03766091481785812	7301	2	11-20	0.8606239104020287
ENSMUSG00000022607.19:B1	label_permutation	0.0879542145604742	0.5352338887773539	4980	2	>20	0.894080632179703
ENSMUSG00000023150.15:B1	label_permutation	3.182362120532275e-35	0.12947873646612346	8958	3	>20	0.8606239104020287
ENSMUSG00000024393.15:B1	label_permutation	1.3666715503237088e-47	0.15268225584594222	1453	11	>20	0.8606239104020287
ENSMUSG00000024867.15:B1	label_permutation	1.4456668916593763e-163	0.002856515051637003	13652	5	>20	0.8606239104020287
ENSMUSG00000025332.15:B1	label_permutation	2.2021463869656775e-12	0.25307646609522194	11782	4	>20	0.8695150142445928
ENSMUSG00000026027.14:B1	label_permutation	3.1772034549720296e-33	0.13539457528742047	8958	3	>20	0.8606239104020287
ENSMUSG00000026575.16:B1	label_permutation	1.3573885992926884e-41	0.11708896082152026	8958	3	>20	0.8606239104020287
ENSMUSG00000026970.17:B1	label_permutation	0.0011311882540289	0.34986005597760894	5001	3	11-20	0.87970420814686
ENSMUSG00000027598.17:B1	label_permutation	1.4066481805729709e-33	0.14106789716545814	13652	5	>20	0.8606239104020287
ENSMUSG00000028127.11:B1	label_permutation	0.0001290358852968	0.4228879007722911	4272	4	11-20	0.8802533382017219
ENSMUSG00000028683.15:B1	label_permutation	2.0994328885365093e-80	0.047535340218267046	13652	5	>20	0.8606239104020287
ENSMUSG00000029148.16:B1	label_permutation	0.4465196000169087	0.7023471756512768	7753	1	11-20	0.9180768491497492
ENSMUSG00000029608.11:B1	label_permutation	0.0142373138940565	0.7442138866719872	7517	8	>20	0.9284035186765294
ENSMUSG00000030232.19:B1	label_permutation	1.8084766559855693e-21	0.4603174603174603	818	12	11-20	0.8895566450977648
ENSMUSG00000030930.15:B1	label_permutation	0.100433588167203	0.44286819705958214	7753	1	11-20	0.8834484441381291
ENSMUSG00000031600.12:B1	label_permutation	9.555743700343557e-13	0.284341172079134	10715	6	>20	0.8750110119110907
ENSMUSG00000032482.10:B2	label_permutation	2.219435596066436e-06	0.35201054713249835	13652	5	>20	0.87970420814686
ENSMUSG00000033066.18:B1	label_permutation	2.8888213926449363e-37	0.48177269478198714	1398	24	>20	0.8914176034062342
ENSMUSG00000034022.9:B1	label_permutation	0.844937278613227	0.9303585246324477	7753	1	11-20	0.9931190521848503
ENSMUSG00000034771.16:B1	label_permutation	0.7600021786814238	0.8911865087331861	4980	2	>20	0.9741370112064653
ENSMUSG00000035614.12:B1	label_permutation	0.0049040297910995	0.49417710393320147	13652	5	>20	0.8921327130306684
ENSMUSG00000036529.18:B1	label_permutation	7.828486696447923e-09	0.4054823780704877	5617	7	>20	0.8802533382017219
ENSMUSG00000037348.16:B1	label_permutation	0.5539108503143932	0.7700541655919525	7753	1	11-20	0.933502867530847
ENSMUSG00000038102.16:B1	label_permutation	8.253944122314007e-12	0.25944156836119836	11782	4	>20	0.8740108007610387
ENSMUSG00000038594.10:B1	label_permutation	3.467986006487603e-21	0.12130681818181818	3519	1	1-5	0.8606239104020287
ENSMUSG00000039474.14:B1	label_permutation	0.7594138225734988	0.9126349460215913	5001	3	11-20	0.984602701803198
ENSMUSG00000040412.18:B1	label_permutation	7.738355591677469e-26	0.15900421602087933	4980	2	>20	0.8630011434756422
ENSMUSG00000041216.16:B1	label_permutation	1.5626439461517311e-30	0.23976504093983625	5617	7	>20	0.8674506604704691
ENSMUSG00000042249.12:B1	label_permutation	0.0171170275920433	0.63167226577081	10715	6	>20	0.9037363545202307
ENSMUSG00000044033.17:B1	label_permutation	9.470033514002026e-07	0.2815533980582524	205	4	1-5	0.8750110119110907
ENSMUSG00000046699.15:B1	label_permutation	0.0732456736505529	0.5077639751552795	2575	1	>20	0.894080632179703
ENSMUSG00000049122.18:B1	label_permutation	0.0128330272198677	0.5008371470030137	8958	3	>20	0.8921327130306684
ENSMUSG00000051768.10:B1	label_permutation	3.2131812327641655e-291	0.11413043478260869	2575	1	>20	0.8606239104020287
ENSMUSG00000054013.7:B1	label_permutation	5.347239422106465e-154	0.007197382769901854	4584	1	6-10	0.8606239104020287
ENSMUSG00000056268.16:B1	label_permutation	0.620544871118901	0.9662080617909727	4142	9	>20	1.0
ENSMUSG00000058301.9:B1	label_permutation	4.008237727223231e-09	0.2919460239327845	11782	4	>20	0.8750110119110907
ENSMUSG00000060548.14:B1	label_permutation	0.1075073660886196	0.5482933914306464	2753	2	6-10	0.894080632179703
ENSMUSG00000062825.16:B1	label_permutation	0.0101796789445975	0.5336003560302626	2246	5	11-20	0.894080632179703
ENSMUSG00000071337.12:B1	label_permutation	2.073405076301459e-26	0.26326094695621216	5617	7	>20	0.8750110119110907
ENSMUSG00000078886.13:B1	label_permutation	4.112293690299063e-51	0.20031055900621117	2575	1	>20	0.8674506604704691
ENSMUSG00000089982.8:B1	label_permutation	0.142262306918076	0.4846530822801135	7753	1	11-20	0.8914176034062342
ENSMUSG00000109321.2:B1	label_permutation	0.0554379700197221	0.5829891728987611	8958	3	>20	0.8997902400062849
ENSMUSG00000026632.18:B1	label_permutation	0.0002163778195293	0.4200118815242298	11782	4	>20	0.8802533382017219
ENSMUSG00000026632.18:B2	label_permutation	3.008661573063269e-54	0.06344772545889864	7517	8	>20	0.8606239104020287
ENSMUSG00000026632.18:B3	label_permutation	0.0239609501424629	0.5711618433336162	11782	4	>20	0.8997902400062849
ENSMUSG00000026632.18:B4	label_permutation	3.814393687191046e-05	0.3909021471611644	11782	4	>20	0.8802533382017219
ENSMUSG00000039205.17:B1	label_permutation	3.909088012297664e-24	0.3060584117789042	4142	9	>20	0.8768883635306256
ENSMUSG00000039205.17:B2	label_permutation	1.188402468501137e-11	0.24746065409085835	8958	3	>20	0.8695150142445928
ENSMUSG00000039205.17:B3	label_permutation	0.0085326632353085	0.48565688134836477	8958	3	>20	0.8914176034062342
ENSMUSG00000039205.17:B5	label_permutation	0.0038925398718466	0.4613238084607657	8958	3	>20	0.8898393180670646
ENSMUSG00000014959.13:B1	label_permutation	0.3747662701853056	0.7783234736019645	8958	3	>20	0.9354869458056242
ENSMUSG00000014959.13:B2	label_permutation	2.660879471956298e-29	0.1512445585444804	8958	3	>20	0.8606239104020287
ENSMUSG00000014959.13:B3	label_permutation	3.948959023799382e-28	0.11001642036124795	2435	6	11-20	0.8606239104020287
ENSMUSG00000023452.20:B1	label_permutation	2.20992143424676e-23	0.18383725270623366	10715	6	>20	0.8660184484869279
ENSMUSG00000023452.20:B2	label_permutation	0.9001102895394727	0.9630539122669941	8958	3	>20	1.0
ENSMUSG00000023452.20:B3	label_permutation	0.9001109976246843	0.9630539122669941	8958	3	>20	1.0
ENSMUSG00000028782.15:B1	label_permutation	5.013445552697559e-08	0.7938983050847458	1474	16	>20	0.9409009893787282
ENSMUSG00000028782.15:B3	label_permutation	4.995374681407896e-08	0.7938983050847458	1474	16	>20	0.9409009893787282
ENSMUSG00000028782.15:B4	label_permutation	0.6747491983038078	0.9648842777334398	7517	8	>20	1.0
ENSMUSG00000035203.17:B1	label_permutation	7.978436848469054e-06	0.6043673731535003	6227	10	>20	0.903460907270032
ENSMUSG00000035203.17:B2	label_permutation	0.0048893077900286	0.4940306159818355	13652	5	>20	0.8921327130306684
ENSMUSG00000035203.17:B3	label_permutation	0.0058946951708723	0.5006958177689885	13652	5	>20	0.8921327130306684
ENSMUSG00000049336.17:B1	label_permutation	0.0806023108693133	0.8359936153232242	7517	8	>20	0.9571860655446038
ENSMUSG00000049336.17:B2	label_permutation	1.0	1.0	7517	8	>20	1.0
ENSMUSG00000049336.17:B3	label_permutation	6.237312719507852e-60	0.12745762711864406	1474	16	>20	0.8606239104020287
ENSMUSG00000003233.13:B1	label_permutation	3.157187209622854e-05	0.4027615258600515	4272	4	11-20	0.8802533382017219
ENSMUSG00000003233.13:B2	label_permutation	0.7405183167875918	0.8722267871815941	7301	2	11-20	0.9657719773454814
ENSMUSG00000019647.17:B1	label_permutation	2.731088101940348e-07	0.7814407814407814	818	12	11-20	0.9366474159036053
ENSMUSG00000019647.17:B2	label_permutation	2.6241316135431514e-35	0.057102738123098525	4272	4	11-20	0.8606239104020287
ENSMUSG00000022361.15:B1	label_permutation	1.1024699747005958e-09	0.46018062397372744	2435	6	11-20	0.8895566450977648
ENSMUSG00000022361.15:B3	label_permutation	0.0030566456793877	0.3770491803278688	5001	3	11-20	0.8802533382017219
ENSMUSG00000026014.16:B2	label_permutation	4.4582206637802734e-46	0.16850068775790922	1453	11	>20	0.8660184484869279
ENSMUSG00000028552.14:B1	label_permutation	0.0008310802179235	0.7528925619834711	1209	8	11-20	0.9300637725810085
ENSMUSG00000028552.14:B2	label_permutation	0.0052018320562057	0.5246899134097823	4272	4	11-20	0.894080632179703
ENSMUSG00000030816.9:B1	label_permutation	0.0131645235428562	0.3709942481511915	7301	2	11-20	0.8799716412619639
ENSMUSG00000038902.15:B2	label_permutation	0.9567213189601737	0.9778325123152709	2435	6	11-20	1.0
ENSMUSG00000038902.15:B3	label_permutation	0.7929785006265604	0.9368252698920432	5001	3	11-20	0.9950585589446566
ENSMUSG00000042557.15:B2	label_permutation	1.125332256390638e-11	0.26902512268365925	13652	5	>20	0.8750110119110907
ENSMUSG00000054477.17:B1	label_permutation	0.0561729305184691	0.8161745144985368	7517	8	>20	0.9493623123698782
ENSMUSG00000054477.17:B2	label_permutation	0.7652238923915957	0.914113553424425	11782	4	>20	0.985138203618553
ENSMUSG00000071984.13:B1	label_permutation	0.0096275421724902	0.4897868065632325	8958	3	>20	0.8914176034062342
ENSMUSG00000071984.13:B2	label_permutation	0.0096275416900202	0.4897868065632325	8958	3	>20	0.8914176034062342
ENSMUSG00000001472.18:B1	label_permutation	4.8446229247407145e-12	0.5451690375023093	5412	12	>20	0.894080632179703
ENSMUSG00000003778.15:B1	label_permutation	0.0467498362484656	0.5121951219512195	5001	3	11-20	0.894080632179703
ENSMUSG00000006005.19:B1	label_permutation	8.892885693172832e-130	0.0037243947858473	7517	8	>20	0.8606239104020287
ENSMUSG00000009681.11:B1	label_permutation	0.3021180462093346	0.7807807807807807	13652	5	>20	0.9364089635684487
ENSMUSG00000015599.10:B1	label_permutation	9.941520940948431e-07	0.4487362050551798	5617	7	>20	0.8879878932267626
ENSMUSG00000018427.9:B1	label_permutation	5.797969868759715e-290	0.03493274442882955	4980	2	>20	0.8606239104020287
ENSMUSG00000020134.14:B1	label_permutation	1.7080851546212678e-35	0.18848097898377228	7517	8	>20	0.8660184484869279
ENSMUSG00000020590.17:B1	label_permutation	2.4150081283125646e-32	0.2529567945932899	4142	9	>20	0.8695150142445928
ENSMUSG00000021007.15:B1	label_permutation	1.962786842253737e-19	0.1974030382754816	11782	4	>20	0.8674506604704691
ENSMUSG00000021546.19:B1	label_permutation	1.7836905774199553e-22	0.09496201519392243	5001	3	11-20	0.8606239104020287
ENSMUSG00000022186.15:B1	label_permutation	0.6937852650907601	0.9071998828096389	13652	5	>20	0.9813753526353685
ENSMUSG00000022621.17:B1	label_permutation	0.0727306242759209	0.4137219499613103	7753	1	11-20	0.8802533382017219
ENSMUSG00000023456.17:B1	label_permutation	0.0965573133090407	0.6858032932799288	2246	5	11-20	0.9120343129152756
ENSMUSG00000024400.17:B1	label_permutation	1.9677811764603283e-27	0.13875922939828567	11782	4	>20	0.8606239104020287
ENSMUSG00000025340.15:B1	label_permutation	1.1769038297825116e-16	0.2167529491640499	11782	4	>20	0.8674506604704691
ENSMUSG00000026028.13:B1	label_permutation	1.3570621219012989e-167	0.002050831319124002	13652	5	>20	0.8606239104020287
ENSMUSG00000026584.15:B1	label_permutation	1.0185548329416572e-137	0.027458421698850318	8958	3	>20	0.8606239104020287
ENSMUSG00000026972.16:B1	label_permutation	0.0183507914614666	0.3637949836423119	4584	1	6-10	0.8799716412619639
ENSMUSG00000027618.18:B1	label_permutation	7.033543037877576e-05	0.22508178844056706	4584	1	6-10	0.8674506604704691
ENSMUSG00000028136.16:B1	label_permutation	1.1225216674700177e-07	0.546082209377007	6227	10	>20	0.894080632179703
ENSMUSG00000028691.13:B1	label_permutation	0.5492136471333432	0.7911931818181818	3519	1	1-5	0.9406407828282828
ENSMUSG00000029151.15:B1	label_permutation	2.82625560082796e-17	0.20884027235182498	8958	3	>20	0.8674506604704691
ENSMUSG00000029629.18:B1	label_permutation	0.519573104381748	0.8400237630484596	11782	4	>20	0.9572107328688597
ENSMUSG00000030235.18:B1	label_permutation	0.0164958582895665	0.3846590909090909	3519	1	1-5	0.8802533382017219
ENSMUSG00000030946.14:B1	label_permutation	0.449332639756441	0.7866853258696521	5001	3	11-20	0.9389371467897278
ENSMUSG00000031605.9:B1	label_permutation	0.556445656533544	0.7735362393603301	7753	1	11-20	0.9340658840244447
ENSMUSG00000032076.21:B1	label_permutation	0.0084558837195032	0.5259271832300773	11782	4	>20	0.894080632179703
ENSMUSG00000032504.16:B1	label_permutation	0.1450095419359447	0.5435497124075596	7301	2	11-20	0.894080632179703
ENSMUSG00000033147.17:B1	label_permutation	0.5874563289254846	0.8579082486884697	8958	3	>20	0.9625324162842946
ENSMUSG00000034024.9:B1	label_permutation	0.0302462794798199	0.5985758789497108	2246	5	11-20	0.903460907270032
ENSMUSG00000034799.17:B1	label_permutation	1.925298724277834e-06	0.5573256094617427	4142	9	>20	0.8956389798674386
ENSMUSG00000035615.13:B1	label_permutation	0.2745751723398141	0.735238307846858	8958	3	>20	0.9254562809270118
ENSMUSG00000036545.10:B1	label_permutation	7.967563843553636e-23	0.17185776118136298	11782	4	>20	0.8660184484869279
ENSMUSG00000037355.15:B1	label_permutation	4.810461168736325e-26	0.14843418484256982	11782	4	>20	0.8606239104020287
ENSMUSG00000038119.16:B1	label_permutation	0.0272756582533053	0.5713762543030836	13652	5	>20	0.8997902400062849
ENSMUSG00000038611.18:B1	label_permutation	0.1058626703689641	0.7486935423665547	10715	6	>20	0.9295624013670085
ENSMUSG00000039501.15:B1	label_permutation	2.50411338792103e-08	0.30603411694814564	11782	4	>20	0.8768883635306256
ENSMUSG00000040423.12:B1	label_permutation	0.5018438092340105	0.8719868944535455	4272	4	11-20	0.9657719773454814
ENSMUSG00000041220.11:B1	label_permutation	7.521029508597596e-17	0.12900575184880855	7301	2	11-20	0.8606239104020287
ENSMUSG00000042272.18:B1	label_permutation	0.4760905270346404	0.8162741377385869	8958	3	>20	0.9493623123698782
ENSMUSG00000044098.15:B1	label_permutation	1.263212973607663e-38	0.12389775644603192	8958	3	>20	0.8606239104020287
ENSMUSG00000046707.10:B1	label_permutation	6.671069405662241e-08	0.29277821185400155	8958	3	>20	0.8750110119110907
ENSMUSG00000049191.13:B1	label_permutation	0.5470914768670622	0.7869318181818182	3519	1	1-5	0.9389371467897278
ENSMUSG00000051790.16:B1	label_permutation	2.0181317566282843e-16	0.3985228002569043	6227	10	>20	0.8802533382017219
ENSMUSG00000054199.19:B1	label_permutation	0.0267555762899796	0.5700578627407896	13652	5	>20	0.8997902400062849
ENSMUSG00000056310.15:B1	label_permutation	0.0217667709245191	0.5660697615208351	11782	4	>20	0.8997902400062849
ENSMUSG00000058325.7:B1	label_permutation	1.97923528449476e-05	0.23974722723755482	7753	1	11-20	0.8674506604704691
ENSMUSG00000060657.9:B1	label_permutation	0.0165756636104729	0.6291526689063083	10715	6	>20	0.9037363545202307
ENSMUSG00000062866.17:B1	label_permutation	2.95560453044715e-85	0.02341048151104017	7517	8	>20	0.8606239104020287
ENSMUSG00000067851.12:B1	label_permutation	9.839521542477157e-104	0.011638647699981526	5412	12	>20	0.8606239104020287
ENSMUSG00000079055.11:B1	label_permutation	0.0580832456503715	0.7758913412563667	588	6	6-10	0.9354869458056242
ENSMUSG00000090053.10:B1	label_permutation	0.004444247362103	0.3256642015886059	7301	2	11-20	0.8768883635306256
ENSMUSG00000109336.2:B1	label_permutation	5.82940087181108e-24	0.09524923941025042	4272	4	11-20	0.8606239104020287
ENSMUSG00000026790.20:B1	label_permutation	2.152116233620869e-34	0.2440944881889764	126	16	11-20	0.8674506604704691
ENSMUSG00000026790.20:B2	label_permutation	0.0099095427367112	0.5323771535262667	11782	4	>20	0.894080632179703
ENSMUSG00000026790.20:B3	label_permutation	0.0005044407776718	0.4376644318085377	11782	4	>20	0.8802533382017219
ENSMUSG00000026790.20:B5	label_permutation	9.24006547267595e-22	0.3113860069167332	7517	8	>20	0.8768883635306256
ENSMUSG00000040669.15:B1	label_permutation	1.0	1.0	14	24	11-20	1.0
ENSMUSG00000040669.15:B2	label_permutation	2.25699041255628e-18	0.20648391750827463	11782	4	>20	0.8674506604704691
ENSMUSG00000040669.15:B3	label_permutation	1.0	1.0	5412	12	>20	1.0
ENSMUSG00000040669.15:B4	label_permutation	1.0	1.0	11	17	11-20	1.0
ENSMUSG00000015968.19:B1	label_permutation	3.1710079513254217e-29	0.31923147977092187	5412	12	>20	0.8768883635306256
ENSMUSG00000015968.19:B2	label_permutation	1.9791276461975847e-10	0.27522702198081983	11782	4	>20	0.8750110119110907
ENSMUSG00000015968.19:B3	label_permutation	7.757045021853203e-05	0.4023593312399219	11782	4	>20	0.8802533382017219
ENSMUSG00000023951.19:B1	label_permutation	0.0435428534970202	0.43809915091755686	7301	2	11-20	0.8802533382017219
ENSMUSG00000023951.19:B2	label_permutation	0.0205141600753473	0.4632147141143543	5001	3	11-20	0.8898393180670646
ENSMUSG00000023951.19:B3	label_permutation	0.1463283322293627	0.5779963862678177	4980	2	>20	0.8997902400062849
ENSMUSG00000028789.17:B1	label_permutation	0.0028814989801728	0.7142857142857143	2435	6	11-20	0.9220008085299167
ENSMUSG00000028789.17:B2	label_permutation	0.0031840554549624	0.3784486205517793	5001	3	11-20	0.8802533382017219
ENSMUSG00000028789.17:B3	label_permutation	2.440123351736945e-05	0.27668932427029186	5001	3	11-20	0.8750110119110907
ENSMUSG00000035242.16:B1	label_permutation	0.0814685520384762	0.5215593620791494	1692	2	1-5	0.894080632179703
ENSMUSG00000035242.16:B2	label_permutation	0.5691397468375904	0.8088068181818182	3519	1	1-5	0.9463102944309011
ENSMUSG00000035242.16:B3	label_permutation	0.0492356699676982	0.4349431818181818	3519	1	1-5	0.8802533382017219
ENSMUSG00000050043.17:B1	label_permutation	9.971582220336876e-09	0.22209096278795037	1692	2	1-5	0.8674506604704691
ENSMUSG00000050043.17:B2	label_permutation	0.5631687491267882	0.80625	3519	1	1-5	0.9444075918433388
ENSMUSG00000050043.17:B3	label_permutation	1.162266079878507e-28	0.06278409090909091	3519	1	1-5	0.8606239104020287
ENSMUSG00000003847.17:B1	label_permutation	1.2719644561967774e-22	0.5240677966101694	1474	16	>20	0.894080632179703
ENSMUSG00000019828.14:B1	label_permutation	0.0005075104325544	0.8052835765749122	5412	12	>20	0.9443765614152931
ENSMUSG00000019828.14:B2	label_permutation	0.0133379074710702	0.6166480029861888	10715	6	>20	0.9036329068266031
ENSMUSG00000022471.15:B2	label_permutation	2.1564601499011395e-35	0.09895612322837986	11782	4	>20	0.8606239104020287
ENSMUSG00000026193.16:B1	label_permutation	5.906435802384342e-05	0.20481927710843373	165	6	1-5	0.8674506604704691
ENSMUSG00000028565.19:B1	label_permutation	4.2257583913068265e-06	0.5689655172413793	2435	6	11-20	0.8997902400062849
ENSMUSG00000028565.19:B4	label_permutation	5.1090135119859546e-08	0.25577193334671755	4980	2	>20	0.871516558241699
ENSMUSG00000030846.16:B1	label_permutation	0.0009134181071774	0.6830798937967656	4142	9	>20	0.9110999233898707
ENSMUSG00000030846.16:B4	label_permutation	0.4661675070768901	0.8888577827547592	10715	6	>20	0.9741370112064653
ENSMUSG00000033569.18:B1	label_permutation	6.115729663056397e-63	0.12790005948839978	1680	18	>20	0.8606239104020287
ENSMUSG00000033569.18:B2	label_permutation	3.283232123030995e-37	0.2386846480694624	5412	12	>20	0.8674506604704691
ENSMUSG00000038909.17:B1	label_permutation	0.0014608313249825	0.524822695035461	10715	6	>20	0.894080632179703
ENSMUSG00000038909.17:B3	label_permutation	0.0007833354303738	0.5070921985815603	10715	6	>20	0.894080632179703
ENSMUSG00000042671.13:B2	label_permutation	0.0567092070634471	0.5293882447021192	5001	3	11-20	0.894080632179703
ENSMUSG00000054611.18:B1	label_permutation	0.0171710309499837	0.5458873507653995	13652	5	>20	0.894080632179703
ENSMUSG00000054611.18:B2	label_permutation	2.0603594049484187e-49	0.10998715478484265	6227	10	>20	0.8606239104020287
ENSMUSG00000001521.13:B1	label_permutation	1.069238319657298e-58	0.0427398282941396	10715	6	>20	0.8606239104020287
ENSMUSG00000003808.19:B1	label_permutation	0.0002837467052355	0.3941288090188637	8958	3	>20	0.8802533382017219
ENSMUSG00000006058.11:B1	label_permutation	0.2525404047514132	0.5777663141604333	7753	1	11-20	0.8997902400062849
ENSMUSG00000009733.10:B1	label_permutation	1.269873048110763e-125	0.011881524229822625	11782	4	>20	0.8606239104020287
ENSMUSG00000018474.19:B1	label_permutation	1.8910751611886604e-23	0.38998706816922224	5412	12	>20	0.8802533382017219
ENSMUSG00000020135.14:B1	label_permutation	0.0069053688888532	0.5834266517357223	10715	6	>20	0.8997902400062849
ENSMUSG00000020598.17:B1	label_permutation	2.2255786913587826e-12	0.41274275073157757	7517	8	>20	0.8802533382017219
ENSMUSG00000021038.18:B1	label_permutation	8.045716286653005e-26	0.16675968300033486	8958	3	>20	0.8660184484869279
ENSMUSG00000021557.16:B1	label_permutation	1.2567707823763375e-27	0.6009852216748769	405	22	>20	0.903460907270032
ENSMUSG00000022191.17:B1	label_permutation	0.262072263999713	0.7615908591518348	13652	5	>20	0.931570310568412
ENSMUSG00000022629.18:B1	label_permutation	0.0796354827249608	0.8537291817523533	4142	9	>20	0.9617601205569994
ENSMUSG00000023473.14:B1	label_permutation	8.321268165061375e-10	0.3248413587159388	10715	6	>20	0.8768883635306256
ENSMUSG00000024403.17:B1	label_permutation	4.725217099397778e-22	0.3349389852280026	6227	10	>20	0.8768883635306256
ENSMUSG00000024883.9:B1	label_permutation	5.87994340005282e-79	0.04848751190214605	13652	5	>20	0.8606239104020287
ENSMUSG00000026058.12:B1	label_permutation	0.5809454203451565	0.8101708074534162	2575	1	>20	0.9465130734353043
ENSMUSG00000026585.14:B1	label_permutation	3.743838626796191e-05	0.4415826801045166	10715	6	>20	0.8827724930559153
ENSMUSG00000027620.17:B1	label_permutation	0.0007874691855987	0.5626557493770025	5617	7	>20	0.8989814084238991
ENSMUSG00000028149.13:B1	label_permutation	4.20147418745784e-43	0.15737388365918417	4142	9	>20	0.8606239104020287
ENSMUSG00000028693.16:B1	label_permutation	3.829907746036957e-05	0.3575175800870633	8958	3	>20	0.8799716412619639
ENSMUSG00000029152.14:B1	label_permutation	0.0005664175101056	0.27622569159134486	7301	2	11-20	0.8750110119110907
ENSMUSG00000029635.16:B1	label_permutation	4.2272806709861466e-49	0.14021799371882504	5412	12	>20	0.8606239104020287
ENSMUSG00000030237.15:B1	label_permutation	0.8719991769299906	0.9326704545454545	3519	1	1-5	0.9936155119413573
ENSMUSG00000031618.14:B1	label_permutation	0.7251478720384508	0.8612708846891263	7301	2	11-20	0.9628237203465009
ENSMUSG00000032086.13:B1	label_permutation	0.1895099450566842	0.8000186636804778	10715	6	>20	0.9417705743754179
ENSMUSG00000032512.8:B1	label_permutation	0.0061408958304581	0.47360196450496705	8958	3	>20	0.8914176034062342
ENSMUSG00000033174.18:B1	label_permutation	0.000119250430959	0.6012237297153499	7517	8	>20	0.903460907270032
ENSMUSG00000034037.15:B1	label_permutation	0.0015269433512976	0.3230113636363636	3519	1	1-5	0.8768883635306256
ENSMUSG00000034818.18:B1	label_permutation	0.005987204331676	0.6322534709861161	5617	7	>20	0.9037363545202307
ENSMUSG00000035620.16:B1	label_permutation	0.1618828656562056	0.5554642563681184	7301	2	11-20	0.8956389798674386
ENSMUSG00000036550.17:B1	label_permutation	0.3702494644036522	0.8083205156375888	13652	5	>20	0.9459876034571156
ENSMUSG00000037364.13:B1	label_permutation	3.202943153444013e-47	0.09124767225325885	7517	8	>20	0.8606239104020287
ENSMUSG00000038126.18:B1	label_permutation	0.0943353334252385	0.6226141310414108	8958	3	>20	0.9037363545202307
ENSMUSG00000038619.13:B1	label_permutation	2.573549102163446e-09	0.33314669652855544	10715	6	>20	0.8768883635306256
ENSMUSG00000039515.12:B1	label_permutation	9.137581513317948e-31	0.3064713064713065	818	12	11-20	0.8768883635306256
ENSMUSG00000040424.16:B1	label_permutation	0.4360580871106178	0.7437888198757764	2575	1	>20	0.9284035186765294
ENSMUSG00000041245.14:B1	label_permutation	0.4013783426630089	0.724400871459695	2753	2	6-10	0.924911711059411
ENSMUSG00000042302.15:B1	label_permutation	1.0	1.0	11782	4	>20	1.0
ENSMUSG00000044117.13:B1	label_permutation	0.9455519460724368	0.966454259137186	13652	5	>20	1.0
ENSMUSG00000046785.9:B1	label_permutation	2.100687463751997e-07	0.33068102036040253	4272	4	11-20	0.8768883635306256
ENSMUSG00000049252.18:B1	label_permutation	7.357292082931551e-26	0.549645390070922	281	27	>20	0.894080632179703
ENSMUSG00000052040.11:B1	label_permutation	0.0001518614350466	0.6050811386006917	7517	8	>20	0.903460907270032
ENSMUSG00000054226.14:B1	label_permutation	4.0220837566348446e-16	0.171074186754037	4272	4	11-20	0.8660184484869279
ENSMUSG00000058441.8:B1	label_permutation	0.995082614523808	0.9861681731032593	7301	2	11-20	1.0
ENSMUSG00000060671.13:B1	label_permutation	0.0788449889719919	0.6078803437883692	8958	3	>20	0.903460907270032
ENSMUSG00000062995.13:B1	label_permutation	0.4784361038678139	0.7490463762296727	4980	2	>20	0.9295624013670085
ENSMUSG00000067873.12:B1	label_permutation	0.4129815592405414	0.7688924430227909	5001	3	11-20	0.9333880710276669
ENSMUSG00000071477.11:B1	label_permutation	0.2101176531040609	0.6625349860055978	5001	3	11-20	0.9077926034510164
ENSMUSG00000079157.5:B1	label_permutation	1.0	1.0	13652	5	>20	1.0
ENSMUSG00000090077.10:B1	label_permutation	2.77979642141449e-123	0.033597499720950996	8958	3	>20	0.8606239104020287
ENSMUSG00000109394.3:B1	label_permutation	0.1419491479691427	0.8824523292300266	4142	9	>20	0.9708030926516559
ENSMUSG00000027012.16:B1	label_permutation	1.0	1.0	5412	12	>20	1.0
ENSMUSG00000027012.16:B2	label_permutation	3.760214362096174e-15	0.25429264650989175	10715	6	>20	0.8703183612295037
ENSMUSG00000027012.16:B3	label_permutation	0.0122770929012319	0.612635311683464	10715	6	>20	0.9036329068266031
ENSMUSG00000027012.16:B5	label_permutation	0.2129869236908489	0.8101903695408734	10715	6	>20	0.9465130734353043
ENSMUSG00000040687.17:B1	label_permutation	0.395257197957919	0.8679544606196342	10715	6	>20	0.964775499882423
ENSMUSG00000040687.17:B2	label_permutation	5.998672776121118e-11	0.30739081746920494	10715	6	>20	0.8768883635306256
ENSMUSG00000040687.17:B4	label_permutation	0.0067584599973328	0.5827734229189996	10715	6	>20	0.8997902400062849
ENSMUSG00000040687.17:B5	label_permutation	2.215677870946173e-48	0.21951219512195122	1680	18	>20	0.8674506604704691
ENSMUSG00000016346.18:B1	label_permutation	0.5192208662723214	0.8398540269880336	11782	4	>20	0.9572107328688597
ENSMUSG00000016346.18:B3	label_permutation	0.6032662411935291	0.8655690401425783	11782	4	>20	0.9635614497117158
ENSMUSG00000016346.18:B5	label_permutation	9.716220499412364e-28	0.46644067796610167	1474	16	>20	0.8900995357875419
ENSMUSG00000024050.19:B1	label_permutation	3.31881324093476e-06	0.5365025466893039	588	6	6-10	0.894080632179703
ENSMUSG00000024050.19:B2	label_permutation	5.996577684366751e-07	0.2536764705882353	1087	3	6-10	0.8703183612295037
ENSMUSG00000024050.19:B3	label_permutation	0.3646320163811258	0.7455017992802879	5001	3	11-20	0.9293439905591163
ENSMUSG00000028809.17:B1	label_permutation	1.6251664284187817e-43	0.41625615763546797	405	22	>20	0.8802533382017219
ENSMUSG00000028809.17:B2	label_permutation	0.0084235411062723	0.8039889958734525	1453	11	>20	0.9433750776645681
ENSMUSG00000028809.17:B3	label_permutation	4.9531761401442135e-48	0.14649243466299863	1453	11	>20	0.8606239104020287
ENSMUSG00000035342.15:B2	label_permutation	0.3220296993063342	0.6119318181818182	3519	1	1-5	0.9036329068266031
ENSMUSG00000035342.15:B4	label_permutation	0.6889084327169833	0.8245717660956882	1692	2	1-5	0.9528479086742151
ENSMUSG00000050334.14:B1	label_permutation	6.834934059631961e-37	0.46236559139784944	836	20	>20	0.8898393180670646
ENSMUSG00000050334.14:B2	label_permutation	4.114084470398408e-07	0.3333333333333333	13652	5	>20	0.8768883635306256
ENSMUSG00000050334.14:B3	label_permutation	6.299821726321235e-39	0.29147465437788017	867	15	>20	0.8750110119110907
ENSMUSG00000004056.16:B1	label_permutation	0.0152106307481207	0.30313588850174217	286	3	1-5	0.8768883635306256
ENSMUSG00000004056.16:B2	label_permutation	0.1880621488935443	0.5463467829880043	4584	1	6-10	0.894080632179703
ENSMUSG00000019843.15:B1	label_permutation	1.0	1.0	27	16	1-5	1.0
ENSMUSG00000019843.15:B2	label_permutation	6.687657629475698e-07	0.6090909090909091	1209	8	11-20	0.903460907270032
ENSMUSG00000022477.14:B1	label_permutation	1.5377691927469836e-59	0.051742484703378555	7517	8	>20	0.8606239104020287
ENSMUSG00000022477.14:B2	label_permutation	4.413159704149573e-55	0.16542372881355932	1474	16	>20	0.8660184484869279
ENSMUSG00000026203.17:B1	label_permutation	4.848268772654933e-05	0.6137110016420362	2435	6	11-20	0.9036329068266031
ENSMUSG00000026203.17:B2	label_permutation	0.5846794011753794	0.8380647740903638	5001	3	11-20	0.9572107328688597
ENSMUSG00000028573.19:B1	label_permutation	1.393423387162521e-06	0.5783558124598587	6227	10	>20	0.8997902400062849
ENSMUSG00000028573.19:B2	label_permutation	0.0058419497596583	0.5004760858419395	13652	5	>20	0.8921327130306684
ENSMUSG00000031026.16:B2	label_permutation	0.276899670232625	0.7528642960196894	11782	4	>20	0.9300637725810085
ENSMUSG00000033713.13:B1	label_permutation	1.1057159485187189e-55	0.05985634477254589	7517	8	>20	0.8606239104020287
ENSMUSG00000033713.13:B2	label_permutation	1.401199740353713e-33	0.10489688534329118	11782	4	>20	0.8606239104020287
ENSMUSG00000038914.16:B1	label_permutation	3.2356573168327535e-12	0.288167226577081	10715	6	>20	0.8750110119110907
ENSMUSG00000038914.16:B2	label_permutation	2.0252722795540355e-43	0.18714206539811565	5412	12	>20	0.8660184484869279
ENSMUSG00000042675.16:B1	label_permutation	3.5186508257092444e-08	0.2101159536185526	5001	3	11-20	0.8674506604704691
ENSMUSG00000042675.16:B2	label_permutation	0.075317332471054	0.479320734045467	7301	2	11-20	0.8914176034062342
ENSMUSG00000054976.15:B1	label_permutation	6.483386699106096e-05	0.5877893056664006	7517	8	>20	0.9024876535872138
ENSMUSG00000054976.15:B2	label_permutation	0.8325705571992835	0.9332088602223543	11782	4	>20	0.9936155119413573
ENSMUSG00000074247.11:B1	label_permutation	0.6577055865108008	0.8273075869624761	7301	2	11-20	0.9536325224293042
ENSMUSG00000074247.11:B2	label_permutation	0.8028960167938217	0.9492160074888837	4272	4	11-20	0.9991689088672994
ENSMUSG00000001542.8:B1	label_permutation	5.262752601754589e-16	0.22235423915810915	11782	4	>20	0.8674506604704691
ENSMUSG00000003810.15:B2	label_permutation	6.687883146357633e-21	0.3444123314065511	6227	10	>20	0.8772378175865799
ENSMUSG00000006154.14:B1	label_permutation	1.3610748418918698e-11	0.16064092029580937	7301	2	11-20	0.8660184484869279
ENSMUSG00000009894.16:B1	label_permutation	0.040462111124491	0.5950340584486926	13652	5	>20	0.903460907270032
ENSMUSG00000015766.15:B1	label_permutation	8.822267203937183e-16	0.40847784200385356	6227	10	>20	0.8802533382017219
ENSMUSG00000018501.18:B1	label_permutation	5.992817451334451e-15	0.7862759113652609	1398	24	>20	0.9389371467897278
ENSMUSG00000020149.18:B1	label_permutation	0.4954008674335839	0.9213075060532687	825	4	6-10	0.9876803273385949
ENSMUSG00000020599.14:B1	label_permutation	6.79164683235291e-33	0.23522800256904303	6227	10	>20	0.8674506604704691
ENSMUSG00000021044.16:B1	label_permutation	0.0669293540166615	0.950868783702816	1668	14	>20	0.9991689088672994
ENSMUSG00000021559.15:B1	label_permutation	0.017789214640478	0.5481579140115725	13652	5	>20	0.894080632179703
ENSMUSG00000022199.13:B1	label_permutation	0.893665963629722	0.9668719671519224	10715	6	>20	1.0
ENSMUSG00000022635.10:B1	label_permutation	1.8814482841695618e-07	0.20763476915140572	7753	1	11-20	0.8674506604704691
ENSMUSG00000024410.16:B1	label_permutation	0.3718129991009777	0.7087872185911401	2753	2	6-10	0.9212513888388844
ENSMUSG00000024892.18:B1	label_permutation	0.4547253252015047	0.6980113636363636	3519	1	1-5	0.9150709067041476
ENSMUSG00000025369.16:B1	label_permutation	0.0002476180004718	0.6735709698137444	6227	10	>20	0.9110999233898707
ENSMUSG00000026103.15:B1	label_permutation	0.000290448470381	0.42239800776386144	13652	5	>20	0.8802533382017219
ENSMUSG00000026587.16:B1	label_permutation	1.1757480804490268e-39	0.1739053043787825	5617	7	>20	0.8660184484869279
ENSMUSG00000026987.17:B1	label_permutation	5.949408760935829e-46	0.12709149163403347	5617	7	>20	0.8606239104020287
ENSMUSG00000027630.14:B1	label_permutation	0.0007022380747995	0.33966413434626147	5001	3	11-20	0.8772378175865799
ENSMUSG00000028152.11:B1	label_permutation	1.3210899782981088e-05	0.7263994088305931	5412	12	>20	0.9249658667442068
ENSMUSG00000028708.17:B1	label_permutation	5.024513536564778e-06	0.3601799202240516	11782	4	>20	0.8799716412619639
ENSMUSG00000029166.15:B1	label_permutation	0.198744198948129	0.7290705339485827	13652	5	>20	0.9249658667442068
ENSMUSG00000029648.14:B1	label_permutation	0.1503000733222997	0.5335227272727273	3519	1	1-5	0.894080632179703
ENSMUSG00000030246.13:B1	label_permutation	0.3134227609979427	0.7860543470299568	13652	5	>20	0.9389371467897278
ENSMUSG00000030967.16:B1	label_permutation	0.0001907416727488	0.42944067399953195	4272	4	11-20	0.8802533382017219
ENSMUSG00000031622.17:B1	label_permutation	0.0476291187221946	0.6909294512877939	10715	6	>20	0.9144902186301689
ENSMUSG00000032097.11:B1	label_permutation	0.4124793091674295	0.9697386519944979	1453	11	>20	1.0
ENSMUSG00000032517.17:B1	label_permutation	0.000206631512944	0.5806451612903226	588	6	6-10	0.8997902400062849
ENSMUSG00000033192.6:B1	label_permutation	1.1391646103574224e-05	0.23304101109104977	7753	1	11-20	0.8674506604704691
ENSMUSG00000034040.18:B1	label_permutation	8.560125189971642e-10	0.2742803650830798	4272	4	11-20	0.8750110119110907
ENSMUSG00000034820.5:B1	label_permutation	1.8151580863456504e-30	0.14588681772519255	8958	3	>20	0.8606239104020287
ENSMUSG00000035621.14:B1	label_permutation	1.1852132760068345e-07	0.31927352966137656	11782	4	>20	0.8768883635306256
ENSMUSG00000036555.15:B1	label_permutation	0.8773078696834115	0.9383730484798686	7301	2	11-20	0.995291121045204
ENSMUSG00000037369.18:B1	label_permutation	3.419721233378111e-61	0.05892742453436095	6227	10	>20	0.8606239104020287
ENSMUSG00000038141.12:B1	label_permutation	0.0048878997176788	0.5047950437070355	11782	4	>20	0.894080632179703
ENSMUSG00000038623.10:B1	label_permutation	0.4858925228786726	0.8206273021542583	8958	3	>20	0.9509365668344487
ENSMUSG00000039542.17:B1	label_permutation	1.1629624525383128e-06	0.45051619793520825	5617	7	>20	0.8879911375091342
ENSMUSG00000040430.19:B1	label_permutation	2.7447562187085573e-27	0.0774365821094793	2246	5	11-20	0.8606239104020287
ENSMUSG00000041258.19:B1	label_permutation	0.0001443713766319	0.3916332888295505	2246	5	11-20	0.8802533382017219
ENSMUSG00000042308.15:B1	label_permutation	0.0005498426166267	0.40696506306507424	8958	3	>20	0.8802533382017219
ENSMUSG00000046822.15:B1	label_permutation	0.0202724728500541	0.4500886001181335	1692	2	1-5	0.8879911375091342
ENSMUSG00000049321.18:B1	label_permutation	0.025707345600711	0.3542687645086407	7753	1	11-20	0.8799716412619639
ENSMUSG00000052105.18:B4	label_permutation	0.0088744237214286	0.5165897604921995	13652	5	>20	0.894080632179703
ENSMUSG00000054263.13:B1	label_permutation	1.0	1.0	165	6	1-5	1.0
ENSMUSG00000056476.14:B2	label_permutation	2.1951802913467524e-05	0.3817363998981584	11782	4	>20	0.8802533382017219
ENSMUSG00000058503.12:B1	label_permutation	0.0134648475737481	0.5034043978122559	8958	3	>20	0.8937457281579347
ENSMUSG00000060681.16:B1	label_permutation	0.4854074382026048	0.7980807676929228	5001	3	11-20	0.9416054003706996
ENSMUSG00000063063.13:B1	label_permutation	0.0150438017090605	0.4436225509796082	5001	3	11-20	0.8834484441381291
ENSMUSG00000068015.9:B1	label_permutation	0.0294905950454726	0.41399616543412765	7301	2	11-20	0.8802533382017219
ENSMUSG00000071650.7:B1	label_permutation	0.6589942267684341	0.8816090978528388	11782	4	>20	0.970590711844845
ENSMUSG00000090100.8:B1	label_permutation	1.5438035790458175e-34	0.13594081886764814	13652	5	>20	0.8606239104020287
ENSMUSG00000109754.3:B1	label_permutation	0.926093747279503	0.9619131326448399	13652	5	>20	1.0
ENSMUSG00000027200.18:B1	label_permutation	0.0001667134939797	0.4273344254622045	4272	4	11-20	0.8802533382017219
ENSMUSG00000027200.18:B2	label_permutation	0.0523331327823235	0.6370231687339106	4272	4	11-20	0.9044849332081017
ENSMUSG00000027200.18:B3	label_permutation	1.8482960862548013e-36	0.2271062271062271	818	12	11-20	0.8674506604704691
ENSMUSG00000027200.18:B4	label_permutation	2.5029221834952688e-11	0.23964427802480692	4272	4	11-20	0.8674506604704691
ENSMUSG00000040928.16:B1	label_permutation	1.0	1.0	286	3	1-5	1.0
ENSMUSG00000040928.16:B2	label_permutation	0.3267685558748973	0.67690490253987	1692	2	1-5	0.9110999233898707
ENSMUSG00000040928.16:B3	label_permutation	0.223826584588234	0.5676136363636364	3519	1	1-5	0.8997902400062849
ENSMUSG00000040928.16:B4	label_permutation	0.1166644262771138	0.5153409090909091	3519	1	1-5	0.894080632179703
ENSMUSG00000016382.16:B1	label_permutation	5.176473272162906e-13	0.24603241958754138	11782	4	>20	0.8695150142445928
ENSMUSG00000016382.16:B2	label_permutation	0.0134054154998339	0.4270226862075888	4980	2	>20	0.8802533382017219
ENSMUSG00000016382.16:B3	label_permutation	0.0314880138642131	0.472395101385264	4980	2	>20	0.8914176034062342
ENSMUSG00000024073.17:B1	label_permutation	8.794188481326303e-59	0.06535003211303789	6227	10	>20	0.8606239104020287
ENSMUSG00000024073.17:B4	label_permutation	4.6231033981427685e-46	0.1313423249839435	6227	10	>20	0.8606239104020287
ENSMUSG00000024073.17:B5	label_permutation	1.0657479173644926e-55	0.07947976878612717	6227	10	>20	0.8606239104020287
ENSMUSG00000029020.14:B1	label_permutation	0.6824019145587827	0.9092122830440588	2246	5	11-20	0.9819754866618601
ENSMUSG00000029020.14:B2	label_permutation	0.0688746406940837	0.6524254561637739	2246	5	11-20	0.9053909888911233
ENSMUSG00000029020.14:B4	label_permutation	3.385803940005917e-07	0.6218568665377177	1033	10	11-20	0.9037363545202307
ENSMUSG00000035629.20:B1	label_permutation	1.41135091769224e-29	0.19391025641025642	623	9	11-20	0.8674506604704691
ENSMUSG00000035629.20:B2	label_permutation	1.2385571065043377e-17	0.1171531387445022	5001	3	11-20	0.8606239104020287
ENSMUSG00000035629.20:B3	label_permutation	0.226586607340583	0.6741303478608557	5001	3	11-20	0.9110999233898707
ENSMUSG00000050947.10:B2	label_permutation	1.0783745140953934e-16	0.1299643933168995	7301	2	11-20	0.8606239104020287
ENSMUSG00000050947.10:B3	label_permutation	0.0	0.004900696414753675	7753	1	11-20	0.8606239104020287
ENSMUSG00000004151.18:B3	label_permutation	0.1439816150872287	0.543138866064092	7301	2	11-20	0.894080632179703
ENSMUSG00000019906.16:B1	label_permutation	1.3160786225480956e-07	0.32412824713316174	4272	4	11-20	0.8768883635306256
ENSMUSG00000019906.16:B2	label_permutation	0.193168033004163	0.5790194467269242	7301	2	11-20	0.8997902400062849
ENSMUSG00000022558.17:B2	label_permutation	6.980219019004735e-119	0.006384676775738229	7517	8	>20	0.8606239104020287
ENSMUSG00000026254.18:B1	label_permutation	2.099524666039116e-14	0.31732348111658454	2435	6	11-20	0.8768883635306256
ENSMUSG00000028649.23:B1	label_permutation	2.7741565022978613e-50	0.1313617606602476	1453	11	>20	0.8606239104020287
ENSMUSG00000028649.23:B3	label_permutation	1.9538307639294822e-16	0.4808793644928875	5412	12	>20	0.8914176034062342
ENSMUSG00000031099.17:B1	label_permutation	1.4539646905728832e-27	0.21818181818181817	1209	8	11-20	0.8674506604704691
ENSMUSG00000031099.17:B2	label_permutation	5.051942620806978e-26	0.08237772057102738	4272	4	11-20	0.8606239104020287
ENSMUSG00000033768.18:B1	label_permutation	4.63569843536444e-48	0.6413043478260869	183	33	>20	0.9050223671739888
ENSMUSG00000033768.18:B2	label_permutation	0.2100054701399542	0.9491059147180193	1453	11	>20	0.9991689088672994
ENSMUSG00000042766.18:B1	label_permutation	1.0662181597721624e-06	0.5212822559191275	7517	8	>20	0.894080632179703
ENSMUSG00000042766.18:B2	label_permutation	0.0957882259303124	0.6533989646100314	11782	4	>20	0.9055002789331336
ENSMUSG00000055254.16:B1	label_permutation	1.7843358060879914e-22	0.6761972837741244	1398	24	>20	0.9110999233898707
ENSMUSG00000055254.16:B2	label_permutation	2.638017228755353e-64	0.3741935483870968	154	36	>20	0.8799716412619639
ENSMUSG00000075318.14:B1	label_permutation	4.321832508267613e-08	0.7932203389830509	1474	16	>20	0.9409009893787282
ENSMUSG00000075318.14:B2	label_permutation	0.0933541862451398	0.843708433093908	7517	8	>20	0.9583669311456822
ENSMUSG00000001552.15:B1	label_permutation	0.1110278709832962	0.48854961832061067	4584	1	6-10	0.8914176034062342
ENSMUSG00000003863.19:B1	label_permutation	1.0	1.0	13652	5	>20	1.0
ENSMUSG00000006169.21:B1	label_permutation	0.6287506795270061	0.8890353768402549	13652	5	>20	0.9741370112064653
ENSMUSG00000009907.18:B1	label_permutation	2.846958377570157e-07	0.3286938810150216	11782	4	>20	0.8768883635306256
ENSMUSG00000015829.14:B1	label_permutation	3.328524470164096e-07	0.4377002491990032	5617	7	>20	0.8802533382017219
ENSMUSG00000018661.18:B1	label_permutation	0.0229074238034438	0.528295568701864	8958	3	>20	0.894080632179703
ENSMUSG00000020154.11:B1	label_permutation	6.4763425009653195e-22	0.11193181818181819	3519	1	1-5	0.8606239104020287
ENSMUSG00000020604.14:B1	label_permutation	0.57436995481058	0.7806293525922104	7753	1	11-20	0.9364089635684487
ENSMUSG00000021051.11:B1	label_permutation	0.028400883750937	0.5733538416465246	13652	5	>20	0.8997902400062849
ENSMUSG00000021578.18:B1	label_permutation	3.934443081934219e-14	0.19448153093012907	2246	5	11-20	0.8674506604704691
ENSMUSG00000022205.16:B1	label_permutation	0.5118528145174054	0.7481299974206861	7753	1	11-20	0.9295624013670085
ENSMUSG00000022636.14:B1	label_permutation	0.0070256034545072	0.5077272394345566	13652	5	>20	0.894080632179703
ENSMUSG00000023800.16:B1	label_permutation	0.5497235066735483	0.7568157033805889	4584	1	6-10	0.9300637725810085
ENSMUSG00000024420.10:B1	label_permutation	0.8393042677228769	0.9235795454545455	3519	1	1-5	0.9889364968483981
ENSMUSG00000024897.10:B1	label_permutation	0.0701546493059127	0.6353914890500256	13652	5	>20	0.9039092598261522
ENSMUSG00000025409.15:B1	label_permutation	0.6626007743627037	0.8988500695817769	13652	5	>20	0.9785446251696962
ENSMUSG00000026109.15:B1	label_permutation	0.0011218689289793	0.4600695917847747	11782	4	>20	0.8895566450977648
ENSMUSG00000026596.14:B1	label_permutation	0.1959935755484046	0.7275324104592398	13652	5	>20	0.9249658667442068
ENSMUSG00000026991.21:B1	label_permutation	0.2129229793009263	0.8101903695408734	10715	6	>20	0.9465130734353043
ENSMUSG00000027642.16:B1	label_permutation	2.456493333102065e-08	0.3109206767743353	13652	5	>20	0.8768883635306256
ENSMUSG00000028161.18:B1	label_permutation	2.30734768801176e-05	0.6313617606602476	1453	11	>20	0.9037363545202307
ENSMUSG00000029167.14:B1	label_permutation	0.9432863343817932	0.9657950633560389	13652	5	>20	1.0
ENSMUSG00000029674.14:B1	label_permutation	0.2564234376101079	0.6428428026500703	4980	2	>20	0.9050549984678621
ENSMUSG00000030257.17:B1	label_permutation	0.0208965521220582	0.7625698324022346	7517	8	>20	0.9316868303503292
ENSMUSG00000030970.17:B1	label_permutation	0.8136433065157069	0.8978145304193739	1692	2	1-5	0.9778910566419452
ENSMUSG00000031642.10:B1	label_permutation	0.0315846160386244	0.41796768008764723	7301	2	11-20	0.8802533382017219
ENSMUSG00000032115.15:B1	label_permutation	0.0006093762361994	0.637536578877361	7517	8	>20	0.9044849332081017
ENSMUSG00000032527.14:B1	label_permutation	5.56039283433972e-54	0.07052533310701858	11782	4	>20	0.8606239104020287
ENSMUSG00000033209.18:B1	label_permutation	1.594311190852048e-11	0.14430147058823528	1087	3	6-10	0.8606239104020287
ENSMUSG00000034042.17:B1	label_permutation	0.0553411187471674	0.5826543140975555	8958	3	>20	0.8997902400062849
ENSMUSG00000034825.15:B1	label_permutation	0.0064039119467888	0.5132818467283374	11782	4	>20	0.894080632179703
ENSMUSG00000035640.19:B1	label_permutation	0.0283335126612157	0.5730608657437926	13652	5	>20	0.8997902400062849
ENSMUSG00000036564.18:B1	label_permutation	2.575998789254624e-06	0.5609461742698527	4142	9	>20	0.8971146288856648
ENSMUSG00000037375.17:B1	label_permutation	0.8219197189935977	0.9159134483703095	7301	2	11-20	0.9862080697252031
ENSMUSG00000038143.17:B1	label_permutation	6.419840711183656e-40	0.288135593220339	1474	16	>20	0.8750110119110907
ENSMUSG00000038665.16:B1	label_permutation	0.4352508848812029	0.7319815298132905	4980	2	>20	0.9249786649214097
ENSMUSG00000039578.18:B1	label_permutation	0.2300131379034447	0.675529788084766	5001	3	11-20	0.9110999233898707
ENSMUSG00000040433.17:B1	label_permutation	0.2787425571157376	0.7703068922581118	13652	5	>20	0.933502867530847
ENSMUSG00000041263.15:B1	label_permutation	5.914223125610451e-31	0.22905027932960895	7517	8	>20	0.8674506604704691
ENSMUSG00000042328.14:B1	label_permutation	0.0137247369779498	0.42842802650070266	4980	2	>20	0.8802533382017219
ENSMUSG00000044250.9:B1	label_permutation	0.3874288626064112	0.8150589614004248	13652	5	>20	0.9493623123698782
ENSMUSG00000046876.17:B1	label_permutation	1.0	1.0	10715	6	>20	1.0
ENSMUSG00000049339.17:B1	label_permutation	0.3064187416495181	0.6528348397699261	7301	2	11-20	0.9053909888911233
ENSMUSG00000052133.17:B1	label_permutation	0.4180106328195462	0.6568181818181819	3519	1	1-5	0.9067105961865773
ENSMUSG00000054309.10:B1	label_permutation	1.1731948543458195e-22	0.17355512178562335	11782	4	>20	0.8660184484869279
ENSMUSG00000056486.19:B1	label_permutation	0.9348121261652308	0.9600109559024924	7301	2	11-20	1.0
ENSMUSG00000058587.10:B1	label_permutation	8.001929642263614e-40	0.1085475719622061	13652	5	>20	0.8606239104020287
ENSMUSG00000060703.13:B1	label_permutation	0.0042102616311656	0.30397214340985296	7753	1	11-20	0.8768883635306256
ENSMUSG00000063065.14:B2	label_permutation	0.4881710380417894	0.734375	3519	1	1-5	0.92506913456968
ENSMUSG00000071753.14:B1	label_permutation	1.644700652530977e-14	0.7919942816297355	1398	24	>20	0.9407373692978782
ENSMUSG00000079470.9:B1	label_permutation	2.795979697921558e-13	0.23473601964504967	8958	3	>20	0.8674506604704691
ENSMUSG00000090207.3:B1	label_permutation	1.177608520167688e-05	0.2683369644153958	2753	2	6-10	0.8750110119110907
ENSMUSG00000110007.3:B1	label_permutation	6.153311818360703e-32	0.1398593593034937	8958	3	>20	0.8606239104020287
ENSMUSG00000064302.14:B1	label_permutation	1.809630410273176e-05	0.6178548490687219	6227	10	>20	0.9037363545202307
ENSMUSG00000064302.14:B3	label_permutation	0.004472892909671	0.4905149051490515	13652	5	>20	0.8914176034062342
ENSMUSG00000064302.14:B4	label_permutation	8.916654130251952e-36	0.21210661528580604	6227	10	>20	0.8674506604704691
ENSMUSG00000064302.14:B5	label_permutation	2.8398319761720698e-05	0.6271676300578035	6227	10	>20	0.9037363545202307
ENSMUSG00000064302.14:B6	label_permutation	1.538581645402852e-19	0.3583815028901734	6227	10	>20	0.8799716412619639
ENSMUSG00000064302.14:B7	label_permutation	0.0633170267398402	0.6268219438951146	13652	5	>20	0.9037363545202307
ENSMUSG00000001911.17:B1	label_permutation	1.0401055461161045e-44	0.22168963451168364	1668	14	>20	0.8674506604704691
ENSMUSG00000001911.17:B3	label_permutation	6.630261777424023e-55	0.08935564257742969	5617	7	>20	0.8606239104020287
ENSMUSG00000001911.17:B4	label_permutation	0.0030252390532587	0.6055535777856889	5617	7	>20	0.903460907270032
ENSMUSG00000018593.14:B1	label_permutation	1.0	1.0	818	12	11-20	1.0
ENSMUSG00000018593.14:B2	label_permutation	0.1748880199342173	0.736952960449333	4272	4	11-20	0.9260663179302155
ENSMUSG00000018593.14:B3	label_permutation	0.1748889006306627	0.736952960449333	4272	4	11-20	0.9260663179302155
ENSMUSG00000024743.17:B1	label_permutation	3.2425402527915583e-72	0.1063321385902031	836	20	>20	0.8606239104020287
ENSMUSG00000024743.17:B2	label_permutation	1.0	1.0	195	40	>20	1.0
ENSMUSG00000024743.17:B3	label_permutation	1.1188816431975881e-22	0.3283558124598587	6227	10	>20	0.8768883635306256
ENSMUSG00000029472.14:B1	label_permutation	2.3374056966629918e-28	0.2501995211492418	7517	8	>20	0.8695150142445928
ENSMUSG00000029472.14:B2	label_permutation	4.71708126799144e-26	0.27001862197392923	7517	8	>20	0.8750110119110907
ENSMUSG00000029472.14:B4	label_permutation	1.3852285858650281e-30	0.11847577017737418	11782	4	>20	0.8606239104020287
ENSMUSG00000037013.18:B1	label_permutation	0.0208428760121324	0.3923582580115037	7301	2	11-20	0.8802533382017219
ENSMUSG00000037013.18:B2	label_permutation	0.5911618665781313	0.7918493680680939	7753	1	11-20	0.9407373692978782
ENSMUSG00000037013.18:B3	label_permutation	0.2512282432138915	0.5757028630384318	7753	1	11-20	0.8997902400062849
ENSMUSG00000054387.14:B1	label_permutation	3.9668232686759374e-05	0.6337508028259473	6227	10	>20	0.903855163864902
ENSMUSG00000054387.14:B2	label_permutation	0.001980714927143	0.4642203178788545	13652	5	>20	0.8898393180670646
ENSMUSG00000054387.14:B3	label_permutation	0.3877589178532299	0.8152786933274738	13652	5	>20	0.9493623123698782
ENSMUSG00000004565.16:B1	label_permutation	6.501602951643721e-16	0.17318043529136437	4272	4	11-20	0.8660184484869279
ENSMUSG00000004565.16:B2	label_permutation	5.648567041029658e-10	0.17187072035058887	7301	2	11-20	0.8660184484869279
ENSMUSG00000020333.18:B1	label_permutation	1.3356156161938023e-48	0.06060606060606061	32	25	>20	0.8606239104020287
ENSMUSG00000020333.18:B2	label_permutation	0.041476731264359	0.5959862301325716	13652	5	>20	0.903460907270032
ENSMUSG00000022892.12:B1	label_permutation	1.1065752214729942e-31	0.5632594710507506	1398	24	>20	0.8989814084238991
ENSMUSG00000022892.12:B3	label_permutation	2.2536485339211966e-41	0.20543136892665806	5412	12	>20	0.8674506604704691
ENSMUSG00000026567.17:B1	label_permutation	0.2597505531914608	0.7265319790155151	8958	3	>20	0.9249658667442068
ENSMUSG00000026567.17:B3	label_permutation	0.983900132963936	0.9827360955580441	10715	6	>20	1.0
ENSMUSG00000028926.16:B1	label_permutation	7.266612717175239e-42	0.2569124423963134	867	15	>20	0.8724251253863782
ENSMUSG00000028926.16:B2	label_permutation	8.903225451918918e-05	0.6502890173410405	6227	10	>20	0.9053280185658723
ENSMUSG00000031353.14:B1	label_permutation	0.0291806162596916	0.4502541757443718	2753	2	6-10	0.8879911375091342
ENSMUSG00000031353.14:B2	label_permutation	0.2091431671100812	0.5528759350012896	7753	1	11-20	0.8956389798674386
ENSMUSG00000034563.17:B1	label_permutation	2.2262371750076647e-15	0.24009375228887425	13652	5	>20	0.8674506604704691
ENSMUSG00000034563.17:B2	label_permutation	1.5909983865490022e-76	0.032594733461785486	6227	10	>20	0.8606239104020287
ENSMUSG00000039671.19:B1	label_permutation	2.1699323455562735e-32	0.5436081242532855	836	20	>20	0.894080632179703
ENSMUSG00000039671.19:B2	label_permutation	0.2575532230543979	0.9314386640976237	6227	10	>20	0.9936108932930432
ENSMUSG00000043635.13:B1	label_permutation	2.368075406354601e-100	0.025562147513367026	13652	5	>20	0.8606239104020287
ENSMUSG00000043635.13:B2	label_permutation	5.725951329113349e-39	0.18786127167630057	6227	10	>20	0.8660184484869279
ENSMUSG00000056004.17:B1	label_permutation	1.6843208120352273e-07	0.3278726889772993	4272	4	11-20	0.8768883635306256
ENSMUSG00000056004.17:B2	label_permutation	2.416093506767785e-06	0.6256198347107438	1209	8	11-20	0.9037363545202307
ENSMUSG00000079477.10:B1	label_permutation	0.0299471951604588	0.4538852578068264	2753	2	6-10	0.8893579945608221
ENSMUSG00000079477.10:B2	label_permutation	0.9540492101256072	0.9703380588876772	4584	1	6-10	1.0
ENSMUSG00000001794.14:B1	label_permutation	0.538127595534555	0.7494002181025082	4584	1	6-10	0.9295624013670085
ENSMUSG00000004099.17:B1	label_permutation	0.0025076399656064	0.4828142238818637	11782	4	>20	0.8914176034062342
ENSMUSG00000006362.17:B1	label_permutation	0.191486919689642	0.5343048749032757	7753	1	11-20	0.894080632179703
ENSMUSG00000010505.17:B1	label_permutation	0.0056757268760475	0.5090384452176865	11782	4	>20	0.894080632179703
ENSMUSG00000016386.16:B1	label_permutation	6.760352778607732e-06	0.21744820065430753	4584	1	6-10	0.8674506604704691
ENSMUSG00000019189.14:B1	label_permutation	0.3413054281930566	0.7670498939613796	8958	3	>20	0.9329062959889604
ENSMUSG00000020211.16:B1	label_permutation	0.2053166112920204	0.559375	3519	1	1-5	0.896196524064171
ENSMUSG00000020647.11:B1	label_permutation	0.3778388149967412	0.8106643228594448	13652	5	>20	0.9465130734353043
ENSMUSG00000021097.16:B1	label_permutation	2.285149771047996e-23	0.18402388951101156	10715	6	>20	0.8660184484869279
ENSMUSG00000021693.21:B1	label_permutation	0.3983596373452217	0.7129090544067457	4980	2	>20	0.9216895185571544
ENSMUSG00000022285.18:B1	label_permutation	4.444650398646174e-16	0.3713753657887736	7517	8	>20	0.8799716412619639
ENSMUSG00000022711.17:B1	label_permutation	3.173753646774386e-37	0.12121877975536512	13652	5	>20	0.8606239104020287
ENSMUSG00000023923.11:B1	label_permutation	0.4822690412624302	0.7300748001031726	7753	1	11-20	0.9249658667442068
ENSMUSG00000024477.5:B1	label_permutation	0.4922624605474084	0.7556715518972094	4980	2	>20	0.9300637725810085
ENSMUSG00000024976.15:B1	label_permutation	1.9492653832156226e-18	0.22105031861129423	13652	5	>20	0.8674506604704691
ENSMUSG00000025428.16:B1	label_permutation	0.8330551219872837	0.9350244770805518	2246	5	11-20	0.9936155119413573
ENSMUSG00000026141.14:B1	label_permutation	0.7547843587577451	0.887928810936291	7753	1	11-20	0.9739692644246256
ENSMUSG00000026657.18:B1	label_permutation	0.1291719539411593	0.6033586565373851	5001	3	11-20	0.903460907270032
ENSMUSG00000027087.12:B1	label_permutation	2.6495542449409983e-14	0.24646597817329524	13652	5	>20	0.8695150142445928
ENSMUSG00000027677.18:B1	label_permutation	0.0045703889857602	0.7583493898522801	6227	10	>20	0.9300637725810085
ENSMUSG00000028229.12:B1	label_permutation	6.387038729916488e-93	0.02273349767187072	7301	2	11-20	0.8606239104020287
ENSMUSG00000028803.19:B1	label_permutation	0.0138786951045638	0.5654107184647789	4272	4	11-20	0.8997902400062849
ENSMUSG00000029202.13:B1	label_permutation	0.6123757273037731	0.8676058728676908	11782	4	>20	0.964775499882423
ENSMUSG00000029722.16:B1	label_permutation	0.0029240297482084	0.4883306458457099	11782	4	>20	0.8914176034062342
ENSMUSG00000030309.17:B1	label_permutation	5.139512801696723e-49	0.056696795398520954	7301	2	11-20	0.8606239104020287
ENSMUSG00000031078.16:B1	label_permutation	2.104420780422693e-37	0.19384122463510145	5617	7	>20	0.8674506604704691
ENSMUSG00000031706.8:B1	label_permutation	0.3691270268100863	0.7768724187967407	8958	3	>20	0.9354869458056242
ENSMUSG00000032187.17:B2	label_permutation	1.5335315464347173e-42	0.2077028885832187	1453	11	>20	0.8674506604704691
ENSMUSG00000032554.16:B1	label_permutation	0.3403955208437348	0.6464558342420937	4584	1	6-10	0.9053280185658723
ENSMUSG00000033316.15:B1	label_permutation	2.0725429967883023e-47	0.08496301179228008	13652	5	>20	0.8606239104020287
ENSMUSG00000034156.17:B1	label_permutation	2.7695724593961575e-12	0.425295679459329	4142	9	>20	0.8802533382017219
ENSMUSG00000034867.17:B1	label_permutation	3.354138435680253e-09	0.3348264277715566	10715	6	>20	0.8768883635306256
ENSMUSG00000035762.12:B1	label_permutation	0.0732817198308212	0.6351523381142323	11782	4	>20	0.903855163864902
ENSMUSG00000036622.16:B1	label_permutation	1.1450512114857908e-06	0.34417344173441733	13652	5	>20	0.8772378175865799
ENSMUSG00000037487.8:B1	label_permutation	0.0338336462797523	0.7858472998137802	7517	8	>20	0.9389371467897278
ENSMUSG00000038178.17:B1	label_permutation	1.775785712990078e-11	0.29880552444942143	10715	6	>20	0.8768883635306256
ENSMUSG00000038773.12:B1	label_permutation	7.707916820676733e-05	0.3983739837398374	13652	5	>20	0.8802533382017219
ENSMUSG00000039686.15:B1	label_permutation	1.2038743155400683e-06	0.5491189958966932	4142	9	>20	0.894080632179703
ENSMUSG00000040506.17:B1	label_permutation	0.7487683492639576	0.92016406650553	13652	5	>20	0.9874780512444977
ENSMUSG00000041362.18:B1	label_permutation	3.755496952185352e-05	0.5005339978640085	5617	7	>20	0.8921327130306684
ENSMUSG00000042423.10:B1	label_permutation	0.0038506654054706	0.7519267822736031	6227	10	>20	0.9300637725810085
ENSMUSG00000044475.15:B1	label_permutation	0.6406333184406918	0.8771068199575845	8958	3	>20	0.9673275726124957
ENSMUSG00000047248.21:B1	label_permutation	0.5523475416748429	0.7687645086407016	7753	1	11-20	0.9333880710276669
ENSMUSG00000049658.14:B1	label_permutation	0.0232326977447456	0.6986472054111783	5617	7	>20	0.9151749227970307
ENSMUSG00000052459.14:B1	label_permutation	0.0392645778044544	0.6792646509891751	10715	6	>20	0.9110999233898707
ENSMUSG00000054459.9:B1	label_permutation	0.2411323089258106	0.7388610710345412	11782	4	>20	0.9269798026882268
ENSMUSG00000056673.15:B1	label_permutation	0.8309155449622849	0.9488204718112755	5001	3	11-20	0.9991689088672994
ENSMUSG00000058756.14:B1	label_permutation	2.0625420368457967e-09	0.4774318126961139	4142	9	>20	0.8914176034062342
ENSMUSG00000061143.16:B1	label_permutation	0.0128709671197882	0.3275728656177457	7753	1	11-20	0.8768883635306256
ENSMUSG00000063450.15:B1	label_permutation	3.888088746935828e-43	0.14453542185831256	5617	7	>20	0.8606239104020287
ENSMUSG00000068663.15:B1	label_permutation	5.837925227762798e-59	0.08627378533160909	5412	12	>20	0.8606239104020287
ENSMUSG00000072946.13:B1	label_permutation	0.0078283731277404	0.40342587123449497	1692	2	1-5	0.8802533382017219
ENSMUSG00000084950.8:B1	label_permutation	0.8869363421621839	0.952244927854684	13652	5	>20	0.9991689088672994
ENSMUSG00000113216.3:B1	label_permutation	0.8410437202904505	0.9461993526063177	8958	3	>20	0.9985312170871949
ENSMUSG00000001632.17:B1	label_permutation	2.568078950657765e-09	0.2815352211560964	4272	4	11-20	0.8750110119110907
ENSMUSG00000001632.17:B2	label_permutation	0.9108975412322852	0.9502875924404273	7301	2	11-20	0.9991689088672994
ENSMUSG00000001632.17:B3	label_permutation	0.9108955574811172	0.9502875924404273	7301	2	11-20	0.9991689088672994
ENSMUSG00000001632.17:B5	label_permutation	0.6498943592914382	0.8238838674335799	7301	2	11-20	0.9525428608815302
ENSMUSG00000041164.16:B1	label_permutation	4.35192070569592e-19	0.6378737541528239	300	21	>20	0.9044849332081017
ENSMUSG00000041164.16:B2	label_permutation	0.000994035978243	0.5703097187611249	5617	7	>20	0.8997902400062849
ENSMUSG00000041164.16:B3	label_permutation	0.0055064377962196	0.6294054823780705	5617	7	>20	0.9037363545202307
ENSMUSG00000041164.16:B4	label_permutation	4.336632368645148e-08	0.6896345116836429	1668	14	>20	0.9142953777356894
ENSMUSG00000018750.15:B1	label_permutation	2.6762510357032403e-23	0.39164973212636245	5412	12	>20	0.8802533382017219
ENSMUSG00000018750.15:B2	label_permutation	0.3645643282131278	0.8593691675998507	10715	6	>20	0.962553981941598
ENSMUSG00000018750.15:B3	label_permutation	1.39791485749757e-13	0.27398282941396046	10715	6	>20	0.8750110119110907
ENSMUSG00000024862.17:B3	label_permutation	0.0151036870249086	0.5495204956292964	11782	4	>20	0.894080632179703
ENSMUSG00000024862.17:B4	label_permutation	1.0	1.0	4980	2	>20	1.0
ENSMUSG00000029657.16:B1	label_permutation	4.00898071833106e-07	0.7177950868783702	1668	14	>20	0.9225701719312274
ENSMUSG00000029657.16:B2	label_permutation	0.0841213380333122	0.7796368814524742	5617	7	>20	0.9359563597368475
ENSMUSG00000029657.16:B3	label_permutation	0.0002680711983282	0.5384478462086152	5617	7	>20	0.894080632179703
ENSMUSG00000037032.17:B1	label_permutation	8.988544947110286e-14	0.6763831052944675	1680	18	>20	0.9110999233898707
ENSMUSG00000037032.17:B2	label_permutation	0.9924808472829784	0.9878686076894364	10715	6	>20	1.0
ENSMUSG00000037032.17:B3	label_permutation	6.604324718785235e-09	0.6085350083133197	5412	12	>20	0.903460907270032
ENSMUSG00000054640.16:B1	label_permutation	2.0032886235733876e-09	0.7532203389830509	1474	16	>20	0.9300637725810085
ENSMUSG00000054640.16:B3	label_permutation	9.073143903427196e-49	0.08300079808459697	7517	8	>20	0.8606239104020287
ENSMUSG00000005034.16:B1	label_permutation	1.217630386443327e-34	0.3860797144556811	1680	18	>20	0.8802533382017219
ENSMUSG00000005034.16:B2	label_permutation	7.598981665564277e-21	0.4210234620358396	5412	12	>20	0.8802533382017219
ENSMUSG00000020340.17:B1	label_permutation	2.914141969981672e-54	0.24660471765546818	1398	24	>20	0.8695150142445928
ENSMUSG00000020340.17:B2	label_permutation	1.3763972982372555e-55	0.10290042490301127	5412	12	>20	0.8606239104020287
ENSMUSG00000022897.16:B1	label_permutation	1.4462638990671058e-15	0.4622823984526112	1033	10	11-20	0.8898393180670646
ENSMUSG00000022897.16:B2	label_permutation	2.785425005417333e-23	0.1081441922563418	2246	5	11-20	0.8606239104020287
ENSMUSG00000026743.17:B1	label_permutation	6.104656320288151e-18	0.34916201117318435	7517	8	>20	0.87970420814686
ENSMUSG00000026743.17:B2	label_permutation	0.8926413357462892	0.9514554867181533	11782	4	>20	0.9991689088672994
ENSMUSG00000028931.13:B1	label_permutation	1.9022554626225818e-33	0.35714285714285715	55	25	11-20	0.8799716412619639
ENSMUSG00000028931.13:B2	label_permutation	0.0001929968102556	0.4137552186332674	13652	5	>20	0.8802533382017219
ENSMUSG00000031393.17:B1	label_permutation	2.153839473774825e-17	0.6521739130434783	22	13	>20	0.9053909888911233
ENSMUSG00000031393.17:B2	label_permutation	6.156793955726877e-05	0.4499813363195222	10715	6	>20	0.8879911375091342
ENSMUSG00000034730.18:B1	label_permutation	1.0	1.0	836	20	>20	1.0
ENSMUSG00000034730.18:B2	label_permutation	2.4325477175563142e-37	0.19990366088631983	6227	10	>20	0.8674506604704691
ENSMUSG00000039713.18:B1	label_permutation	0.0017946509905609	0.47212085207502336	11782	4	>20	0.8914176034062342
ENSMUSG00000039713.18:B2	label_permutation	1.2018645617747172e-07	0.3193583976915896	11782	4	>20	0.8768883635306256
ENSMUSG00000044768.17:B1	label_permutation	3.3485153388472047e-19	0.19977934312144616	11782	4	>20	0.8674506604704691
ENSMUSG00000044768.17:B2	label_permutation	0.0109035931652489	0.42120056213611723	4980	2	>20	0.8802533382017219
ENSMUSG00000056158.15:B1	label_permutation	5.747079238222738e-05	0.3968429092760757	11782	4	>20	0.8802533382017219
ENSMUSG00000056158.15:B2	label_permutation	0.1492202034857416	0.579803252358964	4980	2	>20	0.8997902400062849
ENSMUSG00000079487.12:B1	label_permutation	0.0655888939517626	0.5944859917401496	8958	3	>20	0.903460907270032
ENSMUSG00000079487.12:B2	label_permutation	3.076855239380257e-29	0.12679283713825001	11782	4	>20	0.8606239104020287
ENSMUSG00000001802.17:B1	label_permutation	0.1996988274726261	0.5438483363425329	7753	1	11-20	0.894080632179703
ENSMUSG00000004110.18:B1	label_permutation	0.1280463488406945	0.8606012237297154	7517	8	>20	0.962553981941598
ENSMUSG00000006392.17:B1	label_permutation	0.3429811371963701	0.6465050296621099	7753	1	11-20	0.9053280185658723
ENSMUSG00000010660.4:B1	label_permutation	0.3015376977880449	0.612071189063709	7753	1	11-20	0.9036329068266031
ENSMUSG00000016534.16:B1	label_permutation	1.7244693896395715e-69	0.05431368926658046	5412	12	>20	0.8606239104020287
ENSMUSG00000019194.16:B1	label_permutation	9.378664279314112e-28	0.07488883688275216	4272	4	11-20	0.8606239104020287
ENSMUSG00000020220.17:B1	label_permutation	0.0080673914386018	0.7579048998310403	4142	9	>20	0.9300637725810085
ENSMUSG00000020656.17:B1	label_permutation	0.5279735362619938	0.7550941449574413	7753	1	11-20	0.9300637725810085
ENSMUSG00000021109.14:B1	label_permutation	5.56670558685915e-66	0.05711618433336162	11782	4	>20	0.8606239104020287
ENSMUSG00000021694.19:B1	label_permutation	0.5345265920435196	0.8388212970197567	8958	3	>20	0.9572107328688597
ENSMUSG00000022296.11:B1	label_permutation	0.6666843866569763	0.9610016420361248	2435	6	11-20	1.0
ENSMUSG00000022761.13:B1	label_permutation	0.9011326317813138	0.9481557905597111	7753	1	11-20	0.9991689088672994
ENSMUSG00000023960.14:B1	label_permutation	2.898612324050352e-12	0.26331209258038524	13652	5	>20	0.8750110119110907
ENSMUSG00000024491.17:B2	label_permutation	0.915080507799238	0.9531854526695899	7753	1	11-20	0.9994436360935924
ENSMUSG00000025437.16:B3	label_permutation	9.41126380159456e-11	0.4511223750905141	4142	9	>20	0.8884066405156751
ENSMUSG00000026153.16:B1	label_permutation	4.569098676101868e-24	0.0924404272801972	7301	2	11-20	0.8606239104020287
ENSMUSG00000026667.15:B2	label_permutation	6.60528479795285e-19	0.21870651138943822	13652	5	>20	0.8674506604704691
ENSMUSG00000027175.11:B1	label_permutation	1.7433377525325206e-167	0.04604075315965953	7753	1	11-20	0.8606239104020287
ENSMUSG00000027678.18:B1	label_permutation	0.1117526486820011	0.664856148688789	11782	4	>20	0.9089593347088671
ENSMUSG00000028248.16:B1	label_permutation	0.0066009401539487	0.7929848693259972	1453	11	>20	0.9409009893787282
ENSMUSG00000028822.12:B1	label_permutation	1.0305805001835513e-07	0.2585826139329452	4980	2	>20	0.8724251253863782
ENSMUSG00000029211.12:B1	label_permutation	0.17094681990689	0.514573123549136	7753	1	11-20	0.894080632179703
ENSMUSG00000030310.12:B1	label_permutation	0.0011026852987996	0.45956038360349655	11782	4	>20	0.8895566450977648
ENSMUSG00000031112.11:B1	label_permutation	8.629432596092304e-09	0.1817310325938099	7301	2	11-20	0.8660184484869279
ENSMUSG00000031709.16:B1	label_permutation	0.3036500967052417	0.7163134746101559	5001	3	11-20	0.9221176610994102
ENSMUSG00000032192.10:B1	label_permutation	0.0045804755457401	0.3691671588895452	1692	2	1-5	0.8799716412619639
ENSMUSG00000032558.20:B1	label_permutation	0.8739254586465293	0.9371405094494659	7301	2	11-20	0.9951581874919423
ENSMUSG00000033326.16:B1	label_permutation	7.210968111252755e-15	0.3074712643678161	2435	6	11-20	0.8768883635306256
ENSMUSG00000034157.13:B1	label_permutation	1.616047480609545e-18	0.4544614816183262	5412	12	>20	0.8893579945608221
ENSMUSG00000034891.14:B1	label_permutation	0.0080131182346507	0.5124880978539516	13652	5	>20	0.894080632179703
ENSMUSG00000035765.11:B1	label_permutation	0.5277174731696945	0.7559572719802794	7301	2	11-20	0.9300637725810085
ENSMUSG00000036644.16:B1	label_permutation	0.6991452833542857	0.9080788105178349	13652	5	>20	0.9819312258101901
ENSMUSG00000037492.17:B1	label_permutation	0.012346362101247	0.33893129770992364	4584	1	6-10	0.8772378175865799
ENSMUSG00000038181.17:B1	label_permutation	0.0189612119916718	0.5785162649192604	4272	4	11-20	0.8997902400062849
ENSMUSG00000038774.10:B1	label_permutation	0.9096644862098432	0.9551896800475261	11782	4	>20	1.0
ENSMUSG00000039697.17:B1	label_permutation	0.0106157513572811	0.732242617717478	7517	8	>20	0.9249786649214097
ENSMUSG00000040536.16:B1	label_permutation	0.2306040926750594	0.5995617639003012	7301	2	11-20	0.903460907270032
ENSMUSG00000041408.19:B1	label_permutation	2.9025906707190283e-22	0.1807121330505637	8958	3	>20	0.8660184484869279
ENSMUSG00000042429.9:B1	label_permutation	0.1635889515622487	0.6993125689552745	11782	4	>20	0.9151749227970307
ENSMUSG00000044477.13:B1	label_permutation	0.000281938157479	0.6210653753026635	825	4	6-10	0.9037363545202307
ENSMUSG00000047284.15:B1	label_permutation	6.142161574128805e-85	0.010063187456119822	4272	4	11-20	0.8606239104020287
ENSMUSG00000049659.16:B1	label_permutation	0.354935503591511	0.772072775979462	8958	3	>20	0.9340658840244447
ENSMUSG00000052488.8:B1	label_permutation	0.0002749978380855	0.4212993481286164	13652	5	>20	0.8802533382017219
ENSMUSG00000054484.15:B1	label_permutation	4.0719957209186005e-14	0.18712922362651535	7753	1	11-20	0.8660184484869279
ENSMUSG00000056692.14:B1	label_permutation	0.0001389250107839	0.6991735537190082	1209	8	11-20	0.9151749227970307
ENSMUSG00000058793.15:B1	label_permutation	2.916294473865921e-88	0.030949105914718018	1453	11	>20	0.8606239104020287
ENSMUSG00000061244.15:B1	label_permutation	0.0962140307703869	0.4371937064740779	7753	1	11-20	0.8802533382017219
ENSMUSG00000063455.17:B1	label_permutation	8.510852381381866e-19	0.2194389511462682	13652	5	>20	0.8674506604704691
ENSMUSG00000068735.15:B1	label_permutation	0.0675731367119724	0.49818445896877267	2753	2	6-10	0.8921327130306684
ENSMUSG00000073274.6:B1	label_permutation	0.0005591599903219	0.498040313549832	10715	6	>20	0.8921327130306684
ENSMUSG00000085246.3:B1	label_permutation	3.206270029411188e-07	0.3052796070990066	8958	3	>20	0.8768883635306256
ENSMUSG00000092341.5:B1	label_permutation	5.281450996669704e-10	0.8741958541815582	1398	24	>20	0.9664541620398334
ENSMUSG00000113634.2:B1	label_permutation	0.9517152447007028	0.9696837513631407	4584	1	6-10	1.0
ENSMUSG00000004562.17:B1	label_permutation	0.3507530076241978	0.6236933797909407	286	3	1-5	0.9037363545202307
ENSMUSG00000004562.17:B2	label_permutation	0.1019779530229337	0.47938931297709925	4584	1	6-10	0.8914176034062342
ENSMUSG00000004562.17:B3	label_permutation	0.8674172922964143	0.9155943293347873	4584	1	6-10	0.9862080697252031
ENSMUSG00000004562.17:B4	label_permutation	0.858017250604424	0.904907306434024	4584	1	6-10	0.9813753526353685
ENSMUSG00000004562.17:B6	label_permutation	0.0760913484564054	0.5199709513435004	2753	2	6-10	0.894080632179703
ENSMUSG00000042323.18:B1	label_permutation	4.087073651618567e-56	0.07771355170199101	6227	10	>20	0.8606239104020287
ENSMUSG00000042323.18:B3	label_permutation	3.1197654410709664e-36	0.12678532190727312	13652	5	>20	0.8606239104020287
ENSMUSG00000042323.18:B4	label_permutation	2.9744840972224872e-21	0.2049366439610342	13652	5	>20	0.8674506604704691
ENSMUSG00000042323.18:B7	label_permutation	2.78284591880938e-77	0.029953917050691243	867	15	>20	0.8606239104020287
ENSMUSG00000018841.18:B1	label_permutation	1.7601714930114154e-40	0.10490730643402399	4584	1	6-10	0.8606239104020287
ENSMUSG00000018841.18:B2	label_permutation	7.592929232102152e-48	0.0717557251908397	4584	1	6-10	0.8606239104020287
ENSMUSG00000018841.18:B3	label_permutation	2.2929235018659204e-09	0.18865866957470012	4584	1	6-10	0.8660184484869279
ENSMUSG00000024908.16:B1	label_permutation	4.6862874828776664e-18	0.37355371900826445	1209	8	11-20	0.8799716412619639
ENSMUSG00000024908.16:B2	label_permutation	0.6600923896375192	0.911537561432249	4272	4	11-20	0.9840138844767059
ENSMUSG00000024908.16:B4	label_permutation	4.277591169765e-06	0.3758483501053124	4272	4	11-20	0.8802533382017219
ENSMUSG00000029769.18:B1	label_permutation	2.891429716101836e-20	0.33140495867768593	1209	8	11-20	0.8768883635306256
ENSMUSG00000029769.18:B2	label_permutation	0.0007737135890238	0.6814449917898193	2435	6	11-20	0.9110999233898707
ENSMUSG00000029769.18:B3	label_permutation	2.399473657934249e-22	0.2909090909090909	1209	8	11-20	0.8750110119110907
ENSMUSG00000037300.20:B1	label_permutation	2.0623543078672438e-56	0.15254237288135594	1474	16	>20	0.8606239104020287
ENSMUSG00000037300.20:B4	label_permutation	1.0530408071491799e-38	0.15895184889598296	7517	8	>20	0.8630011434756422
ENSMUSG00000037300.20:B5	label_permutation	9.580400808490159e-48	0.088853418462357	7517	8	>20	0.8606239104020287
ENSMUSG00000055053.19:B1	label_permutation	3.146297377202744e-20	0.3617021276595745	1033	10	11-20	0.8799716412619639
ENSMUSG00000055053.19:B2	label_permutation	8.796880993622506e-26	0.08471799672361338	4272	4	11-20	0.8606239104020287
ENSMUSG00000055053.19:B4	label_permutation	1.9919520657782105e-08	0.27458834000890076	2246	5	11-20	0.8750110119110907
ENSMUSG00000005907.15:B1	label_permutation	5.591608098806492e-06	0.33296126799866055	8958	3	>20	0.8768883635306256
ENSMUSG00000005907.15:B2	label_permutation	2.6695570578481726e-20	0.35419532324621733	1453	11	>20	0.8799716412619639
ENSMUSG00000020385.17:B1	label_permutation	0.186900838882469	0.5754587784168721	7301	2	11-20	0.8997902400062849
ENSMUSG00000020385.17:B2	label_permutation	0.2453871544313295	0.5729945834408048	7753	1	11-20	0.8997902400062849
ENSMUSG00000022914.18:B1	label_permutation	2.077767418280864e-08	0.8054729327781083	1680	18	>20	0.9443765614152931
ENSMUSG00000022914.18:B2	label_permutation	5.915324260142548e-22	0.648936170212766	281	27	>20	0.9053280185658723
ENSMUSG00000026811.19:B2	label_permutation	0.6462584895573198	0.8223774308408656	7301	2	11-20	0.9517806268861319
ENSMUSG00000028937.15:B2	label_permutation	0.2883814393116384	0.5985297910755739	7753	1	11-20	0.903460907270032
ENSMUSG00000031523.17:B1	label_permutation	5.216789640911287e-11	0.4236453201970443	2435	6	11-20	0.8802533382017219
ENSMUSG00000031523.17:B2	label_permutation	0.0281858498122277	0.48260695721711316	5001	3	11-20	0.8914176034062342
ENSMUSG00000034731.12:B1	label_permutation	8.51046854202549e-06	0.8738983050847458	1474	16	>20	0.9664541620398334
ENSMUSG00000034731.12:B2	label_permutation	0.002875203065897	0.6808991753125831	7517	8	>20	0.9110999233898707
ENSMUSG00000039844.21:B1	label_permutation	5.7300024511652374e-64	0.05218368657675016	6227	10	>20	0.8606239104020287
ENSMUSG00000039844.21:B2	label_permutation	5.922027471783723e-23	0.1970995385629532	13652	5	>20	0.8674506604704691
ENSMUSG00000045009.10:B1	label_permutation	0.1837793868701996	0.5716242125445083	7301	2	11-20	0.8997902400062849
ENSMUSG00000045009.10:B2	label_permutation	0.4748970061664304	0.7246582409079185	7753	1	11-20	0.924911711059411
ENSMUSG00000056222.16:B1	label_permutation	0.0009598192476886	0.8215407352669499	5412	12	>20	0.9512326261565892
ENSMUSG00000056222.16:B2	label_permutation	0.0093774290464032	0.597237775289287	10715	6	>20	0.903460907270032
ENSMUSG00000079557.12:B1	label_permutation	0.0178445635836284	0.4554178328668533	5001	3	11-20	0.8895566450977648
ENSMUSG00000079557.12:B2	label_permutation	6.790828828525526e-05	0.46601941747572817	205	4	1-5	0.8900851353133974
ENSMUSG00000001833.18:B1	label_permutation	0.0025523285746073	0.5434863755132512	10715	6	>20	0.894080632179703
ENSMUSG00000004187.12:B1	label_permutation	0.0003947466983916	0.6252992817238627	7517	8	>20	0.9037363545202307
ENSMUSG00000006418.18:B1	label_permutation	0.2507737315121326	0.6133935907970419	7301	2	11-20	0.9036329068266031
ENSMUSG00000010663.6:B1	label_permutation	0.5882789321982531	0.8396641343462615	5001	3	11-20	0.9572107328688597
ENSMUSG00000016624.16:B1	label_permutation	0.5806306297876929	0.8763641690470959	13652	5	>20	0.9673050255628757
ENSMUSG00000019428.17:B1	label_permutation	3.435692022686718e-16	0.17356475300400534	2246	5	11-20	0.8660184484869279
ENSMUSG00000020230.16:B1	label_permutation	0.4839024424280806	0.7344563133388113	7301	2	11-20	0.92506913456968
ENSMUSG00000020657.17:B1	label_permutation	0.5108213818486821	0.872719181130396	2246	5	11-20	0.9657719773454814
ENSMUSG00000021111.16:B1	label_permutation	3.6381505676695615e-37	0.31105990783410137	867	15	>20	0.8768883635306256
ENSMUSG00000021700.11:B1	label_permutation	0.0004275685366285	0.5498398006407974	5617	7	>20	0.894080632179703
ENSMUSG00000022297.16:B1	label_permutation	0.6559319673868991	0.8534090909090909	3519	1	1-5	0.9617601205569994
ENSMUSG00000022762.19:B1	label_permutation	6.211629009628991e-10	0.32260171705860397	10715	6	>20	0.8768883635306256
ENSMUSG00000023965.14:B1	label_permutation	0.0495551444959343	0.4194111232279171	4584	1	6-10	0.8802533382017219
ENSMUSG00000024498.17:B1	label_permutation	1.1791948421694974e-38	0.20275162925416365	4142	9	>20	0.8674506604704691
ENSMUSG00000024982.11:B1	label_permutation	3.144725083532096e-21	0.1855117758678424	8958	3	>20	0.8660184484869279
ENSMUSG00000025477.15:B1	label_permutation	0.0006135300709286	0.5005599104143337	10715	6	>20	0.8921327130306684
ENSMUSG00000026171.13:B1	label_permutation	0.7129240006706719	0.8555190358805806	7301	2	11-20	0.9621377745864187
ENSMUSG00000026678.11:B1	label_permutation	0.3699510886884213	0.6306818181818182	3519	1	1-5	0.9037363545202307
ENSMUSG00000027184.15:B1	label_permutation	1.0	1.0	13652	5	>20	1.0
ENSMUSG00000027698.15:B1	label_permutation	1.830325582343964e-59	0.0642450988712552	11782	4	>20	0.8606239104020287
ENSMUSG00000028278.15:B1	label_permutation	0.0006785363612714	0.4454722905881354	11782	4	>20	0.8861238787535181
ENSMUSG00000028832.12:B1	label_permutation	0.0034761052236212	0.4817988720427745	13652	5	>20	0.8914176034062342
ENSMUSG00000029221.16:B1	label_permutation	7.010430112717316e-17	0.36153232242617717	7517	8	>20	0.8799716412619639
ENSMUSG00000029735.18:B1	label_permutation	0.7447095157546538	0.9059549745824256	2753	2	6-10	0.9813753526353685
ENSMUSG00000030329.12:B1	label_permutation	0.4254351885114953	0.8490521881582027	4272	4	11-20	0.958737813967124
ENSMUSG00000031133.13:B1	label_permutation	2.9066774743967075e-73	0.09607944286819706	7753	1	11-20	0.8606239104020287
ENSMUSG00000031731.17:B1	label_permutation	8.846987424313721e-10	0.4980732177263969	6227	10	>20	0.8921327130306684
ENSMUSG00000032193.10:B1	label_permutation	0.7720072979674667	0.8948929584730462	7753	1	11-20	0.9755587017248997
ENSMUSG00000032560.15:B1	label_permutation	0.8940286706537853	0.9453924914675768	4980	2	>20	0.9983189577298631
ENSMUSG00000033373.17:B1	label_permutation	4.6720104164430105e-24	0.17267552182163187	8958	3	>20	0.8660184484869279
ENSMUSG00000034160.14:B1	label_permutation	0.0054136573145754	0.6283374866500534	5617	7	>20	0.9037363545202307
ENSMUSG00000034898.18:B1	label_permutation	2.705568539116775e-32	0.14897824653922215	13652	5	>20	0.8606239104020287
ENSMUSG00000035776.15:B2	label_permutation	0.2544126882313794	0.5840785169029444	4584	1	6-10	0.9001539283133856
ENSMUSG00000036667.15:B1	label_permutation	0.0974820848463833	0.8453046022878425	7517	8	>20	0.9585667932457129
ENSMUSG00000037509.22:B1	label_permutation	7.877538918922824e-08	0.3198564418076613	13652	5	>20	0.8768883635306256
ENSMUSG00000038206.14:B1	label_permutation	1.4618642922532658e-78	0.0755664694720393	8958	3	>20	0.8606239104020287
ENSMUSG00000038807.20:B1	label_permutation	0.0606674693686756	0.6232329890866476	13652	5	>20	0.9037363545202307
ENSMUSG00000039701.12:B1	label_permutation	5.853884120058703e-79	0.04848751190214605	13652	5	>20	0.8606239104020287
ENSMUSG00000040537.18:B1	label_permutation	1.3936343126641876e-47	0.15167190097912434	5412	12	>20	0.8606239104020287
ENSMUSG00000041417.16:B1	label_permutation	4.60723251082765e-16	0.24440089585666294	10715	6	>20	0.8674506604704691
ENSMUSG00000042507.16:B1	label_permutation	3.580955486668945e-117	0.05545524890379159	7753	1	11-20	0.8606239104020287
ENSMUSG00000044550.12:B1	label_permutation	0.0293528811963967	0.6042593025977065	4272	4	11-20	0.903460907270032
ENSMUSG00000047409.14:B1	label_permutation	0.0	0.09976708074534162	2575	1	>20	0.8606239104020287
ENSMUSG00000049775.17:B1	label_permutation	0.0213532997003691	0.7947454844006568	2435	6	11-20	0.9411294352823588
ENSMUSG00000052512.18:B1	label_permutation	1.003912724716462e-49	0.1361760660247593	1453	11	>20	0.8606239104020287
ENSMUSG00000054499.10:B1	label_permutation	0.3202641925689339	0.6320610687022901	4584	1	6-10	0.9037363545202307
ENSMUSG00000056755.14:B1	label_permutation	0.1290894270261958	0.6780955614020199	11782	4	>20	0.9110999233898707
ENSMUSG00000058799.17:B1	label_permutation	3.8652639331124e-10	0.2867501647989453	13652	5	>20	0.8750110119110907
ENSMUSG00000061286.8:B1	label_permutation	0.2557169302207865	0.6176390030128732	7301	2	11-20	0.9037363545202307
ENSMUSG00000063457.15:B1	label_permutation	0.0208431901748259	0.4222948438634713	2753	2	6-10	0.8802533382017219
ENSMUSG00000068747.15:B1	label_permutation	7.894058705454914e-05	0.5923117850492152	7517	8	>20	0.903460907270032
ENSMUSG00000073557.13:B1	label_permutation	1.4611846447455698e-33	0.14114114114114115	13652	5	>20	0.8606239104020287
ENSMUSG00000085417.3:B1	label_permutation	0.7290615008754405	0.873355687387155	7753	1	11-20	0.966238419280619
ENSMUSG00000092354.8:B1	label_permutation	0.8318729608840818	0.9417345685902444	8958	3	>20	0.9971849524744176
ENSMUSG00000113895.2:B1	label_permutation	0.015971986869266	0.6271929824561403	10715	6	>20	0.9037363545202307
ENSMUSG00000005506.17:B1	label_permutation	1.668626182482816e-20	0.6912080057183703	1398	24	>20	0.9144902186301689
ENSMUSG00000005506.17:B2	label_permutation	5.870124249911103e-16	0.2059827343906846	4980	2	>20	0.8674506604704691
ENSMUSG00000005506.17:B3	label_permutation	5.958666356226439e-11	0.43189678105879226	7517	8	>20	0.8802533382017219
ENSMUSG00000005506.17:B4	label_permutation	2.3860786403550817e-33	0.376271186440678	1474	16	>20	0.8802533382017219
ENSMUSG00000005506.17:B5	label_permutation	6.242187244759674e-44	0.1149241819632881	7517	8	>20	0.8606239104020287
ENSMUSG00000044433.17:B1	label_permutation	9.931676374712814e-07	0.2251270878721859	2753	2	6-10	0.8674506604704691
ENSMUSG00000044433.17:B2	label_permutation	0.0756889672998525	0.44630681818181817	3519	1	1-5	0.8863026252360101
ENSMUSG00000044433.17:B3	label_permutation	1.2955234120458682e-08	0.19607415485278082	4584	1	6-10	0.8674506604704691
ENSMUSG00000044433.17:B4	label_permutation	2.6801524301722456e-51	0.0663031624863686	4584	1	6-10	0.8606239104020287
ENSMUSG00000018906.15:B2	label_permutation	0.5544183939630956	0.8236705317872851	5001	3	11-20	0.9525428608815302
ENSMUSG00000018906.15:B3	label_permutation	0.0096275861995347	0.41943222710915634	5001	3	11-20	0.8802533382017219
ENSMUSG00000024921.18:B1	label_permutation	1.0	1.0	195	40	>20	1.0
ENSMUSG00000024921.18:B2	label_permutation	3.2101215723398516e-34	0.22511239563262683	6227	10	>20	0.8674506604704691
ENSMUSG00000024921.18:B3	label_permutation	1.0	1.0	253	30	>20	1.0
ENSMUSG00000029778.13:B1	label_permutation	2.262568857864533e-29	0.24102154828411812	7517	8	>20	0.8674506604704691
ENSMUSG00000029778.13:B4	label_permutation	2.922825161086549e-39	0.2224274893774247	5412	12	>20	0.8674506604704691
ENSMUSG00000037373.13:B1	label_permutation	0.0189610488880524	0.45901639344262296	5001	3	11-20	0.8895566450977648
ENSMUSG00000037373.13:B2	label_permutation	0.0008101893083023	0.6826765188834154	2435	6	11-20	0.9110999233898707
ENSMUSG00000037373.13:B5	label_permutation	0.0528151696631501	0.5251899240303879	5001	3	11-20	0.894080632179703
ENSMUSG00000057378.16:B1	label_permutation	6.9070364628313056e-34	0.31755542240862794	1668	14	>20	0.8768883635306256
ENSMUSG00000057378.16:B2	label_permutation	0.0056377167259315	0.6302954788180847	5617	7	>20	0.9037363545202307
ENSMUSG00000057378.16:B3	label_permutation	3.8445874536192664e-22	0.28693485226059096	5617	7	>20	0.8750110119110907
ENSMUSG00000006575.15:B1	label_permutation	1.0	1.0	7517	8	>20	1.0
ENSMUSG00000006575.15:B3	label_permutation	0.0281315088909782	0.775073157754722	7517	8	>20	0.9353326452603976
ENSMUSG00000020451.18:B1	label_permutation	2.310352452246368e-19	0.4411601699612045	5412	12	>20	0.882320339922409
ENSMUSG00000020451.18:B2	label_permutation	1.249438067331198e-35	0.11142217245240761	10715	6	>20	0.8606239104020287
ENSMUSG00000022935.17:B1	label_permutation	3.283455088106692e-08	0.3620689655172414	57	8	1-5	0.8799716412619639
ENSMUSG00000022935.17:B2	label_permutation	0.3069189961746467	0.6698168930891908	1692	2	1-5	0.9108504372244969
ENSMUSG00000026826.14:B1	label_permutation	0.0245941384679311	0.40345110928512734	7301	2	11-20	0.8802533382017219
ENSMUSG00000026826.14:B2	label_permutation	0.059886539137704	0.3974722723755481	7753	1	11-20	0.8802533382017219
ENSMUSG00000029001.16:B1	label_permutation	6.016727506208718e-18	0.20543293718166383	588	6	6-10	0.8674506604704691
ENSMUSG00000029001.16:B2	label_permutation	0.1808178354216431	0.6194625998547567	2753	2	6-10	0.9037363545202307
ENSMUSG00000031540.15:B1	label_permutation	2.6795164998499108e-42	0.19822649177905044	5412	12	>20	0.8674506604704691
ENSMUSG00000031540.15:B3	label_permutation	1.2397673950280142e-88	0.02715684463329023	5412	12	>20	0.8606239104020287
ENSMUSG00000034755.19:B1	label_permutation	7.013038452740178e-05	0.242810188989318	7301	2	11-20	0.8674506604704691
ENSMUSG00000034755.19:B2	label_permutation	1.4717913471403188e-10	0.17095588235294118	1087	3	6-10	0.8660184484869279
ENSMUSG00000040021.14:B1	label_permutation	0.0456993778532673	0.6281301193540838	4272	4	11-20	0.9037363545202307
ENSMUSG00000040021.14:B2	label_permutation	0.0027363586988153	0.4998829861923707	4272	4	11-20	0.8921327130306684
ENSMUSG00000045333.16:B2	label_permutation	0.6084834950657309	0.7660956881275842	1692	2	1-5	0.9329062959889604
ENSMUSG00000056608.15:B1	label_permutation	1.1050678652603717e-22	0.3984851283946056	5412	12	>20	0.8802533382017219
ENSMUSG00000056608.15:B2	label_permutation	1.2560609952518556e-32	0.12644643523702875	10715	6	>20	0.8606239104020287
ENSMUSG00000085438.3:B1	label_permutation	5.791131348085455e-65	0.14653323802716225	1398	24	>20	0.8606239104020287
ENSMUSG00000085438.3:B3	label_permutation	4.0779230752573706e-33	0.38305084745762713	1474	16	>20	0.8802533382017219
ENSMUSG00000001847.15:B1	label_permutation	2.581200354887052e-37	0.026506899055918662	2753	2	6-10	0.8606239104020287
ENSMUSG00000004233.15:B1	label_permutation	0.0305418848126983	0.583552575744717	11782	4	>20	0.8997902400062849
ENSMUSG00000006435.17:B1	label_permutation	6.03011140224741e-14	0.45950413223140496	1209	8	11-20	0.8895566450977648
ENSMUSG00000010803.14:B1	label_permutation	3.306345007334696e-26	0.2688214950784783	7517	8	>20	0.8750110119110907
ENSMUSG00000016637.8:B1	label_permutation	0.7377396799845175	0.9000399840063974	5001	3	11-20	0.9788947250067759
ENSMUSG00000019432.16:B1	label_permutation	0.0225273313986301	0.6462299365434864	10715	6	>20	0.9053280185658723
ENSMUSG00000020235.17:B1	label_permutation	0.0029851365188144	0.31374965762804713	7301	2	11-20	0.8768883635306256
ENSMUSG00000020661.16:B1	label_permutation	1.0685641356478073e-08	0.6146314428228339	5412	12	>20	0.9036329068266031
ENSMUSG00000021130.9:B1	label_permutation	8.523186418814139e-15	0.4787234042553192	1033	10	11-20	0.8914176034062342
ENSMUSG00000021708.19:B1	label_permutation	5.237473513086836e-26	0.18164505969384018	13652	5	>20	0.8660184484869279
ENSMUSG00000022305.14:B1	label_permutation	0.1331951031761205	0.6552070543587454	8958	3	>20	0.9063824272573144
ENSMUSG00000022763.19:B1	label_permutation	4.6154225345309155e-34	0.13828462608950415	13652	5	>20	0.8606239104020287
ENSMUSG00000023967.10:B1	label_permutation	0.0021824949453618	0.2914624709827186	7753	1	11-20	0.8750110119110907
ENSMUSG00000024501.21:B1	label_permutation	0.29325280051449	0.6686355581807443	1692	2	1-5	0.9102842164387352
ENSMUSG00000025016.12:B1	label_permutation	7.581276546233951e-06	0.366290418399389	11782	4	>20	0.8799716412619639
ENSMUSG00000025531.15:B1	label_permutation	0.2196113338065491	0.5924404272801972	7301	2	11-20	0.903460907270032
ENSMUSG00000026179.15:B1	label_permutation	5.533211878594483e-32	0.29426129426129427	818	12	11-20	0.8750110119110907
ENSMUSG00000026701.16:B1	label_permutation	0.0015746151243183	0.2869486716533402	7753	1	11-20	0.8750110119110907
ENSMUSG00000027194.17:B1	label_permutation	0.5756615412522971	0.7817900438483364	7753	1	11-20	0.9366474159036053
ENSMUSG00000027722.15:B1	label_permutation	0.2448208739861846	0.8654325382698469	5617	7	>20	0.9635614497117158
ENSMUSG00000028282.13:B1	label_permutation	0.0	0.015515124455854448	8958	3	>20	0.8606239104020287
ENSMUSG00000028833.14:B1	label_permutation	3.058697603884354e-08	0.5027757663528843	4142	9	>20	0.893425976271199
ENSMUSG00000029227.16:B1	label_permutation	3.127225839738772e-05	0.38445762836006736	13652	5	>20	0.8802533382017219
ENSMUSG00000029752.13:B1	label_permutation	2.3282088223654334e-65	0.0421802245960011	7301	2	11-20	0.8606239104020287
ENSMUSG00000030330.16:B1	label_permutation	0.6767170099523292	0.8915057484094207	8958	3	>20	0.9741370112064653
ENSMUSG00000031137.18:B1	label_permutation	0.1908470894656492	0.6066154754873007	1692	2	1-5	0.903460907270032
ENSMUSG00000031732.13:B1	label_permutation	3.577952990859315e-60	0.040873460246360585	10715	6	>20	0.8606239104020287
ENSMUSG00000032198.10:B1	label_permutation	0.6079124925427608	0.7660956881275842	1692	2	1-5	0.9329062959889604
ENSMUSG00000032563.17:B1	label_permutation	0.1156474154188116	0.45421717823059066	7753	1	11-20	0.8893579945608221
ENSMUSG00000033389.17:B1	label_permutation	4.559955822374499e-06	0.25849660135945624	5001	3	11-20	0.8724251253863782
ENSMUSG00000034164.18:B1	label_permutation	5.5311694234193366e-05	0.28903413217138707	2753	2	6-10	0.8750110119110907
ENSMUSG00000034902.18:B1	label_permutation	0.000439986690134	0.4917879805897723	10715	6	>20	0.8914176034062342
ENSMUSG00000035835.15:B1	label_permutation	0.7807997015967938	0.8987619293267991	7753	1	11-20	0.9785446251696962
ENSMUSG00000036686.17:B1	label_permutation	0.3744107363994258	0.7098765432098766	2753	2	6-10	0.9212513888388844
ENSMUSG00000037519.18:B1	label_permutation	0.0170494023888146	0.5141198794508316	8958	3	>20	0.894080632179703
ENSMUSG00000038244.15:B1	label_permutation	4.552986303535085e-57	0.35384615384615387	64	28	>20	0.8799716412619639
ENSMUSG00000038828.14:B1	label_permutation	0.1323334762328104	0.6059576169532187	5001	3	11-20	0.903460907270032
ENSMUSG00000039703.17:B1	label_permutation	2.823373571864684e-36	0.0964100823219893	11782	4	>20	0.8606239104020287
ENSMUSG00000040543.17:B1	label_permutation	0.0001189260114041	0.4640724150802538	10715	6	>20	0.8898393180670646
ENSMUSG00000041420.19:B1	label_permutation	0.010956890030948	0.4254298280687725	5001	3	11-20	0.8802533382017219
ENSMUSG00000042508.17:B1	label_permutation	0.1111775869768202	0.45176683002321383	7753	1	11-20	0.8884086579942446
ENSMUSG00000044628.6:B1	label_permutation	0.2936286234124527	0.6048295454545455	3519	1	1-5	0.903460907270032
ENSMUSG00000047414.7:B1	label_permutation	0.0880064862748097	0.5248447204968945	2575	1	>20	0.894080632179703
ENSMUSG00000049807.17:B1	label_permutation	7.623501777053501e-41	0.17196531791907516	6227	10	>20	0.8660184484869279
ENSMUSG00000052516.20:B1	label_permutation	0.0242627099482209	0.5645645645645646	13652	5	>20	0.8996996996996998
ENSMUSG00000054728.18:B1	label_permutation	5.529083296730641e-45	0.3645461043602573	1398	24	>20	0.8799716412619639
ENSMUSG00000056763.17:B1	label_permutation	1.767108910949799e-52	0.11786440051727323	5412	12	>20	0.8606239104020287
ENSMUSG00000058881.14:B1	label_permutation	0.0416722390974814	0.4908446544595393	1692	2	1-5	0.8914176034062342
ENSMUSG00000061288.14:B1	label_permutation	9.62322932654428e-37	0.2431184186218363	5412	12	>20	0.8674506604704691
ENSMUSG00000063550.9:B1	label_permutation	0.0026594922618058	0.2940021810250818	4584	1	6-10	0.8750110119110907
ENSMUSG00000068748.8:B1	label_permutation	0.0001169419138227	0.4055518933567714	13652	5	>20	0.8802533382017219
ENSMUSG00000073563.4:B1	label_permutation	0.1243945926945356	0.4637606396698478	7753	1	11-20	0.8898393180670646
ENSMUSG00000085437.9:B1	label_permutation	0.0003760305781959	0.27792107299458346	7753	1	11-20	0.8750110119110907
ENSMUSG00000093930.3:B1	label_permutation	0.0070832009637368	0.5166765679368582	11782	4	>20	0.894080632179703
ENSMUSG00000114704.2:B1	label_permutation	0.4331745925273391	0.7426242236024845	2575	1	>20	0.9284035186765294
ENSMUSG00000008496.20:B1	label_permutation	0.0904097148286083	0.7373086972751026	10715	6	>20	0.9260663179302155
ENSMUSG00000008496.20:B2	label_permutation	0.0004217738180329	0.49076147816349386	10715	6	>20	0.8914176034062342
ENSMUSG00000008496.20:B3	label_permutation	0.0031581302145937	0.4541801540350486	8958	3	>20	0.8893579945608221
ENSMUSG00000008496.20:B4	label_permutation	0.0	0.09976708074534162	2575	1	>20	0.8606239104020287
ENSMUSG00000045098.20:B2	label_permutation	0.0024574006976048	0.7379576107899807	6227	10	>20	0.9263444964136652
ENSMUSG00000045098.20:B3	label_permutation	9.970597087953482e-37	0.12385556287995313	13652	5	>20	0.8606239104020287
ENSMUSG00000019082.19:B1	label_permutation	6.493685083292048e-32	0.24277456647398843	6227	10	>20	0.8674506604704691
ENSMUSG00000019082.19:B2	label_permutation	0.0070759048742995	0.5078737273859225	13652	5	>20	0.894080632179703
ENSMUSG00000019082.19:B3	label_permutation	0.0001953647833888	0.41390170658463343	13652	5	>20	0.8802533382017219
ENSMUSG00000025026.16:B3	label_permutation	0.0178631186995956	0.5483044019629385	13652	5	>20	0.894080632179703
ENSMUSG00000025026.16:B4	label_permutation	5.153812883655378e-07	0.5656711624919717	6227	10	>20	0.8997902400062849
ENSMUSG00000029992.15:B2	label_permutation	9.263044142123009e-65	0.05821946872613087	11782	4	>20	0.8606239104020287
ENSMUSG00000029992.15:B3	label_permutation	1.0	1.0	13652	5	>20	1.0
ENSMUSG00000037624.16:B2	label_permutation	0.0069283053263601	0.3502840909090909	3519	1	1-5	0.87970420814686
ENSMUSG00000058740.15:B1	label_permutation	0.0001150427281408	0.6343229543808834	4142	9	>20	0.903855163864902
ENSMUSG00000058740.15:B2	label_permutation	1.9660289863278687e-285	0.016631320459872753	8958	3	>20	0.8606239104020287
ENSMUSG00000058740.15:B4	label_permutation	0.020890429911155	0.6424038820455393	10715	6	>20	0.9050549984678621
ENSMUSG00000008153.13:B1	label_permutation	0.0001972182276304	0.8652073732718893	867	15	>20	0.9635614497117158
ENSMUSG00000008153.13:B2	label_permutation	0.0288811756510752	0.8342967244701349	6227	10	>20	0.9571860655446038
ENSMUSG00000020454.18:B1	label_permutation	4.09026811638781e-43	0.15430314707771356	6227	10	>20	0.8606239104020287
ENSMUSG00000020454.18:B3	label_permutation	1.9612583331153915e-18	0.2211235625869772	13652	5	>20	0.8674506604704691
ENSMUSG00000022961.19:B1	label_permutation	5.322743017953004e-46	0.3516797712651894	1398	24	>20	0.87970420814686
ENSMUSG00000022961.19:B3	label_permutation	6.0913609060064156e-77	0.14193548387096774	154	36	>20	0.8606239104020287
ENSMUSG00000026853.16:B1	label_permutation	2.5778764910596007e-09	0.2104779411764706	1087	3	6-10	0.8674506604704691
ENSMUSG00000026853.16:B2	label_permutation	0.8004606146259066	0.9030402629416598	7301	2	11-20	0.980256749193193
ENSMUSG00000029055.18:B1	label_permutation	1.2217808125131796e-07	0.5467244701348748	6227	10	>20	0.894080632179703
ENSMUSG00000029055.18:B2	label_permutation	1.0548968120411612e-15	0.6267281105990783	867	15	>20	0.9037363545202307
ENSMUSG00000031543.19:B2	label_permutation	1.0	1.0	623	9	11-20	1.0
ENSMUSG00000034928.17:B1	label_permutation	1.094345765631306e-39	0.15570599613152805	1033	10	11-20	0.8606239104020287
ENSMUSG00000034928.17:B2	label_permutation	1.0	1.0	13652	5	>20	1.0
ENSMUSG00000040035.15:B1	label_permutation	6.498501816747025e-32	0.28930352854239794	5412	12	>20	0.8750110119110907
ENSMUSG00000040035.15:B2	label_permutation	0.0011112214859623	0.5164240388204554	10715	6	>20	0.894080632179703
ENSMUSG00000045348.17:B1	label_permutation	6.718398699014889e-21	0.3197658951848896	7517	8	>20	0.8768883635306256
ENSMUSG00000045348.17:B2	label_permutation	0.4735608487650733	0.82372910124756	11782	4	>20	0.9525428608815302
ENSMUSG00000056724.16:B1	label_permutation	1.5505132845446473e-14	0.1875	3519	1	1-5	0.8660184484869279
ENSMUSG00000056724.16:B3	label_permutation	1.0	1.0	3519	1	1-5	1.0
ENSMUSG00000090112.9:B1	label_permutation	0.9470948969175323	0.978903895524054	8958	3	>20	1.0
ENSMUSG00000090112.9:B2	label_permutation	2.5708953422241464e-30	0.14109742441209405	10715	6	>20	0.8606239104020287
ENSMUSG00000001891.17:B1	label_permutation	0.175315197055299	0.5443181818181818	3519	1	1-5	0.894080632179703
ENSMUSG00000004267.17:B1	label_permutation	0.0221648282244661	0.7644320297951583	7517	8	>20	0.9328972525138082
ENSMUSG00000006586.16:B1	label_permutation	9.515238142366069e-14	0.5178274524293368	5412	12	>20	0.894080632179703
ENSMUSG00000016918.16:B1	label_permutation	4.650880050907165e-47	0.09231178504921522	7517	8	>20	0.8606239104020287
ENSMUSG00000019478.18:B1	label_permutation	4.565757482833091e-40	0.0877535432402614	11782	4	>20	0.8606239104020287
ENSMUSG00000020256.15:B1	label_permutation	3.8547676955870943e-16	0.09982279976373302	1692	2	1-5	0.8606239104020287
ENSMUSG00000020668.11:B1	label_permutation	2.428900307164795e-13	0.23406630204263867	8958	3	>20	0.8674506604704691
ENSMUSG00000021134.18:B1	label_permutation	0.0037851033014096	0.49732665704828993	11782	4	>20	0.8921327130306684
ENSMUSG00000021710.12:B1	label_permutation	2.3113347118785576e-27	0.17519958983373618	13652	5	>20	0.8660184484869279
ENSMUSG00000022307.17:B1	label_permutation	1.1891816075169948e-37	0.4444444444444444	836	20	>20	0.8845586064363743
ENSMUSG00000022766.15:B1	label_permutation	0.0094271398187782	0.4893403281616252	8958	3	>20	0.8914176034062342
ENSMUSG00000023977.16:B1	label_permutation	1.900595706648244e-27	0.2577429690281239	5617	7	>20	0.8724251253863782
ENSMUSG00000024513.17:B1	label_permutation	2.0709522130703584e-128	0.01094797589747942	11782	4	>20	0.8606239104020287
ENSMUSG00000025019.18:B1	label_permutation	1.0	1.0	836	20	>20	1.0
ENSMUSG00000025558.20:B1	label_permutation	0.5522476588463774	0.9682080924855492	6227	10	>20	1.0
ENSMUSG00000026721.17:B1	label_permutation	5.432295233153471e-24	0.289438680500133	7517	8	>20	0.8750110119110907
ENSMUSG00000027198.17:B1	label_permutation	0.1768420746080148	0.51998968274439	7753	1	11-20	0.894080632179703
ENSMUSG00000027742.14:B1	label_permutation	3.6859962549697396e-26	0.1654202477955129	8958	3	>20	0.8660184484869279
ENSMUSG00000028309.15:B1	label_permutation	4.9650745837586756e-101	0.025343953656770456	4142	9	>20	0.8606239104020287
ENSMUSG00000028849.18:B1	label_permutation	6.193280603241161e-05	0.6425818882466281	6227	10	>20	0.9050549984678621
ENSMUSG00000029238.12:B1	label_permutation	5.867875103365822e-05	0.4496080627099664	10715	6	>20	0.8879911375091342
ENSMUSG00000029754.14:B1	label_permutation	8.855460391821386e-05	0.23598691384950926	4584	1	6-10	0.8674506604704691
ENSMUSG00000030374.16:B1	label_permutation	4.460558980524834e-07	0.3342855050172123	13652	5	>20	0.8768883635306256
ENSMUSG00000031153.17:B1	label_permutation	0.0295386172937572	0.7123531505873977	5617	7	>20	0.9216895185571544
ENSMUSG00000031748.17:B1	label_permutation	2.720861662932416e-22	0.6748768472906403	405	22	>20	0.9110999233898707
ENSMUSG00000032199.14:B1	label_permutation	1.8807328780322641e-16	0.4115702479338843	1209	8	11-20	0.8802533382017219
ENSMUSG00000032564.17:B1	label_permutation	8.366341250345984e-15	0.1865200093611046	4272	4	11-20	0.8660184484869279
ENSMUSG00000033392.17:B1	label_permutation	7.371915422765609e-74	0.08077197998570407	1398	24	>20	0.8606239104020287
ENSMUSG00000034218.17:B1	label_permutation	1.8277583604352754e-96	0.03003003003003003	13652	5	>20	0.8606239104020287
ENSMUSG00000034912.19:B1	label_permutation	9.305938349149776e-08	0.5	51	12	1-5	0.8921327130306684
ENSMUSG00000035851.15:B1	label_permutation	0.057279678766041	0.6187651065699846	13652	5	>20	0.9037363545202307
ENSMUSG00000036707.17:B1	label_permutation	4.169418431038636e-15	0.25466592011944755	10715	6	>20	0.8703183612295037
ENSMUSG00000037533.21:B1	label_permutation	3.911757249885124e-05	0.44270250093318403	10715	6	>20	0.8834484441381291
ENSMUSG00000038256.16:B1	label_permutation	0.3608806904468732	0.8202047174009791	2246	5	11-20	0.9509365668344487
ENSMUSG00000038831.17:B1	label_permutation	0.7383711865440596	0.9175272833809419	13652	5	>20	0.9865819668579794
ENSMUSG00000039704.9:B1	label_permutation	0.0546693337479078	0.6161418993465162	11782	4	>20	0.9036329068266031
ENSMUSG00000040548.17:B1	label_permutation	9.151906960170252e-05	0.5169099323602706	5617	7	>20	0.894080632179703
ENSMUSG00000041426.13:B1	label_permutation	7.753082763217864e-07	0.3385385725197318	11782	4	>20	0.8772378175865799
ENSMUSG00000042520.17:B1	label_permutation	0.1237174112751113	0.6827803413169267	13652	5	>20	0.9110999233898707
ENSMUSG00000044647.17:B1	label_permutation	0.0173176072310487	0.8928505449842971	5412	12	>20	0.9741370112064653
ENSMUSG00000047454.13:B1	label_permutation	0.0161322340041602	0.5529152168378172	11782	4	>20	0.8956389798674386
ENSMUSG00000049878.14:B1	label_permutation	9.79245727242934e-19	0.34733285059135893	4142	9	>20	0.8795043135212783
ENSMUSG00000054752.17:B1	label_permutation	1.1105756814759782e-36	0.09556140201985912	11782	4	>20	0.8606239104020287
ENSMUSG00000056812.15:B1	label_permutation	0.1526345090492122	0.692523126538233	11782	4	>20	0.9150066189174714
ENSMUSG00000058886.10:B1	label_permutation	9.695937989735914e-126	0.03281616251813819	8958	3	>20	0.8606239104020287
ENSMUSG00000061313.11:B1	label_permutation	1.0	1.0	5617	7	>20	1.0
ENSMUSG00000063663.12:B1	label_permutation	1.0	1.0	13652	5	>20	1.0
ENSMUSG00000068882.14:B1	label_permutation	1.0080745331188652e-71	0.05771625283820406	13652	5	>20	0.8606239104020287
ENSMUSG00000073725.9:B1	label_permutation	2.4143555140943362e-17	0.21250954765339897	11782	4	>20	0.8674506604704691
ENSMUSG00000085568.8:B1	label_permutation	0.2821240599772344	0.7549011287448019	11782	4	>20	0.9300637725810085
ENSMUSG00000096054.4:B1	label_permutation	1.0971951765034642e-33	0.5375268048606148	1398	24	>20	0.894080632179703
ENSMUSG00000115186.2:B1	label_permutation	0.0204232103657619	0.6897472410110359	5617	7	>20	0.9142953777356894
ENSMUSG00000021843.18:B1	wild_cluster	2.349297653274969e-05	0.49700680272108844	7349	8	>20	0.7927826826191401
ENSMUSG00000021843.18:B2	wild_cluster	2.445884901161574e-09	0.36680272108843537	7349	8	>20	0.7452850769350146
ENSMUSG00000021843.18:B3	wild_cluster	2.349269367634882e-05	0.49700680272108844	7349	8	>20	0.7927826826191401
ENSMUSG00000021843.18:B4	wild_cluster	2.445805168629759e-09	0.36680272108843537	7349	8	>20	0.7452850769350146
ENSMUSG00000021843.18:B5	wild_cluster	1.823143052736368e-05	0.49197278911564624	7349	8	>20	0.7910978754878202
ENSMUSG00000021843.18:B6	wild_cluster	4.025291066196704e-13	0.6498338870431893	1504	16	>20	0.8576346637409249
ENSMUSG00000002279.20:B1	wild_cluster	0.0278609858560545	0.6285160933321037	10842	6	>20	0.8458976257278081
ENSMUSG00000002279.20:B2	wild_cluster	9.659347710643746e-10	0.2193183055646303	9182	3	>20	0.6918563657736225
ENSMUSG00000002279.20:B3	wild_cluster	0.440552432483086	0.7329848633344223	9182	3	>20	0.8891319096850625
ENSMUSG00000020882.18:B1	wild_cluster	0.0079376017859235	0.42281028699217293	13414	5	>20	0.7644237674440767
ENSMUSG00000020882.18:B2	wild_cluster	0.0287999068811841	0.4888557584793142	13414	5	>20	0.7897176352473404
ENSMUSG00000020882.18:B3	wild_cluster	9.142293809515288e-22	0.29473684210526313	6364	10	>20	0.7190107661992745
ENSMUSG00000026566.16:B1	wild_cluster	3.599617689984831e-15	0.5239234449760766	417	15	11-20	0.8033502824075999
ENSMUSG00000026566.16:B2	wild_cluster	0.1194310209945612	0.8653658536585366	1024	10	11-20	0.9485335534945214
ENSMUSG00000026566.16:B3	wild_cluster	9.716116023753911e-07	0.6185365853658537	1024	10	11-20	0.8415031677650375
ENSMUSG00000031154.16:B1	wild_cluster	8.106910613501263e-22	0.18241577649958915	1216	8	11-20	0.6668646455521224
ENSMUSG00000031154.16:B2	wild_cluster	0.9309911769870488	0.960093896713615	4259	4	11-20	0.9969011915991717
ENSMUSG00000031154.16:B5	wild_cluster	0.8378263927246612	0.9368544600938967	4259	4	11-20	0.9862087690428845
ENSMUSG00000040003.19:B1	wild_cluster	1.87671017160388e-14	0.6882734236888627	1696	18	>20	0.8726786974790836
ENSMUSG00000040003.19:B2	wild_cluster	2.3512261111883243e-30	0.40542133176193285	1696	18	>20	0.7560842414254448
ENSMUSG00000040003.19:B3	wild_cluster	1.4989704631742811e-40	0.4340277777777778	287	27	>20	0.7721890688642606
ENSMUSG00000061904.13:B1	wild_cluster	4.052882042298064e-12	0.3483709273182957	797	4	6-10	0.7395040431069492
ENSMUSG00000061904.13:B2	wild_cluster	0.9933378710366484	0.9829895041621426	2762	2	6-10	1.0
ENSMUSG00000061904.13:B3	wild_cluster	1.4419062860885609e-05	0.1896489323199421	2762	2	6-10	0.6713650685322653
ENSMUSG00000015090.14:B1	wild_cluster	2.186125613960602e-18	0.3385365853658537	1024	10	11-20	0.7337812708493854
ENSMUSG00000015090.14:B2	wild_cluster	0.0158532648086748	0.490409764603313	2293	5	11-20	0.7898930130825659
ENSMUSG00000021720.12:B1	wild_cluster	1.8238093145178176e-36	0.1743119266055046	5122	12	>20	0.6642188120430711
ENSMUSG00000021720.12:B2	wild_cluster	1.3802005715961097e-18	0.14210882054748225	11835	4	>20	0.6607251883986351
ENSMUSG00000024789.14:B1	wild_cluster	0.0204620232237313	0.4892018779342723	4259	4	11-20	0.7897176352473404
ENSMUSG00000024789.14:B2	wild_cluster	0.030414002009744	0.35699096225412014	7523	2	11-20	0.7428782721323877
ENSMUSG00000027985.15:B1	wild_cluster	3.388643703694701e-129	0.01197365795250449	5010	3	11-20	0.6443643400857324
ENSMUSG00000027985.15:B2	wild_cluster	2.208548543279449e-07	0.22144725370531823	2293	5	11-20	0.6921980188289953
ENSMUSG00000032503.19:B1	wild_cluster	1.0	1.0	216	40	>20	1.0
ENSMUSG00000032503.19:B2	wild_cluster	2.954218902734864e-63	0.391812865497076	170	32	>20	0.7545994212484498
ENSMUSG00000037703.15:B1	wild_cluster	9.284747990318735e-40	0.08521626856036152	10842	6	>20	0.6443643400857324
ENSMUSG00000037703.15:B2	wild_cluster	6.047450101176784e-29	0.11869408835193213	10842	6	>20	0.6443643400857324
ENSMUSG00000041540.17:B2	wild_cluster	0.753773465603421	0.8884630126485243	2608	1	>20	0.9606853547060522
ENSMUSG00000050530.15:B1	wild_cluster	2.922874744266043e-06	0.5727198027937551	1216	8	11-20	0.816666106362424
ENSMUSG00000050530.15:B2	wild_cluster	1.6890499225154243e-06	0.25	4259	4	11-20	0.707808564231738
ENSMUSG00000063077.16:B2	wild_cluster	1.132525324498275e-12	0.4938512590279133	5122	12	>20	0.7918137188090447
ENSMUSG00000000384.16:B1	wild_cluster	0.0005245152983931	0.23819978046103182	4554	1	6-10	0.7005014853601429
ENSMUSG00000001558.6:B1	wild_cluster	5.4984572018109555e-84	0.07123107307439104	7594	1	11-20	0.6443643400857324
ENSMUSG00000003865.17:B1	wild_cluster	0.2084732510724694	0.603942066862681	9182	3	>20	0.8316457986568496
ENSMUSG00000006262.16:B1	wild_cluster	1.8390901212682837e-90	0.05129042796471741	9182	3	>20	0.6443643400857324
ENSMUSG00000010086.18:B3	wild_cluster	1.0	1.0	5518	7	>20	1.0
ENSMUSG00000015837.16:B1	wild_cluster	0.5621497985063569	0.8395080134178159	13414	5	>20	0.937513171467089
ENSMUSG00000018820.14:B1	wild_cluster	2.5541763146878936e-08	0.23358379614505065	9182	3	>20	0.6983043657362142
ENSMUSG00000020173.18:B1	wild_cluster	0.0040771274031178	0.3943899966204799	11835	4	>20	0.7545994212484498
ENSMUSG00000020608.8:B1	wild_cluster	1.0	1.0	11835	4	>20	1.0
ENSMUSG00000021061.16:B1	wild_cluster	8.811450676316697e-14	0.26907048378329407	5518	7	>20	0.7122245069213572
ENSMUSG00000021596.18:B1	wild_cluster	0.2056660187410686	0.4880351262349067	4554	1	6-10	0.7897176352473404
ENSMUSG00000022208.13:B1	wild_cluster	0.0526285645226411	0.7568707482993198	7349	8	>20	0.8990464687856649
ENSMUSG00000023805.18:B1	wild_cluster	1.940210210272928e-21	0.14681827249152204	5012	2	>20	0.6614303193836947
ENSMUSG00000024421.17:B1	wild_cluster	0.1353686531756237	0.449528563505269	3605	1	1-5	0.7777126539019709
ENSMUSG00000024924.15:B2	wild_cluster	0.3202933802459454	0.6942379182156134	11835	4	>20	0.8755381992419069
ENSMUSG00000025413.14:B1	wild_cluster	0.7131605165264817	0.8567723917813684	5012	2	>20	0.9453797378772596
ENSMUSG00000026113.18:B1	wild_cluster	1.0239733656542662e-27	0.36416184971098264	864	15	>20	0.7452850769350146
ENSMUSG00000026600.13:B1	wild_cluster	0.9464906872583834	0.9475301866081229	4554	1	6-10	0.9914359657566119
ENSMUSG00000027002.14:B1	wild_cluster	0.015281218689024	0.586461311445172	10842	6	>20	0.8236696192212468
ENSMUSG00000027652.16:B1	wild_cluster	0.1054276066282709	0.5979127841967946	13414	5	>20	0.8302326782751555
ENSMUSG00000028165.10:B1	wild_cluster	0.738948154284179	0.8707394097789394	9182	3	>20	0.9511283737526995
ENSMUSG00000028785.14:B1	wild_cluster	9.85401603318938e-45	0.3313343328335832	1333	24	>20	0.733144833989019
ENSMUSG00000029168.15:B1	wild_cluster	0.099011539274469	0.4328628302569671	2762	2	6-10	0.7717910706311354
ENSMUSG00000029676.16:B1	wild_cluster	2.5928161466148883e-36	0.07806691449814127	11835	4	>20	0.6443643400857324
ENSMUSG00000030268.18:B1	wild_cluster	0.6042492726932793	0.7820299500831946	3605	1	1-5	0.910504507264982
ENSMUSG00000030982.20:B1	wild_cluster	0.5556138053999468	0.7688356164383562	1167	3	6-10	0.9021257296100009
ENSMUSG00000031644.20:B4	wild_cluster	1.4282033226328091e-06	0.2222222222222222	5012	2	>20	0.6921980188289953
ENSMUSG00000032116.19:B1	wild_cluster	0.0	0.011325274964608516	9182	3	>20	0.6443643400857324
ENSMUSG00000032531.16:B1	wild_cluster	0.1789781437555048	0.473655019412091	3605	1	1-5	0.7890601845572686
ENSMUSG00000033237.20:B1	wild_cluster	3.3014696259571145e-13	0.17331345508758852	13414	5	>20	0.6642188120430711
ENSMUSG00000034059.15:B1	wild_cluster	3.515885408642848e-83	0.08517853580690206	5012	2	>20	0.6443643400857324
ENSMUSG00000034832.16:B1	wild_cluster	0.0004234787552658	0.565578231292517	7349	8	>20	0.8147515949667276
ENSMUSG00000035649.18:B1	wild_cluster	0.1712002357214376	0.8345578231292518	7349	8	>20	0.9352372813532193
ENSMUSG00000036565.8:B1	wild_cluster	0.0092900717198074	0.5627593839343356	10842	6	>20	0.8140754004263798
ENSMUSG00000037386.17:B1	wild_cluster	2.0188609511327575e-11	0.5332812804997072	5122	12	>20	0.8060056022408963
ENSMUSG00000038145.18:B1	wild_cluster	2.9921884185672254e-06	0.4125747418010509	5518	7	>20	0.7583548810864779
ENSMUSG00000039579.16:B1	wild_cluster	6.34743758076103e-14	0.35492107706592385	4307	9	>20	0.7428782721323877
ENSMUSG00000040452.10:B1	wild_cluster	0.7816621108825137	0.8988118052893829	2608	1	>20	0.9660669080997049
ENSMUSG00000041268.18:B1	wild_cluster	2.991907066883979e-09	0.45914577530176415	4307	9	>20	0.781405076296486
ENSMUSG00000042359.19:B2	wild_cluster	1.2060238000947431e-09	0.20522135856708348	11835	4	>20	0.685396970798245
ENSMUSG00000046982.12:B1	wild_cluster	0.7488465965538882	0.8746198039878337	11835	4	>20	0.9535137339304801
ENSMUSG00000049411.16:B1	wild_cluster	2.2390217434228574e-115	0.04225198736796254	9182	3	>20	0.6443643400857324
ENSMUSG00000052248.18:B1	wild_cluster	0.0034119116334143	0.2779363336992316	4554	1	6-10	0.715030762442895
ENSMUSG00000054391.13:B1	wild_cluster	3.2125171089653467e-261	0.016225634324294892	9182	3	>20	0.6443643400857324
ENSMUSG00000056492.7:B1	wild_cluster	0.4223472129564591	0.6231281198003328	3605	1	1-5	0.8433425727339844
ENSMUSG00000060780.3:B1	wild_cluster	2.923022584526101e-15	0.12001594896331738	7523	2	11-20	0.6443643400857324
ENSMUSG00000063142.16:B1	wild_cluster	2.0738595223748733e-49	0.12225913621262459	1504	16	>20	0.6443643400857324
ENSMUSG00000068151.9:B1	wild_cluster	0.1027556991323406	0.7235082541731993	10842	6	>20	0.8855004034606773
ENSMUSG00000071856.11:B1	wild_cluster	0.7930472754413369	0.8650427913100724	7594	1	11-20	0.9485335534945214
ENSMUSG00000090255.8:B1	wild_cluster	0.4969209539842337	0.7396768402154399	5012	2	>20	0.8913393389462926
ENSMUSG00000111375.6:B1	wild_cluster	4.9580937805642174e-20	0.3351551825102479	5122	12	>20	0.7337812708493854
ENSMUSG00000005899.15:B1	wild_cluster	2.114747554193638e-16	0.358974358974359	77	11	11-20	0.7428782721323877
ENSMUSG00000005899.15:B2	wild_cluster	2.6892453112357368e-08	0.3100617910172461	10842	6	>20	0.7244864969571635
ENSMUSG00000005899.15:B3	wild_cluster	0.0068684343333411	0.3832081019274747	9182	3	>20	0.7527625851099453
ENSMUSG00000005899.15:B4	wild_cluster	0.180704436799593	0.7733099695656184	10842	6	>20	0.9058889065052164
ENSMUSG00000005899.15:B5	wild_cluster	0.0019131422143477	0.3467276489164761	9182	3	>20	0.7374113100891564
ENSMUSG00000005899.15:B6	wild_cluster	8.339462144364345e-07	0.7004680187207488	640	9	11-20	0.8765844221097139
ENSMUSG00000000223.14:B1	wild_cluster	0.0204481848894242	0.7527706734867861	2345	6	11-20	0.897733938460634
ENSMUSG00000000223.14:B2	wild_cluster	0.0016595562053001	0.3430251551780464	9182	3	>20	0.7346451309393132
ENSMUSG00000000223.14:B3	wild_cluster	0.5799083699891914	0.8011543068713928	9182	3	>20	0.9195786989261633
ENSMUSG00000016664.17:B2	wild_cluster	0.7202392610572731	0.8508771929824561	7523	2	11-20	0.9420201575102494
ENSMUSG00000016664.17:B3	wild_cluster	0.4453662951525763	0.7927230046948357	4259	4	11-20	0.9161722785123567
ENSMUSG00000024112.17:B1	wild_cluster	0.0055103776690077	0.40700708162504656	13414	5	>20	0.7561586111513262
ENSMUSG00000024112.17:B2	wild_cluster	1.3714170500557734e-290	0.10118819471061709	2608	1	>20	0.6443643400857324
ENSMUSG00000024112.17:B3	wild_cluster	4.993707738066609e-07	0.5321288295365278	6364	10	>20	0.8058683243567343
ENSMUSG00000029095.18:B1	wild_cluster	9.445656956832291e-06	0.48027210884353744	7349	8	>20	0.7895076421793581
ENSMUSG00000029095.18:B2	wild_cluster	1.0	1.0	11835	4	>20	1.0
ENSMUSG00000029095.18:B3	wild_cluster	1.0838024399033902e-17	0.3777083739996096	5122	12	>20	0.7511518176361769
ENSMUSG00000036591.17:B1	wild_cluster	3.5885255905378173e-90	0.04441776710684274	832	20	>20	0.6443643400857324
ENSMUSG00000036591.17:B2	wild_cluster	1.6082506218615918e-15	0.3633935585231736	6364	10	>20	0.7452850769350146
ENSMUSG00000036591.17:B4	wild_cluster	1.3583927335471258e-07	0.5150039277297722	6364	10	>20	0.8006610969250729
ENSMUSG00000052572.20:B1	wild_cluster	1.1295504235858894e-36	0.46776611694152925	1333	24	>20	0.7845549469845196
ENSMUSG00000052572.20:B2	wild_cluster	1.8914818443730184e-24	0.3840531561461794	1504	16	>20	0.7527625851099453
ENSMUSG00000052572.20:B3	wild_cluster	0.0012426214856114	0.9641196013289036	1504	16	>20	0.999004777039583
ENSMUSG00000004207.15:B1	wild_cluster	8.017228622101818e-43	0.1187745483110762	6364	10	>20	0.6443643400857324
ENSMUSG00000004207.15:B2	wild_cluster	3.4967069347486403e-40	0.31932773109243695	832	20	>20	0.7266310461423763
ENSMUSG00000019971.11:B1	wild_cluster	1.9173484163819485e-52	0.06499535747446611	4307	9	>20	0.6443643400857324
ENSMUSG00000019971.11:B2	wild_cluster	2.7854062878930647e-64	0.04990714948932219	4307	9	>20	0.6443643400857324
ENSMUSG00000022623.18:B1	wild_cluster	2.9230777158567723e-46	0.38095238095238093	83	23	>20	0.7515598212949701
ENSMUSG00000022623.18:B2	wild_cluster	4.841131045202549e-07	0.5934139784946236	1487	11	>20	0.8285680892272758
ENSMUSG00000026322.10:B1	wild_cluster	0.5187886317721825	0.7843021290976682	11835	4	>20	0.9113647727518189
ENSMUSG00000028677.20:B1	wild_cluster	1.521440153566132e-05	0.2772300469483568	4259	4	11-20	0.7146939742430115
ENSMUSG00000028677.20:B2	wild_cluster	0.0025590543041399	0.26674641148325356	7523	2	11-20	0.7120777874931182
ENSMUSG00000031169.14:B1	wild_cluster	2.3202265507757923e-28	0.07695374800637958	7523	2	11-20	0.6443643400857324
ENSMUSG00000031169.14:B2	wild_cluster	4.029774258430457e-42	0.02600170502983802	2345	6	11-20	0.6443643400857324
ENSMUSG00000034088.16:B1	wild_cluster	0.0003683531942626	0.6653574234092694	6364	10	>20	0.8633200488841525
ENSMUSG00000034088.16:B2	wild_cluster	0.8232363662533436	0.9329854640327991	13414	5	>20	0.9837787373089041
ENSMUSG00000042807.16:B1	wild_cluster	2.227524325838742e-31	0.0898107468739439	11835	4	>20	0.6443643400857324
ENSMUSG00000042807.16:B2	wild_cluster	5.4226283373596106e-27	0.1548299319727891	7349	8	>20	0.6614303193836947
ENSMUSG00000075415.14:B1	wild_cluster	6.684830119545784e-19	0.1690491561376003	10842	6	>20	0.662927404323774
ENSMUSG00000075415.14:B2	wild_cluster	5.367313977353355e-54	0.20239880059970014	1333	24	>20	0.6848547296183478
ENSMUSG00000001627.13:B1	wild_cluster	0.4370564067673156	0.6784208509007282	2608	1	>20	0.8666287410476552
ENSMUSG00000003948.18:B1	wild_cluster	1.911679849383371e-09	0.23183582917359954	3605	1	1-5	0.6983043657362142
ENSMUSG00000006276.11:B1	wild_cluster	3.1372767325576085e-42	0.11234911792014857	4307	9	>20	0.6443643400857324
ENSMUSG00000010095.14:B1	wild_cluster	9.023550623911092e-07	0.14947520810712994	2762	2	6-10	0.6614303193836947
ENSMUSG00000015850.12:B1	wild_cluster	0.846095981476607	0.883205268935236	4554	1	6-10	0.9581093730148236
ENSMUSG00000018865.10:B1	wild_cluster	0.0024015904577921	0.25883057273997206	5010	3	11-20	0.7109417935409196
ENSMUSG00000020176.18:B1	wild_cluster	0.8444137051832767	0.8805708013172339	4554	1	6-10	0.9572162288980376
ENSMUSG00000020612.17:B1	wild_cluster	0.0003345880879325	0.33209094297428254	13414	5	>20	0.733144833989019
ENSMUSG00000021071.18:B1	wild_cluster	8.183655142139438e-56	0.18215892053973012	1333	24	>20	0.6668646455521224
ENSMUSG00000021669.16:B2	wild_cluster	0.7968372544455367	0.896028736779086	5010	3	11-20	0.9637191919446227
ENSMUSG00000022237.18:B1	wild_cluster	0.0015300999639667	0.49506594116019553	10842	6	>20	0.7918237180562928
ENSMUSG00000022661.15:B1	wild_cluster	0.8884265636646961	0.934742158426369	7523	2	11-20	0.9849076035352602
ENSMUSG00000024425.5:B1	wild_cluster	0.067163574545701	0.5534103615355945	13414	5	>20	0.8140754004263798
ENSMUSG00000024941.10:B1	wild_cluster	1.841101974426908e-21	0.10220627325890484	7523	2	11-20	0.6443643400857324
ENSMUSG00000025422.11:B1	wild_cluster	4.0531362107849365e-54	0.08276400546554753	5122	12	>20	0.6443643400857324
ENSMUSG00000026116.12:B1	wild_cluster	1.0	1.0	4307	9	>20	1.0
ENSMUSG00000026604.18:B1	wild_cluster	0.5925762791527861	0.7729930887825625	7523	2	11-20	0.905753694857024
ENSMUSG00000027007.17:B1	wild_cluster	0.8834309012308665	0.9330143540669856	7523	2	11-20	0.9837787373089041
ENSMUSG00000027655.15:B1	wild_cluster	7.527536935768206e-24	0.11769178776613722	11835	4	>20	0.6443643400857324
ENSMUSG00000028176.14:B1	wild_cluster	9.916624618708632e-20	0.21482993197278913	7349	8	>20	0.6855172201020898
ENSMUSG00000028788.15:B1	wild_cluster	1.0	1.0	2293	5	11-20	1.0
ENSMUSG00000029169.12:B1	wild_cluster	0.0029455984613537	0.3844204123014532	11835	4	>20	0.7527674972592916
ENSMUSG00000029684.15:B1	wild_cluster	5.069120616677885e-58	0.05435767349157456	5518	7	>20	0.6443643400857324
ENSMUSG00000030275.7:B1	wild_cluster	1.8290963482526508e-73	0.06776664702416028	1696	18	>20	0.6443643400857324
ENSMUSG00000030987.6:B1	wild_cluster	1.0418682799468306e-15	0.33771569433032045	1216	8	11-20	0.7337812708493854
ENSMUSG00000032118.17:B1	wild_cluster	0.945205020924483	0.9633802816901409	4259	4	11-20	0.9986990423054815
ENSMUSG00000032536.13:B1	wild_cluster	4.4266367545310286e-41	0.3853073463268366	1333	24	>20	0.75399379497989
ENSMUSG00000033257.15:B1	wild_cluster	6.683169003575999e-05	0.3068604258195336	11835	4	>20	0.7244864969571635
ENSMUSG00000034066.14:B1	wild_cluster	5.145875554733736e-40	0.0722325754752143	13414	5	>20	0.6443643400857324
ENSMUSG00000034848.18:B1	wild_cluster	0.6086020609667339	0.8153109005771534	9182	3	>20	0.926367907251676
ENSMUSG00000035653.17:B1	wild_cluster	0.1174975199535546	0.5381683545682239	9182	3	>20	0.808861702947904
ENSMUSG00000036568.8:B1	wild_cluster	0.0125907388025445	0.44584420424897503	13414	5	>20	0.7767748006946728
ENSMUSG00000037416.14:B1	wild_cluster	6.842798075449095e-43	0.07820713824587291	10842	6	>20	0.6443643400857324
ENSMUSG00000038156.17:B1	wild_cluster	1.167644009500601e-31	0.08862791483609328	11835	4	>20	0.6443643400857324
ENSMUSG00000038679.17:B1	wild_cluster	1.0617056139980709e-19	0.34179191879757953	5122	12	>20	0.7340257026294947
ENSMUSG00000039601.17:B1	wild_cluster	1.0	1.0	75	10	6-10	1.0
ENSMUSG00000040455.18:B1	wild_cluster	8.300566681406163e-31	0.13360544217687076	7349	8	>20	0.6505068413725715
ENSMUSG00000041297.9:B1	wild_cluster	0.0033448319315329	0.3879689084150051	11835	4	>20	0.7545994212484498
ENSMUSG00000042388.15:B1	wild_cluster	0.1595426484488993	0.7872803044029716	5518	7	>20	0.9127416834955545
ENSMUSG00000044288.7:B1	wild_cluster	5.627245015575714e-06	0.2704460966542751	11835	4	>20	0.7135088773956679
ENSMUSG00000047013.16:B1	wild_cluster	2.244010991177153e-74	0.01850340136054422	7349	8	>20	0.6443643400857324
ENSMUSG00000049532.12:B1	wild_cluster	0.032226404343313	0.37621951219512195	1639	2	1-5	0.7511518176361769
ENSMUSG00000052299.10:B1	wild_cluster	3.069992948358825e-21	0.14973320265708373	9182	3	>20	0.6614303193836947
ENSMUSG00000054405.15:B1	wild_cluster	1.099709293300554e-07	0.3670076726342711	2345	6	11-20	0.7452850769350146
ENSMUSG00000056493.10:B1	wild_cluster	2.1449997850418527e-48	0.050239234449760764	7523	2	11-20	0.6443643400857324
ENSMUSG00000058624.14:B1	wild_cluster	1.156756156756974e-31	0.0639386189258312	2345	6	11-20	0.6443643400857324
ENSMUSG00000060961.17:B1	wild_cluster	0.0111593797374439	0.68	7349	8	>20	0.8670674985819626
ENSMUSG00000063145.11:B1	wild_cluster	1.9740777571041892e-97	0.05052814984209953	9182	3	>20	0.6443643400857324
ENSMUSG00000068250.14:B1	wild_cluster	0.5073759731692213	0.7800777289624873	11835	4	>20	0.9093153926407422
ENSMUSG00000071862.4:B1	wild_cluster	0.5160653792765219	0.7682674507241642	9182	3	>20	0.9020972730362607
ENSMUSG00000112925.2:B1	wild_cluster	0.0769507697372908	0.700913031448861	10842	6	>20	0.8765844221097139
ENSMUSG00000010066.16:B1	wild_cluster	0.7415646507531848	0.9542857142857143	7349	8	>20	0.9932148181944508
ENSMUSG00000010066.16:B2	wild_cluster	0.7692819353556013	0.9498767460969597	1216	8	11-20	0.9922412216579171
ENSMUSG00000010066.16:B3	wild_cluster	0.7773962470257452	0.8867015883744508	11835	4	>20	0.9597039820249231
ENSMUSG00000010066.16:B4	wild_cluster	0.981670446326958	0.9783673469387755	7349	8	>20	1.0
ENSMUSG00000047213.15:B1	wild_cluster	5.9705055318115016e-15	0.08940331271203353	5010	3	11-20	0.6443643400857324
ENSMUSG00000047213.15:B2	wild_cluster	0.0186382684700125	0.33645978846537616	5010	3	11-20	0.7337812708493854
ENSMUSG00000047213.15:B3	wild_cluster	6.046159262529896e-05	0.19058072241069646	5010	3	11-20	0.6713650685322653
ENSMUSG00000047213.15:B4	wild_cluster	6.151182077296911e-13	0.23742540494458653	2345	6	11-20	0.7005014853601429
ENSMUSG00000019302.17:B1	wild_cluster	0.0033173526066814	0.632517006802721	7349	8	>20	0.8471216041555432
ENSMUSG00000019302.17:B2	wild_cluster	1.623337161799052e-11	0.3185034013605442	7349	8	>20	0.7266310461423763
ENSMUSG00000019302.17:B3	wild_cluster	0.0031992071169991	0.6302040816326531	7349	8	>20	0.8463717936593589
ENSMUSG00000025142.19:B2	wild_cluster	0.0020369840011786	0.3144758735440932	3605	1	1-5	0.7265588527514095
ENSMUSG00000030134.12:B1	wild_cluster	0.1862689846592419	0.8010509150208371	5518	7	>20	0.9195786989261633
ENSMUSG00000030134.12:B2	wild_cluster	0.3513819580786627	0.8621127015763725	5518	7	>20	0.947442215539144
ENSMUSG00000030134.12:B3	wild_cluster	0.0025599144188736	0.9057057057057057	1664	14	>20	0.9701102834240112
ENSMUSG00000037674.16:B1	wild_cluster	8.49416648139202e-54	0.04979591836734694	7349	8	>20	0.6443643400857324
ENSMUSG00000037674.16:B2	wild_cluster	6.212567790516551e-24	0.11726934775261913	11835	4	>20	0.6443643400857324
ENSMUSG00000037674.16:B3	wild_cluster	1.0627590905414438e-39	0.1559633027522936	5122	12	>20	0.6614303193836947
ENSMUSG00000058835.15:B2	wild_cluster	0.0747811443850966	0.4785958904109589	1167	3	6-10	0.7890601845572686
ENSMUSG00000008855.18:B1	wild_cluster	4.281610218602767e-75	0.07447447447447447	1664	14	>20	0.6443643400857324
ENSMUSG00000008855.18:B3	wild_cluster	6.823919115142914e-127	0.002536691429606813	5518	7	>20	0.6443643400857324
ENSMUSG00000020458.17:B1	wild_cluster	9.151562593796071e-54	0.08491118485262542	5122	12	>20	0.6443643400857324
ENSMUSG00000020458.17:B2	wild_cluster	2.9170414126396143e-34	0.0984045005994651	10842	6	>20	0.6443643400857324
ENSMUSG00000023008.19:B1	wild_cluster	0.5554062172946083	0.758957654723127	2762	2	6-10	0.8998165117807442
ENSMUSG00000023008.19:B2	wild_cluster	0.4681104810258824	0.7234889612739775	2762	2	6-10	0.8855004034606773
ENSMUSG00000026867.20:B1	wild_cluster	0.0060727667280883	0.7214484679665738	4307	9	>20	0.8855004034606773
ENSMUSG00000026867.20:B2	wild_cluster	0.0004399005547545	0.6457753017641596	4307	9	>20	0.8561895981180788
ENSMUSG00000029064.16:B1	wild_cluster	0.0034278355930487	0.7282010997643362	6364	10	>20	0.8882365778141921
ENSMUSG00000029064.16:B2	wild_cluster	0.4667563712331988	0.8009690644800597	13414	5	>20	0.9195786989261633
ENSMUSG00000031558.16:B1	wild_cluster	3.83773890939892e-16	0.07057546145494029	2762	2	6-10	0.6443643400857324
ENSMUSG00000031558.16:B3	wild_cluster	3.531831133366505e-16	0.06985161056822295	2762	2	6-10	0.6443643400857324
ENSMUSG00000035513.20:B1	wild_cluster	0.2167194024599035	0.8858536585365854	1024	10	11-20	0.9592480849663988
ENSMUSG00000035513.20:B2	wild_cluster	1.5552986452248486e-08	0.736	124	20	11-20	0.8900096826250673
ENSMUSG00000040118.16:B1	wild_cluster	0.0004746743026661	0.46186479756524945	10842	6	>20	0.782346680796986
ENSMUSG00000040118.16:B2	wild_cluster	6.512796888831918e-87	0.05362404242781379	1696	18	>20	0.6443643400857324
ENSMUSG00000045427.14:B1	wild_cluster	3.994731272732356e-35	0.05070422535211268	4259	4	11-20	0.6443643400857324
ENSMUSG00000045427.14:B3	wild_cluster	5.189224720478376e-26	0.05966872879664738	5010	3	11-20	0.6443643400857324
ENSMUSG00000056851.15:B1	wild_cluster	1.0756250904896169e-37	0.1629268292682927	1024	10	11-20	0.6614303193836947
ENSMUSG00000056851.15:B2	wild_cluster	0.0146208826912682	0.4873583260680035	2293	5	11-20	0.7897176352473404
ENSMUSG00000092035.9:B1	wild_cluster	0.4180121502548647	0.620077648363838	3605	1	1-5	0.8415098324939994
ENSMUSG00000092035.9:B2	wild_cluster	0.4012156532358517	0.6023294509151415	3605	1	1-5	0.8313510716213965
ENSMUSG00000001924.16:B1	wild_cluster	1.7385236293434469e-12	0.23130130037812413	10842	6	>20	0.6983043657362142
ENSMUSG00000004360.10:B1	wild_cluster	0.0268053783708214	0.6247348519782348	10842	6	>20	0.8448586891160553
ENSMUSG00000006676.18:B1	wild_cluster	0.1810843717685268	0.6185366677931734	11835	4	>20	0.8415031677650375
ENSMUSG00000010914.11:B1	wild_cluster	3.0151472016417846e-11	0.20592398998148753	9182	3	>20	0.685396970798245
ENSMUSG00000016921.15:B1	wild_cluster	0.9536322233929576	0.9520108144643461	11835	4	>20	0.9930001647433454
ENSMUSG00000019699.17:B1	wild_cluster	9.211759290126957e-16	0.15713753261274693	13414	5	>20	0.6614303193836947
ENSMUSG00000020262.16:B1	wild_cluster	3.364875535725634e-39	0.09605442176870749	7349	8	>20	0.6443643400857324
ENSMUSG00000020674.18:B1	wild_cluster	3.978756497623897e-38	0.07759970182631383	13414	5	>20	0.6443643400857324
ENSMUSG00000021140.10:B1	wild_cluster	0.7535859126204181	0.9418372893640152	5518	7	>20	0.988676267331453
ENSMUSG00000021725.10:B1	wild_cluster	3.6390750919306953e-13	0.17383525903838987	13414	5	>20	0.6642188120430711
ENSMUSG00000022311.16:B1	wild_cluster	1.8378613241597685e-33	0.09332836377189713	13414	5	>20	0.6443643400857324
ENSMUSG00000022771.18:B1	wild_cluster	0.863941396000151	0.9067073170731708	1639	2	1-5	0.9701466200763864
ENSMUSG00000024002.19:B1	wild_cluster	1.502415656817033e-07	0.5030176415970288	4307	9	>20	0.7971685994431588
ENSMUSG00000024524.18:B1	wild_cluster	4.730124469808823e-26	0.47849145550972305	1696	18	>20	0.7890601845572686
ENSMUSG00000025571.14:B1	wild_cluster	6.794393424187011e-51	0.06739984289080911	6364	10	>20	0.6443643400857324
ENSMUSG00000026211.19:B1	wild_cluster	0.0684959321556483	0.37804610318331505	4554	1	6-10	0.7511518176361769
ENSMUSG00000026740.13:B1	wild_cluster	0.170580761144284	0.6494968319045844	13414	5	>20	0.8576028652696069
ENSMUSG00000027206.14:B1	wild_cluster	7.5952179916717424e-34	0.08355863467387631	11835	4	>20	0.6443643400857324
ENSMUSG00000027751.14:B1	wild_cluster	0.2147810527582228	0.6915492957746479	4259	4	11-20	0.8741089777348375
ENSMUSG00000028312.20:B1	wild_cluster	0.0126645588808475	0.39018781142200076	2608	1	>20	0.7545994212484498
ENSMUSG00000028863.14:B1	wild_cluster	0.554771196172343	0.7515948963317385	7523	2	11-20	0.8974717217881539
ENSMUSG00000029267.18:B1	wild_cluster	1.600520693229499e-52	0.053469387755102044	7349	8	>20	0.6443643400857324
ENSMUSG00000029757.17:B1	wild_cluster	0.0011099165706867	0.2990225413923798	5012	2	>20	0.7224608851170397
ENSMUSG00000030376.9:B1	wild_cluster	0.0844893488252874	0.7079221617633497	10842	6	>20	0.8792315025657513
ENSMUSG00000031161.16:B1	wild_cluster	0.0353650096502226	0.33416721527320603	7594	1	11-20	0.7337812708493854
ENSMUSG00000031749.13:B1	wild_cluster	3.805473638650403e-73	0.035109951546776	13414	5	>20	0.6443643400857324
ENSMUSG00000032212.11:B1	wild_cluster	1.1175796712470115e-09	0.4477715877437326	4307	9	>20	0.7773299340909611
ENSMUSG00000032579.15:B1	wild_cluster	0.0003031073497559	0.22860180754917597	7523	2	11-20	0.6983043657362142
ENSMUSG00000033400.15:B1	wild_cluster	1.3063916107826945e-12	0.1659714599341383	4554	1	6-10	0.6614303193836947
ENSMUSG00000034243.18:B1	wild_cluster	1.5074846672246316e-62	0.03472113118617439	6364	10	>20	0.6443643400857324
ENSMUSG00000034940.16:B1	wild_cluster	1.8470777347608315e-47	0.132587228439763	7594	1	11-20	0.6494846516069467
ENSMUSG00000035864.15:B1	wild_cluster	2.2141893326246052e-51	0.09467109115752488	5122	12	>20	0.6443643400857324
ENSMUSG00000036745.16:B1	wild_cluster	2.9943622786047424e-14	0.2621851784743613	5518	7	>20	0.7120777874931182
ENSMUSG00000037593.13:B1	wild_cluster	0.992865256054189	0.99195093905711	2608	1	>20	1.0
ENSMUSG00000038296.15:B1	wild_cluster	2.281388697352741e-98	0.02217741935483871	1487	11	>20	0.6443643400857324
ENSMUSG00000038872.11:B1	wild_cluster	1.534057691080234e-53	0.05939315687540349	10842	6	>20	0.6443643400857324
ENSMUSG00000039735.17:B1	wild_cluster	1.0869200224253327e-05	0.2790638729300439	11835	4	>20	0.7161365140944507
ENSMUSG00000040560.11:B1	wild_cluster	1.4543138186009768e-42	0.0667163622810287	13414	5	>20	0.6443643400857324
ENSMUSG00000041439.16:B1	wild_cluster	1.107763598445736e-17	0.1632364151148862	9182	3	>20	0.6614303193836947
ENSMUSG00000042523.13:B1	wild_cluster	3.709850747193768e-42	0.07931384303237111	10842	6	>20	0.6443643400857324
ENSMUSG00000044676.11:B1	wild_cluster	0.4142314865987174	0.7204617227485571	9182	3	>20	0.8854985251623729
ENSMUSG00000047459.15:B1	wild_cluster	0.956068173128854	0.9669994453688298	3605	1	1-5	1.0
ENSMUSG00000049939.7:B1	wild_cluster	0.1042376477712778	0.4645779285571742	5010	3	11-20	0.7828869440753581
ENSMUSG00000052539.16:B1	wild_cluster	8.226668403566168e-33	0.06223358908780904	2345	6	11-20	0.6443643400857324
ENSMUSG00000054808.16:B1	wild_cluster	4.7395975094427e-13	0.2891156462585034	7349	8	>20	0.716584179179599
ENSMUSG00000056820.8:B1	wild_cluster	1.0677982226023889e-45	0.06090197540067089	13414	5	>20	0.6443643400857324
ENSMUSG00000058897.19:B2	wild_cluster	0.9280772311864612	0.9467969598262758	2762	2	6-10	0.9911057348961435
ENSMUSG00000061353.12:B1	wild_cluster	0.0454906931790025	0.37964503605102606	3605	1	1-5	0.7515598212949701
ENSMUSG00000063796.10:B1	wild_cluster	0.0029913193331924	0.3189129229062673	3605	1	1-5	0.7266310461423763
ENSMUSG00000068917.13:B1	wild_cluster	3.977492813544005e-12	0.18367691787766138	11835	4	>20	0.6681322190760239
ENSMUSG00000073791.14:B1	wild_cluster	0.0623582727071735	0.36813693219223176	7594	1	11-20	0.7452850769350146
ENSMUSG00000085586.3:B1	wild_cluster	0.00267813320836	0.3544593270173146	9182	3	>20	0.7428782721323877
ENSMUSG00000097006.9:B1	wild_cluster	3.92621124966656e-90	0.03798024149286498	4554	1	6-10	0.6443643400857324
ENSMUSG00000115311.3:B1	wild_cluster	5.5222451014111984e-08	0.18736010533245556	7594	1	11-20	0.6701112877583466
ENSMUSG00000022995.17:B1	wild_cluster	8.49527169068736e-27	0.25492875268397425	5122	12	>20	0.7098356155184639
ENSMUSG00000022995.17:B2	wild_cluster	1.66632021521225e-05	0.7497560023423775	5122	12	>20	0.8960401346441598
ENSMUSG00000022995.17:B3	wild_cluster	0.0035867864776467	0.5248547449967721	10842	6	>20	0.8033502824075999
ENSMUSG00000022995.17:B4	wild_cluster	0.0136843019753773	0.5800055335239325	10842	6	>20	0.8202909338545455
ENSMUSG00000022995.17:B5	wild_cluster	6.636046751445726e-37	0.09130314488610164	10842	6	>20	0.6443643400857324
ENSMUSG00000050144.14:B1	wild_cluster	0.0362277261670763	0.7796248934356351	2345	6	11-20	0.9093153926407422
ENSMUSG00000050144.14:B2	wild_cluster	0.0094261421691028	0.30632608261823985	5010	3	11-20	0.7244864969571635
ENSMUSG00000050144.14:B3	wild_cluster	0.2324105753361105	0.578726801037717	5010	3	11-20	0.8193685417538299
ENSMUSG00000050144.14:B4	wild_cluster	0.1019345526598876	0.4619836360007982	5010	3	11-20	0.782346680796986
ENSMUSG00000019775.18:B1	wild_cluster	2.7378200211366224e-12	0.3035374149659864	7349	8	>20	0.7241446338884063
ENSMUSG00000019775.18:B2	wild_cluster	0.0022157223124533	0.3761405880364988	11835	4	>20	0.7511518176361769
ENSMUSG00000019775.18:B3	wild_cluster	7.560614648658904e-07	0.2484792159513349	11835	4	>20	0.7068085770714748
ENSMUSG00000025231.18:B1	wild_cluster	5.835388893618557e-13	0.2908843537414966	7349	8	>20	0.716584179179599
ENSMUSG00000025231.18:B2	wild_cluster	1.0	1.0	11835	4	>20	1.0
ENSMUSG00000025231.18:B3	wild_cluster	0.0006475684994939	0.3472456911118621	11835	4	>20	0.7381638899474856
ENSMUSG00000030223.15:B1	wild_cluster	1.9160313892333906e-13	0.28032786885245903	609	6	6-10	0.716584179179599
ENSMUSG00000030223.15:B2	wild_cluster	0.4066107212287957	0.662147793726741	7523	2	11-20	0.8631535171340758
ENSMUSG00000030223.15:B3	wild_cluster	0.0191687898289305	0.32841573631047316	7523	2	11-20	0.731330931377854
ENSMUSG00000037685.16:B1	wild_cluster	0.0779602831109422	0.5672754379426016	13414	5	>20	0.815001194671121
ENSMUSG00000037685.16:B2	wild_cluster	0.1681000508737252	0.6477077897875513	13414	5	>20	0.856998205108153
ENSMUSG00000037685.16:B3	wild_cluster	0.0063744790576644	0.7476826394344069	6364	10	>20	0.8945133440386093
ENSMUSG00000059049.15:B1	wild_cluster	0.777838911913967	0.9169014084507042	4259	4	11-20	0.9757133094424536
ENSMUSG00000059049.15:B2	wild_cluster	0.6312699329302068	0.7994417862838915	7523	2	11-20	0.9194909877545092
ENSMUSG00000059049.15:B3	wild_cluster	0.7625443265750167	0.8742690058479532	7523	2	11-20	0.9533624667214159
ENSMUSG00000009739.18:B1	wild_cluster	0.0038354425799883	0.7315003927729772	6364	10	>20	0.8885332140836532
ENSMUSG00000009739.18:B2	wild_cluster	0.0062862386344122	0.41244875139768916	13414	5	>20	0.7583548810864779
ENSMUSG00000020593.17:B1	wild_cluster	1.9363383546512856e-05	0.5852459016393443	609	6	6-10	0.822784732260942
ENSMUSG00000020593.17:B2	wild_cluster	0.285734971068993	0.581252262034021	2762	2	6-10	0.8212791232259455
ENSMUSG00000023055.11:B2	wild_cluster	0.5395282503467883	0.7434875066454014	7523	2	11-20	0.8928204673818709
ENSMUSG00000029101.17:B2	wild_cluster	9.297520784914123e-41	0.05490848585690516	3605	1	1-5	0.6443643400857324
ENSMUSG00000031585.14:B1	wild_cluster	0.6297838123139521	0.9501278772378516	2345	6	11-20	0.9922412216579171
ENSMUSG00000031585.14:B2	wild_cluster	0.2646339439484926	0.6006785072839752	5010	3	11-20	0.8308450564505704
ENSMUSG00000035863.15:B1	wild_cluster	1.638143726694977e-10	0.2622890344000738	10842	6	>20	0.7120777874931182
ENSMUSG00000035863.15:B2	wild_cluster	3.481053967961301e-24	0.2799141128245169	5122	12	>20	0.716584179179599
ENSMUSG00000040183.14:B1	wild_cluster	0.0001309263910697	0.6384917517674784	6364	10	>20	0.8519109077258589
ENSMUSG00000040183.14:B3	wild_cluster	3.442247257439093e-30	0.10510622437569885	13414	5	>20	0.6443643400857324
ENSMUSG00000045639.15:B1	wild_cluster	1.0306138148524782e-25	0.4342105263157895	75	10	6-10	0.7721890688642606
ENSMUSG00000045639.15:B2	wild_cluster	4.1866235471376735e-16	0.1006974716652136	2293	5	11-20	0.6443643400857324
ENSMUSG00000057113.14:B1	wild_cluster	0.0004725489551807	0.6482412060301508	198	4	1-5	0.856998205108153
ENSMUSG00000057113.14:B2	wild_cluster	0.0003442848981883	0.2189648932319942	2762	2	6-10	0.6913385954852851
ENSMUSG00000093674.8:B3	wild_cluster	0.8812648431529843	0.9318181818181818	7523	2	11-20	0.983519333293346
ENSMUSG00000001986.17:B1	wild_cluster	0.0037159779577378	0.7056638811513464	4307	9	>20	0.8778817956990739
ENSMUSG00000004364.15:B1	wild_cluster	0.1313679359884188	0.6380281690140845	4259	4	11-20	0.8519109077258589
ENSMUSG00000006699.18:B1	wild_cluster	0.0846784119004979	0.7079221617633497	10842	6	>20	0.8792315025657513
ENSMUSG00000011751.17:B1	wild_cluster	6.355362792658541e-52	0.06920415224913495	288	21	>20	0.6443643400857324
ENSMUSG00000016933.18:B1	wild_cluster	1.8826059742980364e-05	0.2871747211895911	11835	4	>20	0.716584179179599
ENSMUSG00000019790.18:B2	wild_cluster	5.49864721966651e-05	0.2964591874767052	13414	5	>20	0.720475949673117
ENSMUSG00000020290.15:B1	wild_cluster	0.0002797348397031	0.33161541061169314	11835	4	>20	0.733144833989019
ENSMUSG00000020687.14:B1	wild_cluster	6.266946123448384e-20	0.15615536537195523	7594	1	11-20	0.6614303193836947
ENSMUSG00000021156.18:B1	wild_cluster	3.1960187827246365e-18	0.6494597839135654	832	20	>20	0.8576028652696069
ENSMUSG00000022340.16:B1	wild_cluster	1.0	1.0	124	20	11-20	1.0
ENSMUSG00000022772.13:B1	wild_cluster	0.1302586001274197	0.548949145159534	9182	3	>20	0.8121217694098929
ENSMUSG00000024030.8:B1	wild_cluster	1.4104164432480507e-69	0.037420797614610514	13414	5	>20	0.6443643400857324
ENSMUSG00000024533.18:B1	wild_cluster	2.5431055591845608e-05	0.28512858740216174	13414	5	>20	0.716584179179599
ENSMUSG00000025035.10:B1	wild_cluster	1.3906196623201269e-05	0.25734886300610094	3605	1	1-5	0.7109417935409196
ENSMUSG00000025579.15:B1	wild_cluster	0.0006842887454463	0.34789414834140886	13414	5	>20	0.7390814122722396
ENSMUSG00000026219.15:B1	wild_cluster	1.1381506663612962e-41	0.08326530612244898	7349	8	>20	0.6443643400857324
ENSMUSG00000026748.14:B1	wild_cluster	0.8200987097572229	0.9321596244131456	4259	4	11-20	0.983519333293346
ENSMUSG00000027207.16:B1	wild_cluster	1.1133923300768189e-21	0.12571814802298073	11835	4	>20	0.6443643400857324
ENSMUSG00000027805.17:B1	wild_cluster	0.6124169872487211	0.7871878393051032	2762	2	6-10	0.9127416834955545
ENSMUSG00000028329.14:B1	wild_cluster	1.1393404937884142e-15	0.15934437309901994	11835	4	>20	0.6614303193836947
ENSMUSG00000028868.14:B1	wild_cluster	1.7716743775492838e-11	0.5846153846153846	64	7	11-20	0.8227291869278774
ENSMUSG00000029279.16:B1	wild_cluster	0.0486240198241331	0.7019387570211995	5518	7	>20	0.8766455370954482
ENSMUSG00000029763.18:B1	wild_cluster	0.7295350827307328	0.8685366677931734	11835	4	>20	0.950549404949491
ENSMUSG00000030397.12:B1	wild_cluster	2.786437186027071e-41	0.08435374149659863	7349	8	>20	0.6443643400857324
ENSMUSG00000031171.12:B1	wild_cluster	0.0488357197595053	0.35477497255762896	4554	1	6-10	0.7428782721323877
ENSMUSG00000031753.17:B1	wild_cluster	7.036252116706026e-12	0.18671848597499155	11835	4	>20	0.6701112877583466
ENSMUSG00000032216.16:B1	wild_cluster	1.9976346608241777e-08	0.6310755416748	5122	12	>20	0.846707142754372
ENSMUSG00000032580.13:B1	wild_cluster	5.908260262304586e-29	0.11869408835193213	10842	6	>20	0.6443643400857324
ENSMUSG00000033417.17:B1	wild_cluster	0.073997048197594	0.5856807511737089	4259	4	11-20	0.8231335428122545
ENSMUSG00000034252.15:B1	wild_cluster	1.3501525022042809e-05	0.2821899290300777	11835	4	>20	0.716584179179599
ENSMUSG00000034973.17:B1	wild_cluster	0.1077503071425605	0.5653092260898952	11835	4	>20	0.8147515949667276
ENSMUSG00000035877.18:B1	wild_cluster	3.1382325664768247e-26	0.1582312925170068	7349	8	>20	0.6614303193836947
ENSMUSG00000036779.13:B1	wild_cluster	0.2184577326078866	0.5344231791600212	7523	2	11-20	0.8068390240105626
ENSMUSG00000037606.19:B1	wild_cluster	0.03390981913846	0.41053261520047873	5012	2	>20	0.7575435030523171
ENSMUSG00000038301.16:B1	wild_cluster	3.561176944329118e-13	0.0908432862830257	2762	2	6-10	0.6443643400857324
ENSMUSG00000038976.13:B1	wild_cluster	1.0050828236355934e-06	0.6995900839351942	5122	12	>20	0.8765844221097139
ENSMUSG00000039741.17:B1	wild_cluster	4.533629054591045e-22	0.12843831531867314	13414	5	>20	0.6443643400857324
ENSMUSG00000040596.16:B1	wild_cluster	5.061274044284837e-15	0.22459016393442624	609	6	6-10	0.6956983563417535
ENSMUSG00000041444.15:B1	wild_cluster	6.114719585963692e-08	0.40476190476190477	7349	8	>20	0.7560842414254448
ENSMUSG00000042524.15:B1	wild_cluster	0.0037264274643148	0.32057681641708263	3605	1	1-5	0.7266310461423763
ENSMUSG00000044700.16:B1	wild_cluster	0.005933391181637	0.5449598819514895	10842	6	>20	0.810767580825247
ENSMUSG00000047496.7:B1	wild_cluster	0.4821849859746342	0.7518240226505499	9182	3	>20	0.8974717217881539
ENSMUSG00000050017.12:B1	wild_cluster	0.0004558517744784	0.33955728286583303	11835	4	>20	0.7337812708493854
ENSMUSG00000052551.17:B1	wild_cluster	0.6349694681314544	0.8045228056726715	2608	1	>20	0.920624722398659
ENSMUSG00000054823.18:B1	wild_cluster	7.826393439315244e-35	0.5847953216374269	170	32	>20	0.8227291869278774
ENSMUSG00000056856.15:B1	wild_cluster	2.769136840518834e-30	0.18987929433611886	4307	9	>20	0.6713650685322653
ENSMUSG00000058975.8:B1	wild_cluster	7.832670952654159e-05	0.46276499365827145	5518	7	>20	0.7827657680540213
ENSMUSG00000061411.13:B1	wild_cluster	0.7668317485612779	0.8539828834759711	7594	1	11-20	0.9435225439569387
ENSMUSG00000063870.13:B1	wild_cluster	4.099763486796466e-13	0.4797969939488581	5122	12	>20	0.7893037997782897
ENSMUSG00000068923.15:B1	wild_cluster	0.0079096212305089	0.8508064516129032	1487	11	>20	0.9420201575102494
ENSMUSG00000085655.6:B1	wild_cluster	0.3496946428255889	0.7464032799105479	13414	5	>20	0.8940992371389449
ENSMUSG00000097007.4:B1	wild_cluster	0.0001090364580534	0.21544391281233385	7523	2	11-20	0.6855172201020898
ENSMUSG00000115424.3:B2	wild_cluster	0.2540421134962838	0.5635179153094463	2762	2	6-10	0.8140754004263798
ENSMUSG00000023991.17:B2	wild_cluster	0.583094041277332	0.7216245883644347	4554	1	6-10	0.8855004034606773
ENSMUSG00000023991.17:B3	wild_cluster	0.0160920398581294	0.3058177826564215	4554	1	6-10	0.7244864969571635
ENSMUSG00000023991.17:B4	wild_cluster	0.0673932695919942	0.37189901207464326	4554	1	6-10	0.7463073584888515
ENSMUSG00000023991.17:B5	wild_cluster	5.908412512615952e-18	0.015853658536585366	1639	2	1-5	0.6443643400857324
ENSMUSG00000051910.14:B2	wild_cluster	3.678741150688037e-17	0.14309484193011648	3605	1	1-5	0.6614288040064168
ENSMUSG00000051910.14:B3	wild_cluster	1.441026186642076e-10	0.10792682926829268	1639	2	1-5	0.6443643400857324
ENSMUSG00000051910.14:B4	wild_cluster	2.251198863016562e-44	0.037992235163616196	3605	1	1-5	0.6443643400857324
ENSMUSG00000019889.11:B1	wild_cluster	0.0412381530325521	0.4278874925194494	5012	2	>20	0.7685905578775247
ENSMUSG00000019889.11:B2	wild_cluster	0.0856043814423665	0.4793536804308797	5012	2	>20	0.7892239029569421
ENSMUSG00000019889.11:B3	wild_cluster	0.8906196945764038	0.9303818857722204	11835	4	>20	0.983216578030442
ENSMUSG00000025269.17:B1	wild_cluster	0.0222290702861176	0.4152397260273973	1167	3	6-10	0.7610306563851796
ENSMUSG00000025269.17:B2	wild_cluster	0.0130099994806107	0.300768386388584	4554	1	6-10	0.7241072155357869
ENSMUSG00000025269.17:B3	wild_cluster	0.0104215161951937	0.2985884907709012	2762	2	6-10	0.7224608851170397
ENSMUSG00000030279.16:B1	wild_cluster	9.251607163587617e-44	0.075071474684128	10842	6	>20	0.6443643400857324
ENSMUSG00000030279.16:B2	wild_cluster	2.9055995807088365e-06	0.26080801480997495	9182	3	>20	0.711928205860649
ENSMUSG00000030279.16:B3	wild_cluster	7.446197637069677e-144	0.021343787433300666	9182	3	>20	0.6443643400857324
ENSMUSG00000037784.15:B1	wild_cluster	4.594632575747361e-07	0.3887468030690537	2345	6	11-20	0.7545994212484498
ENSMUSG00000037784.15:B2	wild_cluster	0.0102372929721879	0.3072833599149389	7523	2	11-20	0.7244864969571635
ENSMUSG00000037784.15:B3	wild_cluster	0.0102371032260786	0.3072833599149389	7523	2	11-20	0.7244864969571635
ENSMUSG00000059439.16:B1	wild_cluster	0.3866007304002029	0.6917808219178082	1167	3	6-10	0.8741558671563985
ENSMUSG00000059439.16:B2	wild_cluster	1.2583534100060763e-09	0.4163934426229508	609	6	6-10	0.7614821193160489
ENSMUSG00000059439.16:B3	wild_cluster	9.455823094429237e-14	0.6385542168674698	82	9	6-10	0.8519109077258589
ENSMUSG00000009741.16:B1	wild_cluster	0.1122737528663295	0.5691956742142615	11835	4	>20	0.815001194671121
ENSMUSG00000009741.16:B2	wild_cluster	0.1981357116162241	0.6285907401149037	11835	4	>20	0.8458976257278081
ENSMUSG00000020628.17:B1	wild_cluster	2.2780499120184096e-10	0.3659147869674185	797	4	6-10	0.7452850769350146
ENSMUSG00000020628.17:B2	wild_cluster	1.7770323013343024e-06	0.16395222584147665	2762	2	6-10	0.6614303193836947
ENSMUSG00000023169.16:B1	wild_cluster	2.9077337852692004e-06	0.5588373919874313	6364	10	>20	0.8140754004263798
ENSMUSG00000023169.16:B2	wild_cluster	0.0645122940132681	0.549608647036899	13414	5	>20	0.8121217694098929
ENSMUSG00000027130.16:B1	wild_cluster	5.183589728700128e-23	0.18625850340136055	7349	8	>20	0.6701112877583466
ENSMUSG00000027130.16:B2	wild_cluster	0.0001396843794446	0.32020953024670495	11835	4	>20	0.7266310461423763
ENSMUSG00000029126.8:B1	wild_cluster	1.775030977491816e-10	0.48097560975609754	1024	10	11-20	0.7896623298374663
ENSMUSG00000029126.8:B2	wild_cluster	0.1946202825148751	0.6835222319093287	2293	5	11-20	0.8689757210839039
ENSMUSG00000031626.19:B1	wild_cluster	7.219079079096505e-18	0.6566626650660264	832	20	>20	0.8599928174007733
ENSMUSG00000031626.19:B2	wild_cluster	1.961366151175227e-08	0.4950510604870385	6364	10	>20	0.7918237180562928
ENSMUSG00000035969.16:B1	wild_cluster	1.449540081241676e-67	0.04040601210228382	5122	12	>20	0.6443643400857324
ENSMUSG00000035969.16:B2	wild_cluster	0.0012313129359954	0.48685788066033386	10842	6	>20	0.7897176352473404
ENSMUSG00000040242.15:B1	wild_cluster	6.198680523161401e-66	0.027808326787117046	6364	10	>20	0.6443643400857324
ENSMUSG00000040242.15:B2	wild_cluster	0.48891003187406	0.8086470368989936	13414	5	>20	0.9229949423452336
ENSMUSG00000045659.19:B1	wild_cluster	0.0016848679520765	0.27722772277227725	302	3	1-5	0.7146939742430115
ENSMUSG00000045659.19:B2	wild_cluster	0.7179246741688909	0.8285714285714286	7594	1	11-20	0.9336484067311136
ENSMUSG00000057738.15:B1	wild_cluster	7.660824925592621e-13	0.48799531524497364	5122	12	>20	0.7897176352473404
ENSMUSG00000057738.15:B3	wild_cluster	7.6609533193746e-13	0.48799531524497364	5122	12	>20	0.7897176352473404
ENSMUSG00000095562.9:B1	wild_cluster	3.452047802738584e-70	0.0034602076124567475	288	21	>20	0.6443643400857324
ENSMUSG00000095562.9:B2	wild_cluster	4.871044770441553e-39	0.10291719514404783	5518	7	>20	0.6443643400857324
ENSMUSG00000001995.10:B1	wild_cluster	1.0	1.0	1167	3	6-10	1.0
ENSMUSG00000004415.16:B1	wild_cluster	0.2622475973602206	0.6024336724516258	5012	2	>20	0.8313510716213965
ENSMUSG00000006800.15:B1	wild_cluster	8.265387151373995e-72	0.08708708708708708	1664	14	>20	0.6443643400857324
ENSMUSG00000011832.17:B1	wild_cluster	0.0361682320343238	0.37138295749351424	5010	3	11-20	0.7463073584888515
ENSMUSG00000017132.18:B1	wild_cluster	0.0269985373504982	0.518308631211857	2293	5	11-20	0.8013464944733524
ENSMUSG00000019796.13:B1	wild_cluster	2.4074983307700816e-06	0.25993291092061127	13414	5	>20	0.7109417935409196
ENSMUSG00000020297.11:B1	wild_cluster	2.431242277421756e-37	0.10476190476190476	7349	8	>20	0.6443643400857324
ENSMUSG00000020703.4:B1	wild_cluster	1.0039670327426585e-45	0.07374524370356948	5518	7	>20	0.6443643400857324
ENSMUSG00000021171.9:B1	wild_cluster	7.843014086782075e-35	0.10835239028639879	9182	3	>20	0.6443643400857324
ENSMUSG00000021767.20:B1	wild_cluster	0.0749867675146983	0.6986996218758647	10842	6	>20	0.8762492329020607
ENSMUSG00000022350.8:B1	wild_cluster	1.7127631035200246e-17	0.14878337276106793	11835	4	>20	0.6614303193836947
ENSMUSG00000022779.17:B1	wild_cluster	0.0910063582847613	0.4040488075429839	3605	1	1-5	0.7560842414254448
ENSMUSG00000024036.17:B1	wild_cluster	0.75027136692661	0.8732787866693275	5010	3	11-20	0.9525431899258817
ENSMUSG00000024558.13:B1	wild_cluster	0.21950783615603	0.6979075850043592	2293	5	11-20	0.8762492329020607
ENSMUSG00000025041.18:B1	wild_cluster	3.220893550480313e-21	0.31201248049922	640	9	11-20	0.7250151179197742
ENSMUSG00000025613.14:B1	wild_cluster	0.643414550290304	0.7830151415404871	7594	1	11-20	0.9110859410885171
ENSMUSG00000026223.16:B1	wild_cluster	0.2981976970891823	0.7229221021244875	13414	5	>20	0.8855004034606773
ENSMUSG00000026753.6:B1	wild_cluster	4.457931173257448e-27	0.2180912226906861	2608	1	>20	0.6895486197027599
ENSMUSG00000027254.14:B1	wild_cluster	2.1172780637909048e-48	0.10540698809291431	5122	12	>20	0.6443643400857324
ENSMUSG00000027806.10:B1	wild_cluster	1.3133456655463091e-14	0.34215413184772514	4307	9	>20	0.7340257026294947
ENSMUSG00000028360.11:B1	wild_cluster	3.019054913539262e-26	0.11658591129332836	13414	5	>20	0.6443643400857324
ENSMUSG00000028878.12:B1	wild_cluster	1.10922289062714e-48	0.05812774586008787	11835	4	>20	0.6443643400857324
ENSMUSG00000029283.18:B1	wild_cluster	0.087920820619546	0.3951701427003293	4554	1	6-10	0.7545994212484498
ENSMUSG00000029775.15:B1	wild_cluster	1.1180488764402367e-24	0.084037558685446	4259	4	11-20	0.6443643400857324
ENSMUSG00000030401.17:B1	wild_cluster	1.2869176134007783e-28	0.06619718309859154	4259	4	11-20	0.6443643400857324
ENSMUSG00000031197.12:B1	wild_cluster	0.1845853149093706	0.5444023149072041	5010	3	11-20	0.810767580825247
ENSMUSG00000031785.17:B1	wild_cluster	1.6028495981037978e-05	0.20934825543120475	7594	1	11-20	0.6855172201020898
ENSMUSG00000032232.15:B3	wild_cluster	2.0622097275593323e-10	0.1152439024390244	1639	2	1-5	0.6443643400857324
ENSMUSG00000032582.15:B1	wild_cluster	1.9283802311039072e-06	0.2582798242649544	11835	4	>20	0.7109417935409196
ENSMUSG00000033444.15:B1	wild_cluster	5.765724055883131e-25	0.16775510204081634	7349	8	>20	0.6614303193836947
ENSMUSG00000034254.18:B1	wild_cluster	1.0077192981503137e-08	0.21291079812206573	4259	4	11-20	0.6855172201020898
ENSMUSG00000034987.5:B1	wild_cluster	0.0001125382456334	0.2984863334422302	9182	3	>20	0.7224608851170397
ENSMUSG00000035891.17:B1	wild_cluster	0.00025496139456	0.3259783824077525	13414	5	>20	0.729879884116163
ENSMUSG00000036790.6:B1	wild_cluster	0.8039288644471051	0.8599341383095499	4554	1	6-10	0.945759267573321
ENSMUSG00000037608.17:B1	wild_cluster	1.649902667544101e-09	0.32270338829498096	5518	7	>20	0.7268435240088572
ENSMUSG00000038319.15:B1	wild_cluster	3.721317358503071e-14	0.12639553429027114	7523	2	11-20	0.6443643400857324
ENSMUSG00000039000.9:B1	wild_cluster	1.6418437644972446e-19	0.271505376344086	1487	11	>20	0.7137263202455285
ENSMUSG00000040606.15:B1	wild_cluster	6.727695961848185e-20	0.30829268292682926	1024	10	11-20	0.7244864969571635
ENSMUSG00000041471.10:B1	wild_cluster	6.141651029777273e-07	0.18155236576289208	7523	2	11-20	0.6668646455521224
ENSMUSG00000042532.15:B1	wild_cluster	0.4016422530829351	0.6147091108671789	4554	1	6-10	0.839020085749495
ENSMUSG00000044783.17:B1	wild_cluster	0.4202412612598059	0.6811436844010134	2762	2	6-10	0.8677874766412457
ENSMUSG00000047547.15:B1	wild_cluster	0.0001807937381486	0.3220657276995305	4259	4	11-20	0.7268435240088572
ENSMUSG00000050199.14:B1	wild_cluster	3.8100752752689876e-32	0.13915564413843087	5518	7	>20	0.6585723958383003
ENSMUSG00000052566.9:B1	wild_cluster	0.0363121373335654	0.33680052666227783	7594	1	11-20	0.7337812708493854
ENSMUSG00000054863.10:B1	wild_cluster	1.8599428982185327e-16	0.3522388059701492	6364	10	>20	0.7428075382935229
ENSMUSG00000056900.14:B1	wild_cluster	0.0520387015362531	0.4745725797669607	9182	3	>20	0.7890601845572686
ENSMUSG00000058997.9:B1	wild_cluster	1.534961297995717e-09	0.12233087208142088	5010	3	11-20	0.6443643400857324
ENSMUSG00000061436.16:B1	wild_cluster	8.792945377244548e-09	0.2163737749239608	11835	4	>20	0.6870349698637093
ENSMUSG00000063873.11:B1	wild_cluster	4.634162433059773e-05	0.2722602739726027	1167	3	6-10	0.7137263202455285
ENSMUSG00000068966.11:B1	wild_cluster	0.7754727889986894	0.8942123418934458	2608	1	>20	0.9627374339363678
ENSMUSG00000073982.12:B1	wild_cluster	5.63558524703443e-16	0.16500277315585135	3605	1	1-5	0.6614303193836947
ENSMUSG00000085715.3:B1	wild_cluster	0.2313850487003401	0.8832054560954816	2345	6	11-20	0.9581093730148236
ENSMUSG00000116641.3:B1	wild_cluster	0.0392277270928121	0.5095788296682817	13414	5	>20	0.7996188273754362
ENSMUSG00000024807.19:B1	wild_cluster	1.671205160304013e-08	0.340153452685422	2345	6	11-20	0.7337812708493854
ENSMUSG00000024807.19:B2	wild_cluster	0.4720893660666914	0.7089314194577353	7523	2	11-20	0.8795868316973966
ENSMUSG00000024807.19:B3	wild_cluster	0.0401629890400606	0.36988304093567254	7523	2	11-20	0.7454030264665099
ENSMUSG00000024807.19:B4	wild_cluster	0.1273524846874786	0.4678362573099415	7523	2	11-20	0.7845549469845196
ENSMUSG00000024807.19:B5	wild_cluster	1.9628088777246204e-22	0.09782030834662414	7523	2	11-20	0.6443643400857324
ENSMUSG00000053141.17:B1	wild_cluster	3.008571219145204e-05	0.28781215057771153	13414	5	>20	0.716584179179599
ENSMUSG00000053141.17:B3	wild_cluster	0.0373297707395157	0.5066716362281029	13414	5	>20	0.7995309672305231
ENSMUSG00000053141.17:B4	wild_cluster	0.2026538728592657	0.670145359672009	13414	5	>20	0.8633200488841525
ENSMUSG00000053141.17:B5	wild_cluster	0.0030576247234148	0.7238020424194815	6364	10	>20	0.8855004034606773
ENSMUSG00000020231.16:B1	wild_cluster	0.9294120353056204	0.9538277251442884	9182	3	>20	0.9932148181944508
ENSMUSG00000020231.16:B2	wild_cluster	2.238511494874465e-13	0.191005118153109	9182	3	>20	0.6713650685322653
ENSMUSG00000020231.16:B3	wild_cluster	3.01884133972127e-17	0.1667211151039965	9182	3	>20	0.6614303193836947
ENSMUSG00000025404.16:B1	wild_cluster	2.8246510918679205e-123	0.011196228638774307	1696	18	>20	0.6443643400857324
ENSMUSG00000025404.16:B2	wild_cluster	2.228096236416884e-43	0.10376044568245125	4307	9	>20	0.6443643400857324
ENSMUSG00000025404.16:B3	wild_cluster	8.605127404708773e-125	0.01532033426183844	4307	9	>20	0.6443643400857324
ENSMUSG00000030678.8:B1	wild_cluster	2.8267765896510512e-36	0.1775609756097561	1024	10	11-20	0.6642188120430711
ENSMUSG00000030678.8:B2	wild_cluster	0.0078846057228808	0.4638186573670445	2293	5	11-20	0.7828869440753581
ENSMUSG00000030678.8:B3	wild_cluster	4.5247412176826585e-08	0.1948561464690497	2293	5	11-20	0.6774315196975345
ENSMUSG00000037902.19:B1	wild_cluster	2.5854918232535208e-36	0.17564807541241162	6364	10	>20	0.6642188120430711
ENSMUSG00000037902.19:B2	wild_cluster	0.0280128436466435	0.4872903466269102	13414	5	>20	0.7897176352473404
ENSMUSG00000037902.19:B3	wild_cluster	0.0504901771653683	0.5294073797987328	13414	5	>20	0.8049427053010153
ENSMUSG00000059456.14:B1	wild_cluster	0.0094394795350655	0.5630360601309601	10842	6	>20	0.8140754004263798
ENSMUSG00000059456.14:B2	wild_cluster	0.0281316853464694	0.6292538965231025	10842	6	>20	0.846115538643649
ENSMUSG00000059456.14:B4	wild_cluster	4.843111082940576e-20	0.3349599843841499	5122	12	>20	0.7337812708493854
ENSMUSG00000010064.16:B1	wild_cluster	9.531844116226072e-46	0.09386910595665904	9182	3	>20	0.6443643400857324
ENSMUSG00000010064.16:B2	wild_cluster	0.4864419796165281	0.7336923997606224	5012	2	>20	0.8891319096850625
ENSMUSG00000020644.10:B1	wild_cluster	0.3634123601618254	0.6380914407230197	7523	2	11-20	0.8519109077258589
ENSMUSG00000020644.10:B2	wild_cluster	0.0881145354107328	0.4007899934167215	7594	1	11-20	0.7560842414254448
ENSMUSG00000023175.16:B1	wild_cluster	5.951771359141816e-28	0.3553299492385787	787	12	11-20	0.7428782721323877
ENSMUSG00000023175.16:B2	wild_cluster	0.0005818023241621	0.6010230179028133	2345	6	11-20	0.8308450564505704
ENSMUSG00000027165.17:B2	wild_cluster	0.9999999999999986	0.9953482190324295	7523	2	11-20	1.0
ENSMUSG00000029174.19:B1	wild_cluster	0.0564658624043278	0.39540138224348753	7523	2	11-20	0.7545994212484498
ENSMUSG00000029174.19:B2	wild_cluster	0.0139345598746784	0.3054641211323239	7594	1	11-20	0.7244864969571635
ENSMUSG00000031708.18:B1	wild_cluster	8.156604242643251e-12	0.4429268292682927	1024	10	11-20	0.7767748006946728
ENSMUSG00000031708.18:B2	wild_cluster	0.0081458133441896	0.4241520685799478	13414	5	>20	0.7653115451042912
ENSMUSG00000036052.15:B1	wild_cluster	1.0	1.0	1696	18	>20	1.0
ENSMUSG00000036052.15:B2	wild_cluster	0.0005100653026289	0.463985981739371	10842	6	>20	0.7828869440753581
ENSMUSG00000040270.17:B1	wild_cluster	3.112626818996587e-132	0.0076605774896876845	1696	18	>20	0.6443643400857324
ENSMUSG00000040270.17:B2	wild_cluster	7.538729407625274e-147	0.0018445079774970026	10842	6	>20	0.6443643400857324
ENSMUSG00000045776.4:B2	wild_cluster	0.0771060360493934	0.46147949405902644	2608	1	>20	0.782346680796986
ENSMUSG00000057897.15:B1	wild_cluster	3.7718997051188654e-25	0.45885885885885885	1664	14	>20	0.781405076296486
ENSMUSG00000057897.15:B3	wild_cluster	0.0505650728191475	0.7048378329407501	5518	7	>20	0.8775826355307705
ENSMUSG00000096929.9:B1	wild_cluster	1.3539736679858526e-43	0.13078274448565294	5122	12	>20	0.6480793550900537
ENSMUSG00000096929.9:B2	wild_cluster	0.0030581121471219	0.6284353741496599	7349	8	>20	0.8458976257278081
ENSMUSG00000001998.16:B1	wild_cluster	4.053435948473144e-38	0.041109558970265414	5010	3	11-20	0.6443643400857324
ENSMUSG00000006920.15:B1	wild_cluster	0.0537925956344246	0.7091864468200761	5518	7	>20	0.8795868316973966
ENSMUSG00000011877.14:B1	wild_cluster	4.7598467366220645e-28	0.14965986394557823	7349	8	>20	0.6614303193836947
ENSMUSG00000017210.15:B1	wild_cluster	0.0010832318301554	0.35788296682817744	13414	5	>20	0.7428782721323877
ENSMUSG00000019820.12:B1	wild_cluster	4.417466222377699e-29	0.1551005616959594	5518	7	>20	0.6614303193836947
ENSMUSG00000020300.15:B1	wild_cluster	7.891327759927765e-47	0.06857142857142857	7349	8	>20	0.6443643400857324
ENSMUSG00000020704.14:B1	wild_cluster	0.0627347603138984	0.4019138755980861	7523	2	11-20	0.7560842414254448
ENSMUSG00000021177.17:B1	wild_cluster	1.2999408360060542e-10	0.20984427746923665	9182	3	>20	0.6855172201020898
ENSMUSG00000021770.12:B1	wild_cluster	1.239475864448133e-09	0.21997168681258847	9182	3	>20	0.6918563657736225
ENSMUSG00000022351.15:B1	wild_cluster	0.1106451087757038	0.4204081632653061	7594	1	11-20	0.7625539491661092
ENSMUSG00000022788.17:B1	wild_cluster	4.8085290668712706e-15	0.12200956937799043	7523	2	11-20	0.6443643400857324
ENSMUSG00000024038.18:B1	wild_cluster	0.0131885469882741	0.32049491119537016	5010	3	11-20	0.7266310461423763
ENSMUSG00000024566.11:B1	wild_cluster	5.971040772850901e-05	0.25513664472371833	5012	2	>20	0.7098356155184639
ENSMUSG00000025060.16:B1	wild_cluster	0.0024424775248602	0.5104675827722955	10842	6	>20	0.7996188273754362
ENSMUSG00000025616.15:B1	wild_cluster	1.7165127035910186e-08	0.13669926162442625	5010	3	11-20	0.6556451542405115
ENSMUSG00000026235.15:B1	wild_cluster	0.1974756672769269	0.8448979591836735	7349	8	>20	0.9402361999055501
ENSMUSG00000026754.17:B1	wild_cluster	0.3481009346473714	0.5992100065832785	7594	1	11-20	0.8304710818737424
ENSMUSG00000027255.15:B1	wild_cluster	0.0973478527897721	0.5558465697870902	11835	4	>20	0.8140754004263798
ENSMUSG00000028383.18:B1	wild_cluster	0.0147038969924436	0.3040614709110867	4554	1	6-10	0.7243056231777799
ENSMUSG00000028886.16:B1	wild_cluster	0.0023458942119249	0.37808423406634367	13414	5	>20	0.7511518176361769
ENSMUSG00000029312.13:B1	wild_cluster	0.8480611774364947	0.9102333931777379	5012	2	>20	0.9720682315520238
ENSMUSG00000029780.15:B1	wild_cluster	0.0015709668237491	0.3681142277796553	11835	4	>20	0.7452850769350146
ENSMUSG00000030410.17:B1	wild_cluster	0.0292631004828498	0.34455302207745203	2762	2	6-10	0.7357953954926622
ENSMUSG00000031214.14:B1	wild_cluster	0.1261283121568888	0.6338028169014085	4259	4	11-20	0.8480885311871228
ENSMUSG00000031799.11:B1	wild_cluster	5.893218949022887e-14	0.16136114160263446	4554	1	6-10	0.6614303193836947
ENSMUSG00000032238.18:B1	wild_cluster	0.2742186085138811	0.8172092594300471	10842	6	>20	0.927353061685384
ENSMUSG00000032598.9:B1	wild_cluster	0.0047938854834195	0.3599080107320813	2608	1	>20	0.7428782721323877
ENSMUSG00000033499.15:B1	wild_cluster	0.039355049096466	0.509877003354454	13414	5	>20	0.7996188273754362
ENSMUSG00000034269.13:B1	wild_cluster	6.754219010065923e-45	0.12414600819832129	5122	12	>20	0.6443643400857324
ENSMUSG00000035901.15:B1	wild_cluster	2.1593436434842824e-96	0.012883076322467305	5122	12	>20	0.6443643400857324
ENSMUSG00000036792.13:B1	wild_cluster	0.0003227294013551	0.45264225767776445	10842	6	>20	0.7788287755527091
ENSMUSG00000037622.15:B1	wild_cluster	0.4534846099988865	0.6463227222832053	4554	1	6-10	0.8561895981180788
ENSMUSG00000038324.14:B1	wild_cluster	0.0045473358549159	0.28083466241360977	7523	2	11-20	0.716584179179599
ENSMUSG00000039033.12:B1	wild_cluster	2.213374369136671e-52	0.05414965986394558	7349	8	>20	0.6443643400857324
ENSMUSG00000039782.16:B2	wild_cluster	1.0	1.0	10842	6	>20	1.0
ENSMUSG00000040640.12:B1	wild_cluster	8.62033782973432e-19	0.6093105480259281	1696	18	>20	0.8357108675791863
ENSMUSG00000041483.15:B1	wild_cluster	4.652400706872978e-36	0.13943383805134957	7594	1	11-20	0.6587664467611986
ENSMUSG00000042548.15:B1	wild_cluster	7.633775973051901e-13	0.37720519962859794	4307	9	>20	0.7511518176361769
ENSMUSG00000044835.16:B1	wild_cluster	9.194965706378712e-38	0.074602906387293	11835	4	>20	0.6443643400857324
ENSMUSG00000047731.18:B1	wild_cluster	1.37886665281405e-08	0.386530612244898	7349	8	>20	0.7545994212484498
ENSMUSG00000050240.17:B1	wild_cluster	3.603056761845364e-07	0.2470870086028531	9182	3	>20	0.7065304605727045
ENSMUSG00000052609.10:B1	wild_cluster	3.0528055328611326e-11	0.1729967069154775	4554	1	6-10	0.6642188120430711
ENSMUSG00000054874.13:B1	wild_cluster	0.0009471495446226	0.3562014193984454	11835	4	>20	0.7428782721323877
ENSMUSG00000057060.9:B1	wild_cluster	0.0397170674551657	0.3690855927698033	7523	2	11-20	0.7454030264665099
ENSMUSG00000059003.13:B1	wild_cluster	0.6058881743461232	0.9104491376925206	10842	6	>20	0.9720682315520238
ENSMUSG00000061451.14:B1	wild_cluster	9.386331955850636e-23	0.148298441390759	10842	6	>20	0.6614303193836947
ENSMUSG00000063887.14:B2	wild_cluster	0.0813172327628495	0.42424242424242425	7523	2	11-20	0.7653115451042912
ENSMUSG00000069072.10:B1	wild_cluster	3.720902489866142e-40	0.09585069759014314	5518	7	>20	0.6443643400857324
ENSMUSG00000074259.11:B1	wild_cluster	7.135197678026394e-125	0.15944806439248754	2608	1	>20	0.6614303193836947
ENSMUSG00000085767.2:B1	wild_cluster	0.2621145860426781	0.6643291652585332	11835	4	>20	0.8633200488841525
ENSMUSG00000097156.9:B1	wild_cluster	1.1018715572032001e-69	0.36764705882352944	67	35	>20	0.7452850769350146
ENSMUSG00000116858.2:B1	wild_cluster	0.2440988763629115	0.9178318931657502	6364	10	>20	0.9758675767916298
ENSMUSG00000028613.16:B1	wild_cluster	1.668524051514895e-06	0.8058375634517766	787	12	11-20	0.9211913768825801
ENSMUSG00000028613.16:B2	wild_cluster	2.814803148263055e-18	0.506312292358804	1504	16	>20	0.7995309672305231
ENSMUSG00000028613.16:B3	wild_cluster	1.0	1.0	11835	4	>20	1.0
ENSMUSG00000028613.16:B4	wild_cluster	0.0139082183565987	0.44119635011828323	11835	4	>20	0.7767748006946728
ENSMUSG00000028613.16:B5	wild_cluster	1.0	1.0	159	16	11-20	1.0
ENSMUSG00000055320.19:B3	wild_cluster	1.9901214318395127e-47	0.02689961175818081	3605	1	1-5	0.6443643400857324
ENSMUSG00000020366.19:B1	wild_cluster	2.877179712270505e-13	0.394815396700707	6364	10	>20	0.7545994212484498
ENSMUSG00000020366.19:B2	wild_cluster	1.1945436998897446e-06	0.25247856876630637	13414	5	>20	0.7090359082906939
ENSMUSG00000020366.19:B3	wild_cluster	1.0540732915872155e-15	0.15758479314200521	13414	5	>20	0.6614303193836947
ENSMUSG00000030761.17:B1	wild_cluster	0.0941254505739505	0.44390243902439025	1639	2	1-5	0.7767748006946728
ENSMUSG00000030761.17:B2	wild_cluster	0.5717273685199473	0.7656683305601775	3605	1	1-5	0.9012334418116413
ENSMUSG00000030761.17:B3	wild_cluster	8.849519514630988e-16	0.17054908485856904	3605	1	1-5	0.6630031981498798
ENSMUSG00000038517.16:B1	wild_cluster	1.0	1.0	1216	8	11-20	1.0
ENSMUSG00000038517.16:B2	wild_cluster	1.0	1.0	4259	4	11-20	1.0
ENSMUSG00000038517.16:B3	wild_cluster	4.892901913941966e-25	0.4035532994923858	787	12	11-20	0.7560842414254448
ENSMUSG00000060216.16:B1	wild_cluster	6.460749246742311e-19	0.36505460218408736	640	9	11-20	0.7452850769350146
ENSMUSG00000060216.16:B2	wild_cluster	0.0819406050253961	0.44083017361804033	5010	3	11-20	0.7767748006946728
ENSMUSG00000060216.16:B3	wild_cluster	0.0193264595800675	0.33805627619237677	5010	3	11-20	0.7337812708493854
ENSMUSG00000012609.20:B1	wild_cluster	3.79883957313217e-17	0.40249609984399376	640	9	11-20	0.7560842414254448
ENSMUSG00000012609.20:B2	wild_cluster	0.4675307248465802	0.7234085012971463	5010	3	11-20	0.8855004034606773
ENSMUSG00000020654.16:B1	wild_cluster	0.1093872931237625	0.7282117495158167	10842	6	>20	0.8882365778141921
ENSMUSG00000020654.16:B2	wild_cluster	0.9443216226326148	0.960797125122509	9182	3	>20	0.9971017550800612
ENSMUSG00000023235.15:B1	wild_cluster	0.0013298767733457	0.3376892083197212	9182	3	>20	0.7337812708493854
ENSMUSG00000023235.15:B2	wild_cluster	0.000803752837479	0.6150895140664961	2345	6	11-20	0.8390298711295409
ENSMUSG00000027177.15:B1	wild_cluster	2.3358182726378616e-23	0.11722080136402387	2345	6	11-20	0.6443643400857324
ENSMUSG00000027177.15:B2	wild_cluster	0.086998277518768	0.4448213929355418	5010	3	11-20	0.7767748006946728
ENSMUSG00000029203.17:B2	wild_cluster	6.776361889669079e-17	0.18260628977220328	10842	6	>20	0.6668646455521224
ENSMUSG00000031728.11:B1	wild_cluster	5.490293547450306e-32	0.12816326530612246	7349	8	>20	0.6443643400857324
ENSMUSG00000031728.11:B2	wild_cluster	4.419372233562794e-42	0.06733693815478202	11835	4	>20	0.6443643400857324
ENSMUSG00000036112.16:B1	wild_cluster	1.2633770503592586e-13	0.2813605442176871	7349	8	>20	0.716584179179599
ENSMUSG00000036112.16:B2	wild_cluster	6.584759714355972e-05	0.3066914498141264	11835	4	>20	0.7244864969571635
ENSMUSG00000040276.16:B1	wild_cluster	1.859521901010101e-59	0.46303501945525294	256	30	>20	0.7828869440753581
ENSMUSG00000040276.16:B2	wild_cluster	0.1073336392734417	0.8717989002356638	6364	10	>20	0.9517384443563995
ENSMUSG00000045983.17:B1	wild_cluster	9.822709254217297e-50	0.2028811524609844	832	20	>20	0.6850553462968648
ENSMUSG00000045983.17:B5	wild_cluster	5.009254412435542e-16	0.35805184603299295	6364	10	>20	0.7428782721323877
ENSMUSG00000058153.16:B1	wild_cluster	8.83289261480905e-63	0.12818590704647675	1333	24	>20	0.6443643400857324
ENSMUSG00000058153.16:B2	wild_cluster	1.0	1.0	32	32	1-5	1.0
ENSMUSG00000097167.3:B1	wild_cluster	0.07488921685127	0.5372592091922946	11835	4	>20	0.8083565472396936
ENSMUSG00000097167.3:B2	wild_cluster	0.3444834811898245	0.6546977857570317	5012	2	>20	0.8596602041698637
ENSMUSG00000002006.13:B1	wild_cluster	0.1074114243187853	0.8020408163265306	7349	8	>20	0.9201264379188776
ENSMUSG00000004552.17:B1	wild_cluster	0.6633011448726357	0.8453024670496789	11835	4	>20	0.9402361999055501
ENSMUSG00000006930.16:B1	wild_cluster	9.414033083441766e-11	0.2580466660518307	10842	6	>20	0.7109417935409196
ENSMUSG00000012422.15:B1	wild_cluster	0.2478532730824232	0.5188940092165899	7594	1	11-20	0.8019757529865206
ENSMUSG00000017264.17:B1	wild_cluster	1.7228462656072917e-07	0.33450152171908143	10842	6	>20	0.7337812708493854
ENSMUSG00000019831.15:B1	wild_cluster	0.0174189719842928	0.37841611809295833	5012	2	>20	0.7511518176361769
ENSMUSG00000020315.19:B1	wild_cluster	7.446998026779728e-23	0.7001499250374813	1333	24	>20	0.8765844221097139
ENSMUSG00000020716.17:B1	wild_cluster	1.4317738465073084e-19	0.16563681637923083	10842	6	>20	0.6614303193836947
ENSMUSG00000021180.10:B1	wild_cluster	2.5235832539038328e-05	0.28505404398061873	13414	5	>20	0.716584179179599
ENSMUSG00000021779.20:B1	wild_cluster	7.750272352916858e-06	0.23798124875324156	5012	2	>20	0.7005014853601429
ENSMUSG00000022378.15:B1	wild_cluster	0.7848357807845594	0.8646398841838582	2762	2	6-10	0.9485335534945214
ENSMUSG00000022790.15:B1	wild_cluster	0.6773371998489188	0.833904109589041	1167	3	6-10	0.934737690529127
ENSMUSG00000024052.18:B1	wild_cluster	0.4028177892568159	0.8597251683113529	10842	6	>20	0.945759267573321
ENSMUSG00000024576.15:B1	wild_cluster	1.6348478407410598e-07	0.873305833824396	1696	18	>20	0.9525431899258817
ENSMUSG00000025085.17:B1	wild_cluster	2.1691623337444837e-96	0.06432748538011696	170	32	>20	0.6443643400857324
ENSMUSG00000025626.17:B1	wild_cluster	0.1420900330724073	0.44647794601711654	7594	1	11-20	0.7767748006946728
ENSMUSG00000026238.15:B1	wild_cluster	4.903789405175149e-06	0.5685781618224666	6364	10	>20	0.815001194671121
ENSMUSG00000026761.13:B1	wild_cluster	3.240691056683943e-98	0.02924791086350975	4307	9	>20	0.6443643400857324
ENSMUSG00000027273.14:B1	wild_cluster	0.0080020396611792	0.8819051337107163	5122	12	>20	0.9579591612532055
ENSMUSG00000027828.13:B1	wild_cluster	2.074587271398781e-117	0.023710208562019757	4554	1	6-10	0.6443643400857324
ENSMUSG00000028397.14:B1	wild_cluster	1.623186302959263e-48	0.07799442896935933	4307	9	>20	0.6443643400857324
ENSMUSG00000028890.14:B1	wild_cluster	1.0	1.0	9182	3	>20	1.0
ENSMUSG00000029313.19:B1	wild_cluster	2.4508159389020008e-37	0.16842105263157894	6364	10	>20	0.6614303193836947
ENSMUSG00000029787.11:B1	wild_cluster	0.3282585078471432	0.5873601053324555	7594	1	11-20	0.8239934327332431
ENSMUSG00000030428.17:B1	wild_cluster	5.855909555119003e-05	0.4175966061053214	10842	6	>20	0.7614821193160489
ENSMUSG00000031226.14:B1	wild_cluster	6.51294331575862e-14	0.1701588374450828	11835	4	>20	0.6630031981498798
ENSMUSG00000031808.8:B1	wild_cluster	1.3445286459310202e-39	0.0708854342683339	11835	4	>20	0.6443643400857324
ENSMUSG00000032249.15:B1	wild_cluster	0.2345241022658793	0.6490368367691788	11835	4	>20	0.8574991531337726
ENSMUSG00000032601.14:B1	wild_cluster	0.0011966078442959	0.24166832967471563	5010	3	11-20	0.7005421084574607
ENSMUSG00000033544.7:B1	wild_cluster	0.0002047759135789	0.23963133640552994	7594	1	11-20	0.7005197968362168
ENSMUSG00000034271.17:B1	wild_cluster	3.1110736915321417e-54	0.058655353684404686	10842	6	>20	0.6443643400857324
ENSMUSG00000035021.14:B1	wild_cluster	0.2882390704950707	0.5470911086717892	4554	1	6-10	0.8115868573252687
ENSMUSG00000035954.11:B1	wild_cluster	0.0001698196409172	0.4781663344808842	5518	7	>20	0.7890601845572686
ENSMUSG00000036817.15:B1	wild_cluster	4.370625862376633e-19	0.28667595171773447	4307	9	>20	0.716584179179599
ENSMUSG00000037692.15:B1	wild_cluster	1.2185246258923968e-06	0.2527021990309355	13414	5	>20	0.7090359082906939
ENSMUSG00000038342.16:B1	wild_cluster	1.6827919535618326e-29	0.11620400258231117	10842	6	>20	0.6443643400857324
ENSMUSG00000039047.18:B1	wild_cluster	0.0114149427284016	0.43249408583981075	11835	4	>20	0.7716243690221385
ENSMUSG00000039838.12:B1	wild_cluster	7.065624018174977e-120	0.036044865512359796	9182	3	>20	0.6443643400857324
ENSMUSG00000040675.18:B1	wild_cluster	9.183667433926316e-08	0.32693903901134375	10842	6	>20	0.7305755066575554
ENSMUSG00000041530.18:B1	wild_cluster	8.312565975436178e-11	0.257216637461957	10842	6	>20	0.7109417935409196
ENSMUSG00000042572.13:B1	wild_cluster	0.3610545727922084	0.5980241492864984	4554	1	6-10	0.8302326782751555
ENSMUSG00000044864.17:B1	wild_cluster	0.8693544655167464	0.9102424900470503	2762	2	6-10	0.9720682315520238
ENSMUSG00000047766.16:B1	wild_cluster	1.2037054532534995e-29	0.07575757575757576	7523	2	11-20	0.6443643400857324
ENSMUSG00000050390.13:B1	wild_cluster	0.0293556735512741	0.400558547775783	5012	2	>20	0.7560842414254448
ENSMUSG00000052632.17:B1	wild_cluster	0.3357826506360193	0.6489128266507082	5012	2	>20	0.8574991531337726
ENSMUSG00000054920.13:B1	wild_cluster	9.848051384110001e-28	0.17794486215538846	797	4	6-10	0.6642188120430711
ENSMUSG00000057110.16:B1	wild_cluster	2.4902812017708608e-56	0.007614213197969543	787	12	11-20	0.6443643400857324
ENSMUSG00000059119.10:B1	wild_cluster	0.075842664431221	0.5647409616101379	13414	5	>20	0.8147515949667276
ENSMUSG00000061559.16:B1	wild_cluster	1.0477357168242182e-51	0.0575192096597146	4554	1	6-10	0.6443643400857324
ENSMUSG00000064043.16:B1	wild_cluster	9.428090540958208e-07	0.3570045190445449	10842	6	>20	0.7428782721323877
ENSMUSG00000069135.12:B1	wild_cluster	0.3708927044742707	0.6173798551678736	7594	1	11-20	0.8407273496212588
ENSMUSG00000074305.10:B1	wild_cluster	0.0006382455436839	0.3502347417840376	4259	4	11-20	0.7413293214984203
ENSMUSG00000097265.3:B1	wild_cluster	0.1620033083837732	0.467412771560237	7594	1	11-20	0.7845549469845196
ENSMUSG00000116894.2:B1	wild_cluster	0.0263870371520262	0.4830413715989564	13414	5	>20	0.7897176352473404
ENSMUSG00000029478.17:B1	wild_cluster	3.72444580437592e-63	0.42487046632124353	192	33	>20	0.7653115451042912
ENSMUSG00000029478.17:B2	wild_cluster	1.0366043003378732e-24	0.22849462365591397	1487	11	>20	0.6983043657362142
ENSMUSG00000029478.17:B3	wild_cluster	3.392851070851353e-27	0.2163978494623656	1487	11	>20	0.6870349698637093
ENSMUSG00000029478.17:B4	wild_cluster	0.0176613039555098	0.883736559139785	1487	11	>20	0.9581093730148236
ENSMUSG00000029478.17:B6	wild_cluster	4.010708048999845e-36	0.5192743764172335	440	22	>20	0.8020968951746564
ENSMUSG00000058318.16:B1	wild_cluster	7.759585670530531e-40	0.1439120188531029	6364	10	>20	0.6614288040064168
ENSMUSG00000058318.16:B2	wild_cluster	4.989633538433353e-11	0.43723487824037705	6364	10	>20	0.7742449832881982
ENSMUSG00000058318.16:B3	wild_cluster	0.0053294535623377	0.40529258292955644	13414	5	>20	0.7560842414254448
ENSMUSG00000058318.16:B5	wild_cluster	0.0003409826200237	0.33216548639582555	13414	5	>20	0.733144833989019
ENSMUSG00000020594.15:B1	wild_cluster	7.942761073116176e-30	0.33641618497109826	864	15	>20	0.7337812708493854
ENSMUSG00000020594.15:B2	wild_cluster	0.0678586099541817	0.5545285128587402	13414	5	>20	0.8140754004263798
ENSMUSG00000020594.15:B4	wild_cluster	1.1032970291014765e-33	0.09258292955646664	13414	5	>20	0.6443643400857324
ENSMUSG00000025576.18:B1	wild_cluster	5.965076389443852e-21	0.4990990990990991	1664	14	>20	0.7937531741859992
ENSMUSG00000025576.18:B3	wild_cluster	0.0001195575031291	0.47291175937669866	5518	7	>20	0.7890601845572686
ENSMUSG00000025576.18:B4	wild_cluster	0.0002680742577983	0.4877695234643957	5518	7	>20	0.7897176352473404
ENSMUSG00000030811.15:B2	wild_cluster	0.0050517060494515	0.4204225352112676	4259	4	11-20	0.7625539491661092
ENSMUSG00000030811.15:B3	wild_cluster	0.0164448066825984	0.8184059161873459	1216	8	11-20	0.9277743316132898
ENSMUSG00000039137.19:B1	wild_cluster	4.947867124532614e-17	0.060441549040897574	2762	2	6-10	0.6443643400857324
ENSMUSG00000060227.16:B1	wild_cluster	0.9747064740493616	0.9748043235184495	13414	5	>20	1.0
ENSMUSG00000060227.16:B3	wild_cluster	2.4015874130967344e-32	0.09638464405516213	13414	5	>20	0.6443643400857324
ENSMUSG00000060227.16:B4	wild_cluster	4.530277505625042e-27	0.24917517674783976	6364	10	>20	0.7068085770714748
ENSMUSG00000013033.17:B1	wild_cluster	4.8971171108311145e-61	0.17233560090702948	440	22	>20	0.6642188120430711
ENSMUSG00000013033.17:B2	wild_cluster	1.538924676908971e-09	0.4952956989247312	1487	11	>20	0.7919094816378348
ENSMUSG00000020694.18:B1	wild_cluster	0.0699956120071613	0.41015417331206805	7523	2	11-20	0.7575435030523171
ENSMUSG00000020694.18:B2	wild_cluster	8.835257280601009e-09	0.18288347597103358	7594	1	11-20	0.6668646455521224
ENSMUSG00000023467.19:B3	wild_cluster	0.2559912626633218	0.5753162131084707	2608	1	>20	0.818023200800497
ENSMUSG00000027180.13:B1	wild_cluster	5.340249586827037e-23	0.18639455782312925	7349	8	>20	0.6701112877583466
ENSMUSG00000027180.13:B2	wild_cluster	1.80685301275808e-98	0.02238932071645826	11835	4	>20	0.6443643400857324
ENSMUSG00000029245.17:B1	wild_cluster	0.0014658288260082	0.5368726218517847	5518	7	>20	0.8083565472396936
ENSMUSG00000029245.17:B2	wild_cluster	5.186815476046468e-28	0.4222222222222222	1664	14	>20	0.7642154231526213
ENSMUSG00000031760.10:B1	wild_cluster	0.6133966206153063	0.7871878393051032	2762	2	6-10	0.9127416834955545
ENSMUSG00000031760.10:B2	wild_cluster	7.378733446419006e-09	0.41729323308270677	797	4	6-10	0.7614821193160489
ENSMUSG00000036192.16:B2	wild_cluster	0.037783336140388	0.41791342509475365	5012	2	>20	0.7614821193160489
ENSMUSG00000046449.16:B1	wild_cluster	9.414392369042797e-23	0.148298441390759	10842	6	>20	0.6614303193836947
ENSMUSG00000046449.16:B2	wild_cluster	0.474508135455135	0.7475770445388218	9182	3	>20	0.8945133440386093
ENSMUSG00000058966.14:B1	wild_cluster	9.673222710080035e-17	0.3124419684308264	4307	9	>20	0.7252137790733069
ENSMUSG00000058966.14:B2	wild_cluster	1.7160717776153744e-14	0.20778382366503736	10842	6	>20	0.685396970798245
ENSMUSG00000097391.9:B1	wild_cluster	2.7130530667133898e-43	0.1760797342192691	1504	16	>20	0.6642188120430711
ENSMUSG00000097391.9:B2	wild_cluster	4.7283341927969255e-11	0.5447979699394886	5122	12	>20	0.810767580825247
ENSMUSG00000002032.18:B1	wild_cluster	0.6302989820065209	0.7778801843317973	7594	1	11-20	0.9093153926407422
ENSMUSG00000004558.16:B1	wild_cluster	0.1897566988900745	0.5523638539796529	5012	2	>20	0.8137050745388333
ENSMUSG00000006932.18:B1	wild_cluster	0.219611433843089	0.6934272300469484	4259	4	11-20	0.8750066871431602
ENSMUSG00000013076.18:B1	wild_cluster	1.9164444700599906e-95	0.032534246575342464	1167	3	6-10	0.6443643400857324
ENSMUSG00000017288.16:B1	wild_cluster	0.7406404792752092	0.8623072833599149	7523	2	11-20	0.947442215539144
ENSMUSG00000019841.16:B1	wild_cluster	3.4382065736699196e-47	0.06760121737526514	10842	6	>20	0.6443643400857324
ENSMUSG00000020321.17:B1	wild_cluster	7.116894067148484e-08	0.22907193440178905	13414	5	>20	0.6983043657362142
ENSMUSG00000020721.17:B1	wild_cluster	2.7743916017118408e-05	0.28632128214685054	13414	5	>20	0.716584179179599
ENSMUSG00000021182.17:B1	wild_cluster	0.1067022963955482	0.5642953700574519	11835	4	>20	0.8147308875331739
ENSMUSG00000021792.16:B1	wild_cluster	0.0430357251305894	0.3770600744284955	7523	2	11-20	0.7511518176361769
ENSMUSG00000022387.18:B1	wild_cluster	1.0	1.0	11835	4	>20	1.0
ENSMUSG00000022797.17:B1	wild_cluster	0.0004031319828313	0.274885298224616	5012	2	>20	0.7143986285913825
ENSMUSG00000024055.16:B1	wild_cluster	0.6377190624786427	0.7579268292682927	1639	2	1-5	0.8995879156257244
ENSMUSG00000024581.14:B1	wild_cluster	0.3357133209169339	0.7013349104427171	11835	4	>20	0.8765844221097139
ENSMUSG00000025092.8:B1	wild_cluster	0.0954508455710893	0.5876257920238539	13414	5	>20	0.8239934327332431
ENSMUSG00000025648.19:B1	wild_cluster	1.8421427586495103e-11	0.17773788150807898	5012	2	>20	0.6642188120430711
ENSMUSG00000026239.15:B1	wild_cluster	0.0004671005906443	0.3396943719716735	13414	5	>20	0.7337812708493854
ENSMUSG00000026782.16:B1	wild_cluster	0.1977764238380049	0.6664927320163996	13414	5	>20	0.8633200488841525
ENSMUSG00000027287.15:B1	wild_cluster	0.0143552243746882	0.4425481581615411	11835	4	>20	0.7767748006946728
ENSMUSG00000027849.20:B1	wild_cluster	4.33374573440178e-18	0.28348397699260475	1216	8	11-20	0.716584179179599
ENSMUSG00000028402.19:B1	wild_cluster	3.818192094476499e-98	0.022727272727272728	11835	4	>20	0.6443643400857324
ENSMUSG00000028898.16:B1	wild_cluster	0.4487311518252543	0.6654377880184332	7594	1	11-20	0.8633200488841525
ENSMUSG00000029344.16:B1	wild_cluster	0.0916717318840686	0.4875431199693369	2608	1	>20	0.7897176352473404
ENSMUSG00000029802.14:B1	wild_cluster	0.9261016822994104	0.9378048780487804	1639	2	1-5	0.9867063367983085
ENSMUSG00000030447.16:B1	wild_cluster	0.0006722767186839	0.23308720814208742	5010	3	11-20	0.6983043657362142
ENSMUSG00000031229.17:B1	wild_cluster	1.845647449663093e-26	0.2576615264493461	5122	12	>20	0.7109417935409196
ENSMUSG00000031812.17:B1	wild_cluster	1.2349292887188332e-25	0.09016393442622951	609	6	6-10	0.6443643400857324
ENSMUSG00000032252.15:B1	wild_cluster	1.2686097103558985e-42	0.09659152782315147	9182	3	>20	0.6443643400857324
ENSMUSG00000032612.15:B1	wild_cluster	0.0744642208826451	0.45994633959371406	2608	1	>20	0.7818218309313187
ENSMUSG00000033577.19:B1	wild_cluster	0.051008878092904	0.5307491613865076	13414	5	>20	0.805760295343247
ENSMUSG00000034274.12:B1	wild_cluster	0.9155494991922688	0.9480561907873244	9182	3	>20	0.9914577530176416
ENSMUSG00000035024.17:B2	wild_cluster	0.001957291653054	0.37346254193067463	13414	5	>20	0.7485900974232337
ENSMUSG00000035967.16:B1	wild_cluster	0.0420706178118323	0.656644839988933	10842	6	>20	0.8599928174007733
ENSMUSG00000036825.13:B1	wild_cluster	0.5515940993710123	0.755700325732899	2762	2	6-10	0.8988880215109725
ENSMUSG00000037697.20:B1	wild_cluster	0.0105432480317821	0.2971691902567479	7594	1	11-20	0.721321614313598
ENSMUSG00000039057.12:B1	wild_cluster	0.065373493372031	0.5272051368705644	11835	4	>20	0.803768835323858
ENSMUSG00000039842.16:B1	wild_cluster	2.524303198374389e-45	0.06127469250838614	13414	5	>20	0.6443643400857324
ENSMUSG00000040681.17:B1	wild_cluster	1.784143126878683e-192	0.006911217437533227	7523	2	11-20	0.6443643400857324
ENSMUSG00000041570.15:B1	wild_cluster	0.0001205167416439	0.31166604547148713	13414	5	>20	0.7249995021759988
ENSMUSG00000042589.19:B1	wild_cluster	1.6651254086166545e-21	0.31387858676556707	5122	12	>20	0.7256827346703725
ENSMUSG00000044991.11:B1	wild_cluster	0.585156181976709	0.8126900980060832	11835	4	>20	0.9248599134419474
ENSMUSG00000047804.16:B1	wild_cluster	0.1714344349799432	0.4738643844634628	7594	1	11-20	0.7890601845572686
ENSMUSG00000050447.16:B1	wild_cluster	1.7430381524371283e-11	0.1755868544600939	4259	4	11-20	0.6642188120430711
ENSMUSG00000052676.17:B1	wild_cluster	9.777353494819976e-118	0.004547148714125978	13414	5	>20	0.6443643400857324
ENSMUSG00000054942.14:B1	wild_cluster	3.543505236817632e-07	0.5267871170463472	6364	10	>20	0.8035482411986985
ENSMUSG00000057147.14:B1	wild_cluster	3.163054912692289e-06	0.26113470543395406	9182	3	>20	0.711928205860649
ENSMUSG00000059146.13:B1	wild_cluster	6.83180230211456e-05	0.8234234234234235	1664	14	>20	0.9312322634769754
ENSMUSG00000061576.16:B1	wild_cluster	1.0	1.0	1333	24	>20	1.0
ENSMUSG00000064061.14:B1	wild_cluster	0.925581471297281	0.9515408907764347	9182	3	>20	0.9930001647433454
ENSMUSG00000074505.7:B1	wild_cluster	3.1436050885097283e-44	0.07718789635803587	5518	7	>20	0.6443643400857324
ENSMUSG00000085782.3:B1	wild_cluster	0.000681386756925	0.23416576185305826	2762	2	6-10	0.6983043657362142
ENSMUSG00000097290.10:B1	wild_cluster	4.169179941331268e-15	0.45085803432137284	640	9	11-20	0.7778425642014168
ENSMUSG00000118362.2:B1	wild_cluster	0.000250668503193	0.3088315365349015	9182	3	>20	0.7244864969571635
ENSMUSG00000033565.19:B2	wild_cluster	1.1655381344482352e-46	0.06938775510204082	7349	8	>20	0.6443643400857324
ENSMUSG00000033565.19:B3	wild_cluster	0.0138962382571022	0.6892517006802721	7349	8	>20	0.8726786974790836
ENSMUSG00000033565.19:B4	wild_cluster	5.477784078060402e-06	0.906312292358804	1504	16	>20	0.9701102834240112
ENSMUSG00000058388.15:B1	wild_cluster	2.5705413038386405e-14	0.3767478397486253	6364	10	>20	0.7511518176361769
ENSMUSG00000058388.15:B2	wild_cluster	1.4586963281032038e-96	0.020573984345881476	13414	5	>20	0.6443643400857324
ENSMUSG00000058388.15:B3	wild_cluster	4.313172086763942e-84	0.0286992172940738	13414	5	>20	0.6443643400857324
ENSMUSG00000058388.15:B4	wild_cluster	2.591001758253696e-56	0.05039135296310101	13414	5	>20	0.6443643400857324
ENSMUSG00000020684.15:B1	wild_cluster	1.2543928044651603e-16	0.3668292682926829	1024	10	11-20	0.7452850769350146
ENSMUSG00000020684.15:B2	wild_cluster	0.4255970048433897	0.7898866608544028	2293	5	11-20	0.9145841944891566
ENSMUSG00000020684.15:B3	wild_cluster	6.404357066401146e-14	0.5406698564593302	417	15	11-20	0.8097622475650258
ENSMUSG00000025812.19:B1	wild_cluster	1.0	1.0	32	15	1-5	1.0
ENSMUSG00000025812.19:B2	wild_cluster	0.2759378676462553	0.6098583117142287	5010	3	11-20	0.8358834720136398
ENSMUSG00000030826.20:B2	wild_cluster	0.4112971366919206	0.641211323238973	7594	1	11-20	0.8537001202613115
ENSMUSG00000030826.20:B3	wild_cluster	0.2947989398307598	0.5531270572745227	7594	1	11-20	0.8140754004263798
ENSMUSG00000039361.12:B1	wild_cluster	8.218851589264158e-19	0.26705012325390304	1216	8	11-20	0.7120777874931182
ENSMUSG00000039361.12:B2	wild_cluster	3.320317972175764e-20	0.1096244131455399	4259	4	11-20	0.6443643400857324
ENSMUSG00000039361.12:B3	wild_cluster	1.3334620971025509e-85	0.0107981220657277	4259	4	11-20	0.6443643400857324
ENSMUSG00000060373.16:B1	wild_cluster	0.6308918114018494	0.7947882736156352	2762	2	6-10	0.9162482251733066
ENSMUSG00000060373.16:B2	wild_cluster	0.6303422608027348	0.7937024972855592	2762	2	6-10	0.9161722785123567
ENSMUSG00000060373.16:B5	wild_cluster	4.863069442874795e-13	0.32456140350877194	797	4	6-10	0.7281011521689738
ENSMUSG00000013662.7:B2	wild_cluster	0.5015562182482655	0.7424695790943546	5012	2	>20	0.8925516651358872
ENSMUSG00000020747.19:B1	wild_cluster	5.430715465904768e-56	0.05278868813825609	6364	10	>20	0.6443643400857324
ENSMUSG00000020747.19:B2	wild_cluster	4.682358387095704e-12	0.18233320909429743	13414	5	>20	0.6668646455521224
ENSMUSG00000023927.16:B1	wild_cluster	2.669291287918786e-29	0.33883248730964466	787	12	11-20	0.7337812708493854
ENSMUSG00000023927.16:B2	wild_cluster	0.4427187173837787	0.7341827289556789	9182	3	>20	0.8891319096850625
ENSMUSG00000027210.21:B1	wild_cluster	0.3372477542968786	0.7406634364517332	13414	5	>20	0.8915949955812077
ENSMUSG00000027210.21:B2	wild_cluster	0.3001648686784901	0.723667536339918	13414	5	>20	0.8855004034606773
ENSMUSG00000029291.12:B1	wild_cluster	5.5966991700147314e-05	0.6168106834249804	6364	10	>20	0.8403578280844581
ENSMUSG00000029291.12:B2	wild_cluster	3.68608684996444e-06	0.7791907514450868	864	15	>20	0.9093153926407422
ENSMUSG00000031778.14:B1	wild_cluster	1.2988466011675366e-42	0.07877551020408163	7349	8	>20	0.6443643400857324
ENSMUSG00000031778.14:B2	wild_cluster	1.7370903865808589e-37	0.21395348837209302	1504	16	>20	0.6855172201020898
ENSMUSG00000036257.16:B2	wild_cluster	0.0096951256013037	0.433619083115915	13414	5	>20	0.7721890688642606
ENSMUSG00000040479.13:B1	wild_cluster	7.734479919335249e-60	0.1875	287	27	>20	0.6701112877583466
ENSMUSG00000040479.13:B2	wild_cluster	5.97358711087576e-34	0.34001178550383027	1696	18	>20	0.7337812708493854
ENSMUSG00000046709.19:B1	wild_cluster	7.5001840835249205e-121	0.005847953216374269	170	32	>20	0.6443643400857324
ENSMUSG00000046709.19:B2	wild_cluster	8.035908058604904e-81	0.03073463268365817	1333	24	>20	0.6443643400857324
ENSMUSG00000059173.20:B1	wild_cluster	4.057329511669805e-16	0.08441428856515666	5010	3	11-20	0.6443643400857324
ENSMUSG00000059173.20:B2	wild_cluster	2.5373859131503588e-17	0.08181999600878068	5010	3	11-20	0.6443643400857324
ENSMUSG00000097392.5:B1	wild_cluster	0.0003756435488822	0.6411327762302693	4307	9	>20	0.8537001202613115
ENSMUSG00000097392.5:B2	wild_cluster	4.751994032493257e-38	0.291101944608132	1696	18	>20	0.716584179179599
ENSMUSG00000002102.16:B1	wild_cluster	0.0718098057337392	0.4306525643584115	5010	3	11-20	0.7710512776539187
ENSMUSG00000007411.17:B1	wild_cluster	5.226461175928478e-32	0.12802721088435373	7349	8	>20	0.6443643400857324
ENSMUSG00000013150.16:B1	wild_cluster	2.864497976202482e-10	0.21398235870630514	9182	3	>20	0.6855172201020898
ENSMUSG00000017291.14:B1	wild_cluster	2.9355608151600583e-27	0.11375326127469251	13414	5	>20	0.6443643400857324
ENSMUSG00000019852.8:B1	wild_cluster	5.691111686153494e-35	0.08751397689153932	13414	5	>20	0.6443643400857324
ENSMUSG00000020329.13:B1	wild_cluster	0.0197058208332026	0.45665765461304497	11835	4	>20	0.7800160213149454
ENSMUSG00000020741.18:B1	wild_cluster	0.0350819291177849	0.526056338028169	4259	4	11-20	0.8033502824075999
ENSMUSG00000021192.17:B1	wild_cluster	0.9505875908670648	0.9691902567478604	7594	1	11-20	1.0
ENSMUSG00000021816.12:B1	wild_cluster	0.0003326653915761	0.3320163995527395	13414	5	>20	0.733144833989019
ENSMUSG00000022389.16:B1	wild_cluster	0.0043443282568056	0.3983600447260529	13414	5	>20	0.7560842414254448
ENSMUSG00000022807.10:B1	wild_cluster	0.3381202251458809	0.6535621632408701	5010	3	11-20	0.8596602041698637
ENSMUSG00000024059.11:B1	wild_cluster	2.0694835783369546e-29	0.314878892733564	288	21	>20	0.7266310461423763
ENSMUSG00000024587.11:B1	wild_cluster	3.426459517449282e-08	0.22363026462914648	13414	5	>20	0.6938865905953365
ENSMUSG00000025132.14:B1	wild_cluster	0.2447309101552564	0.7089201877934272	4259	4	11-20	0.8795868316973966
ENSMUSG00000025656.18:B1	wild_cluster	1.2723514325828484e-92	0.11059907834101383	216	40	>20	0.6443643400857324
ENSMUSG00000026245.17:B1	wild_cluster	6.746663484858574e-07	0.25198736796253945	9182	3	>20	0.7090359082906939
ENSMUSG00000026784.15:B1	wild_cluster	0.0471822407145604	0.5063366002027712	11835	4	>20	0.7995309672305231
ENSMUSG00000027288.17:B1	wild_cluster	0.2898346297426254	0.8994893221912721	4307	9	>20	0.9661479640492118
ENSMUSG00000027854.13:B1	wild_cluster	0.0	0.0065832784726793945	7594	1	11-20	0.6443643400857324
ENSMUSG00000028403.16:B1	wild_cluster	3.9952598403355926e-244	0.14679954005366042	2608	1	>20	0.6614303193836947
ENSMUSG00000028909.18:B1	wild_cluster	1.2114330436661512e-101	0.018249408583981074	11835	4	>20	0.6443643400857324
ENSMUSG00000029361.19:B1	wild_cluster	5.192265436187822e-11	0.2076663399760427	9182	3	>20	0.685396970798245
ENSMUSG00000029804.18:B1	wild_cluster	1.6315480360247844e-97	0.005813040062843677	6364	10	>20	0.6443643400857324
ENSMUSG00000030465.20:B1	wild_cluster	9.078851876342552e-48	0.07692307692307693	64	28	>20	0.6443643400857324
ENSMUSG00000031256.12:B1	wild_cluster	0.0642223320071076	0.4866601328541871	9182	3	>20	0.7897176352473404
ENSMUSG00000031818.13:B1	wild_cluster	1.4137933284517661e-08	0.21502347417840376	4259	4	11-20	0.6855172201020898
ENSMUSG00000032258.16:B1	wild_cluster	1.841702175028533e-14	0.16518822213939618	13414	5	>20	0.6614303193836947
ENSMUSG00000032621.9:B1	wild_cluster	4.5387403078652335e-119	0.019498607242339833	4307	9	>20	0.6443643400857324
ENSMUSG00000033595.8:B1	wild_cluster	0.82530589311885	0.8834600072385088	2762	2	6-10	0.9581093730148236
ENSMUSG00000034275.20:B1	wild_cluster	3.0733566661145083e-22	0.2541782729805014	4307	9	>20	0.7098356155184639
ENSMUSG00000035027.19:B1	wild_cluster	0.0280015235463623	0.3549973418394471	7523	2	11-20	0.7428782721323877
ENSMUSG00000036006.21:B1	wild_cluster	2.0173924190285645e-07	0.3755328218243819	2345	6	11-20	0.7507316882714189
ENSMUSG00000037736.21:B1	wild_cluster	2.7201374478956573e-30	0.3016611295681063	1504	16	>20	0.7241155571480011
ENSMUSG00000038351.15:B1	wild_cluster	4.9689277639629733e-23	0.11935208866155157	2345	6	11-20	0.6443643400857324
ENSMUSG00000039068.17:B1	wild_cluster	1.7041598043242361e-43	0.06313131313131314	7523	2	11-20	0.6443643400857324
ENSMUSG00000039852.18:B1	wild_cluster	3.987348345769492e-80	0.018739020105406987	5122	12	>20	0.6443643400857324
ENSMUSG00000040711.9:B1	wild_cluster	1.9798251502725067e-24	0.11515714768502873	11835	4	>20	0.6443643400857324
ENSMUSG00000041607.18:B1	wild_cluster	1.0	1.0	216	40	>20	1.0
ENSMUSG00000042616.9:B1	wild_cluster	1.1410353856121314e-05	0.2076366030283081	7594	1	11-20	0.685396970798245
ENSMUSG00000045038.15:B1	wild_cluster	0.5151230574554624	0.9007066497553905	5518	7	>20	0.9667169007639618
ENSMUSG00000047879.18:B1	wild_cluster	0.7270606159518578	0.8362080315997367	7594	1	11-20	0.9361532146594661
ENSMUSG00000050556.10:B1	wild_cluster	6.318984522689395e-56	0.05294579732914376	6364	10	>20	0.6443643400857324
ENSMUSG00000052698.16:B1	wild_cluster	3.249850252801021e-07	0.7465465465465465	1664	14	>20	0.8940992371389449
ENSMUSG00000055013.17:B1	wild_cluster	5.550738010517634e-06	0.420909585069759	5518	7	>20	0.7625539491661092
ENSMUSG00000057181.16:B1	wild_cluster	4.698269144823202e-43	0.06530003727171077	13414	5	>20	0.6443643400857324
ENSMUSG00000059182.9:B1	wild_cluster	4.4440583353698097e-20	0.07523448413490322	5010	3	11-20	0.6443643400857324
ENSMUSG00000061578.10:B1	wild_cluster	1.1361568751194214e-53	0.05020408163265306	7349	8	>20	0.6443643400857324
ENSMUSG00000064080.13:B1	wild_cluster	0.2951738023176828	0.5930356193514088	7523	2	11-20	0.828554426539445
ENSMUSG00000069227.5:B1	wild_cluster	4.994498882299891e-12	0.18255683935892658	13414	5	>20	0.6668646455521224
ENSMUSG00000074513.10:B1	wild_cluster	9.79488821715693e-07	0.2448356807511737	4259	4	11-20	0.7040033404666214
ENSMUSG00000085819.8:B1	wild_cluster	0.1398740799480918	0.5568986170096918	9182	3	>20	0.8140754004263798
ENSMUSG00000097311.9:B1	wild_cluster	0.001526442482202	0.4080209241499564	2293	5	11-20	0.7565832703302523
ENSMUSG00000118664.1:B1	wild_cluster	0.048474238486109	0.8052460538532962	4307	9	>20	0.9211913768825801
ENSMUSG00000037605.17:B2	wild_cluster	0.0545595461901863	0.6749054689661533	10842	6	>20	0.8650714809231967
ENSMUSG00000037605.17:B3	wild_cluster	0.0055945028067438	0.5424697961818685	10842	6	>20	0.8101288001417618
ENSMUSG00000037605.17:B4	wild_cluster	0.0003082302394632	0.4519966798856405	10842	6	>20	0.7788287755527091
ENSMUSG00000064036.16:B1	wild_cluster	1.637243133826451e-70	0.03472456911118621	11835	4	>20	0.6443643400857324
ENSMUSG00000064036.16:B2	wild_cluster	0.6906497637922097	0.8444045481747456	5012	2	>20	0.9401790115387956
ENSMUSG00000064036.16:B3	wild_cluster	5.474932577919075e-228	0.049471374426491126	5012	2	>20	0.6443643400857324
ENSMUSG00000064036.16:B4	wild_cluster	0.6906496819828467	0.8444045481747456	5012	2	>20	0.9401790115387956
ENSMUSG00000020717.20:B2	wild_cluster	1.721675991060422e-16	0.15557404326123128	3605	1	1-5	0.6614303193836947
ENSMUSG00000025938.17:B1	wild_cluster	1.5922460750578576e-17	0.2506265664160401	797	4	6-10	0.7082445270939762
ENSMUSG00000025938.17:B2	wild_cluster	0.2095048490241902	0.6887323943661972	4259	4	11-20	0.8726786974790836
ENSMUSG00000030850.18:B1	wild_cluster	1.403808461277025e-28	0.12035414553167942	10842	6	>20	0.6443643400857324
ENSMUSG00000030850.18:B2	wild_cluster	8.549988394776663e-05	0.2941304584558423	9182	3	>20	0.7188844721508828
ENSMUSG00000030850.18:B3	wild_cluster	1.1810440575877077e-17	0.1633453119895459	9182	3	>20	0.6614303193836947
ENSMUSG00000039536.17:B1	wild_cluster	0.420167411766589	0.6709197235513025	7523	2	11-20	0.8633242922400274
ENSMUSG00000039536.17:B3	wild_cluster	0.955141728001226	0.9732718894009217	7594	1	11-20	1.0
ENSMUSG00000039536.17:B4	wild_cluster	0.2947369690459724	0.5491770901909151	7594	1	11-20	0.8121217694098929
ENSMUSG00000060450.15:B1	wild_cluster	8.620170511702685e-12	0.09952949692363373	2762	2	6-10	0.6443643400857324
ENSMUSG00000060450.15:B2	wild_cluster	1.898112879385284e-101	0.06333113890717577	7594	1	11-20	0.6443643400857324
ENSMUSG00000060450.15:B3	wild_cluster	6.621654672146842e-07	0.45614035087719296	797	4	6-10	0.7800160213149454
ENSMUSG00000013846.11:B1	wild_cluster	9.637359497129106e-08	0.21005385996409337	5012	2	>20	0.6855172201020898
ENSMUSG00000013846.11:B2	wild_cluster	0.4739049477288196	0.697968570333461	2608	1	>20	0.8762492329020607
ENSMUSG00000020821.18:B1	wild_cluster	4.69225106464161e-28	0.06854460093896714	4259	4	11-20	0.6443643400857324
ENSMUSG00000020821.18:B3	wild_cluster	1.794286787722559e-13	0.22506393861892582	2345	6	11-20	0.6959336093746151
ENSMUSG00000024012.19:B1	wild_cluster	0.3850923837362785	0.6759129914188785	5010	3	11-20	0.8653118565145481
ENSMUSG00000024012.19:B2	wild_cluster	0.933408297277305	0.9574935142686091	5010	3	11-20	0.9945438015613454
ENSMUSG00000027257.14:B1	wild_cluster	1.0	1.0	302	3	1-5	1.0
ENSMUSG00000027257.14:B2	wild_cluster	0.1479293852087928	0.43293084522502745	4554	1	6-10	0.7717910706311354
ENSMUSG00000031840.15:B1	wild_cluster	8.224227686885931e-49	0.12485549132947976	864	15	>20	0.6443643400857324
ENSMUSG00000031840.15:B2	wild_cluster	2.452467826293724e-91	0.025121133060007454	13414	5	>20	0.6443643400857324
ENSMUSG00000036510.18:B1	wild_cluster	7.30636581318518e-08	0.22938492734031768	11835	4	>20	0.6983043657362142
ENSMUSG00000036510.18:B2	wild_cluster	0.916010236257642	0.9606557377049181	609	6	6-10	0.9971017550800612
ENSMUSG00000040549.17:B1	wild_cluster	7.338080169479982e-34	0.13172676209458234	5518	7	>20	0.6488360055664605
ENSMUSG00000040549.17:B3	wild_cluster	6.788276660861914e-34	0.13172676209458234	5518	7	>20	0.6488360055664605
ENSMUSG00000046873.19:B1	wild_cluster	0.6454042294547964	0.8318632255254275	9182	3	>20	0.9344330805976538
ENSMUSG00000059401.15:B1	wild_cluster	0.0064550997519556	0.29399255715045186	7523	2	11-20	0.7188844721508828
ENSMUSG00000059401.15:B2	wild_cluster	0.0042866606631404	0.41502347417840374	4259	4	11-20	0.7609892087708414
ENSMUSG00000002103.17:B1	wild_cluster	0.0	0.08010732081257187	2608	1	>20	0.6443643400857324
ENSMUSG00000004591.17:B1	wild_cluster	0.052341834897587	0.5125887124028388	11835	4	>20	0.8001196196168145
ENSMUSG00000007458.15:B1	wild_cluster	6.486402965172603e-23	0.09290271132376396	7523	2	11-20	0.6443643400857324
ENSMUSG00000013236.18:B1	wild_cluster	1.178542312617856e-05	0.5858601728201099	6364	10	>20	0.8231335428122545
ENSMUSG00000017299.14:B1	wild_cluster	1.9695483949249944e-05	0.2784493085048459	9182	3	>20	0.7153760520215927
ENSMUSG00000019856.15:B1	wild_cluster	1.724839516219447e-12	0.23130130037812413	10842	6	>20	0.6983043657362142
ENSMUSG00000020331.10:B1	wild_cluster	0.0978508138752944	0.7355889724310777	797	4	6-10	0.889751955891882
ENSMUSG00000020745.16:B1	wild_cluster	0.1461267998035829	0.7822069215437579	5518	7	>20	0.910504507264982
ENSMUSG00000021193.11:B1	wild_cluster	0.0016060246287545	0.3683676917877661	11835	4	>20	0.7453560496299714
ENSMUSG00000021820.19:B1	wild_cluster	0.8953629822972548	0.9322406218316999	11835	4	>20	0.983519333293346
ENSMUSG00000022391.17:B1	wild_cluster	9.055582628761694e-27	0.15578231292517006	7349	8	>20	0.6614303193836947
ENSMUSG00000022811.18:B1	wild_cluster	2.595290163703265e-42	0.18321195860482944	2608	1	>20	0.6673860917081177
ENSMUSG00000024083.17:B2	wild_cluster	0.1498527258494824	0.7568016231670202	10842	6	>20	0.8990464687856649
ENSMUSG00000024603.9:B1	wild_cluster	0.0002910787702885	0.3644289450741064	2293	5	11-20	0.7452850769350146
ENSMUSG00000025138.15:B1	wild_cluster	3.2822538410196973e-13	0.17556606961811422	11835	4	>20	0.6642188120430711
ENSMUSG00000025658.17:B1	wild_cluster	9.148054697517848e-46	0.11868046066757759	5122	12	>20	0.6443643400857324
ENSMUSG00000026259.15:B1	wild_cluster	0.0729636373201726	0.5614610510622438	13414	5	>20	0.8140754004263798
ENSMUSG00000026792.17:B1	wild_cluster	0.568931533402351	0.7412771560236998	7594	1	11-20	0.8915949955812077
ENSMUSG00000027291.16:B1	wild_cluster	7.851846978433164e-07	0.24907063197026022	11835	4	>20	0.7068085770714748
ENSMUSG00000028410.14:B1	wild_cluster	0.0084172042719475	0.42631382780469623	13414	5	>20	0.7669895837574686
ENSMUSG00000028917.15:B1	wild_cluster	7.412181179834724e-56	0.045306122448979594	7349	8	>20	0.6443643400857324
ENSMUSG00000029364.16:B1	wild_cluster	0.70347107132123	0.8098792535675082	4554	1	6-10	0.923466267654472
ENSMUSG00000029822.16:B1	wild_cluster	0.0837829651887568	0.39605003291639235	7594	1	11-20	0.7545994212484498
ENSMUSG00000030513.15:B1	wild_cluster	0.5814458247867018	0.8113382899628253	11835	4	>20	0.923955661517949
ENSMUSG00000031292.15:B1	wild_cluster	3.53992087420078e-42	0.0858851241166878	5518	7	>20	0.6443643400857324
ENSMUSG00000031822.21:B1	wild_cluster	3.6954806164194434e-33	0.4177671068427371	832	20	>20	0.7614821193160489
ENSMUSG00000032261.17:B1	wild_cluster	0.5345766862247019	0.7527439632807823	5010	3	11-20	0.897733938460634
ENSMUSG00000032625.15:B1	wild_cluster	1.0175179179706339e-16	0.18426634695195057	10842	6	>20	0.6691934538739659
ENSMUSG00000033597.10:B1	wild_cluster	3.87122395338036e-22	0.20003623844899437	5518	7	>20	0.6828427905627187
ENSMUSG00000034295.11:B1	wild_cluster	0.0060905072948961	0.3419110313185717	5012	2	>20	0.7340257026294947
ENSMUSG00000035033.16:B1	wild_cluster	5.331207671922951e-06	0.2771176696052127	2608	1	>20	0.7146939742430115
ENSMUSG00000036046.15:B1	wild_cluster	0.0130968838489143	0.5779765747486858	10842	6	>20	0.8192253089754387
ENSMUSG00000036918.17:B1	wild_cluster	0.0834915548041088	0.46761211192027596	2608	1	>20	0.7845549469845196
ENSMUSG00000037747.10:B1	wild_cluster	2.4270777950560723e-08	0.21807511737089202	4259	4	11-20	0.6895486197027599
ENSMUSG00000038365.9:B1	wild_cluster	0.1204576868860052	0.5408907764347163	9182	3	>20	0.8097622475650258
ENSMUSG00000039069.20:B1	wild_cluster	0.3810407246382169	0.6764412527428686	5012	2	>20	0.8653762974531337
ENSMUSG00000039887.12:B1	wild_cluster	5.6547934353989175e-43	0.05185801442041043	3605	1	1-5	0.6443643400857324
ENSMUSG00000040722.8:B1	wild_cluster	0.0035004243894292	0.39090570257174806	13414	5	>20	0.7545994212484498
ENSMUSG00000041609.17:B1	wild_cluster	2.2690970459001704e-63	0.12612612612612611	1664	14	>20	0.6443643400857324
ENSMUSG00000042680.9:B1	wild_cluster	0.9452552682379504	0.9477739726027398	1167	3	6-10	0.9914359657566119
ENSMUSG00000045071.15:B1	wild_cluster	0.0030039629653225	0.559702844718246	5518	7	>20	0.8140754004263798
ENSMUSG00000047907.12:B1	wild_cluster	7.357007009317456e-53	0.06406685236768803	4307	9	>20	0.6443643400857324
ENSMUSG00000050587.15:B1	wild_cluster	0.0053456705655837	0.6503401360544218	7349	8	>20	0.8577087860664946
ENSMUSG00000052727.7:B1	wild_cluster	7.736763875801958e-31	0.21959789186023815	5122	12	>20	0.6918563657736225
ENSMUSG00000055022.15:B1	wild_cluster	0.3413223474605522	0.8586700489219061	5518	7	>20	0.9457142304212337
ENSMUSG00000057193.9:B1	wild_cluster	2.2399344023917792e-70	0.01696268209938136	5010	3	11-20	0.6443643400857324
ENSMUSG00000059208.16:B1	wild_cluster	0.1582465066620973	0.5704018294674943	9182	3	>20	0.815512143802942
ENSMUSG00000061601.16:B1	wild_cluster	3.53203489555642e-103	0.004684755026351747	5122	12	>20	0.6443643400857324
ENSMUSG00000064105.14:B1	wild_cluster	0.3260821803230314	0.6459788465376173	5010	3	11-20	0.8561895981180788
ENSMUSG00000069565.13:B1	wild_cluster	0.0057405135138405	0.28230184581976114	2762	2	6-10	0.716584179179599
ENSMUSG00000074575.5:B1	wild_cluster	0.7337500351445873	0.8239297475301867	4554	1	6-10	0.9312322634769754
ENSMUSG00000085845.8:B1	wild_cluster	0.5869162814207365	0.7678096757044125	7523	2	11-20	0.901795272196196
ENSMUSG00000097451.12:B1	wild_cluster	1.0	1.0	18	90	>20	1.0
ENSMUSG00000118665.1:B1	wild_cluster	0.5736949333036212	0.7610313662945242	7523	2	11-20	0.9001896691216927
ENSMUSG00000039607.18:B2	wild_cluster	0.2437263384494127	0.5554226475279107	7523	2	11-20	0.8140754004263798
ENSMUSG00000039607.18:B3	wild_cluster	1.5443247510956533e-08	0.18406846609611588	7594	1	11-20	0.6690152171124794
ENSMUSG00000039607.18:B4	wild_cluster	2.0894388202694492e-14	0.12426900584795321	7523	2	11-20	0.6443643400857324
ENSMUSG00000072769.8:B1	wild_cluster	6.79320643821566e-38	0.16416162404840914	5122	12	>20	0.6614303193836947
ENSMUSG00000072769.8:B2	wild_cluster	0.0006148160290145	0.4688739278797381	10842	6	>20	0.785416236865612
ENSMUSG00000072769.8:B3	wild_cluster	0.2329347811360705	0.6202765980616356	9182	3	>20	0.8415098324939994
ENSMUSG00000072769.8:B4	wild_cluster	0.1943183370991067	0.5955570075138844	9182	3	>20	0.8289858531834131
ENSMUSG00000020836.16:B1	wild_cluster	3.868352180645795e-10	0.20040554241297737	11835	4	>20	0.6828427905627187
ENSMUSG00000020836.16:B2	wild_cluster	7.832172810571654e-10	0.20310915849949307	11835	4	>20	0.6850553462968648
ENSMUSG00000020836.16:B3	wild_cluster	0.994024356537857	0.9816477159385597	5012	2	>20	1.0
ENSMUSG00000025964.16:B1	wild_cluster	2.413095617966831e-11	0.24900857696209536	10842	6	>20	0.7068085770714748
ENSMUSG00000025964.16:B2	wild_cluster	0.0001326078339721	0.7932851844622292	5122	12	>20	0.9161722785123567
ENSMUSG00000025964.16:B3	wild_cluster	0.0086874799520636	0.5604537489624642	10842	6	>20	0.8140754004263798
ENSMUSG00000030889.15:B1	wild_cluster	0.0049941656722561	0.33632555356074206	5012	2	>20	0.7337812708493854
ENSMUSG00000030889.15:B2	wild_cluster	0.1430105607889728	0.5205059409735531	2608	1	>20	0.8024069065153092
ENSMUSG00000030889.15:B3	wild_cluster	0.3255282255955876	0.6201609812188578	2608	1	>20	0.8415098324939994
ENSMUSG00000039652.17:B1	wild_cluster	9.360594375629819e-56	0.08439306358381503	864	15	>20	0.6443643400857324
ENSMUSG00000039652.17:B2	wild_cluster	0.9649662818912588	0.9722698471859859	13414	5	>20	1.0
ENSMUSG00000039652.17:B3	wild_cluster	2.819796821413293e-06	0.2618710398807305	13414	5	>20	0.7120777874931182
ENSMUSG00000061186.16:B1	wild_cluster	0.0155596185067416	0.7378516624040921	2345	6	11-20	0.8902030173648443
ENSMUSG00000061186.16:B2	wild_cluster	0.3773979616732368	0.6748454019549173	5012	2	>20	0.8650714809231967
ENSMUSG00000061186.16:B3	wild_cluster	0.1370586677974952	0.5892193308550185	11835	4	>20	0.8255313529212102
ENSMUSG00000014195.17:B1	wild_cluster	2.790810219793648e-29	0.41875	159	16	11-20	0.7619182517199514
ENSMUSG00000014195.17:B2	wild_cluster	2.391775242193796e-27	0.0715962441314554	4259	4	11-20	0.6443643400857324
ENSMUSG00000020823.17:B1	wild_cluster	0.2981074742975101	0.6830010138560324	11835	4	>20	0.8689228595370214
ENSMUSG00000020823.17:B2	wild_cluster	1.296989543860785e-06	0.44598639455782313	7349	8	>20	0.7767748006946728
ENSMUSG00000024044.20:B1	wild_cluster	1.477891414466861e-06	0.7651651651651652	1664	14	>20	0.9012334418116413
ENSMUSG00000024044.20:B4	wild_cluster	1.3530991992207419e-10	0.7854671280276817	288	21	>20	0.9120506734536304
ENSMUSG00000027281.17:B1	wild_cluster	8.715524136595876e-25	0.1377847459190261	10842	6	>20	0.657975416627941
ENSMUSG00000027281.17:B2	wild_cluster	4.338416571884811e-16	0.17260154633562017	9182	3	>20	0.6642188120430711
ENSMUSG00000032009.9:B1	wild_cluster	0.0366840667136679	0.9215303533086082	5122	12	>20	0.9778375120278217
ENSMUSG00000032009.9:B2	wild_cluster	0.285475426671511	0.6767489016559649	11835	4	>20	0.8653762974531337
ENSMUSG00000036561.10:B1	wild_cluster	0.0001435551536663	0.6408483896307934	6364	10	>20	0.8537001202613115
ENSMUSG00000036561.10:B2	wild_cluster	4.5531838229138295e-11	0.19075661572866195	13414	5	>20	0.6713650685322653
ENSMUSG00000040612.14:B1	wild_cluster	0.0030893431535177	0.5607899981880775	5518	7	>20	0.8140754004263798
ENSMUSG00000047193.17:B1	wild_cluster	1.253591196337584e-55	0.08554913294797688	864	15	>20	0.6443643400857324
ENSMUSG00000047193.17:B2	wild_cluster	4.433661273132151e-37	0.16967792615868027	6364	10	>20	0.6630031981498798
ENSMUSG00000059824.13:B1	wild_cluster	0.01341711215602	0.55625	159	6	1-5	0.8140754004263798
ENSMUSG00000059824.13:B3	wild_cluster	0.070057713751929	0.44554455445544555	302	3	1-5	0.7767748006946728
ENSMUSG00000110195.2:B1	wild_cluster	0.2567217613470801	0.5615853658536586	1639	2	1-5	0.8140754004263798
ENSMUSG00000110195.2:B2	wild_cluster	0.1048978322806172	0.4209650582362729	3605	1	1-5	0.7625539491661092
ENSMUSG00000002107.19:B1	wild_cluster	1.7150480217692642e-57	0.16941529235382308	1333	24	>20	0.662927404323774
ENSMUSG00000004677.19:B1	wild_cluster	1.278922022897428e-50	0.06142417104547925	5518	7	>20	0.6443643400857324
ENSMUSG00000007476.19:B1	wild_cluster	2.5447190251442007e-09	0.20767797241893404	13414	5	>20	0.685396970798245
ENSMUSG00000013539.15:B1	wild_cluster	1.9717113899249232e-42	0.067163622810287	13414	5	>20	0.6443643400857324
ENSMUSG00000017314.13:B1	wild_cluster	0.771701864930828	0.9155423033917257	13414	5	>20	0.975652570763024
ENSMUSG00000019864.15:B1	wild_cluster	0.4868343224728533	0.6597145993413831	4554	1	6-10	0.8623302948429833
ENSMUSG00000020359.14:B1	wild_cluster	0.0060793495077455	0.41095788296682817	13414	5	>20	0.7575508986547189
ENSMUSG00000020770.14:B1	wild_cluster	0.2511770840150229	0.6968319045844205	13414	5	>20	0.8762492329020607
ENSMUSG00000021196.15:B1	wild_cluster	0.96557252017639	0.9722698471859859	13414	5	>20	1.0
ENSMUSG00000021870.18:B1	wild_cluster	0.0097481139719019	0.474716652136007	2293	5	11-20	0.7890601845572686
ENSMUSG00000022394.15:B1	wild_cluster	0.0045624641201726	0.28096757044125464	7523	2	11-20	0.716584179179599
ENSMUSG00000022812.15:B1	wild_cluster	4.228194331226194e-20	0.3117046347211312	6364	10	>20	0.7249995021759988
ENSMUSG00000024095.16:B1	wild_cluster	3.80984275103282e-27	0.101892531260561	11835	4	>20	0.6443643400857324
ENSMUSG00000025139.15:B1	wild_cluster	1.0	1.0	302	3	1-5	1.0
ENSMUSG00000025666.17:B1	wild_cluster	0.0539279852456378	0.3547070441079658	7594	1	11-20	0.7428782721323877
ENSMUSG00000026305.16:B1	wild_cluster	0.0215779944053	0.4253511924207775	9182	3	>20	0.7658706292045718
ENSMUSG00000026797.17:B1	wild_cluster	5.882935537871604e-08	0.4895543175487465	4307	9	>20	0.7897176352473404
ENSMUSG00000027298.18:B1	wild_cluster	0.3512615305917883	0.8434934981093793	10842	6	>20	0.940095876921113
ENSMUSG00000027865.11:B1	wild_cluster	8.102315214063758e-82	0.013370584713630014	5010	3	11-20	0.6443643400857324
ENSMUSG00000028413.14:B1	wild_cluster	0.8160316067754809	0.9011164274322169	7523	2	11-20	0.9669258849010136
ENSMUSG00000028944.15:B1	wild_cluster	4.816568431506205e-06	0.23498902852583284	5012	2	>20	0.6987504446112066
ENSMUSG00000029389.18:B1	wild_cluster	1.3679262323473985e-32	0.1147017753840016	5012	2	>20	0.6443643400857324
ENSMUSG00000029823.17:B1	wild_cluster	8.133645338254345e-10	0.2770450982200498	10842	6	>20	0.7146939742430115
ENSMUSG00000030516.15:B1	wild_cluster	5.21380281658804e-08	0.35803587606450443	5518	7	>20	0.7428782721323877
ENSMUSG00000031309.16:B1	wild_cluster	7.093315812996137e-06	0.20592495062541147	7594	1	11-20	0.685396970798245
ENSMUSG00000031824.16:B2	wild_cluster	8.496399753668714e-45	0.07591955064323247	5518	7	>20	0.6443643400857324
ENSMUSG00000032267.9:B1	wild_cluster	1.4437741486083735e-37	0.09010421470072857	10842	6	>20	0.6443643400857324
ENSMUSG00000032637.16:B1	wild_cluster	4.874078241492382e-06	0.5526926648096564	4307	9	>20	0.8139227713672502
ENSMUSG00000033610.17:B1	wild_cluster	7.448882750211198e-07	0.43795918367346937	7349	8	>20	0.7746123091250662
ENSMUSG00000034300.18:B1	wild_cluster	1.634073990573334e-15	0.08700858112153263	5010	3	11-20	0.6443643400857324
ENSMUSG00000035051.16:B1	wild_cluster	0.5790400391308349	0.8006098224980943	9182	3	>20	0.9195786989261633
ENSMUSG00000036053.18:B1	wild_cluster	0.8171050408375308	0.91146032962821	2608	1	>20	0.9727741237867237
ENSMUSG00000036948.18:B1	wild_cluster	4.329567400375933e-07	0.19670691547749725	4554	1	6-10	0.6790600092475471
ENSMUSG00000038368.17:B1	wild_cluster	1.819408808513248e-38	0.046009389671361506	4259	4	11-20	0.6443643400857324
ENSMUSG00000039087.18:B1	wild_cluster	6.396482410782549e-31	0.3951951951951952	1664	14	>20	0.7545994212484498
ENSMUSG00000039910.11:B1	wild_cluster	0.9294866407619982	0.9517470881863561	3605	1	1-5	0.9930001647433454
ENSMUSG00000040724.6:B1	wild_cluster	1.842421371518744e-73	0.023423775131758737	5122	12	>20	0.6443643400857324
ENSMUSG00000041645.15:B1	wild_cluster	1.0	1.0	4307	9	>20	1.0
ENSMUSG00000042688.17:B1	wild_cluster	4.413009218431425e-08	0.2257519432240622	11835	4	>20	0.6966237040050677
ENSMUSG00000045078.13:B1	wild_cluster	0.2073772022422	0.6880281690140845	4259	4	11-20	0.8726786974790836
ENSMUSG00000047921.19:B1	wild_cluster	0.4184542902748286	0.6699893673577884	7523	2	11-20	0.8633200488841525
ENSMUSG00000050663.9:B1	wild_cluster	0.642619136899309	0.8129551552318897	2608	1	>20	0.9248599134419474
ENSMUSG00000052798.14:B1	wild_cluster	0.109501724190039	0.4541467304625199	7523	2	11-20	0.7797621928593323
ENSMUSG00000055026.14:B1	wild_cluster	0.4979786648293655	0.7591201132527496	9182	3	>20	0.8998165117807442
ENSMUSG00000057229.12:B1	wild_cluster	0.9964629969201176	0.9855229822656533	2762	2	6-10	1.0
ENSMUSG00000059248.14:B1	wild_cluster	1.0	1.0	417	15	11-20	1.0
ENSMUSG00000061603.9:B1	wild_cluster	0.000394935932836	0.6667714061272585	6364	10	>20	0.8633200488841525
ENSMUSG00000064115.14:B1	wild_cluster	5.464966175640385e-23	0.14719173660426083	10842	6	>20	0.6614303193836947
ENSMUSG00000069601.15:B1	wild_cluster	1.0	1.0	3	75	6-10	1.0
ENSMUSG00000074579.15:B1	wild_cluster	5.191938149136354e-22	0.12402838796890842	11835	4	>20	0.6443643400857324
ENSMUSG00000085862.3:B1	wild_cluster	0.6566170827703053	0.8423453869550523	11835	4	>20	0.9395761496300096
ENSMUSG00000097452.3:B1	wild_cluster	0.0050565051655421	0.36182445381372175	2608	1	>20	0.7450718687304343
ENSMUSG00000119984.1:B1	wild_cluster	1.1957150777862204e-26	0.13383425895676795	9182	3	>20	0.6505068413725715
ENSMUSG00000068036.17:B1	wild_cluster	8.830109511999337e-31	0.2205738824907281	5122	12	>20	0.6921980188289953
ENSMUSG00000068036.17:B2	wild_cluster	0.0272308772166252	0.6261182329613576	10842	6	>20	0.845305673950142
ENSMUSG00000068036.17:B3	wild_cluster	4.068265434467767e-45	0.071382458729134	10842	6	>20	0.6443643400857324
ENSMUSG00000068036.17:B5	wild_cluster	0.0446660757052218	0.6612561099326755	10842	6	>20	0.8625847459567468
ENSMUSG00000068036.17:B6	wild_cluster	4.881380181380803e-15	0.6705951679434295	1696	18	>20	0.8633200488841525
ENSMUSG00000079179.11:B2	wild_cluster	3.1763459841972226e-11	0.09207317073170732	1639	2	1-5	0.6443643400857324
ENSMUSG00000079179.11:B3	wild_cluster	1.6587920500266308e-22	0.1279912184412733	4554	1	6-10	0.6443643400857324
ENSMUSG00000079179.11:B4	wild_cluster	0.0449200986242935	0.35082327113062567	4554	1	6-10	0.7419103607729506
ENSMUSG00000020859.17:B1	wild_cluster	2.4741226048339805e-44	0.3741496598639456	440	22	>20	0.7492236855259957
ENSMUSG00000020859.17:B2	wild_cluster	1.0491625603208355e-68	0.3160621761658031	192	33	>20	0.7266310461423763
ENSMUSG00000020859.17:B3	wild_cluster	9.854436947207896e-48	0.10685483870967742	1487	11	>20	0.6443643400857324
ENSMUSG00000026074.16:B1	wild_cluster	0.0029236736668631	0.5172000368901596	10842	6	>20	0.8013464944733524
ENSMUSG00000026074.16:B2	wild_cluster	0.0036354588502799	0.5250391957945219	10842	6	>20	0.8033502824075999
ENSMUSG00000026074.16:B3	wild_cluster	5.3800593491762744e-08	0.6453250048799531	5122	12	>20	0.8561895981180788
ENSMUSG00000031134.17:B1	wild_cluster	0.3926940015488259	0.6811015765316304	5010	3	11-20	0.8677874766412457
ENSMUSG00000031134.17:B3	wild_cluster	0.3141463945122336	0.6381959688684893	5010	3	11-20	0.8519109077258589
ENSMUSG00000031134.17:B4	wild_cluster	9.989686626091808e-08	0.5	609	6	6-10	0.7937853107344632
ENSMUSG00000039985.15:B2	wild_cluster	0.0685137530533781	0.3784068466096116	7594	1	11-20	0.7511518176361769
ENSMUSG00000039985.15:B3	wild_cluster	2.9606458347580294e-07	0.1779638490164806	7523	2	11-20	0.6642188120430711
ENSMUSG00000061689.16:B1	wild_cluster	5.296123105813332e-37	0.7665369649805448	256	30	>20	0.9012334418116413
ENSMUSG00000061689.16:B2	wild_cluster	3.077280279246468e-08	0.4994501178318932	6364	10	>20	0.7937531741859992
ENSMUSG00000061689.16:B3	wild_cluster	1.6978689064824624e-22	0.28719560094265517	6364	10	>20	0.716584179179599
ENSMUSG00000014496.9:B1	wild_cluster	0.0008027961115201	0.35657276995305165	4259	4	11-20	0.7428782721323877
ENSMUSG00000014496.9:B2	wild_cluster	0.1900941779630642	0.5127591706539075	7523	2	11-20	0.8001196196168145
ENSMUSG00000020886.18:B2	wild_cluster	1.847179008133121e-14	0.34563602599814297	4307	9	>20	0.7370504389522524
ENSMUSG00000024096.18:B1	wild_cluster	0.068644199184589	0.8490180675569521	6364	10	>20	0.9413527081963149
ENSMUSG00000024096.18:B2	wild_cluster	0.569648762806792	0.8418188594856504	13414	5	>20	0.9393937930621703
ENSMUSG00000027347.19:B1	wild_cluster	0.6293014214013063	0.9217249501721326	5518	7	>20	0.9778375120278217
ENSMUSG00000027347.19:B4	wild_cluster	1.8162504151179703e-27	0.4276276276276276	1664	14	>20	0.7685905578775247
ENSMUSG00000029638.18:B2	wild_cluster	0.3516475555087584	0.6007899934167216	7594	1	11-20	0.8308450564505704
ENSMUSG00000032087.12:B1	wild_cluster	0.8281384947511322	0.957238630186628	5518	7	>20	0.9945438015613454
ENSMUSG00000032087.12:B2	wild_cluster	0.0012102457891997	0.8876876876876877	1664	14	>20	0.9602656428810795
ENSMUSG00000036570.15:B2	wild_cluster	3.9506356212558124e-53	0.054665203073545554	4554	1	6-10	0.6443643400857324
ENSMUSG00000040624.19:B1	wild_cluster	0.0315471448611765	0.7939698492462312	198	4	1-5	0.9161722785123567
ENSMUSG00000040624.19:B2	wild_cluster	0.3344440381442927	0.598780487804878	1639	2	1-5	0.8304013850470637
ENSMUSG00000047417.19:B1	wild_cluster	1.2555627544977223e-75	0.0351378769713179	10842	6	>20	0.6443643400857324
ENSMUSG00000047417.19:B2	wild_cluster	3.099180229972772e-79	0.03283224199944665	10842	6	>20	0.6443643400857324
ENSMUSG00000059895.14:B1	wild_cluster	2.8905381224687143e-38	0.017872711421098517	2293	5	11-20	0.6443643400857324
ENSMUSG00000059895.14:B2	wild_cluster	0.0003434906121252	0.2720925593457012	5012	2	>20	0.7137263202455285
ENSMUSG00000110246.3:B1	wild_cluster	0.7275248381606358	0.8656212566699336	9182	3	>20	0.9485335534945214
ENSMUSG00000110246.3:B2	wild_cluster	0.9277265166803502	0.9750991423037905	10842	6	>20	1.0
ENSMUSG00000002265.18:B1	wild_cluster	1.1166696551829933e-45	0.11926605504587157	5122	12	>20	0.6443643400857324
ENSMUSG00000004843.8:B1	wild_cluster	0.1593057713602071	0.46570111915734036	7594	1	11-20	0.783604877144986
ENSMUSG00000007610.16:B1	wild_cluster	0.0111945644408132	0.299670836076366	7594	1	11-20	0.7228112011799043
ENSMUSG00000013593.13:B1	wild_cluster	0.6343635929365701	0.7797235023041474	7594	1	11-20	0.9093153926407422
ENSMUSG00000017390.16:B1	wild_cluster	0.150070528906713	0.5110756336060667	5010	3	11-20	0.7996188273754362
ENSMUSG00000019883.12:B1	wild_cluster	0.1455690389476112	0.45358788676761025	7594	1	11-20	0.7797621928593323
ENSMUSG00000020362.14:B1	wild_cluster	0.2783610982634057	0.5319429198682766	4554	1	6-10	0.8058683243567343
ENSMUSG00000020774.10:B1	wild_cluster	2.400713029168864e-07	0.19538968166849616	4554	1	6-10	0.677677641164324
ENSMUSG00000021198.17:B1	wild_cluster	1.7740723371195428e-11	0.2931690523645588	5518	7	>20	0.7183041195809572
ENSMUSG00000021910.16:B1	wild_cluster	7.662226807917334e-37	0.5102040816326531	440	22	>20	0.7996188273754362
ENSMUSG00000022403.16:B1	wild_cluster	0.0225682627329614	0.7097959183673469	7349	8	>20	0.8798573060324212
ENSMUSG00000022822.17:B1	wild_cluster	0.0040059581775356	0.5711179561514768	5518	7	>20	0.815512143802942
ENSMUSG00000024099.16:B1	wild_cluster	3.1538565299690277e-47	0.059336563548266864	13414	5	>20	0.6443643400857324
ENSMUSG00000024613.17:B1	wild_cluster	3.470067961498564e-06	0.26425642937010807	13414	5	>20	0.7120777874931182
ENSMUSG00000025153.10:B1	wild_cluster	0.0868188973270319	0.7095822189430969	10842	6	>20	0.8798349852090909
ENSMUSG00000025738.9:B1	wild_cluster	7.807936721157859e-14	0.462619558852235	5122	12	>20	0.7827657680540213
ENSMUSG00000026309.15:B1	wild_cluster	0.0008353034815245	0.3532443393038189	11835	4	>20	0.7428782721323877
ENSMUSG00000026817.15:B1	wild_cluster	0.0028244636812847	0.2728869374313941	4554	1	6-10	0.7137287205884513
ENSMUSG00000027303.19:B1	wild_cluster	5.578488600328136e-69	0.03376927581495218	5122	12	>20	0.6443643400857324
ENSMUSG00000027889.18:B1	wild_cluster	0.0001150276896952	0.20955483170466885	2762	2	6-10	0.6855172201020898
ENSMUSG00000028416.14:B1	wild_cluster	0.106399415802511	0.44191096634093374	2762	2	6-10	0.7767748006946728
ENSMUSG00000028948.17:B1	wild_cluster	0.0021711462902868	0.26925608953258723	7594	1	11-20	0.7122245069213572
ENSMUSG00000029405.17:B1	wild_cluster	0.2245892140670784	0.6832650018635855	13414	5	>20	0.8689757210839039
ENSMUSG00000029832.17:B1	wild_cluster	0.0451139923567027	0.3517014270032931	4554	1	6-10	0.7423707116463877
ENSMUSG00000030519.15:B1	wild_cluster	0.3207744477767741	0.885578231292517	7349	8	>20	0.9591808547075781
ENSMUSG00000031314.19:B1	wild_cluster	3.33245256946212e-05	0.40772848842571247	10842	6	>20	0.7565832703302523
ENSMUSG00000031826.21:B1	wild_cluster	0.4082536950602198	0.7175215071327453	9182	3	>20	0.8839207433174819
ENSMUSG00000032279.12:B1	wild_cluster	3.488472290353461e-07	0.24045285569449137	11835	4	>20	0.7005421084574607
ENSMUSG00000032735.16:B1	wild_cluster	1.8633952587825986e-07	0.33570045190445447	10842	6	>20	0.7337812708493854
ENSMUSG00000033618.8:B1	wild_cluster	0.5473001875371899	0.7567351825982838	5010	3	11-20	0.8990464687856649
ENSMUSG00000034341.18:B1	wild_cluster	0.019752902776501	0.4877934272300469	4259	4	11-20	0.7897176352473404
ENSMUSG00000035064.18:B1	wild_cluster	0.7683131166572673	0.8777179333732296	5012	2	>20	0.9557325813625672
ENSMUSG00000036054.16:B1	wild_cluster	1.078267528759626e-18	0.29085422469823585	4307	9	>20	0.716584179179599
ENSMUSG00000036949.17:B1	wild_cluster	0.4814907192534349	0.7037178995783825	2608	1	>20	0.876714492999416
ENSMUSG00000037787.15:B1	wild_cluster	0.0492267520015393	0.47217684852444736	9182	3	>20	0.7886564794285639
ENSMUSG00000038369.15:B1	wild_cluster	3.006769387535113e-43	0.07768707482993198	7349	8	>20	0.6443643400857324
ENSMUSG00000039103.13:B1	wild_cluster	0.9704324350155138	0.9791968400263331	7594	1	11-20	1.0
ENSMUSG00000039943.17:B1	wild_cluster	3.3239233959075976e-56	0.06048387096774194	1487	11	>20	0.6443643400857324
ENSMUSG00000040725.14:B1	wild_cluster	0.1412771220514004	0.6272828922847559	13414	5	>20	0.8453643692267815
ENSMUSG00000042699.12:B1	wild_cluster	1.5828975115329445e-18	0.22467838376517485	5518	7	>20	0.6956983563417535
ENSMUSG00000045095.17:B2	wild_cluster	0.0009573810345813	0.35534849049571376	13414	5	>20	0.7428782721323877
ENSMUSG00000047976.5:B1	wild_cluster	0.074095717601303	0.6975929170893664	10842	6	>20	0.8762492329020607
ENSMUSG00000050697.10:B1	wild_cluster	7.033163837722499e-60	0.04477864143291652	11835	4	>20	0.6443643400857324
ENSMUSG00000052852.9:B1	wild_cluster	2.55025515708728e-22	0.09835194045720362	7523	2	11-20	0.6443643400857324
ENSMUSG00000055065.8:B1	wild_cluster	1.2360481954138147e-11	0.8928035982008995	1333	24	>20	0.9626789158784614
ENSMUSG00000057230.15:B1	wild_cluster	1.1536666380495022e-42	0.13644349014249463	5122	12	>20	0.6553952261545468
ENSMUSG00000059263.10:B1	wild_cluster	2.4784159387858244e-113	0.013011152416356878	11835	4	>20	0.6443643400857324
ENSMUSG00000061613.14:B1	wild_cluster	2.7303856848380655e-44	0.06254193067461797	13414	5	>20	0.6443643400857324
ENSMUSG00000064127.14:B2	wild_cluster	0.2395465732386109	0.5099407504937459	7594	1	11-20	0.7996188273754362
ENSMUSG00000069631.15:B1	wild_cluster	1.0385731975839894e-17	0.13215962441314555	4259	4	11-20	0.6493876189743195
ENSMUSG00000074657.6:B1	wild_cluster	1.3840188266249229e-61	0.058559437829396835	5122	12	>20	0.6443643400857324
ENSMUSG00000085888.9:B1	wild_cluster	0.9830788871866054	0.9754116355653129	4554	1	6-10	1.0
ENSMUSG00000097466.10:B1	wild_cluster	1.1898779221413275e-05	0.2076366030283081	7594	1	11-20	0.685396970798245
ENSMUSG00000120002.1:B1	wild_cluster	0.7634478466680945	0.879858060155458	11835	4	>20	0.9571356976672971
ENSMUSG00000020866.18:B1	wild_cluster	2.436196220823572e-51	0.05456578456951174	13414	5	>20	0.6443643400857324
ENSMUSG00000020866.18:B2	wild_cluster	0.005593628794396	0.3777632581944898	9182	3	>20	0.7511518176361769
ENSMUSG00000020866.18:B3	wild_cluster	0.2250978712055959	0.6838613492359299	13414	5	>20	0.8690335291590562
ENSMUSG00000020866.18:B4	wild_cluster	9.597757942992431e-54	0.0589159465828751	6364	10	>20	0.6443643400857324
ENSMUSG00000020866.18:B6	wild_cluster	0.3886083803551434	0.7669027208348863	13414	5	>20	0.9012334418116413
ENSMUSG00000020866.18:B7	wild_cluster	9.597699431873923e-54	0.0589159465828751	6364	10	>20	0.6443643400857324
ENSMUSG00000000605.10:B1	wild_cluster	0.0189247054111595	0.8225143796220213	1216	8	11-20	0.9310233259769909
ENSMUSG00000000605.10:B2	wild_cluster	2.810100817448324e-44	0.03552185192576332	5010	3	11-20	0.6443643400857324
ENSMUSG00000000605.10:B3	wild_cluster	0.6726124063764605	0.8795774647887324	4259	4	11-20	0.9570620236423381
ENSMUSG00000016763.16:B2	wild_cluster	1.8782766174802326e-16	0.16118092958308397	5012	2	>20	0.6614303193836947
ENSMUSG00000016763.16:B3	wild_cluster	1.2334977698692308e-05	0.2790341126868532	2608	1	>20	0.7161365140944507
ENSMUSG00000016763.16:B4	wild_cluster	0.095017873240948	0.4875431199693369	2608	1	>20	0.7897176352473404
ENSMUSG00000024193.9:B2	wild_cluster	0.0359651654937038	0.343139407244786	4554	1	6-10	0.7346451309393132
ENSMUSG00000029207.17:B1	wild_cluster	7.784937056313156e-23	0.29670115166894395	5122	12	>20	0.7206744343077104
ENSMUSG00000029207.17:B2	wild_cluster	4.9405330151156326e-42	0.07968274462787052	10842	6	>20	0.6443643400857324
ENSMUSG00000029207.17:B4	wild_cluster	0.0108883954297411	0.5690307110578253	10842	6	>20	0.815001194671121
ENSMUSG00000036636.11:B1	wild_cluster	0.1078809729510926	0.5307633670913645	9182	3	>20	0.805760295343247
ENSMUSG00000036636.11:B2	wild_cluster	0.9991532880551414	0.9878316377418711	5012	2	>20	1.0
ENSMUSG00000036636.11:B3	wild_cluster	8.176708208808846e-08	0.3635976129582268	2345	6	11-20	0.7452850769350146
ENSMUSG00000052752.16:B1	wild_cluster	3.874541241001987e-21	0.2	7349	8	>20	0.6828427905627187
ENSMUSG00000052752.16:B2	wild_cluster	0.0001289501047457	0.3186887461980399	11835	4	>20	0.7266310461423763
ENSMUSG00000052752.16:B5	wild_cluster	1.0	1.0	11835	4	>20	1.0
ENSMUSG00000004319.16:B1	wild_cluster	0.7406112542100385	0.9756480754124116	6364	10	>20	1.0
ENSMUSG00000004319.16:B2	wild_cluster	0.2707622156563834	0.706969809914275	13414	5	>20	0.878823000051818
ENSMUSG00000019978.17:B1	wild_cluster	7.007480246781077e-63	0.011961722488038277	417	15	11-20	0.6443643400857324
ENSMUSG00000019978.17:B2	wild_cluster	1.59553696683047e-26	0.03574542284219703	2293	5	11-20	0.6443643400857324
ENSMUSG00000022641.16:B1	wild_cluster	0.5187863148318956	0.7343168527379054	7523	2	11-20	0.8891319096850625
ENSMUSG00000022641.16:B2	wild_cluster	0.6030124860540426	0.758788676761027	7594	1	11-20	0.8998165117807442
ENSMUSG00000026384.14:B2	wild_cluster	0.0	0.011325274964608516	9182	3	>20	0.6443643400857324
ENSMUSG00000028745.19:B1	wild_cluster	0.2603867008175335	0.715962441314554	4259	4	11-20	0.8836033862613875
ENSMUSG00000028745.19:B2	wild_cluster	0.0401306792482053	0.36988304093567254	7523	2	11-20	0.7454030264665099
ENSMUSG00000031284.17:B1	wild_cluster	2.281286820825622e-06	0.5653245686113394	1216	8	11-20	0.8147515949667276
ENSMUSG00000031284.17:B2	wild_cluster	0.0337177930087108	0.5234741784037559	4259	4	11-20	0.8032559406495857
ENSMUSG00000034201.14:B1	wild_cluster	0.0001150616853193	0.20955483170466885	2762	2	6-10	0.6855172201020898
ENSMUSG00000034201.14:B2	wild_cluster	0.034871747585011	0.34182217343578486	4554	1	6-10	0.7340257026294947
ENSMUSG00000039217.14:B1	wild_cluster	0.0184117774867512	0.31336405529953915	7594	1	11-20	0.7254813556265335
ENSMUSG00000039217.14:B2	wild_cluster	0.0184117629456478	0.31336405529953915	7594	1	11-20	0.7254813556265335
ENSMUSG00000055407.15:B1	wild_cluster	2.4696263863334776e-24	0.3853820598006645	1504	16	>20	0.75399379497989
ENSMUSG00000078517.13:B1	wild_cluster	9.474974144900786e-30	0.22969363707776905	6364	10	>20	0.6983043657362142
ENSMUSG00000078517.13:B3	wild_cluster	1.6957279601156594e-11	0.18777487886694	13414	5	>20	0.6703792144449181
ENSMUSG00000001729.15:B1	wild_cluster	0.0029232721380656	0.3313356164383562	1167	3	6-10	0.733144833989019
ENSMUSG00000003970.10:B1	wild_cluster	2.605147697013808e-43	0.09813391877058178	4554	1	6-10	0.6443643400857324
ENSMUSG00000006288.9:B1	wild_cluster	0.1453444837974633	0.5610366982467603	9182	3	>20	0.8140754004263798
ENSMUSG00000010097.16:B1	wild_cluster	0.0792866155194247	0.43943324685691476	5010	3	11-20	0.7763032918933944
ENSMUSG00000016150.16:B1	wild_cluster	0.000134173245459	0.3421970357454228	2293	5	11-20	0.7340257026294947
ENSMUSG00000018909.16:B1	wild_cluster	0.0412719546456307	0.5136787178531494	13414	5	>20	0.8005197627271264
ENSMUSG00000020181.19:B1	wild_cluster	1.304897689814813e-13	0.2813605442176871	7349	8	>20	0.716584179179599
ENSMUSG00000020623.12:B1	wild_cluster	3.933272527986648e-80	0.028809566950534517	5518	7	>20	0.6443643400857324
ENSMUSG00000021087.19:B1	wild_cluster	1.2884882007755856e-48	0.07729805013927576	4307	9	>20	0.6443643400857324
ENSMUSG00000021670.15:B1	wild_cluster	2.213516047146417e-22	0.12267657992565056	11835	4	>20	0.6443643400857324
ENSMUSG00000022240.11:B1	wild_cluster	0.0002412561030978	0.6545168892380204	6364	10	>20	0.8596602041698637
ENSMUSG00000022684.16:B1	wild_cluster	0.0522821680007181	0.5570422535211268	4259	4	11-20	0.8140754004263798
ENSMUSG00000023852.15:B1	wild_cluster	1.6554259055910347e-73	0.0369823849488149	10842	6	>20	0.6443643400857324
ENSMUSG00000024442.7:B1	wild_cluster	0.9695502226506538	0.9719046063377981	9182	3	>20	1.0
ENSMUSG00000024943.10:B1	wild_cluster	0.2902215011355937	0.6786921257181481	11835	4	>20	0.8666287410476552
ENSMUSG00000025423.17:B1	wild_cluster	0.4083484580107546	0.6190998902305159	4554	1	6-10	0.8415031677650375
ENSMUSG00000026123.12:B1	wild_cluster	2.9032725839029707e-123	0.0032053671263510995	13414	5	>20	0.6443643400857324
ENSMUSG00000026617.17:B1	wild_cluster	0.661138022269593	0.8271368340360291	2608	1	>20	0.9322655316685853
ENSMUSG00000027016.18:B1	wild_cluster	4.171935098020589e-09	0.4426229508196721	609	6	6-10	0.7767748006946728
ENSMUSG00000027660.17:B1	wild_cluster	5.447747929143351e-06	0.2661439616683001	9182	3	>20	0.7120777874931182
ENSMUSG00000028180.19:B1	wild_cluster	1.1338147841288736e-07	0.49930362116991645	4307	9	>20	0.7937531741859992
ENSMUSG00000028796.18:B1	wild_cluster	0.0361641051371374	0.4349315068493151	1167	3	6-10	0.7722954402821961
ENSMUSG00000029179.15:B1	wild_cluster	3.651851202756086e-101	0.04878579984754437	9182	3	>20	0.6443643400857324
ENSMUSG00000029686.16:B1	wild_cluster	1.034006379255299e-194	0.037524687294272545	7594	1	11-20	0.6443643400857324
ENSMUSG00000030287.16:B1	wild_cluster	0.6833568883872715	0.830542264752791	7523	2	11-20	0.9344330805976538
ENSMUSG00000031012.18:B1	wild_cluster	8.997231996306758e-34	0.3026315789473684	75	10	6-10	0.7241446338884063
ENSMUSG00000031666.16:B1	wild_cluster	0.0051047528884996	0.40424897502795376	13414	5	>20	0.7560842414254448
ENSMUSG00000032120.12:B1	wild_cluster	0.5623428309415713	0.8997509914230379	10842	6	>20	0.9661479640492118
ENSMUSG00000032537.16:B1	wild_cluster	0.1007683762392653	0.45121951219512196	1639	2	1-5	0.7778692204099955
ENSMUSG00000033278.11:B1	wild_cluster	0.3665557131108531	0.6702573309395572	5012	2	>20	0.8633200488841525
ENSMUSG00000034118.16:B1	wild_cluster	1.1369238086180966e-31	0.09996272828922848	13414	5	>20	0.6443643400857324
ENSMUSG00000034850.16:B1	wild_cluster	0.0545454160129943	0.5151233524839472	11835	4	>20	0.8006610969250729
ENSMUSG00000035681.8:B1	wild_cluster	0.717519734458237	0.8557174216723209	5010	3	11-20	0.944819628644095
ENSMUSG00000036578.8:B1	wild_cluster	1.6201056227621967e-05	0.2798006899195094	2608	1	>20	0.716584179179599
ENSMUSG00000037419.10:B1	wild_cluster	0.3044868072531418	0.6324087008581122	5010	3	11-20	0.8471216041555432
ENSMUSG00000038170.16:B1	wild_cluster	0.0004200309602347	0.6434540389972145	4307	9	>20	0.8559080944767682
ENSMUSG00000038733.15:B1	wild_cluster	0.0030538862781859	0.7238020424194815	6364	10	>20	0.8855004034606773
ENSMUSG00000039620.18:B1	wild_cluster	1.0	1.0	7523	2	11-20	1.0
ENSMUSG00000040462.14:B1	wild_cluster	5.3872291911947877e-33	0.12244897959183673	7349	8	>20	0.6443643400857324
ENSMUSG00000041308.7:B1	wild_cluster	0.6681413767142231	0.8300418910831837	5012	2	>20	0.9344330805976538
ENSMUSG00000042401.9:B1	wild_cluster	0.7790273387492535	0.8804769828064337	3605	1	1-5	0.9572162288980376
ENSMUSG00000044308.18:B1	wild_cluster	2.9816396552806003e-28	0.16289182822975176	5518	7	>20	0.6614303193836947
ENSMUSG00000047036.9:B1	wild_cluster	0.0004860397116641	0.5696598639455782	7349	8	>20	0.8151466417247994
ENSMUSG00000049550.18:B1	wild_cluster	2.640895377077128e-05	0.5812441968430826	4307	9	>20	0.8212791232259455
ENSMUSG00000052337.16:B1	wild_cluster	2.991578734479802e-18	0.1089845826687932	7523	2	11-20	0.6443643400857324
ENSMUSG00000054423.15:B1	wild_cluster	1.0915513722371336e-42	0.07863945578231292	7349	8	>20	0.6443643400857324
ENSMUSG00000056537.12:B1	wild_cluster	0.2282348783207845	0.7004694835680751	4259	4	11-20	0.8765844221097139
ENSMUSG00000058655.10:B1	wild_cluster	1.1063367464854854e-11	0.14254577157802964	2293	5	11-20	0.6614288040064168
ENSMUSG00000060985.16:B1	wild_cluster	0.6358275928003758	0.7798551678736011	7594	1	11-20	0.9093153926407422
ENSMUSG00000063273.12:B1	wild_cluster	0.006138369119003	0.41147968691762954	13414	5	>20	0.757891303720468
ENSMUSG00000068373.16:B2	wild_cluster	1.22737791305345e-40	0.08244950659411603	10842	6	>20	0.6443643400857324
ENSMUSG00000072294.6:B1	wild_cluster	0.0039178910603083	0.274595889044103	5010	3	11-20	0.7143986285913825
ENSMUSG00000083674.5:B1	wild_cluster	0.008627818415368	0.3910486769029729	9182	3	>20	0.7545994212484498
ENSMUSG00000091712.3:B1	wild_cluster	0.1579254176324931	0.4485181119648738	4554	1	6-10	0.777685087309708
ENSMUSG00000112941.3:B1	wild_cluster	0.6192630197747178	0.7701119157340356	7594	1	11-20	0.9030837697288013
ENSMUSG00000072825.12:B2	wild_cluster	2.5931666089930782e-20	0.20843537414965987	7349	8	>20	0.6855172201020898
ENSMUSG00000072825.12:B3	wild_cluster	1.1155508365357936e-06	0.25173313455087587	13414	5	>20	0.7090359082906939
ENSMUSG00000072825.12:B4	wild_cluster	1.9444966721340947e-11	0.3202721088435374	7349	8	>20	0.7266310461423763
ENSMUSG00000072825.12:B5	wild_cluster	6.263156632831455e-69	0.02724252491694352	1504	16	>20	0.6443643400857324
ENSMUSG00000000127.16:B1	wild_cluster	3.347232953534494e-13	0.13343965975544922	7523	2	11-20	0.6505068413725715
ENSMUSG00000000127.16:B2	wild_cluster	0.0145590420706959	0.3074391046741277	7594	1	11-20	0.7244864969571635
ENSMUSG00000000127.16:B3	wild_cluster	0.6955897822161262	0.8176431863067808	7594	1	11-20	0.9273773374458341
ENSMUSG00000002496.11:B1	wild_cluster	3.99166269607226e-45	0.071382458729134	10842	6	>20	0.6443643400857324
ENSMUSG00000002496.11:B2	wild_cluster	0.9138878824223018	0.9460960470434499	9182	3	>20	0.9910804473508007
ENSMUSG00000002496.11:B3	wild_cluster	0.0947275553554812	0.5199825765000544	9182	3	>20	0.8023291109967919
ENSMUSG00000020893.18:B1	wild_cluster	2.257070611464519e-37	0.1682639434406913	6364	10	>20	0.6614303193836947
ENSMUSG00000020893.18:B2	wild_cluster	0.0526721198622199	0.5332836377189712	13414	5	>20	0.8060056022408963
ENSMUSG00000020893.18:B3	wild_cluster	0.0632264696607224	0.5479686917629519	13414	5	>20	0.8121217694098929
ENSMUSG00000026594.15:B2	wild_cluster	0.7140275118727086	0.8535222510476951	5010	3	11-20	0.9435225439569387
ENSMUSG00000026594.15:B3	wild_cluster	0.0890659952097152	0.44841349032129313	5010	3	11-20	0.777685087309708
ENSMUSG00000031166.14:B2	wild_cluster	1.150199943336137e-12	0.17903007772896248	11835	4	>20	0.6657727290896736
ENSMUSG00000031166.14:B3	wild_cluster	0.0210017695964471	0.4697726425642937	13414	5	>20	0.7860430967506752
ENSMUSG00000040111.18:B1	wild_cluster	4.9276606916116615e-22	0.4192691029900332	1504	16	>20	0.7622458095605295
ENSMUSG00000040111.18:B2	wild_cluster	7.64402409380549e-12	0.311156462585034	7349	8	>20	0.7248494589545662
ENSMUSG00000040111.18:B3	wild_cluster	1.2797002441123696e-49	0.062040816326530614	7349	8	>20	0.6443643400857324
ENSMUSG00000062270.15:B1	wild_cluster	4.455708868378023e-15	0.3931707317073171	1024	10	11-20	0.7545994212484498
ENSMUSG00000062270.15:B2	wild_cluster	6.0097427775251e-14	0.11900610287707061	2293	5	11-20	0.6443643400857324
ENSMUSG00000062270.15:B3	wild_cluster	7.92264362198055e-06	0.2833478639930253	2293	5	11-20	0.716584179179599
ENSMUSG00000020923.18:B1	wild_cluster	1.0059408973090304e-47	0.22088835534213686	832	20	>20	0.6921980188289953
ENSMUSG00000020923.18:B2	wild_cluster	3.5521954264051944e-08	0.7179190751445087	864	15	>20	0.8839207433174819
ENSMUSG00000024109.19:B1	wild_cluster	1.5644513929528794e-72	0.3333333333333333	32	44	>20	0.7337812708493854
ENSMUSG00000024109.19:B2	wild_cluster	0.0075452166929911	0.8508064516129032	1487	11	>20	0.9420201575102494
ENSMUSG00000027520.17:B1	wild_cluster	6.910691421811984e-36	0.09360877985797289	10842	6	>20	0.6443643400857324
ENSMUSG00000027520.17:B2	wild_cluster	6.392639054086641e-40	0.10029402156158118	9182	3	>20	0.6443643400857324
ENSMUSG00000029673.20:B1	wild_cluster	8.931058998731826e-38	0.29169121979964646	1696	18	>20	0.716584179179599
ENSMUSG00000029673.20:B3	wild_cluster	1.08112558242913e-13	0.35886722376973074	4307	9	>20	0.7428782721323877
ENSMUSG00000032177.18:B1	wild_cluster	5.668970878562126e-44	0.12863556509857504	5122	12	>20	0.6443643400857324
ENSMUSG00000032177.18:B2	wild_cluster	0.0219536136175746	0.6102554643548833	10842	6	>20	0.8359867665263727
ENSMUSG00000040720.16:B1	wild_cluster	1.842100257032316e-27	0.15088874259381171	7594	1	11-20	0.6614303193836947
ENSMUSG00000040720.16:B3	wild_cluster	2.280687758591069e-27	0.15128373930217248	7594	1	11-20	0.6614303193836947
ENSMUSG00000048038.9:B1	wild_cluster	2.7459884406967586e-08	0.2004787552363854	5012	2	>20	0.6828427905627187
ENSMUSG00000048038.9:B2	wild_cluster	0.0057209935383549	0.3401156991821265	5012	2	>20	0.7337812708493854
ENSMUSG00000059923.14:B1	wild_cluster	1.5119632418457242e-47	0.01875532821824382	2345	6	11-20	0.6443643400857324
ENSMUSG00000059923.14:B3	wild_cluster	0.9980209958412574	0.9882259030133705	5010	3	11-20	1.0
ENSMUSG00000110424.3:B1	wild_cluster	7.502228944591585e-29	0.09367296631059983	1216	8	11-20	0.6443643400857324
ENSMUSG00000110424.3:B2	wild_cluster	8.9862648015727e-14	0.16747860434496378	7594	1	11-20	0.6614303193836947
ENSMUSG00000002342.18:B1	wild_cluster	0.0221442654282624	0.3198682766190999	4554	1	6-10	0.7266310461423763
ENSMUSG00000004865.17:B1	wild_cluster	4.862898178918675e-32	0.10550585631282855	10842	6	>20	0.6443643400857324
ENSMUSG00000007617.19:B1	wild_cluster	8.817306935182896e-07	0.6970525082959204	5122	12	>20	0.8762492329020607
ENSMUSG00000013698.13:B1	wild_cluster	0.4169928416777002	0.740959783710713	11835	4	>20	0.8915949955812077
ENSMUSG00000017412.16:B1	wild_cluster	0.4748501912557018	0.7293953302733985	5010	3	11-20	0.8885332140836532
ENSMUSG00000019891.16:B1	wild_cluster	9.29480477536418e-59	0.07840574975498203	9182	3	>20	0.6443643400857324
ENSMUSG00000020368.16:B1	wild_cluster	8.54099202426499e-45	0.09331476323119778	4307	9	>20	0.6443643400857324
ENSMUSG00000020776.19:B1	wild_cluster	0.1583293644877301	0.6033288273065225	11835	4	>20	0.8315654223084381
ENSMUSG00000021209.13:B1	wild_cluster	1.4672357556141086e-12	0.23074794798487502	10842	6	>20	0.6983043657362142
ENSMUSG00000021911.17:B3	wild_cluster	3.597485646357235e-05	0.607069913589945	6364	10	>20	0.8335955022165776
ENSMUSG00000022415.13:B1	wild_cluster	2.7391725918183297e-06	0.26241973639743155	11835	4	>20	0.7120777874931182
ENSMUSG00000022836.12:B1	wild_cluster	2.0269071457198388e-72	0.009151414309484194	3605	1	1-5	0.6443643400857324
ENSMUSG00000024122.17:B1	wild_cluster	3.787181933868084e-26	0.21060842433697347	640	9	11-20	0.6855172201020898
ENSMUSG00000024614.8:B1	wild_cluster	5.6569634018152175e-05	0.28912120222149623	9182	3	>20	0.716584179179599
ENSMUSG00000025189.10:B1	wild_cluster	0.0400199352493016	0.5111442415206858	13414	5	>20	0.7996188273754362
ENSMUSG00000025757.14:B1	wild_cluster	0.0002072846369817	0.4825149483602102	5518	7	>20	0.7897176352473404
ENSMUSG00000026313.17:B1	wild_cluster	0.994484598018926	0.9789787551248602	13414	5	>20	1.0
ENSMUSG00000026821.17:B1	wild_cluster	0.8434392850744941	0.974937343358396	797	4	6-10	1.0
ENSMUSG00000027309.19:B1	wild_cluster	4.433300375955245e-47	0.11087253562365801	5122	12	>20	0.6443643400857324
ENSMUSG00000027894.15:B1	wild_cluster	8.620969945235992e-09	0.38	7349	8	>20	0.7515598212949701
ENSMUSG00000028423.16:B1	wild_cluster	6.90482083563388e-06	0.575490966221524	6364	10	>20	0.818023200800497
ENSMUSG00000028954.12:B1	wild_cluster	7.938862703894668e-15	0.16235557212076035	13414	5	>20	0.6614303193836947
ENSMUSG00000029406.16:B1	wild_cluster	1.330710086902213e-13	0.703594578668238	1696	18	>20	0.876714492999416
ENSMUSG00000029838.12:B1	wild_cluster	2.4624104874330532e-08	0.3933333333333333	7349	8	>20	0.7545994212484498
ENSMUSG00000030541.17:B1	wild_cluster	0.0	0.011325274964608516	9182	3	>20	0.6443643400857324
ENSMUSG00000031328.17:B1	wild_cluster	1.0	1.0	10842	6	>20	1.0
ENSMUSG00000031833.11:B1	wild_cluster	2.8082134325016045e-05	0.5009523809523809	7349	8	>20	0.7947360284974964
ENSMUSG00000032295.16:B1	wild_cluster	0.1047700090826631	0.5285854295981706	9182	3	>20	0.804716434469645
ENSMUSG00000032740.18:B1	wild_cluster	2.939815904985372e-67	0.04502688172043011	1487	11	>20	0.6443643400857324
ENSMUSG00000033628.16:B1	wild_cluster	2.7966238925323304e-24	0.27148468185388847	6364	10	>20	0.7137263202455285
ENSMUSG00000034353.15:B1	wild_cluster	1.5111383063975817e-05	0.39583141197085675	10842	6	>20	0.7545994212484498
ENSMUSG00000035067.10:B1	wild_cluster	0.1295334901922685	0.5473156920396385	9182	3	>20	0.8115868573252687
ENSMUSG00000036062.14:B1	wild_cluster	1.3136531836709079e-33	0.09280655982109579	13414	5	>20	0.6443643400857324
ENSMUSG00000036955.17:B1	wild_cluster	0.084828883558106	0.3972350230414747	7594	1	11-20	0.7554858983056134
ENSMUSG00000037791.16:B1	wild_cluster	0.1627586890592965	0.6065393714092598	11835	4	>20	0.8335955022165776
ENSMUSG00000038371.16:B1	wild_cluster	3.8995665963973e-06	0.2624414679298704	9182	3	>20	0.7120777874931182
ENSMUSG00000039114.17:B1	wild_cluster	7.124619701645263e-19	0.1694180577330997	10842	6	>20	0.662927404323774
ENSMUSG00000039952.16:B1	wild_cluster	4.233817770640752e-33	0.2727272727272727	417	15	11-20	0.7137263202455285
ENSMUSG00000040731.14:B1	wild_cluster	0.1403164335431836	0.6453051643192488	4259	4	11-20	0.8561895981180788
ENSMUSG00000041688.17:B1	wild_cluster	0.0246322081788159	0.3594009983361065	3605	1	1-5	0.7428782721323877
ENSMUSG00000042700.17:B1	wild_cluster	9.415892374106994e-32	0.44537815126050423	832	20	>20	0.7767748006946728
ENSMUSG00000045114.11:B1	wild_cluster	0.0	0.08010732081257187	2608	1	>20	0.6443643400857324
ENSMUSG00000050711.8:B1	wild_cluster	0.1517689624013737	0.7578161025546436	10842	6	>20	0.8995879156257244
ENSMUSG00000052889.12:B1	wild_cluster	0.0101679363183648	0.5666328506870792	10842	6	>20	0.815001194671121
ENSMUSG00000055067.16:B1	wild_cluster	5.860141322022443e-21	0.10340244550770866	7523	2	11-20	0.6443643400857324
ENSMUSG00000057335.12:B1	wild_cluster	1.5364967039725628e-20	0.20639455782312927	7349	8	>20	0.685396970798245
ENSMUSG00000059273.10:B1	wild_cluster	5.320712744204007e-33	0.09467014535967201	13414	5	>20	0.6443643400857324
ENSMUSG00000061665.8:B1	wild_cluster	0.9120292180640842	0.9383237580263603	11835	4	>20	0.9868312552249159
ENSMUSG00000064210.8:B1	wild_cluster	0.0321105928337331	0.35832004253056887	7523	2	11-20	0.7428782721323877
ENSMUSG00000069769.14:B1	wild_cluster	0.0798155066294674	0.5422440013518081	11835	4	>20	0.8101288001417618
ENSMUSG00000086040.9:B2	wild_cluster	8.972219282389715e-09	0.34009784381228486	5518	7	>20	0.7337812708493854
ENSMUSG00000097497.3:B1	wild_cluster	0.450838193072304	0.7941110696980992	13414	5	>20	0.9161722785123567
ENSMUSG00000120039.1:B1	wild_cluster	0.0798261272691297	0.4743666467185318	5012	2	>20	0.7890601845572686
ENSMUSG00000000631.21:B2	wild_cluster	1.0	1.0	1504	16	>20	1.0
ENSMUSG00000000631.21:B4	wild_cluster	6.911614267718076e-08	0.4063945578231293	7349	8	>20	0.7561586111513262
ENSMUSG00000027457.16:B1	wild_cluster	3.0755363888806956e-42	0.2527990571596936	1696	18	>20	0.7090359082906939
ENSMUSG00000027457.16:B2	wild_cluster	1.851119235949068e-05	0.3983214977404777	10842	6	>20	0.7560842414254448
ENSMUSG00000027457.16:B3	wild_cluster	8.174988011610712e-12	0.5203982041772399	5122	12	>20	0.8024069065153092
ENSMUSG00000027457.16:B4	wild_cluster	4.7002206308234884e-20	0.33476478625805195	5122	12	>20	0.7337812708493854
ENSMUSG00000002997.16:B1	wild_cluster	0.6206636583933853	0.7439024390243902	1639	2	1-5	0.8929376369686274
ENSMUSG00000002997.16:B2	wild_cluster	1.5363664754136096e-23	0.10232945091514144	3605	1	1-5	0.6443643400857324
ENSMUSG00000002997.16:B3	wild_cluster	0.426074167350608	0.6253466444814199	3605	1	1-5	0.844923859816097
ENSMUSG00000021143.11:B1	wild_cluster	9.761289222850725e-62	0.04749608042054782	10842	6	>20	0.6443643400857324
ENSMUSG00000021143.11:B3	wild_cluster	1.4502332216167904e-28	0.11024972046216922	13414	5	>20	0.6443643400857324
ENSMUSG00000021143.11:B4	wild_cluster	3.400200957743157e-16	0.4056217060316221	5122	12	>20	0.7560842414254448
ENSMUSG00000026812.17:B2	wild_cluster	1.228744831316001e-89	0.011468970934799686	6364	10	>20	0.6443643400857324
ENSMUSG00000026812.17:B3	wild_cluster	2.191447930759313e-10	0.45011783189316573	6364	10	>20	0.7777126539019709
ENSMUSG00000031285.15:B1	wild_cluster	2.390681570625366e-22	0.12276106792835417	11835	4	>20	0.6443643400857324
ENSMUSG00000031285.15:B2	wild_cluster	1.2246735324830878e-36	0.11091162976261719	5012	2	>20	0.6443643400857324
ENSMUSG00000031285.15:B4	wild_cluster	0.1915892225386717	0.5537602234191104	5012	2	>20	0.8140754004263798
ENSMUSG00000040187.16:B1	wild_cluster	0.311904490327387	0.6672111510399652	9182	3	>20	0.8633200488841525
ENSMUSG00000040187.16:B2	wild_cluster	1.4215934547938245e-78	0.05662637482304258	9182	3	>20	0.6443643400857324
ENSMUSG00000040187.16:B3	wild_cluster	0.1040632491923225	0.528040945224872	9182	3	>20	0.804224962646011
ENSMUSG00000062785.15:B1	wild_cluster	0.002352349463506	0.5517303859394818	5518	7	>20	0.8136350192412115
ENSMUSG00000062785.15:B2	wild_cluster	1.7814415104170118e-49	0.26006006006006005	1664	14	>20	0.7109417935409196
ENSMUSG00000062785.15:B3	wild_cluster	3.76247581052246e-37	0.11360753759739083	5518	7	>20	0.6443643400857324
ENSMUSG00000020964.15:B1	wild_cluster	0.9525608081228076	0.9693626537458069	13414	5	>20	1.0
ENSMUSG00000020964.15:B2	wild_cluster	9.823505716344852e-11	0.4422623723487824	6364	10	>20	0.7767748006946728
ENSMUSG00000024130.17:B1	wild_cluster	0.00011363103538	0.5310204081632653	7349	8	>20	0.805760295343247
ENSMUSG00000024130.17:B2	wild_cluster	0.0037609768946998	0.39160189253126054	11835	4	>20	0.7545994212484498
ENSMUSG00000027525.19:B1	wild_cluster	1.0396385904923612e-44	0.3313343328335832	1333	24	>20	0.733144833989019
ENSMUSG00000027525.19:B2	wild_cluster	4.6945720363838677e-11	0.5447979699394886	5122	12	>20	0.810767580825247
ENSMUSG00000029687.17:B1	wild_cluster	3.223357443094576e-57	0.021353601158161418	2762	2	6-10	0.6443643400857324
ENSMUSG00000029687.17:B2	wild_cluster	7.5479621806586445e-50	0.07277397260273973	1167	3	6-10	0.6443643400857324
ENSMUSG00000032178.15:B1	wild_cluster	1.7251122458679354e-68	0.007177033492822967	417	15	11-20	0.6443643400857324
ENSMUSG00000032178.15:B2	wild_cluster	0.1351329082686695	0.6512641673931997	2293	5	11-20	0.858172244021051
ENSMUSG00000036815.18:B1	wild_cluster	4.0393700287622406e-10	0.2692981647145624	10842	6	>20	0.7122245069213572
ENSMUSG00000036815.18:B2	wild_cluster	0.0002231242340157	0.30785146466296415	9182	3	>20	0.7244864969571635
ENSMUSG00000040811.16:B1	wild_cluster	1.3087081619547415e-09	0.3115942028985507	2345	6	11-20	0.7249995021759988
ENSMUSG00000040811.16:B2	wild_cluster	0.2202021289895868	0.5691478746757135	5010	3	11-20	0.815001194671121
ENSMUSG00000048148.19:B1	wild_cluster	3.7036198060490826e-17	0.1513180128421764	11835	4	>20	0.6614303193836947
ENSMUSG00000048148.19:B2	wild_cluster	6.164709256149958e-05	0.25513664472371833	5012	2	>20	0.7098356155184639
ENSMUSG00000060240.13:B1	wild_cluster	0.1428365610138429	0.8702439024390244	1024	10	11-20	0.9510492429182921
ENSMUSG00000060240.13:B4	wild_cluster	0.1065040749707441	0.6294681778552746	2293	5	11-20	0.846115538643649
ENSMUSG00000000440.13:B1	wild_cluster	3.431331935421036e-05	0.296214937478878	11835	4	>20	0.720475949673117
ENSMUSG00000002372.10:B1	wild_cluster	2.8269703052144628e-58	0.04714430550861778	11835	4	>20	0.6443643400857324
ENSMUSG00000007653.13:B1	wild_cluster	6.361099156888825e-172	0.009968102073365232	7523	2	11-20	0.6443643400857324
ENSMUSG00000013787.16:B1	wild_cluster	0.0157673872922333	0.45613119642191574	13414	5	>20	0.7800160213149454
ENSMUSG00000017421.19:B1	wild_cluster	2.245114492727527e-27	0.24907280890103456	5122	12	>20	0.7068085770714748
ENSMUSG00000019907.11:B1	wild_cluster	0.0949586256261958	0.5868803578084234	13414	5	>20	0.8237945952877527
ENSMUSG00000020376.18:B1	wild_cluster	3.0254371884786287e-25	0.531812725090036	832	20	>20	0.8058683243567343
ENSMUSG00000020777.17:B1	wild_cluster	1.672051841500202e-23	0.1449783270312644	10842	6	>20	0.6614303193836947
ENSMUSG00000021218.11:B1	wild_cluster	0.5788366350895038	0.7723488961273978	2762	2	6-10	0.9052347854506726
ENSMUSG00000021913.9:B1	wild_cluster	0.4548610478318329	0.7956019381289601	13414	5	>20	0.9169511186433746
ENSMUSG00000022419.17:B1	wild_cluster	2.474110761121655e-39	0.07130787428185198	11835	4	>20	0.6443643400857324
ENSMUSG00000022837.15:B1	wild_cluster	0.1001142987518249	0.5585501858736059	11835	4	>20	0.8140754004263798
ENSMUSG00000024127.16:B1	wild_cluster	1.8902360695048475e-06	0.25717480432351847	13414	5	>20	0.7109417935409196
ENSMUSG00000024617.17:B1	wild_cluster	2.4386872269610724e-68	0.09070464767616192	1333	24	>20	0.6443643400857324
ENSMUSG00000025198.17:B1	wild_cluster	6.77963732774657e-06	0.38384211011712627	10842	6	>20	0.7527625851099453
ENSMUSG00000025764.15:B1	wild_cluster	3.778636188180838e-24	0.030612244897959183	195	8	6-10	0.6443643400857324
ENSMUSG00000026319.14:B1	wild_cluster	0.0005440799050984	0.28047077598244563	5012	2	>20	0.716584179179599
ENSMUSG00000026824.12:B1	wild_cluster	0.6079525837899388	0.8576966082743198	13414	5	>20	0.9453797378772596
ENSMUSG00000027318.18:B1	wild_cluster	4.9179914389155855e-126	0.1567650440781909	2608	1	>20	0.6614303193836947
ENSMUSG00000027895.11:B1	wild_cluster	2.6202828603117877e-24	0.14163175743068024	5012	2	>20	0.6607251883986351
ENSMUSG00000028433.15:B1	wild_cluster	0.3792062848038226	0.6463317384370016	7523	2	11-20	0.8561895981180788
ENSMUSG00000028969.11:B1	wild_cluster	0.0012402043484701	0.3002194294833433	5012	2	>20	0.7237461420681564
ENSMUSG00000029419.9:B1	wild_cluster	2.692574879210202e-19	0.3501854382197931	5122	12	>20	0.7413293214984203
ENSMUSG00000029861.18:B1	wild_cluster	0.6974712124248396	0.8381180223285486	7523	2	11-20	0.9364621519438283
ENSMUSG00000030555.17:B1	wild_cluster	0.3523348760882241	0.5936333699231614	4554	1	6-10	0.8286170851209356
ENSMUSG00000031343.14:B1	wild_cluster	0.080490800721086	0.38748627881448955	4554	1	6-10	0.7545994212484498
ENSMUSG00000031835.17:B1	wild_cluster	8.985131107632271e-43	0.07839158904362262	10842	6	>20	0.6443643400857324
ENSMUSG00000032305.16:B1	wild_cluster	0.0427366341257631	0.38674915186589504	5010	3	11-20	0.7545994212484498
ENSMUSG00000032773.10:B1	wild_cluster	0.0685909491350357	0.6922438439546251	10842	6	>20	0.8744951734813134
ENSMUSG00000033676.14:B1	wild_cluster	4.6916400283521645e-48	0.26786786786786787	1664	14	>20	0.7120777874931182
ENSMUSG00000034354.18:B1	wild_cluster	7.327579248962658e-30	0.025283347863993024	2293	5	11-20	0.6443643400857324
ENSMUSG00000035126.20:B2	wild_cluster	7.48097023342905e-25	0.1386257214417946	9182	3	>20	0.6585723958383003
ENSMUSG00000036067.13:B1	wild_cluster	0.9126058625286906	0.9461487820934825	7594	1	11-20	0.9910804473508007
ENSMUSG00000036959.16:B1	wild_cluster	0.000105081681537	0.23173140223831468	7594	1	11-20	0.6983043657362142
ENSMUSG00000037795.15:B1	wild_cluster	3.561643727693232e-113	0.013264616424467725	11835	4	>20	0.6443643400857324
ENSMUSG00000038383.17:B1	wild_cluster	4.9097044329301957e-113	0.010329244673983214	10842	6	>20	0.6443643400857324
ENSMUSG00000039117.17:B1	wild_cluster	0.0293895859172943	0.4415768267450724	9182	3	>20	0.7767748006946728
ENSMUSG00000039953.14:B1	wild_cluster	0.0001363875846207	0.7936755807144251	5122	12	>20	0.9161722785123567
ENSMUSG00000040759.10:B1	wild_cluster	0.0280414263980755	0.363006100942873	3605	1	1-5	0.7452850769350146
ENSMUSG00000041762.17:B1	wild_cluster	0.0157344258100119	0.3053787047200878	4554	1	6-10	0.7244864969571635
ENSMUSG00000042724.9:B1	wild_cluster	0.3997930001072616	0.7125122508983992	9182	3	>20	0.8815231370498631
ENSMUSG00000045178.11:B1	wild_cluster	0.6793080141991363	0.8408138839018552	5012	2	>20	0.938547958774792
ENSMUSG00000048000.16:B1	wild_cluster	0.0993332917565561	0.720649266808079	10842	6	>20	0.8854985251623729
ENSMUSG00000050751.16:B1	wild_cluster	3.545430369120255e-26	0.2556166535742341	6364	10	>20	0.7102920114151771
ENSMUSG00000052915.15:B1	wild_cluster	0.0011851119213521	0.6959937156323645	6364	10	>20	0.8762492329020607
ENSMUSG00000055116.9:B1	wild_cluster	2.4939150352763467e-74	0.03428997390980246	13414	5	>20	0.6443643400857324
ENSMUSG00000057406.17:B1	wild_cluster	0.2268889652480503	0.6445589726258871	11835	4	>20	0.8561895981180788
ENSMUSG00000059326.8:B1	wild_cluster	1.511589129874011e-10	0.1747202106649111	7594	1	11-20	0.6642188120430711
ENSMUSG00000061751.17:B1	wild_cluster	3.103705679850754e-68	0.5668202764976958	216	40	>20	0.815001194671121
ENSMUSG00000064289.16:B1	wild_cluster	0.0043034844002839	0.395910780669145	11835	4	>20	0.7545994212484498
ENSMUSG00000069808.14:B1	wild_cluster	0.0001020777634842	0.2972884678209735	9182	3	>20	0.721321614313598
ENSMUSG00000074736.11:B1	wild_cluster	4.208470672712688e-136	0.00027210884353741496	7349	8	>20	0.4709086148206337
ENSMUSG00000086370.11:B1	wild_cluster	0.0015931821444635	0.49617264594669375	10842	6	>20	0.7926515746625724
ENSMUSG00000097520.4:B1	wild_cluster	0.5930634662534338	0.851882221393962	13414	5	>20	0.9422047890251545
ENSMUSG00000120166.1:B1	wild_cluster	0.0085181587622478	0.3906130894043341	9182	3	>20	0.7545994212484498
ENSMUSG00000004040.17:B2	wild_cluster	0.474021388495062	0.6813643926788685	3605	1	1-5	0.8678227505620943
ENSMUSG00000004040.17:B3	wild_cluster	1.8210245534369235e-25	0.0829173599556295	3605	1	1-5	0.6443643400857324
ENSMUSG00000004040.17:B4	wild_cluster	0.9187279957915414	0.9364947310038824	3605	1	1-5	0.9862087690428845
ENSMUSG00000028256.17:B1	wild_cluster	2.5914147285825324e-22	0.09928229665071771	7523	2	11-20	0.6443643400857324
ENSMUSG00000028256.17:B2	wild_cluster	9.376253487922541e-21	0.15576036866359447	7594	1	11-20	0.6614303193836947
ENSMUSG00000028256.17:B3	wild_cluster	9.357317050911952e-21	0.1554970375246873	7594	1	11-20	0.6614303193836947
ENSMUSG00000028256.17:B4	wild_cluster	3.954933527820635e-188	0.04226464779460171	7594	1	11-20	0.6443643400857324
ENSMUSG00000003038.16:B1	wild_cluster	5.079887687592732e-14	0.12414383561643835	1167	3	6-10	0.6443643400857324
ENSMUSG00000003038.16:B2	wild_cluster	1.4999837274355179e-09	0.18111964873765093	4554	1	6-10	0.6668646455521224
ENSMUSG00000003038.16:B3	wild_cluster	0.0005438425412773	0.24215148188803512	4554	1	6-10	0.7013329136281762
ENSMUSG00000021189.12:B1	wild_cluster	9.404567340556987e-226	0.05146618791143028	5012	2	>20	0.6443643400857324
ENSMUSG00000021189.12:B2	wild_cluster	0.0	0.029323758228605626	5012	2	>20	0.6443643400857324
ENSMUSG00000021189.12:B3	wild_cluster	0.0072636522081687	0.5517845614682283	10842	6	>20	0.8136350192412115
ENSMUSG00000026814.17:B1	wild_cluster	1.4840687167143834e-10	0.21408763172490294	3605	1	1-5	0.6855172201020898
ENSMUSG00000026814.17:B3	wild_cluster	0.0846445912152409	0.3935108153078203	3605	1	1-5	0.7545994212484498
ENSMUSG00000026814.17:B4	wild_cluster	0.0041246515748612	0.29634146341463413	1639	2	1-5	0.720475949673117
ENSMUSG00000031302.17:B1	wild_cluster	0.0552111604988525	0.8517073170731707	1024	10	11-20	0.9422047890251545
ENSMUSG00000031302.17:B2	wild_cluster	0.4838168694059608	0.8151700087183958	2293	5	11-20	0.926367907251676
ENSMUSG00000031302.17:B3	wild_cluster	0.4785078910751069	0.8034001743679163	2293	5	11-20	0.9202155296604343
ENSMUSG00000040268.18:B1	wild_cluster	2.4828883475947832e-14	0.5543543543543543	1664	14	>20	0.8140754004263798
ENSMUSG00000040268.18:B2	wild_cluster	6.782223956876917e-20	0.21543757927160717	5518	7	>20	0.6855172201020898
ENSMUSG00000040268.18:B3	wild_cluster	5.645195206853736e-20	0.2145316180467476	5518	7	>20	0.6855172201020898
ENSMUSG00000063626.7:B1	wild_cluster	0.0002276894992103	0.30817815528694326	9182	3	>20	0.7244864969571635
ENSMUSG00000063626.7:B4	wild_cluster	1.809750506019164e-05	0.2775781335075683	9182	3	>20	0.715030762442895
ENSMUSG00000063626.7:B5	wild_cluster	2.264224063467069e-13	0.1912229119024284	9182	3	>20	0.6713650685322653
ENSMUSG00000021010.10:B1	wild_cluster	7.707202500880283e-70	0.07256235827664399	440	22	>20	0.6443643400857324
ENSMUSG00000021010.10:B3	wild_cluster	1.170326863289063e-79	0.03494623655913978	1487	11	>20	0.6443643400857324
ENSMUSG00000024211.16:B1	wild_cluster	2.125282913270684e-07	0.23615023474178404	4259	4	11-20	0.6995335185172045
ENSMUSG00000024211.16:B2	wild_cluster	0.3631662501311595	0.6376927166400851	7523	2	11-20	0.8519109077258589
ENSMUSG00000027544.17:B2	wild_cluster	0.0644980274168071	0.8090366581415175	2345	6	11-20	0.9231652171808158
ENSMUSG00000029729.13:B1	wild_cluster	1.0	1.0	13414	5	>20	1.0
ENSMUSG00000029729.13:B2	wild_cluster	0.0363350105108804	0.5045844204248975	13414	5	>20	0.7987313568472743
ENSMUSG00000032185.16:B1	wild_cluster	7.024978819536839e-09	0.21103286384976525	4259	4	11-20	0.6855172201020898
ENSMUSG00000032185.16:B3	wild_cluster	0.0004613245851499	0.23431685273790537	7523	2	11-20	0.6983043657362142
ENSMUSG00000036820.13:B1	wild_cluster	2.182596288788292e-20	0.1333887964503605	3605	1	1-5	0.6505068413725715
ENSMUSG00000036820.13:B3	wild_cluster	1.0585027612520991e-20	0.12839711591791458	3605	1	1-5	0.6443643400857324
ENSMUSG00000040813.17:B1	wild_cluster	1.836886430262813e-18	0.159846547314578	2345	6	11-20	0.6614303193836947
ENSMUSG00000040813.17:B2	wild_cluster	5.089026537764185e-24	0.06485731390939932	5010	3	11-20	0.6443643400857324
ENSMUSG00000048175.14:B1	wild_cluster	5.2257428042905005e-24	0.0821917808219178	1167	3	6-10	0.6443643400857324
ENSMUSG00000048175.14:B2	wild_cluster	4.305948487032809e-62	0.10849242922975642	7594	1	11-20	0.6443643400857324
ENSMUSG00000060261.17:B1	wild_cluster	2.461813557972601e-21	0.5615792575132587	1696	18	>20	0.8140754004263798
ENSMUSG00000060261.17:B2	wild_cluster	2.0046586843339656e-59	0.15217391304347827	1333	24	>20	0.6614303193836947
ENSMUSG00000000131.16:B1	wild_cluster	4.995486416921232e-17	0.0919790758500436	2293	5	11-20	0.6443643400857324
ENSMUSG00000000441.18:B1	wild_cluster	8.68834468870787e-35	0.09683666881859264	10842	6	>20	0.6443643400857324
ENSMUSG00000002416.14:B1	wild_cluster	7.484938158548373e-19	0.07802833765715426	5010	3	11-20	0.6443643400857324
ENSMUSG00000004937.7:B1	wild_cluster	8.682313204393881e-20	0.07759372275501308	2293	5	11-20	0.6443643400857324
ENSMUSG00000007656.14:B1	wild_cluster	4.5975058918122807e-10	0.2958226768968457	2345	6	11-20	0.720475949673117
ENSMUSG00000014039.19:B1	wild_cluster	2.1957541938443666e-42	0.06723816623183004	13414	5	>20	0.6443643400857324
ENSMUSG00000017478.16:B1	wild_cluster	1.7748054330563354e-37	0.11143323065772785	5518	7	>20	0.6443643400857324
ENSMUSG00000019916.15:B1	wild_cluster	0.0878521116824232	0.5490030415680973	11835	4	>20	0.8121217694098929
ENSMUSG00000020387.16:B3	wild_cluster	2.3448015395174407e-06	0.25328638497652584	4259	4	11-20	0.7091382301709003
ENSMUSG00000020780.16:B1	wild_cluster	0.4537451091606136	0.7401720570619623	9182	3	>20	0.8915949955812077
ENSMUSG00000021240.7:B1	wild_cluster	0.0141548827400937	0.4065120331046499	9182	3	>20	0.7561586111513262
ENSMUSG00000021916.17:B1	wild_cluster	0.4518397733547643	0.6965709728867624	7523	2	11-20	0.8762492329020607
ENSMUSG00000022425.17:B1	wild_cluster	0.0422379523413211	0.4618316454317761	9182	3	>20	0.782346680796986
ENSMUSG00000022861.18:B1	wild_cluster	0.064734558730957	0.5499068207230712	13414	5	>20	0.8121965071631335
ENSMUSG00000024137.10:B1	wild_cluster	0.806953627342273	0.8961988304093568	7523	2	11-20	0.9637191919446227
ENSMUSG00000024620.12:B1	wild_cluster	0.1552655285261553	0.4559068219633943	3605	1	1-5	0.7800160213149454
ENSMUSG00000025207.17:B1	wild_cluster	0.066891621093064	0.4242666134504091	5010	3	11-20	0.7653115451042912
ENSMUSG00000025776.14:B1	wild_cluster	3.3053762916099685e-60	0.03841041998936736	7523	2	11-20	0.6443643400857324
ENSMUSG00000026335.17:B1	wild_cluster	0.2502951410225024	0.6570631970260223	11835	4	>20	0.860266783293243
ENSMUSG00000026825.18:B1	wild_cluster	1.9728965586796334e-15	0.3317084493964717	4307	9	>20	0.733144833989019
ENSMUSG00000027339.16:B1	wild_cluster	0.9163202166248208	0.9486975013290803	7523	2	11-20	0.9917098270112868
ENSMUSG00000027896.16:B1	wild_cluster	2.2061684950325456e-107	0.01541733120680489	7523	2	11-20	0.6443643400857324
ENSMUSG00000028434.13:B1	wild_cluster	1.8226374800079406e-28	0.20450324976787373	4307	9	>20	0.685396970798245
ENSMUSG00000028974.14:B1	wild_cluster	8.05315258894178e-27	0.05847136300139693	5010	3	11-20	0.6443643400857324
ENSMUSG00000029427.12:B1	wild_cluster	0.0016870742752592	0.2504490121732189	5010	3	11-20	0.7082445270939762
ENSMUSG00000029920.10:B1	wild_cluster	1.1371879966928685e-17	0.16709292412617222	2345	6	11-20	0.6614303193836947
ENSMUSG00000030556.14:B1	wild_cluster	1.0	1.0	10842	6	>20	1.0
ENSMUSG00000031360.15:B1	wild_cluster	2.812946202894958e-16	0.142018779342723	4259	4	11-20	0.6607251883986351
ENSMUSG00000031839.8:B1	wild_cluster	0.1188229057557083	0.44148641153632834	3605	1	1-5	0.7767748006946728
ENSMUSG00000032313.12:B1	wild_cluster	0.590969847641094	0.8085592943482522	9182	3	>20	0.9229949423452336
ENSMUSG00000032777.10:B1	wild_cluster	2.155601993904845e-05	0.40118048510559806	10842	6	>20	0.7560842414254448
ENSMUSG00000033697.17:B1	wild_cluster	3.982901800466064e-38	0.1631856334179192	5122	12	>20	0.6614303193836947
ENSMUSG00000034377.11:B1	wild_cluster	0.1686359539017855	0.7671308678410034	10842	6	>20	0.9012334418116413
ENSMUSG00000035133.10:B1	wild_cluster	2.758788160645988e-67	0.023537414965986395	7349	8	>20	0.6443643400857324
ENSMUSG00000036087.19:B1	wild_cluster	1.9717749831294846e-26	0.135249918327344	9182	3	>20	0.6540391661758845
ENSMUSG00000036985.13:B1	wild_cluster	0.0120192577139916	0.3021724818959842	7594	1	11-20	0.7241446338884063
ENSMUSG00000037824.7:B1	wild_cluster	1.589807797887923e-56	0.09774586076201876	5012	2	>20	0.6443643400857324
ENSMUSG00000038384.17:B1	wild_cluster	0.2895274683511472	0.8239417135479111	10842	6	>20	0.9312322634769754
ENSMUSG00000039126.11:B1	wild_cluster	0.0140490102052371	0.4704225352112676	4259	4	11-20	0.7868376928236083
ENSMUSG00000039959.14:B1	wild_cluster	5.2843091186178526e-76	0.03494623655913978	1487	11	>20	0.6443643400857324
ENSMUSG00000040761.17:B1	wild_cluster	4.537160443762145e-51	0.08736559139784947	1487	11	>20	0.6443643400857324
ENSMUSG00000041769.14:B1	wild_cluster	0.0001306641642899	0.30099096155940325	9182	3	>20	0.7241072155357869
ENSMUSG00000042772.16:B1	wild_cluster	2.1161222311168765e-15	0.19671677580005534	10842	6	>20	0.6790600092475471
ENSMUSG00000045180.14:B1	wild_cluster	0.6399216189930783	0.7621951219512195	1639	2	1-5	0.9009470134831736
ENSMUSG00000048027.10:B1	wild_cluster	0.5703982519889028	0.7597022860180755	7523	2	11-20	0.900032009996645
ENSMUSG00000050812.19:B2	wild_cluster	6.588356287030987e-32	0.18012999071494892	4307	9	>20	0.6663135216378222
ENSMUSG00000055204.16:B1	wild_cluster	1.7888958645112696e-39	0.09482993197278912	7349	8	>20	0.6443643400857324
ENSMUSG00000057421.13:B1	wild_cluster	3.9092401609820737e-19	0.10645933014354067	7523	2	11-20	0.6443643400857324
ENSMUSG00000059409.10:B1	wild_cluster	0.4856539786251149	0.8074543421543049	13414	5	>20	0.9228049624620627
ENSMUSG00000061755.11:B1	wild_cluster	1.2693389857926404e-12	0.3897849462365591	1487	11	>20	0.7545994212484498
ENSMUSG00000064293.15:B1	wild_cluster	0.4344683027104344	0.7031717534410533	5012	2	>20	0.876714492999416
ENSMUSG00000069833.14:B1	wild_cluster	3.621173993387144e-200	0.03383805134957209	7594	1	11-20	0.6443643400857324
ENSMUSG00000074793.11:B1	wild_cluster	0.5344294929427538	0.7432057681641708	3605	1	1-5	0.8927205807283227
ENSMUSG00000086414.3:B1	wild_cluster	5.712158097864346e-53	0.02689961175818081	3605	1	1-5	0.6443643400857324
ENSMUSG00000097537.4:B1	wild_cluster	1.2537495617917551e-05	0.281683001013856	11835	4	>20	0.716584179179599
ENSMUSG00000120400.1:B1	wild_cluster	1.181360238039834e-133	0.014270032930845226	4554	1	6-10	0.6443643400857324
ENSMUSG00000004698.12:B1	wild_cluster	0.3371417979072357	0.6221424774056353	7523	2	11-20	0.8427420286014442
ENSMUSG00000004698.12:B2	wild_cluster	0.7900678757413109	0.8643844634628045	7594	1	11-20	0.9485335534945214
ENSMUSG00000004698.12:B3	wild_cluster	0.7598927584011724	0.8517445687952601	7594	1	11-20	0.9422047890251545
ENSMUSG00000004698.12:B4	wild_cluster	0.3060138255499582	0.6332069447216124	5010	3	11-20	0.8475434425330066
ENSMUSG00000028399.19:B1	wild_cluster	9.851675612394056e-18	0.5129568106312292	1504	16	>20	0.8001196196168145
ENSMUSG00000028399.19:B3	wild_cluster	7.584422603266006e-09	0.37891156462585035	7349	8	>20	0.7514230941180269
ENSMUSG00000028399.19:B4	wild_cluster	2.4476872449245547e-12	0.30244897959183675	7349	8	>20	0.7241446338884063
ENSMUSG00000028399.19:B5	wild_cluster	0.0002368134824816	0.5495238095238095	7349	8	>20	0.8121217694098929
ENSMUSG00000003062.14:B1	wild_cluster	6.173438101822103e-43	0.037317900618638995	5010	3	11-20	0.6443643400857324
ENSMUSG00000003062.14:B2	wild_cluster	5.620156007080892e-09	0.12851726202354818	5010	3	11-20	0.6443643400857324
ENSMUSG00000003062.14:B4	wild_cluster	1.5831397489875572e-44	0.0074106364428945075	2293	5	11-20	0.6443643400857324
ENSMUSG00000021244.16:B1	wild_cluster	1.8555493648847624e-17	0.6686674669867947	832	20	>20	0.8633200488841525
ENSMUSG00000021244.16:B2	wild_cluster	1.0301478888602373e-05	0.5836606441476826	6364	10	>20	0.8225410344399884
ENSMUSG00000021244.16:B3	wild_cluster	1.0418544596101257e-05	0.583974862529458	6364	10	>20	0.8225410344399884
ENSMUSG00000026860.17:B1	wild_cluster	9.060996975927476e-23	0.16105176663927692	1216	8	11-20	0.6614303193836947
ENSMUSG00000026860.17:B2	wild_cluster	1.0	1.0	4259	4	11-20	1.0
ENSMUSG00000026860.17:B3	wild_cluster	0.0012197386094845	0.3715962441314554	4259	4	11-20	0.7463073584888515
ENSMUSG00000031310.17:B1	wild_cluster	0.0009890263595423	0.833886394690611	5122	12	>20	0.934737690529127
ENSMUSG00000031310.17:B2	wild_cluster	0.0003333362798757	0.313296308395949	9182	3	>20	0.7254813556265335
ENSMUSG00000031310.17:B3	wild_cluster	0.707652580871364	0.8574539910704563	9182	3	>20	0.9453797378772596
ENSMUSG00000040363.16:B2	wild_cluster	2.1143143405105183e-76	0.08505595786701778	7594	1	11-20	0.6443643400857324
ENSMUSG00000040363.16:B3	wild_cluster	8.109241871600406e-79	0.07873601053324555	7594	1	11-20	0.6443643400857324
ENSMUSG00000066037.15:B1	wild_cluster	1.656766470928884e-28	0.12053859632942912	10842	6	>20	0.6443643400857324
ENSMUSG00000066037.15:B2	wild_cluster	3.382915312450414e-28	0.12828051834912338	9182	3	>20	0.6443643400857324
ENSMUSG00000066037.15:B3	wild_cluster	5.241933167372261e-29	0.12544919960797124	9182	3	>20	0.6443643400857324
ENSMUSG00000021057.16:B1	wild_cluster	3.61471092638725e-144	0.0020289587752467027	10842	6	>20	0.6443643400857324
ENSMUSG00000021057.16:B3	wild_cluster	2.264939639246132e-96	0.012883076322467305	5122	12	>20	0.6443643400857324
ENSMUSG00000024219.17:B1	wild_cluster	0.0008509793459821	0.3375	159	6	1-5	0.7337812708493854
ENSMUSG00000024219.17:B2	wild_cluster	5.4553116759522536e-18	0.10787671232876712	1167	3	6-10	0.6443643400857324
ENSMUSG00000027546.16:B1	wild_cluster	2.0592664586382477e-55	0.248	124	20	11-20	0.7068085770714748
ENSMUSG00000027546.16:B2	wild_cluster	0.0	0.08010732081257187	2608	1	>20	0.6443643400857324
ENSMUSG00000029772.18:B1	wild_cluster	1.390480389438194e-63	0.01875	159	16	11-20	0.6443643400857324
ENSMUSG00000029772.18:B2	wild_cluster	1.0	1.0	787	12	11-20	1.0
ENSMUSG00000032186.16:B1	wild_cluster	1.1001218564710234e-57	0.6269430051813472	192	33	>20	0.845305673950142
ENSMUSG00000032186.16:B2	wild_cluster	1.0013923879288258e-34	0.5351473922902494	440	22	>20	0.807644255581053
ENSMUSG00000036882.8:B2	wild_cluster	0.0	0.029323758228605626	5012	2	>20	0.6443643400857324
ENSMUSG00000040865.17:B1	wild_cluster	1.0855481935172424e-47	0.057845695117405886	13414	5	>20	0.6443643400857324
ENSMUSG00000040865.17:B3	wild_cluster	1.113242353653228e-32	0.0955646664181886	13414	5	>20	0.6443643400857324
ENSMUSG00000048537.17:B1	wild_cluster	1.0	1.0	417	15	11-20	1.0
ENSMUSG00000048537.17:B4	wild_cluster	3.4992690658703744e-11	0.14734088927637315	2293	5	11-20	0.6614303193836947
ENSMUSG00000060771.16:B1	wild_cluster	3.586437717321231e-23	0.14515953392137645	9182	3	>20	0.6614303193836947
ENSMUSG00000060771.16:B3	wild_cluster	0.4816203280212337	0.7037178995783825	2608	1	>20	0.876714492999416
ENSMUSG00000000142.16:B1	wild_cluster	0.3926732665654334	0.6549707602339181	7523	2	11-20	0.8596602041698637
ENSMUSG00000000632.14:B1	wild_cluster	0.0022699645116382	0.5081619478004242	10842	6	>20	0.7996188273754362
ENSMUSG00000002455.15:B1	wild_cluster	7.90286675595916e-65	0.04063872930043934	11835	4	>20	0.6443643400857324
ENSMUSG00000004952.14:B1	wild_cluster	0.1257780577125629	0.4453688297282307	3605	1	1-5	0.7767748006946728
ENSMUSG00000007659.19:B1	wild_cluster	9.423444570101083e-16	0.2819548872180451	797	4	6-10	0.716584179179599
ENSMUSG00000014077.14:B1	wild_cluster	0.0202513742123893	0.35829173599556297	3605	1	1-5	0.7428782721323877
ENSMUSG00000017561.17:B1	wild_cluster	1.5307954244752454e-30	0.12000435587498638	9182	3	>20	0.6443643400857324
ENSMUSG00000019923.15:B1	wild_cluster	2.146962813773053e-29	0.23095051060487037	6364	10	>20	0.6983043657362142
ENSMUSG00000020390.13:B1	wild_cluster	8.18414006489432e-08	0.5085624509033778	6364	10	>20	0.7996188273754362
ENSMUSG00000020794.14:B1	wild_cluster	1.4041468309944943e-25	0.16258503401360544	7349	8	>20	0.6614303193836947
ENSMUSG00000021248.10:B1	wild_cluster	1.9759873527146542e-54	0.022462562396006656	3605	1	1-5	0.6443643400857324
ENSMUSG00000021938.13:B1	wild_cluster	0.0024926532673215	0.25962881660347237	5010	3	11-20	0.7109417935409196
ENSMUSG00000022433.22:B1	wild_cluster	0.0848840037652469	0.5761461051062243	13414	5	>20	0.8181110423967566
ENSMUSG00000022865.15:B1	wild_cluster	2.467772018723516e-27	0.10070969922271038	11835	4	>20	0.6443643400857324
ENSMUSG00000024143.16:B1	wild_cluster	3.0714912897335674e-46	0.06285907401149037	11835	4	>20	0.6443643400857324
ENSMUSG00000024640.10:B1	wild_cluster	0.8773900256468272	0.9134146341463415	1639	2	1-5	0.9738468567991349
ENSMUSG00000025212.18:B1	wild_cluster	0.1470167801926378	0.5621256669933573	9182	3	>20	0.8140754004263798
ENSMUSG00000025781.15:B1	wild_cluster	4.090240954762354e-112	0.0064852776742452475	13414	5	>20	0.6443643400857324
ENSMUSG00000026341.17:B1	wild_cluster	0.0282805851676915	0.32469813391877056	4554	1	6-10	0.7281011521689738
ENSMUSG00000026827.13:B1	wild_cluster	8.790767461830974e-67	0.02655145326001571	6364	10	>20	0.6443643400857324
ENSMUSG00000027351.15:B1	wild_cluster	0.0849205772730888	0.5762206485277674	13414	5	>20	0.8181110423967566
ENSMUSG00000027900.16:B1	wild_cluster	0.5847907362030015	0.7510204081632653	7594	1	11-20	0.8973127172739943
ENSMUSG00000028444.18:B1	wild_cluster	2.718478977208257e-38	0.1600942655145326	6364	10	>20	0.6614303193836947
ENSMUSG00000028977.18:B1	wild_cluster	0.0062844623268814	0.2934609250398724	7523	2	11-20	0.718627624716376
ENSMUSG00000029428.14:B1	wild_cluster	4.950903602044944e-35	0.1078079059131003	9182	3	>20	0.6443643400857324
ENSMUSG00000029924.13:B1	wild_cluster	3.984786773975895e-32	0.1153217902646194	9182	3	>20	0.6443643400857324
ENSMUSG00000030583.17:B1	wild_cluster	2.221498816588376e-56	0.056406685236768804	4307	9	>20	0.6443643400857324
ENSMUSG00000031365.14:B1	wild_cluster	6.967738728977714e-05	0.26788685524126454	3605	1	1-5	0.7120777874931182
ENSMUSG00000031864.17:B1	wild_cluster	3.8290075470802326e-25	0.13529466014940514	10842	6	>20	0.6540391661758845
ENSMUSG00000032324.12:B1	wild_cluster	0.4889273463450874	0.8086470368989936	13414	5	>20	0.9229949423452336
ENSMUSG00000032826.20:B1	wild_cluster	8.997711723136166e-98	0.3333333333333333	32	47	>20	0.7337812708493854
ENSMUSG00000033720.13:B1	wild_cluster	3.9125889859108677e-56	0.24489795918367346	440	22	>20	0.7040033404666214
ENSMUSG00000034390.17:B1	wild_cluster	7.530973744810137e-163	0.00766016713091922	4307	9	>20	0.6443643400857324
ENSMUSG00000035139.15:B1	wild_cluster	1.0	1.0	11835	4	>20	1.0
ENSMUSG00000036095.12:B1	wild_cluster	4.759614054570493e-49	0.06504801594491756	5518	7	>20	0.6443643400857324
ENSMUSG00000036990.14:B1	wild_cluster	4.572903746553462e-25	0.11152416356877323	11835	4	>20	0.6443643400857324
ENSMUSG00000037851.14:B1	wild_cluster	0.0045370493762072	0.2807017543859649	7523	2	11-20	0.716584179179599
ENSMUSG00000038390.12:B1	wild_cluster	1.7018300317459964e-25	0.10932747549847921	11835	4	>20	0.6443643400857324
ENSMUSG00000039145.17:B1	wild_cluster	6.615741857096155e-21	0.13261274692508387	13414	5	>20	0.6494846516069467
ENSMUSG00000039967.15:B1	wild_cluster	3.046832870268283e-66	0.04781801299907149	4307	9	>20	0.6443643400857324
ENSMUSG00000040774.16:B1	wild_cluster	0.3812081781046931	0.7235552551537682	11835	4	>20	0.8855004034606773
ENSMUSG00000041771.15:B1	wild_cluster	4.863125845287373e-18	0.22848342090958507	5518	7	>20	0.6983043657362142
ENSMUSG00000042790.17:B1	wild_cluster	0.1420137264744086	0.5054879265615646	5010	3	11-20	0.7995309672305231
ENSMUSG00000045201.7:B1	wild_cluster	0.0084050899633395	0.8830763224673043	5122	12	>20	0.9581093730148236
ENSMUSG00000048076.15:B1	wild_cluster	0.0175846907353001	0.4614983227730153	13414	5	>20	0.782346680796986
ENSMUSG00000050821.15:B1	wild_cluster	0.0233784875841289	0.4166347259486393	2608	1	>20	0.7614821193160489
ENSMUSG00000052921.14:B1	wild_cluster	0.1995668665715456	0.5206007442849548	7523	2	11-20	0.8024069065153092
ENSMUSG00000055214.16:B1	wild_cluster	1.4788147209093054e-28	0.1472108843537415	7349	8	>20	0.6614303193836947
ENSMUSG00000057522.16:B1	wild_cluster	9.117338754540773e-44	0.11123330714846819	6364	10	>20	0.6443643400857324
ENSMUSG00000059474.14:B1	wild_cluster	1.2445396312610574e-06	0.1562562362801836	5010	3	11-20	0.6614303193836947
ENSMUSG00000061887.15:B1	wild_cluster	0.4881165381877378	0.9571091908876669	6364	10	>20	0.9945438015613454
ENSMUSG00000064373.14:B1	wild_cluster	5.619250868096652e-15	0.15070422535211267	4259	4	11-20	0.6614303193836947
ENSMUSG00000069895.5:B1	wild_cluster	0.6602607118434678	0.81632110579479	7523	2	11-20	0.9269867516009894
ENSMUSG00000074794.11:B1	wild_cluster	0.2789623476499572	0.5252357182473655	3605	1	1-5	0.8033502824075999
ENSMUSG00000086496.3:B1	wild_cluster	0.7980055772035702	0.8892878515858768	5012	2	>20	0.9609724669452555
ENSMUSG00000097545.9:B1	wild_cluster	6.053825458105075e-08	0.49001857010213556	4307	9	>20	0.7898930130825659
ENSMUSG00000120471.1:B1	wild_cluster	0.4351886330902222	0.6439267886855241	3605	1	1-5	0.8561895981180788
ENSMUSG00000005583.17:B1	wild_cluster	0.000425868969385	0.8485549132947977	864	15	>20	0.941303451806911
ENSMUSG00000005583.17:B2	wild_cluster	0.0001859037393421	0.6479183032207384	6364	10	>20	0.856998205108153
ENSMUSG00000005583.17:B3	wild_cluster	0.0482553578141667	0.5262765560939248	13414	5	>20	0.8033502824075999
ENSMUSG00000005583.17:B4	wild_cluster	0.0706989085199325	0.5586284010436079	13414	5	>20	0.8140754004263798
ENSMUSG00000028580.16:B1	wild_cluster	5.741893001526303e-36	0.3087802003535651	1696	18	>20	0.7244864969571635
ENSMUSG00000028580.16:B2	wild_cluster	0.4287915849346728	0.8663653970303422	10842	6	>20	0.948886437283415
ENSMUSG00000028580.16:B3	wild_cluster	0.0003942590293994	0.45771465461588123	10842	6	>20	0.7809810577430748
ENSMUSG00000028580.16:B4	wild_cluster	0.2976490596583137	0.8268929263119063	10842	6	>20	0.9322243221410056
ENSMUSG00000003534.18:B2	wild_cluster	0.1065485386408787	0.4422728917842924	2762	2	6-10	0.7767748006946728
ENSMUSG00000003534.18:B3	wild_cluster	2.1924093739219585e-13	0.08758595729279768	2762	2	6-10	0.6443643400857324
ENSMUSG00000021245.16:B1	wild_cluster	2.1520678985952888e-11	0.17746478873239438	4259	4	11-20	0.6642188120430711
ENSMUSG00000021245.16:B3	wild_cluster	5.066892525057256e-23	0.0905103668261563	7523	2	11-20	0.6443643400857324
ENSMUSG00000021245.16:B4	wild_cluster	8.164931303254812e-07	0.5447822514379622	1216	8	11-20	0.810767580825247
ENSMUSG00000026883.18:B1	wild_cluster	1.0	1.0	1333	24	>20	1.0
ENSMUSG00000026883.18:B3	wild_cluster	3.250689173767538e-10	0.2676381075348151	10842	6	>20	0.7120777874931182
ENSMUSG00000026883.18:B4	wild_cluster	1.5143455123657497e-23	0.2877220378684365	5122	12	>20	0.716584179179599
ENSMUSG00000031684.12:B1	wild_cluster	0.277060609657264	0.9250589159465828	6364	10	>20	0.9799870136889341
ENSMUSG00000031684.12:B2	wild_cluster	0.0	0.029323758228605626	5012	2	>20	0.6443643400857324
ENSMUSG00000031684.12:B3	wild_cluster	0.050367382244271	0.5103075363298412	11835	4	>20	0.7996188273754362
ENSMUSG00000040563.14:B1	wild_cluster	1.6035518137406532e-24	0.4086294416243655	787	12	11-20	0.7569830941669334
ENSMUSG00000040563.14:B2	wild_cluster	0.6887454509446578	0.9289864428663654	10842	6	>20	0.9829419895549926
ENSMUSG00000040563.14:B3	wild_cluster	1.0	1.0	2345	6	11-20	1.0
ENSMUSG00000069729.15:B2	wild_cluster	0.0025533901172625	0.6221768707482993	7349	8	>20	0.8427420286014442
ENSMUSG00000069729.15:B3	wild_cluster	0.0025533113776233	0.6221768707482993	7349	8	>20	0.8427420286014442
ENSMUSG00000021068.18:B1	wild_cluster	4.264487326418858e-39	0.4205397301349325	1333	24	>20	0.7625539491661092
ENSMUSG00000021068.18:B3	wild_cluster	9.529141508478804e-05	0.5263945578231293	7349	8	>20	0.8033502824075999
ENSMUSG00000024220.15:B1	wild_cluster	0.0028382491975387	0.8333333333333334	77	11	11-20	0.934737690529127
ENSMUSG00000024220.15:B3	wild_cluster	0.0104717895252333	0.5677395554735775	10842	6	>20	0.815001194671121
ENSMUSG00000027575.20:B3	wild_cluster	0.0511293610759334	0.6704786498201605	10842	6	>20	0.8633200488841525
ENSMUSG00000030000.11:B1	wild_cluster	3.2294398086175006e-77	0.24561403508771928	170	32	>20	0.7041247202159037
ENSMUSG00000030000.11:B2	wild_cluster	1.6087125698955178e-35	0.49400299850074963	1333	24	>20	0.7918137188090447
ENSMUSG00000032228.17:B1	wild_cluster	3.8760670229855373e-22	0.17091207888249796	1216	8	11-20	0.6630031981498798
ENSMUSG00000032228.17:B2	wild_cluster	0.0001449930747503	0.3164319248826291	4259	4	11-20	0.7266310461423763
ENSMUSG00000036893.18:B1	wild_cluster	0.669766285816334	0.9448979591836735	7349	8	>20	0.9910804473508007
ENSMUSG00000036893.18:B2	wild_cluster	0.4013678965555672	0.7341162554917202	11835	4	>20	0.8891319096850625
ENSMUSG00000040867.14:B1	wild_cluster	1.94317954485333e-40	0.15030255709545187	5122	12	>20	0.6614303193836947
ENSMUSG00000040867.14:B2	wild_cluster	0.0198100529210433	0.7039455782312926	7349	8	>20	0.876714492999416
ENSMUSG00000048756.12:B1	wild_cluster	6.648802244995814e-53	0.0175609756097561	1024	10	11-20	0.6443643400857324
ENSMUSG00000048756.12:B2	wild_cluster	0.0255356587551565	0.5152571926765476	2293	5	11-20	0.8006610969250729
ENSMUSG00000061718.13:B1	wild_cluster	9.221071607786101e-20	0.1642534353961081	10842	6	>20	0.6614303193836947
ENSMUSG00000061718.13:B2	wild_cluster	0.049820358501481	0.4727213328977458	9182	3	>20	0.7890601845572686
ENSMUSG00000000184.13:B1	wild_cluster	1.882997812132045e-05	0.2871747211895911	11835	4	>20	0.716584179179599
ENSMUSG00000000751.14:B1	wild_cluster	0.7331138620945246	0.8380513495720869	7594	1	11-20	0.9364621519438283
ENSMUSG00000002489.17:B1	wild_cluster	0.0779133968398179	0.7020197362353592	10842	6	>20	0.8766455370954482
ENSMUSG00000005045.17:B1	wild_cluster	1.0246151512974237e-45	0.09819324430479183	6364	10	>20	0.6443643400857324
ENSMUSG00000007670.11:B1	wild_cluster	0.4708189073893517	0.8030516431924882	4259	4	11-20	0.9202155296604343
ENSMUSG00000014355.11:B1	wild_cluster	0.8527837361623689	0.9217171717171717	7523	2	11-20	0.9778375120278217
ENSMUSG00000017615.13:B1	wild_cluster	0.4809471979001069	0.6867676102699144	7594	1	11-20	0.8717411563448716
ENSMUSG00000019947.11:B1	wild_cluster	9.702628811983322e-22	0.15318638753112607	10842	6	>20	0.6614303193836947
ENSMUSG00000020402.12:B1	wild_cluster	2.715451003710113e-07	0.34003504565157244	10842	6	>20	0.7337812708493854
ENSMUSG00000020811.17:B1	wild_cluster	2.204316084740018e-05	0.598114689709348	6364	10	>20	0.8302326782751555
ENSMUSG00000021254.10:B1	wild_cluster	1.6459738001318188e-17	0.1780872452273356	10842	6	>20	0.6642188120430711
ENSMUSG00000021945.10:B1	wild_cluster	1.0912699971168751e-11	0.18583674990682073	13414	5	>20	0.6701112877583466
ENSMUSG00000022454.18:B1	wild_cluster	0.0903810666417789	0.7888435374149659	7349	8	>20	0.9138470868893808
ENSMUSG00000022867.12:B1	wild_cluster	1.2858750810210614e-47	0.08201099764336214	6364	10	>20	0.6443643400857324
ENSMUSG00000024158.18:B1	wild_cluster	1.3299653944680371e-28	0.1487820934825543	7594	1	11-20	0.6614303193836947
ENSMUSG00000024642.18:B1	wild_cluster	1.732653369405081e-43	0.10306406685236769	4307	9	>20	0.6443643400857324
ENSMUSG00000025217.16:B1	wild_cluster	0.0250219641871287	0.3532229095988825	5010	3	11-20	0.7428782721323877
ENSMUSG00000025782.13:B1	wild_cluster	3.999070956888041e-09	0.3256606990622336	2345	6	11-20	0.7295318898773304
ENSMUSG00000026349.15:B1	wild_cluster	3.8195065491010843e-35	0.09563773863321959	10842	6	>20	0.6443643400857324
ENSMUSG00000026833.19:B1	wild_cluster	6.686318357548212e-12	0.2879144772603733	5518	7	>20	0.716584179179599
ENSMUSG00000027363.16:B1	wild_cluster	3.58592442647916e-46	0.08704735376044569	4307	9	>20	0.6443643400857324
ENSMUSG00000027940.19:B1	wild_cluster	0.0016954691706406	0.36869176295191947	13414	5	>20	0.7454030264665099
ENSMUSG00000028469.16:B1	wild_cluster	1.2256412262145734e-09	0.2053903345724907	11835	4	>20	0.685396970798245
ENSMUSG00000028986.13:B1	wild_cluster	6.405514070667985e-05	0.2227781435154707	7594	1	11-20	0.6921980188289953
ENSMUSG00000029438.10:B1	wild_cluster	4.792229832442419e-44	0.0775502808479797	5518	7	>20	0.6443643400857324
ENSMUSG00000030007.9:B1	wild_cluster	0.0178760010859298	0.30823271130625685	4554	1	6-10	0.7244864969571635
ENSMUSG00000030592.19:B3	wild_cluster	8.485760392443217e-05	0.28938290532771177	2608	1	>20	0.716584179179599
ENSMUSG00000031370.13:B1	wild_cluster	0.1826587035094425	0.5067783094098883	7523	2	11-20	0.7995309672305231
ENSMUSG00000031870.17:B1	wild_cluster	4.787432577595719e-31	0.14641211323238973	7594	1	11-20	0.6614303193836947
ENSMUSG00000032328.13:B1	wild_cluster	0.0339549360510142	0.49936638091688407	13414	5	>20	0.7937531741859992
ENSMUSG00000032827.16:B1	wild_cluster	6.292707354138566e-56	0.07573687292601991	5122	12	>20	0.6443643400857324
ENSMUSG00000033721.17:B1	wild_cluster	1.8694646280121442e-66	0.042580177568400074	5518	7	>20	0.6443643400857324
ENSMUSG00000034430.17:B1	wild_cluster	0.0861102416788427	0.7655737704918033	609	6	6-10	0.9012334418116413
ENSMUSG00000035152.15:B1	wild_cluster	0.0838078998745643	0.7071843585723508	10842	6	>20	0.878823000051818
ENSMUSG00000036099.17:B1	wild_cluster	2.853600740427421e-16	0.18795536290694456	10842	6	>20	0.6703792144449181
ENSMUSG00000037857.17:B1	wild_cluster	1.451040449577687e-06	0.2553227441703278	11835	4	>20	0.7099140740815052
ENSMUSG00000038406.18:B1	wild_cluster	2.927197152316329e-23	0.1460850318177626	10842	6	>20	0.6614303193836947
ENSMUSG00000039156.20:B1	wild_cluster	3.729400837485874e-39	0.09605442176870749	7349	8	>20	0.6443643400857324
ENSMUSG00000039988.15:B1	wild_cluster	0.3910132422719753	0.6597900832428519	2762	2	6-10	0.8623302948429833
ENSMUSG00000040785.20:B1	wild_cluster	8.446857661795048e-49	0.5822784810126582	157	36	>20	0.8219541760228921
ENSMUSG00000041817.15:B1	wild_cluster	6.464913028509949e-19	0.15839368005266624	7594	1	11-20	0.6614303193836947
ENSMUSG00000042851.18:B1	wild_cluster	4.210323629651472e-07	0.2439806187103988	13414	5	>20	0.7027141971312959
ENSMUSG00000045349.16:B1	wild_cluster	0.1133705807273894	0.6049944092433843	13414	5	>20	0.8323301297301884
ENSMUSG00000048078.17:B1	wild_cluster	2.413762225597096e-05	0.40293276768422026	10842	6	>20	0.7560842414254448
ENSMUSG00000050953.11:B1	wild_cluster	3.419283487809329e-32	0.1158986634749651	5012	2	>20	0.6443643400857324
ENSMUSG00000052949.15:B1	wild_cluster	1.0	1.0	10842	6	>20	1.0
ENSMUSG00000055296.15:B1	wild_cluster	1.5049054938016096e-06	0.3622613667804113	10842	6	>20	0.7450718687304343
ENSMUSG00000057541.15:B1	wild_cluster	0.0050239003848855	0.37427855820537953	9182	3	>20	0.7492236855259957
ENSMUSG00000059602.15:B1	wild_cluster	0.0831954900834669	0.4888698630136986	1167	3	6-10	0.7897176352473404
ENSMUSG00000061911.16:B1	wild_cluster	5.229741102200552e-48	0.21728691476590636	832	20	>20	0.6879732174559965
ENSMUSG00000065954.12:B1	wild_cluster	2.604194156503873e-10	0.43546889507892295	4307	9	>20	0.7726393655386099
ENSMUSG00000069911.12:B1	wild_cluster	0.4503956311638718	0.793812896011927	13414	5	>20	0.9161722785123567
ENSMUSG00000074892.10:B1	wild_cluster	0.4654912688526165	0.8005218039508013	13414	5	>20	0.9195786989261633
ENSMUSG00000086539.9:B1	wild_cluster	0.5260044825048518	0.8239284383153187	13414	5	>20	0.9312322634769754
ENSMUSG00000097736.9:B1	wild_cluster	0.7982729687333201	0.8946434606285908	11835	4	>20	0.9627374339363678
ENSMUSG00000120815.1:B1	wild_cluster	0.7541419321109798	0.869351408825093	7523	2	11-20	0.9508161484295665
ENSMUSG00000006476.20:B1	wild_cluster	3.420338479611501e-75	0.07142857142857142	83	23	>20	0.6443643400857324
ENSMUSG00000006476.20:B2	wild_cluster	1.0168221210683516e-41	0.08312925170068028	7349	8	>20	0.6443643400857324
ENSMUSG00000006476.20:B3	wild_cluster	7.140530312770069e-36	0.23122923588039868	1504	16	>20	0.6983043657362142
ENSMUSG00000006476.20:B4	wild_cluster	5.4871963807310855e-59	0.05647840531561462	1504	16	>20	0.6443643400857324
ENSMUSG00000028906.18:B1	wild_cluster	2.7611137700753136e-07	0.6759711106773375	5122	12	>20	0.8653118565145481
ENSMUSG00000028906.18:B2	wild_cluster	0.200577525046103	0.5995861918762931	9182	3	>20	0.8306323200811585
ENSMUSG00000028906.18:B4	wild_cluster	0.1663380472375219	0.7656552614590059	10842	6	>20	0.9012334418116413
ENSMUSG00000028906.18:B5	wild_cluster	5.314965418336711e-06	0.5536211699164345	4307	9	>20	0.8140754004263798
ENSMUSG00000004113.19:B1	wild_cluster	0.0054192558799589	0.6517006802721088	7349	8	>20	0.8582443639435855
ENSMUSG00000004113.19:B2	wild_cluster	1.132321333959714e-46	0.0692517006802721	7349	8	>20	0.6443643400857324
ENSMUSG00000004113.19:B8	wild_cluster	8.853753666659531e-33	0.26777408637873756	1504	16	>20	0.7120777874931182
ENSMUSG00000021262.16:B2	wild_cluster	0.0722824191718122	0.4064422728917843	2762	2	6-10	0.7561586111513262
ENSMUSG00000021262.16:B3	wild_cluster	4.345701647858721e-09	0.11400651465798045	2762	2	6-10	0.6443643400857324
ENSMUSG00000027104.19:B1	wild_cluster	0.1827083025543823	0.5067783094098883	7523	2	11-20	0.7995309672305231
ENSMUSG00000027104.19:B2	wild_cluster	0.9655702096120165	0.9780118499012508	7594	1	11-20	1.0
ENSMUSG00000027104.19:B4	wild_cluster	0.9295122550817272	0.9544437129690586	7594	1	11-20	0.9932148181944508
ENSMUSG00000031691.15:B1	wild_cluster	1.0784183750599732e-19	0.1367871785314946	13414	5	>20	0.6556451542405115
ENSMUSG00000031691.15:B2	wild_cluster	1.0137307304574404e-21	0.12963101006336192	13414	5	>20	0.6468601789621256
ENSMUSG00000031691.15:B3	wild_cluster	7.309869242714746e-31	0.22120974076983504	6364	10	>20	0.6921980188289953
ENSMUSG00000040712.17:B1	wild_cluster	6.117058042483273e-57	0.06511627906976744	1504	16	>20	0.6443643400857324
ENSMUSG00000040712.17:B2	wild_cluster	3.784562104827365e-05	0.5072108843537415	7349	8	>20	0.7996188273754362
ENSMUSG00000040712.17:B3	wild_cluster	0.0008897154298719	0.5877551020408164	7349	8	>20	0.8239934327332431
ENSMUSG00000070047.15:B1	wild_cluster	5.459581213333537e-16	0.35852317360565594	6364	10	>20	0.7428782721323877
ENSMUSG00000070047.15:B2	wild_cluster	3.422154332590029e-25	0.11897130078270593	13414	5	>20	0.6443643400857324
ENSMUSG00000070047.15:B3	wild_cluster	5.537359498045944e-60	0.0389630793401414	6364	10	>20	0.6443643400857324
ENSMUSG00000021098.15:B1	wild_cluster	3.48608282784132e-17	0.24272108843537415	7349	8	>20	0.7013329136281762
ENSMUSG00000021098.15:B2	wild_cluster	1.5635784704067935e-60	0.0441027374112876	11835	4	>20	0.6443643400857324
ENSMUSG00000024302.17:B1	wild_cluster	3.89469274436108e-13	0.47921139957056413	5122	12	>20	0.7892239029569421
ENSMUSG00000024302.17:B2	wild_cluster	0.0005369417091541	0.4656460389191183	10842	6	>20	0.783604877144986
ENSMUSG00000027624.21:B1	wild_cluster	9.018989526844334e-28	0.49459783913565425	832	20	>20	0.7918237180562928
ENSMUSG00000027624.21:B5	wild_cluster	2.979883830520385e-14	0.37800471327572666	6364	10	>20	0.7511518176361769
ENSMUSG00000030020.14:B1	wild_cluster	2.5059470769896202e-52	0.22263868065967016	1333	24	>20	0.6921980188289953
ENSMUSG00000030020.14:B2	wild_cluster	1.3830076154597536e-66	0.03322259136212625	1504	16	>20	0.6443643400857324
ENSMUSG00000032336.18:B1	wild_cluster	1.891788640990417e-08	0.7015015015015015	1664	14	>20	0.8765844221097139
ENSMUSG00000032336.18:B2	wild_cluster	0.0008288918420377	0.5174850516397899	5518	7	>20	0.8013464944733524
ENSMUSG00000036902.12:B1	wild_cluster	7.736591836771156e-19	0.11690140845070422	4259	4	11-20	0.6443643400857324
ENSMUSG00000036902.12:B2	wild_cluster	0.2807844764245709	0.578548644338118	7523	2	11-20	0.8193685417538299
ENSMUSG00000040896.17:B1	wild_cluster	4.791891426253377e-36	0.03779786359901397	1216	8	11-20	0.6443643400857324
ENSMUSG00000040896.17:B2	wild_cluster	8.559649003387796e-06	0.2764447448462318	11835	4	>20	0.7146939742430115
ENSMUSG00000048827.13:B1	wild_cluster	3.074201239621005e-265	0.12303564584131851	2608	1	>20	0.6443643400857324
ENSMUSG00000048827.13:B3	wild_cluster	1.3915874584139145e-29	0.2092755845151399	2608	1	>20	0.6855172201020898
ENSMUSG00000061981.15:B1	wild_cluster	1.242094145511793e-19	0.3154752553024352	6364	10	>20	0.7266310461423763
ENSMUSG00000061981.15:B3	wild_cluster	0.0844444728570446	0.5464684014869888	11835	4	>20	0.8114009026041947
ENSMUSG00000000247.12:B1	wild_cluster	0.4063794827015277	0.6075984470327233	3605	1	1-5	0.8338713729728704
ENSMUSG00000000826.17:B1	wild_cluster	0.0014278131746045	0.36451733134550873	13414	5	>20	0.7452850769350146
ENSMUSG00000002524.18:B1	wild_cluster	1.4250951963408249e-49	0.07069154774972558	4554	1	6-10	0.6443643400857324
ENSMUSG00000005089.16:B1	wild_cluster	2.569754149557714e-44	0.12707398008979115	5122	12	>20	0.6443643400857324
ENSMUSG00000007817.16:B1	wild_cluster	5.584794150343546e-12	0.4008820798514392	4307	9	>20	0.7560842414254448
ENSMUSG00000014426.10:B1	wild_cluster	1.8798327930230448e-06	0.25811084825954717	11835	4	>20	0.7109417935409196
ENSMUSG00000017679.17:B1	wild_cluster	1.395920309624344e-31	0.050888046298144085	5010	3	11-20	0.6443643400857324
ENSMUSG00000019969.15:B1	wild_cluster	5.9837615706424354e-24	0.14285714285714285	10842	6	>20	0.6614288040064168
ENSMUSG00000020409.11:B1	wild_cluster	0.00064328244691	0.3277117669605213	2608	1	>20	0.7308492580627498
ENSMUSG00000020817.17:B1	wild_cluster	7.405454613914489e-07	0.7105263157894737	417	15	11-20	0.8803240390594801
ENSMUSG00000021258.11:B1	wild_cluster	0.8491802819771875	0.9198519002504628	9182	3	>20	0.977464935836937
ENSMUSG00000021969.9:B1	wild_cluster	1.2798086723565072e-34	0.08161541061169314	11835	4	>20	0.6443643400857324
ENSMUSG00000022463.9:B1	wild_cluster	0.2198285374581321	0.6798360044726053	13414	5	>20	0.8670674985819626
ENSMUSG00000022884.17:B1	wild_cluster	1.2736804648454072e-24	0.12338090010976949	4554	1	6-10	0.6443643400857324
ENSMUSG00000024182.18:B1	wild_cluster	0.313560287157039	0.5457570715474209	3605	1	1-5	0.8114009026041947
ENSMUSG00000024646.15:B1	wild_cluster	0.0023602005832366	0.27215273206056617	7594	1	11-20	0.7137263202455285
ENSMUSG00000025220.9:B1	wild_cluster	6.820652332962454e-36	0.08401043607901602	13414	5	>20	0.6443643400857324
ENSMUSG00000025786.18:B1	wild_cluster	0.2589969299526216	0.5289005924950625	7594	1	11-20	0.804716434469645
ENSMUSG00000026356.16:B1	wild_cluster	4.4737275311870294e-96	0.024079080770530583	11835	4	>20	0.6443643400857324
ENSMUSG00000027365.15:B1	wild_cluster	5.531925045134161e-53	0.052244897959183675	7349	8	>20	0.6443643400857324
ENSMUSG00000027950.8:B1	wild_cluster	0.4805256051750118	0.7143806485911749	7523	2	11-20	0.8825506068434983
ENSMUSG00000028484.17:B1	wild_cluster	6.24194060113833e-08	0.36002899075919553	5518	7	>20	0.7428782721323877
ENSMUSG00000028991.16:B1	wild_cluster	1.0810789895076908e-39	0.12859795728876508	4307	9	>20	0.6443643400857324
ENSMUSG00000029455.15:B1	wild_cluster	0.00104159396913	0.24895718990120747	4554	1	6-10	0.7068085770714748
ENSMUSG00000030032.15:B1	wild_cluster	3.143700355427513e-16	0.11602870813397129	7523	2	11-20	0.6443643400857324
ENSMUSG00000030605.16:B1	wild_cluster	8.255048574746727e-12	0.1765409934171155	5012	2	>20	0.6642188120430711
ENSMUSG00000031376.16:B1	wild_cluster	2.112166692962832e-16	0.5333333333333333	1664	14	>20	0.8060056022408963
ENSMUSG00000031878.19:B1	wild_cluster	0.5047964283363927	0.7622781226178809	9182	3	>20	0.9009470134831736
ENSMUSG00000032329.5:B1	wild_cluster	8.473626818775541e-22	0.2941084053417125	6364	10	>20	0.7188844721508828
ENSMUSG00000032846.13:B1	wild_cluster	1.9523784010929978e-52	0.06499535747446611	4307	9	>20	0.6443643400857324
ENSMUSG00000033730.5:B1	wild_cluster	1.8283491478061008e-31	0.1081803928801992	10842	6	>20	0.6443643400857324
ENSMUSG00000034472.14:B1	wild_cluster	0.2321131150056505	0.5804907241172951	5012	2	>20	0.8207189608903643
ENSMUSG00000035164.9:B1	wild_cluster	8.144930710888183e-10	0.20223630264629147	13414	5	>20	0.6848547296183478
ENSMUSG00000036104.13:B1	wild_cluster	0.0021263413289014	0.38779342723004695	4259	4	11-20	0.7545994212484498
ENSMUSG00000037062.14:B1	wild_cluster	0.7777923021279813	0.8864498104170824	5010	3	11-20	0.9596624964207084
ENSMUSG00000037860.16:B1	wild_cluster	1.0441194929840442e-07	0.23968202112599368	9182	3	>20	0.7005197968362168
ENSMUSG00000038418.8:B1	wild_cluster	0.0358944655498483	0.6465922715115743	10842	6	>20	0.8562547272635592
ENSMUSG00000039159.17:B1	wild_cluster	0.0317655587050997	0.3663939333466374	5010	3	11-20	0.7452850769350146
ENSMUSG00000040009.7:B1	wild_cluster	1.0	1.0	10842	6	>20	1.0
ENSMUSG00000040797.17:B1	wild_cluster	3.756471887678742e-15	0.252038412755934	5518	7	>20	0.7090359082906939
ENSMUSG00000041852.16:B1	wild_cluster	7.546194436889858e-50	0.0967741935483871	1487	11	>20	0.6443643400857324
ENSMUSG00000043019.13:B1	wild_cluster	0.0060982002458943	0.2921318447634237	7523	2	11-20	0.716584179179599
ENSMUSG00000045482.17:B3	wild_cluster	3.3935541928186024e-46	0.09457973291437549	6364	10	>20	0.6443643400857324
ENSMUSG00000048186.15:B1	wild_cluster	4.067455436724355e-06	0.43478260869565216	2345	6	11-20	0.7722954402821961
ENSMUSG00000050965.15:B1	wild_cluster	3.2146786885691908e-15	0.2629931972789116	7349	8	>20	0.7120777874931182
ENSMUSG00000055371.18:B1	wild_cluster	8.076690592377754e-50	0.056205739843458814	13414	5	>20	0.6443643400857324
ENSMUSG00000057572.16:B1	wild_cluster	1.128382119256455e-07	0.19319429198682767	4554	1	6-10	0.673142662221025
ENSMUSG00000059742.11:B1	wild_cluster	0.0464205559161894	0.6641150972977958	10842	6	>20	0.8633200488841525
ENSMUSG00000061950.18:B1	wild_cluster	0.1828513049829359	0.7999637615510056	5518	7	>20	0.9195649593266098
ENSMUSG00000066026.15:B1	wild_cluster	0.2942161218782791	0.5563117453347969	4554	1	6-10	0.8140754004263798
ENSMUSG00000070000.14:B1	wild_cluster	1.0	1.0	10842	6	>20	1.0
ENSMUSG00000074923.11:B1	wild_cluster	1.3875312977230753e-61	0.04786498201604722	10842	6	>20	0.6443643400857324
ENSMUSG00000086584.10:B1	wild_cluster	1.5422188369710185e-213	0.055455814881308595	5012	2	>20	0.6443643400857324
ENSMUSG00000097797.7:B1	wild_cluster	0.1167276384313912	0.537406076445606	9182	3	>20	0.8083565472396936
ENSMUSG00000008658.17:B1	wild_cluster	1.0	1.0	63	21	11-20	1.0
ENSMUSG00000008658.17:B2	wild_cluster	0.2608969199876748	0.831128827686175	5518	7	>20	0.9344330805976538
ENSMUSG00000008658.17:B3	wild_cluster	5.17942066654558e-59	0.052364558796883495	5518	7	>20	0.6443643400857324
ENSMUSG00000008658.17:B4	wild_cluster	1.175400936213408e-31	0.3921921921921922	1664	14	>20	0.7545994212484498
ENSMUSG00000029422.16:B1	wild_cluster	3.383884583462094e-08	0.22397769516728624	11835	4	>20	0.6944853223945648
ENSMUSG00000029422.16:B2	wild_cluster	0.3266974289450509	0.6968570462994255	11835	4	>20	0.8762492329020607
ENSMUSG00000029422.16:B4	wild_cluster	0.3102701552171349	0.6892531260561	11835	4	>20	0.8726786974790836
ENSMUSG00000029422.16:B5	wild_cluster	4.002017428912586e-18	0.23238095238095238	7349	8	>20	0.6983043657362142
ENSMUSG00000004771.13:B1	wild_cluster	1.9801990442612032e-07	0.17557150451887293	7523	2	11-20	0.6642188120430711
ENSMUSG00000004771.13:B2	wild_cluster	0.612730180498709	0.7653719552337064	7594	1	11-20	0.9012334418116413
ENSMUSG00000004771.13:B3	wild_cluster	2.659255527642267e-10	0.17577353522053982	7594	1	11-20	0.6642188120430711
ENSMUSG00000021282.18:B1	wild_cluster	0.0004337225825815	0.7541463414634146	1024	10	11-20	0.8979454319966929
ENSMUSG00000021282.18:B2	wild_cluster	3.1857380369183997e-70	0.03309859154929577	4259	4	11-20	0.6443643400857324
ENSMUSG00000027346.16:B1	wild_cluster	4.773062449190778e-07	0.24349442379182157	11835	4	>20	0.7026642678870538
ENSMUSG00000027346.16:B2	wild_cluster	0.0163640919376524	0.3770197486535009	5012	2	>20	0.7511518176361769
ENSMUSG00000027346.16:B4	wild_cluster	4.9706016394836886e-23	0.14282864552164373	5012	2	>20	0.6614288040064168
ENSMUSG00000031816.16:B1	wild_cluster	0.8023379847367286	0.8935406698564593	7523	2	11-20	0.9627374339363678
ENSMUSG00000031816.16:B2	wild_cluster	0.6715142903597505	0.8026333113890718	7594	1	11-20	0.9202155296604343
ENSMUSG00000031816.16:B3	wild_cluster	0.5778893995354458	0.746938775510204	7594	1	11-20	0.8940992371389449
ENSMUSG00000040860.17:B1	wild_cluster	9.596519806600233e-16	0.3268337975858867	4307	9	>20	0.7305755066575554
ENSMUSG00000040860.17:B2	wild_cluster	0.2274698731473997	0.6164652074485463	9182	3	>20	0.8403578280844581
ENSMUSG00000040860.17:B3	wild_cluster	0.0667636228758811	0.4897092453446586	9182	3	>20	0.7897176352473404
ENSMUSG00000072501.6:B1	wild_cluster	0.6627664952768081	0.9240984967259983	10842	6	>20	0.9794311271287336
ENSMUSG00000072501.6:B3	wild_cluster	0.5411107823727068	0.8944019182882966	10842	6	>20	0.9627374339363678
ENSMUSG00000072501.6:B4	wild_cluster	0.0048063194817987	0.8696076517665431	5122	12	>20	0.9508161484295665
ENSMUSG00000021224.16:B1	wild_cluster	0.0147374627217561	0.39248754311996936	2608	1	>20	0.7545994212484498
ENSMUSG00000021224.16:B3	wild_cluster	0.0644935255477741	0.4499808355691836	2608	1	>20	0.7777126539019709
ENSMUSG00000024381.17:B1	wild_cluster	1.3244152103583699e-40	0.08748299319727891	7349	8	>20	0.6443643400857324
ENSMUSG00000024381.17:B3	wild_cluster	7.234861365003632e-34	0.25448504983388703	1504	16	>20	0.7098356155184639
ENSMUSG00000027634.15:B1	wild_cluster	4.193621391715639e-32	0.20905719305094672	5122	12	>20	0.6855172201020898
ENSMUSG00000027634.15:B2	wild_cluster	2.198133923395302e-09	0.2864520889052845	10842	6	>20	0.716584179179599
ENSMUSG00000030077.12:B1	wild_cluster	2.868209339295638e-13	0.394815396700707	6364	10	>20	0.7545994212484498
ENSMUSG00000030077.12:B2	wild_cluster	4.889101304131316e-31	0.10212448751397689	13414	5	>20	0.6443643400857324
ENSMUSG00000032410.14:B1	wild_cluster	3.0101388229845977e-20	0.2089795918367347	7349	8	>20	0.6855172201020898
ENSMUSG00000032410.14:B2	wild_cluster	1.0	1.0	11835	4	>20	1.0
ENSMUSG00000037012.19:B1	wild_cluster	1.9343699486019883e-36	0.17407698350353495	6364	10	>20	0.6642188120430711
ENSMUSG00000037012.19:B2	wild_cluster	4.810521110457042e-06	0.2674617964964592	13414	5	>20	0.7120777874931182
ENSMUSG00000040987.16:B1	wild_cluster	0.5001115632350033	0.7196339434276207	3605	1	1-5	0.8849765343683212
ENSMUSG00000040987.16:B2	wild_cluster	0.7097652518916165	0.8323170731707317	1639	2	1-5	0.934589800443459
ENSMUSG00000049044.17:B1	wild_cluster	3.3415866398813847e-44	0.3373313343328336	1333	24	>20	0.7337812708493854
ENSMUSG00000049044.17:B2	wild_cluster	7.808943622373677e-21	0.32227210618778057	5122	12	>20	0.7268435240088572
ENSMUSG00000062044.17:B3	wild_cluster	9.428669173918689e-31	0.18546889507892295	4307	9	>20	0.6701112877583466
ENSMUSG00000000266.12:B1	wild_cluster	0.6863084706619492	0.8537512673200406	11835	4	>20	0.9435225439569387
ENSMUSG00000000838.18:B1	wild_cluster	4.489268756023946e-09	0.21316323082122338	11835	4	>20	0.6855172201020898
ENSMUSG00000002546.18:B1	wild_cluster	8.794005381038689e-30	0.2293794186959937	6364	10	>20	0.6983043657362142
ENSMUSG00000005102.14:B1	wild_cluster	1.698465131632473e-14	0.2041773231031543	2345	6	11-20	0.685396970798245
ENSMUSG00000007850.17:B1	wild_cluster	2.717283658352825e-38	0.10654104004348613	5518	7	>20	0.6443643400857324
ENSMUSG00000014503.16:B1	wild_cluster	0.9538053698219447	0.9723502304147466	7594	1	11-20	1.0
ENSMUSG00000017721.16:B1	wild_cluster	2.951356947309231e-06	0.16104569946118538	5010	3	11-20	0.6614303193836947
ENSMUSG00000019970.16:B1	wild_cluster	0.0019943119138077	0.38125	159	6	1-5	0.7515598212949701
ENSMUSG00000020412.17:B1	wild_cluster	0.4363990297136291	0.6589861751152074	7594	1	11-20	0.8617806408720107
ENSMUSG00000020847.16:B1	wild_cluster	0.9988023564996972	0.8892355694227769	640	9	11-20	0.9609724669452555
ENSMUSG00000021268.19:B1	wild_cluster	0.0003833557225334	0.8124146008198321	5122	12	>20	0.9248599134419474
ENSMUSG00000021975.10:B1	wild_cluster	0.0511785768223038	0.5308237048080507	13414	5	>20	0.805760295343247
ENSMUSG00000022474.16:B1	wild_cluster	0.0001418005740452	0.32063197026022305	11835	4	>20	0.7266310461423763
ENSMUSG00000022946.11:B1	wild_cluster	5.4047442785427045e-53	0.0638347260909935	4307	9	>20	0.6443643400857324
ENSMUSG00000024186.16:B1	wild_cluster	0.814755688251416	0.9035173690515083	9182	3	>20	0.9690396210056252
ENSMUSG00000024661.8:B1	wild_cluster	4.32945625569261e-07	0.7525525525525526	1664	14	>20	0.897733938460634
ENSMUSG00000025221.17:B1	wild_cluster	1.4503212424022793e-18	0.15899403239556692	2345	6	11-20	0.6614303193836947
ENSMUSG00000025790.15:B1	wild_cluster	4.280227113429087e-08	0.31670201973623535	10842	6	>20	0.7266310461423763
ENSMUSG00000026360.10:B1	wild_cluster	0.592764013928069	0.7551020408163265	7594	1	11-20	0.8986074048465336
ENSMUSG00000026836.16:B1	wild_cluster	2.727435800966665e-12	0.5075151278547726	5122	12	>20	0.7996188273754362
ENSMUSG00000027367.17:B1	wild_cluster	0.0005615303871449	0.3439433469996273	13414	5	>20	0.7353158764195551
ENSMUSG00000027963.15:B1	wild_cluster	3.3394871385186e-45	0.0880351262349067	4554	1	6-10	0.6443643400857324
ENSMUSG00000028488.16:B1	wild_cluster	1.600593673813442e-23	0.27666928515318145	6364	10	>20	0.7146939742430115
ENSMUSG00000029004.16:B1	wild_cluster	2.1130694542298584e-12	0.5036111653328128	5122	12	>20	0.7976053581098079
ENSMUSG00000029466.12:B1	wild_cluster	2.0647044419983442e-85	0.06899275839368005	7594	1	11-20	0.6443643400857324
ENSMUSG00000030043.12:B1	wild_cluster	0.4707294946636957	0.6811059907834102	7594	1	11-20	0.8677874766412457
ENSMUSG00000030659.15:B1	wild_cluster	0.0981117559958995	0.5224872046172275	9182	3	>20	0.8032253458102916
ENSMUSG00000031386.15:B1	wild_cluster	2.1230493204029967e-60	0.03741496598639456	7349	8	>20	0.6443643400857324
ENSMUSG00000031906.10:B1	wild_cluster	0.0003428563817045	0.33238911666045473	13414	5	>20	0.7332784438201199
ENSMUSG00000032352.17:B1	wild_cluster	1.9148986215246925e-06	0.2582798242649544	11835	4	>20	0.7109417935409196
ENSMUSG00000032850.17:B1	wild_cluster	2.15053393448771e-114	0.012504224400135181	11835	4	>20	0.6443643400857324
ENSMUSG00000033763.15:B1	wild_cluster	8.6785093487413e-48	0.06492668080789449	10842	6	>20	0.6443643400857324
ENSMUSG00000034480.19:B1	wild_cluster	0.2826555120757095	0.6142030720127668	5012	2	>20	0.8386177034103186
ENSMUSG00000035173.15:B1	wild_cluster	0.0080177827171104	0.5559347044175966	10842	6	>20	0.8140754004263798
ENSMUSG00000036155.14:B1	wild_cluster	0.1744425091678123	0.614227779655289	11835	4	>20	0.8386177034103186
ENSMUSG00000037072.17:B1	wild_cluster	0.0016505636598635	0.2636663007683864	4554	1	6-10	0.7120777874931182
ENSMUSG00000037876.18:B1	wild_cluster	4.020593273920604e-13	0.2885714285714286	7349	8	>20	0.716584179179599
ENSMUSG00000038429.11:B1	wild_cluster	0.0002937680976722	0.3299291837495341	13414	5	>20	0.7318014850211669
ENSMUSG00000039210.17:B1	wild_cluster	2.3548278488681542e-14	0.23442622950819672	609	6	6-10	0.6983043657362142
ENSMUSG00000040022.15:B1	wild_cluster	2.8461261625028764e-14	0.16830010138560325	11835	4	>20	0.6614303193836947
ENSMUSG00000041895.16:B1	wild_cluster	6.064497696003607e-47	0.0678778935718897	10842	6	>20	0.6443643400857324
ENSMUSG00000043079.18:B1	wild_cluster	2.1192543387281912e-51	0.17206835592221567	1696	18	>20	0.6642188120430711
ENSMUSG00000045503.17:B1	wild_cluster	0.1548679573689593	0.43644346871569706	4554	1	6-10	0.7734528322214325
ENSMUSG00000048240.16:B1	wild_cluster	4.010530626731999e-08	0.35038363171355497	2345	6	11-20	0.7413293214984203
ENSMUSG00000051111.17:B1	wild_cluster	1.2251476385498002e-21	0.12580263602568434	11835	4	>20	0.6443643400857324
ENSMUSG00000053110.14:B1	wild_cluster	1.4601698966784798e-22	0.1532587228439763	7594	1	11-20	0.6614303193836947
ENSMUSG00000055373.9:B1	wild_cluster	1.1838075979587468e-35	0.08490495713753261	13414	5	>20	0.6443643400857324
ENSMUSG00000057649.7:B1	wild_cluster	7.853633107841234e-45	0.07184358572350825	10842	6	>20	0.6443643400857324
ENSMUSG00000059811.14:B1	wild_cluster	9.13739268736454e-19	0.1405990016638935	3605	1	1-5	0.6589614740368509
ENSMUSG00000062014.14:B1	wild_cluster	0.3226680279219664	0.5848584595128374	7594	1	11-20	0.8227291869278774
ENSMUSG00000066036.15:B1	wild_cluster	4.4262300631829e-08	0.5022780832678712	6364	10	>20	0.7962772434317168
ENSMUSG00000070003.8:B1	wild_cluster	0.0965839297167649	0.7355889724310777	797	4	6-10	0.889751955891882
ENSMUSG00000074925.5:B1	wild_cluster	0.0023904155398885	0.6530264279624893	2345	6	11-20	0.8592352414747885
ENSMUSG00000086796.3:B1	wild_cluster	0.3996296055031049	0.665218964893232	2762	2	6-10	0.8633200488841525
ENSMUSG00000097986.3:B1	wild_cluster	0.0525287968801995	0.47500816726559947	9182	3	>20	0.7890601845572686
ENSMUSG00000015222.19:B2	wild_cluster	5.125699597879585e-29	0.2336521569392934	5122	12	>20	0.6983043657362142
ENSMUSG00000015222.19:B3	wild_cluster	0.0079067620673707	0.8815147374585204	5122	12	>20	0.9579591612532055
ENSMUSG00000015222.19:B5	wild_cluster	9.694859148503249e-51	0.2413793103448276	1333	24	>20	0.7005421084574607
ENSMUSG00000029505.18:B1	wild_cluster	3.0319530152164903e-57	0.15126050420168066	832	20	>20	0.6614303193836947
ENSMUSG00000029505.18:B2	wild_cluster	1.8733160769716762e-45	0.09960722702278084	6364	10	>20	0.6443643400857324
ENSMUSG00000029505.18:B3	wild_cluster	1.2188733762282028e-36	0.1725058915946583	6364	10	>20	0.6642188120430711
ENSMUSG00000029505.18:B4	wild_cluster	1.5627276974835057e-86	0.10894941634241245	256	30	>20	0.6443643400857324
ENSMUSG00000004933.18:B1	wild_cluster	9.269373980692613e-66	0.10644677661169415	1333	24	>20	0.6443643400857324
ENSMUSG00000004933.18:B2	wild_cluster	0.0013637546609325	0.48962464262657934	10842	6	>20	0.7897176352473404
ENSMUSG00000004933.18:B3	wild_cluster	4.861481373754715e-50	0.18680023571007662	1696	18	>20	0.6701112877583466
ENSMUSG00000021327.20:B3	wild_cluster	5.858670965499459e-07	0.6892445832520008	5122	12	>20	0.8726786974790836
ENSMUSG00000027455.17:B1	wild_cluster	4.1580417328102994e-17	0.3032046014790468	1216	8	11-20	0.7241446338884063
ENSMUSG00000027455.17:B2	wild_cluster	3.2761619327262537e-06	0.25727699530516435	4259	4	11-20	0.7109417935409196
ENSMUSG00000027455.17:B3	wild_cluster	3.603235118417696e-18	0.12652582159624412	4259	4	11-20	0.6443643400857324
ENSMUSG00000031865.17:B1	wild_cluster	4.413936696135737e-53	0.1567472009428403	1696	18	>20	0.6614303193836947
ENSMUSG00000031865.17:B2	wild_cluster	0.0001355561277757	0.6193129062209842	4307	9	>20	0.8415031677650375
ENSMUSG00000031865.17:B3	wild_cluster	4.959685668134262e-36	0.15157845868152275	4307	9	>20	0.6614303193836947
ENSMUSG00000040940.19:B1	wild_cluster	9.7385258454515e-30	0.22818660940854968	5122	12	>20	0.6983043657362142
ENSMUSG00000040940.19:B2	wild_cluster	1.3769968036980463e-24	0.13879922530664945	10842	6	>20	0.6585723958383003
ENSMUSG00000040940.19:B4	wild_cluster	8.647074020419628e-43	0.07829936364474777	10842	6	>20	0.6443643400857324
ENSMUSG00000078485.5:B1	wild_cluster	0.0996117141657935	0.450609756097561	1639	2	1-5	0.7777126539019709
ENSMUSG00000078485.5:B2	wild_cluster	0.284981380355901	0.5291181364392679	3605	1	1-5	0.804775081674881
ENSMUSG00000078485.5:B3	wild_cluster	1.2785777854642313e-13	0.1932889628397116	3605	1	1-5	0.673142662221025
ENSMUSG00000021288.20:B1	wild_cluster	4.606468399493982e-05	0.9204152249134948	288	21	>20	0.9776014295325
ENSMUSG00000021288.20:B2	wild_cluster	2.6653607642554857e-07	0.3790541764812466	5518	7	>20	0.7514230941180269
ENSMUSG00000027674.17:B2	wild_cluster	0.0521135575784718	0.7966751918158568	2345	6	11-20	0.9179527581763435
ENSMUSG00000030087.12:B2	wild_cluster	0.4451283564656609	0.7021353601158161	2762	2	6-10	0.8766455370954482
ENSMUSG00000032411.16:B2	wild_cluster	0.5562549435007218	0.7340355497037525	7594	1	11-20	0.8891319096850625
ENSMUSG00000040990.18:B1	wild_cluster	1.0	1.0	64	12	1-5	1.0
ENSMUSG00000040990.18:B2	wild_cluster	1.2394413410601496e-12	0.2755102040816326	195	8	6-10	0.7146939742430115
ENSMUSG00000049176.17:B1	wild_cluster	2.2879977003084942e-20	0.33541341653666146	640	9	11-20	0.7337812708493854
ENSMUSG00000049176.17:B2	wild_cluster	6.137850800642041e-18	0.1636828644501279	2345	6	11-20	0.6614303193836947
ENSMUSG00000062075.14:B1	wild_cluster	9.954167026242535e-50	0.1285055957867018	7594	1	11-20	0.6443643400857324
ENSMUSG00000062075.14:B2	wild_cluster	3.6840905564855286e-15	0.07962359753890698	2762	2	6-10	0.6443643400857324
ENSMUSG00000000276.12:B1	wild_cluster	0.9216772241726512	0.9411118621155796	11835	4	>20	0.9883762980779364
ENSMUSG00000000861.16:B1	wild_cluster	6.830008658678492e-05	0.6223095051060487	6364	10	>20	0.8427420286014442
ENSMUSG00000002625.11:B1	wild_cluster	6.468918750699526e-11	0.19217294073797989	13414	5	>20	0.6715263686969414
ENSMUSG00000005148.9:B1	wild_cluster	1.1737331899045707e-47	0.0531632110579479	7523	2	11-20	0.6443643400857324
ENSMUSG00000007867.10:B1	wild_cluster	0.0292500393788358	0.47558296721865495	11835	4	>20	0.7890601845572686
ENSMUSG00000014554.14:B1	wild_cluster	0.1250517280710066	0.5448110639224655	9182	3	>20	0.810767580825247
ENSMUSG00000017740.18:B1	wild_cluster	1.382048100111811e-20	0.2057142857142857	7349	8	>20	0.685396970798245
ENSMUSG00000019984.17:B1	wild_cluster	0.0084472104103855	0.3903952956550147	9182	3	>20	0.7545994212484498
ENSMUSG00000020422.15:B1	wild_cluster	1.6882813500863473e-74	0.019269102990033222	1504	16	>20	0.6443643400857324
ENSMUSG00000020850.15:B1	wild_cluster	0.0767373558800204	0.5660081997763697	13414	5	>20	0.815001194671121
ENSMUSG00000021273.12:B1	wild_cluster	2.0461256451724562e-29	0.12786754438460005	5012	2	>20	0.6443643400857324
ENSMUSG00000021978.10:B1	wild_cluster	6.165532747101237e-45	0.06179649645918748	13414	5	>20	0.6443643400857324
ENSMUSG00000022489.7:B1	wild_cluster	6.814547928296673e-85	0.0226490306214894	5518	7	>20	0.6443643400857324
ENSMUSG00000024188.17:B1	wild_cluster	1.0	1.0	7349	8	>20	1.0
ENSMUSG00000024713.17:B1	wild_cluster	4.279241144675386e-13	0.27504982786736726	5518	7	>20	0.7143986285913825
ENSMUSG00000025223.16:B1	wild_cluster	4.656297675618514e-44	0.0062402496099844	640	9	11-20	0.6443643400857324
ENSMUSG00000025791.19:B1	wild_cluster	3.5221565297752443e-28	0.09825954714430551	11835	4	>20	0.6443643400857324
ENSMUSG00000026393.11:B1	wild_cluster	6.038896805195423e-10	0.11355018958291759	5010	3	11-20	0.6443643400857324
ENSMUSG00000026842.17:B1	wild_cluster	3.669900690519896e-10	0.16041848299912817	2293	5	11-20	0.6614303193836947
ENSMUSG00000027397.15:B1	wild_cluster	0.4555339626561541	0.7185318172750847	5012	2	>20	0.8843468520308736
ENSMUSG00000027971.17:B1	wild_cluster	9.204123052851291e-12	0.24163054505210735	10842	6	>20	0.7005421084574607
ENSMUSG00000028514.16:B1	wild_cluster	0.0481292155475007	0.5257547521431234	13414	5	>20	0.8033502824075999
ENSMUSG00000029016.14:B1	wild_cluster	2.724991097055607e-07	0.22493461203138623	2293	5	11-20	0.6959336093746151
ENSMUSG00000029467.16:B1	wild_cluster	4.185239622839425e-10	0.45593087195600945	6364	10	>20	0.7800160213149454
ENSMUSG00000030055.17:B2	wild_cluster	1.2746049906019649e-15	0.1758684525754111	9182	3	>20	0.6642188120430711
ENSMUSG00000030660.10:B1	wild_cluster	0.7050031721144009	0.823304805793285	7594	1	11-20	0.9312322634769754
ENSMUSG00000031391.19:B1	wild_cluster	0.0004818480998143	0.34036526276556095	13414	5	>20	0.7337812708493854
ENSMUSG00000031925.18:B1	wild_cluster	4.0954151993444794e-30	0.6009070294784581	440	22	>20	0.8308450564505704
ENSMUSG00000032356.13:B2	wild_cluster	9.34860712873869e-46	0.11895161290322581	1487	11	>20	0.6443643400857324
ENSMUSG00000032854.13:B1	wild_cluster	0.0994729727099424	0.39890230515916575	4554	1	6-10	0.7560842414254448
ENSMUSG00000033790.12:B1	wild_cluster	4.389240299666389e-23	0.06565555777289962	5010	3	11-20	0.6443643400857324
ENSMUSG00000034488.15:B1	wild_cluster	0.0627040250889435	0.5248394727948631	11835	4	>20	0.8033502824075999
ENSMUSG00000035189.18:B1	wild_cluster	2.7237357634044813e-21	0.003048780487804878	1639	2	1-5	0.6443643400857324
ENSMUSG00000036158.13:B1	wild_cluster	2.0564110741965962e-44	0.12629318758539917	5122	12	>20	0.6443643400857324
ENSMUSG00000037098.19:B1	wild_cluster	2.52627944911471e-36	0.10993197278911565	7349	8	>20	0.6443643400857324
ENSMUSG00000037885.19:B1	wild_cluster	0.9356442142750454	0.954917215240375	5012	2	>20	0.9933262830822558
ENSMUSG00000038437.12:B1	wild_cluster	1.733511734803116e-28	0.2370777690494894	6364	10	>20	0.7005014853601429
ENSMUSG00000039218.18:B1	wild_cluster	2.8440425331470264e-47	0.11009174311926606	5122	12	>20	0.6443643400857324
ENSMUSG00000040028.11:B1	wild_cluster	5.637869064774947e-76	0.0684931506849315	1167	3	6-10	0.6443643400857324
ENSMUSG00000040855.16:B1	wild_cluster	0.6415327546344319	0.8709653373089825	13414	5	>20	0.9511440749432075
ENSMUSG00000041907.10:B1	wild_cluster	8.519493548657073e-119	0.03767831863225526	9182	3	>20	0.6443643400857324
ENSMUSG00000043090.19:B1	wild_cluster	0.0260820815545369	0.32250274423710207	4554	1	6-10	0.7268435240088572
ENSMUSG00000045515.5:B1	wild_cluster	5.0070047942116317e-39	0.10291719514404783	5518	7	>20	0.6443643400857324
ENSMUSG00000048249.15:B1	wild_cluster	5.403848774316205e-84	0.02914322604445264	10842	6	>20	0.6443643400857324
ENSMUSG00000051149.16:B1	wild_cluster	0.2650704906969673	0.8943825441039925	4307	9	>20	0.9627374339363678
ENSMUSG00000053119.12:B1	wild_cluster	0.1089376078940014	0.6013417815877748	13414	5	>20	0.8308643669387324
ENSMUSG00000055409.15:B1	wild_cluster	0.0893267204554745	0.4319510898458267	7523	2	11-20	0.7712677124491012
ENSMUSG00000057691.9:B1	wild_cluster	0.0353674967454627	0.45050637046716757	9182	3	>20	0.7777126539019709
ENSMUSG00000059851.16:B1	wild_cluster	1.5462487781261947e-24	0.13557929334428923	1216	8	11-20	0.6540391661758845
ENSMUSG00000062098.12:B1	wild_cluster	1.7039426313927693e-36	0.08140141632500932	13414	5	>20	0.6443643400857324
ENSMUSG00000066043.14:B1	wild_cluster	0.0006516948895934	0.3516431924882629	4259	4	11-20	0.7423707116463877
ENSMUSG00000070304.13:B1	wild_cluster	1.0	1.0	13414	5	>20	1.0
ENSMUSG00000098202.3:B1	wild_cluster	1.6954470703342257e-15	0.5630057803468208	864	15	>20	0.8140754004263798
ENSMUSG00000017119.21:B2	wild_cluster	2.3388891711710153e-214	0.0043859649122807015	7523	2	11-20	0.6443643400857324
ENSMUSG00000017119.21:B4	wild_cluster	0.3627447850403865	0.7641673931996512	2293	5	11-20	0.9012334418116413
ENSMUSG00000017119.21:B5	wild_cluster	0.3067405290387059	0.7423714036617263	2293	5	11-20	0.8925516651358872
ENSMUSG00000030016.15:B1	wild_cluster	2.858670166133519e-21	0.31700175678313486	5122	12	>20	0.7266310461423763
ENSMUSG00000030016.15:B2	wild_cluster	5.83541412010241e-37	0.09111869408835194	10842	6	>20	0.6443643400857324
ENSMUSG00000030016.15:B3	wild_cluster	2.6136669185247807e-49	0.260119940029985	1333	24	>20	0.7109417935409196
ENSMUSG00000030016.15:B4	wild_cluster	1.443695244385278e-38	0.2857984678845021	1696	18	>20	0.716584179179599
ENSMUSG00000004980.17:B1	wild_cluster	1.0314743184730502e-08	0.6906906906906907	1664	14	>20	0.8732692197259126
ENSMUSG00000004980.17:B2	wild_cluster	0.0001612368426641	0.4779851422359123	5518	7	>20	0.7890601845572686
ENSMUSG00000004980.17:B3	wild_cluster	6.151011414974569e-07	0.39028809566950534	5518	7	>20	0.7545994212484498
ENSMUSG00000021488.9:B1	wild_cluster	7.26083565553468e-94	0.0022675736961451248	440	22	>20	0.6443643400857324
ENSMUSG00000021488.9:B2	wild_cluster	3.934053593742506e-15	0.3393817204301075	1487	11	>20	0.7337812708493854
ENSMUSG00000021488.9:B3	wild_cluster	3.616987517674757e-66	0.35751295336787564	192	33	>20	0.7428782721323877
ENSMUSG00000027646.16:B2	wild_cluster	0.2189760249211009	0.5436120159247195	2762	2	6-10	0.8106400078267127
ENSMUSG00000031918.17:B1	wild_cluster	2.8211635341553047e-41	0.13212882953652788	6364	10	>20	0.6493876189743195
ENSMUSG00000031918.17:B2	wild_cluster	1.2814452722134862e-06	0.253447633246366	13414	5	>20	0.7091382301709003
ENSMUSG00000031918.17:B3	wild_cluster	1.7750515392566357e-35	0.0857994781960492	13414	5	>20	0.6443643400857324
ENSMUSG00000040964.17:B2	wild_cluster	2.1366712929048843e-34	0.1299148396448632	5518	7	>20	0.6475577816444622
ENSMUSG00000040964.17:B3	wild_cluster	0.3855500186771433	0.8700851603551368	5518	7	>20	0.9510492429182921
ENSMUSG00000078812.11:B2	wild_cluster	3.5902929800924347e-06	0.17082880926529134	2762	2	6-10	0.6630031981498798
ENSMUSG00000021451.17:B1	wild_cluster	0.2230664275912997	0.5386762360446571	7523	2	11-20	0.8089139469795519
ENSMUSG00000021451.17:B2	wild_cluster	0.4543138497500226	0.6697827518104016	7594	1	11-20	0.8633200488841525
ENSMUSG00000024431.16:B1	wild_cluster	8.048280933348973e-18	0.23564625850340137	7349	8	>20	0.6995335185172045
ENSMUSG00000024431.16:B2	wild_cluster	1.0694117235314608e-06	0.2516052720513687	11835	4	>20	0.7090359082906939
ENSMUSG00000027797.16:B1	wild_cluster	3.006899095500854e-12	0.7377725397760754	1696	18	>20	0.8902030173648443
ENSMUSG00000027797.16:B2	wild_cluster	1.0	1.0	287	27	>20	1.0
ENSMUSG00000030101.16:B1	wild_cluster	0.0713806087403304	0.5338796890841501	11835	4	>20	0.8065601754443342
ENSMUSG00000030101.16:B2	wild_cluster	2.695191028513387e-09	0.45408163265306123	195	8	6-10	0.7797621928593323
ENSMUSG00000032423.13:B1	wild_cluster	1.0	1.0	37	19	11-20	1.0
ENSMUSG00000032423.13:B2	wild_cluster	0.0692900783015106	0.5565411852404025	13414	5	>20	0.8140754004263798
ENSMUSG00000037426.19:B1	wild_cluster	0.0204670945453369	0.4892018779342723	4259	4	11-20	0.7897176352473404
ENSMUSG00000037426.19:B2	wild_cluster	0.6063475995771274	0.7838915470494418	7523	2	11-20	0.9113647727518189
ENSMUSG00000041235.13:B1	wild_cluster	7.398255584153558e-47	0.0448780487804878	1024	10	11-20	0.6443643400857324
ENSMUSG00000041235.13:B2	wild_cluster	0.0004261916503255	0.31656321463573994	9182	3	>20	0.7266310461423763
ENSMUSG00000049583.16:B1	wild_cluster	5.844498927916906e-09	0.8	1504	16	>20	0.9195649593266098
ENSMUSG00000049583.16:B2	wild_cluster	0.0179203368085578	0.6982312925170068	7349	8	>20	0.8762492329020607
ENSMUSG00000062078.16:B1	wild_cluster	1.6540880196989808e-14	0.27034013605442175	7349	8	>20	0.7135088773956679
ENSMUSG00000062078.16:B2	wild_cluster	2.9109629673288166e-35	0.23853820598006645	1504	16	>20	0.7005014853601429
ENSMUSG00000000305.13:B1	wild_cluster	1.0113226128091468e-22	0.1955064323246965	5518	7	>20	0.677677641164324
ENSMUSG00000000881.13:B1	wild_cluster	2.0973111847917007e-32	0.08676917877661372	11835	4	>20	0.6443643400857324
ENSMUSG00000002833.12:B1	wild_cluster	0.2850580316644721	0.6157989228007181	5012	2	>20	0.8397427834128083
ENSMUSG00000005198.16:B1	wild_cluster	7.233539332015362e-43	0.07820713824587291	10842	6	>20	0.6443643400857324
ENSMUSG00000007880.17:B1	wild_cluster	0.1366266450766437	0.9422043010752689	1487	11	>20	0.9888306577111131
ENSMUSG00000014592.22:B1	wild_cluster	4.296270785482719e-36	0.15134633240482823	4307	9	>20	0.6614303193836947
ENSMUSG00000017760.17:B1	wild_cluster	1.6940209394519805e-84	0.0013077593722755014	2293	5	11-20	0.6443643400857324
ENSMUSG00000019986.18:B1	wild_cluster	8.071449855957492e-26	0.2575019638648861	6364	10	>20	0.7109417935409196
ENSMUSG00000020435.18:B1	wild_cluster	0.0006452711470393	0.28825054857370835	5012	2	>20	0.716584179179599
ENSMUSG00000020863.16:B2	wild_cluster	5.337305620784208e-05	0.7056451612903226	1487	11	>20	0.8778817956990739
ENSMUSG00000021275.17:B1	wild_cluster	0.4264876708839137	0.7834513604174431	13414	5	>20	0.9113576497896053
ENSMUSG00000021983.17:B1	wild_cluster	1.3945783507945428e-41	0.06767489016559648	11835	4	>20	0.6443643400857324
ENSMUSG00000022494.16:B1	wild_cluster	0.0061784426385823	0.380921267559621	9182	3	>20	0.7515598212949701
ENSMUSG00000022973.19:B1	wild_cluster	6.529081306608731e-40	0.09183673469387756	7349	8	>20	0.6443643400857324
ENSMUSG00000024201.13:B1	wild_cluster	0.0037152157417206	0.40938967136150234	4259	4	11-20	0.7572865887921466
ENSMUSG00000024735.14:B1	wild_cluster	0.1500384843470453	0.5110756336060667	5010	3	11-20	0.7996188273754362
ENSMUSG00000025227.15:B1	wild_cluster	0.6759964417387603	0.8392180331139039	5012	2	>20	0.9374221805913321
ENSMUSG00000025793.18:B1	wild_cluster	0.1828357702488418	0.6193815478202095	11835	4	>20	0.8415031677650375
ENSMUSG00000026421.15:B1	wild_cluster	4.60335174360427e-77	0.05815093106827834	9182	3	>20	0.6443643400857324
ENSMUSG00000026843.16:B1	wild_cluster	2.2938033152418573e-08	0.22186549509969583	11835	4	>20	0.6921980188289953
ENSMUSG00000027405.17:B1	wild_cluster	0.1020825794650457	0.5256452139823587	9182	3	>20	0.8033502824075999
ENSMUSG00000027977.16:B1	wild_cluster	1.5845040368760404e-14	0.12360446570972887	7523	2	11-20	0.6443643400857324
ENSMUSG00000028519.17:B1	wild_cluster	1.344831140883447e-61	0.0441297055534849	13414	5	>20	0.6443643400857324
ENSMUSG00000029033.17:B1	wild_cluster	0.1572829378422273	0.6026529232848935	11835	4	>20	0.8313984483242961
ENSMUSG00000029471.14:B1	wild_cluster	3.988036636264609e-41	0.09077731473092952	5518	7	>20	0.6443643400857324
ENSMUSG00000030058.18:B1	wild_cluster	0.0245551138665152	0.4792396571002609	13414	5	>20	0.7892239029569421
ENSMUSG00000030683.12:B1	wild_cluster	1.9452660199994443e-31	0.13034013605442177	7349	8	>20	0.6477834228261022
ENSMUSG00000031425.16:B1	wild_cluster	0.102984234303418	0.7985034013605442	7349	8	>20	0.9188818255738436
ENSMUSG00000031928.16:B1	wild_cluster	0.0002089383333444	0.24107965766951941	7594	1	11-20	0.7005421084574607
ENSMUSG00000032373.16:B1	wild_cluster	0.0420554085640933	0.37506645401382244	7523	2	11-20	0.7501329080276449
ENSMUSG00000032855.7:B1	wild_cluster	7.211824683967032e-39	0.16196236559139784	1487	11	>20	0.6614303193836947
ENSMUSG00000033819.17:B1	wild_cluster	3.2849622454790146e-08	0.20167564332734889	5012	2	>20	0.6848547296183478
ENSMUSG00000034518.15:B1	wild_cluster	2.0640046550515e-13	0.17370733355863469	11835	4	>20	0.6642188120430711
ENSMUSG00000035245.13:B1	wild_cluster	8.715979981006859e-116	0.0059931506849315065	1167	3	6-10	0.6443643400857324
ENSMUSG00000036218.17:B1	wild_cluster	0.4624703300468679	0.6746543778801843	7594	1	11-20	0.8650714809231967
ENSMUSG00000037103.9:B1	wild_cluster	0.0846840193163859	0.39767054908485855	3605	1	1-5	0.7559944138205176
ENSMUSG00000037907.17:B1	wild_cluster	1.0	1.0	4259	4	11-20	1.0
ENSMUSG00000038481.14:B1	wild_cluster	0.3622824477540856	0.6789383561643836	1167	3	6-10	0.866697004348401
ENSMUSG00000039220.17:B1	wild_cluster	1.35803826035214e-23	0.04838709677419355	2293	5	11-20	0.6443643400857324
ENSMUSG00000040033.17:B1	wild_cluster	0.7184614204040078	0.8649036836769178	11835	4	>20	0.9485335534945214
ENSMUSG00000040857.16:B1	wild_cluster	0.0182259155163681	0.3986201609812189	2608	1	>20	0.7560842414254448
ENSMUSG00000041923.16:B1	wild_cluster	0.0015393251944092	0.34084721768485243	9182	3	>20	0.7340257026294947
ENSMUSG00000043154.16:B1	wild_cluster	1.0	1.0	4259	4	11-20	1.0
ENSMUSG00000048251.16:B1	wild_cluster	3.335542175015027e-05	0.44772603732560246	5518	7	>20	0.7773299340909611
ENSMUSG00000051177.17:B1	wild_cluster	2.021501753555817e-39	0.1490966221523959	6364	10	>20	0.6614303193836947
ENSMUSG00000053199.14:B1	wild_cluster	1.2265755742537305e-65	0.025034013605442176	7349	8	>20	0.6443643400857324
ENSMUSG00000055421.9:B1	wild_cluster	1.6344679792198906e-05	0.9195678271308524	832	20	>20	0.9773940781986554
ENSMUSG00000057715.14:B1	wild_cluster	2.4631578771737355e-63	0.029523809523809525	7349	8	>20	0.6443643400857324
ENSMUSG00000059857.16:B1	wild_cluster	1.0485055820987274e-43	0.39473684210526316	37	19	11-20	0.7545994212484498
ENSMUSG00000062115.16:B1	wild_cluster	9.281466243379756e-24	0.4756756756756757	1664	14	>20	0.7890601845572686
ENSMUSG00000066129.18:B1	wild_cluster	9.983613517936551e-15	0.3400649953574745	4307	9	>20	0.7337812708493854
ENSMUSG00000070366.6:B1	wild_cluster	0.9355292776428588	0.9428945074106364	2293	5	11-20	0.9893240852551275
ENSMUSG00000087038.11:B1	wild_cluster	1.0507214341944732e-17	0.1632364151148862	9182	3	>20	0.6614303193836947
ENSMUSG00000019558.15:B2	wild_cluster	1.2128938312003047e-11	0.2439361800239786	10842	6	>20	0.7027141971312959
ENSMUSG00000019558.15:B3	wild_cluster	0.0423191147045991	0.6573826431799318	10842	6	>20	0.8604344581475905
ENSMUSG00000019558.15:B4	wild_cluster	2.074690426836716e-09	0.7309644670050761	787	12	11-20	0.8885332140836532
ENSMUSG00000030067.18:B1	wild_cluster	1.0	1.0	159	16	11-20	1.0
ENSMUSG00000030067.18:B2	wild_cluster	6.978173510620143e-39	0.09727891156462586	7349	8	>20	0.6443643400857324
ENSMUSG00000030067.18:B3	wild_cluster	1.4033434175902047e-06	0.44816326530612244	7349	8	>20	0.777669641380288
ENSMUSG00000030067.18:B5	wild_cluster	1.162173689156577e-16	0.18491192474407453	10842	6	>20	0.669375212278067
ENSMUSG00000005069.13:B1	wild_cluster	1.2946982087551798e-05	0.2568493150684932	1167	3	6-10	0.7109417935409196
ENSMUSG00000005069.13:B2	wild_cluster	1.3037416299130348e-10	0.1056822294607311	2762	2	6-10	0.6443643400857324
ENSMUSG00000005069.13:B3	wild_cluster	0.2834391609729103	0.535675082327113	4554	1	6-10	0.807644255581053
ENSMUSG00000021668.16:B1	wild_cluster	2.1244240659488256e-24	0.044463818657367045	2293	5	11-20	0.6443643400857324
ENSMUSG00000021668.16:B2	wild_cluster	7.472348107896138e-51	0.021463414634146343	1024	10	11-20	0.6443643400857324
ENSMUSG00000021668.16:B3	wild_cluster	5.0402606285395405e-22	0.06102877070619006	2293	5	11-20	0.6443643400857324
ENSMUSG00000027651.17:B2	wild_cluster	0.251163267583421	0.506476399560922	4554	1	6-10	0.7995309672305231
ENSMUSG00000027651.17:B3	wild_cluster	1.1072822588145328e-116	0.0283205268935236	4554	1	6-10	0.6443643400857324
ENSMUSG00000031959.16:B1	wild_cluster	1.3358690389896543e-27	0.12514986627317162	10842	6	>20	0.6443643400857324
ENSMUSG00000031959.16:B2	wild_cluster	0.0262950356733023	0.4348252205161712	9182	3	>20	0.7722954402821961
ENSMUSG00000031959.16:B3	wild_cluster	1.2071502267339504e-15	0.17488838070347382	9182	3	>20	0.6642188120430711
ENSMUSG00000041119.13:B1	wild_cluster	1.8569193450251696e-16	0.8571428571428571	83	23	>20	0.9453797378772596
ENSMUSG00000041119.13:B5	wild_cluster	0.078411930115973	0.7024808632297335	10842	6	>20	0.876714492999416
ENSMUSG00000041119.13:B6	wild_cluster	1.2113820325401123e-43	0.13039234823345697	5122	12	>20	0.6477834228261022
ENSMUSG00000084925.9:B2	wild_cluster	0.9697965724362332	0.9730898248229594	13414	5	>20	1.0
ENSMUSG00000084925.9:B3	wild_cluster	0.969796738872698	0.9730898248229594	13414	5	>20	1.0
ENSMUSG00000021684.18:B1	wild_cluster	0.0642258109042528	0.4037745879851143	7523	2	11-20	0.7560842414254448
ENSMUSG00000021684.18:B4	wild_cluster	0.1482224403398727	0.4575378538512179	7594	1	11-20	0.7809757748348807
ENSMUSG00000024456.17:B1	wild_cluster	1.2183349705034345e-23	0.26634146341463416	1024	10	11-20	0.7120777874931182
ENSMUSG00000024456.17:B2	wild_cluster	0.163733856472192	0.6687009590235397	2293	5	11-20	0.8633200488841525
ENSMUSG00000027827.18:B1	wild_cluster	0.0197848335716691	0.33147262094630514	7523	2	11-20	0.733144833989019
ENSMUSG00000027827.18:B2	wild_cluster	0.3100391935868406	0.5681369321922317	7594	1	11-20	0.815001194671121
ENSMUSG00000037503.13:B2	wild_cluster	0.0027424269630694	0.3830786433097279	13414	5	>20	0.7527625851099453
ENSMUSG00000041353.13:B1	wild_cluster	0.4378027682650582	0.9092517006802721	7349	8	>20	0.9717614110203195
ENSMUSG00000041353.13:B2	wild_cluster	0.0183213533598025	0.45234876647516054	11835	4	>20	0.7788287755527091
ENSMUSG00000049676.15:B1	wild_cluster	0.8144278384455843	0.8853658536585366	1639	2	1-5	0.9591808547075781
ENSMUSG00000049676.15:B2	wild_cluster	5.8114840606366386e-40	0.06711037160288408	3605	1	1-5	0.6443643400857324
ENSMUSG00000062169.14:B1	wild_cluster	0.2927663515646371	0.589845826687932	7523	2	11-20	0.8258943745839122
ENSMUSG00000062169.14:B2	wild_cluster	3.222598195693063e-15	0.12107921318447634	7523	2	11-20	0.6443643400857324
ENSMUSG00000000308.15:B1	wild_cluster	0.5504920165931125	0.7012074643249177	4554	1	6-10	0.8765844221097139
ENSMUSG00000001036.18:B1	wild_cluster	0.0002161705952917	0.44378861938577885	10842	6	>20	0.7767748006946728
ENSMUSG00000002963.18:B1	wild_cluster	0.0911789050717831	0.48314382605226414	5012	2	>20	0.7897176352473404
ENSMUSG00000005225.16:B1	wild_cluster	1.826152192762644e-75	0.022065727699530517	4259	4	11-20	0.6443643400857324
ENSMUSG00000008036.12:B1	wild_cluster	0.3169058035995608	0.576036866359447	7594	1	11-20	0.8181110423967566
ENSMUSG00000014668.16:B1	wild_cluster	1.605156527877724e-14	0.20723047127178826	10842	6	>20	0.685396970798245
ENSMUSG00000017781.18:B1	wild_cluster	0.0002007106922273	0.556692242114237	2345	6	11-20	0.8140754004263798
ENSMUSG00000019996.18:B1	wild_cluster	1.4011395054992603e-19	0.16554459098035598	10842	6	>20	0.6614303193836947
ENSMUSG00000020448.17:B1	wild_cluster	0.3233162504041574	0.6959276782696857	11835	4	>20	0.8762492329020607
ENSMUSG00000020894.17:B1	wild_cluster	1.2652115850754529e-13	0.3894736842105263	6364	10	>20	0.7545994212484498
ENSMUSG00000021277.17:B1	wild_cluster	0.0139350971206941	0.32229095988824585	5010	3	11-20	0.7268435240088572
ENSMUSG00000021991.10:B1	wild_cluster	3.638731958137014e-36	0.11131059245960502	5012	2	>20	0.6443643400857324
ENSMUSG00000022498.17:B1	wild_cluster	0.0977609191741332	0.6129107981220657	4259	4	11-20	0.8380921375781045
ENSMUSG00000022983.17:B1	wild_cluster	4.331944591336458e-07	0.24248056775937818	11835	4	>20	0.7013329136281762
ENSMUSG00000024213.15:B1	wild_cluster	8.87424965710852e-29	0.1669266770670827	640	9	11-20	0.6614303193836947
ENSMUSG00000024736.16:B1	wild_cluster	0.2963173920288137	0.6254240670524845	5010	3	11-20	0.844923859816097
ENSMUSG00000025228.6:B1	wild_cluster	1.333793853424459e-90	0.0008718395815170009	2293	5	11-20	0.6443643400857324
ENSMUSG00000025855.14:B1	wild_cluster	0.0255402426782911	0.4811777860603802	13414	5	>20	0.7896623298374663
ENSMUSG00000026425.16:B1	wild_cluster	8.555521999941449e-39	0.07521431233693626	13414	5	>20	0.6443643400857324
ENSMUSG00000026854.17:B1	wild_cluster	0.1085239682319726	0.9556900253757564	5122	12	>20	0.9937054472917207
ENSMUSG00000027406.14:B1	wild_cluster	7.006442005733492e-19	0.13948969246367016	11835	4	>20	0.6587664467611986
ENSMUSG00000027981.15:B1	wild_cluster	0.5759476166972259	0.9117593766986773	5518	7	>20	0.9727741237867237
ENSMUSG00000028524.22:B1	wild_cluster	0.0039519495655563	0.39522922102124486	13414	5	>20	0.7545994212484498
ENSMUSG00000029034.10:B1	wild_cluster	1.0653060491188375e-26	0.07974481658692185	7523	2	11-20	0.6443643400857324
ENSMUSG00000029486.15:B1	wild_cluster	0.0002421342343311	0.32899628252788105	11835	4	>20	0.7314404080960116
ENSMUSG00000030091.18:B1	wild_cluster	0.0016941592851869	0.3433518458020255	9182	3	>20	0.7346473534158909
ENSMUSG00000030691.16:B1	wild_cluster	3.847914162535018e-69	0.04619312906220984	4307	9	>20	0.6443643400857324
ENSMUSG00000031428.12:B1	wild_cluster	6.548077733517561e-12	0.2393249100802361	10842	6	>20	0.7005197968362168
ENSMUSG00000031955.11:B1	wild_cluster	1.6122350442849365e-07	0.2030487804878049	1639	2	1-5	0.6850553462968648
ENSMUSG00000032376.13:B1	wild_cluster	0.0352859169229983	0.3340355497037525	7594	1	11-20	0.7337812708493854
ENSMUSG00000032875.9:B1	wild_cluster	4.4264857381412266e-48	0.06776589961949629	5518	7	>20	0.6443643400857324
ENSMUSG00000033871.15:B1	wild_cluster	0.5493561291299263	0.7971443055086178	11835	4	>20	0.9180227452783672
ENSMUSG00000034543.16:B1	wild_cluster	0.1619064680048992	0.467412771560237	7594	1	11-20	0.7845549469845196
ENSMUSG00000035248.10:B1	wild_cluster	2.379404251236561e-06	0.2597092806559821	13414	5	>20	0.7109417935409196
ENSMUSG00000036256.14:B1	wild_cluster	0.0870002365802695	0.4007210205213533	3605	1	1-5	0.7560842414254448
ENSMUSG00000037110.21:B1	wild_cluster	0.0034219169273271	0.3619732113688337	9182	3	>20	0.7450718687304343
ENSMUSG00000037933.17:B1	wild_cluster	3.169952367939277e-07	0.24144614237793516	13414	5	>20	0.7005421084574607
ENSMUSG00000038485.7:B1	wild_cluster	0.0005667366072208	0.34428861101723557	11835	4	>20	0.7357041801965262
ENSMUSG00000039234.12:B1	wild_cluster	0.902008900854112	0.9414134814330829	9182	3	>20	0.9884621701361843
ENSMUSG00000040037.14:B1	wild_cluster	3.927369179346725e-29	0.23306656256099942	5122	12	>20	0.6983043657362142
ENSMUSG00000040907.16:B1	wild_cluster	0.2382906741939605	0.9161036920659859	6364	10	>20	0.9757133094424536
ENSMUSG00000041936.19:B2	wild_cluster	1.6429582801519078e-39	0.27637006482027104	1696	18	>20	0.7146939742430115
ENSMUSG00000043259.16:B1	wild_cluster	0.5692547121548416	0.7586390217969166	7523	2	11-20	0.8998165117807442
ENSMUSG00000045636.17:B1	wild_cluster	5.122064560045392e-06	0.2509706045479756	3605	1	1-5	0.7087712550550869
ENSMUSG00000048264.17:B1	wild_cluster	0.9726241057201526	0.9736469563323532	9182	3	>20	1.0
ENSMUSG00000051223.15:B1	wild_cluster	0.5625846374287067	0.8036498817167962	11835	4	>20	0.9202155296604343
ENSMUSG00000053333.16:B1	wild_cluster	0.2204957137464571	0.5016458196181699	7594	1	11-20	0.7955554162269107
ENSMUSG00000055436.19:B1	wild_cluster	1.1290537089926061e-21	0.2595171773444754	4307	9	>20	0.7109417935409196
ENSMUSG00000057716.8:B1	wild_cluster	7.885163106429015e-05	0.6270227808326787	6364	10	>20	0.845305673950142
ENSMUSG00000059890.17:B1	wild_cluster	0.6959496318855058	0.8377192982456141	7523	2	11-20	0.9364621519438283
ENSMUSG00000062151.14:B1	wild_cluster	0.0287399318591554	0.4887066716362281	13414	5	>20	0.7897176352473404
ENSMUSG00000066151.13:B1	wild_cluster	4.987550171280779e-51	0.17678255745433116	1696	18	>20	0.6642188120430711
ENSMUSG00000070509.16:B1	wild_cluster	0.0005785011572047	0.32081019274746814	9182	3	>20	0.7266310461423763
ENSMUSG00000087203.9:B1	wild_cluster	0.1608509424180441	0.45027442371020854	4554	1	6-10	0.7777126539019709
ENSMUSG00000024163.18:B1	wild_cluster	1.0368161748149414e-69	0.16666666666666666	287	27	>20	0.6614303193836947
ENSMUSG00000024163.18:B2	wild_cluster	3.1207011277416815e-07	0.5120705663881151	4307	9	>20	0.8001196196168145
ENSMUSG00000024163.18:B3	wild_cluster	1.3212946245182947e-40	0.122330547818013	4307	9	>20	0.6443643400857324
ENSMUSG00000024163.18:B4	wild_cluster	3.3206076609296216e-78	0.06599882144961697	1696	18	>20	0.6443643400857324
ENSMUSG00000024163.18:B5	wild_cluster	1.915941502162236e-33	0.1692200557103064	4307	9	>20	0.662927404323774
ENSMUSG00000024163.18:B6	wild_cluster	0.0048934548678514	0.7147168059424327	4307	9	>20	0.8825506068434983
ENSMUSG00000001419.18:B1	wild_cluster	1.496507889622137e-23	0.14433274923914047	10842	6	>20	0.6614303193836947
ENSMUSG00000001419.18:B2	wild_cluster	9.17407265604708e-24	0.1436871714470165	10842	6	>20	0.6614288040064168
ENSMUSG00000001419.18:B3	wild_cluster	3.64701684376059e-47	0.06760121737526514	10842	6	>20	0.6443643400857324
ENSMUSG00000018412.17:B1	wild_cluster	0.1057106500301547	0.9551044309974625	5122	12	>20	0.9933262830822558
ENSMUSG00000018412.17:B2	wild_cluster	0.0016601933604916	0.4976482523286913	10842	6	>20	0.7927826826191401
ENSMUSG00000018412.17:B3	wild_cluster	0.2974954215612546	0.8268929263119063	10842	6	>20	0.9322243221410056
ENSMUSG00000024392.18:B1	wild_cluster	0.1954024287077686	0.6648527767424525	13414	5	>20	0.8633200488841525
ENSMUSG00000024392.18:B2	wild_cluster	0.3651901525807753	0.7540067089079389	13414	5	>20	0.8979454319966929
ENSMUSG00000024392.18:B7	wild_cluster	8.381342133346942e-06	0.5792615868028279	6364	10	>20	0.8195060553500436
ENSMUSG00000029420.15:B1	wild_cluster	6.3923399087066074e-34	0.37117117117117115	1664	14	>20	0.7463073584888515
ENSMUSG00000029420.15:B3	wild_cluster	3.578604390770833e-06	0.4143866642507701	5518	7	>20	0.7601315554759128
ENSMUSG00000029420.15:B6	wild_cluster	1.149141231737271e-05	0.4303315818082986	5518	7	>20	0.7708250166574145
ENSMUSG00000036712.16:B1	wild_cluster	1.0	1.0	6364	10	>20	1.0
ENSMUSG00000036712.16:B2	wild_cluster	1.0885793828020564e-73	0.01775333857030636	6364	10	>20	0.6443643400857324
ENSMUSG00000036712.16:B3	wild_cluster	1.0	1.0	13414	5	>20	1.0
ENSMUSG00000053819.17:B1	wild_cluster	5.023634521740121e-35	0.18660940854967792	5122	12	>20	0.6701112877583466
ENSMUSG00000053819.17:B2	wild_cluster	0.0375810078747152	0.49188915174045283	11835	4	>20	0.7910978754878202
ENSMUSG00000053819.17:B3	wild_cluster	0.1578149518816258	0.6029063872930044	11835	4	>20	0.8314929807574686
ENSMUSG00000004347.18:B1	wild_cluster	1.0	1.0	159	6	1-5	1.0
ENSMUSG00000004347.18:B2	wild_cluster	1.1987582304700946e-14	0.05025125628140704	198	4	1-5	0.6443643400857324
ENSMUSG00000019990.16:B2	wild_cluster	5.302628317216983e-05	0.22560975609756098	1639	2	1-5	0.6966237040050677
ENSMUSG00000022800.15:B1	wild_cluster	8.331680360437337e-34	0.09649122807017543	797	4	6-10	0.6443643400857324
ENSMUSG00000022800.15:B3	wild_cluster	0.8745299486693521	0.9291600212652844	7523	2	11-20	0.9829419895549926
ENSMUSG00000026469.15:B1	wild_cluster	0.0004342013246364	0.6683424980361351	6364	10	>20	0.8633200488841525
ENSMUSG00000026469.15:B2	wild_cluster	0.0001834590285717	0.319045844204249	13414	5	>20	0.7266310461423763
ENSMUSG00000028759.14:B1	wild_cluster	0.0028517603585151	0.8592621510833496	5122	12	>20	0.9457142304212337
ENSMUSG00000028759.14:B2	wild_cluster	2.166152643986679e-115	0.007931384303237112	10842	6	>20	0.6443643400857324
ENSMUSG00000031337.17:B1	wild_cluster	2.461490524803804e-18	0.1606990622335891	2345	6	11-20	0.6614303193836947
ENSMUSG00000034210.15:B1	wild_cluster	7.87800449530047e-06	0.19710260499734183	7523	2	11-20	0.6790600092475471
ENSMUSG00000034210.15:B2	wild_cluster	9.916227464682666e-62	0.1119157340355497	7594	1	11-20	0.6443643400857324
ENSMUSG00000039219.19:B1	wild_cluster	0.0001026927667596	0.4696502989672042	5518	7	>20	0.7860430967506752
ENSMUSG00000039219.19:B4	wild_cluster	8.500942991874724e-07	0.760960960960961	1664	14	>20	0.9001896691216927
ENSMUSG00000043051.18:B1	wild_cluster	0.8192232467878386	0.9064575846673201	9182	3	>20	0.9701102834240112
ENSMUSG00000055447.20:B1	wild_cluster	4.209849052282742e-45	0.29009009009009007	1664	14	>20	0.716584179179599
ENSMUSG00000055447.20:B4	wild_cluster	3.4859638928521854e-44	0.07718789635803587	5518	7	>20	0.6443643400857324
ENSMUSG00000079056.13:B1	wild_cluster	1.2440014002894636e-29	0.1402721088435374	7349	8	>20	0.6589614740368509
ENSMUSG00000079056.13:B2	wild_cluster	0.46677029540941	0.7612369043595809	11835	4	>20	0.9001896691216927
ENSMUSG00000001768.17:B1	wild_cluster	5.802062709752697e-44	0.07451812229087891	10842	6	>20	0.6443643400857324
ENSMUSG00000004071.14:B1	wild_cluster	0.6494732171522607	0.7881500987491771	7594	1	11-20	0.9135145253870327
ENSMUSG00000006304.15:B1	wild_cluster	1.2984992637244963e-69	0.04004348613879326	5518	7	>20	0.6443643400857324
ENSMUSG00000010154.8:B1	wild_cluster	0.1324695989809472	0.5130660283263515	5012	2	>20	0.8001196196168145
ENSMUSG00000016179.12:B1	wild_cluster	2.0266097025492583e-35	0.10639224654252423	9182	3	>20	0.6443643400857324
ENSMUSG00000018995.13:B1	wild_cluster	0.6733244379582168	0.8825941110696981	13414	5	>20	0.9581093730148236
ENSMUSG00000020184.16:B1	wild_cluster	0.8704072634998854	0.946552366753634	13414	5	>20	0.9910804473508007
ENSMUSG00000020627.11:B1	wild_cluster	0.0427796022850651	0.5410798122065728	4259	4	11-20	0.8097622475650258
ENSMUSG00000021090.17:B1	wild_cluster	0.0001093936408286	0.3103286384976526	4259	4	11-20	0.7244864969571635
ENSMUSG00000021687.15:B1	wild_cluster	0.0008983627277567	0.7469186524239935	1216	8	11-20	0.8940992371389449
ENSMUSG00000022263.11:B1	wild_cluster	2.244054507925545e-67	0.023401360544217688	7349	8	>20	0.6443643400857324
ENSMUSG00000022701.19:B1	wild_cluster	0.0325414377275234	0.4459327017314603	9182	3	>20	0.7767748006946728
ENSMUSG00000023868.18:B1	wild_cluster	5.780481684327916e-36	0.3697478991596639	832	20	>20	0.7454030264665099
ENSMUSG00000024462.18:B1	wild_cluster	7.135587920797629e-61	0.43190661478599224	256	30	>20	0.7712677124491012
ENSMUSG00000024949.18:B1	wild_cluster	0.0126945609409749	0.44606783451360416	13414	5	>20	0.7767748006946728
ENSMUSG00000025425.19:B1	wild_cluster	0.1315203908454106	0.5502559076554503	9182	3	>20	0.8121965071631335
ENSMUSG00000026623.17:B1	wild_cluster	0.6828074789791796	0.9278797380798672	10842	6	>20	0.982512318042177
ENSMUSG00000027018.12:B1	wild_cluster	0.4979673105123724	0.7107598447032724	3605	1	1-5	0.8803240390594801
ENSMUSG00000027663.13:B1	wild_cluster	0.0005415245574343	0.22729994013171023	5010	3	11-20	0.6983043657362142
ENSMUSG00000028184.13:B1	wild_cluster	4.564581785939668e-38	0.2106312292358804	1504	16	>20	0.6855172201020898
ENSMUSG00000028797.21:B1	wild_cluster	1.4389718563545264e-06	0.22262118491921004	5012	2	>20	0.6921980188289953
ENSMUSG00000029190.20:B1	wild_cluster	0.0010659152237046	0.3575847931420052	13414	5	>20	0.7428782721323877
ENSMUSG00000029705.18:B1	wild_cluster	0.5427044206844367	0.8314573238911666	13414	5	>20	0.9344330805976538
ENSMUSG00000030302.18:B1	wild_cluster	8.694807271967063e-12	0.5221549873121218	5122	12	>20	0.8032253458102916
ENSMUSG00000031028.15:B1	wild_cluster	9.258984923902748e-17	0.15266492732016398	13414	5	>20	0.6614303193836947
ENSMUSG00000031668.15:B1	wild_cluster	4.1496864371538473e-19	0.15340115699182127	5012	2	>20	0.6614303193836947
ENSMUSG00000032131.17:B1	wild_cluster	0.5718688481316634	0.7793736285657291	5012	2	>20	0.9093153926407422
ENSMUSG00000032547.13:B1	wild_cluster	0.228516400691092	0.6457418046637378	11835	4	>20	0.8561895981180788
ENSMUSG00000033287.18:B1	wild_cluster	0.0102563153166108	0.30741626794258375	7523	2	11-20	0.7244864969571635
ENSMUSG00000034145.15:B1	wild_cluster	2.845430589560412e-52	0.22702702702702704	1664	14	>20	0.6983043657362142
ENSMUSG00000034858.17:B1	wild_cluster	0.000531257455704	0.22729994013171023	5010	3	11-20	0.6983043657362142
ENSMUSG00000035713.16:B1	wild_cluster	0.793325093532609	0.8650427913100724	7594	1	11-20	0.9485335534945214
ENSMUSG00000036606.18:B1	wild_cluster	1.865013903391673e-32	0.08676917877661372	11835	4	>20	0.6443643400857324
ENSMUSG00000037428.15:B1	wild_cluster	0.4678212222990661	0.801639955273947	13414	5	>20	0.9199012860928193
ENSMUSG00000038172.15:B1	wild_cluster	5.841726907278947e-32	0.213197172034564	6364	10	>20	0.6855172201020898
ENSMUSG00000038738.16:B1	wild_cluster	5.436619518075715e-44	0.12824516884637907	5122	12	>20	0.6443643400857324
ENSMUSG00000040481.18:B1	wild_cluster	1.869442733462872e-37	0.17069892473118278	1487	11	>20	0.6630031981498798
ENSMUSG00000041324.15:B1	wild_cluster	4.12279085885141e-38	0.0740114903683677	11835	4	>20	0.6443643400857324
ENSMUSG00000042404.17:B1	wild_cluster	2.278189240858376e-82	0.029370108087961238	13414	5	>20	0.6443643400857324
ENSMUSG00000044365.16:B1	wild_cluster	0.550500569725057	0.7492025518341308	7523	2	11-20	0.895616770286161
ENSMUSG00000047126.18:B1	wild_cluster	8.627768557486871e-24	0.1785034013605442	7349	8	>20	0.6647696841549502
ENSMUSG00000049556.6:B1	wild_cluster	3.4940347086722078e-59	0.15735735735735737	1664	14	>20	0.6614303193836947
ENSMUSG00000052372.11:B1	wild_cluster	0.1589215215458429	0.5708374169661331	9182	3	>20	0.815512143802942
ENSMUSG00000054428.13:B1	wild_cluster	3.2765131475482305e-20	0.10513024986709198	7523	2	11-20	0.6443643400857324
ENSMUSG00000056602.14:B1	wild_cluster	1.9572351567675472e-48	0.07799442896935933	4307	9	>20	0.6443643400857324
ENSMUSG00000058690.15:B1	wild_cluster	0.8466846731320182	0.940514349608647	13414	5	>20	0.9881233201130493
ENSMUSG00000061080.12:B1	wild_cluster	5.731366932115647e-10	0.351156462585034	7349	8	>20	0.7421918718219509
ENSMUSG00000063334.17:B1	wild_cluster	0.8774835608477676	0.9233706385780118	7594	1	11-20	0.9788904482543601
ENSMUSG00000068566.14:B1	wild_cluster	1.917288573466176e-67	0.06620929979309594	9182	3	>20	0.6443643400857324
ENSMUSG00000072704.7:B1	wild_cluster	1.3589530757098362e-124	0.003619254433586681	2762	2	6-10	0.6443643400857324
ENSMUSG00000084883.3:B1	wild_cluster	0.531659815741156	0.730726566833056	3605	1	1-5	0.8885332140836532
ENSMUSG00000091908.8:B1	wild_cluster	0.0678767560542888	0.5298242649543765	11835	4	>20	0.8053042242173349
ENSMUSG00000112964.3:B1	wild_cluster	0.0392082963825646	0.4357876712328767	1167	3	6-10	0.7726899873905169
ENSMUSG00000020530.15:B1	wild_cluster	3.3367927773207875e-19	0.351942221354675	5122	12	>20	0.7425303741016512
ENSMUSG00000020530.15:B2	wild_cluster	6.611905371417955e-15	0.2017891727381721	10842	6	>20	0.6848547296183478
ENSMUSG00000020530.15:B3	wild_cluster	1.0642077339263186e-11	0.24310615143410494	10842	6	>20	0.7019943846164006
ENSMUSG00000020530.15:B5	wild_cluster	0.0428188776651791	0.6579359955731808	10842	6	>20	0.8606576188818799
ENSMUSG00000030616.17:B1	wild_cluster	4.868554890845327e-12	0.3072108843537415	7349	8	>20	0.7244864969571635
ENSMUSG00000030616.17:B2	wild_cluster	1.3014117331865034e-38	0.0724907063197026	11835	4	>20	0.6443643400857324
ENSMUSG00000030616.17:B3	wild_cluster	1.858899683577058e-07	0.23563703954038526	11835	4	>20	0.6995335185172045
ENSMUSG00000030616.17:B4	wild_cluster	2.8996325210437996e-12	0.18240959783710714	11835	4	>20	0.6668646455521224
ENSMUSG00000005417.18:B1	wild_cluster	1.6537189866192682e-08	0.4931657501963865	6364	10	>20	0.7915217353458331
ENSMUSG00000005417.18:B2	wild_cluster	1.6194951485418254e-120	0.00031421838177533385	6364	10	>20	0.4709086148206337
ENSMUSG00000005417.18:B3	wild_cluster	2.3131151851333624e-08	0.4964650432050275	6364	10	>20	0.7926515746625724
ENSMUSG00000021709.15:B1	wild_cluster	2.5589540525434656e-31	0.21170731707317073	1024	10	11-20	0.6855172201020898
ENSMUSG00000021709.15:B2	wild_cluster	8.007401628905358e-18	0.48086124401913877	417	15	11-20	0.7896623298374663
ENSMUSG00000021709.15:B3	wild_cluster	7.734436682306226e-48	0.03902439024390244	1024	10	11-20	0.6443643400857324
ENSMUSG00000027665.14:B1	wild_cluster	2.2121311747713585e-49	0.1018934218231505	5122	12	>20	0.6443643400857324
ENSMUSG00000027665.14:B2	wild_cluster	3.535880124153933e-56	0.05662639490915798	10842	6	>20	0.6443643400857324
ENSMUSG00000027665.14:B3	wild_cluster	5.7731887673242575e-56	0.05662639490915798	10842	6	>20	0.6443643400857324
ENSMUSG00000032217.14:B1	wild_cluster	0.0143417567261951	0.4425481581615411	11835	4	>20	0.7767748006946728
ENSMUSG00000032217.14:B2	wild_cluster	0.2037574021739637	0.5635348094953122	5012	2	>20	0.8140754004263798
ENSMUSG00000032217.14:B4	wild_cluster	0.005535403718168	0.3395172551366447	5012	2	>20	0.7337812708493854
ENSMUSG00000041328.17:B1	wild_cluster	0.5793740664381515	0.8102399459276782	11835	4	>20	0.923466267654472
ENSMUSG00000041328.17:B2	wild_cluster	1.920051250347159e-18	0.16051399324839377	9182	3	>20	0.6614303193836947
ENSMUSG00000041328.17:B3	wild_cluster	0.0012841997066642	0.826530612244898	195	8	6-10	0.9322243221410056
ENSMUSG00000021699.18:B1	wild_cluster	0.0020733856237833	0.38685446009389673	4259	4	11-20	0.7545994212484498
ENSMUSG00000021699.18:B2	wild_cluster	0.1063846250925574	0.4496278575225944	7523	2	11-20	0.7777126539019709
ENSMUSG00000024500.21:B1	wild_cluster	0.0026213008978548	0.7179890023566379	6364	10	>20	0.8839207433174819
ENSMUSG00000024500.21:B2	wild_cluster	0.3087404655606571	0.7277674245247857	13414	5	>20	0.8881817239172332
ENSMUSG00000027951.17:B1	wild_cluster	4.223208820211476e-35	0.18648860958366065	6364	10	>20	0.6701112877583466
ENSMUSG00000027951.17:B2	wild_cluster	0.1422013300968452	0.6283265001863586	13414	5	>20	0.8458976257278081
ENSMUSG00000030172.16:B1	wild_cluster	8.470695203677401e-32	0.21429693637077768	6364	10	>20	0.6855172201020898
ENSMUSG00000030172.16:B2	wild_cluster	0.1213302163899302	0.6115542303391726	13414	5	>20	0.8373670833272052
ENSMUSG00000032481.18:B1	wild_cluster	0.0048038757843196	0.40201267238166233	13414	5	>20	0.7560842414254448
ENSMUSG00000032481.18:B2	wild_cluster	2.7194871126273193e-32	0.30982658959537573	864	15	>20	0.7244864969571635
ENSMUSG00000037541.23:B1	wild_cluster	1.578010803051398e-35	0.31585150265173834	1696	18	>20	0.7266310461423763
ENSMUSG00000037541.23:B3	wild_cluster	0.0007595704214831	0.6613277623026926	4307	9	>20	0.8625847459567468
ENSMUSG00000041488.17:B1	wild_cluster	8.167375457648382e-05	0.3093105778979385	11835	4	>20	0.7244864969571635
ENSMUSG00000041488.17:B2	wild_cluster	5.6188822027629845e-06	0.23618591661679633	5012	2	>20	0.6995335185172045
ENSMUSG00000049985.16:B1	wild_cluster	1.0476592141526335e-10	0.259061145439454	10842	6	>20	0.7109417935409196
ENSMUSG00000049985.16:B2	wild_cluster	8.919790206821452e-12	0.18714092598850962	11835	4	>20	0.6701112877583466
ENSMUSG00000062760.12:B1	wild_cluster	0.7895855698305274	0.9206572769953052	4259	4	11-20	0.9776275666912829
ENSMUSG00000062760.12:B2	wild_cluster	1.037866873217282e-07	0.5086277732128184	1216	8	11-20	0.7996188273754362
ENSMUSG00000000378.16:B1	wild_cluster	4.748968503798701e-09	0.3273657289002558	2345	6	11-20	0.7308492580627498
ENSMUSG00000001062.19:B1	wild_cluster	0.7103058376419594	0.8254114549045425	7594	1	11-20	0.9319954187400661
ENSMUSG00000003068.18:B1	wild_cluster	0.092120181923476	0.4068466096115866	7594	1	11-20	0.7561586111513262
ENSMUSG00000005262.14:B1	wild_cluster	0.7990863721898909	0.9266492732016399	13414	5	>20	0.9814405494262833
ENSMUSG00000008140.19:B1	wild_cluster	1.7463714348302106e-11	0.14516129032258066	2293	5	11-20	0.6614303193836947
ENSMUSG00000014856.13:B1	wild_cluster	0.6788859026370719	0.7938529088913282	4554	1	6-10	0.9161722785123567
ENSMUSG00000017802.15:B1	wild_cluster	3.8220224594696836e-15	0.16019381289601192	13414	5	>20	0.6614303193836947
ENSMUSG00000019998.7:B1	wild_cluster	1.6266340848411738e-17	0.14640327991054788	13414	5	>20	0.6614303193836947
ENSMUSG00000020456.18:B1	wild_cluster	0.0988122032595348	0.5905329854640328	13414	5	>20	0.8265532443052135
ENSMUSG00000020900.16:B1	wild_cluster	2.7681233647889965e-52	0.06522748375116064	4307	9	>20	0.6443643400857324
ENSMUSG00000021313.17:B1	wild_cluster	4.0664550674816725e-36	0.11976807392643594	5518	7	>20	0.6443643400857324
ENSMUSG00000022000.12:B1	wild_cluster	6.816924658684111e-47	0.08449396471680594	4307	9	>20	0.6443643400857324
ENSMUSG00000022994.10:B1	wild_cluster	0.1563501442830454	0.46372613561553655	7594	1	11-20	0.7828869440753581
ENSMUSG00000024242.16:B3	wild_cluster	1.132530843455974e-78	0.018739020105406987	5122	12	>20	0.6443643400857324
ENSMUSG00000024740.11:B1	wild_cluster	2.782621731380477e-07	0.17703349282296652	7523	2	11-20	0.6642188120430711
ENSMUSG00000025234.12:B1	wild_cluster	5.215272552417215e-142	0.00027210884353741496	7349	8	>20	0.4709086148206337
ENSMUSG00000025860.16:B1	wild_cluster	1.0	1.0	1696	18	>20	1.0
ENSMUSG00000026434.13:B1	wild_cluster	0.0052828267053628	0.4050689526649273	13414	5	>20	0.7560842414254448
ENSMUSG00000026858.19:B1	wild_cluster	4.0128092892728606e-11	0.1906049340993579	11835	4	>20	0.6713650685322653
ENSMUSG00000027422.16:B1	wild_cluster	1.0	1.0	5518	7	>20	1.0
ENSMUSG00000027993.17:B1	wild_cluster	2.24298430408072e-26	0.672514619883041	170	32	>20	0.864634181010624
ENSMUSG00000029038.10:B1	wild_cluster	0.0322265848983557	0.4065429882306004	5012	2	>20	0.7561586111513262
ENSMUSG00000029501.15:B1	wild_cluster	0.0828888717153747	0.39289005924950626	7594	1	11-20	0.7545994212484498
ENSMUSG00000030098.16:B1	wild_cluster	0.0908021270920837	0.4829443447037702	5012	2	>20	0.7897176352473404
ENSMUSG00000030695.17:B1	wild_cluster	1.0177524267787304e-56	0.17597597597597597	1664	14	>20	0.6642188120430711
ENSMUSG00000031969.17:B1	wild_cluster	0.5408017887670431	0.8330985915492958	4259	4	11-20	0.934737690529127
ENSMUSG00000032878.17:B1	wild_cluster	1.0888289524015529e-58	0.11494404213298222	7594	1	11-20	0.6443643400857324
ENSMUSG00000033883.12:B1	wild_cluster	0.816570344532815	0.8817643186306781	7594	1	11-20	0.9579591612532055
ENSMUSG00000034544.18:B1	wild_cluster	0.215846785582416	0.532695374800638	7523	2	11-20	0.8058683243567343
ENSMUSG00000036270.17:B1	wild_cluster	0.3744393031377639	0.6707244063061265	5010	3	11-20	0.8633200488841525
ENSMUSG00000037126.17:B1	wild_cluster	1.0	1.0	13414	5	>20	1.0
ENSMUSG00000038495.15:B1	wild_cluster	1.2441307949493039e-48	0.21368547418967587	832	20	>20	0.6855172201020898
ENSMUSG00000039252.12:B1	wild_cluster	0.0066820827119651	0.3647260273972603	1167	3	6-10	0.7452850769350146
ENSMUSG00000040044.12:B1	wild_cluster	1.4447593356055071e-11	0.31741496598639457	7349	8	>20	0.7266310461423763
ENSMUSG00000040929.18:B1	wild_cluster	1.0	1.0	11835	4	>20	1.0
ENSMUSG00000041949.7:B1	wild_cluster	0.8270035884459402	0.9093567251461988	7523	2	11-20	0.9717614110203195
ENSMUSG00000043301.17:B1	wild_cluster	4.1940201608396015e-14	0.27537414965986395	7349	8	>20	0.7146939742430115
ENSMUSG00000045671.18:B1	wild_cluster	0.0465300086180683	0.43327348892878514	5012	2	>20	0.7720957614838755
ENSMUSG00000048271.15:B1	wild_cluster	5.123123286064406e-08	0.40244897959183673	7349	8	>20	0.7560842414254448
ENSMUSG00000051323.17:B1	wild_cluster	6.645368403114424e-05	0.19237677110357215	5010	3	11-20	0.6715263686969414
ENSMUSG00000053390.17:B1	wild_cluster	0.9473098945567864	0.967741935483871	7594	1	11-20	1.0
ENSMUSG00000055531.13:B1	wild_cluster	0.0001302067213651	0.313007827059262	13414	5	>20	0.7254813556265335
ENSMUSG00000057880.13:B1	wild_cluster	7.888280231514595e-49	0.056354826686544915	13414	5	>20	0.6443643400857324
ENSMUSG00000059921.16:B1	wild_cluster	2.504811393733961e-09	0.15882509303561934	7523	2	11-20	0.6614303193836947
ENSMUSG00000062184.12:B1	wild_cluster	0.0253982966750336	0.3542207144282578	5010	3	11-20	0.7428782721323877
ENSMUSG00000066191.13:B1	wild_cluster	0.4092488618604097	0.6401579986833443	7594	1	11-20	0.8534083923567956
ENSMUSG00000070565.12:B1	wild_cluster	0.019944049254403	0.6045374896246426	10842	6	>20	0.8319560922413202
ENSMUSG00000075284.11:B1	wild_cluster	1.6787242712278972e-26	0.06885245901639345	609	6	6-10	0.6443643400857324
ENSMUSG00000087231.9:B1	wild_cluster	0.0811672976983401	0.5430888813788443	11835	4	>20	0.8103974811414815
ENSMUSG00000100706.8:B1	wild_cluster	0.003824963494357	0.27618288144603936	7523	2	11-20	0.7146939742430115
ENSMUSG00000020827.19:B1	wild_cluster	2.724871964744319e-26	0.6611694152923538	1333	24	>20	0.8625847459567468
ENSMUSG00000020827.19:B2	wild_cluster	0.0002314520934904	0.5487074829931973	7349	8	>20	0.8121217694098929
ENSMUSG00000020827.19:B3	wild_cluster	0.2056010381898653	0.8489795918367347	7349	8	>20	0.9413527081963149
ENSMUSG00000020827.19:B4	wild_cluster	0.0100309903928708	0.675374149659864	7349	8	>20	0.8650946372851135
ENSMUSG00000030852.19:B1	wild_cluster	9.77845197036842e-10	0.4456824512534819	4307	9	>20	0.7767748006946728
ENSMUSG00000030852.19:B2	wild_cluster	0.0905437762020021	0.5159533921376457	9182	3	>20	0.8009346316255707
ENSMUSG00000030852.19:B3	wild_cluster	0.5066756634323146	0.7631492976151585	9182	3	>20	0.9012334418116413
ENSMUSG00000030852.19:B5	wild_cluster	0.2922667283528291	0.6559947729500163	9182	3	>20	0.859869533289584
ENSMUSG00000005580.12:B1	wild_cluster	1.651926954667957e-68	0.04150142949368256	10842	6	>20	0.6443643400857324
ENSMUSG00000005580.12:B2	wild_cluster	1.814492978821425e-35	0.10628334966786453	9182	3	>20	0.6443643400857324
ENSMUSG00000005580.12:B3	wild_cluster	3.036413128443948e-05	0.28236959599259503	9182	3	>20	0.716584179179599
ENSMUSG00000021819.12:B1	wild_cluster	4.98010468225387e-84	0.03783783783783784	1664	14	>20	0.6443643400857324
ENSMUSG00000021819.12:B2	wild_cluster	5.268696648370858e-70	0.039499909403877514	5518	7	>20	0.6443643400857324
ENSMUSG00000021819.12:B3	wild_cluster	8.621180550154344e-35	0.12792172495017212	5518	7	>20	0.6443643400857324
ENSMUSG00000027669.15:B1	wild_cluster	0.0002955888049065	0.22807017543859648	7523	2	11-20	0.6983043657362142
ENSMUSG00000027669.15:B2	wild_cluster	0.1379565363571663	0.44173798551678733	7594	1	11-20	0.7767748006946728
ENSMUSG00000027669.15:B3	wild_cluster	0.3044147802034751	0.5636603028308097	7594	1	11-20	0.8140754004263798
ENSMUSG00000032366.16:B1	wild_cluster	1.3230112857285509e-06	0.8979591836734694	832	20	>20	0.965381274461004
ENSMUSG00000032366.16:B2	wild_cluster	2.1803262623223767e-05	0.2828922847558703	13414	5	>20	0.716584179179599
ENSMUSG00000032366.16:B3	wild_cluster	1.0185822478764142e-08	0.7052023121387283	864	15	>20	0.8777933542014736
ENSMUSG00000041459.16:B1	wild_cluster	1.7103911765733837e-18	0.49942196531791905	864	15	>20	0.7937531741859992
ENSMUSG00000041459.16:B3	wild_cluster	0.0093991664852976	0.7644933228593873	6364	10	>20	0.9012334418116413
ENSMUSG00000000420.16:B2	wild_cluster	0.1455749183549439	0.45582620144832126	7594	1	11-20	0.7800160213149454
ENSMUSG00000015149.15:B1	wild_cluster	3.7632631089766804e-23	0.11892583120204604	2345	6	11-20	0.6443643400857324
ENSMUSG00000015149.15:B2	wild_cluster	0.6758768911261482	0.831969666733187	5010	3	11-20	0.9344330805976538
ENSMUSG00000021738.6:B1	wild_cluster	2.678576681426885e-22	0.19183673469387755	7349	8	>20	0.6713650685322653
ENSMUSG00000021738.6:B2	wild_cluster	2.083810768797164e-25	0.11034133153092261	11835	4	>20	0.6443643400857324
ENSMUSG00000028033.17:B1	wild_cluster	0.0125822642943504	0.4033540237395187	9182	3	>20	0.7560842414254448
ENSMUSG00000028033.17:B2	wild_cluster	3.5704729184901136e-48	0.017902813299232736	2345	6	11-20	0.6443643400857324
ENSMUSG00000030284.13:B1	wild_cluster	0.0005068729888761	0.27807699980051864	5012	2	>20	0.715030762442895
ENSMUSG00000030284.13:B2	wild_cluster	0.0002196703891312	0.3077425677883045	9182	3	>20	0.7244864969571635
ENSMUSG00000032562.14:B2	wild_cluster	5.442552016238546e-268	0.011323238973008559	7594	1	11-20	0.6443643400857324
ENSMUSG00000037750.17:B1	wild_cluster	0.5064160342751235	0.7350705754614549	2762	2	6-10	0.8896035820389505
ENSMUSG00000037750.17:B2	wild_cluster	0.916408503827384	0.9286498353457738	4554	1	6-10	0.9829419895549926
ENSMUSG00000041670.20:B1	wild_cluster	9.200703716671156e-54	0.20389805097451275	1333	24	>20	0.685396970798245
ENSMUSG00000041670.20:B2	wild_cluster	1.9866822276258245e-43	0.17541528239202658	1504	16	>20	0.6642188120430711
ENSMUSG00000050954.16:B1	wild_cluster	1.6374666472215262e-19	0.15681369321922317	7594	1	11-20	0.6614303193836947
ENSMUSG00000050954.16:B2	wild_cluster	1.7695065387233607e-10	0.1056822294607311	2762	2	6-10	0.6443643400857324
ENSMUSG00000063239.18:B1	wild_cluster	3.2297924848212067e-06	0.717628705148206	640	9	11-20	0.8839207433174819
ENSMUSG00000063239.18:B2	wild_cluster	0.9114948132620642	0.9503093194971064	5010	3	11-20	0.9922412216579171
ENSMUSG00000001120.16:B1	wild_cluster	0.8966907533739686	0.916794731064764	4554	1	6-10	0.9757133094424536
ENSMUSG00000003119.15:B1	wild_cluster	7.345903766055331e-16	0.5621262458471761	1504	16	>20	0.8140754004263798
ENSMUSG00000005299.7:B1	wild_cluster	2.010491349056355e-110	0.007677972418934029	13414	5	>20	0.6443643400857324
ENSMUSG00000008348.10:B1	wild_cluster	3.667897331683735e-37	0.14391829155060354	4307	9	>20	0.6614288040064168
ENSMUSG00000014956.16:B1	wild_cluster	0.3002592034446908	0.5974215842636895	7523	2	11-20	0.8300393828336058
ENSMUSG00000017843.15:B1	wild_cluster	6.863637040322737e-37	0.0327613104524181	640	9	11-20	0.6443643400857324
ENSMUSG00000020003.17:B1	wild_cluster	2.0065026350089707e-64	0.03694843168527379	7523	2	11-20	0.6443643400857324
ENSMUSG00000020476.15:B1	wild_cluster	1.086079037999939e-06	0.18487506645401383	7523	2	11-20	0.669375212278067
ENSMUSG00000020902.13:B1	wild_cluster	5.117655595038596e-68	0.06588260916911684	9182	3	>20	0.6443643400857324
ENSMUSG00000021338.18:B1	wild_cluster	0.7005661608039658	0.8463380562761924	5010	3	11-20	0.9402361999055501
ENSMUSG00000023007.16:B1	wild_cluster	1.3223902401049843e-26	0.1564625850340136	7349	8	>20	0.6614303193836947
ENSMUSG00000024260.15:B1	wild_cluster	2.1671322450002057e-37	0.10421768707482994	7349	8	>20	0.6443643400857324
ENSMUSG00000024750.12:B1	wild_cluster	0.0326766147355207	0.49735370853522176	13414	5	>20	0.7927826826191401
ENSMUSG00000025237.17:B1	wild_cluster	5.5464426305983275e-09	0.16135034556087188	7523	2	11-20	0.6614303193836947
ENSMUSG00000025862.15:B1	wild_cluster	1.1279142193206555e-25	0.11777860603801714	13414	5	>20	0.6443643400857324
ENSMUSG00000026437.12:B1	wild_cluster	0.7300590323136377	0.8581871345029239	7523	2	11-20	0.9456885678247907
ENSMUSG00000026864.14:B1	wild_cluster	4.224166841618902e-09	0.21125605665300037	13414	5	>20	0.6855172201020898
ENSMUSG00000027423.16:B1	wild_cluster	0.4982030454854825	0.7307274701411509	2762	2	6-10	0.8885332140836532
ENSMUSG00000028005.14:B1	wild_cluster	0.0133366176270639	0.5788066033385595	10842	6	>20	0.8193685417538299
ENSMUSG00000028532.15:B1	wild_cluster	0.5215867597305659	0.7257348863006101	3605	1	1-5	0.8868997142722324
ENSMUSG00000029050.16:B1	wild_cluster	2.15236562926746e-32	0.09631010063361908	13414	5	>20	0.6443643400857324
ENSMUSG00000029502.15:B1	wild_cluster	9.375953655527897e-08	0.2118570183086312	2293	5	11-20	0.6855172201020898
ENSMUSG00000030102.12:B1	wild_cluster	2.0727244355190665e-59	0.06636736287331642	5122	12	>20	0.6443643400857324
ENSMUSG00000030731.14:B1	wild_cluster	0.2061574299302286	0.5213414634146342	1639	2	1-5	0.8029980197027048
ENSMUSG00000031441.16:B1	wild_cluster	9.16512016011125e-05	0.6303220738413197	6364	10	>20	0.8463717936593589
ENSMUSG00000032388.8:B1	wild_cluster	0.51499083951135	0.7332535885167464	7523	2	11-20	0.8891319096850625
ENSMUSG00000032883.16:B1	wild_cluster	5.9482897668256674e-05	0.304579249746536	11835	4	>20	0.7244864969571635
ENSMUSG00000033885.16:B1	wild_cluster	0.45529927704219	0.646761800219539	4554	1	6-10	0.8562547272635592
ENSMUSG00000034574.11:B1	wild_cluster	7.598952541454991e-05	0.422761228442313	10842	6	>20	0.7644237674440767
ENSMUSG00000035314.11:B1	wild_cluster	6.8670117648253265e-09	0.1894621295279912	4554	1	6-10	0.6713650685322653
ENSMUSG00000036291.7:B1	wild_cluster	0.0336651855091553	0.6420732269667067	10842	6	>20	0.8545770362469843
ENSMUSG00000037138.19:B1	wild_cluster	0.0004141548035574	0.3376985468063535	11835	4	>20	0.7337812708493854
ENSMUSG00000037957.15:B1	wild_cluster	0.2711836180500832	0.8950789229340761	4307	9	>20	0.9629755533648255
ENSMUSG00000038518.16:B1	wild_cluster	2.538829375228072e-13	0.285578231292517	7349	8	>20	0.716584179179599
ENSMUSG00000039257.12:B1	wild_cluster	0.2874732217973187	0.5396267837541163	4554	1	6-10	0.8097622475650258
ENSMUSG00000040054.18:B2	wild_cluster	5.602951500086092e-34	0.16527390900649955	4307	9	>20	0.6614303193836947
ENSMUSG00000040943.13:B1	wild_cluster	1.3155893247521588e-68	0.04099462365591398	1487	11	>20	0.6443643400857324
ENSMUSG00000041986.17:B1	wild_cluster	0.944985061398723	0.9495606623859412	11835	4	>20	0.99215076413832
ENSMUSG00000043323.18:B1	wild_cluster	5.1711274822801565e-09	0.6744744744744745	1664	14	>20	0.8650714809231967
ENSMUSG00000045777.15:B1	wild_cluster	0.2610760305033894	0.5621951219512196	1639	2	1-5	0.8140754004263798
ENSMUSG00000048279.20:B1	wild_cluster	2.0660362951365287e-41	0.12802768166089964	288	21	>20	0.6443643400857324
ENSMUSG00000051339.11:B1	wild_cluster	1.198411802357986e-35	0.1815342572711302	5122	12	>20	0.6668646455521224
ENSMUSG00000053395.16:B1	wild_cluster	2.4427611984937677e-69	0.04022467838376517	5518	7	>20	0.6443643400857324
ENSMUSG00000055567.19:B1	wild_cluster	0.02623049143284	0.8911290322580645	1487	11	>20	0.961717745807071
ENSMUSG00000057894.11:B1	wild_cluster	0.7002235568193003	0.8538603942066862	9182	3	>20	0.9435225439569387
ENSMUSG00000059974.11:B1	wild_cluster	1.3442733719737745e-42	0.07918367346938776	7349	8	>20	0.6443643400857324
ENSMUSG00000062202.15:B1	wild_cluster	5.181430416210153e-29	0.2923076923076923	64	18	11-20	0.716584179179599
ENSMUSG00000066406.17:B1	wild_cluster	1.0305061531659034e-08	0.3008392511297611	10842	6	>20	0.7241072155357869
ENSMUSG00000070570.6:B1	wild_cluster	2.793410679349917e-07	0.24055162131941857	13414	5	>20	0.7005421084574607
ENSMUSG00000075376.11:B1	wild_cluster	0.0036084830631988	0.3918002236302646	13414	5	>20	0.7545994212484498
ENSMUSG00000087307.2:B1	wild_cluster	0.329793058006731	0.6986312943562014	11835	4	>20	0.8762492329020607
ENSMUSG00000100826.7:B1	wild_cluster	1.0	1.0	7	48	6-10	1.0
ENSMUSG00000020898.19:B1	wild_cluster	0.0117498434611583	0.3054650741947159	2762	2	6-10	0.7244864969571635
ENSMUSG00000020898.19:B2	wild_cluster	3.409845249047476e-15	0.15148188803512624	4554	1	6-10	0.6614303193836947
ENSMUSG00000020898.19:B4	wild_cluster	0.955302289911498	0.9545554335894622	4554	1	6-10	0.9932148181944508
ENSMUSG00000020898.19:B5	wild_cluster	0.4114002128698495	0.6274423710208562	4554	1	6-10	0.8453643692267815
ENSMUSG00000031565.19:B1	wild_cluster	3.347968340826882e-06	0.717628705148206	640	9	11-20	0.8839207433174819
ENSMUSG00000031565.19:B2	wild_cluster	0.0043638320969535	0.2777888644981042	5010	3	11-20	0.715030762442895
ENSMUSG00000031565.19:B3	wild_cluster	0.3578685813848009	0.6629415286369986	5010	3	11-20	0.8633200488841525
ENSMUSG00000031565.19:B4	wild_cluster	0.0312448954948773	0.36519656755138696	5010	3	11-20	0.7452850769350146
ENSMUSG00000005682.10:B1	wild_cluster	0.0056794184163326	0.287745879851143	7523	2	11-20	0.716584179179599
ENSMUSG00000005682.10:B2	wild_cluster	0.0126345291777512	0.3034891375905201	7594	1	11-20	0.7241446338884063
ENSMUSG00000005682.10:B3	wild_cluster	0.0419276382026731	0.34601711652402894	7594	1	11-20	0.7372952397592579
ENSMUSG00000021972.15:B1	wild_cluster	0.0496230815556321	0.6687263672415383	10842	6	>20	0.8633200488841525
ENSMUSG00000021972.15:B2	wild_cluster	0.0055412724612964	0.5420086691874942	10842	6	>20	0.8101288001417618
ENSMUSG00000021972.15:B3	wild_cluster	1.7201592738757599e-28	0.23833691196564513	5122	12	>20	0.7005014853601429
ENSMUSG00000027692.17:B1	wild_cluster	7.345736589252971e-07	0.8927519151443725	1696	18	>20	0.9626789158784614
ENSMUSG00000027692.17:B2	wild_cluster	3.5824852761335885e-05	0.5875116063138347	4307	9	>20	0.8239934327332431
ENSMUSG00000027692.17:B3	wild_cluster	2.2658183543068562e-08	0.4795728876508821	4307	9	>20	0.7892239029569421
ENSMUSG00000032946.17:B2	wild_cluster	8.533873513295876e-13	0.13121185701830862	2293	5	11-20	0.6488360055664605
ENSMUSG00000032946.17:B3	wild_cluster	1.0	1.0	640	9	11-20	1.0
ENSMUSG00000041757.18:B1	wild_cluster	1.0	1.0	5122	12	>20	1.0
ENSMUSG00000041757.18:B2	wild_cluster	0.1826883992361538	0.7742322235543668	10842	6	>20	0.9063625413696377
ENSMUSG00000041757.18:B6	wild_cluster	1.8615806728638543e-11	0.24734851978234806	10842	6	>20	0.7065304605727045
ENSMUSG00000000538.19:B1	wild_cluster	4.6635283301769385e-18	0.5	787	12	11-20	0.7937853107344632
ENSMUSG00000000538.19:B2	wild_cluster	9.22217974227796e-44	0.09517766497461928	787	12	11-20	0.6443643400857324
ENSMUSG00000015522.19:B1	wild_cluster	3.1699483112844885e-15	0.16187901318012843	11835	4	>20	0.6614303193836947
ENSMUSG00000015522.19:B2	wild_cluster	9.42339224280308e-29	0.11943189154293092	10842	6	>20	0.6443643400857324
ENSMUSG00000021750.17:B1	wild_cluster	7.529949212656171e-21	0.12875971612031092	11835	4	>20	0.6443643400857324
ENSMUSG00000021750.17:B2	wild_cluster	0.3311666057036523	0.6455216437263116	5012	2	>20	0.8561895981180788
ENSMUSG00000024969.16:B1	wild_cluster	3.1663379633377456e-29	0.23228577005660744	5122	12	>20	0.6983043657362142
ENSMUSG00000024969.16:B2	wild_cluster	0.0918432665816351	0.7150235174767131	10842	6	>20	0.8826869122941522
ENSMUSG00000028034.16:B1	wild_cluster	3.01273609125608e-06	0.4582312925170068	7349	8	>20	0.781193178508867
ENSMUSG00000028034.16:B2	wild_cluster	0.0001669240719035	0.3225751943224062	11835	4	>20	0.7268435240088572
ENSMUSG00000030337.17:B1	wild_cluster	0.0111604038033004	0.3022077452044879	2762	2	6-10	0.7241446338884063
ENSMUSG00000030337.17:B2	wild_cluster	1.54392577283179e-17	0.2506265664160401	797	4	6-10	0.7082445270939762
ENSMUSG00000032570.18:B1	wild_cluster	1.0	1.0	787	12	11-20	1.0
ENSMUSG00000032570.18:B2	wild_cluster	0.019404327466446	0.45598175059141605	11835	4	>20	0.7800160213149454
ENSMUSG00000038039.14:B1	wild_cluster	1.3683874432232052e-06	0.5461115475255303	6364	10	>20	0.8114009026041947
ENSMUSG00000038039.14:B3	wild_cluster	0.2929258176769178	0.7188967573611629	13414	5	>20	0.8844704333346242
ENSMUSG00000051586.18:B1	wild_cluster	2.347518708881034e-31	0.18268337975858867	4307	9	>20	0.6668646455521224
ENSMUSG00000051586.18:B2	wild_cluster	5.580132117830491e-60	0.10017678255745432	1696	18	>20	0.6443643400857324
ENSMUSG00000063358.18:B1	wild_cluster	2.1714511693655708e-05	0.40127271050447294	10842	6	>20	0.7560842414254448
ENSMUSG00000063358.18:B2	wild_cluster	3.154688418190278e-22	0.30333788795627564	5122	12	>20	0.7241446338884063
ENSMUSG00000001127.13:B1	wild_cluster	0.021232389981564	0.6551911578184454	5518	7	>20	0.8596602041698637
ENSMUSG00000003131.8:B1	wild_cluster	0.7788086113408441	0.8835725677830941	7523	2	11-20	0.9581093730148236
ENSMUSG00000005312.16:B1	wild_cluster	3.2912282367121183e-06	0.19138755980861244	7523	2	11-20	0.6713650685322653
ENSMUSG00000008690.16:B1	wild_cluster	1.1484255525765551e-48	0.1786124952088923	2608	1	>20	0.6647696841549502
ENSMUSG00000015002.19:B1	wild_cluster	3.2305094439322054e-50	0.060816326530612246	7349	8	>20	0.6443643400857324
ENSMUSG00000017999.17:B1	wild_cluster	0.7777330975214101	0.8869650441032343	9182	3	>20	0.9597580838238607
ENSMUSG00000020014.19:B1	wild_cluster	1.6372702333099181e-12	0.18021290976681312	11835	4	>20	0.6663135216378222
ENSMUSG00000020903.14:B1	wild_cluster	7.173952825423879e-55	0.07973421926910298	1504	16	>20	0.6443643400857324
ENSMUSG00000021357.15:B1	wild_cluster	9.945160200278978e-25	0.2673998428908091	6364	10	>20	0.7120777874931182
ENSMUSG00000022012.10:B1	wild_cluster	1.4025488481874318e-05	0.2743112272677774	9182	3	>20	0.7143986285913825
ENSMUSG00000022517.18:B1	wild_cluster	0.1242636704791622	0.6326291079812206	4259	4	11-20	0.8471216041555432
ENSMUSG00000023010.16:B1	wild_cluster	6.448726658720521e-53	0.15792575132586917	1696	18	>20	0.6614303193836947
ENSMUSG00000024268.17:B1	wild_cluster	0.0029276549776701	0.8205645161290323	1487	11	>20	0.9295182828208941
ENSMUSG00000024758.16:B1	wild_cluster	5.556820280960279e-10	0.44057567316620244	4307	9	>20	0.7767748006946728
ENSMUSG00000025240.11:B1	wild_cluster	9.530510174160743e-52	0.05997463308570393	5518	7	>20	0.6443643400857324
ENSMUSG00000025871.19:B1	wild_cluster	0.2890793954172914	0.5848715164676077	2762	2	6-10	0.8227291869278774
ENSMUSG00000026442.15:B1	wild_cluster	1.4509968704140572e-97	0.005813040062843677	6364	10	>20	0.6443643400857324
ENSMUSG00000026878.18:B1	wild_cluster	0.0502849747734353	0.669556395831412	10842	6	>20	0.8633200488841525
ENSMUSG00000027425.19:B1	wild_cluster	0.7535722698929017	0.8719329742669061	5012	2	>20	0.9517384443563995
ENSMUSG00000028007.14:B1	wild_cluster	2.146237781303251e-90	0.07959305804907241	5012	2	>20	0.6443643400857324
ENSMUSG00000028550.16:B1	wild_cluster	1.9507549274226463e-05	0.3991515263303514	10842	6	>20	0.7560842414254448
ENSMUSG00000029512.12:B1	wild_cluster	0.1572972787119117	0.4641211323238973	7594	1	11-20	0.7828869440753581
ENSMUSG00000030103.12:B1	wild_cluster	2.0942091134101545e-142	0.022432756179897637	9182	3	>20	0.6443643400857324
ENSMUSG00000030744.14:B1	wild_cluster	0.0015336670526387	0.2652439024390244	1639	2	1-5	0.7120777874931182
ENSMUSG00000031442.22:B1	wild_cluster	3.2113936934093564e-33	0.29595375722543354	864	15	>20	0.720475949673117
ENSMUSG00000031971.16:B1	wild_cluster	1.0	1.0	11835	4	>20	1.0
ENSMUSG00000032393.16:B1	wild_cluster	1.0971947235679482e-07	0.23287364890048454	13414	5	>20	0.6983043657362142
ENSMUSG00000032898.10:B1	wild_cluster	6.273320986390464e-06	0.16822989423268808	5010	3	11-20	0.6614303193836947
ENSMUSG00000033900.14:B1	wild_cluster	8.393401403931492e-50	0.06287370900525457	5518	7	>20	0.6443643400857324
ENSMUSG00000034586.15:B1	wild_cluster	1.0	1.0	13414	5	>20	1.0
ENSMUSG00000035325.17:B1	wild_cluster	0.0061233988587205	0.2921318447634237	7523	2	11-20	0.716584179179599
ENSMUSG00000036306.14:B1	wild_cluster	0.0005711213910692	0.32081019274746814	9182	3	>20	0.7266310461423763
ENSMUSG00000037172.15:B1	wild_cluster	0.0439703915224672	0.5182258665672754	13414	5	>20	0.8013464944733524
ENSMUSG00000037972.8:B1	wild_cluster	0.9567325477716858	0.9563117453347969	4554	1	6-10	0.9941219900636409
ENSMUSG00000038530.12:B1	wild_cluster	0.1102092136672573	0.5325057170859196	9182	3	>20	0.8058683243567343
ENSMUSG00000039262.17:B1	wild_cluster	2.146460146558253e-55	0.06451612903225806	1487	11	>20	0.6443643400857324
ENSMUSG00000040097.17:B1	wild_cluster	6.142407671900442e-40	0.08466291616711243	10842	6	>20	0.6443643400857324
ENSMUSG00000040945.14:B1	wild_cluster	0.270233700097704	0.6068222621184919	5012	2	>20	0.8335955022165776
ENSMUSG00000042035.12:B1	wild_cluster	0.2650001202681169	0.6038300418910831	5012	2	>20	0.8316457986568496
ENSMUSG00000043384.16:B1	wild_cluster	5.810451490788951e-16	0.2540136054421769	7349	8	>20	0.7098356155184639
ENSMUSG00000045795.11:B1	wild_cluster	0.4697499092776276	0.6799210006583278	7594	1	11-20	0.8670674985819626
ENSMUSG00000048304.9:B1	wild_cluster	0.2222211906021362	0.6424467725582967	11835	4	>20	0.8548211569760585
ENSMUSG00000051343.12:B1	wild_cluster	0.5942494975016563	0.9323308270676691	797	4	6-10	0.983519333293346
ENSMUSG00000053411.17:B1	wild_cluster	0.3552646224459049	0.5648918469217971	3605	1	1-5	0.8147515949667276
ENSMUSG00000055805.16:B1	wild_cluster	6.196115690336987e-07	0.35128654431430417	10842	6	>20	0.7421918718219509
ENSMUSG00000057914.16:B1	wild_cluster	8.459981707491517e-16	0.43369734789391573	640	9	11-20	0.7721890688642606
ENSMUSG00000059981.13:B1	wild_cluster	0.0002260261538711	0.32359299291837496	13414	5	>20	0.7272868999980935
ENSMUSG00000062209.16:B1	wild_cluster	0.000114409109943	0.2990308178155287	9182	3	>20	0.7224608851170397
ENSMUSG00000066415.5:B1	wild_cluster	0.1597050233950349	0.49069643806485913	7523	2	11-20	0.7898930130825659
ENSMUSG00000070644.14:B1	wild_cluster	0.4842217949558289	0.6896642527978933	7594	1	11-20	0.8729534010640001
ENSMUSG00000075595.10:B1	wild_cluster	1.0591006151399724e-14	0.16508955728286584	11835	4	>20	0.6614303193836947
ENSMUSG00000087361.8:B1	wild_cluster	0.7448306567515571	0.8648325358851675	7523	2	11-20	0.9485335534945214
ENSMUSG00000102234.2:B1	wild_cluster	2.802232698886772e-05	0.18279784474156854	5010	3	11-20	0.6668646455521224
ENSMUSG00000021144.15:B1	wild_cluster	0.0390884781218821	0.5092806559821096	13414	5	>20	0.7996188273754362
ENSMUSG00000021144.15:B3	wild_cluster	0.0190371577620924	0.46455460305628027	13414	5	>20	0.7828869440753581
ENSMUSG00000021144.15:B4	wild_cluster	0.0390883961003662	0.5092806559821096	13414	5	>20	0.7996188273754362
ENSMUSG00000021144.15:B5	wild_cluster	6.108213046492132e-06	0.5734485467399842	6364	10	>20	0.8173799675391084
ENSMUSG00000031858.17:B1	wild_cluster	1.3209678799960121e-13	0.2814965986394558	7349	8	>20	0.716584179179599
ENSMUSG00000031858.17:B2	wild_cluster	0.2114316852711704	0.6361946603582291	11835	4	>20	0.8507826272964302
ENSMUSG00000031858.17:B3	wild_cluster	8.683331281754655e-05	0.3110003379520108	11835	4	>20	0.7248494589545662
ENSMUSG00000031858.17:B4	wild_cluster	0.0015666752663615	0.3679452517742481	11835	4	>20	0.7452850769350146
ENSMUSG00000005763.16:B2	wild_cluster	0.0110842241107538	0.4563380281690141	4259	4	11-20	0.7800160213149454
ENSMUSG00000022094.16:B1	wild_cluster	0.7837732417260546	0.8895741804663738	11835	4	>20	0.9609724669452555
ENSMUSG00000022094.16:B2	wild_cluster	8.406953706155084e-05	0.310070969922271	11835	4	>20	0.7244864969571635
ENSMUSG00000027763.14:B1	wild_cluster	3.1506164199729826e-19	0.5987035945786683	1696	18	>20	0.8304013850470637
ENSMUSG00000027763.14:B3	wild_cluster	2.028377933202056e-10	0.5672457544407574	5122	12	>20	0.815001194671121
ENSMUSG00000027763.14:B4	wild_cluster	5.137123443810435e-12	0.5153230528986922	5122	12	>20	0.8006610969250729
ENSMUSG00000033335.18:B1	wild_cluster	7.145828720278522e-36	0.2635838150289017	864	15	>20	0.7120777874931182
ENSMUSG00000033335.18:B2	wild_cluster	0.0289073827905465	0.48893030190085723	13414	5	>20	0.7897176352473404
ENSMUSG00000033335.18:B3	wild_cluster	5.2327178180109376e-33	0.20549882168106834	6364	10	>20	0.685396970798245
ENSMUSG00000041915.10:B2	wild_cluster	0.0001058021800355	0.30913156913902345	13414	5	>20	0.7244864969571635
ENSMUSG00000041915.10:B3	wild_cluster	2.669222937672782e-24	0.12158032053671264	13414	5	>20	0.6443643400857324
ENSMUSG00000000552.11:B1	wild_cluster	8.212912426143955e-26	0.26371266835838375	5122	12	>20	0.7120777874931182
ENSMUSG00000000552.11:B2	wild_cluster	1.4815511571581102e-38	0.08807525592548188	10842	6	>20	0.6443643400857324
ENSMUSG00000017466.11:B2	wild_cluster	0.0588241306765932	0.7146222141692335	5518	7	>20	0.8825506068434983
ENSMUSG00000021771.15:B1	wild_cluster	0.2197718315579507	0.625	31	7	6-10	0.8448586891160553
ENSMUSG00000021771.15:B2	wild_cluster	1.0	1.0	11835	4	>20	1.0
ENSMUSG00000024985.21:B1	wild_cluster	1.0	1.0	81	8	1-5	1.0
ENSMUSG00000024985.21:B2	wild_cluster	0.0002012470064865	0.20132013201320131	302	3	1-5	0.6846711902657738
ENSMUSG00000028086.16:B1	wild_cluster	1.607354760828473e-51	0.2331334332833583	1333	24	>20	0.6983043657362142
ENSMUSG00000028086.16:B2	wild_cluster	1.6006454294951187e-27	0.3382059800664452	1504	16	>20	0.7337812708493854
ENSMUSG00000030451.17:B1	wild_cluster	3.7068013816510285e-09	0.8255745433117265	1696	18	>20	0.9319954187400661
ENSMUSG00000030451.17:B2	wild_cluster	0.0149103812745121	0.7564995357474467	4307	9	>20	0.8990464687856649
ENSMUSG00000032624.17:B1	wild_cluster	4.4661190131511844e-64	0.03333333333333333	4259	4	11-20	0.6443643400857324
ENSMUSG00000032624.17:B4	wild_cluster	3.766615826482717e-26	0.08280170122275385	7523	2	11-20	0.6443643400857324
ENSMUSG00000038042.12:B1	wild_cluster	3.306617286494101e-09	0.3708843537414966	7349	8	>20	0.7463073584888515
ENSMUSG00000038042.12:B2	wild_cluster	9.464351046573001e-11	0.19423791821561337	11835	4	>20	0.6759239011589766
ENSMUSG00000041734.16:B1	wild_cluster	0.1726613485002716	0.9046836483155299	1216	8	11-20	0.9698098076575374
ENSMUSG00000041734.16:B2	wild_cluster	0.0625898979233506	0.571830985915493	4259	4	11-20	0.8156573961535712
ENSMUSG00000051855.16:B1	wild_cluster	0.065112476270068	0.6889237295951305	10842	6	>20	0.8726786974790836
ENSMUSG00000051855.16:B2	wild_cluster	4.0815561092033264e-20	0.22844001533154465	2608	1	>20	0.6983043657362142
ENSMUSG00000063428.9:B1	wild_cluster	3.250238196472297e-28	0.16666666666666666	797	4	6-10	0.6614303193836947
ENSMUSG00000063428.9:B2	wild_cluster	0.554802378930896	0.732587228439763	7594	1	11-20	0.8891319096850625
ENSMUSG00000003134.11:B1	wild_cluster	0.5732680518802404	0.7979962975062616	9182	3	>20	0.9185333726544168
ENSMUSG00000005360.15:B1	wild_cluster	0.2923855547836562	0.6559947729500163	9182	3	>20	0.859869533289584
ENSMUSG00000008734.10:B1	wild_cluster	9.819915153314512e-26	0.0795774647887324	4259	4	11-20	0.6443643400857324
ENSMUSG00000015027.12:B1	wild_cluster	1.0587388073671944e-21	0.14402553361260723	5012	2	>20	0.6614288040064168
ENSMUSG00000018076.13:B1	wild_cluster	0.0501469042959272	0.6693719450336623	10842	6	>20	0.8633200488841525
ENSMUSG00000020486.20:B1	wild_cluster	0.3711325490101621	0.6359030039811798	2762	2	6-10	0.8506456131804179
ENSMUSG00000020917.18:B1	wild_cluster	6.740354226009561e-13	0.23827791986359761	2345	6	11-20	0.7005014853601429
ENSMUSG00000021360.17:B1	wild_cluster	2.453573092363998e-35	0.04683648315529992	1216	8	11-20	0.6443643400857324
ENSMUSG00000022031.7:B1	wild_cluster	0.0182836060496724	0.45234876647516054	11835	4	>20	0.7788287755527091
ENSMUSG00000022521.11:B1	wild_cluster	3.449987932932409e-65	0.04645715401132149	5122	12	>20	0.6443643400857324
ENSMUSG00000023011.9:B1	wild_cluster	2.466068067628088e-44	0.09656453110492108	4307	9	>20	0.6443643400857324
ENSMUSG00000024277.15:B1	wild_cluster	9.951710027526944e-05	0.632050274941084	6364	10	>20	0.8471216041555432
ENSMUSG00000024759.15:B1	wild_cluster	3.8903392918485314e-57	0.04964650432050275	6364	10	>20	0.6443643400857324
ENSMUSG00000025241.17:B1	wild_cluster	1.0980073793105049e-68	0.04076825511868092	5518	7	>20	0.6443643400857324
ENSMUSG00000025876.16:B1	wild_cluster	1.0	1.0	5518	7	>20	1.0
ENSMUSG00000026452.16:B1	wild_cluster	1.680368159586234e-07	0.23427230046948358	4259	4	11-20	0.6983043657362142
ENSMUSG00000026879.15:B1	wild_cluster	0.0014434602223438	0.2533227006911217	7523	2	11-20	0.7091382301709003
ENSMUSG00000027466.16:B1	wild_cluster	0.0588754859057045	0.5423033917256802	13414	5	>20	0.8101288001417618
ENSMUSG00000028013.17:B1	wild_cluster	1.880658054045447e-13	0.19067842752912992	9182	3	>20	0.6713650685322653
ENSMUSG00000028556.16:B1	wild_cluster	0.000180686026824	0.3240114903683677	11835	4	>20	0.7272868999980935
ENSMUSG00000029062.15:B1	wild_cluster	0.7768081442482622	0.917405888930302	13414	5	>20	0.9757882367235953
ENSMUSG00000029516.20:B1	wild_cluster	2.970332866820905e-11	0.43220738413197174	6364	10	>20	0.7714189754098233
ENSMUSG00000030105.9:B1	wild_cluster	0.5382649532809316	0.8295191949310473	13414	5	>20	0.9344330805976538
ENSMUSG00000030751.19:B1	wild_cluster	7.998311611189291e-77	0.058368724817597736	9182	3	>20	0.6443643400857324
ENSMUSG00000031446.15:B1	wild_cluster	0.0070551889416834	0.4123014531936465	11835	4	>20	0.7583548810864779
ENSMUSG00000031996.18:B1	wild_cluster	0.0004160348807512	0.7634408602150538	1487	11	>20	0.9012334418116413
ENSMUSG00000032394.7:B1	wild_cluster	0.5544438443781036	0.7590127565169162	3605	1	1-5	0.8998165117807442
ENSMUSG00000032936.14:B1	wild_cluster	0.0746793415402945	0.7785034013605442	7349	8	>20	0.9093153926407422
ENSMUSG00000033902.13:B1	wild_cluster	0.0919905036749272	0.5168245671349232	9182	3	>20	0.8012562944271086
ENSMUSG00000034593.17:B1	wild_cluster	2.570123909682577e-16	0.4036697247706422	5122	12	>20	0.7560842414254448
ENSMUSG00000035355.16:B1	wild_cluster	0.0010371963655059	0.3334610962054427	2608	1	>20	0.7337812708493854
ENSMUSG00000036309.15:B1	wild_cluster	5.307483174855426e-32	0.0983227730152814	13414	5	>20	0.6443643400857324
ENSMUSG00000037210.17:B1	wild_cluster	1.1190322577192094e-36	0.11632542127196956	5518	7	>20	0.6443643400857324
ENSMUSG00000037990.19:B1	wild_cluster	0.0049589468004845	0.3357271095152603	5012	2	>20	0.7337812708493854
ENSMUSG00000038533.16:B1	wild_cluster	0.0010391416262313	0.5252763181735822	5518	7	>20	0.8033502824075999
ENSMUSG00000039286.13:B1	wild_cluster	9.47080643183173e-09	0.5268817204301075	1487	11	>20	0.8035482411986985
ENSMUSG00000040220.11:B1	wild_cluster	4.953465351260725e-44	0.09474028095393662	9182	3	>20	0.6443643400857324
ENSMUSG00000041014.18:B1	wild_cluster	1.0249386383724661e-43	0.0786374343178112	5518	7	>20	0.6443643400857324
ENSMUSG00000042046.16:B1	wild_cluster	0.1748913898281535	0.47504937458854507	7594	1	11-20	0.7890601845572686
ENSMUSG00000043411.16:B1	wild_cluster	0.0148976613795229	0.453447633246366	13414	5	>20	0.7797621928593323
ENSMUSG00000045917.18:B1	wild_cluster	0.0578838695404648	0.36223929747530187	4554	1	6-10	0.7450718687304343
ENSMUSG00000048458.9:B1	wild_cluster	0.0259213983514461	0.3947735886694594	5012	2	>20	0.7545994212484498
ENSMUSG00000051359.16:B1	wild_cluster	1.855132937467927e-06	0.364935903347782	10842	6	>20	0.7452850769350146
ENSMUSG00000053453.10:B1	wild_cluster	0.1940078846676929	0.5950125231405858	9182	3	>20	0.8287388038394541
ENSMUSG00000055923.17:B1	wild_cluster	9.421648628742712e-81	0.07544437129690586	7594	1	11-20	0.6443643400857324
ENSMUSG00000058006.13:B1	wild_cluster	1.2178205133652004e-36	0.10748299319727891	7349	8	>20	0.6443643400857324
ENSMUSG00000059995.13:B1	wild_cluster	1.0	1.0	2293	5	11-20	1.0
ENSMUSG00000062232.15:B1	wild_cluster	5.877452150063652e-25	0.2726917821588913	5122	12	>20	0.7137263202455285
ENSMUSG00000066440.6:B1	wild_cluster	1.0262209396728722e-152	0.05490454246214615	7594	1	11-20	0.6443643400857324
ENSMUSG00000070733.14:B1	wild_cluster	5.286851166949511e-12	0.39948932219127203	4307	9	>20	0.7560842414254448
ENSMUSG00000077450.14:B1	wild_cluster	0.0012296105993672	0.4040976460331299	2293	5	11-20	0.7560842414254448
ENSMUSG00000087366.9:B1	wild_cluster	0.1681203254563011	0.8329251700680272	7349	8	>20	0.934737690529127
ENSMUSG00000102252.6:B1	wild_cluster	8.176983644521226e-49	0.06595397716977713	5518	7	>20	0.6443643400857324
ENSMUSG00000021314.14:B1	wild_cluster	5.773072569230411e-13	0.17683338965866846	11835	4	>20	0.6642188120430711
ENSMUSG00000021314.14:B2	wild_cluster	4.187837615467526e-09	0.21290976681311255	11835	4	>20	0.6855172201020898
ENSMUSG00000021314.14:B3	wild_cluster	2.802896533359832e-54	0.048435374149659864	7349	8	>20	0.6443643400857324
ENSMUSG00000021314.14:B4	wild_cluster	1.965664465982016e-20	0.1307029401824941	11835	4	>20	0.6480793550900537
ENSMUSG00000005886.15:B1	wild_cluster	4.303682724988997e-12	0.28537778583076645	5518	7	>20	0.716584179179599
ENSMUSG00000005886.15:B2	wild_cluster	3.76605015910571e-43	0.08008697227758652	5518	7	>20	0.6443643400857324
ENSMUSG00000005886.15:B3	wild_cluster	5.141728940959549e-32	0.3897897897897898	1664	14	>20	0.7545994212484498
ENSMUSG00000022185.20:B1	wild_cluster	3.105677101370933e-46	0.30509745127436283	1333	24	>20	0.7244864969571635
ENSMUSG00000022185.20:B2	wild_cluster	1.075636475193127e-43	0.07646258503401361	7349	8	>20	0.6443643400857324
ENSMUSG00000022185.20:B4	wild_cluster	0.0608158263255765	0.7659863945578231	7349	8	>20	0.9012334418116413
ENSMUSG00000028059.17:B1	wild_cluster	1.0	1.0	31	40	11-20	1.0
ENSMUSG00000028059.17:B2	wild_cluster	0.0100981164104275	0.675374149659864	7349	8	>20	0.8650946372851135
ENSMUSG00000028059.17:B3	wild_cluster	9.273079599119304e-27	0.12883888222816564	10842	6	>20	0.6443643400857324
ENSMUSG00000033526.17:B1	wild_cluster	0.0002119000338319	0.5463945578231293	7349	8	>20	0.8114009026041947
ENSMUSG00000033526.17:B3	wild_cluster	0.0294565037244749	0.47600540723217305	11835	4	>20	0.7890601845572686
ENSMUSG00000033526.17:B4	wild_cluster	0.017023686552197	0.44947617438323756	11835	4	>20	0.7777126539019709
ENSMUSG00000042015.18:B1	wild_cluster	7.440644526661874e-29	0.1454421768707483	7349	8	>20	0.6614303193836947
ENSMUSG00000001089.15:B1	wild_cluster	4.681874081196964e-22	0.2912804399057345	6364	10	>20	0.716584179179599
ENSMUSG00000001089.15:B2	wild_cluster	3.5110508409197483e-06	0.26433097279165113	13414	5	>20	0.7120777874931182
ENSMUSG00000017631.20:B1	wild_cluster	3.8063928268692855e-27	0.38408304498269896	288	21	>20	0.7527625851099453
ENSMUSG00000017631.20:B2	wild_cluster	4.591213799333936e-27	0.4318318318318318	1664	14	>20	0.7712677124491012
ENSMUSG00000021838.18:B2	wild_cluster	0.1804020874587989	0.49329268292682926	1639	2	1-5	0.7915217353458331
ENSMUSG00000025020.12:B1	wild_cluster	2.276649110380962e-05	0.2837122623928438	13414	5	>20	0.716584179179599
ENSMUSG00000025020.12:B2	wild_cluster	2.966573730769489e-12	0.4139827179890024	6364	10	>20	0.759887323943662
ENSMUSG00000028107.15:B1	wild_cluster	3.04779205974481e-14	0.2110117126256571	10842	6	>20	0.6855172201020898
ENSMUSG00000028107.15:B3	wild_cluster	2.00942233114219e-16	0.17053250571708592	9182	3	>20	0.6630031981498798
ENSMUSG00000030530.16:B1	wild_cluster	0.2742299192555845	0.8408521303258145	797	4	6-10	0.938547958774792
ENSMUSG00000030530.16:B2	wild_cluster	0.2349793102822068	0.5562794064422729	2762	2	6-10	0.8140754004263798
ENSMUSG00000032712.17:B1	wild_cluster	8.441124306795563e-17	0.06369887803112559	2762	2	6-10	0.6443643400857324
ENSMUSG00000032712.17:B2	wild_cluster	0.3782220096977922	0.6054884742041713	4554	1	6-10	0.8327550260085512
ENSMUSG00000038187.15:B1	wild_cluster	1.1465525122464549e-52	0.05985428386977774	10842	6	>20	0.6443643400857324
ENSMUSG00000038187.15:B2	wild_cluster	6.022820235133405e-22	0.14842644016116738	9182	3	>20	0.6614303193836947
ENSMUSG00000041836.11:B1	wild_cluster	1.9611474470602798e-28	0.43901001767825576	1696	18	>20	0.7758604714942758
ENSMUSG00000041836.11:B2	wild_cluster	3.932344675282546e-26	0.2605894983408159	5122	12	>20	0.7117924571933829
ENSMUSG00000052373.15:B2	wild_cluster	0.3017295462910787	0.6851132139236229	11835	4	>20	0.8701324886442398
ENSMUSG00000063646.19:B2	wild_cluster	0.8823504530692977	0.9509504286246738	13414	5	>20	0.9926800852325364
ENSMUSG00000001138.14:B1	wild_cluster	0.4705589396286596	0.7261121085178536	5012	2	>20	0.8870097600731508
ENSMUSG00000003154.16:B1	wild_cluster	0.1061530014997196	0.5059931506849316	1167	3	6-10	0.7995309672305231
ENSMUSG00000005371.16:B1	wild_cluster	1.2868881772140824e-07	0.14567950508880462	5010	3	11-20	0.6614303193836947
ENSMUSG00000008976.17:B1	wild_cluster	0.5336145587309478	0.7223173140223832	7594	1	11-20	0.8855004034606773
ENSMUSG00000015094.17:B1	wild_cluster	1.4144104653323352e-14	0.16451733134550875	13414	5	>20	0.6614303193836947
ENSMUSG00000018160.16:B1	wild_cluster	3.120786748765484e-07	0.2413715989563921	13414	5	>20	0.7005421084574607
ENSMUSG00000020042.16:B1	wild_cluster	2.2348246634087167e-35	0.0950843862399705	10842	6	>20	0.6443643400857324
ENSMUSG00000020516.16:B1	wild_cluster	8.603920195578257e-52	0.05997463308570393	5518	7	>20	0.6443643400857324
ENSMUSG00000020918.15:B1	wild_cluster	0.4474701272117803	0.7546468401486989	11835	4	>20	0.8983034665895023
ENSMUSG00000021373.17:B1	wild_cluster	0.1217308602561959	0.7375265148021766	10842	6	>20	0.8902030173648443
ENSMUSG00000022044.15:B1	wild_cluster	0.2025376909836332	0.49058591178406846	7594	1	11-20	0.7898930130825659
ENSMUSG00000022523.11:B1	wild_cluster	3.271973438504545e-06	0.5611940298507463	6364	10	>20	0.8140754004263798
ENSMUSG00000023017.11:B1	wild_cluster	0.4621688867047387	0.7428944789284547	9182	3	>20	0.8925914556346122
ENSMUSG00000024283.16:B1	wild_cluster	1.0551426071754094e-05	0.2885789014821273	2293	5	11-20	0.716584179179599
ENSMUSG00000024767.12:B1	wild_cluster	0.3986899765999425	0.611635565312843	4554	1	6-10	0.8373670833272052
ENSMUSG00000025255.19:B1	wild_cluster	3.640339096700209e-22	0.12843831531867314	13414	5	>20	0.6443643400857324
ENSMUSG00000026458.14:B1	wild_cluster	2.297187064293132e-09	0.2074543421543049	13414	5	>20	0.685396970798245
ENSMUSG00000026904.18:B1	wild_cluster	0.0141034670885649	0.5816655907036798	10842	6	>20	0.8216049311353266
ENSMUSG00000027488.13:B1	wild_cluster	3.1659705407833187e-84	0.05314167483393226	9182	3	>20	0.6443643400857324
ENSMUSG00000028020.17:B1	wild_cluster	3.022024903896963e-15	0.19224211423699913	2345	6	11-20	0.6715263686969414
ENSMUSG00000028557.11:B1	wild_cluster	0.3018920660621294	0.5946435034382918	2762	2	6-10	0.8287388038394541
ENSMUSG00000029071.17:B1	wild_cluster	2.506786764537785e-07	0.17703349282296652	7523	2	11-20	0.6642188120430711
ENSMUSG00000029528.20:B1	wild_cluster	3.34620239541762e-13	0.16840026333113892	7594	1	11-20	0.6614303193836947
ENSMUSG00000030120.15:B1	wild_cluster	0.0478045186081542	0.5636442894507411	2293	5	11-20	0.8140754004263798
ENSMUSG00000030757.14:B1	wild_cluster	1.091029250356629e-37	0.10279864967875423	9182	3	>20	0.6443643400857324
ENSMUSG00000031467.11:B1	wild_cluster	0.120895379403463	0.41800219538968164	4554	1	6-10	0.7614821193160489
ENSMUSG00000032010.16:B1	wild_cluster	1.0414489525806877e-13	0.6318936877076412	1504	16	>20	0.8471216041555432
ENSMUSG00000032405.11:B1	wild_cluster	1.6193409952932783e-36	0.11723138249682914	5518	7	>20	0.6443643400857324
ENSMUSG00000032939.15:B1	wild_cluster	1.6565425429176726e-28	0.12053859632942912	10842	6	>20	0.6443643400857324
ENSMUSG00000033904.17:B1	wild_cluster	0.6418859649332123	0.8375295708009463	11835	4	>20	0.9364621519438283
ENSMUSG00000034602.16:B1	wild_cluster	2.3706718298013447e-25	0.16476190476190475	7349	8	>20	0.6614303193836947
ENSMUSG00000035390.17:B1	wild_cluster	0.0293630541829792	0.8105263157894737	6364	10	>20	0.9234988129218129
ENSMUSG00000036323.15:B1	wild_cluster	0.0063297263158319	0.45510026155187444	2293	5	11-20	0.7800160213149454
ENSMUSG00000037217.16:B1	wild_cluster	0.0008034094771163	0.6629526462395543	4307	9	>20	0.8633200488841525
ENSMUSG00000037996.18:B1	wild_cluster	0.0113960334568252	0.5705063174398229	10842	6	>20	0.815512143802942
ENSMUSG00000038534.20:B1	wild_cluster	1.6215020326590664e-28	0.09724569111186211	11835	4	>20	0.6443643400857324
ENSMUSG00000039318.13:B1	wild_cluster	0.1167348874212438	0.5739270023656641	11835	4	>20	0.8174788014543362
ENSMUSG00000040225.16:B1	wild_cluster	2.206907248852995e-11	0.5342572711301972	5122	12	>20	0.8068390240105626
ENSMUSG00000041020.15:B3	wild_cluster	8.668550644807248e-35	0.09683666881859264	10842	6	>20	0.6443643400857324
ENSMUSG00000042105.19:B1	wild_cluster	3.813258365283276e-08	0.5629268292682926	1024	10	11-20	0.8140754004263798
ENSMUSG00000043419.12:B1	wild_cluster	0.077516922085337	0.41852737905369486	7523	2	11-20	0.7618214964475353
ENSMUSG00000045962.17:B1	wild_cluster	2.845094552713664e-80	0.13471502590673576	192	33	>20	0.6537857467898117
ENSMUSG00000048490.15:B1	wild_cluster	0.0519302570597782	0.5662598081952921	2293	5	11-20	0.815001194671121
ENSMUSG00000051375.16:B1	wild_cluster	0.0289353909007451	0.7225850340136054	7349	8	>20	0.8855004034606773
ENSMUSG00000053470.14:B1	wild_cluster	3.379469584947028e-23	0.09507042253521127	4259	4	11-20	0.6443643400857324
ENSMUSG00000055932.16:B1	wild_cluster	4.941476893324853e-23	0.2943587741557681	5122	12	>20	0.7188844721508828
ENSMUSG00000058013.12:B1	wild_cluster	0.004215943298749	0.5740170320710274	5518	7	>20	0.8174788014543362
ENSMUSG00000060002.15:B1	wild_cluster	0.0700363212600067	0.44554455445544555	302	3	1-5	0.7767748006946728
ENSMUSG00000062257.14:B1	wild_cluster	0.0085284157617152	0.6138793259648487	5518	7	>20	0.8386177034103186
ENSMUSG00000066456.15:B1	wild_cluster	0.0235015206826189	0.32140504939626785	4554	1	6-10	0.7268435240088572
ENSMUSG00000070808.5:B1	wild_cluster	2.929129564040347e-44	0.06273258904837853	7523	2	11-20	0.6443643400857324
ENSMUSG00000078161.9:B1	wild_cluster	0.4222859290021193	0.7845070422535211	4259	4	11-20	0.9113647727518189
ENSMUSG00000087370.4:B1	wild_cluster	2.5937928134317323e-10	0.1056822294607311	2762	2	6-10	0.6443643400857324
ENSMUSG00000103144.2:B1	wild_cluster	0.0127410250728291	0.7780047132757266	6364	10	>20	0.9093153926407422
ENSMUSG00000021493.16:B1	wild_cluster	2.4992428245807583e-24	0.17346938775510204	7349	8	>20	0.6642188120430711
ENSMUSG00000021493.16:B2	wild_cluster	3.209566250914076e-24	0.17469387755102042	7349	8	>20	0.6642188120430711
ENSMUSG00000021493.16:B3	wild_cluster	0.0027226000532266	0.3820547482257519	11835	4	>20	0.7518464618545235
ENSMUSG00000032036.16:B1	wild_cluster	1.70930944278789e-05	0.28	49	5	1-5	0.716584179179599
ENSMUSG00000032036.16:B2	wild_cluster	1.9670644394350397e-08	0.42857142857142855	797	4	6-10	0.7691337235664031
ENSMUSG00000032036.16:B3	wild_cluster	0.0077498072455648	0.2909880564603692	2762	2	6-10	0.716584179179599
ENSMUSG00000032036.16:B5	wild_cluster	0.0198641605208119	0.6578947368421053	797	4	6-10	0.8606576188818799
ENSMUSG00000006464.10:B1	wild_cluster	0.0270292200924852	0.3568150069846338	5010	3	11-20	0.7428782721323877
ENSMUSG00000006464.10:B2	wild_cluster	0.0034614279445553	0.6696504688832055	2345	6	11-20	0.8633200488841525
ENSMUSG00000006464.10:B3	wild_cluster	2.4369566818052228e-77	0.02033492822966507	7523	2	11-20	0.6443643400857324
ENSMUSG00000022456.19:B1	wild_cluster	1.0276272783672902e-09	0.6510510510510511	1664	14	>20	0.8581429274481165
ENSMUSG00000022456.19:B2	wild_cluster	0.0028424553252656	0.5578909222685269	5518	7	>20	0.8140754004263798
ENSMUSG00000022456.19:B3	wild_cluster	0.0256564598144298	0.6660626925167603	5518	7	>20	0.8633200488841525
ENSMUSG00000028064.18:B1	wild_cluster	3.3566931815880063e-16	0.4056217060316221	5122	12	>20	0.7560842414254448
ENSMUSG00000028064.18:B2	wild_cluster	0.0355200863675008	0.4874112875971612	11835	4	>20	0.7897176352473404
ENSMUSG00000028064.18:B3	wild_cluster	1.839172256816025e-36	0.07781345049003041	11835	4	>20	0.6443643400857324
ENSMUSG00000033767.15:B1	wild_cluster	2.167755017011317e-90	0.024624181499584986	10842	6	>20	0.6443643400857324
ENSMUSG00000033767.15:B3	wild_cluster	7.21531339076106e-34	0.0995112053859633	10842	6	>20	0.6443643400857324
ENSMUSG00000033767.15:B4	wild_cluster	1.1016187874476456e-35	0.09425435765009683	10842	6	>20	0.6443643400857324
ENSMUSG00000042292.19:B1	wild_cluster	5.6630854000736855e-25	0.10528559249786872	2345	6	11-20	0.6443643400857324
ENSMUSG00000042292.19:B2	wild_cluster	0.1341024364434529	0.4973059269606865	5010	3	11-20	0.7927826826191401
ENSMUSG00000042292.19:B3	wild_cluster	0.1754703353518522	0.5368189982039513	5010	3	11-20	0.8083565472396936
ENSMUSG00000001211.16:B2	wild_cluster	8.002065750316646e-08	0.5085624509033778	6364	10	>20	0.7996188273754362
ENSMUSG00000017670.17:B1	wild_cluster	4.616893204117493e-85	0.010884353741496598	7349	8	>20	0.6443643400857324
ENSMUSG00000017670.17:B2	wild_cluster	7.191649811502659e-06	0.4751020408163265	7349	8	>20	0.7890601845572686
ENSMUSG00000021974.16:B2	wild_cluster	0.4356059855159711	0.6749712533537754	2608	1	>20	0.8650714809231967
ENSMUSG00000025162.19:B1	wild_cluster	0.2321206684555485	0.6482764447448462	11835	4	>20	0.856998205108153
ENSMUSG00000025162.19:B2	wild_cluster	0.8013517539688428	0.960952380952381	7349	8	>20	0.9971017550800612
ENSMUSG00000028252.21:B1	wild_cluster	6.631053931544364e-59	0.05293737895416398	10842	6	>20	0.6443643400857324
ENSMUSG00000028252.21:B2	wild_cluster	1.978152118813297e-13	0.3635097493036212	4307	9	>20	0.7452850769350146
ENSMUSG00000030584.15:B1	wild_cluster	0.2904576972308185	0.7302816901408451	4259	4	11-20	0.8885332140836532
ENSMUSG00000030584.15:B2	wild_cluster	0.8800095086430143	0.9310207336523126	7523	2	11-20	0.9832908664554375
ENSMUSG00000032812.19:B1	wild_cluster	0.0015053483933566	0.25478468899521534	7523	2	11-20	0.7098356155184639
ENSMUSG00000032812.19:B2	wild_cluster	0.0097971208487672	0.29440421329822253	7594	1	11-20	0.7188844721508828
ENSMUSG00000038241.17:B1	wild_cluster	1.0686893026744518e-16	0.1531121878494223	13414	5	>20	0.6614303193836947
ENSMUSG00000038241.17:B3	wild_cluster	7.320394811008164e-42	0.1269442262372349	6364	10	>20	0.6443643400857324
ENSMUSG00000041966.19:B2	wild_cluster	0.0021310816528905	0.26586169045005487	4554	1	6-10	0.7120777874931182
ENSMUSG00000052387.17:B1	wild_cluster	3.814742952045218e-44	0.0702439024390244	1024	10	11-20	0.6443643400857324
ENSMUSG00000063659.12:B1	wild_cluster	1.2682150884483724e-64	0.048604333398399376	5122	12	>20	0.6443643400857324
ENSMUSG00000063659.12:B3	wild_cluster	1.960057895908145e-40	0.08355621138061423	10842	6	>20	0.6443643400857324
ENSMUSG00000001158.14:B1	wild_cluster	3.7066803504463423e-75	0.0858459512837393	7594	1	11-20	0.6443643400857324
ENSMUSG00000003279.18:B1	wild_cluster	7.891404713218553e-13	0.7230406599882145	1696	18	>20	0.8855004034606773
ENSMUSG00000005442.14:B2	wild_cluster	1.4997062809067069e-12	0.23093239878262473	10842	6	>20	0.6983043657362142
ENSMUSG00000009013.6:B1	wild_cluster	0.3175018539065892	0.5770901909150757	7594	1	11-20	0.8187432938952921
ENSMUSG00000015112.16:B1	wild_cluster	0.0264556488217735	0.5084507042253521	4259	4	11-20	0.7996188273754362
ENSMUSG00000018209.16:B1	wild_cluster	1.7055937241123393e-102	0.015401641612099972	10842	6	>20	0.6443643400857324
ENSMUSG00000020064.10:B1	wild_cluster	3.825302496771762e-16	0.155721207603429	13414	5	>20	0.6614303193836947
ENSMUSG00000020520.15:B1	wild_cluster	0.1105233534355778	0.6023853894893776	13414	5	>20	0.8313510716213965
ENSMUSG00000020919.12:B1	wild_cluster	0.0001413655184642	0.32054748225751944	11835	4	>20	0.7266310461423763
ENSMUSG00000021427.11:B1	wild_cluster	0.0044013983971123	0.7363707776904949	6364	10	>20	0.8902030173648443
ENSMUSG00000022052.10:B1	wild_cluster	0.0054359881212276	0.28615098351940454	7523	2	11-20	0.716584179179599
ENSMUSG00000022529.12:B1	wild_cluster	2.364449649355812e-45	0.0871569703622393	4554	1	6-10	0.6443643400857324
ENSMUSG00000023018.6:B1	wild_cluster	0.0105379348777791	0.4368244502422661	13414	5	>20	0.7738229819894518
ENSMUSG00000024286.9:B1	wild_cluster	1.896068262138249e-09	0.2039906103286385	4259	4	11-20	0.685396970798245
ENSMUSG00000024780.8:B1	wild_cluster	2.3193545092419625e-33	0.5427286356821589	1333	24	>20	0.8101288001417618
ENSMUSG00000025261.19:B1	wild_cluster	2.0384332680522063e-10	0.5672457544407574	5122	12	>20	0.815001194671121
ENSMUSG00000025885.19:B1	wild_cluster	5.591809362191039e-13	0.20244037714919577	3605	1	1-5	0.6848547296183478
ENSMUSG00000026463.18:B1	wild_cluster	7.170855436725563e-57	0.11608721272834413	1696	18	>20	0.6443643400857324
ENSMUSG00000026915.17:B1	wild_cluster	1.03612623288026e-09	0.44661095636026	4307	9	>20	0.7767748006946728
ENSMUSG00000027499.13:B1	wild_cluster	0.0181011462816533	0.35690515806988354	3605	1	1-5	0.7428782721323877
ENSMUSG00000028028.12:B1	wild_cluster	3.518775469108148e-70	0.09848584595128373	7594	1	11-20	0.6443643400857324
ENSMUSG00000028559.18:B1	wild_cluster	0.2546700119151579	0.5152523571824736	3605	1	1-5	0.8006610969250729
ENSMUSG00000029076.15:B1	wild_cluster	3.375270324374161e-07	0.5263157894736842	6364	10	>20	0.8033502824075999
ENSMUSG00000029544.17:B1	wild_cluster	0.0058577078065604	0.36565733997700267	2608	1	>20	0.7452850769350146
ENSMUSG00000030126.18:B1	wild_cluster	2.6438227748097026e-63	0.027777777777777776	35	24	11-20	0.6443643400857324
ENSMUSG00000030759.17:B1	wild_cluster	5.361100646926274e-19	0.15909833387781772	9182	3	>20	0.6614303193836947
ENSMUSG00000031486.16:B1	wild_cluster	0.3586481211007996	0.5967069154774972	4554	1	6-10	0.829754254235915
ENSMUSG00000032011.6:B1	wild_cluster	6.1230247632090155e-44	0.11013354281225451	6364	10	>20	0.6443643400857324
ENSMUSG00000032407.15:B1	wild_cluster	3.336212216750124e-48	0.07845868152274837	4307	9	>20	0.6443643400857324
ENSMUSG00000032959.13:B1	wild_cluster	0.2017541715958901	0.4862788144895719	4554	1	6-10	0.7897176352473404
ENSMUSG00000033909.18:B1	wild_cluster	5.897451601918063e-49	0.056354826686544915	13414	5	>20	0.6443643400857324
ENSMUSG00000034610.15:B1	wild_cluster	2.7056350508430526e-06	0.3695471732915245	10842	6	>20	0.7454030264665099
ENSMUSG00000035401.10:B1	wild_cluster	0.464478239847566	0.7604765123352484	11835	4	>20	0.9001896691216927
ENSMUSG00000036333.12:B1	wild_cluster	0.0234533351237352	0.7115646258503401	7349	8	>20	0.8810780935894048
ENSMUSG00000037235.14:B1	wild_cluster	0.0499199205338814	0.5535211267605634	4259	4	11-20	0.8140754004263798
ENSMUSG00000037997.13:B1	wild_cluster	1.719642094367069e-07	0.14727599281580522	5010	3	11-20	0.6614303193836947
ENSMUSG00000038535.18:B1	wild_cluster	2.463347293656753e-33	0.3747747747747748	1664	14	>20	0.7498831274532209
ENSMUSG00000039347.8:B1	wild_cluster	3.2575499760299874e-40	0.023809523809523808	797	4	6-10	0.6443643400857324
ENSMUSG00000040249.16:B1	wild_cluster	1.0056110925872061e-50	0.09662307241850478	5122	12	>20	0.6443643400857324
ENSMUSG00000042121.17:B1	wild_cluster	0.010085815893706	0.32865853658536587	1639	2	1-5	0.7314404080960116
ENSMUSG00000043456.18:B1	wild_cluster	7.753435716285877e-10	0.1523972602739726	1167	3	6-10	0.6614303193836947
ENSMUSG00000045980.14:B1	wild_cluster	1.4287775440632594e-05	0.2746379178917565	9182	3	>20	0.7143986285913825
ENSMUSG00000048661.15:B1	wild_cluster	1.0	1.0	11835	4	>20	1.0
ENSMUSG00000051391.10:B1	wild_cluster	0.0023496608732645	0.6884865366759517	4307	9	>20	0.8726786974790836
ENSMUSG00000053510.13:B3	wild_cluster	2.354168650634309e-20	0.21199492661714078	5518	7	>20	0.6855172201020898
ENSMUSG00000056069.11:B1	wild_cluster	0.3787753113047262	0.6443081640475278	2608	1	>20	0.8561895981180788
ENSMUSG00000058070.15:B1	wild_cluster	1.0	1.0	5122	12	>20	1.0
ENSMUSG00000060012.10:B1	wild_cluster	1.0286884616844458e-42	0.1084029712163417	4307	9	>20	0.6443643400857324
ENSMUSG00000062372.14:B1	wild_cluster	0.6559723184029489	0.8248553760223419	5012	2	>20	0.9319954187400661
ENSMUSG00000066595.10:B1	wild_cluster	6.278917304484948e-37	0.1371955233706386	7594	1	11-20	0.656669518885765
ENSMUSG00000070822.6:B1	wild_cluster	3.050941267718183e-12	0.1704225352112676	4259	4	11-20	0.6630031981498798
ENSMUSG00000078190.8:B1	wild_cluster	0.4729723439406974	0.8030516431924882	4259	4	11-20	0.9202155296604343
ENSMUSG00000087473.8:B1	wild_cluster	1.0414791861524572e-47	0.09201785908744418	9182	3	>20	0.6443643400857324
ENSMUSG00000104283.2:B1	wild_cluster	6.1856841329867195e-49	0.07544103992571959	4307	9	>20	0.6443643400857324
ENSMUSG00000022099.18:B2	wild_cluster	0.0030772177291837	0.5602464214531618	5518	7	>20	0.8140754004263798
ENSMUSG00000022099.18:B3	wild_cluster	5.752110206569156e-33	0.378978978978979	1664	14	>20	0.7514230941180269
ENSMUSG00000022099.18:B4	wild_cluster	8.546397603391049e-24	0.4756756756756757	1664	14	>20	0.7890601845572686
ENSMUSG00000032280.17:B2	wild_cluster	7.896454196086211e-36	0.0494458653026428	2345	6	11-20	0.6443643400857324
ENSMUSG00000032280.17:B4	wild_cluster	0.442361524115091	0.9215686274509803	2345	6	11-20	0.9778375120278217
ENSMUSG00000032280.17:B5	wild_cluster	0.3110836038769458	0.6367990421073638	5010	3	11-20	0.8510845699508643
ENSMUSG00000006673.15:B2	wild_cluster	0.0001867510859696	0.31934401789042116	13414	5	>20	0.7266310461423763
ENSMUSG00000006673.15:B3	wild_cluster	1.5967209552821062e-249	0.14028363357608278	2608	1	>20	0.6589614740368509
ENSMUSG00000022565.16:B2	wild_cluster	2.5527618558073997e-50	0.09206989247311828	1487	11	>20	0.6443643400857324
ENSMUSG00000022565.16:B4	wild_cluster	9.153016508834509e-97	0.0022675736961451248	440	22	>20	0.6443643400857324
ENSMUSG00000028078.15:B1	wild_cluster	1.5186701466627205e-14	0.4427093499902401	5122	12	>20	0.7767748006946728
ENSMUSG00000028078.15:B2	wild_cluster	0.8885776422726185	0.9297059817505914	11835	4	>20	0.983216578030442
ENSMUSG00000028078.15:B3	wild_cluster	3.968293945045802e-26	0.10637039540385265	11835	4	>20	0.6443643400857324
ENSMUSG00000033793.13:B1	wild_cluster	4.8739135495795305e-15	0.2651700680272109	7349	8	>20	0.7120777874931182
ENSMUSG00000033793.13:B2	wild_cluster	0.0083638297964293	0.4194829334234539	11835	4	>20	0.7623263009991305
ENSMUSG00000033793.13:B3	wild_cluster	0.0882535207593692	0.5492565055762082	11835	4	>20	0.8121217694098929
ENSMUSG00000042554.11:B1	wild_cluster	0.1576267433301064	0.4474204171240395	4554	1	6-10	0.7773299340909611
ENSMUSG00000042554.11:B2	wild_cluster	0.1879396204144367	0.47705817782656423	4554	1	6-10	0.7890601845572686
ENSMUSG00000001482.16:B1	wild_cluster	1.0533372516227784e-07	0.2148972602739726	1167	3	6-10	0.6855172201020898
ENSMUSG00000001482.16:B2	wild_cluster	3.8457111608041645e-08	0.12558812884545784	2762	2	6-10	0.6443643400857324
ENSMUSG00000017734.16:B2	wild_cluster	0.0003934140479098	0.2324561403508772	7523	2	11-20	0.6983043657362142
ENSMUSG00000021986.10:B1	wild_cluster	3.936780147157552e-25	0.2707398008979114	5122	12	>20	0.7135088773956679
ENSMUSG00000021986.10:B2	wild_cluster	0.0002859656318604	0.4495988195148944	10842	6	>20	0.7777126539019709
ENSMUSG00000025372.17:B1	wild_cluster	1.141904745330158e-32	0.12435374149659864	7349	8	>20	0.6443643400857324
ENSMUSG00000025372.17:B2	wild_cluster	5.3892695288792395e-46	0.1574750830564784	1504	16	>20	0.6614303193836947
ENSMUSG00000028266.18:B1	wild_cluster	1.0439856341513236e-29	0.093528218992903	11835	4	>20	0.6443643400857324
ENSMUSG00000028266.18:B3	wild_cluster	0.0779651644660158	0.47217235188509876	5012	2	>20	0.7886564794285639
ENSMUSG00000030600.16:B1	wild_cluster	4.1689393149283406e-14	0.24262169413568416	2608	1	>20	0.7013329136281762
ENSMUSG00000030600.16:B2	wild_cluster	6.24267733193158e-16	0.16237781767404746	5012	2	>20	0.6614303193836947
ENSMUSG00000032816.16:B1	wild_cluster	0.6122728873403339	0.7884104199893673	7523	2	11-20	0.913580734090772
ENSMUSG00000032816.16:B2	wild_cluster	0.8352243041833816	0.9368544600938967	4259	4	11-20	0.9862087690428845
ENSMUSG00000038291.17:B1	wild_cluster	8.503693369112178e-06	0.4780952380952381	7349	8	>20	0.7890601845572686
ENSMUSG00000038291.17:B2	wild_cluster	1.3574112869553524e-12	0.17979046975329505	11835	4	>20	0.6663135216378222
ENSMUSG00000041992.10:B1	wild_cluster	1.0717977863749356e-08	0.3838095238095238	7349	8	>20	0.7527625851099453
ENSMUSG00000041992.10:B2	wild_cluster	1.7650691482350364e-60	0.0441027374112876	11835	4	>20	0.6443643400857324
ENSMUSG00000052533.15:B1	wild_cluster	1.9744619817837263e-52	0.08998633613117314	5122	12	>20	0.6443643400857324
ENSMUSG00000052533.15:B2	wild_cluster	6.47500557198262e-88	0.02646868947708199	10842	6	>20	0.6443643400857324
ENSMUSG00000063681.15:B2	wild_cluster	4.5152038001989165e-25	0.09234608985024959	3605	1	1-5	0.6443643400857324
ENSMUSG00000001173.16:B1	wild_cluster	1.0548994897127157e-13	0.2216538789428815	2345	6	11-20	0.6921980188289953
ENSMUSG00000003345.17:B1	wild_cluster	0.4394247593169348	0.709040111754141	5010	3	11-20	0.8795868316973966
ENSMUSG00000005469.11:B1	wild_cluster	0.8269895705163541	0.9093567251461988	7523	2	11-20	0.9717614110203195
ENSMUSG00000009079.17:B1	wild_cluster	1.1305219660267768e-25	0.2584446190102121	6364	10	>20	0.7109417935409196
ENSMUSG00000015143.16:B1	wild_cluster	0.7040996227995786	0.8511869140235389	5012	2	>20	0.9421310599334886
ENSMUSG00000018293.5:B1	wild_cluster	0.0921064817148527	0.4104270660011093	3605	1	1-5	0.7575435030523171
ENSMUSG00000020070.19:B1	wild_cluster	1.5187904100723578e-05	0.5691736304549675	4307	9	>20	0.815001194671121
ENSMUSG00000020522.14:B1	wild_cluster	0.6154131460309311	0.7906698564593302	7523	2	11-20	0.91478427036571
ENSMUSG00000020926.17:B1	wild_cluster	3.779901759905054e-38	0.10744700126834572	5518	7	>20	0.6443643400857324
ENSMUSG00000021431.16:B1	wild_cluster	0.3553890363660709	0.6032916392363397	7594	1	11-20	0.8315654223084381
ENSMUSG00000022054.12:B1	wild_cluster	4.8304634118284e-30	0.13795918367346938	7349	8	>20	0.657975416627941
ENSMUSG00000022533.15:B1	wild_cluster	1.0426747367659552e-50	0.05904761904761905	7349	8	>20	0.6443643400857324
ENSMUSG00000023019.13:B1	wild_cluster	0.6943245822769282	0.8366560340244551	7523	2	11-20	0.9361885338412022
ENSMUSG00000024781.17:B1	wild_cluster	0.2940047088171693	0.625	1167	3	6-10	0.8448586891160553
ENSMUSG00000025266.12:B1	wild_cluster	2.0952043113571398e-126	0.002899075919550643	5518	7	>20	0.6443643400857324
ENSMUSG00000025889.14:B1	wild_cluster	0.0130665665508023	0.3044107965766952	7594	1	11-20	0.7244864969571635
ENSMUSG00000026470.15:B1	wild_cluster	0.846761129338606	0.884742041712404	4554	1	6-10	0.958737097984808
ENSMUSG00000026918.17:B1	wild_cluster	3.2201292711979606e-16	0.15519940365262766	13414	5	>20	0.6614303193836947
ENSMUSG00000027508.16:B1	wild_cluster	0.0081294057738465	0.2920738327904452	2762	2	6-10	0.716584179179599
ENSMUSG00000028041.18:B1	wild_cluster	0.4852285794692921	0.717304625199362	7523	2	11-20	0.8839207433174819
ENSMUSG00000029089.9:B1	wild_cluster	3.2268483988584297e-101	0.014386880357808423	13414	5	>20	0.6443643400857324
ENSMUSG00000029547.11:B1	wild_cluster	0.0213972117833038	0.6557347345533611	5518	7	>20	0.859869533289584
ENSMUSG00000030127.16:B1	wild_cluster	0.0570754269610168	0.36036866359447006	7594	1	11-20	0.7428782721323877
ENSMUSG00000030774.14:B1	wild_cluster	2.4652060641233324e-05	0.2844576966082743	13414	5	>20	0.716584179179599
ENSMUSG00000031508.15:B1	wild_cluster	2.017202949417384e-32	0.049291558571143486	5010	3	11-20	0.6443643400857324
ENSMUSG00000032012.10:B1	wild_cluster	3.4799706654952346e-57	0.08189044974409235	9182	3	>20	0.6443643400857324
ENSMUSG00000032409.16:B1	wild_cluster	3.589311323839724e-110	0.007752515840477078	13414	5	>20	0.6443643400857324
ENSMUSG00000032965.12:B1	wild_cluster	1.0732625598802287e-16	0.15452855694491383	11835	4	>20	0.6614303193836947
ENSMUSG00000033910.14:B1	wild_cluster	0.1130280973790441	0.4743564158850529	5010	3	11-20	0.7890601845572686
ENSMUSG00000034613.13:B1	wild_cluster	1.512795285870742e-37	0.09010421470072857	10842	6	>20	0.6443643400857324
ENSMUSG00000035437.16:B1	wild_cluster	2.959942774255505e-12	0.3906685236768802	4307	9	>20	0.7545994212484498
ENSMUSG00000036371.7:B1	wild_cluster	0.1946383705694261	0.8043123754303316	5518	7	>20	0.9206182382725995
ENSMUSG00000038002.10:B1	wild_cluster	1.1089828960664309e-07	0.3295213501798395	10842	6	>20	0.7317167449884721
ENSMUSG00000038538.18:B1	wild_cluster	0.0216876195410081	0.7706592386258124	4307	9	>20	0.903489944422856
ENSMUSG00000039354.17:B1	wild_cluster	3.203447548232217e-11	0.29606812828410944	5518	7	>20	0.720475949673117
ENSMUSG00000040260.9:B1	wild_cluster	0.002447795056153	0.3167763814083383	5012	2	>20	0.7266310461423763
ENSMUSG00000041028.17:B1	wild_cluster	0.1390625645121656	0.6543156059285091	2293	5	11-20	0.8596602041698637
ENSMUSG00000042133.17:B1	wild_cluster	0.0235088719663957	0.8026708562450904	6364	10	>20	0.9202155296604343
ENSMUSG00000043460.8:B1	wild_cluster	0.0093754554273002	0.4247211895910781	11835	4	>20	0.7653115451042912
ENSMUSG00000045994.18:B1	wild_cluster	6.178672897492824e-87	0.02882882882882883	1664	14	>20	0.6443643400857324
ENSMUSG00000048814.12:B1	wild_cluster	0.0108622444800551	0.5690307110578253	10842	6	>20	0.815001194671121
ENSMUSG00000051401.8:B1	wild_cluster	0.104184092428583	0.7244305081619478	10842	6	>20	0.8859480582168512
ENSMUSG00000053550.14:B1	wild_cluster	6.0205485044146616e-06	0.38107534815088073	10842	6	>20	0.7515598212949701
ENSMUSG00000056073.17:B2	wild_cluster	1.483528423505613e-25	0.16258503401360544	7349	8	>20	0.6614303193836947
ENSMUSG00000058135.13:B1	wild_cluster	8.25224820906863e-05	0.2199780461031833	4554	1	6-10	0.6918563657736225
ENSMUSG00000060098.12:B1	wild_cluster	2.8988599274366077e-35	0.20659256420084324	2608	1	>20	0.685396970798245
ENSMUSG00000062380.5:B1	wild_cluster	0.8518295772001626	0.9058219178082192	1167	3	6-10	0.9701102834240112
ENSMUSG00000066607.6:B1	wild_cluster	0.0159933194865738	0.5384615384615384	64	5	6-10	0.808861702947904
ENSMUSG00000070871.11:B1	wild_cluster	0.0080306553233127	0.3725565350709084	2608	1	>20	0.747107128313472
ENSMUSG00000078307.4:B1	wild_cluster	1.1372817664619758e-10	0.25970672323157795	10842	6	>20	0.7109417935409196
ENSMUSG00000087620.9:B1	wild_cluster	0.6092603226630896	0.8001196888090963	5012	2	>20	0.9195649593266098
ENSMUSG00000104586.2:B1	wild_cluster	0.0807591051339424	0.4645458029896512	2608	1	>20	0.7828869440753581
ENSMUSG00000022377.17:B1	wild_cluster	0.1452675998796042	0.6306373462541931	13414	5	>20	0.8463717936593589
ENSMUSG00000022377.17:B2	wild_cluster	1.0	1.0	417	15	11-20	1.0
ENSMUSG00000022377.17:B3	wild_cluster	0.1452658846108849	0.6306373462541931	13414	5	>20	0.8463717936593589
ENSMUSG00000022377.17:B4	wild_cluster	0.0450634411632675	0.5200149086843087	13414	5	>20	0.8023291109967919
ENSMUSG00000032511.18:B1	wild_cluster	0.0062958225509525	0.2845225027442371	4554	1	6-10	0.716584179179599
ENSMUSG00000032511.18:B2	wild_cluster	0.0074148082516993	0.287596048298573	4554	1	6-10	0.716584179179599
ENSMUSG00000032511.18:B3	wild_cluster	1.4576140196509254e-11	0.1712403951701427	4554	1	6-10	0.663704152314622
ENSMUSG00000032511.18:B4	wild_cluster	0.1986688364724088	0.5316684762938835	2762	2	6-10	0.8058683243567343
ENSMUSG00000008489.19:B1	wild_cluster	9.180034603500982e-09	0.49489795918367346	195	8	6-10	0.7918237180562928
ENSMUSG00000008489.19:B2	wild_cluster	3.925482864800933e-06	0.43435635123614663	2345	6	11-20	0.7721890688642606
ENSMUSG00000008489.19:B3	wild_cluster	0.6024341779931609	0.7800372142477405	7523	2	11-20	0.9093153926407422
ENSMUSG00000022637.12:B1	wild_cluster	1.0115782090167779e-26	0.3944636678200692	288	21	>20	0.7545994212484498
ENSMUSG00000022637.12:B2	wild_cluster	3.072174925802327e-11	0.2958869360391375	5518	7	>20	0.720475949673117
ENSMUSG00000022637.12:B3	wild_cluster	6.543108430590963e-12	0.5951951951951951	1664	14	>20	0.8287388038394541
ENSMUSG00000028082.15:B2	wild_cluster	0.0005292661280574	0.24039517014270034	4554	1	6-10	0.7005421084574607
ENSMUSG00000033808.17:B1	wild_cluster	1.869758906929479e-44	0.1054202670856245	6364	10	>20	0.6443643400857324
ENSMUSG00000033808.17:B2	wild_cluster	1.811299843929548e-132	0.0023108460678345137	13414	5	>20	0.6443643400857324
ENSMUSG00000033808.17:B3	wild_cluster	0.0057305757806633	0.4083488632128215	13414	5	>20	0.7567751397381886
ENSMUSG00000042810.15:B1	wild_cluster	4.0361656232028813e-16	0.32219127205199627	4307	9	>20	0.7268435240088572
ENSMUSG00000042810.15:B4	wild_cluster	0.0323806354972272	0.4457149079821409	9182	3	>20	0.7767748006946728
ENSMUSG00000042810.15:B6	wild_cluster	4.417521939624679e-06	0.37646407820713823	10842	6	>20	0.7511518176361769
ENSMUSG00000001786.15:B1	wild_cluster	1.856284565933045e-49	0.07321288295365279	6364	10	>20	0.6443643400857324
ENSMUSG00000001786.15:B2	wild_cluster	1.0	1.0	13414	5	>20	1.0
ENSMUSG00000017774.20:B1	wild_cluster	0.0943264492740487	0.4752475247524752	302	3	1-5	0.7890601845572686
ENSMUSG00000017774.20:B2	wild_cluster	7.689491778339296e-10	0.1800219538968167	4554	1	6-10	0.6663135216378222
ENSMUSG00000021990.17:B1	wild_cluster	0.0034431431444279	0.32176341512068624	5012	2	>20	0.7268435240088572
ENSMUSG00000021990.17:B2	wild_cluster	0.1534305325544705	0.5258719816021464	2608	1	>20	0.8033502824075999
ENSMUSG00000025375.16:B1	wild_cluster	1.6181123836563083e-32	0.3843843843843844	1664	14	>20	0.7527674972592916
ENSMUSG00000025375.16:B2	wild_cluster	2.7990716720983563e-37	0.11215799963761551	5518	7	>20	0.6443643400857324
ENSMUSG00000028289.13:B1	wild_cluster	1.7086405860167713e-12	0.23130130037812413	10842	6	>20	0.6983043657362142
ENSMUSG00000028289.13:B2	wild_cluster	1.357014282193612e-13	0.49297971918876754	640	9	11-20	0.7915217353458331
ENSMUSG00000030629.16:B1	wild_cluster	5.991422303465706e-40	0.15479211399570564	5122	12	>20	0.6614303193836947
ENSMUSG00000030629.16:B2	wild_cluster	0.1705426408278828	0.7685142488241261	10842	6	>20	0.9021257296100009
ENSMUSG00000032841.16:B1	wild_cluster	1.2737870630822236e-12	0.24509803921568626	2345	6	11-20	0.7041247202159037
ENSMUSG00000032841.16:B2	wild_cluster	5.976609370951999e-28	0.05647575334264618	5010	3	11-20	0.6443643400857324
ENSMUSG00000038453.18:B1	wild_cluster	6.449432615615775e-62	0.4163424124513619	256	30	>20	0.7614821193160489
ENSMUSG00000038453.18:B2	wild_cluster	3.823571718888637e-107	0.009216589861751152	216	40	>20	0.6443643400857324
ENSMUSG00000042066.17:B1	wild_cluster	1.2648453217654388e-11	0.6615384615384615	64	18	11-20	0.8626093164376227
ENSMUSG00000042066.17:B2	wild_cluster	0.0018850193517435	0.8794416243654822	787	12	11-20	0.9570620236423381
ENSMUSG00000052833.10:B1	wild_cluster	7.84115789813387e-60	0.04658963846440552	13414	5	>20	0.6443643400857324
ENSMUSG00000001175.17:B1	wild_cluster	0.0116147377845451	0.8945930119070857	5122	12	>20	0.9627374339363678
ENSMUSG00000003352.15:B1	wild_cluster	2.3150255207013408e-14	0.1680466373774924	11835	4	>20	0.6614303193836947
ENSMUSG00000005514.15:B1	wild_cluster	2.576551483694115e-146	0.002087215803205367	13414	5	>20	0.6443643400857324
ENSMUSG00000009090.18:B1	wild_cluster	0.0082636820927557	0.42474841595229224	13414	5	>20	0.7653115451042912
ENSMUSG00000015165.17:B1	wild_cluster	9.574314350905808e-20	0.07759372275501308	2293	5	11-20	0.6443643400857324
ENSMUSG00000018334.19:B2	wild_cluster	3.822875885867087e-228	0.003791658351626422	5010	3	11-20	0.6443643400857324
ENSMUSG00000020074.8:B1	wild_cluster	3.671086953030375e-16	0.1555721207603429	13414	5	>20	0.6614303193836947
ENSMUSG00000020524.17:B1	wild_cluster	0.6455977690072663	0.9228121036419641	5518	7	>20	0.9786848138157467
ENSMUSG00000020929.15:B1	wild_cluster	3.020930338905225e-24	0.11583305170665766	11835	4	>20	0.6443643400857324
ENSMUSG00000021448.9:B1	wild_cluster	6.052204800444575e-06	0.5552460538532962	4307	9	>20	0.8140754004263798
ENSMUSG00000022103.11:B1	wild_cluster	0.9010425603753802	0.9490226140283634	2608	1	>20	0.9918190777944031
ENSMUSG00000022536.15:B1	wild_cluster	1.8469837098599787e-05	0.5735840297121634	4307	9	>20	0.8173799675391084
ENSMUSG00000023025.17:B1	wild_cluster	0.0278054074532522	0.7664109121909634	2345	6	11-20	0.9012334418116413
ENSMUSG00000024294.15:B1	wild_cluster	4.627934059640016e-16	0.23687236489076274	2608	1	>20	0.7005014853601429
ENSMUSG00000024787.15:B1	wild_cluster	5.466362246625288e-98	0.022980736735383575	11835	4	>20	0.6443643400857324
ENSMUSG00000025270.14:B1	wild_cluster	0.6391159969305478	0.8366002027712065	11835	4	>20	0.9361885338412022
ENSMUSG00000026473.17:B1	wild_cluster	1.3381277128766824e-07	0.41564625850340137	7349	8	>20	0.7611998282001191
ENSMUSG00000026924.18:B1	wild_cluster	3.074364250919416e-44	0.0730425159088813	10842	6	>20	0.6443643400857324
ENSMUSG00000027522.16:B1	wild_cluster	0.0010201360454628	0.3566157286619456	13414	5	>20	0.7428782721323877
ENSMUSG00000028047.12:B1	wild_cluster	0.0146794010341846	0.34193011647254573	3605	1	1-5	0.7340257026294947
ENSMUSG00000028572.14:B1	wild_cluster	1.4366572046647779e-12	0.19699444625939236	9182	3	>20	0.6790600092475471
ENSMUSG00000029093.15:B1	wild_cluster	8.636442625602055e-75	0.023708920187793428	4259	4	11-20	0.6443643400857324
ENSMUSG00000029552.20:B1	wild_cluster	0.599755184792065	0.7938535222510477	5010	3	11-20	0.9161722785123567
ENSMUSG00000030161.9:B1	wild_cluster	0.0815633215012874	0.5717480432351845	13414	5	>20	0.8156573961535712
ENSMUSG00000030795.19:B1	wild_cluster	0.0552980616388363	0.5370853522176668	13414	5	>20	0.8083565472396936
ENSMUSG00000031511.17:B2	wild_cluster	2.1454047074607784e-85	0.010884353741496598	7349	8	>20	0.6443643400857324
ENSMUSG00000032017.15:B1	wild_cluster	0.3901033556353606	0.6265964450296247	7594	1	11-20	0.845305673950142
ENSMUSG00000032425.16:B1	wild_cluster	0.7269999756783624	0.8655123597952739	9182	3	>20	0.9485335534945214
ENSMUSG00000033006.11:B1	wild_cluster	1.2264665300696951e-67	0.04237102085620197	4554	1	6-10	0.6443643400857324
ENSMUSG00000033918.17:B1	wild_cluster	2.5160243318390902e-11	0.2583365274051361	2608	1	>20	0.7109417935409196
ENSMUSG00000034614.15:B1	wild_cluster	0.7847967930048574	0.8999616711383672	2608	1	>20	0.9661479640492118
ENSMUSG00000035469.18:B1	wild_cluster	0.2013766206923735	0.6690272083488632	13414	5	>20	0.8633200488841525
ENSMUSG00000036377.20:B1	wild_cluster	3.260990856745576e-26	0.3838150289017341	864	15	>20	0.7527625851099453
ENSMUSG00000037243.18:B1	wild_cluster	0.1779127481033519	0.583469454426658	9182	3	>20	0.8225410344399884
ENSMUSG00000038034.16:B1	wild_cluster	4.883661106479571e-54	0.209009009009009	1664	14	>20	0.6855172201020898
ENSMUSG00000038552.15:B1	wild_cluster	0.0649136417967009	0.3681668496158068	4554	1	6-10	0.7452850769350146
ENSMUSG00000039367.12:B1	wild_cluster	7.382742776878679e-06	0.20592495062541147	7594	1	11-20	0.685396970798245
ENSMUSG00000040282.14:B1	wild_cluster	0.61401070336553	0.8594856503913529	13414	5	>20	0.9457287039059037
ENSMUSG00000041112.18:B1	wild_cluster	2.115406103254941e-09	0.20469483568075117	4259	4	11-20	0.685396970798245
ENSMUSG00000042182.17:B1	wild_cluster	9.17086465456354e-27	0.10383575532274417	11835	4	>20	0.6443643400857324
ENSMUSG00000043518.8:B1	wild_cluster	0.5252206909026311	0.7371079213184476	7523	2	11-20	0.8902030173648443
ENSMUSG00000046027.18:B1	wild_cluster	0.0117735181321701	0.33719512195121953	1639	2	1-5	0.7337812708493854
ENSMUSG00000048834.17:B1	wild_cluster	2.081460736899738e-10	0.18332335926590865	5012	2	>20	0.6673860917081177
ENSMUSG00000051427.15:B1	wild_cluster	0.4172554125012487	0.6933971673648514	5012	2	>20	0.8750066871431602
ENSMUSG00000053702.17:B1	wild_cluster	0.0003330059691864	0.8591370558375635	787	12	11-20	0.9457142304212337
ENSMUSG00000056091.13:B1	wild_cluster	0.0194731950246919	0.4184906893172166	9182	3	>20	0.7618214964475353
ENSMUSG00000058159.15:B1	wild_cluster	0.4663037962486251	0.6785912368275097	3605	1	1-5	0.8666287410476552
ENSMUSG00000060206.12:B1	wild_cluster	0.1168282496334666	0.47954500099780484	5010	3	11-20	0.7892239029569421
ENSMUSG00000062397.9:B1	wild_cluster	7.631387737966542e-11	0.6903553299492385	787	12	11-20	0.873090735148179
ENSMUSG00000066640.12:B1	wild_cluster	0.3172465561274495	0.6087187666135034	7523	2	11-20	0.835153974578673
ENSMUSG00000070880.11:B1	wild_cluster	6.16176841769287e-41	0.012325390304026294	1216	8	11-20	0.6443643400857324
ENSMUSG00000078490.11:B1	wild_cluster	2.773209730043688e-17	0.5260115606936416	864	15	>20	0.8033502824075999
ENSMUSG00000089633.4:B1	wild_cluster	8.44108595810646e-21	0.12884420412301453	11835	4	>20	0.6443643400857324
ENSMUSG00000104677.2:B1	wild_cluster	4.012250665861018e-39	0.13370473537604458	4307	9	>20	0.6505068413725715
ENSMUSG00000022475.20:B2	wild_cluster	0.1340248235068309	0.5097738597163665	2608	1	>20	0.7996188273754362
ENSMUSG00000022475.20:B3	wild_cluster	0.0469471592294408	0.43963204292832503	2608	1	>20	0.7763494363730359
ENSMUSG00000022475.20:B4	wild_cluster	0.1340245884474874	0.5097738597163665	2608	1	>20	0.7996188273754362
ENSMUSG00000034813.20:B2	wild_cluster	0.2061171502154708	0.5256512493354598	7523	2	11-20	0.8033502824075999
ENSMUSG00000034813.20:B3	wild_cluster	0.5937119438245924	0.7736576289207868	7523	2	11-20	0.9060600936774831
ENSMUSG00000034813.20:B4	wild_cluster	0.5104872546682256	0.9305200341005968	2345	6	11-20	0.983216578030442
ENSMUSG00000008575.18:B1	wild_cluster	0.0414495742685046	0.6552614590058102	10842	6	>20	0.8596602041698637
ENSMUSG00000008575.18:B2	wild_cluster	9.79657175569151e-40	0.27342368886269885	1696	18	>20	0.7138867044870465
ENSMUSG00000008575.18:B3	wild_cluster	0.0001898041891682	0.7991411282451688	5122	12	>20	0.9193803768142986
ENSMUSG00000022708.17:B1	wild_cluster	6.723708973714559e-05	0.5196078431372549	2345	6	11-20	0.8022516698987289
ENSMUSG00000022708.17:B2	wild_cluster	2.3750361064986284e-06	0.42284739982949704	2345	6	11-20	0.7644237674440767
ENSMUSG00000022708.17:B3	wild_cluster	3.9441813137839706e-23	0.43147208121827413	787	12	11-20	0.7712677124491012
ENSMUSG00000028126.17:B1	wild_cluster	1.8234549936706427e-36	0.04812206572769953	4259	4	11-20	0.6443643400857324
ENSMUSG00000028126.17:B2	wild_cluster	5.184696537975309e-06	0.2357869539198085	5012	2	>20	0.6995335185172045
ENSMUSG00000028126.17:B3	wild_cluster	0.0863645374662183	0.4801516058248554	5012	2	>20	0.7895076421793581
ENSMUSG00000033943.16:B1	wild_cluster	5.910315101139289e-40	0.09802500452980613	5518	7	>20	0.6443643400857324
ENSMUSG00000033943.16:B2	wild_cluster	6.439377708894117e-10	0.31563689074107626	5518	7	>20	0.7266310461423763
ENSMUSG00000033943.16:B5	wild_cluster	7.530070683358071e-44	0.07773147309295163	5518	7	>20	0.6443643400857324
ENSMUSG00000043467.20:B1	wild_cluster	7.83211048486987e-34	0.05839727195225917	2345	6	11-20	0.6443643400857324
ENSMUSG00000043467.20:B2	wild_cluster	4.1501544283414876e-32	0.05028936340051886	5010	3	11-20	0.6443643400857324
ENSMUSG00000043467.20:B3	wild_cluster	0.0998037463270503	0.4593893434444223	5010	3	11-20	0.7814659432940305
ENSMUSG00000002578.19:B1	wild_cluster	2.754556882368125e-38	0.023007395234182416	1216	8	11-20	0.6443643400857324
ENSMUSG00000002578.19:B2	wild_cluster	3.419726848232721e-06	0.2577464788732394	4259	4	11-20	0.7109417935409196
ENSMUSG00000017978.19:B1	wild_cluster	0.6292080163029707	0.8058271802035522	5010	3	11-20	0.9211913768825801
ENSMUSG00000017978.19:B3	wild_cluster	0.0959006020826158	0.487926408585665	2608	1	>20	0.7897176352473404
ENSMUSG00000022019.17:B1	wild_cluster	1.4341113452816836e-36	0.08132687290346627	13414	5	>20	0.6443643400857324
ENSMUSG00000022019.17:B3	wild_cluster	2.979522668057706e-25	0.2626865671641791	6364	10	>20	0.7120777874931182
ENSMUSG00000028339.18:B2	wild_cluster	5.319179209657455e-08	0.18963414634146342	1639	2	1-5	0.6713650685322653
ENSMUSG00000030643.15:B2	wild_cluster	0.1601178513673198	0.4617304492512479	3605	1	1-5	0.782346680796986
ENSMUSG00000032890.18:B1	wild_cluster	1.0793136431029569e-19	0.3121951219512195	1024	10	11-20	0.7250151179197742
ENSMUSG00000032890.18:B2	wild_cluster	3.407018337067759e-05	0.3099389712292938	2293	5	11-20	0.7244864969571635
ENSMUSG00000038608.16:B1	wild_cluster	4.610811685813739e-11	0.43385373870172556	1216	8	11-20	0.7721890688642606
ENSMUSG00000038608.16:B2	wild_cluster	0.2245061899084011	0.6957746478873239	4259	4	11-20	0.8762492329020607
ENSMUSG00000042099.17:B1	wild_cluster	0.5121590607244776	0.7317916002126529	7523	2	11-20	0.8885332140836532
ENSMUSG00000052917.16:B1	wild_cluster	0.0187781124863686	0.4538695505238256	11835	4	>20	0.7797621928593323
ENSMUSG00000052917.16:B2	wild_cluster	0.4299598029177293	0.7003790145621385	5012	2	>20	0.8765844221097139
ENSMUSG00000067629.14:B1	wild_cluster	2.6546189878353683e-30	0.4065998821449617	1696	18	>20	0.7561586111513262
ENSMUSG00000067629.14:B2	wild_cluster	0.3577475281061336	0.8642870085160355	5518	7	>20	0.9485335534945214
ENSMUSG00000001227.13:B1	wild_cluster	0.0776460308680585	0.5397938492734031	11835	4	>20	0.8097622475650258
ENSMUSG00000003363.16:B1	wild_cluster	2.1551791898310875e-06	0.4078637434317811	5518	7	>20	0.7565832703302523
ENSMUSG00000005610.18:B1	wild_cluster	0.0702016932266647	0.6939961265332473	10842	6	>20	0.8754788397568687
ENSMUSG00000009292.19:B1	wild_cluster	0.8007920644812285	0.8687294272547729	7594	1	11-20	0.950549404949491
ENSMUSG00000015176.12:B1	wild_cluster	1.5858387083246696e-07	0.21490845684394072	2293	5	11-20	0.6855172201020898
ENSMUSG00000018340.14:B1	wild_cluster	2.420986773696553e-15	0.24877695234643957	5518	7	>20	0.7068085770714748
ENSMUSG00000020097.15:B1	wild_cluster	0.6726450528303065	0.831637741871135	5012	2	>20	0.9344330805976538
ENSMUSG00000020527.15:B1	wild_cluster	0.9632239082010382	0.9660881707560343	5012	2	>20	1.0
ENSMUSG00000020932.15:B1	wild_cluster	1.2016096516407586e-29	0.12381574648807579	9182	3	>20	0.6443643400857324
ENSMUSG00000021466.13:B1	wild_cluster	0.0024257667853774	0.5764411027568922	797	4	6-10	0.8181110423967566
ENSMUSG00000022108.9:B1	wild_cluster	2.062345619569876e-40	0.12325905292479108	4307	9	>20	0.6443643400857324
ENSMUSG00000022548.15:B1	wild_cluster	0.0015554603616493	0.2636663007683864	4554	1	6-10	0.7120777874931182
ENSMUSG00000023026.17:B1	wild_cluster	6.764454806032435e-32	0.12816326530612246	7349	8	>20	0.6443643400857324
ENSMUSG00000024298.16:B1	wild_cluster	0.0033958242123097	0.39001118151323144	13414	5	>20	0.7545994212484498
ENSMUSG00000024793.15:B1	wild_cluster	0.5999332282975821	0.7277716794731065	4554	1	6-10	0.8881817239172332
ENSMUSG00000025277.15:B1	wild_cluster	0.0025165823184481	0.3796045961473471	11835	4	>20	0.7515598212949701
ENSMUSG00000025931.16:B1	wild_cluster	0.6163237321536071	0.9461152882205514	797	4	6-10	0.9910804473508007
ENSMUSG00000026482.14:B1	wild_cluster	0.0329943369569335	0.4975773387998509	13414	5	>20	0.7927826826191401
ENSMUSG00000026925.17:B1	wild_cluster	0.0276191825331776	0.3541998936735779	7523	2	11-20	0.7428782721323877
ENSMUSG00000027550.15:B1	wild_cluster	1.0642425248872989e-07	0.23979091800065339	9182	3	>20	0.7005197968362168
ENSMUSG00000028053.14:B1	wild_cluster	6.737967198957466e-50	0.1001366386882686	5122	12	>20	0.6443643400857324
ENSMUSG00000028576.13:B1	wild_cluster	1.970774853188877e-05	0.2876816492058128	11835	4	>20	0.716584179179599
ENSMUSG00000029106.15:B1	wild_cluster	0.4252625818772851	0.8655353684404685	10842	6	>20	0.9485335534945214
ENSMUSG00000029576.18:B1	wild_cluster	0.0108961435279274	0.3011219688744119	2762	2	6-10	0.7241072155357869
ENSMUSG00000030166.15:B1	wild_cluster	0.6469561479492363	0.8730525531121879	13414	5	>20	0.9525431899258817
ENSMUSG00000030815.12:B1	wild_cluster	0.3428664938098485	0.6830011978656213	9182	3	>20	0.8689228595370214
ENSMUSG00000031532.8:B1	wild_cluster	1.704347204202452e-39	0.06618819776714513	7523	2	11-20	0.6443643400857324
ENSMUSG00000032018.15:B1	wild_cluster	1.6803605020772966e-58	0.09654897267105525	5012	2	>20	0.6443643400857324
ENSMUSG00000032440.14:B1	wild_cluster	0.108027659057095	0.4245701608430394	3605	1	1-5	0.7653115451042912
ENSMUSG00000033009.16:B1	wild_cluster	0.0895395172883374	0.7124412063082173	10842	6	>20	0.8815231370498631
ENSMUSG00000033955.14:B1	wild_cluster	0.1610431669048562	0.605863467387631	11835	4	>20	0.8330159478210363
ENSMUSG00000034616.18:B1	wild_cluster	0.1096467361666289	0.41764318630678077	7594	1	11-20	0.7614821193160489
ENSMUSG00000035486.15:B1	wild_cluster	0.4664631043263526	0.7456169007949471	9182	3	>20	0.8938707062360725
ENSMUSG00000036403.16:B1	wild_cluster	6.44760689469397e-118	0.03887618425351192	9182	3	>20	0.6443643400857324
ENSMUSG00000037270.19:B1	wild_cluster	0.0008147206810927	0.6636490250696379	4307	9	>20	0.8633200488841525
ENSMUSG00000038055.13:B1	wild_cluster	1.0750305927830737e-13	0.18926276815855386	9182	3	>20	0.6713650685322653
ENSMUSG00000038564.12:B1	wild_cluster	2.87131578177174e-64	0.07089186540346291	9182	3	>20	0.6443643400857324
ENSMUSG00000039375.17:B1	wild_cluster	0.0644794172900328	0.37116524028966424	7594	1	11-20	0.7463073584888515
ENSMUSG00000040325.17:B1	wild_cluster	0.0009091636239716	0.24587985114300903	7523	2	11-20	0.7041247202159037
ENSMUSG00000041115.19:B1	wild_cluster	1.0	1.0	67	35	>20	1.0
ENSMUSG00000042197.14:B1	wild_cluster	1.1922418443846389e-06	0.44448979591836735	7349	8	>20	0.7767748006946728
ENSMUSG00000043587.16:B1	wild_cluster	3.2502106060836324e-08	0.3132896799778659	10842	6	>20	0.7254813556265335
ENSMUSG00000046093.10:B1	wild_cluster	2.6609497899973966e-10	0.26570137415844325	10842	6	>20	0.7120777874931182
ENSMUSG00000048874.16:B1	wild_cluster	1.6094770065544008e-11	0.3183673469387755	7349	8	>20	0.7266310461423763
ENSMUSG00000051510.14:B1	wild_cluster	5.116147531726939e-16	0.15639209839731644	13414	5	>20	0.6614303193836947
ENSMUSG00000053774.10:B1	wild_cluster	6.685332039364046e-22	0.1525408097390021	10842	6	>20	0.6614303193836947
ENSMUSG00000056167.9:B1	wild_cluster	1.0363777669541151e-40	0.09277042942562058	5518	7	>20	0.6443643400857324
ENSMUSG00000058192.17:B1	wild_cluster	3.455791259455779e-235	0.023304805793285057	7594	1	11-20	0.6443643400857324
ENSMUSG00000060260.14:B1	wild_cluster	1.530386692571698e-09	0.22767609539656128	3605	1	1-5	0.6983043657362142
ENSMUSG00000062444.16:B1	wild_cluster	0.1469995773690594	0.5959783710713079	11835	4	>20	0.8290590211437501
ENSMUSG00000066643.13:B1	wild_cluster	5.853164065496477e-07	0.18115364167995746	7523	2	11-20	0.6668646455521224
ENSMUSG00000070939.10:B1	wild_cluster	1.3527372289600928e-10	0.2104976587171948	9182	3	>20	0.6855172201020898
ENSMUSG00000078546.9:B1	wild_cluster	0.4390585224923609	0.6609611586570112	7594	1	11-20	0.8625847459567468
ENSMUSG00000089682.11:B1	wild_cluster	0.6453038829031695	0.8138096188385552	5010	3	11-20	0.925597785554805
ENSMUSG00000105218.5:B1	wild_cluster	0.4774253188953655	0.701418167880414	2608	1	>20	0.8765844221097139
ENSMUSG00000022556.12:B1	wild_cluster	1.014380573017996e-11	0.0871951219512195	1639	2	1-5	0.6443643400857324
ENSMUSG00000022556.12:B2	wild_cluster	2.130788598079971e-05	0.25873544093178036	3605	1	1-5	0.7109417935409196
ENSMUSG00000022556.12:B3	wild_cluster	0.0001577398992145	0.2726012201885746	3605	1	1-5	0.7137263202455285
ENSMUSG00000022556.12:B5	wild_cluster	0.9240048545881	0.9464780920687743	3605	1	1-5	0.9910804473508007
ENSMUSG00000037652.16:B1	wild_cluster	4.290262156207537e-43	0.17341040462427745	864	15	>20	0.6642188120430711
ENSMUSG00000037652.16:B2	wild_cluster	0.1679244444720447	0.6474841595229222	13414	5	>20	0.8569587227598051
ENSMUSG00000037652.16:B3	wild_cluster	0.5093769526960598	0.8164740961610137	13414	5	>20	0.9269867516009894
ENSMUSG00000037652.16:B4	wild_cluster	0.1720253471144819	0.6500931792769288	13414	5	>20	0.8576346637409249
ENSMUSG00000010453.13:B1	wild_cluster	1.3650371152491388e-36	0.215311004784689	417	15	11-20	0.6855172201020898
ENSMUSG00000010453.13:B2	wild_cluster	1.4547530762900598e-05	0.68	1024	10	11-20	0.8670674985819626
ENSMUSG00000010453.13:B3	wild_cluster	1.0	1.0	1024	10	11-20	1.0
ENSMUSG00000022770.18:B1	wild_cluster	1.3878704730038397e-70	0.027327737653718525	5122	12	>20	0.6443643400857324
ENSMUSG00000022770.18:B2	wild_cluster	3.323176761838661e-09	0.21147347076715106	11835	4	>20	0.6855172201020898
ENSMUSG00000022770.18:B3	wild_cluster	3.546953010393301e-06	0.26554579249746535	11835	4	>20	0.7120777874931182
ENSMUSG00000028137.10:B1	wild_cluster	6.827323872951e-52	0.09700996677740864	1504	16	>20	0.6443643400857324
ENSMUSG00000028137.10:B3	wild_cluster	1.634074234413567e-40	0.08857142857142856	7349	8	>20	0.6443643400857324
ENSMUSG00000028137.10:B5	wild_cluster	1.2747556042694497e-12	0.2980952380952381	7349	8	>20	0.7224608851170397
ENSMUSG00000034342.10:B1	wild_cluster	1.065834310447922e-05	0.6122448979591837	195	8	6-10	0.8377426398478087
ENSMUSG00000034342.10:B2	wild_cluster	0.0041754457047826	0.4140845070422535	4259	4	11-20	0.759887323943662
ENSMUSG00000034342.10:B3	wild_cluster	0.90686349460077	0.9539906103286385	4259	4	11-20	0.9932148181944508
ENSMUSG00000044024.17:B1	wild_cluster	9.232693983251641e-08	0.3939393939393939	32	12	6-10	0.7545994212484498
ENSMUSG00000044024.17:B2	wild_cluster	0.004784202706852	0.7822514379622021	1216	8	11-20	0.910504507264982
ENSMUSG00000044024.17:B3	wild_cluster	4.462989490417726e-05	0.6327033689400164	1216	8	11-20	0.8471216041555432
ENSMUSG00000002728.15:B1	wild_cluster	2.8209071674622725e-11	0.20581509310682783	9182	3	>20	0.685396970798245
ENSMUSG00000002728.15:B2	wild_cluster	0.0014586040501556	0.4930369823849488	10842	6	>20	0.7915217353458331
ENSMUSG00000018042.19:B1	wild_cluster	3.433324635439261e-10	0.12621951219512195	1639	2	1-5	0.6443643400857324
ENSMUSG00000018042.19:B2	wild_cluster	0.5277675630962233	0.6858397365532382	4554	1	6-10	0.8708092221246424
ENSMUSG00000022040.9:B2	wild_cluster	6.825661909141271e-207	0.03186306780776827	7594	1	11-20	0.6443643400857324
ENSMUSG00000025468.16:B1	wild_cluster	1.4477243602530284e-09	0.3137254901960784	2345	6	11-20	0.7256827346703725
ENSMUSG00000025468.16:B2	wild_cluster	0.0399398726386184	0.381361005787268	5010	3	11-20	0.7515598212949701
ENSMUSG00000028414.18:B1	wild_cluster	0.0004483599553959	0.23405103668261562	7523	2	11-20	0.6983043657362142
ENSMUSG00000028414.18:B2	wild_cluster	0.7576016829527878	0.8506912442396314	7594	1	11-20	0.9420201575102494
ENSMUSG00000030688.16:B2	wild_cluster	0.9580095992984732	0.9687666135034556	7523	2	11-20	1.0
ENSMUSG00000032897.18:B1	wild_cluster	5.086809574537342e-32	0.3897897897897898	1664	14	>20	0.7545994212484498
ENSMUSG00000032897.18:B2	wild_cluster	6.438096947270617e-41	0.0916832759557891	5518	7	>20	0.6443643400857324
ENSMUSG00000038615.18:B2	wild_cluster	1.0	1.0	63	21	11-20	1.0
ENSMUSG00000042198.13:B2	wild_cluster	0.0060378081934075	0.6952259164535379	2345	6	11-20	0.8760884136791587
ENSMUSG00000053046.17:B1	wild_cluster	0.0015591935121385	0.36645546030562803	13414	5	>20	0.7452850769350146
ENSMUSG00000053046.17:B3	wild_cluster	0.0001586586788402	0.6444619010212097	6364	10	>20	0.8561895981180788
ENSMUSG00000068205.15:B1	wild_cluster	1.0	1.0	4259	4	11-20	1.0
ENSMUSG00000068205.15:B2	wild_cluster	1.371705383763141e-28	0.027868852459016394	609	6	6-10	0.6443643400857324
ENSMUSG00000001248.16:B1	wild_cluster	0.0001143937870376	0.3105478941483414	13414	5	>20	0.7245580342973238
ENSMUSG00000003402.15:B1	wild_cluster	0.2530593264758258	0.697651882221394	13414	5	>20	0.8762492329020607
ENSMUSG00000005625.16:B1	wild_cluster	1.892023946706312e-10	0.18661971830985916	4259	4	11-20	0.6701112877583466
ENSMUSG00000009394.14:B1	wild_cluster	1.7749117551351105e-12	0.39448924731182794	1487	11	>20	0.7545994212484498
ENSMUSG00000015202.14:B1	wild_cluster	0.591839969125276	0.7868150684931506	1167	3	6-10	0.9127416834955545
ENSMUSG00000018372.14:B1	wild_cluster	7.028739381244726e-08	0.22877376071561684	13414	5	>20	0.6983043657362142
ENSMUSG00000020120.16:B1	wild_cluster	0.5973285123619408	0.7273326015367728	4554	1	6-10	0.888128021865652
ENSMUSG00000020528.15:B1	wild_cluster	7.59530042008186e-06	0.27450152078404866	11835	4	>20	0.7143986285913825
ENSMUSG00000020949.10:B1	wild_cluster	0.0028239459158639	0.3189706762417714	5012	2	>20	0.7266310461423763
ENSMUSG00000021494.10:B1	wild_cluster	2.358120865600627e-05	0.2161948650427913	7594	1	11-20	0.6870349698637093
ENSMUSG00000022110.14:B1	wild_cluster	0.0003377633029461	0.33431902669820884	11835	4	>20	0.7337812708493854
ENSMUSG00000022568.18:B2	wild_cluster	0.103730967382652	0.5276053577262333	9182	3	>20	0.8041063350295407
ENSMUSG00000023030.17:B1	wild_cluster	8.244845387526065e-06	0.2699553522813895	9182	3	>20	0.7131135510323897
ENSMUSG00000024299.18:B1	wild_cluster	3.232695666214015e-20	0.04234527687296417	2762	2	6-10	0.6443643400857324
ENSMUSG00000024829.13:B1	wild_cluster	0.0240709217929314	0.39158188709355674	5012	2	>20	0.7545994212484498
ENSMUSG00000025290.18:B1	wild_cluster	0.0105994378300931	0.45422535211267606	4259	4	11-20	0.7797621928593323
ENSMUSG00000025939.20:B1	wild_cluster	1.7976937550787462e-30	0.18802228412256267	4307	9	>20	0.6703792144449181
ENSMUSG00000026494.13:B1	wild_cluster	1.2178211031358584e-123	0.016713091922005572	4307	9	>20	0.6443643400857324
ENSMUSG00000026926.15:B1	wild_cluster	0.0021342941910459	0.2635566188197767	7523	2	11-20	0.7120777874931182
ENSMUSG00000027551.16:B1	wild_cluster	0.2836242036938385	0.8205293737895416	10842	6	>20	0.9295182828208941
ENSMUSG00000028063.16:B1	wild_cluster	0.7800065568539611	0.8821065230400957	5012	2	>20	0.9579591612532055
ENSMUSG00000028634.18:B1	wild_cluster	8.121297246319324e-47	0.2150854449027696	1696	18	>20	0.6855172201020898
ENSMUSG00000029108.15:B1	wild_cluster	5.934170801279472e-05	0.6186959937156323	6364	10	>20	0.8415031677650375
ENSMUSG00000029578.16:B1	wild_cluster	6.348440649763851e-06	0.16842945519856317	5010	3	11-20	0.6614303193836947
ENSMUSG00000030168.14:B1	wild_cluster	0.073651816046367	0.5625792023853895	13414	5	>20	0.8140754004263798
ENSMUSG00000030844.12:B1	wild_cluster	0.4281200995855858	0.6292290626733222	3605	1	1-5	0.846115538643649
ENSMUSG00000031539.7:B1	wild_cluster	0.0593107582954479	0.5426761088333955	13414	5	>20	0.8101288001417618
ENSMUSG00000032020.16:B1	wild_cluster	0.0264168070642536	0.4203767123287671	1167	3	6-10	0.7625539491661092
ENSMUSG00000032452.13:B1	wild_cluster	0.9013230022333928	0.9355675244364652	5012	2	>20	0.9855462956575322
ENSMUSG00000033014.13:B1	wild_cluster	0.3357128172041715	0.6509678706844941	5010	3	11-20	0.8581429274481165
ENSMUSG00000033960.7:B1	wild_cluster	0.0257365496392408	0.48177413343272457	13414	5	>20	0.7896623298374663
ENSMUSG00000034675.18:B1	wild_cluster	5.308170744704672e-06	0.468843537414966	7349	8	>20	0.785416236865612
ENSMUSG00000035505.15:B1	wild_cluster	0.1225741164521553	0.42870309414088215	7594	1	11-20	0.7691337235664031
ENSMUSG00000036452.19:B1	wild_cluster	1.4170935139506003e-06	0.25456578456951173	13414	5	>20	0.7098356155184639
ENSMUSG00000037286.16:B1	wild_cluster	0.0017866620453568	0.34465860829794187	9182	3	>20	0.7357953954926622
ENSMUSG00000038576.16:B1	wild_cluster	0.1535997457963729	0.5999493071983778	11835	4	>20	0.8307274669429955
ENSMUSG00000039414.11:B1	wild_cluster	1.0681969028153804e-05	0.1981658692185008	7523	2	11-20	0.6811572996990669
ENSMUSG00000040327.17:B1	wild_cluster	0.0005247145968318	0.34215430488259413	13414	5	>20	0.7340257026294947
ENSMUSG00000041130.11:B1	wild_cluster	1.0	1.0	11835	4	>20	1.0
ENSMUSG00000042202.16:B1	wild_cluster	0.0042397224337546	0.6412244897959184	7349	8	>20	0.8537001202613115
ENSMUSG00000043733.15:B1	wild_cluster	8.339391375027508e-15	0.36983503534956796	6364	10	>20	0.7454030264665099
ENSMUSG00000046204.15:B1	wild_cluster	0.0052155266447634	0.2862409479921001	7594	1	11-20	0.716584179179599
ENSMUSG00000048897.16:B1	wild_cluster	0.0469907985576984	0.3677162504524068	2762	2	6-10	0.7452850769350146
ENSMUSG00000051527.12:B1	wild_cluster	9.44309474749541e-36	0.36036036036036034	1664	14	>20	0.7428782721323877
ENSMUSG00000053825.16:B1	wild_cluster	0.0016467427078528	0.5414024279760826	5518	7	>20	0.8097622475650258
ENSMUSG00000056201.9:B1	wild_cluster	4.140374296661784e-05	0.2922102124487514	13414	5	>20	0.716584179179599
ENSMUSG00000058230.13:B1	wild_cluster	0.3522951649372987	0.8437701743060039	10842	6	>20	0.940171178111473
ENSMUSG00000060279.15:B1	wild_cluster	0.0159523972641882	0.45680208721580323	13414	5	>20	0.7800160213149454
ENSMUSG00000062519.14:B1	wild_cluster	0.1051080419562458	0.49611011370436864	5012	2	>20	0.7926515746625724
ENSMUSG00000066687.6:B1	wild_cluster	0.1846753745737559	0.7755233791386148	10842	6	>20	0.9075359481018251
ENSMUSG00000071042.13:B1	wild_cluster	1.1280741453308705e-07	0.20121951219512196	1639	2	1-5	0.6846711902657738
ENSMUSG00000078622.9:B1	wild_cluster	0.0333754676626786	0.5383609415867481	2293	5	11-20	0.808861702947904
ENSMUSG00000089715.13:B1	wild_cluster	0.0324423960593758	0.6389375634049618	10842	6	>20	0.8521694705039182
ENSMUSG00000105245.2:B1	wild_cluster	0.0042727919744957	0.39565731666103415	11835	4	>20	0.7545994212484498
ENSMUSG00000025006.19:B1	wild_cluster	0.0011007151007137	0.4838144424974638	10842	6	>20	0.7897176352473404
ENSMUSG00000025006.19:B2	wild_cluster	0.0001210127429723	0.4312459651387992	10842	6	>20	0.7712338342339066
ENSMUSG00000025006.19:B4	wild_cluster	0.2567682826650657	0.8102923545144333	10842	6	>20	0.923466267654472
ENSMUSG00000025006.19:B5	wild_cluster	7.64897181329324e-29	0.11887853914968183	10842	6	>20	0.6443643400857324
ENSMUSG00000025006.19:B7	wild_cluster	4.994750523000494e-25	0.2723013859066953	5122	12	>20	0.7137263202455285
ENSMUSG00000025006.19:B9	wild_cluster	0.0004152835195867	0.45836023240800516	10842	6	>20	0.781193178508867
ENSMUSG00000001687.16:B1	wild_cluster	0.4496625750668252	0.7072023163228375	2762	2	6-10	0.878823000051818
ENSMUSG00000001687.16:B2	wild_cluster	0.5871411070136047	0.7766920014477018	2762	2	6-10	0.9086669889432389
ENSMUSG00000001687.16:B4	wild_cluster	1.934611811790043e-09	0.38721804511278196	797	4	6-10	0.7545994212484498
ENSMUSG00000018537.17:B1	wild_cluster	5.925723347337653e-28	0.20775301764159704	4307	9	>20	0.685396970798245
ENSMUSG00000018537.17:B2	wild_cluster	1.938467855785118e-13	0.19078732440378962	9182	3	>20	0.6713650685322653
ENSMUSG00000018537.17:B3	wild_cluster	3.4004209282504085e-08	0.3139352577699899	10842	6	>20	0.7256827346703725
ENSMUSG00000024589.19:B2	wild_cluster	0.0728269028375907	0.6966706631006179	10842	6	>20	0.8762492329020607
ENSMUSG00000024589.19:B3	wild_cluster	4.217252257556284e-09	0.6099941440562171	5122	12	>20	0.8358834720136398
ENSMUSG00000029461.18:B1	wild_cluster	4.864592109681653e-22	0.7638888888888888	287	27	>20	0.9012334418116413
ENSMUSG00000029461.18:B2	wild_cluster	6.088254024770155e-05	0.600974930362117	4307	9	>20	0.8308450564505704
ENSMUSG00000029461.18:B3	wild_cluster	0.0007197061960841	0.6603992571959145	4307	9	>20	0.8625847459567468
ENSMUSG00000036916.14:B1	wild_cluster	4.047594216131975e-41	0.2069364161849711	864	15	>20	0.685396970798245
ENSMUSG00000036916.14:B2	wild_cluster	2.8057265876621443e-29	0.10786433097279165	13414	5	>20	0.6443643400857324
ENSMUSG00000036916.14:B3	wild_cluster	3.1580254403010055e-104	0.011628773760715617	13414	5	>20	0.6443643400857324
ENSMUSG00000053877.13:B1	wild_cluster	3.466496207314701e-36	0.77431906614786	256	30	>20	0.9063625413696377
ENSMUSG00000053877.13:B2	wild_cluster	3.855040250665551e-46	0.09505106048703849	6364	10	>20	0.6443643400857324
ENSMUSG00000053877.13:B3	wild_cluster	1.6046112593976656e-07	0.5162608012568736	6364	10	>20	0.8009346316255707
ENSMUSG00000004383.19:B1	wild_cluster	0.0025926814759778	0.3813641446142378	13414	5	>20	0.7515598212949701
ENSMUSG00000004383.19:B2	wild_cluster	4.112373709278537e-36	0.17800471327572662	6364	10	>20	0.6642188120430711
ENSMUSG00000022829.15:B1	wild_cluster	1.696777810648152e-05	0.28565393714092596	11835	4	>20	0.716584179179599
ENSMUSG00000022829.15:B2	wild_cluster	5.989914079066689e-06	0.47156462585034015	7349	8	>20	0.788454651477549
ENSMUSG00000026490.19:B1	wild_cluster	0.0203131112507611	0.797643362136685	6364	10	>20	0.9183622422961678
ENSMUSG00000026490.19:B2	wild_cluster	8.201266438184612e-45	0.10274941084053417	6364	10	>20	0.6443643400857324
ENSMUSG00000028830.15:B1	wild_cluster	1.1934987230627205e-74	0.034245334299691975	5518	7	>20	0.6443643400857324
ENSMUSG00000028830.15:B2	wild_cluster	2.097066953036433e-23	0.1918825874252582	5518	7	>20	0.6713650685322653
ENSMUSG00000031342.18:B1	wild_cluster	1.380189713377593e-28	0.4378314672952269	1696	18	>20	0.7746123091250662
ENSMUSG00000031342.18:B2	wild_cluster	1.625777654013041e-39	0.27578078962875663	1696	18	>20	0.7146939742430115
ENSMUSG00000034413.15:B1	wild_cluster	0.3154422856557885	0.5751152073732719	7594	1	11-20	0.8180063183645145
ENSMUSG00000034413.15:B2	wild_cluster	4.435517954988639e-06	0.19284954811270602	7523	2	11-20	0.6726544362410599
ENSMUSG00000039585.16:B1	wild_cluster	2.3367932107509445e-43	0.10399257195914577	4307	9	>20	0.6443643400857324
ENSMUSG00000039585.16:B2	wild_cluster	1.0	1.0	4307	9	>20	1.0
ENSMUSG00000043531.17:B1	wild_cluster	0.8815113304628116	0.9320839978734715	7523	2	11-20	0.983519333293346
ENSMUSG00000043531.17:B3	wild_cluster	0.0161917031929001	0.4784037558685446	4259	4	11-20	0.7890601845572686
ENSMUSG00000055670.15:B1	wild_cluster	0.0013713586040837	0.3644812436633998	11835	4	>20	0.7452850769350146
ENSMUSG00000055670.15:B3	wild_cluster	0.0946189485849531	0.5542412977357215	11835	4	>20	0.8140754004263798
ENSMUSG00000079084.13:B1	wild_cluster	3.3239114936571587e-41	0.022556390977443608	797	4	6-10	0.6443643400857324
ENSMUSG00000079084.13:B3	wild_cluster	2.0070733463815954e-14	0.12413609782030835	7523	2	11-20	0.6443643400857324
ENSMUSG00000001774.9:B1	wild_cluster	0.0001815179667138	0.3240114903683677	11835	4	>20	0.7272868999980935
ENSMUSG00000004085.15:B1	wild_cluster	0.0003367955844518	0.35384615384615387	64	5	6-10	0.7428782721323877
ENSMUSG00000006307.17:B1	wild_cluster	6.584551746915725e-05	0.518095238095238	7349	8	>20	0.8013464944733524
ENSMUSG00000010175.14:B1	wild_cluster	1.865848111079614e-19	0.14754098360655737	609	6	6-10	0.6614303193836947
ENSMUSG00000016200.15:B1	wild_cluster	0.7732082965214023	0.8576695194206715	7594	1	11-20	0.9453797378772596
ENSMUSG00000019173.12:B1	wild_cluster	0.4652778409926579	0.6766293614219882	7594	1	11-20	0.8653762974531337
ENSMUSG00000020189.16:B1	wild_cluster	0.0157861120956066	0.45613119642191574	13414	5	>20	0.7800160213149454
ENSMUSG00000020640.11:B1	wild_cluster	7.802002937037923e-37	0.09148759568385133	10842	6	>20	0.6443643400857324
ENSMUSG00000021096.12:B1	wild_cluster	0.1965087997616981	0.6653000372717107	13414	5	>20	0.8633200488841525
ENSMUSG00000021690.11:B1	wild_cluster	1.1371051496998317e-303	0.08968953622077425	2608	1	>20	0.6443643400857324
ENSMUSG00000022272.18:B1	wild_cluster	5.992189804509593e-36	0.12031165066135169	5518	7	>20	0.6443643400857324
ENSMUSG00000022710.18:B1	wild_cluster	9.627759345378778e-163	0.0012672381662318301	13414	5	>20	0.6443643400857324
ENSMUSG00000023912.11:B1	wild_cluster	0.0874615017887348	0.5129042796471741	9182	3	>20	0.8001196196168145
ENSMUSG00000024472.10:B1	wild_cluster	1.2640695346153925e-42	0.10186608122941822	4554	1	6-10	0.6443643400857324
ENSMUSG00000024955.16:B1	wild_cluster	4.445384513116094e-72	0.09532587228439764	7594	1	11-20	0.6443643400857324
ENSMUSG00000025427.16:B1	wild_cluster	0.0003086112387386	0.33045098770033543	13414	5	>20	0.7325974559668186
ENSMUSG00000026135.18:B1	wild_cluster	0.183864964298923	0.5089048378522063	7523	2	11-20	0.7996188273754362
ENSMUSG00000026643.17:B1	wild_cluster	0.0172683888886441	0.44989861439675566	11835	4	>20	0.7777126539019709
ENSMUSG00000027035.11:B1	wild_cluster	1.0	1.0	13414	5	>20	1.0
ENSMUSG00000027668.14:B1	wild_cluster	8.430048187196001e-13	0.22807341141750437	10842	6	>20	0.6983043657362142
ENSMUSG00000028218.20:B1	wild_cluster	0.8999466544726297	0.9393939393939394	7523	2	11-20	0.9876232209794323
ENSMUSG00000028799.16:B1	wild_cluster	4.984057675500476e-141	0.022650549929217032	9182	3	>20	0.6443643400857324
ENSMUSG00000029191.17:B1	wild_cluster	0.0650309188580498	0.5502049944092434	13414	5	>20	0.8121965071631335
ENSMUSG00000029713.16:B1	wild_cluster	3.24353760150489e-08	0.7538071065989848	787	12	11-20	0.8979454319966929
ENSMUSG00000030306.15:B1	wild_cluster	4.006827709081652e-59	0.04629942548158161	11835	4	>20	0.6443643400857324
ENSMUSG00000031065.15:B1	wild_cluster	1.9287310648694123e-08	0.22005218039508012	13414	5	>20	0.6918563657736225
ENSMUSG00000031681.17:B1	wild_cluster	4.7167631820959765e-115	0.008392511297611363	10842	6	>20	0.6443643400857324
ENSMUSG00000032181.8:B1	wild_cluster	0.0967595619243469	0.5553396417708686	11835	4	>20	0.8140754004263798
ENSMUSG00000032549.8:B1	wild_cluster	1.7167832379200973e-44	0.10526315789473684	6364	10	>20	0.6443643400857324
ENSMUSG00000034154.16:B1	wild_cluster	4.0589644733160814e-235	0.025674786043449638	7594	1	11-20	0.6443643400857324
ENSMUSG00000034863.10:B1	wild_cluster	0.2053318763439399	0.6024175106174453	9182	3	>20	0.8313510716213965
ENSMUSG00000035725.14:B1	wild_cluster	0.478075669256995	0.7127857522594365	7523	2	11-20	0.8816189111852618
ENSMUSG00000036617.18:B1	wild_cluster	5.68530398547902e-29	0.48139255702280914	832	20	>20	0.7896623298374663
ENSMUSG00000037486.19:B2	wild_cluster	0.0171674177217525	0.4606783451360417	13414	5	>20	0.782346680796986
ENSMUSG00000038174.15:B1	wild_cluster	0.8493047826944644	0.9229589881180529	2608	1	>20	0.9786848138157467
ENSMUSG00000038766.17:B1	wild_cluster	4.727515032899713e-65	0.04723794651571345	5122	12	>20	0.6443643400857324
ENSMUSG00000039629.15:B2	wild_cluster	0.4210923250908647	0.6673054810272135	2608	1	>20	0.8633200488841525
ENSMUSG00000041351.17:B1	wild_cluster	1.0	1.0	6364	10	>20	1.0
ENSMUSG00000042408.14:B1	wild_cluster	0.929399295536032	0.954312047399605	7594	1	11-20	0.9932148181944508
ENSMUSG00000044471.14:B1	wild_cluster	0.0330937362611099	0.8155538098978791	6364	10	>20	0.9264097850684346
ENSMUSG00000047146.18:B1	wild_cluster	6.701795814367336e-17	0.11386986301369863	1167	3	6-10	0.6443643400857324
ENSMUSG00000052406.15:B1	wild_cluster	6.221467414032824e-09	0.1301137497505488	5010	3	11-20	0.6477834228261022
ENSMUSG00000054434.15:B1	wild_cluster	1.2928761822870528e-28	0.209658873131468	2608	1	>20	0.6855172201020898
ENSMUSG00000056629.17:B1	wild_cluster	1.106030586739828e-11	0.17370892018779344	4259	4	11-20	0.6642188120430711
ENSMUSG00000058704.10:B1	wild_cluster	1.773837578014e-80	0.028809566950534517	5518	7	>20	0.6443643400857324
ENSMUSG00000061136.17:B1	wild_cluster	0.0100473205164189	0.3948600675160623	9182	3	>20	0.7545994212484498
ENSMUSG00000063382.7:B1	wild_cluster	1.953674805607289e-22	0.30138590669529575	5122	12	>20	0.7241072155357869
ENSMUSG00000068580.12:B1	wild_cluster	0.5860228481975888	0.7514154048716261	7594	1	11-20	0.8974717217881539
ENSMUSG00000072774.11:B1	wild_cluster	8.660006918875133e-51	0.12468729427254772	7594	1	11-20	0.6443643400857324
ENSMUSG00000084890.3:B1	wild_cluster	0.455772181249271	0.7408254383099205	9182	3	>20	0.8915949955812077
ENSMUSG00000092083.5:B1	wild_cluster	0.386460425912874	0.6784360662278077	5012	2	>20	0.8666287410476552
ENSMUSG00000113029.3:B1	wild_cluster	0.2185922963532523	0.5005924950625411	7594	1	11-20	0.7944454139785333
ENSMUSG00000023079.15:B3	wild_cluster	0.0038648023157332	0.6739130434782609	2345	6	11-20	0.8650714809231967
ENSMUSG00000023079.15:B4	wild_cluster	0.0017445188713063	0.2512472560367192	5010	3	11-20	0.7090359082906939
ENSMUSG00000037989.16:B1	wild_cluster	7.175528068058392e-88	0.010068027210884354	7349	8	>20	0.6443643400857324
ENSMUSG00000037989.16:B3	wild_cluster	4.2970753578994654e-15	0.2646258503401361	7349	8	>20	0.7120777874931182
ENSMUSG00000037989.16:B5	wild_cluster	1.5149662781072915e-37	0.21395348837209302	1504	16	>20	0.6855172201020898
ENSMUSG00000037989.16:B6	wild_cluster	4.251157005560717e-77	0.049475262368815595	1333	24	>20	0.6443643400857324
ENSMUSG00000012114.18:B1	wild_cluster	0.0001085920488567	0.42894033016692795	10842	6	>20	0.7692523830995246
ENSMUSG00000012114.18:B5	wild_cluster	0.8505466025001805	0.9614497832703126	10842	6	>20	0.9973876847215796
ENSMUSG00000012114.18:B6	wild_cluster	6.794480829776297e-10	0.2739094346583049	10842	6	>20	0.7143986285913825
ENSMUSG00000022791.20:B2	wild_cluster	0.0465222086280742	0.5229221021244875	13414	5	>20	0.8032312166558578
ENSMUSG00000022791.20:B3	wild_cluster	2.353405436587879e-08	0.4964650432050275	6364	10	>20	0.7926515746625724
ENSMUSG00000028207.19:B1	wild_cluster	0.0736832179223171	0.3823568136932192	7594	1	11-20	0.7520018523030243
ENSMUSG00000028207.19:B2	wild_cluster	0.7122333904782285	0.8259381171823568	7594	1	11-20	0.9319954187400661
ENSMUSG00000034403.17:B1	wild_cluster	1.4087536846076904e-27	0.3629441624365482	787	12	11-20	0.7452850769350146
ENSMUSG00000034403.17:B2	wild_cluster	0.475708102736958	0.8037558685446009	4259	4	11-20	0.9202155296604343
ENSMUSG00000034403.17:B3	wild_cluster	2.339489204228144e-16	0.323746918652424	1216	8	11-20	0.7272868999980935
ENSMUSG00000044042.20:B1	wild_cluster	2.195546371094149e-15	0.19690122659780504	10842	6	>20	0.6790600092475471
ENSMUSG00000044042.20:B2	wild_cluster	0.0142666979379836	0.3694394574107321	5012	2	>20	0.7454030264665099
ENSMUSG00000044042.20:B3	wild_cluster	7.772136482324062e-39	0.07232173031429537	11835	4	>20	0.6443643400857324
ENSMUSG00000002831.15:B1	wild_cluster	0.2028026517544582	0.5164634146341464	1639	2	1-5	0.8009725809572686
ENSMUSG00000018398.19:B1	wild_cluster	8.657396721823243e-26	0.2639078664844817	5122	12	>20	0.7120777874931182
ENSMUSG00000018398.19:B2	wild_cluster	2.629157008934004e-05	0.4039472470718436	10842	6	>20	0.7560842414254448
ENSMUSG00000022100.15:B1	wild_cluster	7.089044988949427e-55	0.008098891730605285	2345	6	11-20	0.6443643400857324
ENSMUSG00000022100.15:B2	wild_cluster	5.7336930958575785e-59	0.026940730393135104	5010	3	11-20	0.6443643400857324
ENSMUSG00000025856.16:B1	wild_cluster	0.1136471130973817	0.5709699222710375	11835	4	>20	0.815512143802942
ENSMUSG00000025856.16:B2	wild_cluster	0.1458408977574261	0.5220426890085776	5012	2	>20	0.8032253458102916
ENSMUSG00000028487.19:B3	wild_cluster	2.958026358937189e-175	0.04634628044766294	7594	1	11-20	0.6443643400857324
ENSMUSG00000030701.18:B1	wild_cluster	2.9805702404452e-21	0.12048192771084337	82	9	6-10	0.6443643400857324
ENSMUSG00000030701.18:B2	wild_cluster	0.0073341152205464	0.7131147540983607	609	6	6-10	0.8817832602932424
ENSMUSG00000032998.17:B1	wild_cluster	3.9297418323409246e-31	0.28970099667774085	1504	16	>20	0.716584179179599
ENSMUSG00000032998.17:B2	wild_cluster	0.0072869252484842	0.551969012265978	10842	6	>20	0.8136350192412115
ENSMUSG00000038650.16:B1	wild_cluster	0.266660279293463	0.5696438064859117	7523	2	11-20	0.8151466417247994
ENSMUSG00000038650.16:B2	wild_cluster	0.0042730171441428	0.28308097432521395	7594	1	11-20	0.716584179179599
ENSMUSG00000042331.14:B2	wild_cluster	1.0	1.0	18	27	11-20	1.0
ENSMUSG00000053552.15:B1	wild_cluster	0.0469666523014649	0.3821105794790005	7523	2	11-20	0.7518464618545235
ENSMUSG00000053552.15:B2	wild_cluster	0.1044180025278552	0.44657097288676234	7523	2	11-20	0.7767748006946728
ENSMUSG00000068823.11:B1	wild_cluster	4.068199388861332e-27	0.24886095836606442	6364	10	>20	0.7068085770714748
ENSMUSG00000068823.11:B3	wild_cluster	0.0692152833666686	0.5563920983973164	13414	5	>20	0.8140754004263798
ENSMUSG00000001280.14:B1	wild_cluster	0.2067516877505009	0.4937458854509546	7594	1	11-20	0.7918137188090447
ENSMUSG00000003452.16:B1	wild_cluster	6.661919430795186e-37	0.17177435096623073	5122	12	>20	0.6642188120430711
ENSMUSG00000005813.13:B1	wild_cluster	9.016577900357506e-07	0.22022740873728305	5012	2	>20	0.6919234309453701
ENSMUSG00000009470.18:B1	wild_cluster	1.1419820479147147e-32	0.11450229403550768	5012	2	>20	0.6443643400857324
ENSMUSG00000015214.15:B1	wild_cluster	8.088350930605764e-71	0.03841275593404602	5518	7	>20	0.6443643400857324
ENSMUSG00000018379.18:B1	wild_cluster	0.6502286992878896	0.8148074236679306	5010	3	11-20	0.9262640143643529
ENSMUSG00000020121.16:B1	wild_cluster	0.0387997229904908	0.3464324917672887	4554	1	6-10	0.7373749518567313
ENSMUSG00000020532.19:B1	wild_cluster	0.0493115650468266	0.5279910547894149	13414	5	>20	0.804224962646011
ENSMUSG00000020950.11:B1	wild_cluster	3.467704916517429e-31	0.10145359672008945	13414	5	>20	0.6443643400857324
ENSMUSG00000021495.11:B1	wild_cluster	1.5538471341101846e-29	0.15202029353143687	5518	7	>20	0.6614303193836947
ENSMUSG00000022119.16:B1	wild_cluster	3.1437008118218547e-34	0.08212233862791483	11835	4	>20	0.6443643400857324
ENSMUSG00000023032.13:B1	wild_cluster	2.473426171627196e-44	0.10652003142183818	6364	10	>20	0.6443643400857324
ENSMUSG00000024335.21:B1	wild_cluster	0.2852677812991525	0.8213594023794153	10842	6	>20	0.9301787401036699
ENSMUSG00000024843.16:B1	wild_cluster	0.003500485474331	0.2733918128654971	7523	2	11-20	0.7138867044870465
ENSMUSG00000025314.18:B1	wild_cluster	5.091829254641992e-16	0.15639209839731644	13414	5	>20	0.6614303193836947
ENSMUSG00000025949.17:B1	wild_cluster	2.7208927895073047e-09	0.19150209455415917	5012	2	>20	0.6713650685322653
ENSMUSG00000026504.18:B1	wild_cluster	2.1776956334967173e-83	0.04410399257195915	4307	9	>20	0.6443643400857324
ENSMUSG00000026932.15:B1	wild_cluster	0.4383036358457626	0.6952587766920014	2762	2	6-10	0.8760884136791587
ENSMUSG00000027577.15:B1	wild_cluster	0.3738900065802242	0.6189598420013167	7594	1	11-20	0.8415031677650375
ENSMUSG00000028080.17:B2	wild_cluster	0.0008627396204252	0.8317392153035331	5122	12	>20	0.9344330805976538
ENSMUSG00000028656.15:B1	wild_cluster	1.3917352481189463e-25	0.12489728841413311	1216	8	11-20	0.6443643400857324
ENSMUSG00000029120.11:B1	wild_cluster	1.3679392994594365e-86	0.026444744846231834	11835	4	>20	0.6443643400857324
ENSMUSG00000029580.15:B1	wild_cluster	1.030519162544483e-07	0.6544993168065587	5122	12	>20	0.8596602041698637
ENSMUSG00000030189.16:B1	wild_cluster	0.6532240891236492	0.8229206592564201	2608	1	>20	0.9312322634769754
ENSMUSG00000030854.18:B1	wild_cluster	6.986531573959488e-06	0.2706671636228103	13414	5	>20	0.7135088773956679
ENSMUSG00000031559.16:B1	wild_cluster	0.0098965833090209	0.7670070699135899	6364	10	>20	0.9012334418116413
ENSMUSG00000032026.8:B1	wild_cluster	5.083488761006832e-83	0.029973254634326294	10842	6	>20	0.6443643400857324
ENSMUSG00000032468.12:B1	wild_cluster	5.5325991013618885e-27	0.21657381615598886	4307	9	>20	0.6870349698637093
ENSMUSG00000033021.17:B1	wild_cluster	0.6349598495791866	0.8082219117940531	5010	3	11-20	0.9229949423452336
ENSMUSG00000033981.15:B1	wild_cluster	7.361562962278249e-07	0.5987903225806451	1487	11	>20	0.8304013850470637
ENSMUSG00000034681.18:B1	wild_cluster	3.134358517512738e-05	0.29452517742480566	11835	4	>20	0.7188844721508828
ENSMUSG00000035517.18:B1	wild_cluster	4.119365403967489e-20	0.15354459327017314	9182	3	>20	0.6614303193836947
ENSMUSG00000036473.17:B1	wild_cluster	1.0	1.0	417	15	11-20	1.0
ENSMUSG00000037306.14:B1	wild_cluster	2.543545482132764e-13	0.22235543668726368	10842	6	>20	0.6921980188289953
ENSMUSG00000038070.16:B1	wild_cluster	5.626438019765372e-20	0.15180530620386995	5012	2	>20	0.6614303193836947
ENSMUSG00000038578.16:B1	wild_cluster	1.0888533456257373e-142	0.004393376140588037	11835	4	>20	0.6443643400857324
ENSMUSG00000040339.11:B1	wild_cluster	1.0287967543890372e-06	0.22102533413125872	5012	2	>20	0.6921980188289953
ENSMUSG00000041132.12:B1	wild_cluster	1.4990434957864427e-133	0.024719590547751278	9182	3	>20	0.6443643400857324
ENSMUSG00000042207.18:B1	wild_cluster	0.6365311018724285	0.8693999254565784	13414	5	>20	0.9508161484295665
ENSMUSG00000043843.18:B1	wild_cluster	0.8850729433353018	0.9340776182881446	7523	2	11-20	0.9844381087256207
ENSMUSG00000046314.17:B1	wild_cluster	3.851207591183667e-11	0.3253061224489796	7349	8	>20	0.7291008606832564
ENSMUSG00000048967.17:B1	wild_cluster	1.0	1.0	4554	1	6-10	1.0
ENSMUSG00000051590.11:B1	wild_cluster	0.5889647223510086	0.722722283205269	4554	1	6-10	0.8855004034606773
ENSMUSG00000053841.16:B1	wild_cluster	0.4770352089198183	0.7285058846997806	5012	2	>20	0.888354341635534
ENSMUSG00000056211.14:B1	wild_cluster	0.070747535912487	0.8504320502749411	6364	10	>20	0.9420201575102494
ENSMUSG00000058248.13:B1	wild_cluster	1.0	1.0	5518	7	>20	1.0
ENSMUSG00000060314.14:B1	wild_cluster	0.7405425043515109	0.8425279789335088	7594	1	11-20	0.9395761496300096
ENSMUSG00000062590.14:B1	wild_cluster	2.275308815729597e-43	0.24572775486152032	1696	18	>20	0.7041247202159037
ENSMUSG00000066705.8:B1	wild_cluster	7.985856531826413e-08	0.2387019492540564	9182	3	>20	0.7005197968362168
ENSMUSG00000071054.13:B1	wild_cluster	1.026706697085915e-20	0.1332836377189713	13414	5	>20	0.6505068413725715
ENSMUSG00000078676.10:B1	wild_cluster	0.0205814421189451	0.3355927698032961	7523	2	11-20	0.7337812708493854
ENSMUSG00000089743.8:B1	wild_cluster	0.1434186464646628	0.5932747549847922	11835	4	>20	0.8285680892272758
ENSMUSG00000024187.16:B3	wild_cluster	0.688012976887002	0.8330675172780436	7523	2	11-20	0.934737690529127
ENSMUSG00000038305.16:B2	wild_cluster	0.2521730747886017	0.6312751824022651	9182	3	>20	0.8467223210264272
ENSMUSG00000038305.16:B3	wild_cluster	0.1930167097119831	0.5946858325166068	9182	3	>20	0.8287388038394541
ENSMUSG00000038305.16:B4	wild_cluster	1.4518916901119158e-66	0.04270035967905561	10842	6	>20	0.6443643400857324
ENSMUSG00000012296.17:B1	wild_cluster	3.246556581591385e-34	0.0655226209048362	640	9	11-20	0.6443643400857324
ENSMUSG00000012296.17:B2	wild_cluster	3.3653280018450775e-64	0.02195170624625823	5010	3	11-20	0.6443643400857324
ENSMUSG00000012296.17:B3	wild_cluster	0.0002896218135505	0.5711849957374254	2345	6	11-20	0.815512143802942
ENSMUSG00000022843.18:B1	wild_cluster	1.9524406326868048e-10	0.19753295032105442	11835	4	>20	0.6800215502629867
ENSMUSG00000022843.18:B2	wild_cluster	1.8263388830389623e-43	0.10353081986834231	5012	2	>20	0.6443643400857324
ENSMUSG00000022843.18:B3	wild_cluster	0.0721788271914057	0.4631956912028725	5012	2	>20	0.7828869440753581
ENSMUSG00000028284.14:B1	wild_cluster	0.1401685112397854	0.8182312925170068	7349	8	>20	0.9277743316132898
ENSMUSG00000028284.14:B2	wild_cluster	0.4829137229016703	0.7690942886110173	11835	4	>20	0.9021257296100009
ENSMUSG00000028284.14:B3	wild_cluster	0.482912815721475	0.7690942886110173	11835	4	>20	0.9021257296100009
ENSMUSG00000034656.19:B1	wild_cluster	4.987850180487768e-39	0.2804949911608721	1696	18	>20	0.716584179179599
ENSMUSG00000034656.19:B2	wild_cluster	5.942341125149857e-43	0.10631383472609099	4307	9	>20	0.6443643400857324
ENSMUSG00000034656.19:B3	wild_cluster	2.277241929297297e-43	0.10399257195914577	4307	9	>20	0.6443643400857324
ENSMUSG00000045103.20:B1	wild_cluster	7.003455257657396e-47	0.0680623443696394	10842	6	>20	0.6443643400857324
ENSMUSG00000045103.20:B2	wild_cluster	5.243722095922373e-52	0.06003873466752744	10842	6	>20	0.6443643400857324
ENSMUSG00000045103.20:B4	wild_cluster	1.4177287000117489e-33	0.19695490923287137	5122	12	>20	0.6790600092475471
ENSMUSG00000002948.20:B2	wild_cluster	3.836888594963327e-35	0.2682080924855491	864	15	>20	0.7122245069213572
ENSMUSG00000018417.15:B1	wild_cluster	2.358289295770304e-14	0.4473941050165918	5122	12	>20	0.7773299340909611
ENSMUSG00000018417.15:B2	wild_cluster	1.3630020449652077e-65	0.025306122448979593	7349	8	>20	0.6443643400857324
ENSMUSG00000022194.16:B1	wild_cluster	5.984544250382225e-13	0.7200942840306424	1696	18	>20	0.8853004924806585
ENSMUSG00000022194.16:B3	wild_cluster	9.136846574428e-50	0.3333333333333333	287	27	>20	0.7337812708493854
ENSMUSG00000025892.17:B1	wild_cluster	4.764463363213681e-23	0.12098681987157824	11835	4	>20	0.6443643400857324
ENSMUSG00000025892.17:B2	wild_cluster	1.891708026074137e-33	0.12040816326530612	7349	8	>20	0.6443643400857324
ENSMUSG00000028496.18:B2	wild_cluster	7.518879938966028e-06	0.26930197103343134	9182	3	>20	0.7122245069213572
ENSMUSG00000030704.15:B1	wild_cluster	1.2862547955188104e-51	0.23183183183183184	1664	14	>20	0.6983043657362142
ENSMUSG00000030704.15:B2	wild_cluster	0.0002778384644288	0.48921906142417104	5518	7	>20	0.7897176352473404
ENSMUSG00000033342.16:B1	wild_cluster	0.0069917347570101	0.28518111964873766	4554	1	6-10	0.716584179179599
ENSMUSG00000033342.16:B2	wild_cluster	0.6138755635210565	0.7893593919652552	2762	2	6-10	0.9142091257794402
ENSMUSG00000038729.25:B1	wild_cluster	3.606369449560712e-12	0.252770673486786	2345	6	11-20	0.7090359082906939
ENSMUSG00000038729.25:B2	wild_cluster	1.0	1.0	787	12	11-20	1.0
ENSMUSG00000042390.10:B1	wild_cluster	4.576034519916335e-07	0.18009037745879852	7523	2	11-20	0.6663135216378222
ENSMUSG00000042390.10:B2	wild_cluster	0.1906322408518768	0.48452929558920343	7594	1	11-20	0.7897176352473404
ENSMUSG00000053617.13:B2	wild_cluster	5.912300530607294e-06	0.26925083861349236	13414	5	>20	0.7122245069213572
ENSMUSG00000070327.15:B2	wild_cluster	9.14015017628817e-28	0.1324556153999601	5012	2	>20	0.6494846516069467
ENSMUSG00000001366.15:B1	wild_cluster	0.2020532774535667	0.5676369863013698	1167	3	6-10	0.815001194671121
ENSMUSG00000005871.16:B1	wild_cluster	6.813100397320598e-42	0.11420612813370473	4307	9	>20	0.6443643400857324
ENSMUSG00000009545.15:B1	wild_cluster	0.0	0.08010732081257187	2608	1	>20	0.6443643400857324
ENSMUSG00000015357.11:B1	wild_cluster	3.585838560117316e-119	0.010983440351470091	11835	4	>20	0.6443643400857324
ENSMUSG00000018395.20:B1	wild_cluster	0.1161941718302571	0.7344830766393065	10842	6	>20	0.8891319096850625
ENSMUSG00000020122.17:B1	wild_cluster	0.0005918983538366	0.2828645521643726	5012	2	>20	0.716584179179599
ENSMUSG00000020564.18:B1	wild_cluster	1.196154393968898e-23	0.3946843853820598	1504	16	>20	0.7545994212484498
ENSMUSG00000020952.11:B1	wild_cluster	0.0231440356113439	0.42916258303386695	9182	3	>20	0.7693440882457201
ENSMUSG00000021496.13:B1	wild_cluster	0.6487687177011396	0.8176369863013698	1167	3	6-10	0.9273773374458341
ENSMUSG00000022132.16:B1	wild_cluster	0.2717923167322033	0.5220636663007684	4554	1	6-10	0.8032253458102916
ENSMUSG00000022602.15:B1	wild_cluster	4.242282968701377e-48	0.0643733284146454	10842	6	>20	0.6443643400857324
ENSMUSG00000023033.15:B1	wild_cluster	1.0233033384235215e-80	0.12840466926070038	256	30	>20	0.6443643400857324
ENSMUSG00000024347.17:B1	wild_cluster	0.11174396793394	0.5682663061845218	11835	4	>20	0.815001194671121
ENSMUSG00000024851.15:B1	wild_cluster	1.0185662706074357e-37	0.08973531310522918	10842	6	>20	0.6443643400857324
ENSMUSG00000025323.11:B1	wild_cluster	0.1712110571332997	0.4566410537870472	4554	1	6-10	0.7800160213149454
ENSMUSG00000026005.16:B1	wild_cluster	1.8254161797713903e-16	0.17053250571708592	9182	3	>20	0.6630031981498798
ENSMUSG00000026553.18:B1	wild_cluster	2.535398619307756e-99	0.016623183004099887	13414	5	>20	0.6443643400857324
ENSMUSG00000026933.18:B1	wild_cluster	1.722964442489969e-32	0.4153846153846154	64	7	11-20	0.7610306563851796
ENSMUSG00000027582.17:B1	wild_cluster	0.2092336161380675	0.6043776543613198	9182	3	>20	0.8319560922413202
ENSMUSG00000028104.15:B1	wild_cluster	1.1116944501324094e-107	0.0692200279273888	5012	2	>20	0.6443643400857324
ENSMUSG00000028657.15:B1	wild_cluster	2.17990920590923e-25	0.2612725844461901	6364	10	>20	0.711928205860649
ENSMUSG00000029121.17:B1	wild_cluster	1.0331732155914605e-06	0.44285714285714284	7349	8	>20	0.7767748006946728
ENSMUSG00000029581.15:B1	wild_cluster	2.379536144583768e-05	0.4833759590792839	2345	6	11-20	0.7897176352473404
ENSMUSG00000030207.16:B1	wild_cluster	0.0297117552022852	0.4904211703317182	13414	5	>20	0.7898930130825659
ENSMUSG00000030861.16:B1	wild_cluster	3.058413161473132e-31	0.1308843537414966	7349	8	>20	0.6480793550900537
ENSMUSG00000031561.17:B1	wild_cluster	3.661918546307892e-39	0.33633633633633636	1664	14	>20	0.7337812708493854
ENSMUSG00000032030.18:B1	wild_cluster	0.4622089262236445	0.6746543778801843	7594	1	11-20	0.8650714809231967
ENSMUSG00000033060.17:B1	wild_cluster	0.0010546461587127	0.3589895234876648	11835	4	>20	0.7428782721323877
ENSMUSG00000034007.11:B1	wild_cluster	9.753320678952064e-26	0.16176870748299318	7349	8	>20	0.6614303193836947
ENSMUSG00000034723.12:B1	wild_cluster	0.6947824599145414	0.8903466269101752	13414	5	>20	0.9611040659275264
ENSMUSG00000035521.14:B1	wild_cluster	1.846933747360721e-05	0.21224489795918366	7594	1	11-20	0.6855172201020898
ENSMUSG00000036502.15:B2	wild_cluster	1.0894819317447582e-239	0.04348693397167365	5012	2	>20	0.6443643400857324
ENSMUSG00000037325.11:B1	wild_cluster	6.4794742106742714e-09	0.21510645488340654	11835	4	>20	0.6855172201020898
ENSMUSG00000038084.17:B1	wild_cluster	0.0970330374705719	0.794421768707483	7349	8	>20	0.9162174846855901
ENSMUSG00000038582.16:B1	wild_cluster	0.0045562593612867	0.3719917238375259	9182	3	>20	0.7463073584888515
ENSMUSG00000039456.11:B1	wild_cluster	0.0	0.0027881040892193307	11835	4	>20	0.6443643400857324
ENSMUSG00000040387.17:B1	wild_cluster	0.6300145671478063	0.757628979143798	4554	1	6-10	0.8995879156257244
ENSMUSG00000041180.14:B1	wild_cluster	1.3607205272439622e-08	0.30360601309600665	10842	6	>20	0.7241446338884063
ENSMUSG00000042216.14:B1	wild_cluster	4.5472951693014625e-27	0.1546938775510204	7349	8	>20	0.6614303193836947
ENSMUSG00000043962.17:B1	wild_cluster	2.056812829506051e-40	0.12325905292479108	4307	9	>20	0.6443643400857324
ENSMUSG00000046613.20:B1	wild_cluster	1.1726427081768165e-37	0.10831837223219629	5012	2	>20	0.6443643400857324
ENSMUSG00000048978.15:B1	wild_cluster	0.4792483026560936	0.7313909399321493	5010	3	11-20	0.8885332140836532
ENSMUSG00000051674.16:B1	wild_cluster	1.366554424070543e-50	0.06847725162488394	4307	9	>20	0.6443643400857324
ENSMUSG00000053963.8:B1	wild_cluster	5.299879058609851e-38	0.34654654654654654	1664	14	>20	0.7373749518567313
ENSMUSG00000056216.10:B1	wild_cluster	0.0136358025597617	0.31618819776714513	7523	2	11-20	0.7266310461423763
ENSMUSG00000058254.13:B1	wild_cluster	8.334455600747773e-12	0.18471859858367498	13414	5	>20	0.669375212278067
ENSMUSG00000060371.13:B1	wild_cluster	0.2822571987779316	0.9738434511028694	5122	12	>20	1.0
ENSMUSG00000062761.8:B1	wild_cluster	7.744544411651482e-26	0.13903849990025932	5012	2	>20	0.6585723958383003
ENSMUSG00000066735.9:B1	wild_cluster	0.0403885049219574	0.6529558240339389	10842	6	>20	0.8592352414747885
ENSMUSG00000071176.11:B1	wild_cluster	0.3435378385973733	0.7428997390980246	13414	5	>20	0.8925914556346122
ENSMUSG00000078716.11:B1	wild_cluster	0.0009442883319904	0.2482985729967069	4554	1	6-10	0.7068085770714748
ENSMUSG00000089809.10:B1	wild_cluster	0.0168581533073841	0.4489692463670159	11835	4	>20	0.7777126539019709
ENSMUSG00000108854.2:B1	wild_cluster	0.6746789206532814	0.8311148086522463	3605	1	1-5	0.9344330805976538
ENSMUSG00000025272.17:B2	wild_cluster	0.0101516025658373	0.6231201304584164	5518	7	>20	0.8433425727339844
ENSMUSG00000038346.19:B1	wild_cluster	0.0042281606069406	0.30304878048780487	1639	2	1-5	0.7241446338884063
ENSMUSG00000038346.19:B2	wild_cluster	0.2920497043109749	0.5472021066491113	7594	1	11-20	0.8115868573252687
ENSMUSG00000038346.19:B3	wild_cluster	0.1920119561058771	0.4850559578670178	7594	1	11-20	0.7897176352473404
ENSMUSG00000038346.19:B4	wild_cluster	4.261037921077433e-59	0.04698133918770582	4554	1	6-10	0.6443643400857324
ENSMUSG00000014599.11:B2	wild_cluster	0.8807755383582011	0.90801317233809	4554	1	6-10	0.9710816419676623
ENSMUSG00000028689.15:B2	wild_cluster	0.0005454259570265	0.28618968386023297	3605	1	1-5	0.716584179179599
ENSMUSG00000028689.15:B4	wild_cluster	0.7676804147211742	0.8591463414634146	1639	2	1-5	0.9457142304212337
ENSMUSG00000034729.17:B1	wild_cluster	2.4850695054833626e-258	0.015536537195523371	7594	1	11-20	0.6443643400857324
ENSMUSG00000034729.17:B2	wild_cluster	0.0259548152435833	0.3492822966507177	7523	2	11-20	0.7400439235351681
ENSMUSG00000047495.16:B1	wild_cluster	3.597565708985418e-05	0.4088351932122106	10842	6	>20	0.7570523182380967
ENSMUSG00000047495.16:B2	wild_cluster	0.0115311144966286	0.5715207968274463	10842	6	>20	0.8156573961535712
ENSMUSG00000047495.16:B3	wild_cluster	2.3021587475694533e-30	0.22350185438219794	5122	12	>20	0.6938865905953365
ENSMUSG00000002968.10:B1	wild_cluster	1.073396496470368e-12	0.40502749410840533	6364	10	>20	0.7560842414254448
ENSMUSG00000002968.10:B2	wild_cluster	0.0772392264336475	0.5667536339918002	13414	5	>20	0.815001194671121
ENSMUSG00000018428.16:B1	wild_cluster	2.601345568392578e-09	0.11400651465798045	2762	2	6-10	0.6443643400857324
ENSMUSG00000018428.16:B2	wild_cluster	0.0258682520971648	0.3222832052689352	4554	1	6-10	0.7268435240088572
ENSMUSG00000022212.16:B1	wild_cluster	4.4532735913474935e-60	0.15075075075075076	1664	14	>20	0.6614303193836947
ENSMUSG00000022212.16:B2	wild_cluster	8.295618367823532e-10	0.31744881319079543	5518	7	>20	0.7266310461423763
ENSMUSG00000025915.15:B1	wild_cluster	0.0025873735422006	0.8878612716763006	864	15	>20	0.9602656428810795
ENSMUSG00000025915.15:B2	wild_cluster	0.0671830614411044	0.8483896307934015	6364	10	>20	0.941303451806911
ENSMUSG00000028528.18:B1	wild_cluster	1.0	1.0	157	36	>20	1.0
ENSMUSG00000028528.18:B2	wild_cluster	4.7267699477424704e-36	0.3087802003535651	1696	18	>20	0.7244864969571635
ENSMUSG00000030733.11:B1	wild_cluster	1.0	1.0	81	8	1-5	1.0
ENSMUSG00000030733.11:B2	wild_cluster	1.4218563806245633e-15	0.1888320545609548	2345	6	11-20	0.6713650685322653
ENSMUSG00000033411.17:B1	wild_cluster	0.0707651777299986	0.40463264567499097	2762	2	6-10	0.7560842414254448
ENSMUSG00000033411.17:B3	wild_cluster	0.7725594046655235	0.8458836443468716	4554	1	6-10	0.9402361999055501
ENSMUSG00000038784.14:B1	wild_cluster	0.1314045564370916	0.743982292723416	10842	6	>20	0.8929376369686274
ENSMUSG00000038784.14:B2	wild_cluster	0.0294234176318491	0.4415768267450724	9182	3	>20	0.7767748006946728
ENSMUSG00000042439.14:B1	wild_cluster	2.8754466042795783e-25	0.11051030753632984	11835	4	>20	0.6443643400857324
ENSMUSG00000042439.14:B2	wild_cluster	0.6843111658239045	0.8426092160383004	5012	2	>20	0.9395761496300096
ENSMUSG00000054008.10:B1	wild_cluster	0.229895792895613	0.8897560975609756	1024	10	11-20	0.9609724669452555
ENSMUSG00000054008.10:B2	wild_cluster	0.4369619590538032	0.7911944202266783	2293	5	11-20	0.9151556761870712
ENSMUSG00000071064.16:B1	wild_cluster	1.3776365522234084e-16	0.15363399180022363	13414	5	>20	0.6614303193836947
ENSMUSG00000071064.16:B2	wild_cluster	1.2447321898282303e-26	0.37803468208092483	864	15	>20	0.7511518176361769
ENSMUSG00000001424.15:B1	wild_cluster	0.7106221732341524	0.8467570441254652	7523	2	11-20	0.9404692861630661
ENSMUSG00000003731.14:B1	wild_cluster	4.258524053848541e-05	0.21895984200131666	7594	1	11-20	0.6913385954852851
ENSMUSG00000005881.14:B1	wild_cluster	0.2431078747357695	0.6260481324185996	9182	3	>20	0.845305673950142
ENSMUSG00000009569.15:B1	wild_cluster	8.389183996932408e-23	0.5327047731290513	1696	18	>20	0.8058683243567343
ENSMUSG00000015501.11:B1	wild_cluster	8.979066143835399e-14	0.3689516129032258	1487	11	>20	0.7454030264665099
ENSMUSG00000018401.18:B1	wild_cluster	0.4267689970669162	0.745606623859412	11835	4	>20	0.8938707062360725
ENSMUSG00000020124.11:B1	wild_cluster	7.082017969569435e-52	0.06378633150039277	6364	10	>20	0.6443643400857324
ENSMUSG00000020571.14:B1	wild_cluster	6.559824248382332e-08	0.23793967113143852	9182	3	>20	0.7005014853601429
ENSMUSG00000020962.15:B1	wild_cluster	0.0010774608837177	0.359158499493072	11835	4	>20	0.7428782721323877
ENSMUSG00000021500.18:B3	wild_cluster	1.710384610434985e-49	0.07404828226555246	4307	9	>20	0.6443643400857324
ENSMUSG00000022139.18:B1	wild_cluster	0.0001484402831009	0.4767167965211089	5518	7	>20	0.7890601845572686
ENSMUSG00000022604.19:B1	wild_cluster	5.607045622841719e-42	0.11294416243654823	787	12	11-20	0.6443643400857324
ENSMUSG00000023034.8:B1	wild_cluster	7.209885399930968e-32	0.09854640327991054	13414	5	>20	0.6443643400857324
ENSMUSG00000024384.5:B1	wild_cluster	0.0556193764802107	0.4782750735053904	9182	3	>20	0.7890601845572686
ENSMUSG00000024858.15:B1	wild_cluster	0.0003362725121831	0.33474178403755867	4259	4	11-20	0.7337812708493854
ENSMUSG00000025326.13:B1	wild_cluster	0.0091860730838067	0.7374651810584958	4307	9	>20	0.8902030173648443
ENSMUSG00000026020.10:B1	wild_cluster	2.361933963966212e-09	0.15882509303561934	7523	2	11-20	0.6614303193836947
ENSMUSG00000026554.16:B1	wild_cluster	1.1065560098814755e-34	0.19073055773762765	6364	10	>20	0.6713650685322653
ENSMUSG00000026959.14:B3	wild_cluster	1.9577573253911007e-06	0.4069577822069215	5518	7	>20	0.7561586111513262
ENSMUSG00000027589.15:B1	wild_cluster	0.0308830932017751	0.44299248611564845	9182	3	>20	0.7767748006946728
ENSMUSG00000028106.14:B1	wild_cluster	0.0248571597236878	0.6633448088421815	5518	7	>20	0.8633200488841525
ENSMUSG00000028664.15:B1	wild_cluster	1.0704403037346049e-05	0.25346644481419855	3605	1	1-5	0.7091382301709003
ENSMUSG00000029131.15:B1	wild_cluster	3.335111468478734e-06	0.41366189527088243	5518	7	>20	0.7597319775890062
ENSMUSG00000029587.17:B1	wild_cluster	1.0881014286043551e-62	0.10572745227123108	7594	1	11-20	0.6443643400857324
ENSMUSG00000030231.12:B1	wild_cluster	2.46619714182897e-32	0.13861206740351512	5518	7	>20	0.6585723958383003
ENSMUSG00000030898.16:B1	wild_cluster	3.663546617880052e-12	0.24990417784591798	2608	1	>20	0.707808564231738
ENSMUSG00000031592.11:B1	wild_cluster	3.9431311531737615e-34	0.11727891156462585	7349	8	>20	0.6443643400857324
ENSMUSG00000032050.19:B1	wild_cluster	1.0313425615515524e-29	0.22818660940854968	5122	12	>20	0.6983043657362142
ENSMUSG00000032479.16:B1	wild_cluster	9.479591487011609e-34	0.34295816146140246	1696	18	>20	0.7346451309393132
ENSMUSG00000033065.15:B1	wild_cluster	3.605834445297834e-44	0.10777690494893952	6364	10	>20	0.6443643400857324
ENSMUSG00000034021.16:B1	wild_cluster	3.077443206087957e-14	0.45110286941245364	5122	12	>20	0.7778692204099955
ENSMUSG00000034751.18:B1	wild_cluster	8.200915102192993e-81	0.14556962025316456	157	36	>20	0.6614303193836947
ENSMUSG00000035545.14:B1	wild_cluster	2.2776658370337782e-46	0.1135752688172043	1487	11	>20	0.6443643400857324
ENSMUSG00000036503.14:B1	wild_cluster	0.0002056993182262	0.4824120603015075	198	4	1-5	0.7897176352473404
ENSMUSG00000037331.16:B1	wild_cluster	0.7223650903673602	0.8997390980245993	13414	5	>20	0.9661479640492118
ENSMUSG00000038095.16:B1	wild_cluster	4.185453489915329e-15	0.26448979591836735	7349	8	>20	0.7120777874931182
ENSMUSG00000039473.9:B1	wild_cluster	4.739891554703765e-15	0.18011543068713928	9182	3	>20	0.6663135216378222
ENSMUSG00000040390.14:B1	wild_cluster	0.9897050196667831	0.9307317073170732	1024	10	11-20	0.983216578030442
ENSMUSG00000041215.17:B1	wild_cluster	7.131430261009376e-41	0.06953362622507604	11835	4	>20	0.6443643400857324
ENSMUSG00000042228.15:B1	wild_cluster	0.004322505547172	0.27815587266739844	4554	1	6-10	0.715030762442895
ENSMUSG00000043987.19:B1	wild_cluster	0.1782824937755002	0.5835783513013176	9182	3	>20	0.8225410344399884
ENSMUSG00000046658.17:B1	wild_cluster	0.7753790580666471	0.848298572996707	4554	1	6-10	0.941303451806911
ENSMUSG00000049100.16:B1	wild_cluster	1.2865223355319242e-10	0.6264264264264264	1664	14	>20	0.845305673950142
ENSMUSG00000051675.14:B1	wild_cluster	0.7945764938777656	0.8938830686042581	11835	4	>20	0.9627374339363678
ENSMUSG00000054006.15:B1	wild_cluster	0.8752051760394348	0.905159165751921	4554	1	6-10	0.9698750260297038
ENSMUSG00000056267.15:B1	wild_cluster	0.0640638748729367	0.48644233910486767	9182	3	>20	0.7897176352473404
ENSMUSG00000058297.17:B1	wild_cluster	0.1187220535726693	0.9395161290322581	1487	11	>20	0.9876232209794323
ENSMUSG00000060534.17:B1	wild_cluster	0.0775327122502903	0.4358411494711634	5010	3	11-20	0.7726899873905169
ENSMUSG00000062762.18:B1	wild_cluster	0.0010727295657224	0.29842409734689807	5012	2	>20	0.7224608851170397
ENSMUSG00000071324.12:B1	wild_cluster	1.4647901918222037e-95	0.024501520784048665	11835	4	>20	0.6443643400857324
ENSMUSG00000078816.11:B1	wild_cluster	2.837911257464613e-14	0.26200398622938936	5518	7	>20	0.7120777874931182
ENSMUSG00000089824.11:B1	wild_cluster	1.927155273394713e-07	0.2384644055162132	13414	5	>20	0.7005014853601429
ENSMUSG00000109160.2:B1	wild_cluster	0.0	0.029323758228605626	5012	2	>20	0.6443643400857324
ENSMUSG00000026150.15:B1	wild_cluster	2.8131008283910726e-38	0.038914388345639594	5010	3	11-20	0.6443643400857324
ENSMUSG00000026150.15:B2	wild_cluster	0.4334066647026682	0.6564845292955892	7594	1	11-20	0.8599928174007733
ENSMUSG00000026150.15:B3	wild_cluster	0.0053177075191967	0.28495481127060074	7523	2	11-20	0.716584179179599
ENSMUSG00000026150.15:B4	wild_cluster	8.483189761616401e-42	0.06472620946305156	7523	2	11-20	0.6443643400857324
ENSMUSG00000038677.15:B1	wild_cluster	0.0014221094483001	0.2664911125740619	7594	1	11-20	0.7120777874931182
ENSMUSG00000038677.15:B3	wild_cluster	1.1759111332990948e-85	0.06886109282422646	7594	1	11-20	0.6443643400857324
ENSMUSG00000038677.15:B4	wild_cluster	0.0016447948831509	0.26754443712969056	7594	1	11-20	0.7120777874931182
ENSMUSG00000038677.15:B5	wild_cluster	3.036938434148891e-18	0.1089845826687932	7523	2	11-20	0.6443643400857324
ENSMUSG00000014602.16:B1	wild_cluster	8.713001512256987e-37	0.46401799100449775	1333	24	>20	0.7828869440753581
ENSMUSG00000014602.16:B2	wild_cluster	0.0001697402131006	0.7969939488580909	5122	12	>20	0.9180227452783672
ENSMUSG00000014602.16:B4	wild_cluster	9.676047547880316e-12	0.5239117704470037	5122	12	>20	0.8033502824075999
ENSMUSG00000023328.15:B1	wild_cluster	9.155754082902773e-09	0.16463414634146342	1639	2	1-5	0.6614303193836947
ENSMUSG00000023328.15:B2	wild_cluster	0.4615884354999524	0.673044925124792	3605	1	1-5	0.8648340745880303
ENSMUSG00000023328.15:B3	wild_cluster	0.0003322734418442	0.27648363838047696	3605	1	1-5	0.7146939742430115
ENSMUSG00000028760.17:B1	wild_cluster	9.126782318753565e-06	0.5629062209842154	4307	9	>20	0.8140754004263798
ENSMUSG00000028760.17:B2	wild_cluster	8.597385402187112e-06	0.5622098421541318	4307	9	>20	0.8140754004263798
ENSMUSG00000028760.17:B3	wild_cluster	7.9115239150835134e-87	0.11805555555555555	287	27	>20	0.6443643400857324
ENSMUSG00000035168.17:B1	wild_cluster	6.711304392269837e-46	0.24129651860744297	832	20	>20	0.7005421084574607
ENSMUSG00000035168.17:B2	wild_cluster	2.67181788213819e-28	0.2394344069128044	6364	10	>20	0.7005197968362168
ENSMUSG00000035168.17:B3	wild_cluster	0.012418876227947	0.776904948939513	6364	10	>20	0.9086796697273805
ENSMUSG00000049281.17:B1	wild_cluster	1.231569578442972e-10	0.5850234009360374	640	9	11-20	0.8227291869278774
ENSMUSG00000049281.17:B2	wild_cluster	8.13988464597849e-22	0.07064458191977649	5010	3	11-20	0.6443643400857324
ENSMUSG00000049281.17:B3	wild_cluster	0.4204825807458987	0.6976651366992617	5010	3	11-20	0.8762492329020607
ENSMUSG00000002985.17:B1	wild_cluster	7.627910251360437e-35	0.3276370064820271	1696	18	>20	0.7308492580627498
ENSMUSG00000002985.17:B2	wild_cluster	7.155560913077308e-33	0.17293407613741876	4307	9	>20	0.6642188120430711
ENSMUSG00000019467.16:B1	wild_cluster	8.159061311437562e-10	0.11534623827579325	5010	3	11-20	0.6443643400857324
ENSMUSG00000022246.15:B1	wild_cluster	0.0823353633538908	0.47695990424895274	5012	2	>20	0.7890601845572686
ENSMUSG00000022246.15:B2	wild_cluster	0.0062274249856512	0.36680720582598697	2608	1	>20	0.7452850769350146
ENSMUSG00000025969.16:B1	wild_cluster	0.0900193119087046	0.6124673060156931	2293	5	11-20	0.8377426398478087
ENSMUSG00000025969.16:B2	wild_cluster	6.186592147359666e-14	0.5406698564593302	417	15	11-20	0.8097622475650258
ENSMUSG00000028546.18:B2	wild_cluster	0.0014123820730908	0.3655795876985468	11835	4	>20	0.7452850769350146
ENSMUSG00000030779.17:B1	wild_cluster	8.303382375499059e-23	0.5654261704681873	832	20	>20	0.8147515949667276
ENSMUSG00000030779.17:B2	wild_cluster	0.0135723349943236	0.7800471327572663	6364	10	>20	0.9093153926407422
ENSMUSG00000033419.17:B1	wild_cluster	0.0059253227862528	0.5957601014676572	5518	7	>20	0.829011889878857
ENSMUSG00000033419.17:B4	wild_cluster	3.038307704584384e-35	0.12556622576553725	5518	7	>20	0.6443643400857324
ENSMUSG00000038860.16:B1	wild_cluster	1.0815686194783336e-05	0.23917813684420508	5012	2	>20	0.7005197968362168
ENSMUSG00000038860.16:B2	wild_cluster	3.375658111549568e-30	0.2088922958988118	2608	1	>20	0.6855172201020898
ENSMUSG00000042472.12:B1	wild_cluster	4.116938380667644e-30	0.22545383564317784	5122	12	>20	0.6966237040050677
ENSMUSG00000042472.12:B2	wild_cluster	2.4719831472863844e-08	0.3933333333333333	7349	8	>20	0.7545994212484498
ENSMUSG00000054162.16:B1	wild_cluster	5.590011670999014e-10	0.3983606557377049	609	6	6-10	0.7560842414254448
ENSMUSG00000054162.16:B2	wild_cluster	3.391292916300253e-05	0.2679794520547945	1167	3	6-10	0.7120777874931182
ENSMUSG00000071847.14:B1	wild_cluster	0.0165988836509502	0.3488630061009429	3605	1	1-5	0.7395040431069492
ENSMUSG00000071847.14:B2	wild_cluster	0.6093181161642065	0.7384146341463415	1639	2	1-5	0.8902955739131003
ENSMUSG00000001441.14:B1	wild_cluster	7.80176686253247e-23	0.1477450889975099	10842	6	>20	0.6614303193836947
ENSMUSG00000003762.14:B1	wild_cluster	0.0142960566637314	0.4422946941534302	11835	4	>20	0.7767748006946728
ENSMUSG00000005893.15:B1	wild_cluster	1.0858868795000474e-18	0.07822789862302934	5010	3	11-20	0.6443643400857324
ENSMUSG00000009575.15:B1	wild_cluster	4.979813200463598e-32	0.20964278742924067	5122	12	>20	0.6855172201020898
ENSMUSG00000015597.18:B1	wild_cluster	9.910391008595953e-22	0.19564625850340137	7349	8	>20	0.677677641164324
ENSMUSG00000018411.18:B1	wild_cluster	0.0524399419666154	0.6718620308032832	10842	6	>20	0.8640422455639478
ENSMUSG00000020132.11:B1	wild_cluster	7.665826573739385e-177	0.003970936127069956	11835	4	>20	0.6443643400857324
ENSMUSG00000020589.18:B1	wild_cluster	4.144162395412854e-16	0.35742340926944227	6364	10	>20	0.7428782721323877
ENSMUSG00000020992.6:B1	wild_cluster	8.093478082642794e-114	0.009868117679608964	10842	6	>20	0.6443643400857324
ENSMUSG00000021514.19:B1	wild_cluster	0.3171071982524471	0.6696068822824784	9182	3	>20	0.8633200488841525
ENSMUSG00000022142.9:B1	wild_cluster	1.541798941674194e-72	0.02698032961190856	7523	2	11-20	0.6443643400857324
ENSMUSG00000022607.19:B1	wild_cluster	0.0879542145604742	0.4819469379613006	5012	2	>20	0.7896623298374663
ENSMUSG00000023150.15:B1	wild_cluster	3.182362120532275e-35	0.10726342153980181	9182	3	>20	0.6443643400857324
ENSMUSG00000024393.15:B1	wild_cluster	1.3666715503237088e-47	0.10685483870967742	1487	11	>20	0.6443643400857324
ENSMUSG00000024867.15:B1	wild_cluster	1.4456668916593763e-163	0.0012672381662318301	13414	5	>20	0.6443643400857324
ENSMUSG00000025332.15:B1	wild_cluster	2.2021463869656775e-12	0.18105778979384926	11835	4	>20	0.6668646455521224
ENSMUSG00000026027.14:B1	wild_cluster	3.1772034549720296e-33	0.11118370902755091	9182	3	>20	0.6443643400857324
ENSMUSG00000026575.16:B1	wild_cluster	1.3573885992926884e-41	0.09778939344440815	9182	3	>20	0.6443643400857324
ENSMUSG00000026970.17:B1	wild_cluster	0.0011311882540289	0.24047096387946518	5010	3	11-20	0.7005421084574607
ENSMUSG00000027598.17:B1	wild_cluster	1.4066481805729709e-33	0.09295564666418188	13414	5	>20	0.6443643400857324
ENSMUSG00000028127.11:B1	wild_cluster	0.0001290358852968	0.31502347417840376	4259	4	11-20	0.7266310461423763
ENSMUSG00000028683.15:B1	wild_cluster	2.0994328885365093e-80	0.030264629146477824	13414	5	>20	0.6443643400857324
ENSMUSG00000029148.16:B1	wild_cluster	0.4465196000169087	0.6643844634628044	7594	1	11-20	0.8633200488841525
ENSMUSG00000029608.11:B1	wild_cluster	0.0142373138940565	0.6903401360544218	7349	8	>20	0.873090735148179
ENSMUSG00000030232.19:B1	wild_cluster	1.8084766559855693e-21	0.45558375634517767	787	12	11-20	0.7800160213149454
ENSMUSG00000030930.15:B1	wild_cluster	0.100433588167203	0.41184990125082294	7594	1	11-20	0.7582625536542588
ENSMUSG00000031600.12:B1	wild_cluster	9.555743700343557e-13	0.22816563681637922	10842	6	>20	0.6983043657362142
ENSMUSG00000032482.10:B2	wild_cluster	2.219435596066436e-06	0.2583674990682072	13414	5	>20	0.7109417935409196
ENSMUSG00000033066.18:B1	wild_cluster	2.8888213926449363e-37	0.4580209895052474	1333	24	>20	0.781193178508867
ENSMUSG00000034022.9:B1	wild_cluster	0.844937278613227	0.8992758393680053	7594	1	11-20	0.9661479640492118
ENSMUSG00000034771.16:B1	wild_cluster	0.7600021786814238	0.8751246758428087	5012	2	>20	0.9536016826440301
ENSMUSG00000035614.12:B1	wild_cluster	0.0049040297910995	0.4027581065970928	13414	5	>20	0.7560842414254448
ENSMUSG00000036529.18:B1	wild_cluster	7.828486696447923e-09	0.3388294980974814	5518	7	>20	0.7337812708493854
ENSMUSG00000037348.16:B1	wild_cluster	0.5539108503143932	0.7312705727452271	7594	1	11-20	0.8885332140836532
ENSMUSG00000038102.16:B1	wild_cluster	8.253944122314007e-12	0.187056437985806	11835	4	>20	0.6701112877583466
ENSMUSG00000038594.10:B1	wild_cluster	3.467986006487603e-21	0.12118691070438159	3605	1	1-5	0.6443643400857324
ENSMUSG00000039474.14:B1	wild_cluster	0.7594138225734988	0.8770704450209539	5010	3	11-20	0.9552588955460777
ENSMUSG00000040412.18:B1	wild_cluster	7.738355591677469e-26	0.13903849990025932	5012	2	>20	0.6585723958383003
ENSMUSG00000041216.16:B1	wild_cluster	1.5626439461517311e-30	0.14821525638702662	5518	7	>20	0.6614303193836947
ENSMUSG00000042249.12:B1	wild_cluster	0.0171170275920433	0.5948538227427833	10842	6	>20	0.8287388038394541
ENSMUSG00000044033.17:B1	wild_cluster	9.470033514002026e-07	0.1407035175879397	198	4	1-5	0.6589614740368509
ENSMUSG00000046699.15:B1	wild_cluster	0.0732456736505529	0.4591797623610579	2608	1	>20	0.781405076296486
ENSMUSG00000049122.18:B1	wild_cluster	0.0128330272198677	0.40411630186213654	9182	3	>20	0.7560842414254448
ENSMUSG00000051768.10:B1	wild_cluster	3.2131812327641655e-291	0.09927175162897663	2608	1	>20	0.6443643400857324
ENSMUSG00000054013.7:B1	wild_cluster	5.347239422106465e-154	0.007244785949506037	4554	1	6-10	0.6443643400857324
ENSMUSG00000056268.16:B1	wild_cluster	0.620544871118901	0.9482358402971216	4307	9	>20	0.9914577530176416
ENSMUSG00000058301.9:B1	wild_cluster	4.008237727223231e-09	0.21248732679959445	11835	4	>20	0.6855172201020898
ENSMUSG00000060548.14:B1	wild_cluster	0.1075073660886196	0.4458921462178791	2762	2	6-10	0.7767748006946728
ENSMUSG00000062825.16:B1	wild_cluster	0.0101796789445975	0.476460331299041	2293	5	11-20	0.7890601845572686
ENSMUSG00000071337.12:B1	wild_cluster	2.073405076301459e-26	0.17557528537778583	5518	7	>20	0.6642188120430711
ENSMUSG00000078886.13:B1	wild_cluster	4.112293690299063e-51	0.17477960904561135	2608	1	>20	0.6642188120430711
ENSMUSG00000089982.8:B1	wild_cluster	0.142262306918076	0.4477946017116524	7594	1	11-20	0.7773299340909611
ENSMUSG00000109321.2:B1	wild_cluster	0.0554379700197221	0.4779483828814113	9182	3	>20	0.7890601845572686
ENSMUSG00000026632.18:B1	wild_cluster	0.0002163778195293	0.327475498479216	11835	4	>20	0.7308492580627498
ENSMUSG00000026632.18:B2	wild_cluster	3.008661573063269e-54	0.048435374149659864	7349	8	>20	0.6443643400857324
ENSMUSG00000026632.18:B3	wild_cluster	0.0239609501424629	0.46679621493747886	11835	4	>20	0.7845549469845196
ENSMUSG00000026632.18:B4	wild_cluster	3.814393687191046e-05	0.29765123352483946	11835	4	>20	0.7218122685694057
ENSMUSG00000039205.17:B1	wild_cluster	3.909088012297664e-24	0.24071494893221912	4307	9	>20	0.7005421084574607
ENSMUSG00000039205.17:B2	wild_cluster	1.188402468501137e-11	0.2026570837416966	9182	3	>20	0.6850553462968648
ENSMUSG00000039205.17:B3	wild_cluster	0.0085326632353085	0.3906130894043341	9182	3	>20	0.7545994212484498
ENSMUSG00000039205.17:B5	wild_cluster	0.0038925398718466	0.3667646738538604	9182	3	>20	0.7452850769350146
ENSMUSG00000014959.13:B1	wild_cluster	0.3747662701853056	0.7004246978111728	9182	3	>20	0.8765844221097139
ENSMUSG00000014959.13:B2	wild_cluster	2.660879471956298e-29	0.12468692148535337	9182	3	>20	0.6443643400857324
ENSMUSG00000014959.13:B3	wild_cluster	3.948959023799382e-28	0.08823529411764706	2345	6	11-20	0.6443643400857324
ENSMUSG00000023452.20:B1	wild_cluster	2.20992143424676e-23	0.1453472286267638	10842	6	>20	0.6614303193836947
ENSMUSG00000023452.20:B2	wild_cluster	0.9001102895394727	0.940651203310465	9182	3	>20	0.9881233201130493
ENSMUSG00000023452.20:B3	wild_cluster	0.9001109976246843	0.940651203310465	9182	3	>20	0.9881233201130493
ENSMUSG00000028782.15:B1	wild_cluster	5.013445552697559e-08	0.8358803986710963	1504	16	>20	0.936019495000062
ENSMUSG00000028782.15:B3	wild_cluster	4.995374681407896e-08	0.8358803986710963	1504	16	>20	0.936019495000062
ENSMUSG00000028782.15:B4	wild_cluster	0.6747491983038078	0.9455782312925171	7349	8	>20	0.9910804473508007
ENSMUSG00000035203.17:B1	wild_cluster	7.978436848469054e-06	0.5778476040848389	6364	10	>20	0.8192253089754387
ENSMUSG00000035203.17:B2	wild_cluster	0.0048893077900286	0.40253447633246364	13414	5	>20	0.7560842414254448
ENSMUSG00000035203.17:B3	wild_cluster	0.0058946951708723	0.4094670145359672	13414	5	>20	0.7572865887921466
ENSMUSG00000049336.17:B1	wild_cluster	0.0806023108693133	0.782312925170068	7349	8	>20	0.910504507264982
ENSMUSG00000049336.17:B2	wild_cluster	1.0	1.0	7349	8	>20	1.0
ENSMUSG00000049336.17:B3	wild_cluster	6.237312719507852e-60	0.05249169435215947	1504	16	>20	0.6443643400857324
ENSMUSG00000003233.13:B1	wild_cluster	3.157187209622854e-05	0.2915492957746479	4259	4	11-20	0.716584179179599
ENSMUSG00000003233.13:B2	wild_cluster	0.7405183167875918	0.86217437533227	7523	2	11-20	0.947442215539144
ENSMUSG00000019647.17:B1	wild_cluster	2.731088101940348e-07	0.7804568527918782	787	12	11-20	0.9095215163691769
ENSMUSG00000019647.17:B2	wild_cluster	2.6241316135431514e-35	0.050234741784037557	4259	4	11-20	0.6443643400857324
ENSMUSG00000022361.15:B1	wild_cluster	1.1024699747005958e-09	0.30647911338448425	2345	6	11-20	0.7244864969571635
ENSMUSG00000022361.15:B3	wild_cluster	0.0030566456793877	0.26681301137497504	5010	3	11-20	0.7120777874931182
ENSMUSG00000026014.16:B2	wild_cluster	4.4582206637802734e-46	0.11559139784946236	1487	11	>20	0.6443643400857324
ENSMUSG00000028552.14:B1	wild_cluster	0.0008310802179235	0.7411668036154478	1216	8	11-20	0.8915949955812077
ENSMUSG00000028552.14:B2	wild_cluster	0.0052018320562057	0.4215962441314554	4259	4	11-20	0.7633897356484186
ENSMUSG00000030816.9:B1	wild_cluster	0.0131645235428562	0.31525784157363107	7523	2	11-20	0.7266310461423763
ENSMUSG00000038902.15:B2	wild_cluster	0.9567213189601737	0.9774083546462063	2345	6	11-20	1.0
ENSMUSG00000038902.15:B3	wild_cluster	0.7929785006265604	0.8940331271203352	5010	3	11-20	0.9627374339363678
ENSMUSG00000042557.15:B2	wild_cluster	1.125332256390638e-11	0.18606038017144988	13414	5	>20	0.6701112877583466
ENSMUSG00000054477.17:B1	wild_cluster	0.0561729305184691	0.7609523809523809	7349	8	>20	0.9001896691216927
ENSMUSG00000054477.17:B2	wild_cluster	0.7652238923915957	0.8803649881716796	11835	4	>20	0.9572162288980376
ENSMUSG00000071984.13:B1	wild_cluster	0.0096275421724902	0.393879995644125	9182	3	>20	0.7545994212484498
ENSMUSG00000071984.13:B2	wild_cluster	0.0096275416900202	0.3937710987694653	9182	3	>20	0.7545994212484498
ENSMUSG00000001472.18:B1	wild_cluster	4.8446229247407145e-12	0.5147374585203982	5122	12	>20	0.8006610969250729
ENSMUSG00000003778.15:B1	wild_cluster	0.0467498362484656	0.3927359808421473	5010	3	11-20	0.7545994212484498
ENSMUSG00000006005.19:B1	wild_cluster	8.892885693172832e-130	0.0005442176870748299	7349	8	>20	0.6117006802721088
ENSMUSG00000009681.11:B1	wild_cluster	0.3021180462093346	0.7245620573984346	13414	5	>20	0.8859480582168512
ENSMUSG00000015599.10:B1	wild_cluster	9.941520940948431e-07	0.3968110164884943	5518	7	>20	0.7554197301289071
ENSMUSG00000018427.9:B1	wild_cluster	5.797969868759715e-290	0.03710353081986834	5012	2	>20	0.6443643400857324
ENSMUSG00000020134.14:B1	wild_cluster	1.7080851546212678e-35	0.11319727891156463	7349	8	>20	0.6443643400857324
ENSMUSG00000020590.17:B1	wild_cluster	2.4150081283125646e-32	0.17688022284122562	4307	9	>20	0.6642188120430711
ENSMUSG00000021007.15:B1	wild_cluster	1.962786842253737e-19	0.1360256843528219	11835	4	>20	0.6545894073694235
ENSMUSG00000021546.19:B1	wild_cluster	1.7836905774199553e-22	0.06725204549990021	5010	3	11-20	0.6443643400857324
ENSMUSG00000022186.15:B1	wild_cluster	0.6937852650907601	0.8898248229593738	13414	5	>20	0.9609724669452555
ENSMUSG00000022621.17:B1	wild_cluster	0.0727306242759209	0.38130348913759055	7594	1	11-20	0.7515598212949701
ENSMUSG00000023456.17:B1	wild_cluster	0.0965573133090407	0.6220575414123801	2293	5	11-20	0.8427420286014442
ENSMUSG00000024400.17:B1	wild_cluster	1.9677811764603283e-27	0.10037174721189591	11835	4	>20	0.6443643400857324
ENSMUSG00000025340.15:B1	wild_cluster	1.1769038297825116e-16	0.15469753295032104	11835	4	>20	0.6614303193836947
ENSMUSG00000026028.13:B1	wild_cluster	1.3570621219012989e-167	0.0008945210585165859	13414	5	>20	0.6443643400857324
ENSMUSG00000026584.15:B1	wild_cluster	1.0185548329416572e-137	0.02341282805183491	9182	3	>20	0.6443643400857324
ENSMUSG00000026972.16:B1	wild_cluster	0.0183507914614666	0.30998902305159165	4554	1	6-10	0.7244864969571635
ENSMUSG00000027618.18:B1	wild_cluster	7.033543037877576e-05	0.21668496158068057	4554	1	6-10	0.6870349698637093
ENSMUSG00000028136.16:B1	wild_cluster	1.1225216674700177e-07	0.5129615082482325	6364	10	>20	0.8001196196168145
ENSMUSG00000028691.13:B1	wild_cluster	0.5492136471333432	0.7490293954520244	3605	1	1-5	0.895616770286161
ENSMUSG00000029151.15:B1	wild_cluster	2.82625560082796e-17	0.16628552760535772	9182	3	>20	0.6614303193836947
ENSMUSG00000029629.18:B1	wild_cluster	0.519573104381748	0.7843866171003717	11835	4	>20	0.9113647727518189
ENSMUSG00000030235.18:B1	wild_cluster	0.0164958582895665	0.3488630061009429	3605	1	1-5	0.7395040431069492
ENSMUSG00000030946.14:B1	wild_cluster	0.449332639756441	0.7134304530033926	5010	3	11-20	0.8818338120620783
ENSMUSG00000031605.9:B1	wild_cluster	0.556445656533544	0.7344305464121132	7594	1	11-20	0.8891319096850625
ENSMUSG00000032076.21:B1	wild_cluster	0.0084558837195032	0.4198208854342683	11835	4	>20	0.7625539491661092
ENSMUSG00000032504.16:B1	wild_cluster	0.1450095419359447	0.4817916002126528	7523	2	11-20	0.7896623298374663
ENSMUSG00000033147.17:B1	wild_cluster	0.5874563289254846	0.8055101818577807	9182	3	>20	0.9211913768825801
ENSMUSG00000034024.9:B1	wild_cluster	0.0302462794798199	0.5287707061900611	2293	5	11-20	0.804716434469645
ENSMUSG00000034799.17:B1	wild_cluster	1.925298724277834e-06	0.5366759517177344	4307	9	>20	0.8083565472396936
ENSMUSG00000035615.13:B1	wild_cluster	0.2745751723398141	0.6451050854840467	9182	3	>20	0.8561895981180788
ENSMUSG00000036545.10:B1	wild_cluster	7.967563843553636e-23	0.12149374788779993	11835	4	>20	0.6443643400857324
ENSMUSG00000037355.15:B1	wild_cluster	4.810461168736325e-26	0.10679283541737074	11835	4	>20	0.6443643400857324
ENSMUSG00000038119.16:B1	wild_cluster	0.0272756582533053	0.4850540439806187	13414	5	>20	0.7897176352473404
ENSMUSG00000038611.18:B1	wild_cluster	0.1058626703689641	0.7250760859540718	10842	6	>20	0.8863355308454341
ENSMUSG00000039501.15:B1	wild_cluster	2.50411338792103e-08	0.22237242311591754	11835	4	>20	0.6921980188289953
ENSMUSG00000040423.12:B1	wild_cluster	0.5018438092340105	0.8171361502347417	4259	4	11-20	0.927353061685384
ENSMUSG00000041220.11:B1	wild_cluster	7.521029508597596e-17	0.11456671982987772	7523	2	11-20	0.6443643400857324
ENSMUSG00000042272.18:B1	wild_cluster	0.4760905270346404	0.7486660132854187	9182	3	>20	0.8954515551293541
ENSMUSG00000044098.15:B1	wild_cluster	1.263212973607663e-38	0.10225416530545574	9182	3	>20	0.6443643400857324
ENSMUSG00000046707.10:B1	wild_cluster	6.671069405662241e-08	0.23815746488075792	9182	3	>20	0.7005014853601429
ENSMUSG00000049191.13:B1	wild_cluster	0.5470914768670622	0.745146977260122	3605	1	1-5	0.8938582736823661
ENSMUSG00000051790.16:B1	wild_cluster	2.0181317566282843e-16	0.3527101335428123	6364	10	>20	0.7428782721323877
ENSMUSG00000054199.19:B1	wild_cluster	0.0267555762899796	0.4837868058143869	13414	5	>20	0.7897176352473404
ENSMUSG00000056310.15:B1	wild_cluster	0.0217667709245191	0.46138898276444745	11835	4	>20	0.782346680796986
ENSMUSG00000058325.7:B1	wild_cluster	1.97923528449476e-05	0.21382488479262673	7594	1	11-20	0.6855172201020898
ENSMUSG00000060657.9:B1	wild_cluster	0.0165756636104729	0.5928248639675366	10842	6	>20	0.8285538438856997
ENSMUSG00000062866.17:B1	wild_cluster	2.95560453044715e-85	0.010884353741496598	7349	8	>20	0.6443643400857324
ENSMUSG00000067851.12:B1	wild_cluster	9.839521542477157e-104	0.004684755026351747	5122	12	>20	0.6443643400857324
ENSMUSG00000079055.11:B1	wild_cluster	0.0580832456503715	0.7557377049180328	609	6	6-10	0.8988880215109725
ENSMUSG00000090053.10:B1	wild_cluster	0.004444247362103	0.2799043062200957	7523	2	11-20	0.716584179179599
ENSMUSG00000109336.2:B1	wild_cluster	5.82940087181108e-24	0.08873239436619719	4259	4	11-20	0.6443643400857324
ENSMUSG00000026790.20:B1	wild_cluster	2.152116233620869e-34	0.275	159	16	11-20	0.7143986285913825
ENSMUSG00000026790.20:B2	wild_cluster	0.0099095427367112	0.4274248056775938	11835	4	>20	0.7685905578775247
ENSMUSG00000026790.20:B3	wild_cluster	0.0005044407776718	0.3417539709361271	11835	4	>20	0.7340257026294947
ENSMUSG00000026790.20:B5	wild_cluster	9.24006547267595e-22	0.19564625850340137	7349	8	>20	0.677677641164324
ENSMUSG00000040669.15:B1	wild_cluster	1.0	1.0	35	24	11-20	1.0
ENSMUSG00000040669.15:B2	wild_cluster	2.25699041255628e-18	0.1433761405880365	11835	4	>20	0.6614288040064168
ENSMUSG00000040669.15:B3	wild_cluster	1.0	1.0	5122	12	>20	1.0
ENSMUSG00000040669.15:B4	wild_cluster	1.0	1.0	32	17	11-20	1.0
ENSMUSG00000015968.19:B1	wild_cluster	3.1710079513254217e-29	0.23228577005660744	5122	12	>20	0.6983043657362142
ENSMUSG00000015968.19:B2	wild_cluster	1.9791276461975847e-10	0.19770192632646164	11835	4	>20	0.6800825254504755
ENSMUSG00000015968.19:B3	wild_cluster	7.757045021853203e-05	0.30897262588712404	11835	4	>20	0.7244864969571635
ENSMUSG00000023951.19:B1	wild_cluster	0.0435428534970202	0.377591706539075	7523	2	11-20	0.7511518176361769
ENSMUSG00000023951.19:B2	wild_cluster	0.0205141600753473	0.3404510077828777	5010	3	11-20	0.7337812708493854
ENSMUSG00000023951.19:B3	wild_cluster	0.1463283322293627	0.5222421703570717	5012	2	>20	0.8032253458102916
ENSMUSG00000028789.17:B1	wild_cluster	0.0028814989801728	0.6611253196930946	2345	6	11-20	0.8625847459567468
ENSMUSG00000028789.17:B2	wild_cluster	0.0031840554549624	0.26741169427260025	5010	3	11-20	0.7120777874931182
ENSMUSG00000028789.17:B3	wild_cluster	2.440123351736945e-05	0.18199960087806824	5010	3	11-20	0.6668646455521224
ENSMUSG00000035242.16:B1	wild_cluster	0.0814685520384762	0.43841463414634146	1639	2	1-5	0.7751129355571966
ENSMUSG00000035242.16:B2	wild_cluster	0.5691397468375904	0.7628951747088186	3605	1	1-5	0.9012024975015366
ENSMUSG00000035242.16:B3	wild_cluster	0.0492356699676982	0.38186356073211314	3605	1	1-5	0.7518464618545235
ENSMUSG00000050043.17:B1	wild_cluster	9.971582220336876e-09	0.1676829268292683	1639	2	1-5	0.6614303193836947
ENSMUSG00000050043.17:B2	wild_cluster	0.5631687491267882	0.7612312811980033	3605	1	1-5	0.9001896691216927
ENSMUSG00000050043.17:B3	wild_cluster	1.162266079878507e-28	0.07182473655019413	3605	1	1-5	0.6443643400857324
ENSMUSG00000003847.17:B1	wild_cluster	1.2719644561967774e-22	0.4079734219269103	1504	16	>20	0.7565832703302523
ENSMUSG00000019828.14:B1	wild_cluster	0.0005075104325544	0.8190513371071638	5122	12	>20	0.9282719464668033
ENSMUSG00000019828.14:B2	wild_cluster	0.0133379074710702	0.5788066033385595	10842	6	>20	0.8193685417538299
ENSMUSG00000022471.15:B2	wild_cluster	2.1564601499011395e-35	0.07992565055762081	11835	4	>20	0.6443643400857324
ENSMUSG00000026193.16:B1	wild_cluster	5.906435802384342e-05	0.2375	159	6	1-5	0.7005014853601429
ENSMUSG00000028565.19:B1	wild_cluster	4.2257583913068265e-06	0.4352088661551577	2345	6	11-20	0.7724828512568452
ENSMUSG00000028565.19:B4	wild_cluster	5.1090135119859546e-08	0.20526630760023937	5012	2	>20	0.685396970798245
ENSMUSG00000030846.16:B1	wild_cluster	0.0009134181071774	0.6659702878365831	4307	9	>20	0.8633200488841525
ENSMUSG00000030846.16:B4	wild_cluster	0.4661675070768901	0.8760490639122014	10842	6	>20	0.9543776572205614
ENSMUSG00000033569.18:B1	wild_cluster	6.115729663056397e-63	0.09074837949322334	1696	18	>20	0.6443643400857324
ENSMUSG00000033569.18:B2	wild_cluster	3.283232123030995e-37	0.16767519031817293	5122	12	>20	0.6614303193836947
ENSMUSG00000038909.17:B1	wild_cluster	0.0014608313249825	0.4932214331826985	10842	6	>20	0.7915217353458331
ENSMUSG00000038909.17:B3	wild_cluster	0.0007833354303738	0.4743152264133542	10842	6	>20	0.7890601845572686
ENSMUSG00000042671.13:B2	wild_cluster	0.0567092070634471	0.4051087607264019	5010	3	11-20	0.7560842414254448
ENSMUSG00000054611.18:B1	wild_cluster	0.0171710309499837	0.4607528885575848	13414	5	>20	0.782346680796986
ENSMUSG00000054611.18:B2	wild_cluster	2.0603594049484187e-49	0.07336999214454046	6364	10	>20	0.6443643400857324
ENSMUSG00000001521.13:B1	wild_cluster	1.069238319657298e-58	0.05349073134741308	10842	6	>20	0.6443643400857324
ENSMUSG00000003808.19:B1	wild_cluster	0.0002837467052355	0.3103560927801372	9182	3	>20	0.7244864969571635
ENSMUSG00000006058.11:B1	wild_cluster	0.2525404047514132	0.5231073074391047	7594	1	11-20	0.8032412753573137
ENSMUSG00000009733.10:B1	wild_cluster	1.269873048110763e-125	0.007941872254139911	11835	4	>20	0.6443643400857324
ENSMUSG00000018474.19:B1	wild_cluster	1.8910751611886604e-23	0.2888932266250244	5122	12	>20	0.716584179179599
ENSMUSG00000020135.14:B1	wild_cluster	0.0069053688888532	0.5496633772941067	10842	6	>20	0.8121217694098929
ENSMUSG00000020598.17:B1	wild_cluster	2.2255786913587826e-12	0.30149659863945577	7349	8	>20	0.7241072155357869
ENSMUSG00000021038.18:B1	wild_cluster	8.045716286653005e-26	0.1359032995753022	9182	3	>20	0.6545894073694235
ENSMUSG00000021557.16:B1	wild_cluster	1.2567707823763375e-27	0.6462585034013606	440	22	>20	0.8561895981180788
ENSMUSG00000022191.17:B1	wild_cluster	0.262072263999713	0.7027208348863213	13414	5	>20	0.876714492999416
ENSMUSG00000022629.18:B1	wild_cluster	0.0796354827249608	0.8317084493964717	4307	9	>20	0.9344330805976538
ENSMUSG00000023473.14:B1	wild_cluster	8.321268165061375e-10	0.2772295490177995	10842	6	>20	0.7146939742430115
ENSMUSG00000024403.17:B1	wild_cluster	4.725217099397778e-22	0.2912804399057345	6364	10	>20	0.716584179179599
ENSMUSG00000024883.9:B1	wild_cluster	5.87994340005282e-79	0.03130823704808051	13414	5	>20	0.6443643400857324
ENSMUSG00000026058.12:B1	wild_cluster	0.5809454203451565	0.7596780375622844	2608	1	>20	0.900032009996645
ENSMUSG00000026585.14:B1	wild_cluster	3.743838626796191e-05	0.409849672599834	10842	6	>20	0.7575435030523171
ENSMUSG00000027620.17:B1	wild_cluster	0.0007874691855987	0.5162167059249864	5518	7	>20	0.8009346316255707
ENSMUSG00000028149.13:B1	wild_cluster	4.20147418745784e-43	0.10561745589600743	4307	9	>20	0.6443643400857324
ENSMUSG00000028693.16:B1	wild_cluster	3.829907746036957e-05	0.28552760535772626	9182	3	>20	0.716584179179599
ENSMUSG00000029152.14:B1	wild_cluster	0.0005664175101056	0.2372408293460925	7523	2	11-20	0.7005014853601429
ENSMUSG00000029635.16:B1	wild_cluster	4.2272806709861466e-49	0.10325980870583643	5122	12	>20	0.6443643400857324
ENSMUSG00000030237.15:B1	wild_cluster	0.8719991769299906	0.9179145867997781	3605	1	1-5	0.9758675767916298
ENSMUSG00000031618.14:B1	wild_cluster	0.7251478720384508	0.8543328017012227	7523	2	11-20	0.9435225439569387
ENSMUSG00000032086.13:B1	wild_cluster	0.1895099450566842	0.7786590427003597	10842	6	>20	0.9093153926407422
ENSMUSG00000032512.8:B1	wild_cluster	0.0061408958304581	0.3808123706849613	9182	3	>20	0.7515598212949701
ENSMUSG00000033174.18:B1	wild_cluster	0.000119250430959	0.5319727891156463	7349	8	>20	0.8058683243567343
ENSMUSG00000034037.15:B1	wild_cluster	0.0015269433512976	0.3103161397670549	3605	1	1-5	0.7244864969571635
ENSMUSG00000034818.18:B1	wild_cluster	0.005987204331676	0.5968472549374887	5518	7	>20	0.829754254235915
ENSMUSG00000035620.16:B1	wild_cluster	0.1618828656562056	0.4921584263689527	7523	2	11-20	0.7911134375955706
ENSMUSG00000036550.17:B1	wild_cluster	0.3702494644036522	0.7565411852404025	13414	5	>20	0.8990464687856649
ENSMUSG00000037364.13:B1	wild_cluster	3.202943153444013e-47	0.0674829931972789	7349	8	>20	0.6443643400857324
ENSMUSG00000038126.18:B1	wild_cluster	0.0943353334252385	0.5193291952520963	9182	3	>20	0.8020968951746564
ENSMUSG00000038619.13:B1	wild_cluster	2.573549102163446e-09	0.2877432444895324	10842	6	>20	0.716584179179599
ENSMUSG00000039515.12:B1	wild_cluster	9.137581513317948e-31	0.31725888324873097	787	12	11-20	0.7266310461423763
ENSMUSG00000040424.16:B1	wild_cluster	0.4360580871106178	0.6761211192027596	2608	1	>20	0.8653118565145481
ENSMUSG00000041245.14:B1	wild_cluster	0.4013783426630089	0.666304741223308	2762	2	6-10	0.8633200488841525
ENSMUSG00000042302.15:B1	wild_cluster	1.0	1.0	11835	4	>20	1.0
ENSMUSG00000044117.13:B1	wild_cluster	0.9455519460724368	0.9677972418934029	13414	5	>20	1.0
ENSMUSG00000046785.9:B1	wild_cluster	2.100687463751997e-07	0.23615023474178404	4259	4	11-20	0.6995335185172045
ENSMUSG00000049252.18:B1	wild_cluster	7.357292082931551e-26	0.6666666666666666	287	27	>20	0.8633200488841525
ENSMUSG00000052040.11:B1	wild_cluster	0.0001518614350466	0.5379591836734694	7349	8	>20	0.808861702947904
ENSMUSG00000054226.14:B1	wild_cluster	4.0220837566348446e-16	0.1431924882629108	4259	4	11-20	0.6614288040064168
ENSMUSG00000058441.8:B1	wild_cluster	0.995082614523808	0.990829346092504	7523	2	11-20	1.0
ENSMUSG00000060671.13:B1	wild_cluster	0.0788449889719919	0.5036480453010999	9182	3	>20	0.7976053581098079
ENSMUSG00000062995.13:B1	wild_cluster	0.4784361038678139	0.7289048473967684	5012	2	>20	0.8885332140836532
ENSMUSG00000067873.12:B1	wild_cluster	0.4129815592405414	0.69327479545001	5010	3	11-20	0.8750066871431602
ENSMUSG00000071477.11:B1	wild_cluster	0.2101176531040609	0.5635601676312113	5010	3	11-20	0.8140754004263798
ENSMUSG00000079157.5:B1	wild_cluster	1.0	1.0	13414	5	>20	1.0
ENSMUSG00000090077.10:B1	wild_cluster	2.77979642141449e-123	0.03201568114995099	9182	3	>20	0.6443643400857324
ENSMUSG00000109394.3:B1	wild_cluster	0.1419491479691427	0.8586350974930362	4307	9	>20	0.9457142304212337
ENSMUSG00000027012.16:B1	wild_cluster	1.0	1.0	5122	12	>20	1.0
ENSMUSG00000027012.16:B2	wild_cluster	3.760214362096174e-15	0.199391312367426	10842	6	>20	0.6828427905627187
ENSMUSG00000027012.16:B3	wild_cluster	0.0122770929012319	0.5748409111869409	10842	6	>20	0.8180063183645145
ENSMUSG00000027012.16:B5	wild_cluster	0.2129869236908489	0.7905561191552154	10842	6	>20	0.91478427036571
ENSMUSG00000040687.17:B1	wild_cluster	0.395257197957919	0.8573273079406069	10842	6	>20	0.9453797378772596
ENSMUSG00000040687.17:B2	wild_cluster	5.998672776121118e-11	0.2544498754957115	10842	6	>20	0.7098356155184639
ENSMUSG00000040687.17:B4	wild_cluster	0.0067584599973328	0.5491100249008577	10842	6	>20	0.8121217694098929
ENSMUSG00000040687.17:B5	wild_cluster	2.215677870946173e-48	0.20506776664702417	1696	18	>20	0.685396970798245
ENSMUSG00000016346.18:B1	wild_cluster	0.5192208662723214	0.7843866171003717	11835	4	>20	0.9113647727518189
ENSMUSG00000016346.18:B3	wild_cluster	0.6032662411935291	0.8215613382899628	11835	4	>20	0.9301787401036699
ENSMUSG00000016346.18:B5	wild_cluster	9.716220499412364e-28	0.3335548172757475	1504	16	>20	0.7337812708493854
ENSMUSG00000024050.19:B1	wild_cluster	3.31881324093476e-06	0.5606557377049181	609	6	6-10	0.8140754004263798
ENSMUSG00000024050.19:B2	wild_cluster	5.996577684366751e-07	0.23373287671232876	1167	3	6-10	0.6983043657362142
ENSMUSG00000024050.19:B3	wild_cluster	0.3646320163811258	0.6663340650568749	5010	3	11-20	0.8633200488841525
ENSMUSG00000028809.17:B1	wild_cluster	1.6251664284187817e-43	0.3877551020408163	440	22	>20	0.7545994212484498
ENSMUSG00000028809.17:B2	wild_cluster	0.0084235411062723	0.8541666666666666	1487	11	>20	0.9435225439569387
ENSMUSG00000028809.17:B3	wild_cluster	4.9531761401442135e-48	0.10483870967741936	1487	11	>20	0.6443643400857324
ENSMUSG00000035342.15:B2	wild_cluster	0.3220296993063342	0.5521353300055463	3605	1	1-5	0.8136350192412115
ENSMUSG00000035342.15:B4	wild_cluster	0.6889084327169833	0.8036585365853659	1639	2	1-5	0.9202155296604343
ENSMUSG00000050334.14:B1	wild_cluster	6.834934059631961e-37	0.35414165666266506	832	20	>20	0.7428782721323877
ENSMUSG00000050334.14:B2	wild_cluster	4.114084470398408e-07	0.24368244502422662	13414	5	>20	0.7027141971312959
ENSMUSG00000050334.14:B3	wild_cluster	6.299821726321235e-39	0.2300578034682081	864	15	>20	0.6983043657362142
ENSMUSG00000004056.16:B1	wild_cluster	0.0152106307481207	0.35973597359735976	302	3	1-5	0.7428782721323877
ENSMUSG00000004056.16:B2	wild_cluster	0.1880621488935443	0.47705817782656423	4554	1	6-10	0.7890601845572686
ENSMUSG00000019843.15:B1	wild_cluster	1.0	1.0	32	16	1-5	1.0
ENSMUSG00000019843.15:B2	wild_cluster	6.687657629475698e-07	0.5398520953163517	1216	8	11-20	0.8097622475650258
ENSMUSG00000022477.14:B1	wild_cluster	1.5377691927469836e-59	0.03850340136054422	7349	8	>20	0.6443643400857324
ENSMUSG00000022477.14:B2	wild_cluster	4.413159704149573e-55	0.07774086378737542	1504	16	>20	0.6443643400857324
ENSMUSG00000026203.17:B1	wild_cluster	4.848268772654933e-05	0.5068201193520887	2345	6	11-20	0.7995309672305231
ENSMUSG00000026203.17:B2	wild_cluster	0.5846794011753794	0.7846737178207942	5010	3	11-20	0.9113647727518189
ENSMUSG00000028573.19:B1	wild_cluster	1.393423387162521e-06	0.5464257659073056	6364	10	>20	0.8114009026041947
ENSMUSG00000028573.19:B2	wild_cluster	0.0058419497596583	0.409168840849795	13414	5	>20	0.7572865887921466
ENSMUSG00000031026.16:B2	wild_cluster	0.276899670232625	0.6711726934775262	11835	4	>20	0.8634026981044228
ENSMUSG00000033713.13:B1	wild_cluster	1.1057159485187189e-55	0.04585034013605442	7349	8	>20	0.6443643400857324
ENSMUSG00000033713.13:B2	wild_cluster	1.401199740353713e-33	0.08415005069280163	11835	4	>20	0.6443643400857324
ENSMUSG00000038914.16:B1	wild_cluster	3.2356573168327535e-12	0.23462141473761874	10842	6	>20	0.6983043657362142
ENSMUSG00000038914.16:B2	wild_cluster	2.0252722795540355e-43	0.1317587351161429	5122	12	>20	0.6488360055664605
ENSMUSG00000042675.16:B1	wild_cluster	3.5186508257092444e-08	0.14049091997605268	5010	3	11-20	0.6589614740368509
ENSMUSG00000042675.16:B2	wild_cluster	0.075317332471054	0.4160021265284423	7523	2	11-20	0.7614821193160489
ENSMUSG00000054976.15:B1	wild_cluster	6.483386699106096e-05	0.5178231292517007	7349	8	>20	0.8013464944733524
ENSMUSG00000054976.15:B2	wild_cluster	0.8325705571992835	0.9095133491044272	11835	4	>20	0.9717614110203195
ENSMUSG00000074247.11:B1	wild_cluster	0.6577055865108008	0.8141945773524721	7523	2	11-20	0.9258014212890022
ENSMUSG00000074247.11:B2	wild_cluster	0.8028960167938217	0.9246478873239437	4259	4	11-20	0.9797824420005775
ENSMUSG00000001542.8:B1	wild_cluster	5.262752601754589e-16	0.15790807705305845	11835	4	>20	0.6614303193836947
ENSMUSG00000003810.15:B2	wild_cluster	6.687883146357633e-21	0.3035349567949725	6364	10	>20	0.7241446338884063
ENSMUSG00000006154.14:B1	wild_cluster	1.3610748418918698e-11	0.14340776182881446	7523	2	11-20	0.6614288040064168
ENSMUSG00000009894.16:B1	wild_cluster	0.040462111124491	0.5118896757361163	13414	5	>20	0.8001196196168145
ENSMUSG00000015766.15:B1	wild_cluster	8.822267203937183e-16	0.3608798114689709	6364	10	>20	0.7435910322477054
ENSMUSG00000018501.18:B1	wild_cluster	5.992817451334451e-15	0.8350824587706147	1333	24	>20	0.9355920096268835
ENSMUSG00000020149.18:B1	wild_cluster	0.4954008674335839	0.9160401002506265	797	4	6-10	0.9757133094424536
ENSMUSG00000020599.14:B1	wild_cluster	6.79164683235291e-33	0.20644147682639435	6364	10	>20	0.685396970798245
ENSMUSG00000021044.16:B1	wild_cluster	0.0669293540166615	0.9681681681681682	1664	14	>20	1.0
ENSMUSG00000021559.15:B1	wild_cluster	0.017789214640478	0.4621692135669027	13414	5	>20	0.782346680796986
ENSMUSG00000022199.13:B1	wild_cluster	0.893665963629722	0.9680900119893019	10842	6	>20	1.0
ENSMUSG00000022635.10:B1	wild_cluster	1.8814482841695618e-07	0.19038841342988808	7594	1	11-20	0.6713650685322653
ENSMUSG00000024410.16:B1	wild_cluster	0.3718129991009777	0.6402461093014838	2762	2	6-10	0.8534083923567956
ENSMUSG00000024892.18:B1	wild_cluster	0.4547253252015047	0.6641708264004437	3605	1	1-5	0.8633200488841525
ENSMUSG00000025369.16:B1	wild_cluster	0.0002476180004718	0.6549882168106834	6364	10	>20	0.8596602041698637
ENSMUSG00000026103.15:B1	wild_cluster	0.000290448470381	0.32970555348490493	13414	5	>20	0.7317167449884721
ENSMUSG00000026587.16:B1	wild_cluster	1.1757480804490268e-39	0.09965573473455336	5518	7	>20	0.6443643400857324
ENSMUSG00000026987.17:B1	wild_cluster	5.949408760935829e-46	0.07247689798876608	5518	7	>20	0.6443643400857324
ENSMUSG00000027630.14:B1	wild_cluster	0.0007022380747995	0.234683695869088	5010	3	11-20	0.6983043657362142
ENSMUSG00000028152.11:B1	wild_cluster	1.3210899782981088e-05	0.7464376341987117	5122	12	>20	0.8940992371389449
ENSMUSG00000028708.17:B1	wild_cluster	5.024513536564778e-06	0.26892531260561	11835	4	>20	0.7122245069213572
ENSMUSG00000029166.15:B1	wild_cluster	0.198744198948129	0.667089079388744	13414	5	>20	0.8633200488841525
ENSMUSG00000029648.14:B1	wild_cluster	0.1503000733222997	0.4525790349417637	3605	1	1-5	0.7788287755527091
ENSMUSG00000030246.13:B1	wild_cluster	0.3134227609979427	0.7298546403279911	13414	5	>20	0.8885332140836532
ENSMUSG00000030967.16:B1	wild_cluster	0.0001907416727488	0.3237089201877934	4259	4	11-20	0.7272868999980935
ENSMUSG00000031622.17:B1	wild_cluster	0.0476291187221946	0.6659596052752929	10842	6	>20	0.8633200488841525
ENSMUSG00000032097.11:B1	wild_cluster	0.4124793091674295	0.9764784946236559	1487	11	>20	1.0
ENSMUSG00000032517.17:B1	wild_cluster	0.000206631512944	0.6245901639344262	609	6	6-10	0.8448586891160553
ENSMUSG00000033192.6:B1	wild_cluster	1.1391646103574224e-05	0.2076366030283081	7594	1	11-20	0.685396970798245
ENSMUSG00000034040.18:B1	wild_cluster	8.560125189971642e-10	0.20046948356807512	4259	4	11-20	0.6828427905627187
ENSMUSG00000034820.5:B1	wild_cluster	1.8151580863456504e-30	0.12033104649896548	9182	3	>20	0.6443643400857324
ENSMUSG00000035621.14:B1	wild_cluster	1.1852132760068345e-07	0.2327644474484623	11835	4	>20	0.6983043657362142
ENSMUSG00000036555.15:B1	wild_cluster	0.8773078696834115	0.9304891015417331	7523	2	11-20	0.983216578030442
ENSMUSG00000037369.18:B1	wild_cluster	3.419721233378111e-61	0.036920659858601726	6364	10	>20	0.6443643400857324
ENSMUSG00000038141.12:B1	wild_cluster	0.0048878997176788	0.40005069280162214	11835	4	>20	0.7560842414254448
ENSMUSG00000038623.10:B1	wild_cluster	0.4858925228786726	0.7536752695197648	9182	3	>20	0.8979454319966929
ENSMUSG00000039542.17:B1	wild_cluster	1.1629624525383128e-06	0.399528900163073	5518	7	>20	0.7560842414254448
ENSMUSG00000040430.19:B1	wild_cluster	2.7447562187085573e-27	0.02789886660854403	2293	5	11-20	0.6443643400857324
ENSMUSG00000041258.19:B1	wild_cluster	0.0001443713766319	0.34263295553618134	2293	5	11-20	0.734610285212528
ENSMUSG00000042308.15:B1	wild_cluster	0.0005498426166267	0.32059239899814873	9182	3	>20	0.7266310461423763
ENSMUSG00000046822.15:B1	wild_cluster	0.0202724728500541	0.3567073170731707	1639	2	1-5	0.7428782721323877
ENSMUSG00000049321.18:B1	wild_cluster	0.025707345600711	0.3228439763001975	7594	1	11-20	0.7268435240088572
ENSMUSG00000052105.18:B4	wild_cluster	0.0088744237214286	0.4284010436079016	13414	5	>20	0.7691337235664031
ENSMUSG00000054263.13:B1	wild_cluster	1.0	1.0	159	6	1-5	1.0
ENSMUSG00000056476.14:B2	wild_cluster	2.1951802913467524e-05	0.2892869212571815	11835	4	>20	0.716584179179599
ENSMUSG00000058503.12:B1	wild_cluster	0.0134648475737481	0.4050963737340738	9182	3	>20	0.7560842414254448
ENSMUSG00000060681.16:B1	wild_cluster	0.4854074382026048	0.7341847934544004	5010	3	11-20	0.8891319096850625
ENSMUSG00000063063.13:B1	wild_cluster	0.0150438017090605	0.3264817401716224	5010	3	11-20	0.7305755066575554
ENSMUSG00000068015.9:B1	wild_cluster	0.0294905950454726	0.35645933014354064	7523	2	11-20	0.7428782721323877
ENSMUSG00000071650.7:B1	wild_cluster	0.6589942267684341	0.8434437309901994	11835	4	>20	0.940095876921113
ENSMUSG00000090100.8:B1	wild_cluster	1.5438035790458175e-34	0.0894521058516586	13414	5	>20	0.6443643400857324
ENSMUSG00000109754.3:B1	wild_cluster	0.926093747279503	0.9624301155423034	13414	5	>20	0.9979441419460785
ENSMUSG00000027200.18:B1	wild_cluster	0.0001667134939797	0.3204225352112676	4259	4	11-20	0.7266310461423763
ENSMUSG00000027200.18:B2	wild_cluster	0.0523331327823235	0.5572769953051643	4259	4	11-20	0.8140754004263798
ENSMUSG00000027200.18:B3	wild_cluster	1.8482960862548013e-36	0.217005076142132	787	12	11-20	0.6875650615468819
ENSMUSG00000027200.18:B4	wild_cluster	2.5029221834952688e-11	0.17816901408450705	4259	4	11-20	0.6642188120430711
ENSMUSG00000040928.16:B1	wild_cluster	1.0	1.0	302	3	1-5	1.0
ENSMUSG00000040928.16:B2	wild_cluster	0.3267685558748973	0.5908536585365853	1639	2	1-5	0.8265532443052135
ENSMUSG00000040928.16:B3	wild_cluster	0.223826584588234	0.50471436494731	3605	1	1-5	0.7987313568472743
ENSMUSG00000040928.16:B4	wild_cluster	0.1166644262771138	0.43788130892956184	3605	1	1-5	0.7746123091250662
ENSMUSG00000016382.16:B1	wild_cluster	5.176473272162906e-13	0.17657992565055763	11835	4	>20	0.6642188120430711
ENSMUSG00000016382.16:B2	wild_cluster	0.0134054154998339	0.36644723718332334	5012	2	>20	0.7452850769350146
ENSMUSG00000016382.16:B3	wild_cluster	0.0314880138642131	0.40554558148813086	5012	2	>20	0.7560842414254448
ENSMUSG00000024073.17:B1	wild_cluster	8.794188481326303e-59	0.04241948153967007	6364	10	>20	0.6443643400857324
ENSMUSG00000024073.17:B4	wild_cluster	4.6231033981427685e-46	0.0955223880597015	6364	10	>20	0.6443643400857324
ENSMUSG00000024073.17:B5	wild_cluster	1.0657479173644926e-55	0.05357423409269442	6364	10	>20	0.6443643400857324
ENSMUSG00000029020.14:B1	wild_cluster	0.6824019145587827	0.8674803836094158	2293	5	11-20	0.9498762310540511
ENSMUSG00000029020.14:B2	wild_cluster	0.0688746406940837	0.5928509154315605	2293	5	11-20	0.8285538438856997
ENSMUSG00000029020.14:B4	wild_cluster	3.385803940005917e-07	0.5941463414634146	1024	10	11-20	0.8287388038394541
ENSMUSG00000035629.20:B1	wild_cluster	1.41135091769224e-29	0.1294851794071763	640	9	11-20	0.6468504073496274
ENSMUSG00000035629.20:B2	wild_cluster	1.2385571065043377e-17	0.08042306924765516	5010	3	11-20	0.6443643400857324
ENSMUSG00000035629.20:B3	wild_cluster	0.226586607340583	0.5749351426860906	5010	3	11-20	0.8180063183645145
ENSMUSG00000050947.10:B2	wild_cluster	1.0783745140953934e-16	0.11483253588516747	7523	2	11-20	0.6443643400857324
ENSMUSG00000050947.10:B3	wild_cluster	0.0	0.0065832784726793945	7594	1	11-20	0.6443643400857324
ENSMUSG00000004151.18:B3	wild_cluster	0.1439816150872287	0.48086124401913877	7523	2	11-20	0.7896623298374663
ENSMUSG00000019906.16:B1	wild_cluster	1.3160786225480956e-07	0.23098591549295774	4259	4	11-20	0.6983043657362142
ENSMUSG00000019906.16:B2	wild_cluster	0.193168033004163	0.5155502392344498	7523	2	11-20	0.8006610969250729
ENSMUSG00000022558.17:B2	wild_cluster	6.980219019004735e-119	0.0035374149659863946	7349	8	>20	0.6443643400857324
ENSMUSG00000026254.18:B1	wild_cluster	2.099524666039116e-14	0.20673486786018755	2345	6	11-20	0.685396970798245
ENSMUSG00000028649.23:B1	wild_cluster	2.7741565022978613e-50	0.09274193548387097	1487	11	>20	0.6443643400857324
ENSMUSG00000028649.23:B3	wild_cluster	1.9538307639294822e-16	0.4015225453835643	5122	12	>20	0.7560842414254448
ENSMUSG00000031099.17:B1	wild_cluster	1.4539646905728832e-27	0.10928512736236648	1216	8	11-20	0.6443643400857324
ENSMUSG00000031099.17:B2	wild_cluster	5.051942620806978e-26	0.07793427230046948	4259	4	11-20	0.6443643400857324
ENSMUSG00000033768.18:B1	wild_cluster	4.63569843536444e-48	0.8704663212435233	192	33	>20	0.9510611373780998
ENSMUSG00000033768.18:B2	wild_cluster	0.2100054701399542	0.9536290322580645	1487	11	>20	0.9932148181944508
ENSMUSG00000042766.18:B1	wild_cluster	1.0662181597721624e-06	0.4436734693877551	7349	8	>20	0.7767748006946728
ENSMUSG00000042766.18:B2	wild_cluster	0.0957882259303124	0.5549172017573505	11835	4	>20	0.8140754004263798
ENSMUSG00000055254.16:B1	wild_cluster	1.7843358060879914e-22	0.7038980509745127	1333	24	>20	0.876714492999416
ENSMUSG00000055254.16:B2	wild_cluster	2.638017228755353e-64	0.3670886075949367	157	36	>20	0.7452850769350146
ENSMUSG00000075318.14:B1	wild_cluster	4.321832508267613e-08	0.8312292358803987	1504	16	>20	0.9344330805976538
ENSMUSG00000075318.14:B2	wild_cluster	0.0933541862451398	0.7919727891156463	7349	8	>20	0.9158203857674757
ENSMUSG00000001552.15:B1	wild_cluster	0.1110278709832962	0.4111964873765093	4554	1	6-10	0.7576800849363877
ENSMUSG00000003863.19:B1	wild_cluster	1.0	1.0	13414	5	>20	1.0
ENSMUSG00000006169.21:B1	wild_cluster	0.6287506795270061	0.8660454714871413	13414	5	>20	0.9487671636954647
ENSMUSG00000009907.18:B1	wild_cluster	2.846958377570157e-07	0.23910104765123352	11835	4	>20	0.7005197968362168
ENSMUSG00000015829.14:B1	wild_cluster	3.328524470164096e-07	0.3814096756658815	5518	7	>20	0.7515598212949701
ENSMUSG00000018661.18:B1	wild_cluster	0.0229074238034438	0.42785582053795057	9182	3	>20	0.7685905578775247
ENSMUSG00000020154.11:B1	wild_cluster	6.4763425009653195e-22	0.10399334442595674	3605	1	1-5	0.6443643400857324
ENSMUSG00000020604.14:B1	wild_cluster	0.57436995481058	0.7443054641211323	7594	1	11-20	0.893087100797601
ENSMUSG00000021051.11:B1	wild_cluster	0.028400883750937	0.4882594111069698	13414	5	>20	0.7897176352473404
ENSMUSG00000021578.18:B1	wild_cluster	3.934443081934219e-14	0.11813426329555361	2293	5	11-20	0.6443643400857324
ENSMUSG00000022205.16:B1	wild_cluster	0.5118528145174054	0.7105990783410139	7594	1	11-20	0.8803240390594801
ENSMUSG00000022636.14:B1	wild_cluster	0.0070256034545072	0.4169213566902721	13414	5	>20	0.7614821193160489
ENSMUSG00000023800.16:B1	wild_cluster	0.5497235066735483	0.6996706915477497	4554	1	6-10	0.8765844221097139
ENSMUSG00000024420.10:B1	wild_cluster	0.8393042677228769	0.9123682750970604	3605	1	1-5	0.9731928267701979
ENSMUSG00000024897.10:B1	wild_cluster	0.0701546493059127	0.5579575102497205	13414	5	>20	0.8140754004263798
ENSMUSG00000025409.15:B1	wild_cluster	0.6626007743627037	0.879388743943347	13414	5	>20	0.9570620236423381
ENSMUSG00000026109.15:B1	wild_cluster	0.0011218689289793	0.36017235552551535	11835	4	>20	0.7428782721323877
ENSMUSG00000026596.14:B1	wild_cluster	0.1959935755484046	0.6650018635855386	13414	5	>20	0.8633200488841525
ENSMUSG00000026991.21:B1	wild_cluster	0.2129229793009263	0.7905561191552154	10842	6	>20	0.91478427036571
ENSMUSG00000027642.16:B1	wild_cluster	2.456493333102065e-08	0.22139396198285502	13414	5	>20	0.6921980188289953
ENSMUSG00000028161.18:B1	wild_cluster	2.30734768801176e-05	0.6848118279569892	1487	11	>20	0.8699954728721739
ENSMUSG00000029167.14:B1	wild_cluster	0.9432863343817932	0.9674990682072308	13414	5	>20	1.0
ENSMUSG00000029674.14:B1	wild_cluster	0.2564234376101079	0.5990424895272292	5012	2	>20	0.8304710818737424
ENSMUSG00000030257.17:B1	wild_cluster	0.0208965521220582	0.7059863945578231	7349	8	>20	0.8780400636049717
ENSMUSG00000030970.17:B1	wild_cluster	0.8136433065157069	0.8841463414634146	1639	2	1-5	0.9583225533316085
ENSMUSG00000031642.10:B1	wild_cluster	0.0315846160386244	0.3577884104199894	7523	2	11-20	0.7428782721323877
ENSMUSG00000032115.15:B1	wild_cluster	0.0006093762361994	0.5764625850340136	7349	8	>20	0.8181110423967566
ENSMUSG00000032527.14:B1	wild_cluster	5.56039283433972e-54	0.05204460966542751	11835	4	>20	0.6443643400857324
ENSMUSG00000033209.18:B1	wild_cluster	1.594311190852048e-11	0.13613013698630136	1167	3	6-10	0.6545894073694235
ENSMUSG00000034042.17:B1	wild_cluster	0.0553411187471674	0.4778394860067516	9182	3	>20	0.7890601845572686
ENSMUSG00000034825.15:B1	wild_cluster	0.0064039119467888	0.4080770530584657	11835	4	>20	0.7565832703302523
ENSMUSG00000035640.19:B1	wild_cluster	0.0283335126612157	0.48811032426388373	13414	5	>20	0.7897176352473404
ENSMUSG00000036564.18:B1	wild_cluster	2.575998789254624e-06	0.5413184772516249	4307	9	>20	0.8097622475650258
ENSMUSG00000037375.17:B1	wild_cluster	0.8219197189935977	0.9064327485380117	7523	2	11-20	0.9701102834240112
ENSMUSG00000038143.17:B1	wild_cluster	6.419840711183656e-40	0.19601328903654486	1504	16	>20	0.6784262875352622
ENSMUSG00000038665.16:B1	wild_cluster	0.4352508848812029	0.7035707161380411	5012	2	>20	0.876714492999416
ENSMUSG00000039578.18:B1	wild_cluster	0.2300131379034447	0.5779285571742168	5010	3	11-20	0.8192253089754387
ENSMUSG00000040433.17:B1	wild_cluster	0.2787425571157376	0.7121133060007454	13414	5	>20	0.8815147091903501
ENSMUSG00000041263.15:B1	wild_cluster	5.914223125610451e-31	0.1327891156462585	7349	8	>20	0.6496407659908359
ENSMUSG00000042328.14:B1	wild_cluster	0.0137247369779498	0.36804308797127466	5012	2	>20	0.7452850769350146
ENSMUSG00000044250.9:B1	wild_cluster	0.3874288626064112	0.7660081997763697	13414	5	>20	0.9012334418116413
ENSMUSG00000046876.17:B1	wild_cluster	1.0	1.0	10842	6	>20	1.0
ENSMUSG00000049339.17:B1	wild_cluster	0.3064187416495181	0.6011430090377459	7523	2	11-20	0.8308450564505704
ENSMUSG00000052133.17:B1	wild_cluster	0.4180106328195462	0.6195230171935663	3605	1	1-5	0.8415031677650375
ENSMUSG00000054309.10:B1	wild_cluster	1.1731948543458195e-22	0.12200067590402162	11835	4	>20	0.6443643400857324
ENSMUSG00000056486.19:B1	wild_cluster	0.9348121261652308	0.9576023391812866	7523	2	11-20	0.9945438015613454
ENSMUSG00000058587.10:B1	wild_cluster	8.001929642263614e-40	0.07238166231830041	13414	5	>20	0.6443643400857324
ENSMUSG00000060703.13:B1	wild_cluster	0.0042102616311656	0.2826859776168532	7594	1	11-20	0.716584179179599
ENSMUSG00000063065.14:B2	wild_cluster	0.4881710380417894	0.6930116472545758	3605	1	1-5	0.8750066871431602
ENSMUSG00000071753.14:B1	wild_cluster	1.644700652530977e-14	0.8448275862068966	1333	24	>20	0.9402361999055501
ENSMUSG00000079470.9:B1	wild_cluster	2.795979697921558e-13	0.1918762931503866	9182	3	>20	0.6713650685322653
ENSMUSG00000090207.3:B1	wild_cluster	1.177608520167688e-05	0.18458197611292074	2762	2	6-10	0.669375212278067
ENSMUSG00000110007.3:B1	wild_cluster	6.153311818360703e-32	0.11586627463791789	9182	3	>20	0.6443643400857324
ENSMUSG00000064302.14:B1	wild_cluster	1.809630410273176e-05	0.594815396700707	6364	10	>20	0.8287388038394541
ENSMUSG00000064302.14:B3	wild_cluster	0.004472892909671	0.3993291092061126	13414	5	>20	0.7560842414254448
ENSMUSG00000064302.14:B4	wild_cluster	8.916654130251952e-36	0.17989002356637862	6364	10	>20	0.6663135216378222
ENSMUSG00000064302.14:B5	wild_cluster	2.8398319761720698e-05	0.603770620581304	6364	10	>20	0.8316457986568496
ENSMUSG00000064302.14:B6	wild_cluster	1.538581645402852e-19	0.3164179104477612	6364	10	>20	0.7266310461423763
ENSMUSG00000064302.14:B7	wild_cluster	0.0633170267398402	0.5480432351844949	13414	5	>20	0.8121217694098929
ENSMUSG00000001911.17:B1	wild_cluster	1.0401055461161045e-44	0.2918918918918919	1664	14	>20	0.716584179179599
ENSMUSG00000001911.17:B3	wild_cluster	6.630261777424023e-55	0.05707555716615329	5518	7	>20	0.6443643400857324
ENSMUSG00000001911.17:B4	wild_cluster	0.0030252390532587	0.559884036963218	5518	7	>20	0.8140754004263798
ENSMUSG00000018593.14:B1	wild_cluster	1.0	1.0	787	12	11-20	1.0
ENSMUSG00000018593.14:B2	wild_cluster	0.1748880199342173	0.6694835680751173	4259	4	11-20	0.8633200488841525
ENSMUSG00000018593.14:B3	wild_cluster	0.1748889006306627	0.6694835680751173	4259	4	11-20	0.8633200488841525
ENSMUSG00000024743.17:B1	wild_cluster	3.2425402527915583e-72	0.08883553421368548	832	20	>20	0.6443643400857324
ENSMUSG00000024743.17:B2	wild_cluster	1.0	1.0	216	40	>20	1.0
ENSMUSG00000024743.17:B3	wild_cluster	1.1188816431975881e-22	0.2859387274155538	6364	10	>20	0.716584179179599
ENSMUSG00000029472.14:B1	wild_cluster	2.3374056966629918e-28	0.14857142857142858	7349	8	>20	0.6614303193836947
ENSMUSG00000029472.14:B2	wild_cluster	4.71708126799144e-26	0.15931972789115648	7349	8	>20	0.6614303193836947
ENSMUSG00000029472.14:B4	wild_cluster	1.3852285858650281e-30	0.09150050692801621	11835	4	>20	0.6443643400857324
ENSMUSG00000037013.18:B1	wild_cluster	0.0208428760121324	0.33639021796916535	7523	2	11-20	0.7337812708493854
ENSMUSG00000037013.18:B2	wild_cluster	0.5911618665781313	0.7539170506912443	7594	1	11-20	0.8979454319966929
ENSMUSG00000037013.18:B3	wild_cluster	0.2512282432138915	0.5211323238973009	7594	1	11-20	0.8029509692399811
ENSMUSG00000054387.14:B1	wild_cluster	3.9668232686759374e-05	0.609897879025923	6364	10	>20	0.8358834720136398
ENSMUSG00000054387.14:B2	wild_cluster	0.001980714927143	0.3742079761461051	13414	5	>20	0.7492236855259957
ENSMUSG00000054387.14:B3	wild_cluster	0.3877589178532299	0.7663809168840849	13414	5	>20	0.9012334418116413
ENSMUSG00000004565.16:B1	wild_cluster	6.501602951643721e-16	0.1443661971830986	4259	4	11-20	0.6614303193836947
ENSMUSG00000004565.16:B2	wild_cluster	5.648567041029658e-10	0.15430622009569378	7523	2	11-20	0.6614303193836947
ENSMUSG00000020333.18:B1	wild_cluster	1.3356156161938023e-48	0.2727272727272727	32	25	>20	0.7137263202455285
ENSMUSG00000020333.18:B2	wild_cluster	0.041476731264359	0.5139023481177786	13414	5	>20	0.8005907682389233
ENSMUSG00000022892.12:B1	wild_cluster	1.1065752214729942e-31	0.5839580209895052	1333	24	>20	0.8225410344399884
ENSMUSG00000022892.12:B3	wild_cluster	2.2536485339211966e-41	0.14347062268202226	5122	12	>20	0.6614288040064168
ENSMUSG00000026567.17:B1	wild_cluster	0.2597505531914608	0.6363933355112709	9182	3	>20	0.8507952531842622
ENSMUSG00000026567.17:B3	wild_cluster	0.983900132963936	0.9849672599833994	10842	6	>20	1.0
ENSMUSG00000028926.16:B1	wild_cluster	7.266612717175239e-42	0.18959537572254334	864	15	>20	0.6713650685322653
ENSMUSG00000028926.16:B2	wild_cluster	8.903225451918918e-05	0.629693637077769	6364	10	>20	0.846115538643649
ENSMUSG00000031353.14:B1	wild_cluster	0.0291806162596916	0.343467245747376	2762	2	6-10	0.7346473534158909
ENSMUSG00000031353.14:B2	wild_cluster	0.2091431671100812	0.4949308755760369	7594	1	11-20	0.7918237180562928
ENSMUSG00000034563.17:B1	wild_cluster	2.2262371750076647e-15	0.15900111815132315	13414	5	>20	0.6614303193836947
ENSMUSG00000034563.17:B2	wild_cluster	1.5909983865490022e-76	0.015239591516103691	6364	10	>20	0.6443643400857324
ENSMUSG00000039671.19:B1	wild_cluster	2.1699323455562735e-32	0.4309723889555822	832	20	>20	0.7710512776539187
ENSMUSG00000039671.19:B2	wild_cluster	0.2575532230543979	0.9203456402199529	6364	10	>20	0.9776014295325
ENSMUSG00000043635.13:B1	wild_cluster	2.368075406354601e-100	0.015430488259411106	13414	5	>20	0.6443643400857324
ENSMUSG00000043635.13:B2	wild_cluster	5.725951329113349e-39	0.15412411626080125	6364	10	>20	0.6614303193836947
ENSMUSG00000056004.17:B1	wild_cluster	1.6843208120352273e-07	0.23427230046948358	4259	4	11-20	0.6983043657362142
ENSMUSG00000056004.17:B2	wild_cluster	2.416093506767785e-06	0.5653245686113394	1216	8	11-20	0.8147515949667276
ENSMUSG00000079477.10:B1	wild_cluster	0.0299471951604588	0.34527687296416937	2762	2	6-10	0.7367654583991009
ENSMUSG00000079477.10:B2	wild_cluster	0.9540492101256072	0.9541163556531285	4554	1	6-10	0.9932148181944508
ENSMUSG00000001794.14:B1	wild_cluster	0.538127595534555	0.6946212952799122	4554	1	6-10	0.875776035776356
ENSMUSG00000004099.17:B1	wild_cluster	0.0025076399656064	0.3794356201419398	11835	4	>20	0.7515598212949701
ENSMUSG00000006362.17:B1	wild_cluster	0.191486919689642	0.4849242922975642	7594	1	11-20	0.7897176352473404
ENSMUSG00000010505.17:B1	wild_cluster	0.0056757268760475	0.4047820209530247	11835	4	>20	0.7560842414254448
ENSMUSG00000016386.16:B1	wild_cluster	6.760352778607732e-06	0.1986827661909989	4554	1	6-10	0.681891386866207
ENSMUSG00000019189.14:B1	wild_cluster	0.3413054281930566	0.6822389197430033	9182	3	>20	0.8686905078347615
ENSMUSG00000020211.16:B1	wild_cluster	0.2053166112920204	0.4977814753189129	3605	1	1-5	0.7927826826191401
ENSMUSG00000020647.11:B1	wild_cluster	0.3778388149967412	0.7604174431606411	13414	5	>20	0.9001896691216927
ENSMUSG00000021097.16:B1	wild_cluster	2.285149771047996e-23	0.14543945402563865	10842	6	>20	0.6614303193836947
ENSMUSG00000021693.21:B1	wild_cluster	0.3983596373452217	0.6836225812886495	5012	2	>20	0.8689757210839039
ENSMUSG00000022285.18:B1	wild_cluster	4.444650398646174e-16	0.25265306122448977	7349	8	>20	0.7090359082906939
ENSMUSG00000022711.17:B1	wild_cluster	3.173753646774386e-37	0.07961237420797615	13414	5	>20	0.6443643400857324
ENSMUSG00000023923.11:B1	wild_cluster	0.4822690412624302	0.6871626069782751	7594	1	11-20	0.8719963536478478
ENSMUSG00000024477.5:B1	wild_cluster	0.4922624605474084	0.7374825453820067	5012	2	>20	0.8902030173648443
ENSMUSG00000024976.15:B1	wild_cluster	1.9492653832156226e-18	0.1418561311964219	13414	5	>20	0.6607251883986351
ENSMUSG00000025428.16:B1	wild_cluster	0.8330551219872837	0.9167393199651264	2293	5	11-20	0.9757133094424536
ENSMUSG00000026141.14:B1	wild_cluster	0.7547843587577451	0.8499012508229098	7594	1	11-20	0.9420201575102494
ENSMUSG00000026657.18:B1	wild_cluster	0.1291719539411593	0.49151865895030933	5010	3	11-20	0.7909333896351435
ENSMUSG00000027087.12:B1	wild_cluster	2.6495542449409983e-14	0.16653000372717108	13414	5	>20	0.6614303193836947
ENSMUSG00000027677.18:B1	wild_cluster	0.0045703889857602	0.7379418695993716	6364	10	>20	0.8902030173648443
ENSMUSG00000028229.12:B1	wild_cluster	6.387038729916488e-93	0.017809675704412546	7523	2	11-20	0.6443643400857324
ENSMUSG00000028803.19:B1	wild_cluster	0.0138786951045638	0.4694835680751174	4259	4	11-20	0.7860430967506752
ENSMUSG00000029202.13:B1	wild_cluster	0.6123757273037731	0.82570125042244	11835	4	>20	0.9319954187400661
ENSMUSG00000029722.16:B1	wild_cluster	0.0029240297482084	0.38408246029063875	11835	4	>20	0.7527625851099453
ENSMUSG00000030309.17:B1	wild_cluster	5.139512801696723e-49	0.04891015417331207	7523	2	11-20	0.6443643400857324
ENSMUSG00000031078.16:B1	wild_cluster	2.104420780422693e-37	0.11179561514767168	5518	7	>20	0.6443643400857324
ENSMUSG00000031706.8:B1	wild_cluster	0.3691270268100863	0.6983556571926386	9182	3	>20	0.8762492329020607
ENSMUSG00000032187.17:B2	wild_cluster	1.5335315464347173e-42	0.13978494623655913	1487	11	>20	0.6589614740368509
ENSMUSG00000032554.16:B1	wild_cluster	0.3403955208437348	0.5866081229418222	4554	1	6-10	0.8236696192212468
ENSMUSG00000033316.15:B1	wild_cluster	2.0725429967883023e-47	0.05836749906820723	13414	5	>20	0.6443643400857324
ENSMUSG00000034156.17:B1	wild_cluster	2.7695724593961575e-12	0.39020427112349115	4307	9	>20	0.7545994212484498
ENSMUSG00000034867.17:B1	wild_cluster	3.354138435680253e-09	0.2905100064557779	10842	6	>20	0.716584179179599
ENSMUSG00000035762.12:B1	wild_cluster	0.0732817198308212	0.5355694491382224	11835	4	>20	0.807644255581053
ENSMUSG00000036622.16:B1	wild_cluster	1.1450512114857908e-06	0.2521803950801342	13414	5	>20	0.7090359082906939
ENSMUSG00000037487.8:B1	wild_cluster	0.0338336462797523	0.7317006802721089	7349	8	>20	0.8885332140836532
ENSMUSG00000038178.17:B1	wild_cluster	1.775785712990078e-11	0.2472562943834732	10842	6	>20	0.7065304605727045
ENSMUSG00000038773.12:B1	wild_cluster	7.707916820676733e-05	0.30286992172940735	13414	5	>20	0.7241446338884063
ENSMUSG00000039686.15:B1	wild_cluster	1.2038743155400683e-06	0.5308727948003714	4307	9	>20	0.805760295343247
ENSMUSG00000040506.17:B1	wild_cluster	0.7487683492639576	0.9074916138650764	13414	5	>20	0.9707547694354945
ENSMUSG00000041362.18:B1	wild_cluster	3.755496952185352e-05	0.4502627287552093	5518	7	>20	0.7777126539019709
ENSMUSG00000042423.10:B1	wild_cluster	0.0038506654054706	0.7318146111547525	6364	10	>20	0.8885332140836532
ENSMUSG00000044475.15:B1	wild_cluster	0.6406333184406918	0.830229772405532	9182	3	>20	0.9344330805976538
ENSMUSG00000047248.21:B1	wild_cluster	0.5523475416748429	0.730348913759052	7594	1	11-20	0.8885332140836532
ENSMUSG00000049658.14:B1	wild_cluster	0.0232326977447456	0.6606269251676028	5518	7	>20	0.8625847459567468
ENSMUSG00000052459.14:B1	wild_cluster	0.0392645778044544	0.6515724430508162	10842	6	>20	0.8582443639435855
ENSMUSG00000054459.9:B1	wild_cluster	0.2411323089258106	0.6524163568773235	11835	4	>20	0.8589352680879784
ENSMUSG00000056673.15:B1	wild_cluster	0.8309155449622849	0.9115944921173419	5010	3	11-20	0.9727741237867237
ENSMUSG00000058756.14:B1	wild_cluster	2.0625420368457967e-09	0.4554317548746518	4307	9	>20	0.7800160213149454
ENSMUSG00000061143.16:B1	wild_cluster	0.0128709671197882	0.30414746543778803	7594	1	11-20	0.7243056231777799
ENSMUSG00000063450.15:B1	wild_cluster	3.888088746935828e-43	0.08026816452255843	5518	7	>20	0.6443643400857324
ENSMUSG00000068663.15:B1	wild_cluster	5.837925227762798e-59	0.06910013663868828	5122	12	>20	0.6443643400857324
ENSMUSG00000072946.13:B1	wild_cluster	0.0078283731277404	0.32378048780487806	1639	2	1-5	0.7272868999980935
ENSMUSG00000084950.8:B1	wild_cluster	0.8869363421621839	0.9523667536339918	13414	5	>20	0.9930057802269081
ENSMUSG00000113216.3:B1	wild_cluster	0.8410437202904505	0.9173472721332898	9182	3	>20	0.9757882367235953
ENSMUSG00000001632.17:B1	wild_cluster	2.568078950657765e-09	0.2051643192488263	4259	4	11-20	0.685396970798245
ENSMUSG00000001632.17:B2	wild_cluster	0.9108975412322852	0.9453748006379585	7523	2	11-20	0.9910804473508007
ENSMUSG00000001632.17:B3	wild_cluster	0.9108955574811172	0.9453748006379585	7523	2	11-20	0.9910804473508007
ENSMUSG00000001632.17:B5	wild_cluster	0.6498943592914382	0.81113769271664	7523	2	11-20	0.923955661517949
ENSMUSG00000041164.16:B1	wild_cluster	4.35192070569592e-19	0.5951557093425606	288	21	>20	0.8287388038394541
ENSMUSG00000041164.16:B2	wild_cluster	0.000994035978243	0.5227396267439753	5518	7	>20	0.8032253458102916
ENSMUSG00000041164.16:B3	wild_cluster	0.0055064377962196	0.5908679108534155	5518	7	>20	0.8265532443052135
ENSMUSG00000041164.16:B4	wild_cluster	4.336632368645148e-08	0.7171171171171171	1664	14	>20	0.8839207433174819
ENSMUSG00000018750.15:B1	wild_cluster	2.6762510357032403e-23	0.28986921725551434	5122	12	>20	0.716584179179599
ENSMUSG00000018750.15:B2	wild_cluster	0.3645643282131278	0.8476436410587476	10842	6	>20	0.9411852114386228
ENSMUSG00000018750.15:B3	wild_cluster	1.39791485749757e-13	0.21977312551876788	10842	6	>20	0.6918563657736225
ENSMUSG00000024862.17:B3	wild_cluster	0.0151036870249086	0.44466035822913147	11835	4	>20	0.7767748006946728
ENSMUSG00000024862.17:B4	wild_cluster	1.0	1.0	5012	2	>20	1.0
ENSMUSG00000029657.16:B1	wild_cluster	4.00898071833106e-07	0.751951951951952	1664	14	>20	0.8974717217881539
ENSMUSG00000029657.16:B2	wild_cluster	0.0841213380333122	0.7408950896901613	5518	7	>20	0.8915949955812077
ENSMUSG00000029657.16:B3	wild_cluster	0.0002680711983282	0.4877695234643957	5518	7	>20	0.7897176352473404
ENSMUSG00000037032.17:B1	wild_cluster	8.988544947110286e-14	0.7006482027106659	1696	18	>20	0.8765844221097139
ENSMUSG00000037032.17:B2	wild_cluster	0.9924808472829784	0.9857972885732731	10842	6	>20	1.0
ENSMUSG00000037032.17:B3	wild_cluster	6.604324718785235e-09	0.6166308803435487	5122	12	>20	0.8403578280844581
ENSMUSG00000054640.16:B1	wild_cluster	2.0032886235733876e-09	0.7813953488372093	1504	16	>20	0.9103792403140951
ENSMUSG00000054640.16:B3	wild_cluster	9.073143903427196e-49	0.06421768707482993	7349	8	>20	0.6443643400857324
ENSMUSG00000005034.16:B1	wild_cluster	1.217630386443327e-34	0.32822628167354156	1696	18	>20	0.7312712400417457
ENSMUSG00000005034.16:B2	wild_cluster	7.598981665564277e-21	0.3220769080616826	5122	12	>20	0.7268435240088572
ENSMUSG00000020340.17:B1	wild_cluster	2.914141969981672e-54	0.19865067466266867	1333	24	>20	0.681891386866207
ENSMUSG00000020340.17:B2	wild_cluster	1.3763972982372555e-55	0.07573687292601991	5122	12	>20	0.6443643400857324
ENSMUSG00000022897.16:B1	wild_cluster	1.4462638990671058e-15	0.38146341463414635	1024	10	11-20	0.7515598212949701
ENSMUSG00000022897.16:B2	wild_cluster	2.785425005417333e-23	0.05013077593722755	2293	5	11-20	0.6443643400857324
ENSMUSG00000026743.17:B1	wild_cluster	6.104656320288151e-18	0.2345578231292517	7349	8	>20	0.6983043657362142
ENSMUSG00000026743.17:B2	wild_cluster	0.8926413357462892	0.9307198377830348	11835	4	>20	0.983216578030442
ENSMUSG00000028931.13:B1	wild_cluster	1.9022554626225818e-33	0.2647058823529412	33	25	11-20	0.7120777874931182
ENSMUSG00000028931.13:B2	wild_cluster	0.0001929968102556	0.320611256056653	13414	5	>20	0.7266310461423763
ENSMUSG00000031393.17:B1	wild_cluster	2.153839473774825e-17	0.24242424242424243	32	13	>20	0.7013329136281762
ENSMUSG00000031393.17:B2	wild_cluster	6.156793955726877e-05	0.419072212487319	10842	6	>20	0.7621960628410138
ENSMUSG00000034730.18:B1	wild_cluster	1.0	1.0	832	20	>20	1.0
ENSMUSG00000034730.18:B2	wild_cluster	2.4325477175563142e-37	0.1682639434406913	6364	10	>20	0.6614303193836947
ENSMUSG00000039713.18:B1	wild_cluster	0.0017946509905609	0.3709868198715782	11835	4	>20	0.7463073584888515
ENSMUSG00000039713.18:B2	wild_cluster	1.2018645617747172e-07	0.23284893545116594	11835	4	>20	0.6983043657362142
ENSMUSG00000044768.17:B1	wild_cluster	3.3485153388472047e-19	0.13729300439337613	11835	4	>20	0.656669518885765
ENSMUSG00000044768.17:B2	wild_cluster	0.0109035931652489	0.3590664272890485	5012	2	>20	0.7428782721323877
ENSMUSG00000056158.15:B1	wild_cluster	5.747079238222738e-05	0.3041568097330179	11835	4	>20	0.7243056231777799
ENSMUSG00000056158.15:B2	wild_cluster	0.1492202034857416	0.5234390584480351	5012	2	>20	0.8032559406495857
ENSMUSG00000079487.12:B1	wild_cluster	0.0655888939517626	0.4885113797234019	9182	3	>20	0.7897176352473404
ENSMUSG00000079487.12:B2	wild_cluster	3.076855239380257e-29	0.09420412301453193	11835	4	>20	0.6443643400857324
ENSMUSG00000001802.17:B1	wild_cluster	0.1996988274726261	0.48861092824226465	7594	1	11-20	0.7897176352473404
ENSMUSG00000004110.18:B1	wild_cluster	0.1280463488406945	0.8127891156462586	7349	8	>20	0.9248599134419474
ENSMUSG00000006392.17:B1	wild_cluster	0.3429811371963701	0.597103357472021	7594	1	11-20	0.8298536924866171
ENSMUSG00000010660.4:B1	wild_cluster	0.3015376977880449	0.558130348913759	7594	1	11-20	0.8140754004263798
ENSMUSG00000016534.16:B1	wild_cluster	1.7244693896395715e-69	0.030841303923482336	5122	12	>20	0.6443643400857324
ENSMUSG00000019194.16:B1	wild_cluster	9.378664279314112e-28	0.06971830985915493	4259	4	11-20	0.6443643400857324
ENSMUSG00000020220.17:B1	wild_cluster	0.0080673914386018	0.7314298978644382	4307	9	>20	0.8885332140836532
ENSMUSG00000020656.17:B1	wild_cluster	0.5279735362619938	0.7190256747860434	7594	1	11-20	0.8844704333346242
ENSMUSG00000021109.14:B1	wild_cluster	5.56670558685915e-66	0.03869550523825617	11835	4	>20	0.6443643400857324
ENSMUSG00000021694.19:B1	wild_cluster	0.5345265920435196	0.7781770663181967	9182	3	>20	0.9093153926407422
ENSMUSG00000022296.11:B1	wild_cluster	0.6666843866569763	0.954390451832907	2345	6	11-20	0.9932148181944508
ENSMUSG00000022761.13:B1	wild_cluster	0.9011326317813138	0.9379855167873601	7594	1	11-20	0.9867063367983085
ENSMUSG00000023960.14:B1	wild_cluster	2.898612324050352e-12	0.18054416697726425	13414	5	>20	0.6668646455521224
ENSMUSG00000024491.17:B2	wild_cluster	0.915080507799238	0.9477287689269256	7594	1	11-20	0.9914359657566119
ENSMUSG00000025437.16:B3	wild_cluster	9.41126380159456e-11	0.42618384401114207	4307	9	>20	0.7669895837574686
ENSMUSG00000026153.16:B1	wild_cluster	4.569098676101868e-24	0.08599149388623073	7523	2	11-20	0.6443643400857324
ENSMUSG00000026667.15:B2	wild_cluster	6.60528479795285e-19	0.14014163250093178	13414	5	>20	0.6589614740368509
ENSMUSG00000027175.11:B1	wild_cluster	1.7433377525325206e-167	0.05069124423963134	7594	1	11-20	0.6443643400857324
ENSMUSG00000027678.18:B1	wild_cluster	0.1117526486820011	0.5682663061845218	11835	4	>20	0.815001194671121
ENSMUSG00000028248.16:B1	wild_cluster	0.0066009401539487	0.8461021505376344	1487	11	>20	0.9402361999055501
ENSMUSG00000028822.12:B1	wild_cluster	1.0305805001835513e-07	0.2104528226610812	5012	2	>20	0.6855172201020898
ENSMUSG00000029211.12:B1	wild_cluster	0.17094681990689	0.47307439104674126	7594	1	11-20	0.7890601845572686
ENSMUSG00000030310.12:B1	wild_cluster	0.0011026852987996	0.36000337952010814	11835	4	>20	0.7428782721323877
ENSMUSG00000031112.11:B1	wild_cluster	8.629432596092304e-09	0.16254651780967572	7523	2	11-20	0.6614303193836947
ENSMUSG00000031709.16:B1	wild_cluster	0.3036500967052417	0.6296148473358611	5010	3	11-20	0.846115538643649
ENSMUSG00000032192.10:B1	wild_cluster	0.0045804755457401	0.30914634146341463	1639	2	1-5	0.7244864969571635
ENSMUSG00000032558.20:B1	wild_cluster	0.8739254586465293	0.9290271132376395	7523	2	11-20	0.9829419895549926
ENSMUSG00000033326.16:B1	wild_cluster	7.210968111252755e-15	0.20034100596760443	2345	6	11-20	0.6828427905627187
ENSMUSG00000034157.13:B1	wild_cluster	1.616047480609545e-18	0.36384930704665236	5122	12	>20	0.7452850769350146
ENSMUSG00000034891.14:B1	wild_cluster	0.0080131182346507	0.4231830040998882	13414	5	>20	0.7647229849007625
ENSMUSG00000035765.11:B1	wild_cluster	0.5277174731696945	0.7383040935672515	7523	2	11-20	0.8902955739131003
ENSMUSG00000036644.16:B1	wild_cluster	0.6991452833542857	0.8921356690272083	13414	5	>20	0.9625730664618019
ENSMUSG00000037492.17:B1	wild_cluster	0.012346362101247	0.2996706915477497	4554	1	6-10	0.7228112011799043
ENSMUSG00000038181.17:B1	wild_cluster	0.0189612119916718	0.4859154929577465	4259	4	11-20	0.7897176352473404
ENSMUSG00000038774.10:B1	wild_cluster	0.9096644862098432	0.9375633660020277	11835	4	>20	0.9867063367983085
ENSMUSG00000039697.17:B1	wild_cluster	0.0106157513572811	0.6775510204081633	7349	8	>20	0.866155640533154
ENSMUSG00000040536.16:B1	wild_cluster	0.2306040926750594	0.5435938330675173	7523	2	11-20	0.8106400078267127
ENSMUSG00000041408.19:B1	wild_cluster	2.9025906707190283e-22	0.1477730589132092	9182	3	>20	0.6614303193836947
ENSMUSG00000042429.9:B1	wild_cluster	0.1635889515622487	0.6068773234200744	11835	4	>20	0.8335955022165776
ENSMUSG00000044477.13:B1	wild_cluster	0.000281938157479	0.5413533834586466	797	4	6-10	0.8097622475650258
ENSMUSG00000047284.15:B1	wild_cluster	6.142161574128805e-85	0.011737089201877934	4259	4	11-20	0.6443643400857324
ENSMUSG00000049659.16:B1	wild_cluster	0.354935503591511	0.6900794947185016	9182	3	>20	0.873090735148179
ENSMUSG00000052488.8:B1	wild_cluster	0.0002749978380855	0.3280655982109579	13414	5	>20	0.7312712400417457
ENSMUSG00000054484.15:B1	wild_cluster	4.0719957209186005e-14	0.16668861092824228	7594	1	11-20	0.6614303193836947
ENSMUSG00000056692.14:B1	wild_cluster	0.0001389250107839	0.6672144617912901	1216	8	11-20	0.8633200488841525
ENSMUSG00000058793.15:B1	wild_cluster	2.916294473865921e-88	0.03293010752688172	1487	11	>20	0.6443643400857324
ENSMUSG00000061244.15:B1	wild_cluster	0.0962140307703869	0.41000658327847267	7594	1	11-20	0.7575435030523171
ENSMUSG00000063455.17:B1	wild_cluster	8.510852381381866e-19	0.14066343645173313	13414	5	>20	0.6589614740368509
ENSMUSG00000068735.15:B1	wild_cluster	0.0675731367119724	0.39703221136445893	2762	2	6-10	0.7554197301289071
ENSMUSG00000073274.6:B1	wild_cluster	0.0005591599903219	0.46702941990224106	10842	6	>20	0.7845549469845196
ENSMUSG00000085246.3:B1	wild_cluster	3.206270029411188e-07	0.24610693673091583	9182	3	>20	0.7043264083654981
ENSMUSG00000092341.5:B1	wild_cluster	5.281450996669704e-10	0.9137931034482759	1333	24	>20	0.974019391442259
ENSMUSG00000113634.2:B1	wild_cluster	0.9517152447007028	0.9521405049396268	4554	1	6-10	0.9930001647433454
ENSMUSG00000004562.17:B1	wild_cluster	0.3507530076241978	0.5742574257425742	302	3	1-5	0.8175621868709987
ENSMUSG00000004562.17:B2	wild_cluster	0.1019779530229337	0.4035126234906696	4554	1	6-10	0.7560842414254448
ENSMUSG00000004562.17:B3	wild_cluster	0.8674172922964143	0.9014270032930846	4554	1	6-10	0.9670283480805794
ENSMUSG00000004562.17:B4	wild_cluster	0.858017250604424	0.8900109769484084	4554	1	6-10	0.9609724669452555
ENSMUSG00000004562.17:B6	wild_cluster	0.0760913484564054	0.4107853782120883	2762	2	6-10	0.7575435030523171
ENSMUSG00000042323.18:B1	wild_cluster	4.087073651618567e-56	0.05278868813825609	6364	10	>20	0.6443643400857324
ENSMUSG00000042323.18:B3	wild_cluster	3.1197654410709664e-36	0.082445024226612	13414	5	>20	0.6443643400857324
ENSMUSG00000042323.18:B4	wild_cluster	2.9744840972224872e-21	0.13134550875885204	13414	5	>20	0.6488360055664605
ENSMUSG00000042323.18:B7	wild_cluster	2.78284591880938e-77	0.008092485549132947	864	15	>20	0.6443643400857324
ENSMUSG00000018841.18:B1	wild_cluster	1.7601714930114154e-40	0.11064763995609221	4554	1	6-10	0.6443643400857324
ENSMUSG00000018841.18:B2	wild_cluster	7.592929232102152e-48	0.08100987925356751	4554	1	6-10	0.6443643400857324
ENSMUSG00000018841.18:B3	wild_cluster	2.2929235018659204e-09	0.18507135016465423	4554	1	6-10	0.6694133470155151
ENSMUSG00000024908.16:B1	wild_cluster	4.6862874828776664e-18	0.28348397699260475	1216	8	11-20	0.716584179179599
ENSMUSG00000024908.16:B2	wild_cluster	0.6600923896375192	0.8751173708920188	4259	4	11-20	0.9536016826440301
ENSMUSG00000024908.16:B4	wild_cluster	4.277591169765e-06	0.2596244131455399	4259	4	11-20	0.7109417935409196
ENSMUSG00000029769.18:B1	wild_cluster	2.891429716101836e-20	0.22596548890714874	1216	8	11-20	0.6968044157246507
ENSMUSG00000029769.18:B2	wild_cluster	0.0007737135890238	0.613384484228474	2345	6	11-20	0.8384848407087927
ENSMUSG00000029769.18:B3	wild_cluster	2.399473657934249e-22	0.1684470008216927	1216	8	11-20	0.6614303193836947
ENSMUSG00000037300.20:B1	wild_cluster	2.0623543078672438e-56	0.06578073089700996	1504	16	>20	0.6443643400857324
ENSMUSG00000037300.20:B4	wild_cluster	1.0530408071491799e-38	0.09782312925170068	7349	8	>20	0.6443643400857324
ENSMUSG00000037300.20:B5	wild_cluster	9.580400808490159e-48	0.06612244897959184	7349	8	>20	0.6443643400857324
ENSMUSG00000055053.19:B1	wild_cluster	3.146297377202744e-20	0.30146341463414633	1024	10	11-20	0.7241072155357869
ENSMUSG00000055053.19:B2	wild_cluster	8.796880993622506e-26	0.07887323943661972	4259	4	11-20	0.6443643400857324
ENSMUSG00000055053.19:B4	wild_cluster	1.9919520657782105e-08	0.1874455100261552	2293	5	11-20	0.6701112877583466
ENSMUSG00000005907.15:B1	wild_cluster	5.591608098806492e-06	0.26657954916693893	9182	3	>20	0.7120777874931182
ENSMUSG00000005907.15:B2	wild_cluster	2.6695570578481726e-20	0.2594086021505376	1487	11	>20	0.7109417935409196
ENSMUSG00000020385.17:B1	wild_cluster	0.186900838882469	0.5108984582668793	7523	2	11-20	0.7996188273754362
ENSMUSG00000020385.17:B2	wild_cluster	0.2453871544313295	0.518235681369322	7594	1	11-20	0.8013464944733524
ENSMUSG00000022914.18:B1	wild_cluster	2.077767418280864e-08	0.8461991750147319	1696	18	>20	0.9402361999055501
ENSMUSG00000022914.18:B2	wild_cluster	5.915324260142548e-22	0.7638888888888888	287	27	>20	0.9012334418116413
ENSMUSG00000026811.19:B2	wild_cluster	0.6462584895573198	0.8080808080808081	7523	2	11-20	0.9229949423452336
ENSMUSG00000028937.15:B2	wild_cluster	0.2883814393116384	0.5458854509545754	7594	1	11-20	0.8114009026041947
ENSMUSG00000031523.17:B1	wild_cluster	5.216789640911287e-11	0.27195225916453536	2345	6	11-20	0.7137263202455285
ENSMUSG00000031523.17:B2	wild_cluster	0.0281858498122277	0.36020754340451006	5010	3	11-20	0.7428782721323877
ENSMUSG00000034731.12:B1	wild_cluster	8.51046854202549e-06	0.9162790697674419	1504	16	>20	0.9757133094424536
ENSMUSG00000034731.12:B2	wild_cluster	0.002875203065897	0.6266666666666667	7349	8	>20	0.845305673950142
ENSMUSG00000039844.21:B1	wild_cluster	5.7300024511652374e-64	0.031893165750196385	6364	10	>20	0.6443643400857324
ENSMUSG00000039844.21:B2	wild_cluster	5.922027471783723e-23	0.12605292582929556	13414	5	>20	0.6443643400857324
ENSMUSG00000045009.10:B1	wild_cluster	0.1837793868701996	0.5089048378522063	7523	2	11-20	0.7996188273754362
ENSMUSG00000045009.10:B2	wild_cluster	0.4748970061664304	0.6829493087557603	7594	1	11-20	0.8689228595370214
ENSMUSG00000056222.16:B1	wild_cluster	0.0009598192476886	0.833886394690611	5122	12	>20	0.934737690529127
ENSMUSG00000056222.16:B2	wild_cluster	0.0093774290464032	0.5629438347320852	10842	6	>20	0.8140754004263798
ENSMUSG00000079557.12:B1	wild_cluster	0.0178445635836284	0.33406505687487525	5010	3	11-20	0.7337812708493854
ENSMUSG00000079557.12:B2	wild_cluster	6.790828828525526e-05	0.39195979899497485	198	4	1-5	0.7545994212484498
ENSMUSG00000001833.18:B1	wild_cluster	0.0025523285746073	0.5118509637554183	10842	6	>20	0.8001196196168145
ENSMUSG00000004187.12:B1	wild_cluster	0.0003947466983916	0.5631292517006803	7349	8	>20	0.8140754004263798
ENSMUSG00000006418.18:B1	wild_cluster	0.2507737315121326	0.5596757044125465	7523	2	11-20	0.8140754004263798
ENSMUSG00000010663.6:B1	wild_cluster	0.5882789321982531	0.78686888844542	5010	3	11-20	0.9127416834955545
ENSMUSG00000016624.16:B1	wild_cluster	0.5806306297876929	0.8462914647782334	13414	5	>20	0.9402361999055501
ENSMUSG00000019428.17:B1	wild_cluster	3.435692022686718e-16	0.1002615518744551	2293	5	11-20	0.6443643400857324
ENSMUSG00000020230.16:B1	wild_cluster	0.4839024424280806	0.7166400850611377	7523	2	11-20	0.8839207433174819
ENSMUSG00000020657.17:B1	wild_cluster	0.5108213818486821	0.8260680034873583	2293	5	11-20	0.9319954187400661
ENSMUSG00000021111.16:B1	wild_cluster	3.6381505676695615e-37	0.24971098265895952	864	15	>20	0.707808564231738
ENSMUSG00000021700.11:B1	wild_cluster	0.0004275685366285	0.4993658271425983	5518	7	>20	0.7937531741859992
ENSMUSG00000022297.16:B1	wild_cluster	0.6559319673868991	0.8092068774265113	3605	1	1-5	0.9231652171808158
ENSMUSG00000022762.19:B1	wild_cluster	6.211629009628991e-10	0.27326385686618093	10842	6	>20	0.7138867044870465
ENSMUSG00000023965.14:B1	wild_cluster	0.0495551444959343	0.35587266739846324	4554	1	6-10	0.7428782721323877
ENSMUSG00000024498.17:B1	wild_cluster	1.1791948421694974e-38	0.13556174558960074	4307	9	>20	0.6540391661758845
ENSMUSG00000024982.11:B1	wild_cluster	3.144725083532096e-21	0.14995099640640314	9182	3	>20	0.6614303193836947
ENSMUSG00000025477.15:B1	wild_cluster	0.0006135300709286	0.4687817024808632	10842	6	>20	0.785416236865612
ENSMUSG00000026171.13:B1	wild_cluster	0.7129240006706719	0.8478203083466241	7523	2	11-20	0.9411852114386228
ENSMUSG00000026678.11:B1	wild_cluster	0.3699510886884213	0.5820854132002219	3605	1	1-5	0.821939704066645
ENSMUSG00000027184.15:B1	wild_cluster	1.0	1.0	13414	5	>20	1.0
ENSMUSG00000027698.15:B1	wild_cluster	1.830325582343964e-59	0.04537005745184184	11835	4	>20	0.6443643400857324
ENSMUSG00000028278.15:B1	wild_cluster	0.0006785363612714	0.34800608313619463	11835	4	>20	0.7390814122722396
ENSMUSG00000028832.12:B1	wild_cluster	0.0034761052236212	0.39075661572866194	13414	5	>20	0.7545994212484498
ENSMUSG00000029221.16:B1	wild_cluster	7.010430112717316e-17	0.2454421768707483	7349	8	>20	0.7041247202159037
ENSMUSG00000029735.18:B1	wild_cluster	0.7447095157546538	0.8450959102424901	2762	2	6-10	0.9402361999055501
ENSMUSG00000030329.12:B1	wild_cluster	0.4254351885114953	0.785680751173709	4259	4	11-20	0.9120631699656585
ENSMUSG00000031133.13:B1	wild_cluster	2.9066774743967075e-73	0.09203423304805794	7594	1	11-20	0.6443643400857324
ENSMUSG00000031731.17:B1	wild_cluster	8.846987424313721e-10	0.46488609583660645	6364	10	>20	0.7831127339383224
ENSMUSG00000032193.10:B1	wild_cluster	0.7720072979674667	0.85687952600395	7594	1	11-20	0.9453797378772596
ENSMUSG00000032560.15:B1	wild_cluster	0.8940286706537853	0.9333732296030322	5012	2	>20	0.9839263869390933
ENSMUSG00000033373.17:B1	wild_cluster	4.6720104164430105e-24	0.14156593705760645	9182	3	>20	0.6607251883986351
ENSMUSG00000034160.14:B1	wild_cluster	0.0054136573145754	0.5897807573835839	5518	7	>20	0.8258943745839122
ENSMUSG00000034898.18:B1	wild_cluster	2.705568539116775e-32	0.09683190458442043	13414	5	>20	0.6443643400857324
ENSMUSG00000035776.15:B2	wild_cluster	0.2544126882313794	0.509549945115258	4554	1	6-10	0.7996188273754362
ENSMUSG00000036667.15:B1	wild_cluster	0.0974820848463833	0.7945578231292517	7349	8	>20	0.9162174846855901
ENSMUSG00000037509.22:B1	wild_cluster	7.877538918922824e-08	0.22989191203876258	13414	5	>20	0.6983043657362142
ENSMUSG00000038206.14:B1	wild_cluster	1.4618642922532658e-78	0.05662637482304258	9182	3	>20	0.6443643400857324
ENSMUSG00000038807.20:B1	wild_cluster	0.0606674693686756	0.5446887812150578	13414	5	>20	0.810767580825247
ENSMUSG00000039701.12:B1	wild_cluster	5.853884120058703e-79	0.03130823704808051	13414	5	>20	0.6443643400857324
ENSMUSG00000040537.18:B1	wild_cluster	1.3936343126641876e-47	0.10853015811048214	5122	12	>20	0.6443643400857324
ENSMUSG00000041417.16:B1	wild_cluster	4.60723251082765e-16	0.18989209628331644	10842	6	>20	0.6713650685322653
ENSMUSG00000042507.16:B1	wild_cluster	3.580955486668945e-117	0.05898617511520737	7594	1	11-20	0.6443643400857324
ENSMUSG00000044550.12:B1	wild_cluster	0.0293528811963967	0.5147887323943662	4259	4	11-20	0.8006610969250729
ENSMUSG00000047409.14:B1	wild_cluster	0.0	0.08010732081257187	2608	1	>20	0.6443643400857324
ENSMUSG00000049775.17:B1	wild_cluster	0.0213532997003691	0.7540494458653026	2345	6	11-20	0.8979454319966929
ENSMUSG00000052512.18:B1	wild_cluster	1.003912724716462e-49	0.0967741935483871	1487	11	>20	0.6443643400857324
ENSMUSG00000054499.10:B1	wild_cluster	0.3202641925689339	0.5705817782656422	4554	1	6-10	0.815512143802942
ENSMUSG00000056755.14:B1	wild_cluster	0.1290894270261958	0.5833051706657655	11835	4	>20	0.8225410344399884
ENSMUSG00000058799.17:B1	wild_cluster	3.8652639331124e-10	0.19918002236302645	13414	5	>20	0.6828427905627187
ENSMUSG00000061286.8:B1	wild_cluster	0.2557169302207865	0.5635300372142478	7523	2	11-20	0.8140754004263798
ENSMUSG00000063457.15:B1	wild_cluster	0.0208431901748259	0.3289902280130293	2762	2	6-10	0.7314404080960116
ENSMUSG00000068747.15:B1	wild_cluster	7.894058705454914e-05	0.5225850340136055	7349	8	>20	0.8032253458102916
ENSMUSG00000073557.13:B1	wild_cluster	1.4611846447455698e-33	0.09295564666418188	13414	5	>20	0.6443643400857324
ENSMUSG00000085417.3:B1	wild_cluster	0.7290615008754405	0.8368663594470046	7594	1	11-20	0.9361908813321057
ENSMUSG00000092354.8:B1	wild_cluster	0.8318729608840818	0.9131002940215616	9182	3	>20	0.9737426285391226
ENSMUSG00000113895.2:B1	wild_cluster	0.015971986869266	0.5891358480125427	10842	6	>20	0.8255313529212102
ENSMUSG00000005506.17:B1	wild_cluster	1.668626182482816e-20	0.7368815592203898	1333	24	>20	0.8902030173648443
ENSMUSG00000005506.17:B2	wild_cluster	5.870124249911103e-16	0.16237781767404746	5012	2	>20	0.6614303193836947
ENSMUSG00000005506.17:B3	wild_cluster	5.958666356226439e-11	0.3291156462585034	7349	8	>20	0.7314404080960116
ENSMUSG00000005506.17:B4	wild_cluster	2.3860786403550817e-33	0.26112956810631227	1504	16	>20	0.711928205860649
ENSMUSG00000005506.17:B5	wild_cluster	6.242187244759674e-44	0.07564625850340136	7349	8	>20	0.6443643400857324
ENSMUSG00000044433.17:B1	wild_cluster	9.931676374712814e-07	0.15019905899384728	2762	2	6-10	0.6614303193836947
ENSMUSG00000044433.17:B2	wild_cluster	0.0756889672998525	0.39267886855241263	3605	1	1-5	0.7545994212484498
ENSMUSG00000044433.17:B3	wild_cluster	1.2955234120458682e-08	0.19055982436882546	4554	1	6-10	0.6713650685322653
ENSMUSG00000044433.17:B4	wild_cluster	2.6801524301722456e-51	0.06103183315038419	4554	1	6-10	0.6443643400857324
ENSMUSG00000018906.15:B2	wild_cluster	0.5544183939630956	0.7647176212332868	5010	3	11-20	0.9012334418116413
ENSMUSG00000018906.15:B3	wild_cluster	0.0096275861995347	0.3069247655158651	5010	3	11-20	0.7244864969571635
ENSMUSG00000024921.18:B1	wild_cluster	1.0	1.0	216	40	>20	1.0
ENSMUSG00000024921.18:B2	wild_cluster	3.2101215723398516e-34	0.19497250589159465	6364	10	>20	0.6774315196975345
ENSMUSG00000024921.18:B3	wild_cluster	1.0	1.0	256	30	>20	1.0
ENSMUSG00000029778.13:B1	wild_cluster	2.262568857864533e-29	0.1416326530612245	7349	8	>20	0.6607251883986351
ENSMUSG00000029778.13:B4	wild_cluster	2.922825161086549e-39	0.15889127464376343	5122	12	>20	0.6614303193836947
ENSMUSG00000037373.13:B1	wild_cluster	0.0189610488880524	0.33765715426062665	5010	3	11-20	0.7337812708493854
ENSMUSG00000037373.13:B2	wild_cluster	0.0008101893083023	0.6150895140664961	2345	6	11-20	0.8390298711295409
ENSMUSG00000037373.13:B5	wild_cluster	0.0528151696631501	0.40111754140890044	5010	3	11-20	0.7560842414254448
ENSMUSG00000057378.16:B1	wild_cluster	6.9070364628313056e-34	0.3717717717717718	1664	14	>20	0.7463073584888515
ENSMUSG00000057378.16:B2	wild_cluster	0.0056377167259315	0.5924986410581627	5518	7	>20	0.8285538438856997
ENSMUSG00000057378.16:B3	wild_cluster	3.8445874536192664e-22	0.20003623844899437	5518	7	>20	0.6828427905627187
ENSMUSG00000006575.15:B1	wild_cluster	1.0	1.0	7349	8	>20	1.0
ENSMUSG00000006575.15:B3	wild_cluster	0.0281315088909782	0.7212244897959184	7349	8	>20	0.8855004034606773
ENSMUSG00000020451.18:B1	wild_cluster	2.310352452246368e-19	0.34881905133710717	5122	12	>20	0.7395040431069492
ENSMUSG00000020451.18:B2	wild_cluster	1.249438067331198e-35	0.09434658304897169	10842	6	>20	0.6443643400857324
ENSMUSG00000022935.17:B1	wild_cluster	3.283455088106692e-08	0.34146341463414637	81	8	1-5	0.7340257026294947
ENSMUSG00000022935.17:B2	wild_cluster	0.3069189961746467	0.5835365853658536	1639	2	1-5	0.8225410344399884
ENSMUSG00000026826.14:B1	wild_cluster	0.0245941384679311	0.3462254120148857	7523	2	11-20	0.7373749518567313
ENSMUSG00000026826.14:B2	wild_cluster	0.059886539137704	0.3647136273864384	7594	1	11-20	0.7452850769350146
ENSMUSG00000029001.16:B1	wild_cluster	6.016727506208718e-18	0.16721311475409836	609	6	6-10	0.6614303193836947
ENSMUSG00000029001.16:B2	wild_cluster	0.1808178354216431	0.5179153094462541	2762	2	6-10	0.8013464944733524
ENSMUSG00000031540.15:B1	wild_cluster	2.6795164998499108e-42	0.13800507515127855	5122	12	>20	0.657975416627941
ENSMUSG00000031540.15:B3	wild_cluster	1.2397673950280142e-88	0.016201444466133124	5122	12	>20	0.6443643400857324
ENSMUSG00000034755.19:B1	wild_cluster	7.013038452740178e-05	0.2126528442317916	7523	2	11-20	0.6855172201020898
ENSMUSG00000034755.19:B2	wild_cluster	1.4717913471403188e-10	0.14897260273972604	1167	3	6-10	0.6614303193836947
ENSMUSG00000040021.14:B1	wild_cluster	0.0456993778532673	0.5467136150234742	4259	4	11-20	0.8114970000480488
ENSMUSG00000040021.14:B2	wild_cluster	0.0027363586988153	0.3969483568075117	4259	4	11-20	0.7554197301289071
ENSMUSG00000045333.16:B2	wild_cluster	0.6084834950657309	0.7298780487804878	1639	2	1-5	0.8885332140836532
ENSMUSG00000056608.15:B1	wild_cluster	1.1050678652603717e-22	0.29904352918211985	5122	12	>20	0.7224608851170397
ENSMUSG00000056608.15:B2	wild_cluster	1.2560609952518556e-32	0.10329244673983215	10842	6	>20	0.6443643400857324
ENSMUSG00000085438.3:B1	wild_cluster	5.791131348085455e-65	0.11244377811094453	1333	24	>20	0.6443643400857324
ENSMUSG00000085438.3:B3	wild_cluster	4.0779230752573706e-33	0.26578073089701	1504	16	>20	0.7120777874931182
ENSMUSG00000001847.15:B1	wild_cluster	2.581200354887052e-37	0.03076366268548679	2762	2	6-10	0.6443643400857324
ENSMUSG00000004233.15:B1	wild_cluster	0.0305418848126983	0.47828658330517065	11835	4	>20	0.7890601845572686
ENSMUSG00000006435.17:B1	wild_cluster	6.03011140224741e-14	0.3705834018077239	1216	8	11-20	0.7463073584888515
ENSMUSG00000010803.14:B1	wild_cluster	3.306345007334696e-26	0.1582312925170068	7349	8	>20	0.6614303193836947
ENSMUSG00000016637.8:B1	wild_cluster	0.7377396799845175	0.8682897625224506	5010	3	11-20	0.9505309891163716
ENSMUSG00000019432.16:B1	wild_cluster	0.0225273313986301	0.6124688739278797	10842	6	>20	0.8377426398478087
ENSMUSG00000020235.17:B1	wild_cluster	0.0029851365188144	0.2698032961190856	7523	2	11-20	0.7131135510323897
ENSMUSG00000020661.16:B1	wild_cluster	1.0685641356478073e-08	0.6213156353699004	5122	12	>20	0.8426651875182721
ENSMUSG00000021130.9:B1	wild_cluster	8.523186418814139e-15	0.3960975609756098	1024	10	11-20	0.7545994212484498
ENSMUSG00000021708.19:B1	wild_cluster	5.237473513086836e-26	0.11703317182258666	13414	5	>20	0.6443643400857324
ENSMUSG00000022305.14:B1	wild_cluster	0.1331951031761205	0.5512359795273876	9182	3	>20	0.8133760958172415
ENSMUSG00000022763.19:B1	wild_cluster	4.6154225345309155e-34	0.09146477823332091	13414	5	>20	0.6443643400857324
ENSMUSG00000023967.10:B1	wild_cluster	0.0021824949453618	0.26925608953258723	7594	1	11-20	0.7122245069213572
ENSMUSG00000024501.21:B1	wild_cluster	0.29325280051449	0.5792682926829268	1639	2	1-5	0.8195060553500436
ENSMUSG00000025016.12:B1	wild_cluster	7.581276546233951e-06	0.27450152078404866	11835	4	>20	0.7143986285913825
ENSMUSG00000025531.15:B1	wild_cluster	0.2196113338065491	0.5353535353535354	7523	2	11-20	0.807644255581053
ENSMUSG00000026179.15:B1	wild_cluster	5.533211878594483e-32	0.29949238578680204	787	12	11-20	0.7228112011799043
ENSMUSG00000026701.16:B1	wild_cluster	0.0015746151243183	0.2672811059907834	7594	1	11-20	0.7120777874931182
ENSMUSG00000027194.17:B1	wild_cluster	0.5756615412522971	0.7457537853851218	7594	1	11-20	0.8938707062360725
ENSMUSG00000027722.15:B1	wild_cluster	0.2448208739861846	0.8255118680920457	5518	7	>20	0.9319954187400661
ENSMUSG00000028282.13:B1	wild_cluster	0.0	0.011325274964608516	9182	3	>20	0.6443643400857324
ENSMUSG00000028833.14:B1	wild_cluster	3.058697603884354e-08	0.48142989786443824	4307	9	>20	0.7896623298374663
ENSMUSG00000029227.16:B1	wild_cluster	3.127225839738772e-05	0.2882594111069698	13414	5	>20	0.716584179179599
ENSMUSG00000029752.13:B1	wild_cluster	2.3282088223654334e-65	0.035486443381180226	7523	2	11-20	0.6443643400857324
ENSMUSG00000030330.16:B1	wild_cluster	0.6767170099523292	0.8442774692366329	9182	3	>20	0.9401790115387956
ENSMUSG00000031137.18:B1	wild_cluster	0.1908470894656492	0.5	1639	2	1-5	0.7937853107344632
ENSMUSG00000031732.13:B1	wild_cluster	3.577952990859315e-60	0.050631743982292726	10842	6	>20	0.6443643400857324
ENSMUSG00000032198.10:B1	wild_cluster	0.6079124925427608	0.7262195121951219	1639	2	1-5	0.8870097600731508
ENSMUSG00000032563.17:B1	wild_cluster	0.1156474154188116	0.4242264647794602	7594	1	11-20	0.7653115451042912
ENSMUSG00000033389.17:B1	wild_cluster	4.559955822374499e-06	0.16603472360806226	5010	3	11-20	0.6614303193836947
ENSMUSG00000034164.18:B1	wild_cluster	5.5311694234193366e-05	0.20231632283749548	2762	2	6-10	0.6848547296183478
ENSMUSG00000034902.18:B1	wild_cluster	0.000439986690134	0.4599280641888776	10842	6	>20	0.7818218309313187
ENSMUSG00000035835.15:B1	wild_cluster	0.7807997015967938	0.8603028308097432	7594	1	11-20	0.9459333644706788
ENSMUSG00000036686.17:B1	wild_cluster	0.3744107363994258	0.6500180962721679	2762	2	6-10	0.8576346637409249
ENSMUSG00000037519.18:B1	wild_cluster	0.0170494023888146	0.41304584558423174	9182	3	>20	0.7589105524097695
ENSMUSG00000038244.15:B1	wild_cluster	4.552986303535085e-57	0.03076923076923077	64	28	>20	0.6443643400857324
ENSMUSG00000038828.14:B1	wild_cluster	0.1323334762328104	0.49471163440431054	5010	3	11-20	0.7918237180562928
ENSMUSG00000039703.17:B1	wild_cluster	2.823373571864684e-36	0.07815140250084487	11835	4	>20	0.6443643400857324
ENSMUSG00000040543.17:B1	wild_cluster	0.0001189260114041	0.4309692889421747	10842	6	>20	0.7710512776539187
ENSMUSG00000041420.19:B1	wild_cluster	0.010956890030948	0.31211335062861706	5010	3	11-20	0.7250151179197742
ENSMUSG00000042508.17:B1	wild_cluster	0.1111775869768202	0.4208031599736669	7594	1	11-20	0.7625539491661092
ENSMUSG00000044628.6:B1	wild_cluster	0.2936286234124527	0.5404880754298391	3605	1	1-5	0.8097622475650258
ENSMUSG00000047414.7:B1	wild_cluster	0.0880064862748097	0.4722115753162131	2608	1	>20	0.7886564794285639
ENSMUSG00000049807.17:B1	wild_cluster	7.623501777053501e-41	0.13479968578161822	6364	10	>20	0.6537857467898117
ENSMUSG00000052516.20:B1	wild_cluster	0.0242627099482209	0.4781960491986582	13414	5	>20	0.7890601845572686
ENSMUSG00000054728.18:B1	wild_cluster	5.529083296730641e-45	0.3268365817091454	1333	24	>20	0.7305755066575554
ENSMUSG00000056763.17:B1	wild_cluster	1.767108910949799e-52	0.08959593987897717	5122	12	>20	0.6443643400857324
ENSMUSG00000058881.14:B1	wild_cluster	0.0416722390974814	0.38902439024390245	1639	2	1-5	0.7545994212484498
ENSMUSG00000061288.14:B1	wild_cluster	9.62322932654428e-37	0.17255514347062267	5122	12	>20	0.6642188120430711
ENSMUSG00000063550.9:B1	wild_cluster	0.0026594922618058	0.27091108671789244	4554	1	6-10	0.7135420303946365
ENSMUSG00000068748.8:B1	wild_cluster	0.0001169419138227	0.3109951546775997	13414	5	>20	0.7248494589545662
ENSMUSG00000073563.4:B1	wild_cluster	0.1243945926945356	0.4298880842659645	7594	1	11-20	0.7703375156874358
ENSMUSG00000085437.9:B1	wild_cluster	0.0003760305781959	0.24542462146148783	7594	1	11-20	0.7041247202159037
ENSMUSG00000093930.3:B1	wild_cluster	0.0070832009637368	0.41247042919905375	11835	4	>20	0.7583548810864779
ENSMUSG00000114704.2:B1	wild_cluster	0.4331745925273391	0.6730548102721349	2608	1	>20	0.8648340745880303
ENSMUSG00000008496.20:B1	wild_cluster	0.0904097148286083	0.7135479110947155	10842	6	>20	0.8818338120620783
ENSMUSG00000008496.20:B2	wild_cluster	0.0004217738180329	0.45854468320575487	10842	6	>20	0.7812114042035141
ENSMUSG00000008496.20:B3	wild_cluster	0.0031581302145937	0.3594685832516607	9182	3	>20	0.7428782721323877
ENSMUSG00000008496.20:B4	wild_cluster	0.0	0.08010732081257187	2608	1	>20	0.6443643400857324
ENSMUSG00000045098.20:B2	wild_cluster	0.0024574006976048	0.7162608012568735	6364	10	>20	0.8837290237241777
ENSMUSG00000045098.20:B3	wild_cluster	9.970597087953482e-37	0.08110324263883713	13414	5	>20	0.6443643400857324
ENSMUSG00000019082.19:B1	wild_cluster	6.493685083292048e-32	0.21351139041633935	6364	10	>20	0.6855172201020898
ENSMUSG00000019082.19:B2	wild_cluster	0.0070759048742995	0.41751770406261646	13414	5	>20	0.7614821193160489
ENSMUSG00000019082.19:B3	wild_cluster	0.0001953647833888	0.3207603428997391	13414	5	>20	0.7266310461423763
ENSMUSG00000025026.16:B3	wild_cluster	0.0178631186995956	0.4621692135669027	13414	5	>20	0.782346680796986
ENSMUSG00000025026.16:B4	wild_cluster	5.153812883655378e-07	0.5322859387274156	6364	10	>20	0.8058683243567343
ENSMUSG00000029992.15:B2	wild_cluster	9.263044142123009e-65	0.0409766813112538	11835	4	>20	0.6443643400857324
ENSMUSG00000029992.15:B3	wild_cluster	1.0	1.0	13414	5	>20	1.0
ENSMUSG00000037624.16:B2	wild_cluster	0.0069283053263601	0.3297282307265668	3605	1	1-5	0.7317167449884721
ENSMUSG00000058740.15:B1	wild_cluster	0.0001150427281408	0.617455896007428	4307	9	>20	0.8407273496212588
ENSMUSG00000058740.15:B2	wild_cluster	1.9660289863278687e-285	0.01470107807905913	9182	3	>20	0.6443643400857324
ENSMUSG00000058740.15:B4	wild_cluster	0.020890429911155	0.6072120261920133	10842	6	>20	0.8335955022165776
ENSMUSG00000008153.13:B1	wild_cluster	0.0001972182276304	0.838150289017341	864	15	>20	0.9364621519438283
ENSMUSG00000008153.13:B2	wild_cluster	0.0288811756510752	0.809897879025923	6364	10	>20	0.923466267654472
ENSMUSG00000020454.18:B1	wild_cluster	4.09026811638781e-43	0.11657501963864886	6364	10	>20	0.6443643400857324
ENSMUSG00000020454.18:B3	wild_cluster	1.9612583331153915e-18	0.1418561311964219	13414	5	>20	0.6607251883986351
ENSMUSG00000022961.19:B1	wild_cluster	5.322743017953004e-46	0.3103448275862069	1333	24	>20	0.7244864969571635
ENSMUSG00000022961.19:B3	wild_cluster	6.0913609060064156e-77	0.22151898734177214	157	36	>20	0.6921980188289953
ENSMUSG00000026853.16:B1	wild_cluster	2.5778764910596007e-09	0.1643835616438356	1167	3	6-10	0.6614303193836947
ENSMUSG00000026853.16:B2	wild_cluster	0.8004606146259066	0.8928761297182349	7523	2	11-20	0.9626789158784614
ENSMUSG00000029055.18:B1	wild_cluster	1.2217808125131796e-07	0.5135899450117832	6364	10	>20	0.8005197627271264
ENSMUSG00000029055.18:B2	wild_cluster	1.0548968120411612e-15	0.561849710982659	864	15	>20	0.8140754004263798
ENSMUSG00000031543.19:B2	wild_cluster	1.0	1.0	640	9	11-20	1.0
ENSMUSG00000034928.17:B1	wild_cluster	1.094345765631306e-39	0.13853658536585367	1024	10	11-20	0.6585723958383003
ENSMUSG00000034928.17:B2	wild_cluster	1.0	1.0	13414	5	>20	1.0
ENSMUSG00000040035.15:B1	wild_cluster	6.498501816747025e-32	0.21081397618582862	5122	12	>20	0.6855172201020898
ENSMUSG00000040035.15:B2	wild_cluster	0.0011112214859623	0.48427556949183803	10842	6	>20	0.7897176352473404
ENSMUSG00000045348.17:B1	wild_cluster	6.718398699014889e-21	0.20231292517006802	7349	8	>20	0.6848547296183478
ENSMUSG00000045348.17:B2	wild_cluster	0.4735608487650733	0.7648698884758365	11835	4	>20	0.9012334418116413
ENSMUSG00000056724.16:B1	wild_cluster	1.5505132845446473e-14	0.18164170826400444	3605	1	1-5	0.6668646455521224
ENSMUSG00000056724.16:B3	wild_cluster	1.0	1.0	3605	1	1-5	1.0
ENSMUSG00000090112.9:B1	wild_cluster	0.9470948969175323	0.9623216813677448	9182	3	>20	0.9979441419460785
ENSMUSG00000090112.9:B2	wild_cluster	2.5708953422241464e-30	0.11214608503181776	10842	6	>20	0.6443643400857324
ENSMUSG00000001891.17:B1	wild_cluster	0.175315197055299	0.46616749861342205	3605	1	1-5	0.7840961742483896
ENSMUSG00000004267.17:B1	wild_cluster	0.0221648282244661	0.7091156462585034	7349	8	>20	0.8795868316973966
ENSMUSG00000006586.16:B1	wild_cluster	9.515238142366069e-14	0.4653523326176069	5122	12	>20	0.7836045271343672
ENSMUSG00000016918.16:B1	wild_cluster	4.650880050907165e-47	0.06775510204081632	7349	8	>20	0.6443643400857324
ENSMUSG00000019478.18:B1	wild_cluster	4.565757482833091e-40	0.07004055424129774	11835	4	>20	0.6443643400857324
ENSMUSG00000020256.15:B1	wild_cluster	3.8547676955870943e-16	0.0524390243902439	1639	2	1-5	0.6443643400857324
ENSMUSG00000020668.11:B1	wild_cluster	2.428900307164795e-13	0.19144070565174778	9182	3	>20	0.6713650685322653
ENSMUSG00000021134.18:B1	wild_cluster	0.0037851033014096	0.39168638053396415	11835	4	>20	0.7545994212484498
ENSMUSG00000021710.12:B1	wild_cluster	2.3113347118785576e-27	0.1136041744316064	13414	5	>20	0.6443643400857324
ENSMUSG00000022307.17:B1	wild_cluster	1.1891816075169948e-37	0.3457382953181273	832	20	>20	0.7370504389522524
ENSMUSG00000022766.15:B1	wild_cluster	0.0094271398187782	0.39300882064684745	9182	3	>20	0.7545994212484498
ENSMUSG00000023977.16:B1	wild_cluster	1.900595706648244e-27	0.16977713353868454	5518	7	>20	0.6630031981498798
ENSMUSG00000024513.17:B1	wild_cluster	2.0709522130703584e-128	0.006167624197363974	11835	4	>20	0.6443643400857324
ENSMUSG00000025019.18:B1	wild_cluster	1.0	1.0	832	20	>20	1.0
ENSMUSG00000025558.20:B1	wild_cluster	0.5522476588463774	0.9638648860958366	6364	10	>20	0.9989710760458463
ENSMUSG00000026721.17:B1	wild_cluster	5.432295233153471e-24	0.17591836734693878	7349	8	>20	0.6642188120430711
ENSMUSG00000027198.17:B1	wild_cluster	0.1768420746080148	0.47662936142198814	7594	1	11-20	0.7890601845572686
ENSMUSG00000027742.14:B1	wild_cluster	3.6859962549697396e-26	0.1355766089513231	9182	3	>20	0.6540391661758845
ENSMUSG00000028309.15:B1	wild_cluster	4.9650745837586756e-101	0.0255338904363974	4307	9	>20	0.6443643400857324
ENSMUSG00000028849.18:B1	wild_cluster	6.193280603241161e-05	0.6199528672427337	6364	10	>20	0.8415098324939994
ENSMUSG00000029238.12:B1	wild_cluster	5.867875103365822e-05	0.4176888315041963	10842	6	>20	0.7614821193160489
ENSMUSG00000029754.14:B1	wild_cluster	8.855460391821386e-05	0.2217343578485181	4554	1	6-10	0.6921980188289953
ENSMUSG00000030374.16:B1	wild_cluster	4.460558980524834e-07	0.244278792396571	13414	5	>20	0.7031225676152261
ENSMUSG00000031153.17:B1	wild_cluster	0.0295386172937572	0.6736727668055807	5518	7	>20	0.8650714809231967
ENSMUSG00000031748.17:B1	wild_cluster	2.720861662932416e-22	0.7392290249433107	440	22	>20	0.8910385244356903
ENSMUSG00000032199.14:B1	wild_cluster	1.8807328780322641e-16	0.32046014790468363	1216	8	11-20	0.7266310461423763
ENSMUSG00000032564.17:B1	wild_cluster	8.366341250345984e-15	0.15140845070422534	4259	4	11-20	0.6614303193836947
ENSMUSG00000033392.17:B1	wild_cluster	7.371915422765609e-74	0.05922038980509745	1333	24	>20	0.6443643400857324
ENSMUSG00000034218.17:B1	wild_cluster	1.8277583604352754e-96	0.020797614610510624	13414	5	>20	0.6443643400857324
ENSMUSG00000034912.19:B1	wild_cluster	9.305938349149776e-08	0.7230769230769231	64	12	1-5	0.8855004034606773
ENSMUSG00000035851.15:B1	wild_cluster	0.057279678766041	0.5401416325009318	13414	5	>20	0.8097622475650258
ENSMUSG00000036707.17:B1	wild_cluster	4.169418431038636e-15	0.19985243936180025	10842	6	>20	0.6828427905627187
ENSMUSG00000037533.21:B1	wild_cluster	3.911757249885124e-05	0.41077192658858247	10842	6	>20	0.7575435030523171
ENSMUSG00000038256.16:B1	wild_cluster	0.3608806904468732	0.7628596338273758	2293	5	11-20	0.9012024975015366
ENSMUSG00000038831.17:B1	wild_cluster	0.7383711865440596	0.9048825941110697	13414	5	>20	0.9698098076575374
ENSMUSG00000039704.9:B1	wild_cluster	0.0546693337479078	0.5154613044947618	11835	4	>20	0.8006610969250729
ENSMUSG00000040548.17:B1	wild_cluster	9.151906960170252e-05	0.46657003080268167	5518	7	>20	0.7844797526136338
ENSMUSG00000041426.13:B1	wild_cluster	7.753082763217864e-07	0.2489861439675566	11835	4	>20	0.7068085770714748
ENSMUSG00000042520.17:B1	wild_cluster	0.1237174112751113	0.613865076407007	13414	5	>20	0.8386177034103186
ENSMUSG00000044647.17:B1	wild_cluster	0.0173176072310487	0.9047433144641811	5122	12	>20	0.9698098076575374
ENSMUSG00000047454.13:B1	wild_cluster	0.0161322340041602	0.4464346062859074	11835	4	>20	0.7767748006946728
ENSMUSG00000049878.14:B1	wild_cluster	9.79245727242934e-19	0.2903899721448468	4307	9	>20	0.716584179179599
ENSMUSG00000054752.17:B1	wild_cluster	1.1105756814759782e-36	0.07688408246029065	11835	4	>20	0.6443643400857324
ENSMUSG00000056812.15:B1	wild_cluster	0.1526345090492122	0.599695843190267	11835	4	>20	0.8306323200811585
ENSMUSG00000058886.10:B1	wild_cluster	9.695937989735914e-126	0.028422084286180985	9182	3	>20	0.6443643400857324
ENSMUSG00000061313.11:B1	wild_cluster	1.0	1.0	5518	7	>20	1.0
ENSMUSG00000063663.12:B1	wild_cluster	1.0	1.0	13414	5	>20	1.0
ENSMUSG00000068882.14:B1	wild_cluster	1.0080745331188652e-71	0.03645173313455088	13414	5	>20	0.6443643400857324
ENSMUSG00000073725.9:B1	wild_cluster	2.4143555140943362e-17	0.1497127407908077	11835	4	>20	0.6614303193836947
ENSMUSG00000085568.8:B1	wild_cluster	0.2821240599772344	0.6744677255829672	11835	4	>20	0.8650714809231967
ENSMUSG00000096054.4:B1	wild_cluster	1.0971951765034642e-33	0.5367316341829086	1333	24	>20	0.8083565472396936
ENSMUSG00000115186.2:B1	wild_cluster	0.0204232103657619	0.6541040043486139	5518	7	>20	0.8596602041698637
