test_id	null_type	replicates	observed_statistic	empirical_p_value
ENSG00000001461.17:B1	label_permutation	16	-1522357017.3015027	0.5294117647058824
ENSG00000001461.17:B1	wild_cluster	16	-1522357017.3015027	1.0
ENSG00000004779.10:B1	label_permutation	16	453.65951709498654	1.0
ENSG00000004779.10:B1	wild_cluster	16	453.65951709498654	0.11764705882352941
ENSG00000004779.10:B2	label_permutation	16	137.66006167041306	0.29411764705882354
ENSG00000004779.10:B2	wild_cluster	16	137.66006167041306	0.058823529411764705
ENSG00000005249.13:B1	label_permutation	16	133834440.96430647	0.5294117647058824
ENSG00000005249.13:B1	wild_cluster	16	133834440.96430647	0.11764705882352941
ENSG00000005513.10:B1	label_permutation	16	15287.045397889491	0.47058823529411764
ENSG00000005513.10:B1	wild_cluster	16	15287.045397889491	0.11764705882352941
ENSG00000008300.17:B1	label_permutation	16	446814.91766100144	0.058823529411764705
ENSG00000008300.17:B1	wild_cluster	16	446814.91766100144	0.11764705882352941
ENSG00000008952.17:B1	label_permutation	16	70934.67709071825	0.7647058823529411
ENSG00000008952.17:B1	wild_cluster	16	70934.67709071825	0.8823529411764706
ENSG00000009954.11:B1	label_permutation	16	-3248877.983673897	0.8823529411764706
ENSG00000009954.11:B1	wild_cluster	16	-3248877.983673897	0.8235294117647058
ENSG00000011083.9:B1	label_permutation	16	1087.6046316515874	0.058823529411764705
ENSG00000011083.9:B1	wild_cluster	16	1087.6046316515874	0.6470588235294118
ENSG00000012660.14:B1	label_permutation	16	53087154.93164063	0.35294117647058826
ENSG00000012660.14:B1	wild_cluster	16	53087154.93164063	0.35294117647058826
ENSG00000012660.14:B2	label_permutation	15	-2013236056.4214888	0.625
ENSG00000012660.14:B2	wild_cluster	16	-2013236056.4214888	1.0
ENSG00000014824.14:B1	label_permutation	16	3607934.0083242175	0.7647058823529411
ENSG00000014824.14:B1	wild_cluster	16	3607934.0083242175	0.4117647058823529
ENSG00000020256.20:B1	label_permutation	15	101899884.42891017	0.5625
ENSG00000020256.20:B1	wild_cluster	16	101899884.42891017	0.17647058823529413
ENSG00000022567.9:B1	label_permutation	16	-481353773.0072336	0.7647058823529411
ENSG00000022567.9:B1	wild_cluster	16	-481353773.0072336	0.9411764705882353
ENSG00000023909.10:B1	label_permutation	16	19226856214.8372	0.17647058823529413
ENSG00000023909.10:B1	wild_cluster	16	19226856214.8372	0.058823529411764705
ENSG00000025796.14:B1	label_permutation	16	-4128370001.389857	0.9411764705882353
ENSG00000025796.14:B1	wild_cluster	16	-4128370001.389857	1.0
ENSG00000028310.18:B1	label_permutation	9	4855600.475054124	0.2
ENSG00000028310.18:B1	wild_cluster	16	4855600.475054124	0.47058823529411764
ENSG00000032742.17:B1	label_permutation	16	35145870.03771134	0.17647058823529413
ENSG00000032742.17:B1	wild_cluster	16	35145870.03771134	0.058823529411764705
ENSG00000036549.13:B1	label_permutation	16	-8690445434.311207	0.8823529411764706
ENSG00000036549.13:B1	wild_cluster	16	-8690445434.311207	1.0
ENSG00000038219.13:B1	label_permutation	16	459465548.5627942	0.4117647058823529
ENSG00000038219.13:B1	wild_cluster	16	459465548.5627942	0.11764705882352941
ENSG00000039319.17:B1	label_permutation	15	16178050841.17998	0.0625
ENSG00000039319.17:B1	wild_cluster	16	16178050841.17998	0.058823529411764705
ENSG00000041802.11:B1	label_permutation	16	42911344.188795365	0.6470588235294118
ENSG00000041802.11:B1	wild_cluster	16	42911344.188795365	0.23529411764705882
ENSG00000043093.14:B1	label_permutation	14	1096011372.4808528	0.4666666666666667
ENSG00000043093.14:B1	wild_cluster	16	1096011372.4808528	0.4117647058823529
ENSG00000044524.11:B1	label_permutation	16	42.58083989089259	0.5882352941176471
ENSG00000044524.11:B1	wild_cluster	16	42.58083989089259	0.8235294117647058
ENSG00000047365.12:B1	label_permutation	15	-9373348603.045725	0.8125
ENSG00000047365.12:B1	wild_cluster	16	-9373348603.045725	1.0
ENSG00000054267.22:B1	label_permutation	16	36906812852.09735	0.11764705882352941
ENSG00000054267.22:B1	wild_cluster	16	36906812852.09735	0.058823529411764705
ENSG00000055130.16:B2	label_permutation	16	1014.69918365636	0.17647058823529413
ENSG00000055130.16:B2	wild_cluster	16	1014.69918365636	0.23529411764705882
ENSG00000057294.14:B1	label_permutation	16	71.08375445344667	0.4117647058823529
ENSG00000057294.14:B1	wild_cluster	16	71.08375445344667	0.5882352941176471
ENSG00000058056.9:B1	label_permutation	16	232403646.0281312	0.058823529411764705
ENSG00000058056.9:B1	wild_cluster	16	232403646.0281312	0.058823529411764705
ENSG00000058673.16:B1	label_permutation	14	-23282954011.14985	0.9333333333333333
ENSG00000058673.16:B1	wild_cluster	16	-23282954011.14985	1.0
ENSG00000059769.20:B1	label_permutation	16	1037.7931386533078	0.058823529411764705
ENSG00000059769.20:B1	wild_cluster	16	1037.7931386533078	0.11764705882352941
ENSG00000059769.20:B2	label_permutation	16	52710.0840011706	0.29411764705882354
ENSG00000059769.20:B2	wild_cluster	16	52710.0840011706	0.8823529411764706
ENSG00000059769.20:B3	label_permutation	16	348.48409674090993	0.058823529411764705
ENSG00000059769.20:B3	wild_cluster	16	348.48409674090993	0.11764705882352941
ENSG00000059804.16:B1	label_permutation	16	-13901813197.294136	0.8235294117647058
ENSG00000059804.16:B1	wild_cluster	16	-13901813197.294136	1.0
ENSG00000060709.15:B1	label_permutation	16	39530235.1426571	0.058823529411764705
ENSG00000060709.15:B1	wild_cluster	16	39530235.1426571	0.058823529411764705
ENSG00000061936.9:B1	label_permutation	16	7388.518607904917	0.11764705882352941
ENSG00000061936.9:B1	wild_cluster	16	7388.518607904917	0.29411764705882354
ENSG00000065457.10:B1	label_permutation	16	7903209.014915682	0.23529411764705882
ENSG00000065457.10:B1	wild_cluster	16	7903209.014915682	0.5294117647058824
ENSG00000066933.16:B1	label_permutation	16	3711757009.4305778	0.5294117647058824
ENSG00000066933.16:B1	wild_cluster	16	3711757009.4305778	0.058823529411764705
ENSG00000067208.14:B1	label_permutation	16	-1703608591.6589935	0.8823529411764706
ENSG00000067208.14:B1	wild_cluster	16	-1703608591.6589935	0.9411764705882353
ENSG00000067704.10:B1	label_permutation	16	5636398.339195961	0.7647058823529411
ENSG00000067704.10:B1	wild_cluster	16	5636398.339195961	0.5882352941176471
ENSG00000068078.18:B1	label_permutation	16	638.1493978234771	0.6470588235294118
ENSG00000068078.18:B1	wild_cluster	16	638.1493978234771	0.9411764705882353
ENSG00000068308.13:B1	label_permutation	16	42219535.52540136	0.35294117647058826
ENSG00000068308.13:B1	wild_cluster	16	42219535.52540136	0.058823529411764705
ENSG00000068308.13:B2	label_permutation	16	3057483.2993245265	0.7058823529411765
ENSG00000068308.13:B2	wild_cluster	16	3057483.2993245265	0.5294117647058824
ENSG00000068912.14:B2	label_permutation	16	90.4975966332974	0.5294117647058824
ENSG00000068912.14:B2	wild_cluster	16	90.4975966332974	0.4117647058823529
ENSG00000069424.14:B1	label_permutation	16	34464.25328829476	0.6470588235294118
ENSG00000069424.14:B1	wild_cluster	16	34464.25328829476	0.47058823529411764
ENSG00000070010.19:B1	label_permutation	15	727.2568159575104	0.4375
ENSG00000070010.19:B1	wild_cluster	16	727.2568159575104	0.35294117647058826
ENSG00000070367.16:B1	label_permutation	16	-4182864110.591201	0.8823529411764706
ENSG00000070367.16:B1	wild_cluster	16	-4182864110.591201	1.0
ENSG00000070614.15:B1	label_permutation	9	7836.410532974498	0.7
ENSG00000070614.15:B1	wild_cluster	16	7836.410532974498	0.11764705882352941
ENSG00000070831.16:B1	label_permutation	16	162287.32910675355	0.23529411764705882
ENSG00000070831.16:B1	wild_cluster	16	162287.32910675355	0.35294117647058826
ENSG00000071205.11:B1	label_permutation	16	525057.5362926445	0.4117647058823529
ENSG00000071205.11:B1	wild_cluster	16	525057.5362926445	0.35294117647058826
ENSG00000071626.16:B1	label_permutation	16	-13204730477.45007	0.9411764705882353
ENSG00000071626.16:B1	wild_cluster	16	-13204730477.45007	1.0
ENSG00000072415.8:B1	label_permutation	16	2887902340.742801	0.17647058823529413
ENSG00000072415.8:B1	wild_cluster	16	2887902340.742801	0.058823529411764705
ENSG00000072832.14:B1	label_permutation	16	3229037.902702675	0.058823529411764705
ENSG00000072832.14:B1	wild_cluster	16	3229037.902702675	0.11764705882352941
ENSG00000073169.14:B1	label_permutation	16	266086.45187949337	0.058823529411764705
ENSG00000073169.14:B1	wild_cluster	16	266086.45187949337	0.23529411764705882
ENSG00000073169.14:B2	label_permutation	16	28807.86812452437	0.11764705882352941
ENSG00000073169.14:B2	wild_cluster	16	28807.86812452437	0.11764705882352941
ENSG00000073169.14:B3	label_permutation	16	113.61478397417642	0.47058823529411764
ENSG00000073169.14:B3	wild_cluster	16	113.61478397417642	0.7647058823529411
ENSG00000073712.15:B1	label_permutation	16	149700294.70633128	0.47058823529411764
ENSG00000073712.15:B1	wild_cluster	16	149700294.70633128	0.4117647058823529
ENSG00000075089.9:B1	label_permutation	16	729034.7631800754	0.7647058823529411
ENSG00000075089.9:B1	wild_cluster	16	729034.7631800754	0.7647058823529411
ENSG00000075089.9:B2	label_permutation	11	-17391702733.770844	0.75
ENSG00000075089.9:B2	wild_cluster	16	-17391702733.770844	1.0
ENSG00000075826.17:B1	label_permutation	16	28671092.382601555	0.4117647058823529
ENSG00000075826.17:B1	wild_cluster	16	28671092.382601555	0.17647058823529413
ENSG00000076201.15:B1	label_permutation	16	31933463656.04952	0.058823529411764705
ENSG00000076201.15:B1	wild_cluster	16	31933463656.04952	0.058823529411764705
ENSG00000076650.6:B1	label_permutation	16	-3156444805.043682	1.0
ENSG00000076650.6:B1	wild_cluster	16	-3156444805.043682	1.0
ENSG00000077147.16:B1	label_permutation	15	3263465.09806095	0.375
ENSG00000077147.16:B1	wild_cluster	16	3263465.09806095	0.23529411764705882
ENSG00000078177.14:B1	label_permutation	16	-55245.6881787421	0.7058823529411765
ENSG00000078177.14:B1	wild_cluster	16	-55245.6881787421	0.7058823529411765
ENSG00000078808.16:B1	label_permutation	16	57959555239.59386	0.058823529411764705
ENSG00000078808.16:B1	wild_cluster	16	57959555239.59386	0.058823529411764705
ENSG00000079313.15:B1	label_permutation	16	44280247031.81263	0.058823529411764705
ENSG00000079313.15:B1	wild_cluster	16	44280247031.81263	0.058823529411764705
ENSG00000079739.17:B1	label_permutation	16	824.0599652978595	0.29411764705882354
ENSG00000079739.17:B1	wild_cluster	16	824.0599652978595	0.35294117647058826
ENSG00000080224.17:B1	label_permutation	16	513433.76051556144	0.29411764705882354
ENSG00000080224.17:B1	wild_cluster	16	513433.76051556144	0.23529411764705882
ENSG00000080493.17:B1	label_permutation	16	7860608679.51656	0.058823529411764705
ENSG00000080493.17:B1	wild_cluster	16	7860608679.51656	0.058823529411764705
ENSG00000081248.11:B1	label_permutation	16	2.763144952104866e+28	0.29411764705882354
ENSG00000081248.11:B1	wild_cluster	16	2.763144952104866e+28	0.5882352941176471
ENSG00000081791.9:B1	label_permutation	16	13347106.629226148	0.17647058823529413
ENSG00000081791.9:B1	wild_cluster	16	13347106.629226148	0.11764705882352941
ENSG00000083828.16:B1	label_permutation	16	2300.418702161606	1.0
ENSG00000083828.16:B1	wild_cluster	16	2300.418702161606	0.11764705882352941
ENSG00000084676.15:B1	label_permutation	16	-32357656643.71981	0.9411764705882353
ENSG00000084676.15:B1	wild_cluster	16	-32357656643.71981	1.0
ENSG00000085365.18:B1	label_permutation	16	6560303.968157818	0.11764705882352941
ENSG00000085365.18:B1	wild_cluster	16	6560303.968157818	0.058823529411764705
ENSG00000085872.15:B1	label_permutation	16	26.987537186115063	0.8823529411764706
ENSG00000085872.15:B1	wild_cluster	16	26.987537186115063	0.8823529411764706
ENSG00000086189.10:B1	label_permutation	16	3050027819.4147224	0.23529411764705882
ENSG00000086189.10:B1	wild_cluster	16	3050027819.4147224	0.058823529411764705
ENSG00000086544.3:B1	label_permutation	16	12.661652580175929	0.4117647058823529
ENSG00000086544.3:B1	wild_cluster	16	12.661652580175929	0.4117647058823529
ENSG00000086827.9:B1	label_permutation	16	107.31941610569032	0.9411764705882353
ENSG00000086827.9:B1	wild_cluster	16	107.31941610569032	0.7647058823529411
ENSG00000086827.9:B2	label_permutation	16	17.393270466333725	0.47058823529411764
ENSG00000086827.9:B2	wild_cluster	16	17.393270466333725	0.7058823529411765
ENSG00000089048.14:B1	label_permutation	16	302.8868062899581	0.058823529411764705
ENSG00000089048.14:B1	wild_cluster	16	302.8868062899581	0.058823529411764705
ENSG00000089248.7:B1	label_permutation	16	102353674445.41412	0.058823529411764705
ENSG00000089248.7:B1	wild_cluster	16	102353674445.41412	0.058823529411764705
ENSG00000089682.16:B1	label_permutation	16	3406.659310529529	0.7058823529411765
ENSG00000089682.16:B1	wild_cluster	16	3406.659310529529	0.8235294117647058
ENSG00000090020.11:B1	label_permutation	15	11785599078.12791	0.625
ENSG00000090020.11:B1	wild_cluster	16	11785599078.12791	0.058823529411764705
ENSG00000090376.10:B1	label_permutation	16	0.2269562174107062	1.0
ENSG00000090376.10:B1	wild_cluster	16	0.2269562174107062	0.9411764705882353
ENSG00000090565.16:B1	label_permutation	16	2122133.6530664302	0.6470588235294118
ENSG00000090565.16:B1	wild_cluster	16	2122133.6530664302	0.5294117647058824
ENSG00000090971.5:B1	label_permutation	16	9462408.695459438	0.5294117647058824
ENSG00000090971.5:B1	wild_cluster	16	9462408.695459438	0.17647058823529413
ENSG00000091879.13:B1	label_permutation	16	91570.5211747286	0.23529411764705882
ENSG00000091879.13:B1	wild_cluster	16	91570.5211747286	0.058823529411764705
ENSG00000092148.13:B1	label_permutation	16	-1441299097.8561046	0.5882352941176471
ENSG00000092148.13:B1	wild_cluster	16	-1441299097.8561046	0.7058823529411765
ENSG00000092445.12:B1	label_permutation	16	2109931308.8225875	0.058823529411764705
ENSG00000092445.12:B1	wild_cluster	16	2109931308.8225875	0.058823529411764705
ENSG00000092969.12:B1	label_permutation	16	2.897938180745184	0.8235294117647058
ENSG00000092969.12:B1	wild_cluster	16	2.897938180745184	0.7058823529411765
ENSG00000094841.14:B1	label_permutation	8	778965926.3413817	0.2222222222222222
ENSG00000094841.14:B1	wild_cluster	16	778965926.3413817	0.17647058823529413
ENSG00000095261.14:B1	label_permutation	16	7984.324280287592	0.29411764705882354
ENSG00000095261.14:B1	wild_cluster	16	7984.324280287592	0.11764705882352941
ENSG00000095637.22:B1	label_permutation	16	-1163700154.1156464	0.7647058823529411
ENSG00000095637.22:B1	wild_cluster	16	-1163700154.1156464	1.0
ENSG00000095713.14:B2	label_permutation	16	64.09821436090935	0.8235294117647058
ENSG00000095713.14:B2	wild_cluster	16	64.09821436090935	0.7647058823529411
ENSG00000096746.17:B1	label_permutation	16	50.97970582627887	0.8235294117647058
ENSG00000096746.17:B1	wild_cluster	16	50.97970582627887	0.9411764705882353
ENSG00000099219.14:B1	label_permutation	16	12921678205.460508	0.058823529411764705
ENSG00000099219.14:B1	wild_cluster	16	12921678205.460508	0.058823529411764705
ENSG00000099219.14:B2	label_permutation	16	1223807.6805281378	0.11764705882352941
ENSG00000099219.14:B2	wild_cluster	16	1223807.6805281378	0.058823529411764705
ENSG00000099219.14:B3	label_permutation	16	345.4286775081096	0.29411764705882354
ENSG00000099219.14:B3	wild_cluster	16	345.4286775081096	0.9411764705882353
ENSG00000099326.8:B1	label_permutation	16	39719226.13848468	0.5294117647058824
ENSG00000099326.8:B1	wild_cluster	16	39719226.13848468	0.17647058823529413
ENSG00000099904.15:B1	label_permutation	15	28005896.17896085	0.3125
ENSG00000099904.15:B1	wild_cluster	16	28005896.17896085	0.47058823529411764
ENSG00000100095.19:B1	label_permutation	16	230245757.82761183	0.058823529411764705
ENSG00000100095.19:B1	wild_cluster	16	230245757.82761183	0.11764705882352941
ENSG00000100116.16:B1	label_permutation	16	2526745.3329411023	0.4117647058823529
ENSG00000100116.16:B1	wild_cluster	16	2526745.3329411023	0.29411764705882354
ENSG00000100116.16:B2	label_permutation	16	252.286948132656	0.47058823529411764
ENSG00000100116.16:B2	wild_cluster	16	252.286948132656	0.058823529411764705
ENSG00000100207.18:B1	label_permutation	16	-177889771.93674925	1.0
ENSG00000100207.18:B1	wild_cluster	16	-177889771.93674925	1.0
ENSG00000100239.16:B1	label_permutation	16	-185215319.26558807	0.47058823529411764
ENSG00000100239.16:B1	wild_cluster	16	-185215319.26558807	0.6470588235294118
ENSG00000100281.14:B1	label_permutation	16	-9375045438.844896	0.8235294117647058
ENSG00000100281.14:B1	wild_cluster	16	-9375045438.844896	1.0
ENSG00000100311.16:B1	label_permutation	16	1849130.5765142336	0.058823529411764705
ENSG00000100311.16:B1	wild_cluster	16	1849130.5765142336	0.058823529411764705
ENSG00000100417.12:B1	label_permutation	16	-273097118.0638718	0.8823529411764706
ENSG00000100417.12:B1	wild_cluster	16	-273097118.0638718	1.0
ENSG00000100433.15:B1	label_permutation	16	305269413.0710066	0.058823529411764705
ENSG00000100433.15:B1	wild_cluster	16	305269413.0710066	0.11764705882352941
ENSG00000100433.15:B2	label_permutation	16	873.2267601687286	0.35294117647058826
ENSG00000100433.15:B2	wild_cluster	16	873.2267601687286	0.4117647058823529
ENSG00000100483.14:B1	label_permutation	16	0.0356222936415868	1.0
ENSG00000100483.14:B1	wild_cluster	16	0.0356222936415868	1.0
ENSG00000100804.18:B1	label_permutation	16	6516.502078526332	0.5294117647058824
ENSG00000100804.18:B1	wild_cluster	16	6516.502078526332	0.35294117647058826
ENSG00000100918.13:B1	label_permutation	16	1485480087.922851	0.4117647058823529
ENSG00000100918.13:B1	wild_cluster	16	1485480087.922851	0.17647058823529413
ENSG00000101004.15:B1	label_permutation	16	5119.151315497511	0.7058823529411765
ENSG00000101004.15:B1	wild_cluster	16	5119.151315497511	0.7647058823529411
ENSG00000101132.10:B1	label_permutation	16	30717474483.374462	0.058823529411764705
ENSG00000101132.10:B1	wild_cluster	16	30717474483.374462	0.058823529411764705
ENSG00000101216.11:B1	label_permutation	16	5.9072090887055	0.4117647058823529
ENSG00000101216.11:B1	wild_cluster	16	5.9072090887055	0.47058823529411764
ENSG00000101333.16:B1	label_permutation	16	-609282212.4700763	0.6470588235294118
ENSG00000101333.16:B1	wild_cluster	16	-609282212.4700763	0.7647058823529411
ENSG00000101463.6:B1	label_permutation	16	46191.59256275713	0.23529411764705882
ENSG00000101463.6:B1	wild_cluster	16	46191.59256275713	0.058823529411764705
ENSG00000102081.14:B1	label_permutation	16	5187161.336810464	0.058823529411764705
ENSG00000102081.14:B1	wild_cluster	16	5187161.336810464	0.4117647058823529
ENSG00000102226.9:B1	label_permutation	16	-594794215.6869521	0.7058823529411765
ENSG00000102226.9:B1	wild_cluster	16	-594794215.6869521	1.0
ENSG00000102385.12:B1	label_permutation	16	5726479343.829728	0.29411764705882354
ENSG00000102385.12:B1	wild_cluster	16	5726479343.829728	0.058823529411764705
ENSG00000102385.12:B2	label_permutation	16	174.12938590720304	0.29411764705882354
ENSG00000102385.12:B2	wild_cluster	16	174.12938590720304	0.4117647058823529
ENSG00000102385.12:B3	label_permutation	16	62478.73467577562	0.11764705882352941
ENSG00000102385.12:B3	wild_cluster	16	62478.73467577562	0.35294117647058826
ENSG00000102390.10:B1	label_permutation	16	3.0578439606836816	0.9411764705882353
ENSG00000102390.10:B1	wild_cluster	16	3.0578439606836816	1.0
ENSG00000102760.13:B1	label_permutation	16	0.9836813031338296	1.0
ENSG00000102760.13:B1	wild_cluster	16	0.9836813031338296	0.23529411764705882
ENSG00000102858.13:B1	label_permutation	16	1386880179.9126053	0.058823529411764705
ENSG00000102858.13:B1	wild_cluster	16	1386880179.9126053	0.17647058823529413
ENSG00000102910.13:B1	label_permutation	16	-27410846988.57424	0.9411764705882353
ENSG00000102910.13:B1	wild_cluster	16	-27410846988.57424	1.0
ENSG00000103150.6:B1	label_permutation	16	371.3696713377697	0.23529411764705882
ENSG00000103150.6:B1	wild_cluster	16	371.3696713377697	0.11764705882352941
ENSG00000103460.17:B1	label_permutation	16	2482.4548495832983	0.11764705882352941
ENSG00000103460.17:B1	wild_cluster	16	2482.4548495832983	0.23529411764705882
ENSG00000103512.15:B1	label_permutation	16	33186896.524585485	0.7647058823529411
ENSG00000103512.15:B1	wild_cluster	16	33186896.524585485	0.47058823529411764
ENSG00000104129.10:B1	label_permutation	16	3997952.397347253	0.7647058823529411
ENSG00000104129.10:B1	wild_cluster	16	3997952.397347253	0.7647058823529411
ENSG00000104267.10:B1	label_permutation	16	21.33078351060103	0.9411764705882353
ENSG00000104267.10:B1	wild_cluster	16	21.33078351060103	0.6470588235294118
ENSG00000104361.10:B1	label_permutation	16	1403275573.1510177	0.47058823529411764
ENSG00000104361.10:B1	wild_cluster	16	1403275573.1510177	0.058823529411764705
ENSG00000104435.13:B1	label_permutation	16	470871.618798202	0.11764705882352941
ENSG00000104435.13:B1	wild_cluster	16	470871.618798202	0.17647058823529413
ENSG00000104435.13:B2	label_permutation	16	235.4775012170821	0.11764705882352941
ENSG00000104435.13:B2	wild_cluster	16	235.4775012170821	0.23529411764705882
ENSG00000104472.10:B1	label_permutation	16	39.13766193857112	0.17647058823529413
ENSG00000104472.10:B1	wild_cluster	16	39.13766193857112	0.47058823529411764
ENSG00000104671.8:B1	label_permutation	16	48.82981776688403	0.058823529411764705
ENSG00000104671.8:B1	wild_cluster	16	48.82981776688403	0.058823529411764705
ENSG00000104722.14:B1	label_permutation	16	359.3820831586191	0.4117647058823529
ENSG00000104722.14:B1	wild_cluster	16	359.3820831586191	0.17647058823529413
ENSG00000104722.14:B2	label_permutation	16	743.5690912576526	0.5294117647058824
ENSG00000104722.14:B2	wild_cluster	16	743.5690912576526	0.11764705882352941
ENSG00000104805.16:B1	label_permutation	12	-935904950.8082885	0.6153846153846154
ENSG00000104805.16:B1	wild_cluster	16	-935904950.8082885	0.7647058823529411
ENSG00000104859.15:B1	label_permutation	16	32294594456.57353	0.11764705882352941
ENSG00000104859.15:B1	wild_cluster	16	32294594456.57353	0.058823529411764705
ENSG00000104888.10:B1	label_permutation	16	-2626.550991309559	1.0
ENSG00000104888.10:B1	wild_cluster	16	-2626.550991309559	0.8235294117647058
ENSG00000104969.10:B1	label_permutation	16	9546702486.493725	0.058823529411764705
ENSG00000104969.10:B1	wild_cluster	16	9546702486.493725	0.058823529411764705
ENSG00000105072.9:B1	label_permutation	10	-123905036.99739245	0.6363636363636364
ENSG00000105072.9:B1	wild_cluster	16	-123905036.99739245	0.7058823529411765
ENSG00000105278.11:B1	label_permutation	16	3275597828.53142	0.29411764705882354
ENSG00000105278.11:B1	wild_cluster	16	3275597828.53142	0.058823529411764705
ENSG00000105376.5:B1	label_permutation	16	-133022291.77820076	0.8823529411764706
ENSG00000105376.5:B1	wild_cluster	16	-133022291.77820076	0.5882352941176471
ENSG00000105675.8:B1	label_permutation	16	0.3042040096366637	0.7058823529411765
ENSG00000105675.8:B1	wild_cluster	16	0.3042040096366637	1.0
ENSG00000105879.12:B1	label_permutation	16	645.1921462747965	0.058823529411764705
ENSG00000105879.12:B1	wild_cluster	16	645.1921462747965	0.17647058823529413
ENSG00000105879.12:B2	label_permutation	16	29125.717605281883	0.4117647058823529
ENSG00000105879.12:B2	wild_cluster	16	29125.717605281883	0.35294117647058826
ENSG00000106052.13:B1	label_permutation	16	-1493801747.114343	0.6470588235294118
ENSG00000106052.13:B1	wild_cluster	16	-1493801747.114343	1.0
ENSG00000106263.18:B1	label_permutation	12	2862374275.835352	0.23076923076923078
ENSG00000106263.18:B1	wild_cluster	16	2862374275.835352	0.17647058823529413
ENSG00000106392.10:B1	label_permutation	16	185981239549.3484	0.058823529411764705
ENSG00000106392.10:B1	wild_cluster	16	185981239549.3484	0.058823529411764705
ENSG00000106479.11:B1	label_permutation	16	5774284.88791833	0.7058823529411765
ENSG00000106479.11:B1	wild_cluster	16	5774284.88791833	0.47058823529411764
ENSG00000106588.11:B1	label_permutation	16	205.71033617311568	0.35294117647058826
ENSG00000106588.11:B1	wild_cluster	16	205.71033617311568	0.17647058823529413
ENSG00000106636.8:B1	label_permutation	16	21603932549.871506	0.11764705882352941
ENSG00000106636.8:B1	wild_cluster	16	21603932549.871506	0.058823529411764705
ENSG00000106723.17:B1	label_permutation	16	4322854.615175274	0.47058823529411764
ENSG00000106723.17:B1	wild_cluster	16	4322854.615175274	0.11764705882352941
ENSG00000106853.20:B1	label_permutation	16	430410876.1241664	0.17647058823529413
ENSG00000106853.20:B1	wild_cluster	16	430410876.1241664	0.058823529411764705
ENSG00000107105.15:B1	label_permutation	16	571832662.4713657	0.11764705882352941
ENSG00000107105.15:B1	wild_cluster	16	571832662.4713657	0.11764705882352941
ENSG00000107362.13:B1	label_permutation	16	44.45511745499888	0.7647058823529411
ENSG00000107362.13:B1	wild_cluster	16	44.45511745499888	0.5882352941176471
ENSG00000107371.13:B1	label_permutation	16	158.74801790781868	0.5882352941176471
ENSG00000107371.13:B1	wild_cluster	16	158.74801790781868	0.35294117647058826
ENSG00000107371.13:B2	label_permutation	16	240097.4787805668	0.5882352941176471
ENSG00000107371.13:B2	wild_cluster	16	240097.4787805668	0.11764705882352941
ENSG00000107443.16:B1	label_permutation	16	1.6466176771252208	0.5882352941176471
ENSG00000107443.16:B1	wild_cluster	16	1.6466176771252208	0.7647058823529411
ENSG00000107443.16:B2	label_permutation	16	6.362082287633256	1.0
ENSG00000107443.16:B2	wild_cluster	16	6.362082287633256	0.35294117647058826
ENSG00000107443.16:B3	label_permutation	16	2.341979977498431	0.9411764705882353
ENSG00000107443.16:B3	wild_cluster	16	2.341979977498431	0.35294117647058826
ENSG00000107593.17:B1	label_permutation	16	28.2656610793324	0.47058823529411764
ENSG00000107593.17:B1	wild_cluster	16	28.2656610793324	0.058823529411764705
ENSG00000107902.14:B1	label_permutation	14	7243711721.16606	0.3333333333333333
ENSG00000107902.14:B1	wild_cluster	16	7243711721.16606	0.058823529411764705
ENSG00000108010.12:B1	label_permutation	15	56836842646.36439	0.125
ENSG00000108010.12:B1	wild_cluster	16	56836842646.36439	0.058823529411764705
ENSG00000108176.15:B1	label_permutation	16	326700.77581236267	0.058823529411764705
ENSG00000108176.15:B1	wild_cluster	16	326700.77581236267	0.11764705882352941
ENSG00000108176.15:B2	label_permutation	16	6.317461676191882	1.0
ENSG00000108176.15:B2	wild_cluster	16	6.317461676191882	0.8235294117647058
ENSG00000108349.17:B1	label_permutation	16	716.3348653474741	0.4117647058823529
ENSG00000108349.17:B1	wild_cluster	16	716.3348653474741	0.29411764705882354
ENSG00000108588.14:B1	label_permutation	16	2030601800.794604	0.058823529411764705
ENSG00000108588.14:B1	wild_cluster	16	2030601800.794604	0.058823529411764705
ENSG00000108684.14:B1	label_permutation	16	39324.989493121946	0.6470588235294118
ENSG00000108684.14:B1	wild_cluster	16	39324.989493121946	0.47058823529411764
ENSG00000108830.10:B1	label_permutation	16	-1220451092647329.5	1.0
ENSG00000108830.10:B1	wild_cluster	16	-1220451092647329.5	1.0
ENSG00000109184.15:B1	label_permutation	16	10766055234.052828	0.23529411764705882
ENSG00000109184.15:B1	wild_cluster	16	10766055234.052828	0.058823529411764705
ENSG00000109466.14:B1	label_permutation	16	7776042223.740107	0.11764705882352941
ENSG00000109466.14:B1	wild_cluster	16	7776042223.740107	0.058823529411764705
ENSG00000109758.8:B1	label_permutation	16	4.861177289945282	0.6470588235294118
ENSG00000109758.8:B1	wild_cluster	16	4.861177289945282	0.4117647058823529
ENSG00000109881.17:B1	label_permutation	16	6898.715667901208	0.11764705882352941
ENSG00000109881.17:B1	wild_cluster	16	6898.715667901208	0.4117647058823529
ENSG00000109956.13:B1	label_permutation	16	426890216.7571612	0.35294117647058826
ENSG00000109956.13:B1	wild_cluster	16	426890216.7571612	0.058823529411764705
ENSG00000110060.9:B1	label_permutation	16	7.542796684945743	0.17647058823529413
ENSG00000110060.9:B1	wild_cluster	16	7.542796684945743	0.29411764705882354
ENSG00000110104.13:B1	label_permutation	16	2.4493241716811047	1.0
ENSG00000110104.13:B1	wild_cluster	16	2.4493241716811047	0.8823529411764706
ENSG00000110274.16:B1	label_permutation	16	32691772570.726177	0.058823529411764705
ENSG00000110274.16:B1	wild_cluster	16	32691772570.726177	0.058823529411764705
ENSG00000110400.11:B1	label_permutation	11	9751524.60820051	0.25
ENSG00000110400.11:B1	wild_cluster	16	9751524.60820051	0.35294117647058826
ENSG00000110811.20:B1	label_permutation	13	40817783538.45256	0.14285714285714285
ENSG00000110811.20:B1	wild_cluster	16	40817783538.45256	0.058823529411764705
ENSG00000111142.14:B1	label_permutation	16	1353405895.0954847	0.23529411764705882
ENSG00000111142.14:B1	wild_cluster	16	1353405895.0954847	0.11764705882352941
ENSG00000111237.18:B1	label_permutation	15	61817739810.55081	0.0625
ENSG00000111237.18:B1	wild_cluster	16	61817739810.55081	0.058823529411764705
ENSG00000111275.13:B1	label_permutation	16	9.132154154150417	0.8235294117647058
ENSG00000111275.13:B1	wild_cluster	16	9.132154154150417	0.5294117647058824
ENSG00000111371.15:B1	label_permutation	16	7722158907.361085	0.11764705882352941
ENSG00000111371.15:B1	wild_cluster	16	7722158907.361085	0.058823529411764705
ENSG00000111666.11:B1	label_permutation	16	-1139818498.397002	0.5882352941176471
ENSG00000111666.11:B1	wild_cluster	16	-1139818498.397002	0.8235294117647058
ENSG00000111696.12:B1	label_permutation	16	-72477981881.91852	1.0
ENSG00000111696.12:B1	wild_cluster	16	-72477981881.91852	1.0
ENSG00000111775.3:B1	label_permutation	16	28.405776786081542	0.5882352941176471
ENSG00000111775.3:B1	wild_cluster	16	28.405776786081542	0.6470588235294118
ENSG00000111843.14:B1	label_permutation	16	5364.490691330003	0.4117647058823529
ENSG00000111843.14:B1	wild_cluster	16	5364.490691330003	0.11764705882352941
ENSG00000111880.16:B1	label_permutation	16	219.44725086857449	0.17647058823529413
ENSG00000111880.16:B1	wild_cluster	16	219.44725086857449	0.058823529411764705
ENSG00000111880.16:B3	label_permutation	16	686842.8505581786	0.11764705882352941
ENSG00000111880.16:B3	wild_cluster	16	686842.8505581786	0.35294117647058826
ENSG00000112033.14:B1	label_permutation	16	159.9888931405596	0.8823529411764706
ENSG00000112033.14:B1	wild_cluster	16	159.9888931405596	0.6470588235294118
ENSG00000112033.14:B2	label_permutation	16	519606027.1573146	0.29411764705882354
ENSG00000112033.14:B2	wild_cluster	16	519606027.1573146	0.11764705882352941
ENSG00000112033.14:B3	label_permutation	16	55819584630.9768	0.058823529411764705
ENSG00000112033.14:B3	wild_cluster	16	55819584630.9768	0.058823529411764705
ENSG00000112081.17:B1	label_permutation	16	958036.1848416348	0.7647058823529411
ENSG00000112081.17:B1	wild_cluster	16	958036.1848416348	0.7058823529411765
ENSG00000112308.13:B1	label_permutation	16	812.1788190763206	0.17647058823529413
ENSG00000112308.13:B1	wild_cluster	16	812.1788190763206	0.5882352941176471
ENSG00000112877.8:B1	label_permutation	16	2133955082.5317488	0.058823529411764705
ENSG00000112877.8:B1	wild_cluster	16	2133955082.5317488	0.058823529411764705
ENSG00000113048.16:B1	label_permutation	12	17798531745.839516	0.15384615384615385
ENSG00000113048.16:B1	wild_cluster	16	17798531745.839516	0.058823529411764705
ENSG00000113319.13:B1	label_permutation	16	389709959.72913057	0.058823529411764705
ENSG00000113319.13:B1	wild_cluster	16	389709959.72913057	0.058823529411764705
ENSG00000113575.10:B1	label_permutation	16	1249.503575784065	0.8823529411764706
ENSG00000113575.10:B1	wild_cluster	16	1249.503575784065	0.8235294117647058
ENSG00000113734.17:B1	label_permutation	16	7.156729029729016	0.4117647058823529
ENSG00000113734.17:B1	wild_cluster	16	7.156729029729016	0.47058823529411764
ENSG00000113838.13:B1	label_permutation	16	91907.71506613976	0.6470588235294118
ENSG00000113838.13:B1	wild_cluster	16	91907.71506613976	0.47058823529411764
ENSG00000114030.13:B1	label_permutation	16	69035.54965612182	0.47058823529411764
ENSG00000114030.13:B1	wild_cluster	16	69035.54965612182	0.7647058823529411
ENSG00000114383.10:B1	label_permutation	6	4990066.409589775	0.2857142857142857
ENSG00000114383.10:B1	wild_cluster	16	4990066.409589775	0.7058823529411765
ENSG00000114383.10:B2	label_permutation	13	50479986206.878426	0.14285714285714285
ENSG00000114383.10:B2	wild_cluster	16	50479986206.878426	0.058823529411764705
ENSG00000114491.14:B1	label_permutation	16	1302.8143770209742	0.6470588235294118
ENSG00000114491.14:B1	wild_cluster	16	1302.8143770209742	0.7647058823529411
ENSG00000114654.7:B1	label_permutation	16	45824349580.09967	0.058823529411764705
ENSG00000114654.7:B1	wild_cluster	16	45824349580.09967	0.058823529411764705
ENSG00000114770.17:B1	label_permutation	16	-1519114452.944691	0.7058823529411765
ENSG00000114770.17:B1	wild_cluster	16	-1519114452.944691	1.0
ENSG00000114857.18:B1	label_permutation	16	22294604549.42792	0.058823529411764705
ENSG00000114857.18:B1	wild_cluster	16	22294604549.42792	0.058823529411764705
ENSG00000115091.11:B1	label_permutation	11	13418422811.281918	0.16666666666666666
ENSG00000115091.11:B1	wild_cluster	16	13418422811.281918	0.058823529411764705
ENSG00000115194.10:B1	label_permutation	13	7149188.0549728125	0.07142857142857142
ENSG00000115194.10:B1	wild_cluster	16	7149188.0549728125	0.29411764705882354
ENSG00000115241.11:B1	label_permutation	16	5680332.365763916	0.23529411764705882
ENSG00000115241.11:B1	wild_cluster	16	5680332.365763916	0.7058823529411765
ENSG00000115310.18:B1	label_permutation	16	9017901.678150566	0.6470588235294118
ENSG00000115310.18:B1	wild_cluster	16	9017901.678150566	0.29411764705882354
ENSG00000115419.12:B1	label_permutation	16	23888830.463287663	0.23529411764705882
ENSG00000115419.12:B1	wild_cluster	16	23888830.463287663	0.11764705882352941
ENSG00000115561.16:B1	label_permutation	16	3523879.658664448	0.4117647058823529
ENSG00000115561.16:B1	wild_cluster	16	3523879.658664448	0.11764705882352941
ENSG00000115593.15:B1	label_permutation	15	170772.8689646178	0.125
ENSG00000115593.15:B1	wild_cluster	16	170772.8689646178	0.17647058823529413
ENSG00000115750.17:B1	label_permutation	16	8485296403.983872	0.11764705882352941
ENSG00000115750.17:B1	wild_cluster	16	8485296403.983872	0.23529411764705882
ENSG00000115896.16:B1	label_permutation	15	-7645017939.041245	0.6875
ENSG00000115896.16:B1	wild_cluster	16	-7645017939.041245	1.0
ENSG00000116147.17:B1	label_permutation	16	84.9481533447892	0.9411764705882353
ENSG00000116147.17:B1	wild_cluster	16	84.9481533447892	0.47058823529411764
ENSG00000116199.12:B1	label_permutation	16	948.1424732379912	0.6470588235294118
ENSG00000116199.12:B1	wild_cluster	16	948.1424732379912	0.17647058823529413
ENSG00000116260.17:B1	label_permutation	12	280239564.52860105	0.23076923076923078
ENSG00000116260.17:B1	wild_cluster	16	280239564.52860105	0.058823529411764705
ENSG00000116514.16:B2	label_permutation	16	282.09396879073665	0.058823529411764705
ENSG00000116514.16:B2	wild_cluster	16	282.09396879073665	0.058823529411764705
ENSG00000116661.11:B1	label_permutation	16	72779138.06274183	0.35294117647058826
ENSG00000116661.11:B1	wild_cluster	16	72779138.06274183	0.11764705882352941
ENSG00000116703.13:B1	label_permutation	16	63.548272269953685	0.11764705882352941
ENSG00000116703.13:B1	wild_cluster	16	63.548272269953685	0.058823529411764705
ENSG00000116857.17:B2	label_permutation	16	18087841.09170265	0.7058823529411765
ENSG00000116857.17:B2	wild_cluster	16	18087841.09170265	0.058823529411764705
ENSG00000116898.12:B1	label_permutation	16	247.4285204795052	0.29411764705882354
ENSG00000116898.12:B1	wild_cluster	16	247.4285204795052	0.5294117647058824
ENSG00000117009.12:B1	label_permutation	16	10465842939.813929	0.11764705882352941
ENSG00000117009.12:B1	wild_cluster	16	10465842939.813929	0.058823529411764705
ENSG00000117115.13:B1	label_permutation	16	1555.724518327002	0.23529411764705882
ENSG00000117115.13:B1	wild_cluster	16	1555.724518327002	0.23529411764705882
ENSG00000117528.13:B1	label_permutation	16	92.71430182098784	0.8823529411764706
ENSG00000117528.13:B1	wild_cluster	16	92.71430182098784	0.5294117647058824
ENSG00000117877.10:B1	label_permutation	16	250.8156434210161	0.17647058823529413
ENSG00000117877.10:B1	wild_cluster	16	250.8156434210161	0.4117647058823529
ENSG00000118257.16:B1	label_permutation	5	7594656899.607966	0.16666666666666666
ENSG00000118257.16:B1	wild_cluster	16	7594656899.607966	0.058823529411764705
ENSG00000118454.13:B1	label_permutation	16	133405213.14972672	0.47058823529411764
ENSG00000118454.13:B1	wild_cluster	16	133405213.14972672	0.17647058823529413
ENSG00000118600.11:B1	label_permutation	16	-2633467263.9955497	0.8823529411764706
ENSG00000118600.11:B1	wild_cluster	16	-2633467263.9955497	1.0
ENSG00000118689.15:B1	label_permutation	16	3026496.9775107927	0.47058823529411764
ENSG00000118689.15:B1	wild_cluster	16	3026496.9775107927	0.23529411764705882
ENSG00000118689.15:B2	label_permutation	16	175.17625061232468	0.6470588235294118
ENSG00000118689.15:B2	wild_cluster	16	175.17625061232468	0.5294117647058824
ENSG00000118873.16:B1	label_permutation	16	1144736.7397501697	0.35294117647058826
ENSG00000118873.16:B1	wild_cluster	16	1144736.7397501697	0.5294117647058824
ENSG00000119185.12:B1	label_permutation	14	43681.76473099622	0.4
ENSG00000119185.12:B1	wild_cluster	16	43681.76473099622	0.29411764705882354
ENSG00000119401.10:B1	label_permutation	16	46686518.9759282	0.058823529411764705
ENSG00000119401.10:B1	wild_cluster	16	46686518.9759282	0.058823529411764705
ENSG00000119408.16:B2	label_permutation	16	22.202997563275463	0.6470588235294118
ENSG00000119408.16:B2	wild_cluster	16	22.202997563275463	0.8235294117647058
ENSG00000119608.12:B1	label_permutation	16	1.728431588043207	1.0
ENSG00000119608.12:B1	wild_cluster	16	1.728431588043207	0.5882352941176471
ENSG00000119608.12:B2	label_permutation	16	2304774.5457400465	0.058823529411764705
ENSG00000119608.12:B2	wild_cluster	16	2304774.5457400465	0.058823529411764705
ENSG00000119638.13:B1	label_permutation	16	-15645675406.556	0.7647058823529411
ENSG00000119638.13:B1	wild_cluster	16	-15645675406.556	1.0
ENSG00000119865.8:B1	label_permutation	16	204.87525890092545	0.5294117647058824
ENSG00000119865.8:B1	wild_cluster	16	204.87525890092545	0.6470588235294118
ENSG00000120253.14:B1	label_permutation	16	689015.0584274234	0.6470588235294118
ENSG00000120253.14:B1	wild_cluster	16	689015.0584274234	0.6470588235294118
ENSG00000120616.15:B1	label_permutation	16	-4933790497.06613	0.8823529411764706
ENSG00000120616.15:B1	wild_cluster	16	-4933790497.06613	1.0
ENSG00000120693.13:B1	label_permutation	16	327891117.2077433	0.11764705882352941
ENSG00000120693.13:B1	wild_cluster	16	327891117.2077433	0.23529411764705882
ENSG00000120742.11:B1	label_permutation	16	1236239752.952687	0.11764705882352941
ENSG00000120742.11:B1	wild_cluster	16	1236239752.952687	0.17647058823529413
ENSG00000120832.10:B1	label_permutation	16	112.51559639309558	1.0
ENSG00000120832.10:B1	wild_cluster	16	112.51559639309558	0.8235294117647058
ENSG00000120907.17:B1	label_permutation	16	-1624617910.0046914	0.9411764705882353
ENSG00000120907.17:B1	wild_cluster	16	-1624617910.0046914	1.0
ENSG00000121060.18:B1	label_permutation	11	-106728534.17435212	0.75
ENSG00000121060.18:B1	wild_cluster	16	-106728534.17435212	0.7058823529411765
ENSG00000121753.12:B1	label_permutation	6	51137477.30236943	0.2857142857142857
ENSG00000121753.12:B1	wild_cluster	16	51137477.30236943	0.29411764705882354
ENSG00000121940.15:B1	label_permutation	16	15893656.216155766	0.8235294117647058
ENSG00000121940.15:B1	wild_cluster	16	15893656.216155766	0.29411764705882354
ENSG00000122068.13:B1	label_permutation	16	17916.90939434676	0.5882352941176471
ENSG00000122068.13:B1	wild_cluster	16	17916.90939434676	0.5882352941176471
ENSG00000122565.19:B1	label_permutation	16	0.6493713385797318	0.47058823529411764
ENSG00000122565.19:B1	wild_cluster	16	0.6493713385797318	0.5294117647058824
ENSG00000122674.11:B1	label_permutation	16	5596.791994779587	0.8235294117647058
ENSG00000122674.11:B1	wild_cluster	16	5596.791994779587	0.8823529411764706
ENSG00000122756.15:B1	label_permutation	16	1528041998.2055385	0.35294117647058826
ENSG00000122756.15:B1	wild_cluster	16	1528041998.2055385	0.11764705882352941
ENSG00000122958.15:B1	label_permutation	16	174588.00252057725	0.23529411764705882
ENSG00000122958.15:B1	wild_cluster	16	174588.00252057725	0.5294117647058824
ENSG00000123240.17:B1	label_permutation	16	38936.11810244983	0.35294117647058826
ENSG00000123240.17:B1	wild_cluster	16	38936.11810244983	0.058823529411764705
ENSG00000123297.18:B2	label_permutation	16	13.468563642839944	0.7058823529411765
ENSG00000123297.18:B2	wild_cluster	16	13.468563642839944	0.9411764705882353
ENSG00000123505.16:B1	label_permutation	16	128918289.68511744	0.058823529411764705
ENSG00000123505.16:B1	wild_cluster	16	128918289.68511744	0.11764705882352941
ENSG00000123684.13:B1	label_permutation	16	103315062.77100477	0.17647058823529413
ENSG00000123684.13:B1	wild_cluster	16	103315062.77100477	0.058823529411764705
ENSG00000123685.9:B1	label_permutation	16	3.553186741828111	0.8823529411764706
ENSG00000123685.9:B1	wild_cluster	16	3.553186741828111	0.6470588235294118
ENSG00000123685.9:B2	label_permutation	16	10.821930924668234	0.35294117647058826
ENSG00000123685.9:B2	wild_cluster	16	10.821930924668234	0.35294117647058826
ENSG00000123983.14:B1	label_permutation	16	-1336257981.6060462	0.47058823529411764
ENSG00000123983.14:B1	wild_cluster	16	-1336257981.6060462	0.8235294117647058
ENSG00000124164.15:B1	label_permutation	16	-85419019321.40468	1.0
ENSG00000124164.15:B1	wild_cluster	16	-85419019321.40468	1.0
ENSG00000124164.15:B2	label_permutation	16	320.71864394677664	0.058823529411764705
ENSG00000124164.15:B2	wild_cluster	16	320.71864394677664	0.11764705882352941
ENSG00000124333.16:B3	label_permutation	16	5779345.1321812	0.23529411764705882
ENSG00000124333.16:B3	wild_cluster	16	5779345.1321812	0.7058823529411765
ENSG00000124333.16_PAR_Y:B3	label_permutation	16	5779345.1321812	0.11764705882352941
ENSG00000124333.16_PAR_Y:B3	wild_cluster	16	5779345.1321812	0.5294117647058824
ENSG00000124383.9:B1	label_permutation	16	2410997677.089435	0.23529411764705882
ENSG00000124383.9:B1	wild_cluster	16	2410997677.089435	0.11764705882352941
ENSG00000124541.7:B1	label_permutation	16	9.860442266918866	0.6470588235294118
ENSG00000124541.7:B1	wild_cluster	16	9.860442266918866	0.7058823529411765
ENSG00000124664.11:B1	label_permutation	16	0.8277746413491379	0.29411764705882354
ENSG00000124664.11:B1	wild_cluster	16	0.8277746413491379	1.0
ENSG00000124733.4:B2	label_permutation	16	5.931363298498816	1.0
ENSG00000124733.4:B2	wild_cluster	16	5.931363298498816	0.7058823529411765
ENSG00000124785.9:B1	label_permutation	16	31689.444276815804	0.23529411764705882
ENSG00000124785.9:B1	wild_cluster	16	31689.444276815804	0.7058823529411765
ENSG00000125037.12:B1	label_permutation	16	0.1941945083094778	1.0
ENSG00000125037.12:B1	wild_cluster	16	0.1941945083094778	0.9411764705882353
ENSG00000125351.11:B1	label_permutation	16	1641075.309381536	0.29411764705882354
ENSG00000125351.11:B1	wild_cluster	16	1641075.309381536	0.11764705882352941
ENSG00000125484.12:B1	label_permutation	16	122.46163080774588	0.8235294117647058
ENSG00000125484.12:B1	wild_cluster	16	122.46163080774588	0.6470588235294118
ENSG00000125651.14:B1	label_permutation	16	259.174092612718	0.058823529411764705
ENSG00000125651.14:B1	wild_cluster	16	259.174092612718	0.23529411764705882
ENSG00000125741.4:B1	label_permutation	16	30.425458748365354	0.35294117647058826
ENSG00000125741.4:B1	wild_cluster	16	30.425458748365354	0.8235294117647058
ENSG00000125843.11:B1	label_permutation	16	421.1198746275581	0.35294117647058826
ENSG00000125843.11:B1	wild_cluster	16	421.1198746275581	0.35294117647058826
ENSG00000125843.11:B2	label_permutation	16	3050925032.409474	0.5882352941176471
ENSG00000125843.11:B2	wild_cluster	16	3050925032.409474	0.058823529411764705
ENSG00000126464.14:B1	label_permutation	16	5921822.062440153	0.8235294117647058
ENSG00000126464.14:B1	wild_cluster	16	5921822.062440153	0.35294117647058826
ENSG00000126709.15:B1	label_permutation	16	18634.29144441726	0.17647058823529413
ENSG00000126709.15:B1	wild_cluster	16	18634.29144441726	0.058823529411764705
ENSG00000126803.9:B2	label_permutation	16	1.2844752892577386e+30	0.35294117647058826
ENSG00000126803.9:B2	wild_cluster	16	1.2844752892577386e+30	0.7058823529411765
ENSG00000127511.9:B1	label_permutation	16	-41833102202.16802	0.9411764705882353
ENSG00000127511.9:B1	wild_cluster	16	-41833102202.16802	1.0
ENSG00000128050.8:B1	label_permutation	16	-12079848062.697618	0.9411764705882353
ENSG00000128050.8:B1	wild_cluster	16	-12079848062.697618	1.0
ENSG00000128245.15:B1	label_permutation	16	-3036482.690624149	0.9411764705882353
ENSG00000128245.15:B1	wild_cluster	16	-3036482.690624149	1.0
ENSG00000128245.15:B2	label_permutation	16	74368.804741907	0.11764705882352941
ENSG00000128245.15:B2	wild_cluster	16	74368.804741907	0.6470588235294118
ENSG00000128694.12:B1	label_permutation	13	18801398.266609147	0.5
ENSG00000128694.12:B1	wild_cluster	16	18801398.266609147	0.29411764705882354
ENSG00000128694.12:B2	label_permutation	16	19.909846713421867	0.7647058823529411
ENSG00000128694.12:B2	wild_cluster	16	19.909846713421867	0.8823529411764706
ENSG00000128791.12:B1	label_permutation	16	0.1647916708410048	1.0
ENSG00000128791.12:B1	wild_cluster	16	0.1647916708410048	1.0
ENSG00000128908.16:B1	label_permutation	16	62623810.76101117	0.35294117647058826
ENSG00000128908.16:B1	wild_cluster	16	62623810.76101117	0.058823529411764705
ENSG00000129055.12:B1	label_permutation	16	158.1894636588905	0.29411764705882354
ENSG00000129055.12:B1	wild_cluster	16	158.1894636588905	0.23529411764705882
ENSG00000129194.7:B1	label_permutation	16	0.9146400297802846	0.7058823529411765
ENSG00000129194.7:B1	wild_cluster	16	0.9146400297802846	0.7058823529411765
ENSG00000129484.13:B1	label_permutation	16	112154023130.14548	0.11764705882352941
ENSG00000129484.13:B1	wild_cluster	16	112154023130.14548	0.058823529411764705
ENSG00000129646.14:B2	label_permutation	16	3023.3933490578493	0.35294117647058826
ENSG00000129646.14:B2	wild_cluster	16	3023.3933490578493	0.058823529411764705
ENSG00000129646.14:B3	label_permutation	16	710014600.1261439	0.23529411764705882
ENSG00000129646.14:B3	wild_cluster	16	710014600.1261439	0.8823529411764706
ENSG00000130035.7:B1	label_permutation	16	6364857114.43538	0.47058823529411764
ENSG00000130035.7:B1	wild_cluster	16	6364857114.43538	0.058823529411764705
ENSG00000130255.13:B1	label_permutation	16	-22541711959.25904	0.8235294117647058
ENSG00000130255.13:B1	wild_cluster	16	-22541711959.25904	1.0
ENSG00000130347.12:B1	label_permutation	16	773955.6956044246	0.6470588235294118
ENSG00000130347.12:B1	wild_cluster	16	773955.6956044246	0.47058823529411764
ENSG00000130584.11:B1	label_permutation	16	68843.08679058614	0.29411764705882354
ENSG00000130584.11:B1	wild_cluster	16	68843.08679058614	0.23529411764705882
ENSG00000130724.8:B1	label_permutation	16	67208.78409505234	0.058823529411764705
ENSG00000130724.8:B1	wild_cluster	16	67208.78409505234	0.23529411764705882
ENSG00000130783.13:B1	label_permutation	16	22979511.238273203	0.23529411764705882
ENSG00000130783.13:B1	wild_cluster	16	22979511.238273203	0.23529411764705882
ENSG00000130997.16:B1	label_permutation	13	-33789588719.32921	0.7857142857142857
ENSG00000130997.16:B1	wild_cluster	16	-33789588719.32921	1.0
ENSG00000131016.17:B1	label_permutation	16	-5388883060.920091	0.8235294117647058
ENSG00000131016.17:B1	wild_cluster	16	-5388883060.920091	1.0
ENSG00000131016.17:B2	label_permutation	16	477.76097512787095	0.11764705882352941
ENSG00000131016.17:B2	wild_cluster	16	477.76097512787095	0.35294117647058826
ENSG00000131323.14:B1	label_permutation	16	1369399.332487265	0.11764705882352941
ENSG00000131323.14:B1	wild_cluster	16	1369399.332487265	0.058823529411764705
ENSG00000131480.9:B1	label_permutation	16	0.6838870796401404	0.7058823529411765
ENSG00000131480.9:B1	wild_cluster	16	0.6838870796401404	0.7647058823529411
ENSG00000131711.15:B1	label_permutation	16	-640096.8121395382	0.6470588235294118
ENSG00000131711.15:B1	wild_cluster	16	-640096.8121395382	0.47058823529411764
ENSG00000131791.8:B1	label_permutation	16	98371466.0172382	0.5294117647058824
ENSG00000131791.8:B1	wild_cluster	16	98371466.0172382	0.17647058823529413
ENSG00000132003.9:B1	label_permutation	16	18179182.85272452	0.23529411764705882
ENSG00000132003.9:B1	wild_cluster	16	18179182.85272452	0.8235294117647058
ENSG00000132003.9:B2	label_permutation	16	0.5108031009286164	0.9411764705882353
ENSG00000132003.9:B2	wild_cluster	16	0.5108031009286164	0.8823529411764706
ENSG00000132128.16:B1	label_permutation	16	200314639.0511149	0.29411764705882354
ENSG00000132128.16:B1	wild_cluster	16	200314639.0511149	0.17647058823529413
ENSG00000132326.12:B1	label_permutation	16	1.9192997737226127	1.0
ENSG00000132326.12:B1	wild_cluster	16	1.9192997737226127	0.9411764705882353
ENSG00000132388.12:B1	label_permutation	16	23.79462802632441	0.8823529411764706
ENSG00000132388.12:B1	wild_cluster	16	23.79462802632441	0.6470588235294118
ENSG00000132879.14:B1	label_permutation	16	21229.306559889137	0.058823529411764705
ENSG00000132879.14:B1	wild_cluster	16	21229.306559889137	0.11764705882352941
ENSG00000132964.12:B1	label_permutation	16	91491.12081729756	0.8235294117647058
ENSG00000132964.12:B1	wild_cluster	16	91491.12081729756	0.35294117647058826
ENSG00000133101.10:B1	label_permutation	16	3.7415334284686015	1.0
ENSG00000133101.10:B1	wild_cluster	16	3.7415334284686015	1.0
ENSG00000133101.10:B2	label_permutation	16	0.0235458705089756	1.0
ENSG00000133101.10:B2	wild_cluster	16	0.0235458705089756	0.9411764705882353
ENSG00000133138.20:B1	label_permutation	16	143.83699311624778	0.17647058823529413
ENSG00000133138.20:B1	wild_cluster	16	143.83699311624778	0.5294117647058824
ENSG00000133773.12:B1	label_permutation	16	17.73206335455334	0.8235294117647058
ENSG00000133773.12:B1	wild_cluster	16	17.73206335455334	0.9411764705882353
ENSG00000133872.13:B1	label_permutation	16	365.13285668758215	0.23529411764705882
ENSG00000133872.13:B1	wild_cluster	16	365.13285668758215	0.29411764705882354
ENSG00000134046.12:B1	label_permutation	16	-22975812076.5712	0.9411764705882353
ENSG00000134046.12:B1	wild_cluster	16	-22975812076.5712	1.0
ENSG00000134317.18:B1	label_permutation	16	217.4431638749557	0.9411764705882353
ENSG00000134317.18:B1	wild_cluster	16	217.4431638749557	0.7058823529411765
ENSG00000134375.11:B1	label_permutation	16	2523.61857763266	0.29411764705882354
ENSG00000134375.11:B1	wild_cluster	16	2523.61857763266	0.8235294117647058
ENSG00000134627.12:B1	label_permutation	16	1454.7186954151975	0.5882352941176471
ENSG00000134627.12:B1	wild_cluster	16	1454.7186954151975	0.7058823529411765
ENSG00000134748.13:B1	label_permutation	16	307.3051831742638	0.7058823529411765
ENSG00000134748.13:B1	wild_cluster	16	307.3051831742638	0.35294117647058826
ENSG00000134851.13:B1	label_permutation	16	62435811.9758004	0.29411764705882354
ENSG00000134851.13:B1	wild_cluster	16	62435811.9758004	0.058823529411764705
ENSG00000135046.14:B1	label_permutation	16	-39430076.610723205	0.9411764705882353
ENSG00000135046.14:B1	wild_cluster	16	-39430076.610723205	1.0
ENSG00000135097.7:B1	label_permutation	16	15.09370539943403	0.8823529411764706
ENSG00000135097.7:B1	wild_cluster	16	15.09370539943403	0.6470588235294118
ENSG00000135205.15:B1	label_permutation	15	-252179875.3249681	0.5
ENSG00000135205.15:B1	wild_cluster	16	-252179875.3249681	0.8823529411764706
ENSG00000135447.17:B1	label_permutation	16	3.167560463382529	0.8235294117647058
ENSG00000135447.17:B1	wild_cluster	16	3.167560463382529	0.8823529411764706
ENSG00000135502.17:B1	label_permutation	16	-6892978316.897237	0.9411764705882353
ENSG00000135502.17:B1	wild_cluster	16	-6892978316.897237	1.0
ENSG00000135541.21:B1	label_permutation	16	-3664168656.1815248	0.7647058823529411
ENSG00000135541.21:B1	wild_cluster	16	-3664168656.1815248	1.0
ENSG00000135637.13:B1	label_permutation	13	8255560838.090869	0.07142857142857142
ENSG00000135637.13:B1	wild_cluster	16	8255560838.090869	0.058823529411764705
ENSG00000135698.10:B1	label_permutation	16	-1013022762.9395852	0.7647058823529411
ENSG00000135698.10:B1	wild_cluster	16	-1013022762.9395852	0.9411764705882353
ENSG00000135766.8:B1	label_permutation	16	179.20822554038122	0.8235294117647058
ENSG00000135766.8:B1	wild_cluster	16	179.20822554038122	0.47058823529411764
ENSG00000136144.12:B1	label_permutation	16	2910410946.7977858	0.17647058823529413
ENSG00000136144.12:B1	wild_cluster	16	2910410946.7977858	0.058823529411764705
ENSG00000136197.12:B1	label_permutation	16	4198011.619394912	0.17647058823529413
ENSG00000136197.12:B1	wild_cluster	16	4198011.619394912	0.058823529411764705
ENSG00000136261.15:B1	label_permutation	12	59286.57521120027	0.38461538461538464
ENSG00000136261.15:B1	wild_cluster	16	59286.57521120027	0.35294117647058826
ENSG00000136381.13:B1	label_permutation	16	36406038.35388977	0.47058823529411764
ENSG00000136381.13:B1	wild_cluster	16	36406038.35388977	0.058823529411764705
ENSG00000136457.10:B1	label_permutation	16	2.336906254723476	1.0
ENSG00000136457.10:B1	wild_cluster	16	2.336906254723476	0.6470588235294118
ENSG00000136457.10:B3	label_permutation	16	0.7016657976730191	0.5294117647058824
ENSG00000136457.10:B3	wild_cluster	16	0.7016657976730191	0.47058823529411764
ENSG00000136485.15:B1	label_permutation	16	1969.526372365421	0.35294117647058826
ENSG00000136485.15:B1	wild_cluster	16	1969.526372365421	0.5882352941176471
ENSG00000136490.9:B2	label_permutation	16	23.73507800566282	0.35294117647058826
ENSG00000136490.9:B2	wild_cluster	16	23.73507800566282	0.17647058823529413
ENSG00000136490.9:B3	label_permutation	16	2.3733688344850707e+20	0.23529411764705882
ENSG00000136490.9:B3	wild_cluster	16	2.3733688344850707e+20	1.0
ENSG00000136699.19:B1	label_permutation	12	-783329139.3512846	0.5384615384615384
ENSG00000136699.19:B1	wild_cluster	16	-783329139.3512846	0.7647058823529411
ENSG00000136715.18:B1	label_permutation	16	5368225.107832733	0.17647058823529413
ENSG00000136715.18:B1	wild_cluster	16	5368225.107832733	0.058823529411764705
ENSG00000136715.18:B2	label_permutation	16	112.10428461285244	0.6470588235294118
ENSG00000136715.18:B2	wild_cluster	16	112.10428461285244	0.5294117647058824
ENSG00000136802.11:B1	label_permutation	16	17835379806.206985	0.058823529411764705
ENSG00000136802.11:B1	wild_cluster	16	17835379806.206985	0.058823529411764705
ENSG00000136828.19:B1	label_permutation	16	41155385.1338767	0.7058823529411765
ENSG00000136828.19:B1	wild_cluster	16	41155385.1338767	0.11764705882352941
ENSG00000136874.11:B1	label_permutation	13	5587648.872606945	0.5
ENSG00000136874.11:B1	wild_cluster	16	5587648.872606945	0.7647058823529411
ENSG00000136933.16:B1	label_permutation	16	426795921.33344257	0.11764705882352941
ENSG00000136933.16:B1	wild_cluster	16	426795921.33344257	0.11764705882352941
ENSG00000136933.16:B2	label_permutation	16	66.21580327617971	0.23529411764705882
ENSG00000136933.16:B2	wild_cluster	16	66.21580327617971	1.0
ENSG00000136933.16:B3	label_permutation	16	608.1239440962258	0.29411764705882354
ENSG00000136933.16:B3	wild_cluster	16	608.1239440962258	0.29411764705882354
ENSG00000137177.20:B1	label_permutation	5	64511010.51618459	0.6666666666666666
ENSG00000137177.20:B1	wild_cluster	16	64511010.51618459	0.29411764705882354
ENSG00000137221.14:B1	label_permutation	15	176944058.75778824	0.1875
ENSG00000137221.14:B1	wild_cluster	16	176944058.75778824	0.23529411764705882
ENSG00000137221.14:B2	label_permutation	14	1345921.7718067565	0.3333333333333333
ENSG00000137221.14:B2	wild_cluster	16	1345921.7718067565	0.7058823529411765
ENSG00000137266.14:B1	label_permutation	9	30142955618.99599	0.1
ENSG00000137266.14:B1	wild_cluster	16	30142955618.99599	0.058823529411764705
ENSG00000137500.9:B1	label_permutation	16	2235268620.697244	0.17647058823529413
ENSG00000137500.9:B1	wild_cluster	16	2235268620.697244	0.11764705882352941
ENSG00000137575.12:B1	label_permutation	16	113792.21694259338	0.9411764705882353
ENSG00000137575.12:B1	wild_cluster	16	113792.21694259338	0.8823529411764706
ENSG00000137822.12:B1	label_permutation	16	1501.2966466796022	0.23529411764705882
ENSG00000137822.12:B1	wild_cluster	16	1501.2966466796022	0.35294117647058826
ENSG00000137877.10:B1	label_permutation	16	23.10184598636974	0.29411764705882354
ENSG00000137877.10:B1	wild_cluster	16	23.10184598636974	0.17647058823529413
ENSG00000138050.15:B1	label_permutation	16	-8985793226.085537	0.7647058823529411
ENSG00000138050.15:B1	wild_cluster	16	-8985793226.085537	1.0
ENSG00000138138.13:B1	label_permutation	16	5004277.768269	0.29411764705882354
ENSG00000138138.13:B1	wild_cluster	16	5004277.768269	0.35294117647058826
ENSG00000138246.17:B1	label_permutation	16	-14809348600.821646	0.8823529411764706
ENSG00000138246.17:B1	wild_cluster	16	-14809348600.821646	1.0
ENSG00000138380.18:B1	label_permutation	16	-270389202.1539476	0.6470588235294118
ENSG00000138380.18:B1	wild_cluster	16	-270389202.1539476	1.0
ENSG00000138380.18:B2	label_permutation	16	295.8668570509941	0.29411764705882354
ENSG00000138380.18:B2	wild_cluster	16	295.8668570509941	0.058823529411764705
ENSG00000138400.13:B1	label_permutation	16	1.6994967265195495	0.11764705882352941
ENSG00000138400.13:B1	wild_cluster	16	1.6994967265195495	0.47058823529411764
ENSG00000138459.9:B1	label_permutation	16	58941691355.62458	0.058823529411764705
ENSG00000138459.9:B1	wild_cluster	16	58941691355.62458	0.058823529411764705
ENSG00000138642.14:B1	label_permutation	16	362594924.1066704	0.11764705882352941
ENSG00000138642.14:B1	wild_cluster	16	362594924.1066704	0.17647058823529413
ENSG00000138686.9:B1	label_permutation	15	2237549494.2552967	0.1875
ENSG00000138686.9:B1	wild_cluster	16	2237549494.2552967	0.11764705882352941
ENSG00000138834.12:B1	label_permutation	16	13320377728.909172	0.23529411764705882
ENSG00000138834.12:B1	wild_cluster	16	13320377728.909172	0.058823529411764705
ENSG00000139220.16:B1	label_permutation	15	34884598.59227279	0.375
ENSG00000139220.16:B1	wild_cluster	16	34884598.59227279	0.23529411764705882
ENSG00000139343.10:B1	label_permutation	16	-4708660390.929128	1.0
ENSG00000139343.10:B1	wild_cluster	16	-4708660390.929128	1.0
ENSG00000139496.16:B1	label_permutation	16	2117691084.626832	0.4117647058823529
ENSG00000139496.16:B1	wild_cluster	16	2117691084.626832	0.058823529411764705
ENSG00000139668.9:B1	label_permutation	16	385463177.1469046	0.47058823529411764
ENSG00000139668.9:B1	wild_cluster	16	385463177.1469046	0.29411764705882354
ENSG00000139793.18:B1	label_permutation	16	981763.2272556778	0.058823529411764705
ENSG00000139793.18:B1	wild_cluster	16	981763.2272556778	0.058823529411764705
ENSG00000139880.19:B2	label_permutation	16	1.0908067594688822	0.8235294117647058
ENSG00000139880.19:B2	wild_cluster	16	1.0908067594688822	0.8823529411764706
ENSG00000139974.15:B1	label_permutation	16	-4115694145.981879	0.8235294117647058
ENSG00000139974.15:B1	wild_cluster	16	-4115694145.981879	1.0
ENSG00000140382.15:B1	label_permutation	16	-96632343.4892839	0.8823529411764706
ENSG00000140382.15:B1	wild_cluster	16	-96632343.4892839	0.7058823529411765
ENSG00000140950.16:B1	label_permutation	16	11916411.158337131	0.5882352941176471
ENSG00000140950.16:B1	wild_cluster	16	11916411.158337131	0.9411764705882353
ENSG00000141101.13:B1	label_permutation	16	14806.413638115278	0.23529411764705882
ENSG00000141101.13:B1	wild_cluster	16	14806.413638115278	0.29411764705882354
ENSG00000141314.13:B1	label_permutation	16	4092104.555023953	0.6470588235294118
ENSG00000141314.13:B1	wild_cluster	16	4092104.555023953	0.5294117647058824
ENSG00000141314.13:B3	label_permutation	16	17.500431246362446	0.8823529411764706
ENSG00000141314.13:B3	wild_cluster	16	17.500431246362446	0.8235294117647058
ENSG00000141314.13:B4	label_permutation	16	1255539.155401672	0.8235294117647058
ENSG00000141314.13:B4	wild_cluster	16	1255539.155401672	0.9411764705882353
ENSG00000141338.14:B1	label_permutation	16	327.163188879553	0.4117647058823529
ENSG00000141338.14:B1	wild_cluster	16	327.163188879553	0.35294117647058826
ENSG00000141391.14:B1	label_permutation	16	31.737227156448142	1.0
ENSG00000141391.14:B1	wild_cluster	16	31.737227156448142	0.9411764705882353
ENSG00000141391.14:B2	label_permutation	16	8.163365957235852	0.7647058823529411
ENSG00000141391.14:B2	wild_cluster	16	8.163365957235852	0.6470588235294118
ENSG00000141519.15:B1	label_permutation	13	-45189709.19107679	0.9285714285714286
ENSG00000141519.15:B1	wild_cluster	16	-45189709.19107679	0.8235294117647058
ENSG00000141750.7:B1	label_permutation	16	114.45374194220145	0.23529411764705882
ENSG00000141750.7:B1	wild_cluster	16	114.45374194220145	0.35294117647058826
ENSG00000142186.17:B1	label_permutation	16	448037913.7706274	0.29411764705882354
ENSG00000142186.17:B1	wild_cluster	16	448037913.7706274	0.058823529411764705
ENSG00000142541.17:B1	label_permutation	16	107768084240.33226	0.058823529411764705
ENSG00000142541.17:B1	wild_cluster	16	107768084240.33226	0.058823529411764705
ENSG00000142669.15:B1	label_permutation	16	66.14444294054346	0.058823529411764705
ENSG00000142669.15:B1	wild_cluster	16	66.14444294054346	0.058823529411764705
ENSG00000142867.13:B1	label_permutation	16	60.20235750157697	0.7058823529411765
ENSG00000142867.13:B1	wild_cluster	16	60.20235750157697	0.4117647058823529
ENSG00000142867.13:B2	label_permutation	16	3.4984684254274803	1.0
ENSG00000142867.13:B2	wild_cluster	16	3.4984684254274803	1.0
ENSG00000142871.17:B1	label_permutation	16	102.71533468064608	0.35294117647058826
ENSG00000142871.17:B1	wild_cluster	16	102.71533468064608	0.058823529411764705
ENSG00000143149.12:B1	label_permutation	16	-78837879.99743392	0.9411764705882353
ENSG00000143149.12:B1	wild_cluster	16	-78837879.99743392	0.9411764705882353
ENSG00000143324.13:B1	label_permutation	16	66421.34788073867	0.8823529411764706
ENSG00000143324.13:B1	wild_cluster	16	66421.34788073867	0.9411764705882353
ENSG00000143376.14:B1	label_permutation	14	-156559888.04205316	0.4
ENSG00000143376.14:B1	wild_cluster	16	-156559888.04205316	1.0
ENSG00000143469.19:B1	label_permutation	16	5322.786526452933	0.35294117647058826
ENSG00000143469.19:B1	wild_cluster	16	5322.786526452933	0.6470588235294118
ENSG00000143756.12:B1	label_permutation	16	19.298536406511342	1.0
ENSG00000143756.12:B1	wild_cluster	16	19.298536406511342	0.9411764705882353
ENSG00000143756.12:B2	label_permutation	16	83435.12465626035	0.8235294117647058
ENSG00000143756.12:B2	wild_cluster	16	83435.12465626035	0.7647058823529411
ENSG00000143921.8:B1	label_permutation	16	453.89464523842935	0.7058823529411765
ENSG00000143921.8:B1	wild_cluster	16	453.89464523842935	0.9411764705882353
ENSG00000144134.18:B1	label_permutation	16	170072.87261893915	1.0
ENSG00000144134.18:B1	wild_cluster	16	170072.87261893915	1.0
ENSG00000144331.20:B1	label_permutation	16	8009.946871581684	0.058823529411764705
ENSG00000144331.20:B1	wild_cluster	16	8009.946871581684	0.29411764705882354
ENSG00000144559.10:B1	label_permutation	16	6383.204340049206	0.6470588235294118
ENSG00000144559.10:B1	wild_cluster	16	6383.204340049206	0.17647058823529413
ENSG00000144635.9:B1	label_permutation	16	5204.531491701096	0.17647058823529413
ENSG00000144635.9:B1	wild_cluster	16	5204.531491701096	0.47058823529411764
ENSG00000144712.12:B1	label_permutation	16	24140512481.213924	0.11764705882352941
ENSG00000144712.12:B1	wild_cluster	16	24140512481.213924	0.058823529411764705
ENSG00000144746.7:B1	label_permutation	16	-26656.902195352497	0.4117647058823529
ENSG00000144746.7:B1	wild_cluster	16	-26656.902195352497	0.5882352941176471
ENSG00000144746.7:B2	label_permutation	16	530718.985315722	0.4117647058823529
ENSG00000144746.7:B2	wild_cluster	16	530718.985315722	0.11764705882352941
ENSG00000144848.10:B1	label_permutation	16	191104.60392162905	0.11764705882352941
ENSG00000144848.10:B1	wild_cluster	16	191104.60392162905	0.47058823529411764
ENSG00000145016.16:B1	label_permutation	16	498710.3624547206	0.6470588235294118
ENSG00000145016.16:B1	wild_cluster	16	498710.3624547206	0.11764705882352941
ENSG00000145293.16:B1	label_permutation	16	65.17991952054912	0.17647058823529413
ENSG00000145293.16:B1	wild_cluster	16	65.17991952054912	0.11764705882352941
ENSG00000145494.11:B1	label_permutation	16	1631876.9340796408	0.058823529411764705
ENSG00000145494.11:B1	wild_cluster	16	1631876.9340796408	0.058823529411764705
ENSG00000145592.14:B1	label_permutation	14	-14265493.76907069	0.7333333333333333
ENSG00000145592.14:B1	wild_cluster	16	-14265493.76907069	0.6470588235294118
ENSG00000145919.10:B1	label_permutation	16	167178.49025461904	0.058823529411764705
ENSG00000145919.10:B1	wild_cluster	16	167178.49025461904	0.11764705882352941
ENSG00000146006.8:B1	label_permutation	16	13824688.76856057	0.47058823529411764
ENSG00000146006.8:B1	wild_cluster	16	13824688.76856057	0.35294117647058826
ENSG00000146147.15:B1	label_permutation	16	128.16562433101842	0.4117647058823529
ENSG00000146147.15:B1	wild_cluster	16	128.16562433101842	0.5294117647058824
ENSG00000146282.18:B1	label_permutation	16	-314821395.7100437	1.0
ENSG00000146282.18:B1	wild_cluster	16	-314821395.7100437	0.8823529411764706
ENSG00000146425.11:B1	label_permutation	16	114.7231891167003	0.35294117647058826
ENSG00000146425.11:B1	wild_cluster	16	114.7231891167003	0.5882352941176471
ENSG00000146776.14:B1	label_permutation	16	923710251.307438	0.23529411764705882
ENSG00000146776.14:B1	wild_cluster	16	923710251.307438	0.35294117647058826
ENSG00000146909.8:B1	label_permutation	16	2850489.2578758765	0.47058823529411764
ENSG00000146909.8:B1	wild_cluster	16	2850489.2578758765	0.23529411764705882
ENSG00000147121.16:B1	label_permutation	16	133.1001761488921	0.23529411764705882
ENSG00000147121.16:B1	wild_cluster	16	133.1001761488921	0.47058823529411764
ENSG00000147121.16:B2	label_permutation	16	4677.007593202941	0.8823529411764706
ENSG00000147121.16:B2	wild_cluster	16	4677.007593202941	0.23529411764705882
ENSG00000147548.17:B1	label_permutation	16	11220.512019106884	0.35294117647058826
ENSG00000147548.17:B1	wild_cluster	16	11220.512019106884	0.47058823529411764
ENSG00000147684.9:B1	label_permutation	16	204091.15238159325	0.47058823529411764
ENSG00000147684.9:B1	wild_cluster	16	204091.15238159325	0.058823529411764705
ENSG00000148110.15:B1	label_permutation	16	9.071241366238644	0.8823529411764706
ENSG00000148110.15:B1	wild_cluster	16	9.071241366238644	0.7058823529411765
ENSG00000148219.16:B1	label_permutation	16	-130432358.17804164	0.5882352941176471
ENSG00000148219.16:B1	wild_cluster	16	-130432358.17804164	0.9411764705882353
ENSG00000148308.17:B1	label_permutation	16	-1127450.4668796211	0.4117647058823529
ENSG00000148308.17:B1	wild_cluster	16	-1127450.4668796211	0.9411764705882353
ENSG00000148384.13:B1	label_permutation	16	132.83469702808108	0.5882352941176471
ENSG00000148384.13:B1	wild_cluster	16	132.83469702808108	0.5294117647058824
ENSG00000148408.13:B1	label_permutation	16	618161.1172663204	0.11764705882352941
ENSG00000148408.13:B1	wild_cluster	16	618161.1172663204	0.058823529411764705
ENSG00000148408.13:B2	label_permutation	16	242488.66618208692	0.35294117647058826
ENSG00000148408.13:B2	wild_cluster	16	242488.66618208692	0.058823529411764705
ENSG00000148408.13:B3	label_permutation	16	-884142.9233386541	0.6470588235294118
ENSG00000148408.13:B3	wild_cluster	16	-884142.9233386541	0.9411764705882353
ENSG00000148671.13:B1	label_permutation	16	14791.469745737111	0.5882352941176471
ENSG00000148671.13:B1	wild_cluster	16	14791.469745737111	0.058823529411764705
ENSG00000148824.19:B1	label_permutation	16	3707.1094915875874	1.0
ENSG00000148824.19:B1	wild_cluster	16	3707.1094915875874	0.29411764705882354
ENSG00000149115.14:B1	label_permutation	16	32811.85963313864	0.29411764705882354
ENSG00000149115.14:B1	wild_cluster	16	32811.85963313864	0.5294117647058824
ENSG00000149313.11:B1	label_permutation	16	1939261.9321133315	0.7647058823529411
ENSG00000149313.11:B1	wild_cluster	16	1939261.9321133315	0.47058823529411764
ENSG00000149503.13:B1	label_permutation	16	1624149.3980344348	0.6470588235294118
ENSG00000149503.13:B1	wild_cluster	16	1624149.3980344348	0.7647058823529411
ENSG00000149654.9:B1	label_permutation	16	429.7263604441656	0.8235294117647058
ENSG00000149654.9:B1	wild_cluster	16	429.7263604441656	0.17647058823529413
ENSG00000150471.16:B1	label_permutation	16	2673801595.854681	0.35294117647058826
ENSG00000150471.16:B1	wild_cluster	16	2673801595.854681	0.058823529411764705
ENSG00000150867.14:B1	label_permutation	16	502180.4303280882	0.5882352941176471
ENSG00000150867.14:B1	wild_cluster	16	502180.4303280882	0.35294117647058826
ENSG00000151014.6:B1	label_permutation	16	16.217809172606017	0.4117647058823529
ENSG00000151014.6:B1	wild_cluster	16	16.217809172606017	0.6470588235294118
ENSG00000151332.19:B1	label_permutation	15	-6146432238.509525	0.6875
ENSG00000151332.19:B1	wild_cluster	16	-6146432238.509525	1.0
ENSG00000151500.15:B1	label_permutation	16	95428701238.06056	0.11764705882352941
ENSG00000151500.15:B1	wild_cluster	16	95428701238.06056	0.058823529411764705
ENSG00000151692.15:B1	label_permutation	16	-39599357337.546005	0.9411764705882353
ENSG00000151692.15:B1	wild_cluster	16	-39599357337.546005	1.0
ENSG00000151779.13:B1	label_permutation	13	-3289259.403642753	0.5714285714285714
ENSG00000151779.13:B1	wild_cluster	16	-3289259.403642753	0.7058823529411765
ENSG00000151882.11:B1	label_permutation	16	2302.516128251268	0.47058823529411764
ENSG00000151882.11:B1	wild_cluster	16	2302.516128251268	0.9411764705882353
ENSG00000151967.18:B1	label_permutation	16	117.4590168685479	0.23529411764705882
ENSG00000151967.18:B1	wild_cluster	16	117.4590168685479	0.23529411764705882
ENSG00000152056.17:B1	label_permutation	16	268.68617234997714	0.29411764705882354
ENSG00000152056.17:B1	wild_cluster	16	268.68617234997714	0.7647058823529411
ENSG00000152056.17:B2	label_permutation	16	62914.9240330225	0.17647058823529413
ENSG00000152056.17:B2	wild_cluster	16	62914.9240330225	0.058823529411764705
ENSG00000152154.11:B1	label_permutation	16	11081297.939608635	0.4117647058823529
ENSG00000152154.11:B1	wild_cluster	16	11081297.939608635	0.058823529411764705
ENSG00000152214.14:B1	label_permutation	16	25.38613667761458	0.4117647058823529
ENSG00000152214.14:B1	wild_cluster	16	25.38613667761458	0.058823529411764705
ENSG00000152214.14:B2	label_permutation	16	2.40374792212201	0.8235294117647058
ENSG00000152214.14:B2	wild_cluster	16	2.40374792212201	0.6470588235294118
ENSG00000152270.9:B1	label_permutation	16	156608580931.4958	0.11764705882352941
ENSG00000152270.9:B1	wild_cluster	16	156608580931.4958	0.058823529411764705
ENSG00000152484.14:B1	label_permutation	16	223.0455978943069	0.17647058823529413
ENSG00000152484.14:B1	wild_cluster	16	223.0455978943069	0.17647058823529413
ENSG00000152583.12:B1	label_permutation	16	12308665.11598423	0.11764705882352941
ENSG00000152583.12:B1	wild_cluster	16	12308665.11598423	0.47058823529411764
ENSG00000152683.14:B1	label_permutation	16	5609.826774196376	0.4117647058823529
ENSG00000152683.14:B1	wild_cluster	16	5609.826774196376	0.4117647058823529
ENSG00000152683.14:B2	label_permutation	13	1518381.5442632008	0.8571428571428571
ENSG00000152683.14:B2	wild_cluster	16	1518381.5442632008	0.5294117647058824
ENSG00000152683.14:B3	label_permutation	8	655579370.3319317	0.3333333333333333
ENSG00000152683.14:B3	wild_cluster	16	655579370.3319317	0.29411764705882354
ENSG00000152784.15:B1	label_permutation	14	1332666442.485118	0.6
ENSG00000152784.15:B1	wild_cluster	16	1332666442.485118	0.058823529411764705
ENSG00000152944.9:B1	label_permutation	14	2163669.950299875	0.7333333333333333
ENSG00000152944.9:B1	wild_cluster	16	2163669.950299875	0.5882352941176471
ENSG00000153037.14:B1	label_permutation	15	-3067265349.3749723	0.625
ENSG00000153037.14:B1	wild_cluster	16	-3067265349.3749723	0.8823529411764706
ENSG00000153317.15:B1	label_permutation	16	47062093.94690916	0.6470588235294118
ENSG00000153317.15:B1	wild_cluster	16	47062093.94690916	0.058823529411764705
ENSG00000153707.17:B1	label_permutation	16	4210974239.233898	0.23529411764705882
ENSG00000153707.17:B1	wild_cluster	16	4210974239.233898	0.058823529411764705
ENSG00000153879.9:B1	label_permutation	16	298288.116388032	0.23529411764705882
ENSG00000153879.9:B1	wild_cluster	16	298288.116388032	0.058823529411764705
ENSG00000153975.10:B1	label_permutation	16	556.7626046796909	0.058823529411764705
ENSG00000153975.10:B1	wild_cluster	16	556.7626046796909	0.11764705882352941
ENSG00000154096.13:B1	label_permutation	16	9266467.0844843	0.47058823529411764
ENSG00000154096.13:B1	wild_cluster	16	9266467.0844843	0.29411764705882354
ENSG00000154370.16:B1	label_permutation	16	90.44023672675596	0.4117647058823529
ENSG00000154370.16:B1	wild_cluster	16	90.44023672675596	0.7647058823529411
ENSG00000154545.16:B1	label_permutation	16	140542825.73136482	0.35294117647058826
ENSG00000154545.16:B1	wild_cluster	16	140542825.73136482	0.058823529411764705
ENSG00000154719.13:B1	label_permutation	16	9.116629315631007	0.35294117647058826
ENSG00000154719.13:B1	wild_cluster	16	9.116629315631007	0.5882352941176471
ENSG00000154813.10:B1	label_permutation	16	47.97436216464904	0.23529411764705882
ENSG00000154813.10:B1	wild_cluster	16	47.97436216464904	0.29411764705882354
ENSG00000154957.14:B1	label_permutation	16	3632.153670293257	0.9411764705882353
ENSG00000154957.14:B1	wild_cluster	16	3632.153670293257	1.0
ENSG00000155090.15:B1	label_permutation	16	834251.091205395	0.4117647058823529
ENSG00000155090.15:B1	wild_cluster	16	834251.091205395	1.0
ENSG00000155265.11:B1	label_permutation	16	1830443.0305543889	0.9411764705882353
ENSG00000155265.11:B1	wild_cluster	16	1830443.0305543889	0.5882352941176471
ENSG00000155265.11:B2	label_permutation	16	261400.76477644543	0.23529411764705882
ENSG00000155265.11:B2	wild_cluster	16	261400.76477644543	0.058823529411764705
ENSG00000155592.16:B1	label_permutation	16	180.37200799019504	0.35294117647058826
ENSG00000155592.16:B1	wild_cluster	16	180.37200799019504	0.11764705882352941
ENSG00000156103.16:B1	label_permutation	16	12707.460199045236	0.058823529411764705
ENSG00000156103.16:B1	wild_cluster	16	12707.460199045236	0.11764705882352941
ENSG00000156467.9:B1	label_permutation	16	1576740725.010126	0.11764705882352941
ENSG00000156467.9:B1	wild_cluster	16	1576740725.010126	0.47058823529411764
ENSG00000156508.18:B1	label_permutation	16	-1084530374.1685746	1.0
ENSG00000156508.18:B1	wild_cluster	16	-1084530374.1685746	1.0
ENSG00000156671.14:B1	label_permutation	16	10007594.73191686	0.5294117647058824
ENSG00000156671.14:B1	wild_cluster	16	10007594.73191686	0.058823529411764705
ENSG00000156804.7:B1	label_permutation	16	684.6126915413712	0.5882352941176471
ENSG00000156804.7:B1	wild_cluster	16	684.6126915413712	0.8235294117647058
ENSG00000156973.14:B1	label_permutation	16	44.54747240590001	0.6470588235294118
ENSG00000156973.14:B1	wild_cluster	16	44.54747240590001	0.35294117647058826
ENSG00000157087.19:B1	label_permutation	16	2147007797.478556	0.058823529411764705
ENSG00000157087.19:B1	wild_cluster	16	2147007797.478556	0.058823529411764705
ENSG00000157212.18:B1	label_permutation	16	4758.992991871744	0.5294117647058824
ENSG00000157212.18:B1	wild_cluster	16	4758.992991871744	0.8235294117647058
ENSG00000157502.13:B1	label_permutation	16	138.9061804801798	0.5294117647058824
ENSG00000157502.13:B1	wild_cluster	16	138.9061804801798	0.47058823529411764
ENSG00000157502.13:B2	label_permutation	16	12.648421039326356	0.35294117647058826
ENSG00000157502.13:B2	wild_cluster	16	12.648421039326356	0.7647058823529411
ENSG00000157625.15:B1	label_permutation	16	875762792.1036023	0.5294117647058824
ENSG00000157625.15:B1	wild_cluster	16	875762792.1036023	0.058823529411764705
ENSG00000157782.9:B1	label_permutation	16	8791.5176959991	0.4117647058823529
ENSG00000157782.9:B1	wild_cluster	16	8791.5176959991	0.11764705882352941
ENSG00000158023.10:B1	label_permutation	12	-48933237624.22505	1.0
ENSG00000158023.10:B1	wild_cluster	16	-48933237624.22505	1.0
ENSG00000158186.13:B1	label_permutation	16	15786630936.726202	0.11764705882352941
ENSG00000158186.13:B1	wild_cluster	16	15786630936.726202	0.058823529411764705
ENSG00000158301.18:B1	label_permutation	16	48409.01002764909	0.7647058823529411
ENSG00000158301.18:B1	wild_cluster	16	48409.01002764909	0.6470588235294118
ENSG00000158445.10:B1	label_permutation	16	-1291154437.9675472	0.5882352941176471
ENSG00000158445.10:B1	wild_cluster	16	-1291154437.9675472	0.8823529411764706
ENSG00000158560.14:B1	label_permutation	16	7724294.43338146	0.058823529411764705
ENSG00000158560.14:B1	wild_cluster	16	7724294.43338146	0.058823529411764705
ENSG00000158715.6:B1	label_permutation	16	80.2329156291977	0.35294117647058826
ENSG00000158715.6:B1	wild_cluster	16	80.2329156291977	0.058823529411764705
ENSG00000158828.8:B1	label_permutation	16	6096690.824452171	0.4117647058823529
ENSG00000158828.8:B1	wild_cluster	16	6096690.824452171	0.47058823529411764
ENSG00000158828.8:B2	label_permutation	16	50.701381927267605	0.5294117647058824
ENSG00000158828.8:B2	wild_cluster	16	50.701381927267605	0.8235294117647058
ENSG00000158859.10:B1	label_permutation	16	2635.352875461612	0.29411764705882354
ENSG00000158859.10:B1	wild_cluster	16	2635.352875461612	0.17647058823529413
ENSG00000159128.14:B1	label_permutation	15	88504940837.96532	0.0625
ENSG00000159128.14:B1	wild_cluster	16	88504940837.96532	0.11764705882352941
ENSG00000159346.13:B1	label_permutation	16	2908877.553202414	0.8235294117647058
ENSG00000159346.13:B1	wild_cluster	16	2908877.553202414	0.5882352941176471
ENSG00000159450.12:B1	label_permutation	16	0.9874516605226034	0.5294117647058824
ENSG00000159450.12:B1	wild_cluster	16	0.9874516605226034	0.5294117647058824
ENSG00000160072.19:B1	label_permutation	16	59350.33311448087	0.23529411764705882
ENSG00000160072.19:B1	wild_cluster	16	59350.33311448087	0.11764705882352941
ENSG00000160131.13:B1	label_permutation	16	30501815.782164685	0.11764705882352941
ENSG00000160131.13:B1	wild_cluster	16	30501815.782164685	0.23529411764705882
ENSG00000160131.13:B2	label_permutation	16	4668869.985718727	0.058823529411764705
ENSG00000160131.13:B2	wild_cluster	16	4668869.985718727	0.058823529411764705
ENSG00000160293.17:B1	label_permutation	16	99169.91608575062	0.6470588235294118
ENSG00000160293.17:B1	wild_cluster	16	99169.91608575062	0.11764705882352941
ENSG00000160352.15:B1	label_permutation	16	135383755.9867035	0.5294117647058824
ENSG00000160352.15:B1	wild_cluster	16	135383755.9867035	0.11764705882352941
ENSG00000160948.14:B1	label_permutation	13	-7303832459.128798	0.7142857142857143
ENSG00000160948.14:B1	wild_cluster	16	-7303832459.128798	1.0
ENSG00000160948.14:B2	label_permutation	16	3720979759.079239	0.5294117647058824
ENSG00000160948.14:B2	wild_cluster	16	3720979759.079239	0.058823529411764705
ENSG00000161791.14:B1	label_permutation	16	17751.84527890489	0.29411764705882354
ENSG00000161791.14:B1	wild_cluster	16	17751.84527890489	0.058823529411764705
ENSG00000161970.14:B1	label_permutation	16	-178211896.0357954	0.47058823529411764
ENSG00000161970.14:B1	wild_cluster	16	-178211896.0357954	0.6470588235294118
ENSG00000162139.10:B1	label_permutation	16	-2020856482.8997965	0.5882352941176471
ENSG00000162139.10:B1	wild_cluster	16	-2020856482.8997965	1.0
ENSG00000162298.18:B1	label_permutation	15	-3715338.053969097	0.6875
ENSG00000162298.18:B1	wild_cluster	16	-3715338.053969097	0.7058823529411765
ENSG00000162415.7:B1	label_permutation	16	1774424.3643726232	0.4117647058823529
ENSG00000162415.7:B1	wild_cluster	16	1774424.3643726232	0.058823529411764705
ENSG00000162512.16:B1	label_permutation	16	16783.347596655178	0.35294117647058826
ENSG00000162512.16:B1	wild_cluster	16	16783.347596655178	0.4117647058823529
ENSG00000162522.11:B2	label_permutation	16	440.8181386281324	0.35294117647058826
ENSG00000162522.11:B2	wild_cluster	16	440.8181386281324	0.35294117647058826
ENSG00000162604.12:B1	label_permutation	16	4273630649.760424	0.058823529411764705
ENSG00000162604.12:B1	wild_cluster	16	4273630649.760424	0.11764705882352941
ENSG00000162650.16:B1	label_permutation	16	603.7180788509395	0.6470588235294118
ENSG00000162650.16:B1	wild_cluster	16	603.7180788509395	0.4117647058823529
ENSG00000162924.14:B1	label_permutation	16	57.79236561490356	0.8823529411764706
ENSG00000162924.14:B1	wild_cluster	16	57.79236561490356	0.47058823529411764
ENSG00000162997.15:B1	label_permutation	16	90.835404760418	0.5294117647058824
ENSG00000162997.15:B1	wild_cluster	16	90.835404760418	0.11764705882352941
ENSG00000163281.11:B1	label_permutation	16	131964181.04404636	0.35294117647058826
ENSG00000163281.11:B1	wild_cluster	16	131964181.04404636	0.058823529411764705
ENSG00000163346.17:B1	label_permutation	16	6430.415102596148	0.47058823529411764
ENSG00000163346.17:B1	wild_cluster	16	6430.415102596148	0.058823529411764705
ENSG00000163444.12:B1	label_permutation	16	12930555109.927168	0.17647058823529413
ENSG00000163444.12:B1	wild_cluster	16	12930555109.927168	0.058823529411764705
ENSG00000163491.16:B1	label_permutation	16	2539.27067819463	0.47058823529411764
ENSG00000163491.16:B1	wild_cluster	16	2539.27067819463	0.8235294117647058
ENSG00000163531.15:B1	label_permutation	16	19483876991.31958	0.058823529411764705
ENSG00000163531.15:B1	wild_cluster	16	19483876991.31958	0.058823529411764705
ENSG00000163596.16:B1	label_permutation	16	4023281447.925836	0.058823529411764705
ENSG00000163596.16:B1	wild_cluster	16	4023281447.925836	0.058823529411764705
ENSG00000163625.15:B1	label_permutation	16	158130.5628870204	0.17647058823529413
ENSG00000163625.15:B1	wild_cluster	16	158130.5628870204	0.058823529411764705
ENSG00000163703.17:B1	label_permutation	16	3208261585.2842703	0.29411764705882354
ENSG00000163703.17:B1	wild_cluster	16	3208261585.2842703	0.058823529411764705
ENSG00000163755.8:B1	label_permutation	16	41735328.37322733	0.4117647058823529
ENSG00000163755.8:B1	wild_cluster	16	41735328.37322733	0.11764705882352941
ENSG00000163867.17:B1	label_permutation	16	34834737170.95221	0.11764705882352941
ENSG00000163867.17:B1	wild_cluster	16	34834737170.95221	0.058823529411764705
ENSG00000163884.4:B1	label_permutation	16	1.0445299466582748e+18	0.058823529411764705
ENSG00000163884.4:B1	wild_cluster	16	1.0445299466582748e+18	1.0
ENSG00000163935.14:B1	label_permutation	16	5439.058843250157	0.8823529411764706
ENSG00000163935.14:B1	wild_cluster	16	5439.058843250157	0.8235294117647058
ENSG00000164038.15:B1	label_permutation	16	-2399998309.915032	0.7647058823529411
ENSG00000164038.15:B1	wild_cluster	16	-2399998309.915032	1.0
ENSG00000164070.12:B1	label_permutation	16	272.8002678421965	0.058823529411764705
ENSG00000164070.12:B1	wild_cluster	16	272.8002678421965	0.058823529411764705
ENSG00000164096.13:B1	label_permutation	16	90999512.472082	0.17647058823529413
ENSG00000164096.13:B1	wild_cluster	16	90999512.472082	0.058823529411764705
ENSG00000164163.11:B1	label_permutation	16	8.511958646430623	0.9411764705882353
ENSG00000164163.11:B1	wild_cluster	16	8.511958646430623	1.0
ENSG00000164187.7:B1	label_permutation	16	564508.2580261987	0.11764705882352941
ENSG00000164187.7:B1	wild_cluster	16	564508.2580261987	0.8823529411764706
ENSG00000164244.20:B1	label_permutation	16	1840.0948458870912	0.11764705882352941
ENSG00000164244.20:B1	wild_cluster	16	1840.0948458870912	0.058823529411764705
ENSG00000164609.10:B1	label_permutation	16	159989.35332928962	0.47058823529411764
ENSG00000164609.10:B1	wild_cluster	16	159989.35332928962	0.4117647058823529
ENSG00000164715.6:B1	label_permutation	16	8931.83603755891	0.7058823529411765
ENSG00000164715.6:B1	wild_cluster	16	8931.83603755891	0.17647058823529413
ENSG00000164841.5:B1	label_permutation	16	11.00730737855883	0.9411764705882353
ENSG00000164841.5:B1	wild_cluster	16	11.00730737855883	1.0
ENSG00000164916.11:B1	label_permutation	16	13.28414087617474	0.5882352941176471
ENSG00000164916.11:B1	wild_cluster	16	13.28414087617474	0.29411764705882354
ENSG00000165119.21:B1	label_permutation	16	1646.3098870244237	0.5882352941176471
ENSG00000165119.21:B1	wild_cluster	16	1646.3098870244237	0.23529411764705882
ENSG00000165259.14:B1	label_permutation	16	107617110.44022976	0.5882352941176471
ENSG00000165259.14:B1	wild_cluster	16	107617110.44022976	0.11764705882352941
ENSG00000165322.17:B1	label_permutation	16	28709146852.66376	0.058823529411764705
ENSG00000165322.17:B1	wild_cluster	16	28709146852.66376	0.058823529411764705
ENSG00000165417.12:B1	label_permutation	16	97.85463402656777	0.7058823529411765
ENSG00000165417.12:B1	wild_cluster	16	97.85463402656777	0.7647058823529411
ENSG00000165495.16:B1	label_permutation	11	18572519613.38206	0.08333333333333333
ENSG00000165495.16:B1	wild_cluster	16	18572519613.38206	0.058823529411764705
ENSG00000165548.11:B1	label_permutation	10	-9557391.73696076	0.6363636363636364
ENSG00000165548.11:B1	wild_cluster	16	-9557391.73696076	0.6470588235294118
ENSG00000165661.16:B1	label_permutation	16	7.357928734896024	0.8235294117647058
ENSG00000165661.16:B1	wild_cluster	16	7.357928734896024	0.23529411764705882
ENSG00000165698.16:B2	label_permutation	16	5.653103740845725	0.5294117647058824
ENSG00000165698.16:B2	wild_cluster	16	5.653103740845725	0.5882352941176471
ENSG00000165757.9:B1	label_permutation	16	10507333.209832544	0.6470588235294118
ENSG00000165757.9:B1	wild_cluster	16	10507333.209832544	0.058823529411764705
ENSG00000165802.22:B1	label_permutation	16	4227603356.570893	0.058823529411764705
ENSG00000165802.22:B1	wild_cluster	16	4227603356.570893	0.058823529411764705
ENSG00000165802.22:B3	label_permutation	16	88.02665773538175	0.17647058823529413
ENSG00000165802.22:B3	wild_cluster	16	88.02665773538175	0.23529411764705882
ENSG00000165802.22:B4	label_permutation	16	7889.016846380175	0.4117647058823529
ENSG00000165802.22:B4	wild_cluster	16	7889.016846380175	0.17647058823529413
ENSG00000165816.13:B1	label_permutation	16	2441.9079736526382	0.7058823529411765
ENSG00000165816.13:B1	wild_cluster	16	2441.9079736526382	0.058823529411764705
ENSG00000165816.13:B2	label_permutation	16	19.03232808502557	0.47058823529411764
ENSG00000165816.13:B2	wild_cluster	16	19.03232808502557	0.5294117647058824
ENSG00000165832.6:B1	label_permutation	16	29168.41937293244	0.11764705882352941
ENSG00000165832.6:B1	wild_cluster	16	29168.41937293244	0.7647058823529411
ENSG00000166004.15:B1	label_permutation	16	-239479141.3885718	0.5882352941176471
ENSG00000166004.15:B1	wild_cluster	16	-239479141.3885718	0.9411764705882353
ENSG00000166167.18:B1	label_permutation	16	2164886.4270753064	0.4117647058823529
ENSG00000166167.18:B1	wild_cluster	16	2164886.4270753064	0.7647058823529411
ENSG00000166257.8:B1	label_permutation	16	-274048002.1495143	1.0
ENSG00000166257.8:B1	wild_cluster	16	-274048002.1495143	0.8823529411764706
ENSG00000166326.7:B1	label_permutation	16	-382469.1683591847	0.8823529411764706
ENSG00000166326.7:B1	wild_cluster	16	-382469.1683591847	1.0
ENSG00000166432.15:B1	label_permutation	16	-2267472246.4735208	1.0
ENSG00000166432.15:B1	wild_cluster	16	-2267472246.4735208	0.9411764705882353
ENSG00000166454.10:B1	label_permutation	16	-480.4279742593163	0.7058823529411765
ENSG00000166454.10:B1	wild_cluster	16	-480.4279742593163	0.5882352941176471
ENSG00000166510.14:B1	label_permutation	16	139243520.93895927	0.058823529411764705
ENSG00000166510.14:B1	wild_cluster	16	139243520.93895927	0.47058823529411764
ENSG00000166816.14:B1	label_permutation	16	66065.45943910128	1.0
ENSG00000166816.14:B1	wild_cluster	16	66065.45943910128	0.47058823529411764
ENSG00000166816.14:B2	label_permutation	16	179.8207579851336	1.0
ENSG00000166816.14:B2	wild_cluster	16	179.8207579851336	0.11764705882352941
ENSG00000166963.13:B1	label_permutation	16	3562.615002720854	0.11764705882352941
ENSG00000166963.13:B1	wild_cluster	16	3562.615002720854	0.4117647058823529
ENSG00000167232.14:B1	label_permutation	16	5316847877.941256	0.23529411764705882
ENSG00000167232.14:B1	wild_cluster	16	5316847877.941256	0.058823529411764705
ENSG00000167363.14:B1	label_permutation	16	487195.5011613841	0.35294117647058826
ENSG00000167363.14:B1	wild_cluster	16	487195.5011613841	0.5294117647058824
ENSG00000167470.12:B1	label_permutation	14	4147136.557697975	0.3333333333333333
ENSG00000167470.12:B1	wild_cluster	16	4147136.557697975	0.17647058823529413
ENSG00000167549.18:B1	label_permutation	16	555.7387882335602	0.058823529411764705
ENSG00000167549.18:B1	wild_cluster	16	555.7387882335602	0.058823529411764705
ENSG00000167680.16:B1	label_permutation	16	26362.160038219823	0.058823529411764705
ENSG00000167680.16:B1	wild_cluster	16	26362.160038219823	0.17647058823529413
ENSG00000167700.9:B1	label_permutation	16	3130883945.736357	0.23529411764705882
ENSG00000167700.9:B1	wild_cluster	16	3130883945.736357	0.11764705882352941
ENSG00000167700.9:B2	label_permutation	16	145.04985518939642	0.11764705882352941
ENSG00000167700.9:B2	wild_cluster	16	145.04985518939642	0.8235294117647058
ENSG00000167700.9:B3	label_permutation	16	276050.803737974	0.058823529411764705
ENSG00000167700.9:B3	wild_cluster	16	276050.803737974	0.23529411764705882
ENSG00000167972.14:B1	label_permutation	16	-72766958.33148202	0.4117647058823529
ENSG00000167972.14:B1	wild_cluster	16	-72766958.33148202	1.0
ENSG00000168026.18:B1	label_permutation	16	-352828008110.9215	1.0
ENSG00000168026.18:B1	wild_cluster	16	-352828008110.9215	1.0
ENSG00000168081.9:B1	label_permutation	16	276720.4014270222	0.23529411764705882
ENSG00000168081.9:B1	wild_cluster	16	276720.4014270222	0.35294117647058826
ENSG00000168081.9:B2	label_permutation	16	198221.5621398128	0.6470588235294118
ENSG00000168081.9:B2	wild_cluster	16	198221.5621398128	0.5294117647058824
ENSG00000168101.14:B2	label_permutation	16	10.022007163937936	0.5294117647058824
ENSG00000168101.14:B2	wild_cluster	16	10.022007163937936	0.29411764705882354
ENSG00000168255.20:B1	label_permutation	16	-2907427694.922149	0.9411764705882353
ENSG00000168255.20:B1	wild_cluster	16	-2907427694.922149	1.0
ENSG00000168300.14:B1	label_permutation	16	27111383.794881456	0.11764705882352941
ENSG00000168300.14:B1	wild_cluster	16	27111383.794881456	0.11764705882352941
ENSG00000168395.15:B1	label_permutation	16	-251617542287.9264	1.0
ENSG00000168395.15:B1	wild_cluster	16	-251617542287.9264	1.0
ENSG00000168477.19:B1	label_permutation	14	1208607425.949027	0.5333333333333333
ENSG00000168477.19:B1	wild_cluster	16	1208607425.949027	0.4117647058823529
ENSG00000168615.12:B1	label_permutation	15	7080236730.435203	0.125
ENSG00000168615.12:B1	wild_cluster	16	7080236730.435203	0.11764705882352941
ENSG00000168724.16:B1	label_permutation	16	-4206341646.167161	0.7647058823529411
ENSG00000168724.16:B1	wild_cluster	16	-4206341646.167161	0.9411764705882353
ENSG00000169032.9:B1	label_permutation	16	14547.407199572734	0.7058823529411765
ENSG00000169032.9:B1	wild_cluster	16	14547.407199572734	0.058823529411764705
ENSG00000169084.13:B1	label_permutation	16	258717156.56408247	0.35294117647058826
ENSG00000169084.13:B1	wild_cluster	16	258717156.56408247	0.17647058823529413
ENSG00000169084.13_PAR_Y:B1	label_permutation	16	258717156.56408247	0.47058823529411764
ENSG00000169084.13_PAR_Y:B1	wild_cluster	16	258717156.56408247	0.058823529411764705
ENSG00000169118.18:B1	label_permutation	14	62659310905.51094	0.13333333333333333
ENSG00000169118.18:B1	wild_cluster	16	62659310905.51094	0.058823529411764705
ENSG00000169193.12:B1	label_permutation	16	11.437079249499376	0.7647058823529411
ENSG00000169193.12:B1	wild_cluster	16	11.437079249499376	0.5882352941176471
ENSG00000169519.21:B1	label_permutation	16	10172911719.229689	0.17647058823529413
ENSG00000169519.21:B1	wild_cluster	16	10172911719.229689	0.058823529411764705
ENSG00000169627.8:B1	label_permutation	16	17.048556341610166	0.5294117647058824
ENSG00000169627.8:B1	wild_cluster	16	17.048556341610166	0.6470588235294118
ENSG00000169627.8:B2	label_permutation	16	11.64088463974596	0.17647058823529413
ENSG00000169627.8:B2	wild_cluster	16	11.64088463974596	0.29411764705882354
ENSG00000169627.8:B3	label_permutation	16	11.64087655571958	0.47058823529411764
ENSG00000169627.8:B3	wild_cluster	16	11.64087655571958	0.11764705882352941
ENSG00000169750.9:B1	label_permutation	16	10681.083028923427	0.6470588235294118
ENSG00000169750.9:B1	wild_cluster	16	10681.083028923427	0.17647058823529413
ENSG00000169862.19:B1	label_permutation	16	-11251035874.869429	0.8823529411764706
ENSG00000169862.19:B1	wild_cluster	16	-11251035874.869429	1.0
ENSG00000169884.14:B1	label_permutation	14	-143867847.03164247	0.7333333333333333
ENSG00000169884.14:B1	wild_cluster	16	-143867847.03164247	0.7647058823529411
ENSG00000169884.14:B2	label_permutation	16	39512475.76309644	0.4117647058823529
ENSG00000169884.14:B2	wild_cluster	16	39512475.76309644	0.5294117647058824
ENSG00000169946.14:B1	label_permutation	15	-6710172673.884556	0.6875
ENSG00000169946.14:B1	wild_cluster	16	-6710172673.884556	1.0
ENSG00000170091.11:B1	label_permutation	16	337044835.8273345	0.17647058823529413
ENSG00000170091.11:B1	wild_cluster	16	337044835.8273345	0.35294117647058826
ENSG00000170264.13:B1	label_permutation	16	-5436142786.868539	1.0
ENSG00000170264.13:B1	wild_cluster	16	-5436142786.868539	1.0
ENSG00000170324.21:B1	label_permutation	16	137352400.9157271	0.4117647058823529
ENSG00000170324.21:B1	wild_cluster	16	137352400.9157271	0.29411764705882354
ENSG00000170396.8:B1	label_permutation	16	356.7624943652458	0.058823529411764705
ENSG00000170396.8:B1	wild_cluster	16	356.7624943652458	0.058823529411764705
ENSG00000170537.13:B1	label_permutation	16	837.18155276835	0.5294117647058824
ENSG00000170537.13:B1	wild_cluster	16	837.18155276835	0.8823529411764706
ENSG00000170537.13:B2	label_permutation	16	154.11233146457943	0.17647058823529413
ENSG00000170537.13:B2	wild_cluster	16	154.11233146457943	0.23529411764705882
ENSG00000170571.12:B1	label_permutation	16	17.100624896419273	0.7058823529411765
ENSG00000170571.12:B1	wild_cluster	16	17.100624896419273	0.7058823529411765
ENSG00000170634.13:B1	label_permutation	16	36816.43564709269	0.7647058823529411
ENSG00000170634.13:B1	wild_cluster	16	36816.43564709269	0.7058823529411765
ENSG00000170836.11:B1	label_permutation	16	12.879547427951756	0.5294117647058824
ENSG00000170836.11:B1	wild_cluster	16	12.879547427951756	0.17647058823529413
ENSG00000170903.11:B1	label_permutation	15	-4771074306.5846615	0.9375
ENSG00000170903.11:B1	wild_cluster	16	-4771074306.5846615	1.0
ENSG00000170962.13:B1	label_permutation	16	2.948708169490916	0.35294117647058826
ENSG00000170962.13:B1	wild_cluster	16	2.948708169490916	0.23529411764705882
ENSG00000171067.11:B1	label_permutation	16	8419942911.714964	0.4117647058823529
ENSG00000171067.11:B1	wild_cluster	16	8419942911.714964	0.058823529411764705
ENSG00000171135.14:B2	label_permutation	16	0.7757085591583983	0.7647058823529411
ENSG00000171135.14:B2	wild_cluster	16	0.7757085591583983	0.5294117647058824
ENSG00000171262.11:B1	label_permutation	16	53341.685066692175	0.7058823529411765
ENSG00000171262.11:B1	wild_cluster	16	53341.685066692175	0.058823529411764705
ENSG00000171488.15:B1	label_permutation	16	939209105.1166868	0.23529411764705882
ENSG00000171488.15:B1	wild_cluster	16	939209105.1166868	0.11764705882352941
ENSG00000171533.11:B1	label_permutation	16	57301.47267873495	0.8235294117647058
ENSG00000171533.11:B1	wild_cluster	16	57301.47267873495	0.29411764705882354
ENSG00000171649.12:B1	label_permutation	12	9295479930.272326	0.3076923076923077
ENSG00000171649.12:B1	wild_cluster	16	9295479930.272326	0.17647058823529413
ENSG00000171823.7:B1	label_permutation	16	4.865306943074555	1.0
ENSG00000171823.7:B1	wild_cluster	16	4.865306943074555	0.6470588235294118
ENSG00000171858.18:B2	label_permutation	16	669.8464249786036	0.058823529411764705
ENSG00000171858.18:B2	wild_cluster	16	669.8464249786036	0.058823529411764705
ENSG00000171885.15:B1	label_permutation	16	4.782752475919809	0.8823529411764706
ENSG00000171885.15:B1	wild_cluster	16	4.782752475919809	0.7058823529411765
ENSG00000172007.6:B1	label_permutation	16	5964.459364039198	0.058823529411764705
ENSG00000172007.6:B1	wild_cluster	16	5964.459364039198	0.058823529411764705
ENSG00000172137.19:B1	label_permutation	16	5.280209407409255	0.5294117647058824
ENSG00000172137.19:B1	wild_cluster	16	5.280209407409255	0.4117647058823529
ENSG00000172247.4:B1	label_permutation	16	38.57328938766038	0.17647058823529413
ENSG00000172247.4:B1	wild_cluster	16	38.57328938766038	0.058823529411764705
ENSG00000172733.11:B1	label_permutation	16	85.85620903375225	0.35294117647058826
ENSG00000172733.11:B1	wild_cluster	16	85.85620903375225	0.35294117647058826
ENSG00000172733.11:B3	label_permutation	16	1298.1880542170195	0.5294117647058824
ENSG00000172733.11:B3	wild_cluster	16	1298.1880542170195	0.17647058823529413
ENSG00000172766.19:B1	label_permutation	16	3924044267.58508	0.29411764705882354
ENSG00000172766.19:B1	wild_cluster	16	3924044267.58508	0.11764705882352941
ENSG00000172940.12:B1	label_permutation	15	60.90500329841741	0.25
ENSG00000172940.12:B1	wild_cluster	16	60.90500329841741	0.23529411764705882
ENSG00000173041.12:B1	label_permutation	16	3364.5064733215945	0.47058823529411764
ENSG00000173041.12:B1	wild_cluster	16	3364.5064733215945	0.7058823529411765
ENSG00000173258.12:B1	label_permutation	16	708.6972842264621	0.058823529411764705
ENSG00000173258.12:B1	wild_cluster	16	708.6972842264621	0.058823529411764705
ENSG00000173409.14:B1	label_permutation	16	77239.12601909574	0.8235294117647058
ENSG00000173409.14:B1	wild_cluster	16	77239.12601909574	0.5882352941176471
ENSG00000173452.13:B1	label_permutation	16	26695.151848013305	0.23529411764705882
ENSG00000173452.13:B1	wild_cluster	16	26695.151848013305	0.11764705882352941
ENSG00000173452.13:B2	label_permutation	16	32471.55745322489	0.17647058823529413
ENSG00000173452.13:B2	wild_cluster	16	32471.55745322489	0.23529411764705882
ENSG00000173517.10:B1	label_permutation	16	67000449.27211106	0.4117647058823529
ENSG00000173517.10:B1	wild_cluster	16	67000449.27211106	0.058823529411764705
ENSG00000173915.16:B1	label_permutation	16	389622864.02219975	0.35294117647058826
ENSG00000173915.16:B1	wild_cluster	16	389622864.02219975	0.23529411764705882
ENSG00000174233.11:B1	label_permutation	16	-2843910537.8197503	0.5294117647058824
ENSG00000174233.11:B1	wild_cluster	16	-2843910537.8197503	0.9411764705882353
ENSG00000174607.11:B1	label_permutation	16	33.17693811294359	0.17647058823529413
ENSG00000174607.11:B1	wild_cluster	16	33.17693811294359	0.5882352941176471
ENSG00000174738.13:B1	label_permutation	16	240194.80413493523	0.29411764705882354
ENSG00000174738.13:B1	wild_cluster	16	240194.80413493523	0.23529411764705882
ENSG00000174946.6:B1	label_permutation	16	33606464.29201564	0.058823529411764705
ENSG00000174946.6:B1	wild_cluster	16	33606464.29201564	1.0
ENSG00000175216.14:B1	label_permutation	16	12693896946.798676	0.17647058823529413
ENSG00000175216.14:B1	wild_cluster	16	12693896946.798676	0.058823529411764705
ENSG00000175309.15:B1	label_permutation	11	-1385435.99964916	0.5833333333333334
ENSG00000175309.15:B1	wild_cluster	16	-1385435.99964916	0.8235294117647058
ENSG00000175416.13:B1	label_permutation	16	11542403668.337158	0.23529411764705882
ENSG00000175416.13:B1	wild_cluster	16	11542403668.337158	0.058823529411764705
ENSG00000175550.8:B1	label_permutation	16	36458.84539748894	0.23529411764705882
ENSG00000175550.8:B1	wild_cluster	16	36458.84539748894	0.5294117647058824
ENSG00000175806.15:B1	label_permutation	16	-938100.278888273	1.0
ENSG00000175806.15:B1	wild_cluster	16	-938100.278888273	0.8823529411764706
ENSG00000175985.10:B1	label_permutation	16	103.12552135836852	0.47058823529411764
ENSG00000175985.10:B1	wild_cluster	16	103.12552135836852	0.7647058823529411
ENSG00000176058.13:B1	label_permutation	16	89.76829315164751	1.0
ENSG00000176058.13:B1	wild_cluster	16	89.76829315164751	0.058823529411764705
ENSG00000176058.13:B2	label_permutation	16	2.1147463630303256	0.8823529411764706
ENSG00000176058.13:B2	wild_cluster	16	2.1147463630303256	0.8823529411764706
ENSG00000176155.18:B1	label_permutation	10	14521951188.26906	0.09090909090909091
ENSG00000176155.18:B1	wild_cluster	16	14521951188.26906	0.058823529411764705
ENSG00000176261.15:B1	label_permutation	16	93351397816.55531	0.058823529411764705
ENSG00000176261.15:B1	wild_cluster	16	93351397816.55531	0.058823529411764705
ENSG00000176407.18:B1	label_permutation	15	1220502.732045192	0.8125
ENSG00000176407.18:B1	wild_cluster	16	1220502.732045192	0.29411764705882354
ENSG00000176490.5:B1	label_permutation	16	801364.0381389954	0.8823529411764706
ENSG00000176490.5:B1	wild_cluster	16	801364.0381389954	0.11764705882352941
ENSG00000176783.15:B1	label_permutation	16	-92123979.49161842	0.7058823529411765
ENSG00000176783.15:B1	wild_cluster	16	-92123979.49161842	0.9411764705882353
ENSG00000176909.12:B2	label_permutation	16	655.9915233956456	0.5882352941176471
ENSG00000176909.12:B2	wild_cluster	16	655.9915233956456	0.35294117647058826
ENSG00000177034.16:B1	label_permutation	16	273.4930736096312	0.23529411764705882
ENSG00000177034.16:B1	wild_cluster	16	273.4930736096312	0.23529411764705882
ENSG00000177156.11:B1	label_permutation	16	490334906.5884902	0.23529411764705882
ENSG00000177156.11:B1	wild_cluster	16	490334906.5884902	0.4117647058823529
ENSG00000177463.15:B1	label_permutation	13	15935643683.749376	0.07142857142857142
ENSG00000177463.15:B1	wild_cluster	16	15935643683.749376	0.11764705882352941
ENSG00000177614.11:B1	label_permutation	16	390246294.584756	0.058823529411764705
ENSG00000177614.11:B1	wild_cluster	16	390246294.584756	0.11764705882352941
ENSG00000177692.11:B1	label_permutation	16	61.32818346398243	0.5882352941176471
ENSG00000177692.11:B1	wild_cluster	16	61.32818346398243	0.5882352941176471
ENSG00000178028.14:B1	label_permutation	13	918052159.2210788	0.5714285714285714
ENSG00000178028.14:B1	wild_cluster	16	918052159.2210788	0.17647058823529413
ENSG00000178038.17:B1	label_permutation	16	903468.153777537	0.4117647058823529
ENSG00000178038.17:B1	wild_cluster	16	903468.153777537	0.11764705882352941
ENSG00000178038.17:B2	label_permutation	16	29.21819579458802	0.5294117647058824
ENSG00000178038.17:B2	wild_cluster	16	29.21819579458802	0.23529411764705882
ENSG00000178163.8:B1	label_permutation	16	391556268.9121022	0.5882352941176471
ENSG00000178163.8:B1	wild_cluster	16	391556268.9121022	0.35294117647058826
ENSG00000178386.13:B1	label_permutation	16	1.808364522689148	0.47058823529411764
ENSG00000178386.13:B1	wild_cluster	16	1.808364522689148	0.5882352941176471
ENSG00000178567.7:B1	label_permutation	16	-1.73996971006078e+17	0.7647058823529411
ENSG00000178567.7:B1	wild_cluster	16	-1.73996971006078e+17	0.8823529411764706
ENSG00000178996.14:B1	label_permutation	16	5.025744587073274e-05	0.7647058823529411
ENSG00000178996.14:B1	wild_cluster	16	5.025744587073274e-05	1.0
ENSG00000179115.11:B1	label_permutation	12	29277364987.68481	0.07692307692307693
ENSG00000179115.11:B1	wild_cluster	16	29277364987.68481	0.058823529411764705
ENSG00000179304.16:B2	label_permutation	16	90396.75163869228	0.8235294117647058
ENSG00000179304.16:B2	wild_cluster	16	90396.75163869228	0.23529411764705882
ENSG00000179387.10:B1	label_permutation	16	102.55812971569826	0.4117647058823529
ENSG00000179387.10:B1	wild_cluster	16	102.55812971569826	0.47058823529411764
ENSG00000179833.4:B1	label_permutation	16	7334391.105453139	0.35294117647058826
ENSG00000179833.4:B1	wild_cluster	16	7334391.105453139	0.23529411764705882
ENSG00000179965.11:B1	label_permutation	16	362.4692739499711	0.7647058823529411
ENSG00000179965.11:B1	wild_cluster	16	362.4692739499711	0.8235294117647058
ENSG00000179981.10:B1	label_permutation	16	31286798.88634652	0.7058823529411765
ENSG00000179981.10:B1	wild_cluster	16	31286798.88634652	0.17647058823529413
ENSG00000179981.10:B2	label_permutation	16	124615210.33267424	0.5882352941176471
ENSG00000179981.10:B2	wild_cluster	16	124615210.33267424	0.9411764705882353
ENSG00000180354.16:B1	label_permutation	16	-6176283253.619281	0.9411764705882353
ENSG00000180354.16:B1	wild_cluster	16	-6176283253.619281	1.0
ENSG00000180574.3:B1	label_permutation	16	650.7524064088944	0.5294117647058824
ENSG00000180574.3:B1	wild_cluster	16	650.7524064088944	0.11764705882352941
ENSG00000180777.13:B1	label_permutation	16	99006.08905843893	0.8235294117647058
ENSG00000180777.13:B1	wild_cluster	16	99006.08905843893	0.11764705882352941
ENSG00000180901.11:B1	label_permutation	11	117573.1155553014	0.3333333333333333
ENSG00000180901.11:B1	wild_cluster	16	117573.1155553014	0.35294117647058826
ENSG00000181061.13:B1	label_permutation	16	3868.4565868292166	1.0
ENSG00000181061.13:B1	wild_cluster	16	3868.4565868292166	0.9411764705882353
ENSG00000181061.13:B2	label_permutation	16	41.81364723566393	0.6470588235294118
ENSG00000181061.13:B2	wild_cluster	16	41.81364723566393	0.47058823529411764
ENSG00000181222.15:B1	label_permutation	16	11151.504402898194	0.5294117647058824
ENSG00000181222.15:B1	wild_cluster	16	11151.504402898194	0.6470588235294118
ENSG00000181555.20:B1	label_permutation	16	16685.072663237817	0.4117647058823529
ENSG00000181555.20:B1	wild_cluster	16	16685.072663237817	0.5294117647058824
ENSG00000181751.10:B1	label_permutation	16	2207.056827994496	0.11764705882352941
ENSG00000181751.10:B1	wild_cluster	16	2207.056827994496	0.11764705882352941
ENSG00000182022.18:B1	label_permutation	16	4405768.039717762	0.9411764705882353
ENSG00000182022.18:B1	wild_cluster	16	4405768.039717762	0.47058823529411764
ENSG00000182141.10:B1	label_permutation	16	187.70638674122023	0.7647058823529411
ENSG00000182141.10:B1	wild_cluster	16	187.70638674122023	0.058823529411764705
ENSG00000182256.13:B1	label_permutation	16	-5868401244.481947	0.7058823529411765
ENSG00000182256.13:B1	wild_cluster	16	-5868401244.481947	0.9411764705882353
ENSG00000182348.6:B1	label_permutation	16	9.079539853215186	0.8823529411764706
ENSG00000182348.6:B1	wild_cluster	16	9.079539853215186	0.8235294117647058
ENSG00000182362.14:B1	label_permutation	16	33.27442911006969	1.0
ENSG00000182362.14:B1	wild_cluster	16	33.27442911006969	0.29411764705882354
ENSG00000182362.14:B2	label_permutation	16	8.215382386659345	1.0
ENSG00000182362.14:B2	wild_cluster	16	8.215382386659345	0.9411764705882353
ENSG00000182899.16:B1	label_permutation	15	-15773448689.830587	0.875
ENSG00000182899.16:B1	wild_cluster	16	-15773448689.830587	1.0
ENSG00000183580.10:B1	label_permutation	16	17.343083765819873	0.6470588235294118
ENSG00000183580.10:B1	wild_cluster	16	17.343083765819873	0.17647058823529413
ENSG00000183722.9:B1	label_permutation	16	265589.00380814815	0.8823529411764706
ENSG00000183722.9:B1	wild_cluster	16	265589.00380814815	0.17647058823529413
ENSG00000183780.13:B1	label_permutation	16	4025651.667395783	0.17647058823529413
ENSG00000183780.13:B1	wild_cluster	16	4025651.667395783	0.23529411764705882
ENSG00000183876.9:B1	label_permutation	16	3.351863104535255	1.0
ENSG00000183876.9:B1	wild_cluster	16	3.351863104535255	0.5294117647058824
ENSG00000184203.8:B1	label_permutation	16	6340815.16633372	0.058823529411764705
ENSG00000184203.8:B1	wild_cluster	16	6340815.16633372	0.4117647058823529
ENSG00000184347.14:B1	label_permutation	16	-8039232798.421867	1.0
ENSG00000184347.14:B1	wild_cluster	16	-8039232798.421867	1.0
ENSG00000184787.19:B1	label_permutation	16	-12594467632.157831	0.8823529411764706
ENSG00000184787.19:B1	wild_cluster	16	-12594467632.157831	1.0
ENSG00000184887.13:B2	label_permutation	16	110.47188632261494	0.4117647058823529
ENSG00000184887.13:B2	wild_cluster	16	110.47188632261494	0.11764705882352941
ENSG00000184900.15:B1	label_permutation	16	1414297.2733115098	0.9411764705882353
ENSG00000184900.15:B1	wild_cluster	16	1414297.2733115098	0.17647058823529413
ENSG00000184900.15:B2	label_permutation	16	318674799.35018	0.4117647058823529
ENSG00000184900.15:B2	wild_cluster	16	318674799.35018	0.058823529411764705
ENSG00000184967.7:B1	label_permutation	16	85.23733573257464	0.47058823529411764
ENSG00000184967.7:B1	wild_cluster	16	85.23733573257464	0.11764705882352941
ENSG00000185129.6:B1	label_permutation	16	-311779832.106963	1.0
ENSG00000185129.6:B1	wild_cluster	16	-311779832.106963	1.0
ENSG00000185238.13:B1	label_permutation	16	243764.54011384363	0.35294117647058826
ENSG00000185238.13:B1	wild_cluster	16	243764.54011384363	0.058823529411764705
ENSG00000185344.14:B1	label_permutation	16	1384909405.2525012	0.058823529411764705
ENSG00000185344.14:B1	wild_cluster	16	1384909405.2525012	0.35294117647058826
ENSG00000185436.12:B1	label_permutation	16	10564003.728962371	0.9411764705882353
ENSG00000185436.12:B1	wild_cluster	16	10564003.728962371	0.23529411764705882
ENSG00000185716.12:B1	label_permutation	16	17072378.324175056	0.47058823529411764
ENSG00000185716.12:B1	wild_cluster	16	17072378.324175056	0.058823529411764705
ENSG00000185774.16:B1	label_permutation	16	13676047847.663452	0.11764705882352941
ENSG00000185774.16:B1	wild_cluster	16	13676047847.663452	0.11764705882352941
ENSG00000185896.11:B1	label_permutation	16	188970.93161741903	0.17647058823529413
ENSG00000185896.11:B1	wild_cluster	16	188970.93161741903	0.058823529411764705
ENSG00000186231.17:B1	label_permutation	16	-18001921.74289923	0.7647058823529411
ENSG00000186231.17:B1	wild_cluster	16	-18001921.74289923	0.8823529411764706
ENSG00000186376.15:B1	label_permutation	16	409393.22383710486	0.47058823529411764
ENSG00000186376.15:B1	wild_cluster	16	409393.22383710486	0.29411764705882354
ENSG00000186416.14:B2	label_permutation	16	1574.4807322036595	0.47058823529411764
ENSG00000186416.14:B2	wild_cluster	16	1574.4807322036595	0.058823529411764705
ENSG00000186577.14:B1	label_permutation	16	78272977.4463258	0.35294117647058826
ENSG00000186577.14:B1	wild_cluster	16	78272977.4463258	0.058823529411764705
ENSG00000186577.14:B2	label_permutation	16	27215.19863794317	0.35294117647058826
ENSG00000186577.14:B2	wild_cluster	16	27215.19863794317	0.11764705882352941
ENSG00000186577.14:B3	label_permutation	16	442492.7071534209	0.7647058823529411
ENSG00000186577.14:B3	wild_cluster	16	442492.7071534209	0.35294117647058826
ENSG00000186577.14:B4	label_permutation	16	1342325.8227453004	0.7058823529411765
ENSG00000186577.14:B4	wild_cluster	16	1342325.8227453004	0.17647058823529413
ENSG00000186591.12:B1	label_permutation	10	268739932.0330329	0.5454545454545454
ENSG00000186591.12:B1	wild_cluster	16	268739932.0330329	0.29411764705882354
ENSG00000186812.13:B1	label_permutation	14	-6079004318.434851	0.6666666666666666
ENSG00000186812.13:B1	wild_cluster	16	-6079004318.434851	0.9411764705882353
ENSG00000187094.11:B1	label_permutation	16	65206435.04885632	0.5294117647058824
ENSG00000187094.11:B1	wild_cluster	16	65206435.04885632	0.11764705882352941
ENSG00000187094.11:B2	label_permutation	16	17200.68576830005	0.058823529411764705
ENSG00000187094.11:B2	wild_cluster	16	17200.68576830005	0.23529411764705882
ENSG00000187231.14:B1	label_permutation	16	-107378390318.17346	1.0
ENSG00000187231.14:B1	wild_cluster	16	-107378390318.17346	1.0
ENSG00000187627.15:B1	label_permutation	16	2786.593627355848	0.8235294117647058
ENSG00000187627.15:B1	wild_cluster	16	2786.593627355848	0.11764705882352941
ENSG00000187984.12:B1	label_permutation	16	-59849826165.46125	1.0
ENSG00000187984.12:B1	wild_cluster	16	-59849826165.46125	1.0
ENSG00000188316.14:B1	label_permutation	16	2725.027818161368	0.8235294117647058
ENSG00000188316.14:B1	wild_cluster	16	2725.027818161368	0.4117647058823529
ENSG00000188316.14:B2	label_permutation	16	25.86257205604014	0.23529411764705882
ENSG00000188316.14:B2	wild_cluster	16	25.86257205604014	0.11764705882352941
ENSG00000188419.14:B1	label_permutation	16	-5179131227.341938	0.5882352941176471
ENSG00000188419.14:B1	wild_cluster	16	-5179131227.341938	1.0
ENSG00000188585.9:B1	label_permutation	16	8695.938386418766	0.6470588235294118
ENSG00000188585.9:B1	wild_cluster	16	8695.938386418766	0.058823529411764705
ENSG00000188766.12:B1	label_permutation	14	234264.5102652693	0.4666666666666667
ENSG00000188766.12:B1	wild_cluster	16	234264.5102652693	0.11764705882352941
ENSG00000188938.17:B1	label_permutation	16	269254.5504909493	0.8823529411764706
ENSG00000188938.17:B1	wild_cluster	16	269254.5504909493	0.9411764705882353
ENSG00000189050.16:B1	label_permutation	16	-1679833164.9905992	1.0
ENSG00000189050.16:B1	wild_cluster	16	-1679833164.9905992	0.7058823529411765
ENSG00000189298.14:B1	label_permutation	16	12.73778449104827	0.23529411764705882
ENSG00000189298.14:B1	wild_cluster	16	12.73778449104827	0.47058823529411764
ENSG00000189410.12:B1	label_permutation	1	40713.77325746905	1.0
ENSG00000189410.12:B1	wild_cluster	16	40713.77325746905	0.11764705882352941
ENSG00000196110.7:B1	label_permutation	16	2.139541649864514	0.5294117647058824
ENSG00000196110.7:B1	wild_cluster	16	2.139541649864514	0.5294117647058824
ENSG00000196187.12:B1	label_permutation	8	40226105.92777154	0.6666666666666666
ENSG00000196187.12:B1	wild_cluster	16	40226105.92777154	0.29411764705882354
ENSG00000196277.16:B1	label_permutation	15	-22060198998.91446	0.8125
ENSG00000196277.16:B1	wild_cluster	16	-22060198998.91446	1.0
ENSG00000196352.15:B1	label_permutation	16	-35517147705.28228	1.0
ENSG00000196352.15:B1	wild_cluster	16	-35517147705.28228	1.0
ENSG00000196391.10:B1	label_permutation	16	528114043.0300068	0.29411764705882354
ENSG00000196391.10:B1	wild_cluster	16	528114043.0300068	0.5294117647058824
ENSG00000196507.11:B1	label_permutation	16	95944.50326653312	0.058823529411764705
ENSG00000196507.11:B1	wild_cluster	16	95944.50326653312	0.17647058823529413
ENSG00000196653.12:B1	label_permutation	16	3.8802463731202073	0.5294117647058824
ENSG00000196653.12:B1	wild_cluster	16	3.8802463731202073	0.8235294117647058
ENSG00000196653.12:B2	label_permutation	16	0.2236916078774106	0.9411764705882353
ENSG00000196653.12:B2	wild_cluster	16	0.2236916078774106	0.8235294117647058
ENSG00000196743.8:B1	label_permutation	16	954941.6853013948	0.7058823529411765
ENSG00000196743.8:B1	wild_cluster	16	954941.6853013948	0.29411764705882354
ENSG00000196757.8:B1	label_permutation	16	51.19963917707791	0.4117647058823529
ENSG00000196757.8:B1	wild_cluster	16	51.19963917707791	0.6470588235294118
ENSG00000196757.8:B2	label_permutation	16	30.46669611625736	0.23529411764705882
ENSG00000196757.8:B2	wild_cluster	16	30.46669611625736	0.47058823529411764
ENSG00000196850.6:B1	label_permutation	16	330466.3393114076	0.29411764705882354
ENSG00000196850.6:B1	wild_cluster	16	330466.3393114076	0.058823529411764705
ENSG00000196914.9:B1	label_permutation	16	615508.2473989013	0.058823529411764705
ENSG00000196914.9:B1	wild_cluster	16	615508.2473989013	0.058823529411764705
ENSG00000196967.10:B2	label_permutation	16	1153.85106288396	0.17647058823529413
ENSG00000196967.10:B2	wild_cluster	16	1153.85106288396	0.35294117647058826
ENSG00000197020.11:B1	label_permutation	16	5167.2714958530905	0.11764705882352941
ENSG00000197020.11:B1	wild_cluster	16	5167.2714958530905	0.23529411764705882
ENSG00000197106.7:B1	label_permutation	16	12917963.900463726	0.058823529411764705
ENSG00000197106.7:B1	wild_cluster	16	12917963.900463726	0.058823529411764705
ENSG00000197147.13:B1	label_permutation	16	17868.88179140474	0.6470588235294118
ENSG00000197147.13:B1	wild_cluster	16	17868.88179140474	1.0
ENSG00000197177.15:B1	label_permutation	16	68056.62103066623	0.23529411764705882
ENSG00000197177.15:B1	wild_cluster	16	68056.62103066623	1.0
ENSG00000197177.15:B2	label_permutation	16	7963.554845528731	0.058823529411764705
ENSG00000197177.15:B2	wild_cluster	16	7963.554845528731	0.47058823529411764
ENSG00000197177.15:B3	label_permutation	16	143.0680712219319	0.23529411764705882
ENSG00000197177.15:B3	wild_cluster	16	143.0680712219319	0.29411764705882354
ENSG00000197380.11:B1	label_permutation	16	120.39887096255202	0.23529411764705882
ENSG00000197380.11:B1	wild_cluster	16	120.39887096255202	0.17647058823529413
ENSG00000197746.14:B1	label_permutation	16	2891407.8867389783	0.29411764705882354
ENSG00000197746.14:B1	wild_cluster	16	2891407.8867389783	0.17647058823529413
ENSG00000197859.10:B2	label_permutation	16	7.105797341221169	0.5294117647058824
ENSG00000197859.10:B2	wild_cluster	16	7.105797341221169	0.5882352941176471
ENSG00000197892.13:B1	label_permutation	16	260928.5061313065	0.8823529411764706
ENSG00000197892.13:B1	wild_cluster	16	260928.5061313065	1.0
ENSG00000197965.12:B1	label_permutation	16	1281540130.823327	0.7647058823529411
ENSG00000197965.12:B1	wild_cluster	16	1281540130.823327	0.058823529411764705
ENSG00000198046.12:B1	label_permutation	16	29700237.011850104	0.6470588235294118
ENSG00000198046.12:B1	wild_cluster	16	29700237.011850104	0.35294117647058826
ENSG00000198053.11:B1	label_permutation	16	-62876581491.39988	1.0
ENSG00000198053.11:B1	wild_cluster	16	-62876581491.39988	1.0
ENSG00000198053.11:B2	label_permutation	16	17134.40838215402	0.11764705882352941
ENSG00000198053.11:B2	wild_cluster	16	17134.40838215402	0.29411764705882354
ENSG00000198053.11:B3	label_permutation	16	5997563.115328505	0.23529411764705882
ENSG00000198053.11:B3	wild_cluster	16	5997563.115328505	0.47058823529411764
ENSG00000198185.11:B1	label_permutation	16	42116614.14680968	0.17647058823529413
ENSG00000198185.11:B1	wild_cluster	16	42116614.14680968	0.35294117647058826
ENSG00000198301.12:B1	label_permutation	16	-1574515.4036279377	0.8235294117647058
ENSG00000198301.12:B1	wild_cluster	16	-1574515.4036279377	0.8235294117647058
ENSG00000198315.11:B1	label_permutation	16	2209290872.1901546	0.058823529411764705
ENSG00000198315.11:B1	wild_cluster	16	2209290872.1901546	0.11764705882352941
ENSG00000198315.11:B2	label_permutation	16	1955.1095935333767	0.058823529411764705
ENSG00000198315.11:B2	wild_cluster	16	1955.1095935333767	0.47058823529411764
ENSG00000198482.12:B1	label_permutation	16	9566.557162696869	0.7058823529411765
ENSG00000198482.12:B1	wild_cluster	16	9566.557162696869	0.8235294117647058
ENSG00000198721.12:B1	label_permutation	16	32084.54561684884	0.47058823529411764
ENSG00000198721.12:B1	wild_cluster	16	32084.54561684884	0.058823529411764705
ENSG00000198746.13:B1	label_permutation	16	1.9036795405712656	0.5294117647058824
ENSG00000198746.13:B1	wild_cluster	16	1.9036795405712656	0.23529411764705882
ENSG00000198818.10:B1	label_permutation	16	34.87105073231743	0.7647058823529411
ENSG00000198818.10:B1	wild_cluster	16	34.87105073231743	0.47058823529411764
ENSG00000198887.9:B1	label_permutation	16	154.73925507507278	0.47058823529411764
ENSG00000198887.9:B1	wild_cluster	16	154.73925507507278	0.5882352941176471
ENSG00000198932.13:B1	label_permutation	16	22409520681.891403	0.058823529411764705
ENSG00000198932.13:B1	wild_cluster	16	22409520681.891403	0.058823529411764705
ENSG00000198932.13:B2	label_permutation	16	14633.5301267641	0.17647058823529413
ENSG00000198932.13:B2	wild_cluster	16	14633.5301267641	0.5294117647058824
ENSG00000203685.10:B1	label_permutation	16	26337425.466392748	0.5882352941176471
ENSG00000203685.10:B1	wild_cluster	16	26337425.466392748	0.47058823529411764
ENSG00000203965.13:B1	label_permutation	16	39484112.60919153	0.4117647058823529
ENSG00000203965.13:B1	wild_cluster	16	39484112.60919153	0.058823529411764705
ENSG00000204130.13:B1	label_permutation	16	860643069.5201854	0.11764705882352941
ENSG00000204130.13:B1	wild_cluster	16	860643069.5201854	0.35294117647058826
ENSG00000204178.11:B1	label_permutation	16	2724.3114792109554	0.8823529411764706
ENSG00000204178.11:B1	wild_cluster	16	2724.3114792109554	0.8823529411764706
ENSG00000204301.6:B1	label_permutation	16	797.9871757267139	0.29411764705882354
ENSG00000204301.6:B1	wild_cluster	16	797.9871757267139	0.23529411764705882
ENSG00000204371.11:B1	label_permutation	16	-52366716.81615863	0.9411764705882353
ENSG00000204371.11:B1	wild_cluster	16	-52366716.81615863	0.9411764705882353
ENSG00000204386.10:B1	label_permutation	16	37930.20689024074	0.6470588235294118
ENSG00000204386.10:B1	wild_cluster	16	37930.20689024074	0.29411764705882354
ENSG00000204386.10:B5	label_permutation	16	10.651795946294126	1.0
ENSG00000204386.10:B5	wild_cluster	16	10.651795946294126	1.0
ENSG00000204603.6:B1	label_permutation	16	0.409200175972163	0.7058823529411765
ENSG00000204603.6:B1	wild_cluster	16	0.409200175972163	0.7058823529411765
ENSG00000204657.4:B1	label_permutation	16	18.41935381245225	0.7647058823529411
ENSG00000204657.4:B1	wild_cluster	16	18.41935381245225	0.29411764705882354
ENSG00000204856.12:B1	label_permutation	16	439.7586552374543	0.5294117647058824
ENSG00000204856.12:B1	wild_cluster	16	439.7586552374543	0.5882352941176471
ENSG00000204866.8:B2	label_permutation	15	6.373145961995213	0.5625
ENSG00000204866.8:B2	wild_cluster	16	6.373145961995213	0.35294117647058826
ENSG00000204991.11:B1	label_permutation	14	49923072.31797823	0.8
ENSG00000204991.11:B1	wild_cluster	16	49923072.31797823	0.5294117647058824
ENSG00000205363.5:B1	label_permutation	13	2274271092.662904	0.07142857142857142
ENSG00000205363.5:B1	wild_cluster	16	2274271092.662904	0.35294117647058826
ENSG00000205363.5:B2	label_permutation	16	182004.5895723203	0.11764705882352941
ENSG00000205363.5:B2	wild_cluster	16	182004.5895723203	0.058823529411764705
ENSG00000205485.13:B1	label_permutation	16	534890885.20054746	0.11764705882352941
ENSG00000205485.13:B1	wild_cluster	16	534890885.20054746	0.5294117647058824
ENSG00000205795.4:B1	label_permutation	16	892.795693664955	1.0
ENSG00000205795.4:B1	wild_cluster	16	892.795693664955	0.9411764705882353
ENSG00000206052.11:B1	label_permutation	16	7924356793.380959	0.11764705882352941
ENSG00000206052.11:B1	wild_cluster	16	7924356793.380959	0.058823529411764705
ENSG00000206527.10:B1	label_permutation	16	6961.703823143466	0.29411764705882354
ENSG00000206527.10:B1	wild_cluster	16	6961.703823143466	0.17647058823529413
ENSG00000213551.5:B1	label_permutation	16	3.483495031841439	0.17647058823529413
ENSG00000213551.5:B1	wild_cluster	16	3.483495031841439	0.23529411764705882
ENSG00000213672.8:B1	label_permutation	16	-14985543.3056568	0.47058823529411764
ENSG00000213672.8:B1	wild_cluster	16	-14985543.3056568	1.0
ENSG00000214046.8:B1	label_permutation	7	-17692258564.435112	1.0
ENSG00000214046.8:B1	wild_cluster	16	-17692258564.435112	1.0
ENSG00000214253.8:B2	label_permutation	16	127.13696428734193	0.23529411764705882
ENSG00000214253.8:B2	wild_cluster	16	127.13696428734193	0.17647058823529413
ENSG00000214265.11:B1	label_permutation	16	133.1465077768639	0.47058823529411764
ENSG00000214265.11:B1	wild_cluster	16	133.1465077768639	0.4117647058823529
ENSG00000214376.5:B2	label_permutation	16	0.5910831664230499	0.7058823529411765
ENSG00000214376.5:B2	wild_cluster	16	0.5910831664230499	0.5882352941176471
ENSG00000214960.10:B1	label_permutation	16	20.42102852582753	0.47058823529411764
ENSG00000214960.10:B1	wild_cluster	16	20.42102852582753	0.47058823529411764
ENSG00000215305.10:B1	label_permutation	16	439727283.2359779	0.8235294117647058
ENSG00000215305.10:B1	wild_cluster	16	439727283.2359779	0.058823529411764705
ENSG00000215580.11:B1	label_permutation	10	2511780.347826248	0.45454545454545453
ENSG00000215580.11:B1	wild_cluster	16	2511780.347826248	0.17647058823529413
ENSG00000216863.9:B1	label_permutation	16	1007.9829381173424	0.058823529411764705
ENSG00000216863.9:B1	wild_cluster	16	1007.9829381173424	0.17647058823529413
ENSG00000219438.8:B1	label_permutation	13	-3534866960.08134	1.0
ENSG00000219438.8:B1	wild_cluster	16	-3534866960.08134	0.8823529411764706
ENSG00000221866.9:B1	label_permutation	16	3615914183.470257	0.23529411764705882
ENSG00000221866.9:B1	wild_cluster	16	3615914183.470257	0.058823529411764705
ENSG00000221946.7:B1	label_permutation	16	99098.61785453686	0.7647058823529411
ENSG00000221946.7:B1	wild_cluster	16	99098.61785453686	0.058823529411764705
ENSG00000221946.7:B2	label_permutation	16	7584440.878139397	0.8235294117647058
ENSG00000221946.7:B2	wild_cluster	16	7584440.878139397	0.35294117647058826
ENSG00000223770.5:B1	label_permutation	16	4237.560009045297	0.35294117647058826
ENSG00000223770.5:B1	wild_cluster	16	4237.560009045297	0.5294117647058824
ENSG00000224032.6:B1	label_permutation	16	1052.2412321684228	0.5882352941176471
ENSG00000224032.6:B1	wild_cluster	16	1052.2412321684228	0.7647058823529411
ENSG00000224531.6:B1	label_permutation	16	1.112442976992126e+31	0.7058823529411765
ENSG00000224531.6:B1	wild_cluster	16	1.112442976992126e+31	0.5882352941176471
ENSG00000225151.10:B1	label_permutation	16	-234097.8195688036	1.0
ENSG00000225151.10:B1	wild_cluster	16	-234097.8195688036	0.9411764705882353
ENSG00000225361.3:B1	label_permutation	16	35636.01398151541	0.17647058823529413
ENSG00000225361.3:B1	wild_cluster	16	35636.01398151541	0.058823529411764705
ENSG00000225614.2:B1	label_permutation	16	14737.784308619632	0.29411764705882354
ENSG00000225614.2:B1	wild_cluster	16	14737.784308619632	0.058823529411764705
ENSG00000225663.7:B1	label_permutation	15	1210678.6159799038	0.8125
ENSG00000225663.7:B1	wild_cluster	16	1210678.6159799038	0.058823529411764705
ENSG00000225663.7:B2	label_permutation	15	1534434.4020562167	0.6875
ENSG00000225663.7:B2	wild_cluster	16	1534434.4020562167	0.17647058823529413
ENSG00000225975.6:B1	label_permutation	16	0.0026168733740086	1.0
ENSG00000225975.6:B1	wild_cluster	16	0.0026168733740086	1.0
ENSG00000226380.9:B1	label_permutation	16	-941856.7991597163	1.0
ENSG00000226380.9:B1	wild_cluster	16	-941856.7991597163	0.5882352941176471
ENSG00000226950.6:B1	label_permutation	16	-346255685.24763685	1.0
ENSG00000226950.6:B1	wild_cluster	16	-346255685.24763685	1.0
ENSG00000228237.5:B1	label_permutation	16	18656.484938659	0.6470588235294118
ENSG00000228237.5:B1	wild_cluster	16	18656.484938659	0.6470588235294118
ENSG00000228495.1:B1	label_permutation	16	18.40491555490007	0.17647058823529413
ENSG00000228495.1:B1	wild_cluster	16	18.40491555490007	0.23529411764705882
ENSG00000228971.2:B1	label_permutation	16	10841.157552780029	0.5294117647058824
ENSG00000228971.2:B1	wild_cluster	16	10841.157552780029	0.35294117647058826
ENSG00000229689.3:B1	label_permutation	16	126.28090698588971	0.17647058823529413
ENSG00000229689.3:B1	wild_cluster	16	126.28090698588971	0.4117647058823529
ENSG00000229852.2:B1	label_permutation	16	1665.4857392177755	0.5882352941176471
ENSG00000229852.2:B1	wild_cluster	16	1665.4857392177755	0.7647058823529411
ENSG00000230805.6:B1	label_permutation	16	53.12355597642342	0.23529411764705882
ENSG00000230805.6:B1	wild_cluster	16	53.12355597642342	0.11764705882352941
ENSG00000231128.5:B1	label_permutation	16	6.176820210693076e+17	0.5294117647058824
ENSG00000231128.5:B1	wild_cluster	16	6.176820210693076e+17	0.5882352941176471
ENSG00000231437.3:B1	label_permutation	16	5337018.838482829	0.23529411764705882
ENSG00000231437.3:B1	wild_cluster	16	5337018.838482829	0.8823529411764706
ENSG00000231887.7:B1	label_permutation	16	69895.84103808181	0.6470588235294118
ENSG00000231887.7:B1	wild_cluster	16	69895.84103808181	0.4117647058823529
ENSG00000232656.7:B1	label_permutation	16	10.881216138064024	0.8823529411764706
ENSG00000232656.7:B1	wild_cluster	16	10.881216138064024	0.5294117647058824
ENSG00000233016.6:B1	label_permutation	16	29.85755183830099	0.6470588235294118
ENSG00000233016.6:B1	wild_cluster	16	29.85755183830099	0.23529411764705882
ENSG00000233382.7:B1	label_permutation	16	1512484826.8799443	0.17647058823529413
ENSG00000233382.7:B1	wild_cluster	16	1512484826.8799443	0.058823529411764705
ENSG00000233613.5:B1	label_permutation	16	17.46971334267777	0.9411764705882353
ENSG00000233613.5:B1	wild_cluster	16	17.46971334267777	0.8823529411764706
ENSG00000233930.3:B1	label_permutation	16	1229340702.82224	0.17647058823529413
ENSG00000233930.3:B1	wild_cluster	16	1229340702.82224	0.058823529411764705
ENSG00000234745.11:B1	label_permutation	16	-40338.81724682636	0.8823529411764706
ENSG00000234745.11:B1	wild_cluster	16	-40338.81724682636	0.7058823529411765
ENSG00000235194.8:B1	label_permutation	16	336.6444206690583	0.17647058823529413
ENSG00000235194.8:B1	wild_cluster	16	336.6444206690583	0.17647058823529413
ENSG00000235531.9:B1	label_permutation	15	-2615434974.195492	0.875
ENSG00000235531.9:B1	wild_cluster	16	-2615434974.195492	1.0
ENSG00000236051.7:B1	label_permutation	9	-5626266610.648872	0.9
ENSG00000236051.7:B1	wild_cluster	16	-5626266610.648872	1.0
ENSG00000236306.2:B1	label_permutation	16	0.3929931178072122	0.35294117647058826
ENSG00000236306.2:B1	wild_cluster	16	0.3929931178072122	0.6470588235294118
ENSG00000236859.6:B1	label_permutation	16	18261.33034134067	1.0
ENSG00000236859.6:B1	wild_cluster	16	18261.33034134067	0.47058823529411764
ENSG00000236859.6:B2	label_permutation	16	1332.94256541798	0.8823529411764706
ENSG00000236859.6:B2	wild_cluster	16	1332.94256541798	0.23529411764705882
ENSG00000237080.3:B1	label_permutation	16	21785128924121.54	0.7058823529411765
ENSG00000237080.3:B1	wild_cluster	16	21785128924121.54	0.4117647058823529
ENSG00000237442.3:B1	label_permutation	16	4.811791621491995	0.058823529411764705
ENSG00000237442.3:B1	wild_cluster	16	4.811791621491995	0.29411764705882354
ENSG00000237836.5:B1	label_permutation	16	3.586476632341528e+31	0.6470588235294118
ENSG00000237836.5:B1	wild_cluster	16	3.586476632341528e+31	0.11764705882352941
ENSG00000239407.5:B1	label_permutation	16	11.711192756229169	0.5294117647058824
ENSG00000239407.5:B1	wild_cluster	16	11.711192756229169	0.4117647058823529
ENSG00000239911.2:B1	label_permutation	16	11386.107064249443	0.058823529411764705
ENSG00000239911.2:B1	wild_cluster	16	11386.107064249443	0.058823529411764705
ENSG00000240344.9:B1	label_permutation	13	33553393330.13364	0.07142857142857142
ENSG00000240344.9:B1	wild_cluster	16	33553393330.13364	0.23529411764705882
ENSG00000241449.5:B1	label_permutation	16	169047410.10917646	0.7058823529411765
ENSG00000241449.5:B1	wild_cluster	16	169047410.10917646	0.5882352941176471
ENSG00000241978.9:B1	label_permutation	16	429766104.4176889	0.23529411764705882
ENSG00000241978.9:B1	wild_cluster	16	429766104.4176889	0.058823529411764705
ENSG00000242290.2:B1	label_permutation	16	1570.9229635621086	0.058823529411764705
ENSG00000242290.2:B1	wild_cluster	16	1570.9229635621086	0.8235294117647058
ENSG00000242759.6:B1	label_permutation	16	28004.042510510026	0.11764705882352941
ENSG00000242759.6:B1	wild_cluster	16	28004.042510510026	0.8235294117647058
ENSG00000242759.6:B2	label_permutation	16	17474.07930953556	0.35294117647058826
ENSG00000242759.6:B2	wild_cluster	16	17474.07930953556	0.5882352941176471
ENSG00000243232.5:B1	label_permutation	16	2593.146272425261	0.47058823529411764
ENSG00000243232.5:B1	wild_cluster	16	2593.146272425261	0.058823529411764705
ENSG00000243667.7:B1	label_permutation	16	244.2291941422615	0.7058823529411765
ENSG00000243667.7:B1	wild_cluster	16	244.2291941422615	0.7647058823529411
ENSG00000244038.9:B1	label_permutation	16	626709266.830371	0.058823529411764705
ENSG00000244038.9:B1	wild_cluster	16	626709266.830371	0.058823529411764705
ENSG00000244560.7:B1	label_permutation	16	2927530958.834126	0.058823529411764705
ENSG00000244560.7:B1	wild_cluster	16	2927530958.834126	0.058823529411764705
ENSG00000245149.3:B1	label_permutation	16	202376.6752110824	0.058823529411764705
ENSG00000245149.3:B1	wild_cluster	16	202376.6752110824	0.058823529411764705
ENSG00000245958.6:B1	label_permutation	16	2325899.032076568	0.35294117647058826
ENSG00000245958.6:B1	wild_cluster	16	2325899.032076568	0.8235294117647058
ENSG00000246859.2:B1	label_permutation	16	46559.65491673646	0.29411764705882354
ENSG00000246859.2:B1	wild_cluster	16	46559.65491673646	0.11764705882352941
ENSG00000247400.3:B1	label_permutation	16	33.13214773002517	0.4117647058823529
ENSG00000247400.3:B1	wild_cluster	16	33.13214773002517	0.5882352941176471
ENSG00000248905.8:B1	label_permutation	16	-23876990163.25368	0.8823529411764706
ENSG00000248905.8:B1	wild_cluster	16	-23876990163.25368	1.0
ENSG00000249087.6:B2	label_permutation	16	134569948.75437802	0.6470588235294118
ENSG00000249087.6:B2	wild_cluster	16	134569948.75437802	0.17647058823529413
ENSG00000249550.6:B1	label_permutation	16	53012.890309151786	0.058823529411764705
ENSG00000249550.6:B1	wild_cluster	16	53012.890309151786	0.058823529411764705
ENSG00000249915.8:B1	label_permutation	14	-9425358711.257015	0.9333333333333333
ENSG00000249915.8:B1	wild_cluster	16	-9425358711.257015	1.0
ENSG00000250303.3:B1	label_permutation	16	43.90464485245839	0.23529411764705882
ENSG00000250303.3:B1	wild_cluster	16	43.90464485245839	0.35294117647058826
ENSG00000250742.3:B1	label_permutation	16	14.501980628559975	0.5882352941176471
ENSG00000250742.3:B1	wild_cluster	16	14.501980628559975	0.8823529411764706
ENSG00000251011.5:B1	label_permutation	16	16.34290713450864	0.8235294117647058
ENSG00000251011.5:B1	wild_cluster	16	16.34290713450864	0.7058823529411765
ENSG00000251287.8:B1	label_permutation	14	10892.695130956658	0.7333333333333333
ENSG00000251287.8:B1	wild_cluster	16	10892.695130956658	0.6470588235294118
ENSG00000251322.7:B1	label_permutation	16	86825.86643778875	0.7058823529411765
ENSG00000251322.7:B1	wild_cluster	16	86825.86643778875	0.11764705882352941
ENSG00000251623.2:B1	label_permutation	16	252270.0634023996	0.5882352941176471
ENSG00000251623.2:B1	wild_cluster	16	252270.0634023996	0.29411764705882354
ENSG00000253686.1:B1	label_permutation	16	6.891733294174495	0.5882352941176471
ENSG00000253686.1:B1	wild_cluster	16	6.891733294174495	0.6470588235294118
ENSG00000254363.6:B1	label_permutation	16	14129.9467599152	0.23529411764705882
ENSG00000254363.6:B1	wild_cluster	16	14129.9467599152	0.058823529411764705
ENSG00000254876.5:B1	label_permutation	16	1.2039748191341348	0.35294117647058826
ENSG00000254876.5:B1	wild_cluster	16	1.2039748191341348	0.35294117647058826
ENSG00000255345.1:B1	label_permutation	16	8.716681561852965	0.7058823529411765
ENSG00000255345.1:B1	wild_cluster	16	8.716681561852965	0.8235294117647058
ENSG00000256053.7:B1	label_permutation	16	525491.1760803525	0.5294117647058824
ENSG00000256053.7:B1	wild_cluster	16	525491.1760803525	0.29411764705882354
ENSG00000256315.1:B1	label_permutation	16	1232.4208682351525	0.8823529411764706
ENSG00000256315.1:B1	wild_cluster	16	1232.4208682351525	0.17647058823529413
ENSG00000257501.6:B1	label_permutation	16	6.663403501698456	0.8823529411764706
ENSG00000257501.6:B1	wild_cluster	16	6.663403501698456	0.9411764705882353
ENSG00000258017.1:B1	label_permutation	16	-286367605.44162107	0.9411764705882353
ENSG00000258017.1:B1	wild_cluster	16	-286367605.44162107	1.0
ENSG00000258441.1:B1	label_permutation	16	112.35970245963784	0.5882352941176471
ENSG00000258441.1:B1	wild_cluster	16	112.35970245963784	0.29411764705882354
ENSG00000259039.2:B1	label_permutation	16	726300801.7433733	0.9411764705882353
ENSG00000259039.2:B1	wild_cluster	16	726300801.7433733	0.11764705882352941
ENSG00000259295.6:B1	label_permutation	16	22.12516569515995	0.9411764705882353
ENSG00000259295.6:B1	wild_cluster	16	22.12516569515995	0.6470588235294118
ENSG00000259495.2:B1	label_permutation	16	1781.9513709148391	0.23529411764705882
ENSG00000259495.2:B1	wild_cluster	16	1781.9513709148391	0.35294117647058826
ENSG00000260083.1:B1	label_permutation	16	1183419862.9802918	0.11764705882352941
ENSG00000260083.1:B1	wild_cluster	16	1183419862.9802918	0.11764705882352941
ENSG00000260083.1:B2	label_permutation	16	256652.2317211337	0.35294117647058826
ENSG00000260083.1:B2	wild_cluster	16	256652.2317211337	0.11764705882352941
ENSG00000260439.1:B1	label_permutation	16	4.955732227831378	0.6470588235294118
ENSG00000260439.1:B1	wild_cluster	16	4.955732227831378	1.0
ENSG00000260793.2:B1	label_permutation	16	3034.286001166073	0.7058823529411765
ENSG00000260793.2:B1	wild_cluster	16	3034.286001166073	0.058823529411764705
ENSG00000261227.2:B1	label_permutation	16	9843.350124239563	0.5882352941176471
ENSG00000261227.2:B1	wild_cluster	16	9843.350124239563	0.058823529411764705
ENSG00000261377.5:B1	label_permutation	16	0.032439833731103	1.0
ENSG00000261377.5:B1	wild_cluster	16	0.032439833731103	0.7058823529411765
ENSG00000262096.2:B1	label_permutation	16	2.133124148658361	0.47058823529411764
ENSG00000262096.2:B1	wild_cluster	16	2.133124148658361	0.17647058823529413
ENSG00000262879.5:B1	label_permutation	16	2.7797508267406785	0.8823529411764706
ENSG00000262879.5:B1	wild_cluster	16	2.7797508267406785	0.8823529411764706
ENSG00000263345.1:B1	label_permutation	16	110.02740408659989	0.6470588235294118
ENSG00000263345.1:B1	wild_cluster	16	110.02740408659989	0.11764705882352941
ENSG00000264538.6:B1	label_permutation	16	183.7399791285433	0.8235294117647058
ENSG00000264538.6:B1	wild_cluster	16	183.7399791285433	0.8235294117647058
ENSG00000265787.2:B1	label_permutation	16	2.962622238769018e+31	1.0
ENSG00000265787.2:B1	wild_cluster	16	2.962622238769018e+31	1.0
ENSG00000266412.5:B2	label_permutation	16	31053.077526118643	0.7647058823529411
ENSG00000266412.5:B2	wild_cluster	16	31053.077526118643	0.058823529411764705
ENSG00000266777.1:B1	label_permutation	16	-4477343.116693751	0.9411764705882353
ENSG00000266777.1:B1	wild_cluster	16	-4477343.116693751	1.0
ENSG00000267169.1:B1	label_permutation	16	193448486.13739192	0.17647058823529413
ENSG00000267169.1:B1	wild_cluster	16	193448486.13739192	0.17647058823529413
ENSG00000267673.6:B1	label_permutation	16	25183.351661145665	0.11764705882352941
ENSG00000267673.6:B1	wild_cluster	16	25183.351661145665	0.11764705882352941
ENSG00000268362.5:B1	label_permutation	16	11.420493804549302	0.6470588235294118
ENSG00000268362.5:B1	wild_cluster	16	11.420493804549302	0.6470588235294118
ENSG00000269604.1:B1	label_permutation	16	4.012177610976664	0.058823529411764705
ENSG00000269604.1:B1	wild_cluster	16	4.012177610976664	0.11764705882352941
ENSG00000270069.1:B1	label_permutation	16	21.33048860854295	0.47058823529411764
ENSG00000270069.1:B1	wild_cluster	16	21.33048860854295	0.35294117647058826
ENSG00000270885.1:B1	label_permutation	16	32484.077413108665	0.4117647058823529
ENSG00000270885.1:B1	wild_cluster	16	32484.077413108665	0.058823529411764705
ENSG00000272288.5:B1	label_permutation	16	8.823275970306446	0.6470588235294118
ENSG00000272288.5:B1	wild_cluster	16	8.823275970306446	0.5882352941176471
ENSG00000272690.5:B1	label_permutation	16	179.15150026180746	0.058823529411764705
ENSG00000272690.5:B1	wild_cluster	16	179.15150026180746	0.058823529411764705
ENSG00000273540.4:B1	label_permutation	14	3162.988473314291	0.3333333333333333
ENSG00000273540.4:B1	wild_cluster	16	3162.988473314291	0.5882352941176471
ENSG00000273899.5:B1	label_permutation	16	13737282904.9697	0.058823529411764705
ENSG00000273899.5:B1	wild_cluster	16	13737282904.9697	0.058823529411764705
ENSG00000273899.5:B2	label_permutation	16	49554130942.01405	0.058823529411764705
ENSG00000273899.5:B2	wild_cluster	16	49554130942.01405	0.058823529411764705
ENSG00000274276.4:B1	label_permutation	16	-42170.0912270296	0.9411764705882353
ENSG00000274276.4:B1	wild_cluster	16	-42170.0912270296	1.0
ENSG00000275052.5:B1	label_permutation	16	532349.6695381836	0.29411764705882354
ENSG00000275052.5:B1	wild_cluster	16	532349.6695381836	0.5294117647058824
ENSG00000276234.5:B1	label_permutation	16	-43209264.02116396	1.0
ENSG00000276234.5:B1	wild_cluster	16	-43209264.02116396	0.7058823529411765
ENSG00000278195.2:B1	label_permutation	16	33.92830637951957	0.23529411764705882
ENSG00000278195.2:B1	wild_cluster	16	33.92830637951957	0.23529411764705882
ENSG00000279277.2:B1	label_permutation	16	29.93852932886467	1.0
ENSG00000279277.2:B1	wild_cluster	16	29.93852932886467	1.0
ENSG00000281005.1:B1	label_permutation	16	1.8743172553914965e+42	0.47058823529411764
ENSG00000281005.1:B1	wild_cluster	16	1.8743172553914965e+42	1.0
ENSG00000281106.4:B1	label_permutation	16	74.1268905381887	0.29411764705882354
ENSG00000281106.4:B1	wild_cluster	16	74.1268905381887	0.058823529411764705
ENSG00000281106.4:B3	label_permutation	16	60.91140140411271	0.23529411764705882
ENSG00000281106.4:B3	wild_cluster	16	60.91140140411271	0.47058823529411764
ENSG00000281398.4:B3	label_permutation	16	690358.3345339552	0.6470588235294118
ENSG00000281398.4:B3	wild_cluster	16	690358.3345339552	0.9411764705882353
ENSG00000283208.2:B1	label_permutation	16	3756.341295034784	0.29411764705882354
ENSG00000283208.2:B1	wild_cluster	16	3756.341295034784	0.058823529411764705
ENSG00000284052.1:B1	label_permutation	16	1203.6707771380952	0.058823529411764705
ENSG00000284052.1:B1	wild_cluster	16	1203.6707771380952	0.17647058823529413
ENSG00000284642.1:B1	label_permutation	16	1063.5427438284137	0.8235294117647058
ENSG00000284642.1:B1	wild_cluster	16	1063.5427438284137	0.23529411764705882
ENSG00000284977.1:B1	label_permutation	16	2888.8351334487256	0.4117647058823529
ENSG00000284977.1:B1	wild_cluster	16	2888.8351334487256	0.058823529411764705
ENSG00000286084.1:B1	label_permutation	16	1.6274897081973023	0.7647058823529411
ENSG00000286084.1:B1	wild_cluster	16	1.6274897081973023	0.8823529411764706
