test_id	null_type	analytic_p_value	calibrated_p_value	reference_nulls	degrees_of_freedom	denominator_df_bin	fdr
ENSG00000124333.16:B3	label_permutation	1.2781630544067124e-42	0.01824817518248175	273	2	11-20	0.8412698412698413
ENSG00000124333.16_PAR_Y:B3	label_permutation	1.2781630544067124e-42	0.01824817518248175	273	2	11-20	0.8412698412698413
ENSG00000104722.14:B1	label_permutation	1.3633042302513267e-09	0.8066298342541437	180	24	>20	1.0
ENSG00000104722.14:B2	label_permutation	1.7522294238071491e-10	0.7785714285714286	139	48	>20	1.0
ENSG00000124164.15:B1	label_permutation	1.0	1.0	240	45	>20	1.0
ENSG00000124164.15:B2	label_permutation	5.1757488087972e-09	0.4409090909090909	219	19	>20	0.9420871559633027
ENSG00000136715.18:B1	label_permutation	3.2090391029701585e-57	0.3488372093023256	85	60	>20	0.888268156424581
ENSG00000136715.18:B2	label_permutation	6.473404249392448e-09	0.25	47	4	>20	0.888268156424581
ENSG00000152214.14:B1	label_permutation	0.0039517292859979	0.40298507462686567	200	4	11-20	0.927992476825937
ENSG00000152214.14:B2	label_permutation	0.3298334078797547	0.6496350364963503	273	2	11-20	0.983821267886646
ENSG00000166816.14:B1	label_permutation	1.0149042167410383e-10	0.24299065420560748	106	3	1-5	0.888268156424581
ENSG00000166816.14:B2	label_permutation	2.97367828797291e-07	0.19217081850533807	280	1	6-10	0.8822953388170781
ENSG00000176909.12:B2	label_permutation	5.9572101349648906e-15	0.3269230769230769	207	10	>20	0.888268156424581
ENSG00000196757.8:B1	label_permutation	0.0021244457542923	0.875968992248062	257	12	11-20	1.0
ENSG00000196757.8:B2	label_permutation	0.0020885452249324	0.4523809523809524	125	6	>20	0.9420871559633027
ENSG00000068078.18:B1	label_permutation	2.426306975634157e-06	0.6470588235294118	16	7	6-10	0.983821267886646
ENSG00000072832.14:B1	label_permutation	1.0228891280915892e-56	0.5907335907335908	258	36	>20	0.9793478260869566
ENSG00000090971.5:B1	label_permutation	9.265306538349673e-53	0.4551971326164875	278	38	>20	0.9420871559633027
ENSG00000099326.8:B1	label_permutation	1.5762465627980171e-60	0.313953488372093	85	27	>20	0.888268156424581
ENSG00000101132.10:B1	label_permutation	3.889995155119508e-61	0.32558139534883723	42	29	11-20	0.888268156424581
ENSG00000102390.10:B1	label_permutation	0.6924664201840525	0.9111111111111111	224	5	11-20	1.0
ENSG00000103512.15:B1	label_permutation	1.1746510887177643e-49	0.32456140350877194	113	20	11-20	0.888268156424581
ENSG00000105072.9:B1	label_permutation	1.0	1.0	21	53	11-20	1.0
ENSG00000106052.13:B1	label_permutation	1.0	1.0	3	140	>20	1.0
ENSG00000107593.17:B1	label_permutation	0.0060564336345275	0.6426799007444168	402	6	11-20	0.983821267886646
ENSG00000111843.14:B1	label_permutation	3.4481716001376845e-15	0.20099255583126552	402	6	11-20	0.8822953388170781
ENSG00000113319.13:B1	label_permutation	1.4912938068168863e-84	0.10285714285714286	174	49	>20	0.8650522722423726
ENSG00000117115.13:B1	label_permutation	9.88685142197504e-23	0.18867924528301888	105	9	>20	0.8822953388170781
ENSG00000118873.16:B1	label_permutation	1.7779938205951108e-41	0.4897959183673469	48	35	11-20	0.952431289640592
ENSG00000120253.14:B1	label_permutation	1.2720577497845984e-18	0.20512820512820512	38	10	6-10	0.8848204264870931
ENSG00000122068.13:B1	label_permutation	1.0488090105844025e-21	0.5833333333333334	23	72	>20	0.9787399130974551
ENSG00000128050.8:B1	label_permutation	1.0	1.0	108	50	>20	1.0
ENSG00000130035.7:B1	label_permutation	2.0315779025143184e-59	0.48148148148148145	26	39	11-20	0.949266553205284
ENSG00000131323.14:B1	label_permutation	3.378479598084556e-51	0.3179190751445087	172	44	>20	0.888268156424581
ENSG00000134046.12:B1	label_permutation	1.0	1.0	66	59	>20	1.0
ENSG00000135205.15:B1	label_permutation	1.0	1.0	9	99	>20	1.0
ENSG00000138050.15:B1	label_permutation	1.0	1.0	65	58	>20	1.0
ENSG00000138834.12:B1	label_permutation	5.159855653180937e-87	0.3333333333333333	2	175	>20	0.888268156424581
ENSG00000141750.7:B1	label_permutation	1.3576132895138094e-05	0.7472924187725631	276	18	>20	1.0
ENSG00000143376.14:B1	label_permutation	1.0	1.0	2	132	11-20	1.0
ENSG00000144331.20:B1	label_permutation	4.2254433622672064e-21	0.5373134328358209	66	41	>20	0.9728311362209668
ENSG00000145592.14:B1	label_permutation	1.0	1.0	78	51	>20	1.0
ENSG00000148824.19:B1	label_permutation	1.4688649363700112e-16	0.5503875968992248	257	12	11-20	0.9728311362209668
ENSG00000151014.6:B1	label_permutation	0.0453640917177401	0.771712158808933	402	6	11-20	1.0
ENSG00000152270.9:B1	label_permutation	2.296614620893241e-101	0.02888086642599278	276	40	>20	0.8412698412698413
ENSG00000154096.13:B1	label_permutation	2.878525889169015e-50	0.3269230769230769	51	38	11-20	0.888268156424581
ENSG00000157212.18:B1	label_permutation	1.5201256000806079e-15	0.6287425149700598	166	18	11-20	0.983821267886646
ENSG00000158859.10:B1	label_permutation	7.319787862242747e-15	0.15920398009950248	200	4	11-20	0.8822953388170781
ENSG00000160352.15:B1	label_permutation	1.6064644104343136e-65	0.5	89	32	>20	0.952431289640592
ENSG00000162298.18:B1	label_permutation	1.0	1.0	14	85	11-20	1.0
ENSG00000163755.8:B1	label_permutation	2.0928601881859298e-33	0.6578947368421053	113	20	11-20	0.9869967610329168
ENSG00000164244.20:B1	label_permutation	2.238003552444487e-19	0.27631578947368424	151	16	>20	0.888268156424581
ENSG00000165119.21:B1	label_permutation	5.193299557812952e-15	0.7280701754385965	113	20	11-20	1.0
ENSG00000166004.15:B1	label_permutation	1.0	1.0	10	88	>20	1.0
ENSG00000169946.14:B1	label_permutation	1.0	1.0	31	70	>20	1.0
ENSG00000171067.11:B1	label_permutation	2.3111390373218064e-56	0.2857142857142857	41	40	11-20	0.888268156424581
ENSG00000172247.4:B1	label_permutation	9.94566328983326e-05	0.352112676056338	212	3	11-20	0.888268156424581
ENSG00000173517.10:B1	label_permutation	2.447137338156047e-69	0.1715686274509804	203	46	>20	0.8822953388170781
ENSG00000176490.5:B1	label_permutation	3.2077631803664955e-45	0.5448028673835126	278	38	>20	0.9728311362209668
ENSG00000178163.8:B1	label_permutation	1.30662331638047e-81	0.18243243243243243	147	47	>20	0.8822953388170781
ENSG00000179965.11:B1	label_permutation	9.553694067271056e-09	0.7964071856287425	166	18	11-20	1.0
ENSG00000182141.10:B1	label_permutation	3.80133757899973e-06	0.8922155688622755	166	18	11-20	1.0
ENSG00000184787.19:B1	label_permutation	1.0	1.0	12	62	11-20	1.0
ENSG00000185896.11:B1	label_permutation	1.8462062224177567e-38	0.03125	63	13	>20	0.8412698412698413
ENSG00000187627.15:B1	label_permutation	2.914845276807821e-20	0.19811320754716982	105	9	>20	0.8822953388170781
ENSG00000189050.16:B1	label_permutation	1.0	1.0	113	20	11-20	1.0
ENSG00000197380.11:B1	label_permutation	6.096674577162176e-07	0.6134969325153374	162	12	>20	0.983821267886646
ENSG00000198482.12:B1	label_permutation	1.9908113779095435e-31	0.4861878453038674	180	24	>20	0.952431289640592
ENSG00000203685.10:B1	label_permutation	6.327411000526291e-85	0.1746031746031746	62	28	>20	0.8822953388170781
ENSG00000204991.11:B1	label_permutation	3.482117786831861e-62	0.37857142857142856	139	48	>20	0.912012987012987
ENSG00000213672.8:B1	label_permutation	1.0	1.0	9	100	11-20	1.0
ENSG00000226950.6:B1	label_permutation	1.0	1.0	113	20	11-20	1.0
ENSG00000231887.7:B1	label_permutation	4.846136671119962e-33	0.7096774193548387	278	38	>20	1.0
ENSG00000236306.2:B1	label_permutation	0.5481986654646593	0.7935943060498221	280	1	6-10	1.0
ENSG00000242290.2:B1	label_permutation	5.242058182203694e-12	0.35714285714285715	41	40	11-20	0.8928969600872085
ENSG00000248905.8:B1	label_permutation	1.0	1.0	7	86	>20	1.0
ENSG00000254363.6:B1	label_permutation	1.828615504264501e-20	0.09124087591240876	273	2	11-20	0.8454140276800375
ENSG00000259495.2:B1	label_permutation	8.33370601342724e-16	0.14084507042253522	212	3	11-20	0.8822953388170781
ENSG00000267169.1:B1	label_permutation	6.900534385157247e-76	0.30115830115830117	258	36	>20	0.888268156424581
ENSG00000276234.5:B1	label_permutation	1.0	1.0	203	46	>20	1.0
ENSG00000136490.9:B2	label_permutation	0.0229811041716907	0.7075471698113207	105	9	>20	1.0
ENSG00000136490.9:B3	label_permutation	8.491275750978592e-276	0.13793103448275862	28	1	>20	0.8822953388170781
ENSG00000165802.22:B1	label_permutation	9.750409572252976e-98	0.125	87	52	>20	0.8822953388170781
ENSG00000165802.22:B3	label_permutation	0.0002670410429357	0.7309417040358744	222	20	>20	1.0
ENSG00000165802.22:B4	label_permutation	7.157839311745199e-24	0.6176470588235294	203	46	>20	0.983821267886646
ENSG00000281398.4:B3	label_permutation	2.0724050740175463e-34	0.044444444444444446	224	5	11-20	0.8412698412698413
ENSG00000104435.13:B1	label_permutation	1.0889672916187565e-43	0.43352601156069365	172	44	>20	0.9407993867138968
ENSG00000104435.13:B2	label_permutation	1.041029543511662e-07	0.5064935064935064	153	22	>20	0.954708471444873
ENSG00000123685.9:B1	label_permutation	0.4889125272072346	0.8905472636815921	200	4	11-20	1.0
ENSG00000123685.9:B2	label_permutation	0.0132343168637786	0.43795620437956206	273	2	11-20	0.9417626256467432
ENSG00000136457.10:B1	label_permutation	0.4214514192308185	0.9803921568627451	50	2	1-5	1.0
ENSG00000136457.10:B3	label_permutation	0.4493567917067634	0.6	64	1	1-5	0.9793478260869566
ENSG00000152056.17:B1	label_permutation	5.229761006514621e-10	0.6083333333333333	119	15	>20	0.983821267886646
ENSG00000152056.17:B2	label_permutation	1.1760498628001172e-37	0.2645739910313901	222	20	>20	0.888268156424581
ENSG00000165816.13:B1	label_permutation	1.9577281888277475e-10	0.35802469135802467	80	6	6-10	0.8928969600872085
ENSG00000165816.13:B2	label_permutation	0.0133660604615911	0.5151515151515151	98	3	6-10	0.9629699484471268
ENSG00000176058.13:B1	label_permutation	9.006490478352344e-07	0.3888888888888889	125	6	>20	0.9203660353266653
ENSG00000176058.13:B2	label_permutation	0.5592557765239355	0.8811881188118812	100	3	>20	1.0
ENSG00000196653.12:B1	label_permutation	0.4742450426339372	0.8834355828220859	162	4	6-10	1.0
ENSG00000196653.12:B2	label_permutation	0.8955558704927586	0.9419795221843004	292	2	6-10	1.0
ENSG00000236859.6:B1	label_permutation	3.198251982573127e-25	0.8043478260869565	137	21	11-20	1.0
ENSG00000236859.6:B2	label_permutation	9.20741320065179e-16	0.5481481481481482	134	14	>20	0.9728311362209668
ENSG00000014824.14:B1	label_permutation	1.2470756573911317e-52	0.3828125	127	39	>20	0.9158976476754713
ENSG00000036549.13:B1	label_permutation	1.0	1.0	66	59	>20	1.0
ENSG00000068912.14:B2	label_permutation	0.0003426397179379	0.8363636363636363	219	19	>20	1.0
ENSG00000073712.15:B1	label_permutation	9.336855181920896e-70	0.2736842105263158	94	26	>20	0.888268156424581
ENSG00000078177.14:B1	label_permutation	1.0	1.0	94	54	>20	1.0
ENSG00000100417.12:B1	label_permutation	1.0	1.0	276	40	>20	1.0
ENSG00000101216.11:B1	label_permutation	0.0828827159366219	0.5474452554744526	273	2	11-20	0.9728311362209668
ENSG00000102760.13:B1	label_permutation	0.3543296899245088	0.6512455516014235	280	1	6-10	0.983821267886646
ENSG00000105278.11:B1	label_permutation	1.0275153091603982e-83	0.2692307692307692	25	78	>20	0.888268156424581
ENSG00000106263.18:B1	label_permutation	6.083156069715739e-66	0.1875	15	67	11-20	0.8822953388170781
ENSG00000109184.15:B1	label_permutation	2.0339793960510096e-82	0.3	19	71	>20	0.888268156424581
ENSG00000110811.20:B1	label_permutation	1.9705853779400552e-78	0.05555555555555555	35	36	11-20	0.8454140276800375
ENSG00000112081.17:B1	label_permutation	4.606286681990857e-49	0.27941176470588236	203	46	>20	0.888268156424581
ENSG00000113575.10:B1	label_permutation	6.003363646521327e-06	0.8518518518518519	26	12	6-10	1.0
ENSG00000115091.11:B1	label_permutation	5.1321196703523527e-48	0.6666666666666666	8	83	11-20	0.9879385964912281
ENSG00000116147.17:B1	label_permutation	4.0968733746066494e-05	0.825	119	15	>20	1.0
ENSG00000119185.12:B1	label_permutation	3.2681020145923546e-15	1.0	1	25	6-10	1.0
ENSG00000120616.15:B1	label_permutation	1.0	1.0	1	32	1-5	1.0
ENSG00000124383.9:B1	label_permutation	1.1848565244797144e-87	0.1559633027522936	108	50	>20	0.8822953388170781
ENSG00000130255.13:B1	label_permutation	1.0	1.0	172	44	>20	1.0
ENSG00000131480.9:B1	label_permutation	0.4258270783719997	0.8160919540229885	260	1	11-20	1.0
ENSG00000132879.14:B1	label_permutation	5.948422000313962e-28	0.6101083032490975	276	40	>20	0.983821267886646
ENSG00000136144.12:B1	label_permutation	1.8438337496501506e-66	0.029940119760479042	166	18	11-20	0.8412698412698413
ENSG00000138138.13:B1	label_permutation	4.100941570149651e-52	0.4551971326164875	278	38	>20	0.9420871559633027
ENSG00000142186.17:B1	label_permutation	1.3436613917506204e-56	0.3333333333333333	2	120	11-20	0.888268156424581
ENSG00000143469.19:B1	label_permutation	9.38107042733654e-23	0.8764478764478765	258	36	>20	1.0
ENSG00000144559.10:B1	label_permutation	1.8660979660279768e-22	0.3764705882352941	84	21	>20	0.912012987012987
ENSG00000149115.14:B1	label_permutation	4.724482994047642e-31	0.6541353383458647	132	43	>20	0.9855784947318128
ENSG00000152484.14:B1	label_permutation	2.6457966129332617e-08	0.3027027027027027	184	8	11-20	0.888268156424581
ENSG00000159128.14:B1	label_permutation	1.250734290501462e-68	0.14285714285714285	20	31	11-20	0.8822953388170781
ENSG00000162415.7:B1	label_permutation	3.6552542075616426e-46	0.034739454094292806	402	6	11-20	0.8412698412698413
ENSG00000163281.11:B1	label_permutation	3.0907585404599316e-54	0.22077922077922077	76	24	11-20	0.888268156424581
ENSG00000163867.17:B1	label_permutation	1.3488399967491863e-80	0.045454545454545456	21	54	11-20	0.8412698412698413
ENSG00000165259.14:B1	label_permutation	1.857268428379558e-81	0.11864406779661017	58	37	>20	0.8822953388170781
ENSG00000166167.18:B1	label_permutation	1.1028127850890378e-53	0.28901734104046245	172	44	>20	0.888268156424581
ENSG00000166963.13:B1	label_permutation	1.0847406210356917e-19	0.7578947368421053	94	26	>20	1.0
ENSG00000167972.14:B1	label_permutation	1.0	1.0	22	76	>20	1.0
ENSG00000170091.11:B1	label_permutation	8.488826618354991e-88	0.06859205776173286	276	40	>20	0.8454140276800375
ENSG00000171262.11:B1	label_permutation	3.0029578043834096e-35	0.31851851851851853	134	14	>20	0.888268156424581
ENSG00000175216.14:B1	label_permutation	1.652050770410526e-83	0.5	1	159	>20	0.952431289640592
ENSG00000176783.15:B1	label_permutation	1.0	1.0	18	75	>20	1.0
ENSG00000178386.13:B1	label_permutation	0.4245878550079441	0.6897810218978102	273	2	11-20	1.0
ENSG00000180354.16:B1	label_permutation	1.0	1.0	82	53	>20	1.0
ENSG00000182256.13:B1	label_permutation	1.0	1.0	5	34	6-10	1.0
ENSG00000183580.10:B1	label_permutation	0.002305221098123	0.31386861313868614	273	2	11-20	0.888268156424581
ENSG00000184967.7:B1	label_permutation	1.874913641778173e-08	0.42528735632183906	260	1	11-20	0.9300580292378082
ENSG00000187984.12:B1	label_permutation	1.0	1.0	88	57	>20	1.0
ENSG00000189298.14:B1	label_permutation	0.0769457866275751	0.5733333333333334	224	5	11-20	0.9728311362209668
ENSG00000203965.13:B1	label_permutation	1.9939606572190495e-70	0.3068181818181818	87	35	>20	0.888268156424581
ENSG00000205485.13:B1	label_permutation	4.1571589575514257e-66	0.07792207792207792	76	24	11-20	0.8454140276800375
ENSG00000223770.5:B1	label_permutation	5.128825768291935e-26	0.3076923076923077	51	17	>20	0.888268156424581
ENSG00000232656.7:B1	label_permutation	0.1508865282875042	0.8387096774193549	61	4	1-5	1.0
ENSG00000237080.3:B1	label_permutation	5.015334594790261e-63	0.042704626334519574	280	1	6-10	0.8412698412698413
ENSG00000243232.5:B1	label_permutation	2.7957035174509514e-14	0.14553990610328638	212	3	11-20	0.8822953388170781
ENSG00000249550.6:B1	label_permutation	1.8621787227607523e-06	0.5277777777777778	35	6	1-5	0.9651297946532351
ENSG00000254876.5:B1	label_permutation	0.2940590712697236	0.7701149425287356	260	1	11-20	1.0
ENSG00000260439.1:B1	label_permutation	0.9995958689233728	0.961038961038961	153	22	>20	1.0
ENSG00000267673.6:B1	label_permutation	1.1881486557074722e-34	0.16883116883116883	153	22	>20	0.8822953388170781
ENSG00000278195.2:B1	label_permutation	0.000211124462787	0.352112676056338	212	3	11-20	0.888268156424581
ENSG00000168101.14:B2	label_permutation	0.0050899768556095	0.6245210727969349	260	1	11-20	0.983821267886646
ENSG00000167700.9:B1	label_permutation	1.4873943564177709e-77	0.028985507246376812	137	21	11-20	0.8412698412698413
ENSG00000167700.9:B2	label_permutation	4.3138294441961966e-08	0.4479166666666667	95	7	>20	0.9420871559633027
ENSG00000167700.9:B3	label_permutation	3.1874810056973627e-38	0.1623931623931624	116	14	11-20	0.8822953388170781
ENSG00000004779.10:B1	label_permutation	4.753747997626077e-10	0.2916666666666667	167	9	11-20	0.888268156424581
ENSG00000004779.10:B2	label_permutation	2.8649687785606685e-07	0.3325062034739454	402	6	11-20	0.888268156424581
ENSG00000055130.16:B2	label_permutation	2.491460756110896e-16	0.2996389891696751	276	18	>20	0.888268156424581
ENSG00000105879.12:B1	label_permutation	7.869377398588591e-12	0.3862815884476534	276	18	>20	0.9203660353266653
ENSG00000105879.12:B2	label_permutation	1.2745994194050858e-27	0.7093023255813954	85	27	>20	1.0
ENSG00000124733.4:B2	label_permutation	0.4604616510614939	0.9429280397022333	402	6	11-20	1.0
ENSG00000137221.14:B1	label_permutation	8.142705838115785e-74	0.2	9	99	>20	0.8822953388170781
ENSG00000137221.14:B2	label_permutation	2.37208086102763e-43	0.5	7	107	>20	0.952431289640592
ENSG00000167470.12:B1	label_permutation	3.0075049577721267e-32	0.25	19	57	11-20	0.888268156424581
ENSG00000178038.17:B1	label_permutation	1.8417613979815242e-63	0.5666666666666667	89	32	>20	0.9728311362209668
ENSG00000178038.17:B2	label_permutation	0.0034526680110499	0.5868263473053892	166	8	>20	0.9793478260869566
ENSG00000242759.6:B1	label_permutation	5.181405904331092e-19	0.10270270270270271	184	8	11-20	0.8650522722423726
ENSG00000242759.6:B2	label_permutation	4.045468979869306e-16	0.5267175572519084	130	10	11-20	0.9651297946532351
ENSG00000038219.13:B1	label_permutation	3.620580237404843e-73	0.5454545454545454	10	92	>20	0.9728311362209668
ENSG00000054267.22:B1	label_permutation	7.22480069367399e-96	0.3333333333333333	17	77	>20	0.888268156424581
ENSG00000069424.14:B1	label_permutation	4.9210230840727587e-26	0.8	4	132	>20	1.0
ENSG00000091879.13:B1	label_permutation	9.566941709140608e-37	0.14583333333333334	95	7	>20	0.8822953388170781
ENSG00000099904.15:B1	label_permutation	1.0430624091593053e-43	0.23076923076923078	12	107	11-20	0.888268156424581
ENSG00000100483.14:B1	label_permutation	0.9823724528873607	0.9927007299270073	273	2	11-20	1.0
ENSG00000101333.16:B1	label_permutation	1.0	1.0	88	57	>20	1.0
ENSG00000104129.10:B1	label_permutation	1.811089175256521e-64	0.47876447876447875	258	36	>20	0.9480588909160338
ENSG00000105376.5:B1	label_permutation	1.0	1.0	240	45	>20	1.0
ENSG00000106392.10:B1	label_permutation	1.9851677475208628e-96	0.1724137931034483	57	55	>20	0.8822953388170781
ENSG00000107902.14:B1	label_permutation	3.196181337286538e-48	0.6296296296296297	26	39	11-20	0.983821267886646
ENSG00000109466.14:B1	label_permutation	3.708484255688107e-105	0.03669724770642202	108	50	>20	0.8412698412698413
ENSG00000115194.10:B1	label_permutation	3.709579155102963e-53	0.22406639004149378	240	45	>20	0.888268156424581
ENSG00000116199.12:B1	label_permutation	2.9281098528078773e-16	0.30288461538461536	207	10	>20	0.888268156424581
ENSG00000120693.13:B1	label_permutation	2.289135249970739e-73	0.10465116279069768	85	27	>20	0.8650522722423726
ENSG00000122565.19:B1	label_permutation	0.4468437910463257	0.7117437722419929	280	1	6-10	1.0
ENSG00000124541.7:B1	label_permutation	0.2032776628795148	0.9007444168734491	402	6	11-20	1.0
ENSG00000130347.12:B1	label_permutation	1.0607859164186705e-13	0.21568627450980393	50	2	1-5	0.888268156424581
ENSG00000131711.15:B1	label_permutation	1.0	1.0	25	78	>20	1.0
ENSG00000132964.12:B1	label_permutation	9.431000160235497e-20	0.8404255319148937	93	26	11-20	1.0
ENSG00000134317.18:B1	label_permutation	1.1529229437231633e-07	0.5829596412556054	222	20	>20	0.9787399130974551
ENSG00000135447.17:B1	label_permutation	0.7824163643969997	0.9523809523809523	125	6	>20	1.0
ENSG00000136197.12:B1	label_permutation	9.361125008622875e-31	0.16	74	16	11-20	0.8822953388170781
ENSG00000137177.20:B1	label_permutation	7.743018135268139e-53	0.3333333333333333	5	88	11-20	0.888268156424581
ENSG00000138246.17:B1	label_permutation	1.0	1.0	7	112	>20	1.0
ENSG00000139343.10:B1	label_permutation	1.0	1.0	76	24	11-20	1.0
ENSG00000144635.9:B1	label_permutation	5.1458082052916816e-20	0.609375	127	39	>20	0.983821267886646
ENSG00000145919.10:B1	label_permutation	3.300034784844565e-25	0.6754385964912281	113	20	11-20	0.9960232003905016
ENSG00000147548.17:B1	label_permutation	8.256807009257444e-23	0.6422018348623854	108	50	>20	0.983821267886646
ENSG00000151332.19:B1	label_permutation	1.0	1.0	5	34	6-10	1.0
ENSG00000152583.12:B1	label_permutation	3.0915455693373304e-60	0.22285714285714286	174	49	>20	0.888268156424581
ENSG00000154370.16:B1	label_permutation	1.9267916174591777e-06	0.5144230769230769	207	10	>20	0.9629699484471268
ENSG00000156103.16:B1	label_permutation	1.9395841892237568e-32	0.18772563176895307	276	18	>20	0.8822953388170781
ENSG00000157625.15:B1	label_permutation	2.5314262665267278e-77	0.2903225806451613	30	33	>20	0.888268156424581
ENSG00000162512.16:B1	label_permutation	9.255430293153176e-23	0.5555555555555556	17	65	>20	0.9728311362209668
ENSG00000163346.17:B1	label_permutation	4.055755651007141e-29	0.1317365269461078	166	8	>20	0.8822953388170781
ENSG00000163884.4:B1	label_permutation	9.885114306183668e-95	0.2681992337164751	260	1	11-20	0.888268156424581
ENSG00000165322.17:B1	label_permutation	3.1786414255290304e-89	0.0625	127	39	>20	0.8454140276800375
ENSG00000168026.18:B1	label_permutation	1.0	1.0	26	39	11-20	1.0
ENSG00000169032.9:B1	label_permutation	4.960185913382786e-29	0.20938628158844766	276	18	>20	0.8848204264870931
ENSG00000170264.13:B1	label_permutation	1.0	1.0	147	47	>20	1.0
ENSG00000173915.16:B1	label_permutation	5.3215387745313494e-58	0.0851063829787234	93	26	11-20	0.8454140276800375
ENSG00000175309.15:B1	label_permutation	1.0	1.0	11	40	6-10	1.0
ENSG00000178567.7:B1	label_permutation	1.0	1.0	22	11	11-20	1.0
ENSG00000180574.3:B1	label_permutation	5.976539426828786e-09	0.11743772241992882	280	1	6-10	0.8822953388170781
ENSG00000182348.6:B1	label_permutation	0.297540103237548	0.90625	95	7	>20	1.0
ENSG00000183722.9:B1	label_permutation	4.046766166354735e-45	0.13636363636363635	153	22	>20	0.8822953388170781
ENSG00000186231.17:B1	label_permutation	1.0	1.0	258	36	>20	1.0
ENSG00000189410.12:B1	label_permutation	2.6756328008204788e-15	1.0	1	22	6-10	1.0
ENSG00000196743.8:B1	label_permutation	1.7238413767382642e-19	0.35294117647058826	33	8	6-10	0.888268156424581
ENSG00000197746.14:B1	label_permutation	3.4900528451943334e-51	0.2983425414364641	180	24	>20	0.888268156424581
ENSG00000204130.13:B1	label_permutation	1.047119233900815e-77	0.3157894736842105	18	67	>20	0.888268156424581
ENSG00000214265.11:B1	label_permutation	1.861185566069317e-05	0.4642857142857143	167	9	11-20	0.9442921638181233
ENSG00000224032.6:B1	label_permutation	1.1554502088670577e-06	0.4358974358974359	38	10	6-10	0.9407993867138968
ENSG00000228237.5:B1	label_permutation	5.45119261179656e-26	0.4782608695652174	22	11	11-20	0.9480588909160338
ENSG00000233016.6:B1	label_permutation	0.0001085598178754	0.5325670498084292	260	1	11-20	0.9713419268773171
ENSG00000237442.3:B1	label_permutation	0.2216230722772671	0.6619718309859155	212	3	11-20	0.9879385964912281
ENSG00000243667.7:B1	label_permutation	3.0972888011888e-08	0.7764705882352941	84	21	>20	1.0
ENSG00000249915.8:B1	label_permutation	1.0	1.0	26	39	11-20	1.0
ENSG00000255345.1:B1	label_permutation	0.138535743553801	0.6417910447761194	200	4	11-20	0.983821267886646
ENSG00000260793.2:B1	label_permutation	2.3856966270277286e-10	0.08588957055214724	162	4	6-10	0.8454140276800375
ENSG00000268362.5:B1	label_permutation	0.2401680934967792	0.9041916167664671	166	8	>20	1.0
ENSG00000279277.2:B1	label_permutation	0.1154346475216815	0.9711191335740073	276	18	>20	1.0
ENSG00000186577.14:B1	label_permutation	1.1894936626009772e-51	0.3466666666666667	74	30	11-20	0.888268156424581
ENSG00000186577.14:B2	label_permutation	3.435198069127681e-25	0.32061068702290074	130	10	11-20	0.888268156424581
ENSG00000186577.14:B3	label_permutation	1.0177728120867045e-33	0.6578947368421053	113	20	11-20	0.9869967610329168
ENSG00000186577.14:B4	label_permutation	8.15164850770585e-38	0.5614035087719298	113	20	11-20	0.9728311362209668
ENSG00000169627.8:B1	label_permutation	0.0286735664072578	0.4294478527607362	162	4	6-10	0.9346196022643076
ENSG00000169627.8:B2	label_permutation	0.0210680795827437	0.29692832764505117	292	2	6-10	0.888268156424581
ENSG00000169627.8:B3	label_permutation	0.0210681189330533	0.29692832764505117	292	2	6-10	0.888268156424581
ENSG00000012660.14:B1	label_permutation	4.005943685795824e-37	0.23952095808383234	166	18	11-20	0.888268156424581
ENSG00000012660.14:B2	label_permutation	1.0	1.0	5	33	6-10	1.0
ENSG00000068308.13:B1	label_permutation	1.9206113853591827e-70	0.1971326164874552	278	38	>20	0.8822953388170781
ENSG00000068308.13:B2	label_permutation	6.3932804169882e-59	0.06818181818181818	219	19	>20	0.8454140276800375
ENSG00000107371.13:B1	label_permutation	2.447899973937405e-06	0.7674418604651163	257	12	11-20	1.0
ENSG00000107371.13:B2	label_permutation	6.55970587131302e-28	0.7898550724637681	137	21	11-20	1.0
ENSG00000125843.11:B1	label_permutation	1.3571990044200858e-10	0.2655086848635236	402	6	11-20	0.888268156424581
ENSG00000125843.11:B2	label_permutation	2.380964073343828e-70	0.046948356807511735	212	3	11-20	0.8412698412698413
ENSG00000138380.18:B1	label_permutation	1.0	1.0	4	90	11-20	1.0
ENSG00000138380.18:B2	label_permutation	1.7922958924091227e-06	0.8502994011976048	166	18	11-20	1.0
ENSG00000155265.11:B1	label_permutation	2.0904482815557347e-53	0.4444444444444444	278	38	>20	0.9420871559633027
ENSG00000155265.11:B2	label_permutation	1.431085357278915e-45	0.08636363636363636	219	19	>20	0.8454140276800375
ENSG00000168081.9:B1	label_permutation	4.856964003955806e-12	0.06451612903225806	61	4	1-5	0.8454140276800375
ENSG00000168081.9:B2	label_permutation	2.5162587686088733e-11	0.3333333333333333	35	6	1-5	0.888268156424581
ENSG00000179981.10:B1	label_permutation	1.7595820758181114e-60	0.4177215189873418	157	42	>20	0.927992476825937
ENSG00000179981.10:B2	label_permutation	1.7003504694947325e-79	0.23552123552123552	258	36	>20	0.888268156424581
ENSG00000197859.10:B2	label_permutation	0.2666686162445406	0.7466666666666667	224	5	11-20	1.0
ENSG00000249087.6:B2	label_permutation	1.0918112645159386e-54	0.2391304347826087	137	21	11-20	0.888268156424581
ENSG00000039319.17:B1	label_permutation	7.2717555038264155e-62	0.19230769230769232	25	48	11-20	0.8822953388170781
ENSG00000070010.19:B1	label_permutation	5.418255637285887e-06	0.6153846153846154	12	11	6-10	0.983821267886646
ENSG00000078808.16:B1	label_permutation	3.1807305408937206e-104	0.03669724770642202	108	50	>20	0.8412698412698413
ENSG00000083828.16:B1	label_permutation	1.9813695323280224e-16	0.5503875968992248	257	12	11-20	0.9728311362209668
ENSG00000102910.13:B1	label_permutation	1.0	1.0	11	59	11-20	1.0
ENSG00000104267.10:B1	label_permutation	0.0156718877327372	0.7096774193548387	402	6	11-20	1.0
ENSG00000106479.11:B1	label_permutation	2.901707649544882e-61	0.23121387283236994	172	44	>20	0.888268156424581
ENSG00000108010.12:B1	label_permutation	2.455566795336581e-88	0.027777777777777776	35	36	11-20	0.8412698412698413
ENSG00000111142.14:B1	label_permutation	1.984303711030531e-74	0.14285714285714285	174	49	>20	0.8822953388170781
ENSG00000113734.17:B1	label_permutation	0.0577964835469391	0.5182481751824818	273	2	11-20	0.9651297946532351
ENSG00000115241.11:B1	label_permutation	1.3768323839023916e-41	0.5636363636363636	54	34	11-20	0.9728311362209668
ENSG00000116260.17:B1	label_permutation	3.976630632979577e-37	0.4666666666666667	74	30	11-20	0.9464204227474279
ENSG00000117528.13:B1	label_permutation	0.0001364405416595	0.5833333333333334	167	9	11-20	0.9787399130974551
ENSG00000119401.10:B1	label_permutation	1.1327460839085391e-55	0.22807017543859648	56	27	11-20	0.888268156424581
ENSG00000120742.11:B1	label_permutation	5.272951134333935e-89	0.11196911196911197	258	36	>20	0.8822953388170781
ENSG00000122674.11:B1	label_permutation	3.2260294137979813e-19	0.8796992481203008	132	43	>20	1.0
ENSG00000124664.11:B1	label_permutation	0.8419511815878349	0.9248826291079812	212	3	11-20	1.0
ENSG00000126464.14:B1	label_permutation	9.711382630550386e-50	0.45714285714285713	139	48	>20	0.9425302386400785
ENSG00000128791.12:B1	label_permutation	0.9993253656783604	1.0	224	5	11-20	1.0
ENSG00000131791.8:B1	label_permutation	1.0608408261547147e-70	0.24210526315789474	94	26	>20	0.888268156424581
ENSG00000134375.11:B1	label_permutation	8.690404933226014e-17	0.5465116279069767	257	12	11-20	0.9728311362209668
ENSG00000135502.17:B1	label_permutation	1.0	1.0	88	57	>20	1.0
ENSG00000136261.15:B1	label_permutation	8.45062810805277e-23	0.7659574468085106	93	26	11-20	1.0
ENSG00000137266.14:B1	label_permutation	4.307700103341869e-62	0.3333333333333333	5	88	11-20	0.888268156424581
ENSG00000139496.16:B1	label_permutation	2.5321258311768123e-66	0.2857142857142857	6	112	11-20	0.888268156424581
ENSG00000140950.16:B1	label_permutation	1.5318039936637054e-52	0.2807017543859649	56	27	11-20	0.888268156424581
ENSG00000142541.17:B1	label_permutation	5.34841803601624e-85	0.06666666666666667	14	58	11-20	0.8454140276800375
ENSG00000144712.12:B1	label_permutation	1.2077900902705876e-86	0.5	21	62	>20	0.952431289640592
ENSG00000146006.8:B1	label_permutation	9.282926207189184e-59	0.16597510373443983	240	45	>20	0.8822953388170781
ENSG00000147684.9:B1	label_permutation	3.802673636211709e-27	0.625	39	23	11-20	0.983821267886646
ENSG00000149313.11:B1	label_permutation	8.598722058373511e-48	0.667953667953668	258	36	>20	0.9882204512746385
ENSG00000152784.15:B1	label_permutation	3.3012198931480416e-85	0.13533834586466165	132	43	>20	0.8822953388170781
ENSG00000154545.16:B1	label_permutation	4.794551864377785e-68	0.5	17	77	>20	0.952431289640592
ENSG00000157782.9:B1	label_permutation	1.1550210319912982e-27	0.6245487364620939	276	40	>20	0.983821267886646
ENSG00000159346.13:B1	label_permutation	9.71685514711214e-49	0.4421052631578947	94	26	>20	0.9420871559633027
ENSG00000163935.14:B1	label_permutation	1.7528361838660026e-12	0.4266666666666667	74	16	11-20	0.9308151735270379
ENSG00000165417.12:B1	label_permutation	2.163914708884625e-05	0.765625	63	13	>20	1.0
ENSG00000166257.8:B1	label_permutation	1.0	1.0	6	91	>20	1.0
ENSG00000169118.18:B1	label_permutation	8.465616457687662e-75	0.2916666666666667	23	49	11-20	0.888268156424581
ENSG00000170324.21:B1	label_permutation	1.5708953511207284e-26	0.18518518518518517	26	24	6-10	0.8822953388170781
ENSG00000171488.15:B1	label_permutation	2.3264486816237017e-58	0.18115942028985507	137	21	11-20	0.8822953388170781
ENSG00000175416.13:B1	label_permutation	2.3379605079766797e-92	0.04564315352697095	240	45	>20	0.8412698412698413
ENSG00000177034.16:B1	label_permutation	2.42851529504389e-08	0.4954545454545455	219	19	>20	0.952431289640592
ENSG00000180777.13:B1	label_permutation	1.0357298651845875e-46	0.7777777777777778	89	32	>20	1.0
ENSG00000183780.13:B1	label_permutation	1.317465158199871e-60	0.032490974729241874	276	18	>20	0.8412698412698413
ENSG00000185129.6:B1	label_permutation	1.0	1.0	94	54	>20	1.0
ENSG00000186376.15:B1	label_permutation	3.51764762756673e-28	0.38323353293413176	166	18	11-20	0.9158976476754713
ENSG00000196110.7:B1	label_permutation	0.3875133368458656	0.6518771331058021	292	2	6-10	0.983821267886646
ENSG00000196850.6:B1	label_permutation	3.1082146611814056e-41	0.1165644171779141	162	12	>20	0.8822953388170781
ENSG00000198721.12:B1	label_permutation	1.0801143037769871e-22	0.1488833746898263	402	6	11-20	0.8822953388170781
ENSG00000204178.11:B1	label_permutation	1.4150172993600952e-18	0.851985559566787	276	40	>20	1.0
ENSG00000205795.4:B1	label_permutation	2.5610037264786443e-18	0.3333333333333333	125	6	>20	0.888268156424581
ENSG00000224531.6:B1	label_permutation	0.0	0.07920792079207921	100	3	>20	0.8454140276800375
ENSG00000228495.1:B1	label_permutation	0.5260844367080169	0.8235294117647058	50	19	11-20	1.0
ENSG00000233382.7:B1	label_permutation	1.0491297037373752e-16	0.15384615384615385	12	10	1-5	0.8822953388170781
ENSG00000237836.5:B1	label_permutation	2.4639611046238234e-78	0.16923076923076924	64	1	1-5	0.8822953388170781
ENSG00000244038.9:B1	label_permutation	9.27574060955988e-69	0.015503875968992248	257	12	11-20	0.8412698412698413
ENSG00000250303.3:B1	label_permutation	0.0038750619196261	0.36809815950920244	162	4	6-10	0.910599695585997
ENSG00000256053.7:B1	label_permutation	5.4963545292714476e-40	0.7857142857142857	55	34	>20	1.0
ENSG00000261227.2:B1	label_permutation	5.792258161605246e-26	0.07981220657276995	212	3	11-20	0.8454140276800375
ENSG00000269604.1:B1	label_permutation	0.085236050629162	0.5124555160142349	280	1	6-10	0.9619217081850534
ENSG00000281005.1:B1	label_permutation	6.364676950059334e-269	0.09195402298850575	260	1	11-20	0.8454140276800375
ENSG00000119408.16:B2	label_permutation	0.0360536136135451	0.7452830188679245	105	9	>20	1.0
ENSG00000179304.16:B2	label_permutation	2.527192104947481e-35	0.20245398773006135	162	12	>20	0.8822953388170781
ENSG00000075089.9:B1	label_permutation	1.7646123502410084e-33	0.6956521739130435	137	21	11-20	1.0
ENSG00000075089.9:B2	label_permutation	1.0	1.0	5	33	6-10	1.0
ENSG00000108176.15:B1	label_permutation	1.2429997947857641e-45	0.046052631578947366	151	16	>20	0.8412698412698413
ENSG00000108176.15:B2	label_permutation	0.6165993580336074	0.9820359281437125	166	8	>20	1.0
ENSG00000126803.9:B2	label_permutation	7.422310838815993e-190	0.14559386973180077	260	1	11-20	0.8822953388170781
ENSG00000139880.19:B2	label_permutation	0.5879874153347682	0.7664233576642335	273	2	11-20	1.0
ENSG00000157502.13:B1	label_permutation	1.062783884242789e-06	0.6319018404907976	162	12	>20	0.983821267886646
ENSG00000157502.13:B2	label_permutation	0.0934009913153624	0.6031746031746031	125	6	>20	0.9827492178305922
ENSG00000169084.13:B1	label_permutation	5.714184422860881e-74	0.234375	127	39	>20	0.888268156424581
ENSG00000169084.13_PAR_Y:B1	label_permutation	5.714184422860881e-74	0.234375	127	39	>20	0.888268156424581
ENSG00000181061.13:B1	label_permutation	7.836700873327954e-19	0.6181818181818182	109	30	>20	0.983821267886646
ENSG00000181061.13:B2	label_permutation	0.0019679908319003	0.6971153846153846	207	10	>20	1.0
ENSG00000198315.11:B1	label_permutation	8.743531151769501e-85	0.04659498207885305	278	38	>20	0.8412698412698413
ENSG00000198315.11:B2	label_permutation	7.701731765288219e-18	0.19090909090909092	219	19	>20	0.8822953388170781
ENSG00000251322.7:B1	label_permutation	2.6735484182132764e-37	0.43646408839779005	180	24	>20	0.9407993867138968
ENSG00000008300.17:B1	label_permutation	6.776560295839111e-51	0.4731182795698925	278	38	>20	0.9480588909160338
ENSG00000020256.20:B1	label_permutation	3.714377657411113e-44	0.19444444444444445	35	25	11-20	0.8822953388170781
ENSG00000041802.11:B1	label_permutation	1.954858445591217e-53	0.24561403508771928	113	20	11-20	0.888268156424581
ENSG00000065457.10:B1	label_permutation	5.467676620333795e-49	0.19230769230769232	25	22	11-20	0.8822953388170781
ENSG00000070367.16:B1	label_permutation	1.0	1.0	31	63	>20	1.0
ENSG00000079313.15:B1	label_permutation	4.051988331557843e-123	0.02127659574468085	46	56	>20	0.8412698412698413
ENSG00000092445.12:B1	label_permutation	1.504769538017177e-100	0.15517241379310345	57	55	>20	0.8822953388170781
ENSG00000101463.6:B1	label_permutation	1.7476694356168957e-37	0.0718562874251497	166	8	>20	0.8454140276800375
ENSG00000104361.10:B1	label_permutation	2.892560459728545e-106	0.04430379746835443	157	42	>20	0.8412698412698413
ENSG00000106588.11:B1	label_permutation	4.862027244920405e-08	0.7333333333333333	134	14	>20	1.0
ENSG00000109758.8:B1	label_permutation	0.2147185540147728	0.7227722772277227	100	3	>20	1.0
ENSG00000111237.18:B1	label_permutation	2.0158140783351207e-53	0.21212121212121213	32	46	11-20	0.8848204264870931
ENSG00000112308.13:B1	label_permutation	6.160881554183861e-15	0.24545454545454545	219	19	>20	0.888268156424581
ENSG00000113838.13:B1	label_permutation	8.488140252239024e-21	0.2	74	16	11-20	0.8822953388170781
ENSG00000115310.18:B1	label_permutation	3.589913338877481e-53	0.47761194029850745	66	59	>20	0.9480588909160338
ENSG00000120832.10:B1	label_permutation	2.7627874201096497e-05	0.8062015503875969	257	12	11-20	1.0
ENSG00000122756.15:B1	label_permutation	3.7024549582548745e-83	0.18146718146718147	258	36	>20	0.8822953388170781
ENSG00000124785.9:B1	label_permutation	2.3465245619988747e-37	0.47619047619047616	62	28	>20	0.9480588909160338
ENSG00000126709.15:B1	label_permutation	4.014353403457153e-21	0.5652173913043478	22	11	11-20	0.9728311362209668
ENSG00000128908.16:B1	label_permutation	1.2924986769523256e-59	0.3	9	114	>20	0.888268156424581
ENSG00000130584.11:B1	label_permutation	1.5692426331593995e-39	0.24663677130044842	222	20	>20	0.888268156424581
ENSG00000135541.21:B1	label_permutation	1.0	1.0	33	61	>20	1.0
ENSG00000136381.13:B1	label_permutation	2.713347507869853e-62	0.2857142857142857	13	108	>20	0.888268156424581
ENSG00000138400.13:B1	label_permutation	0.4673192687447446	0.726962457337884	292	2	6-10	1.0
ENSG00000141101.13:B1	label_permutation	1.7606691996163813e-14	0.2564102564102564	38	10	6-10	0.888268156424581
ENSG00000142669.15:B1	label_permutation	2.4940362021053185e-05	0.4119106699751861	402	6	11-20	0.927992476825937
ENSG00000146147.15:B1	label_permutation	1.5516472440697751e-06	0.6973684210526315	151	16	>20	1.0
ENSG00000149503.13:B1	label_permutation	9.37177052191804e-51	0.4731182795698925	278	38	>20	0.9480588909160338
ENSG00000151500.15:B1	label_permutation	1.730361477149994e-103	0.015625	127	39	>20	0.8412698412698413
ENSG00000152944.9:B1	label_permutation	3.127696415132347e-40	0.6	34	33	11-20	0.9793478260869566
ENSG00000154719.13:B1	label_permutation	0.2181962458840397	0.7142857142857143	125	6	>20	1.0
ENSG00000159450.12:B1	label_permutation	0.3587354333944186	0.6583629893238434	280	1	6-10	0.9869967610329168
ENSG00000162604.12:B1	label_permutation	2.807073836120767e-83	0.21100917431192662	108	50	>20	0.8848204264870931
ENSG00000163444.12:B1	label_permutation	1.990829323266905e-82	0.09523809523809523	20	31	11-20	0.8580952380952381
ENSG00000164609.10:B1	label_permutation	5.711774261361688e-38	0.44813278008298757	240	45	>20	0.9420871559633027
ENSG00000166326.7:B1	label_permutation	1.0	1.0	59	25	>20	1.0
ENSG00000167232.14:B1	label_permutation	2.627343228253839e-88	0.14189189189189189	147	47	>20	0.8822953388170781
ENSG00000168255.20:B1	label_permutation	1.0	1.0	68	28	11-20	1.0
ENSG00000169193.12:B1	label_permutation	0.1144247409621083	0.8785046728971962	106	3	1-5	1.0
ENSG00000170396.8:B1	label_permutation	3.1282037576862375e-14	0.3317307692307692	207	10	>20	0.888268156424581
ENSG00000171533.11:B1	label_permutation	7.031448515910538e-36	0.6702508960573477	278	38	>20	0.9899935366355249
ENSG00000172766.19:B1	label_permutation	3.592100830563621e-78	0.3888888888888889	17	65	>20	0.9203660353266653
ENSG00000174233.11:B1	label_permutation	1.0	1.0	85	60	>20	1.0
ENSG00000175550.8:B1	label_permutation	1.6548796888479275e-28	0.4921875	127	39	>20	0.952431289640592
ENSG00000177156.11:B1	label_permutation	2.0333999449208543e-62	0.1038961038961039	76	24	11-20	0.8650522722423726
ENSG00000180901.11:B1	label_permutation	5.393315478986669e-26	0.6111111111111112	17	51	11-20	0.983821267886646
ENSG00000183876.9:B1	label_permutation	0.2640944828661264	0.5802047781569966	292	2	6-10	0.9787399130974551
ENSG00000185238.13:B1	label_permutation	5.020119708662491e-41	0.4088397790055249	180	24	>20	0.927992476825937
ENSG00000196187.12:B1	label_permutation	3.645519788133511e-32	0.7142857142857143	48	35	11-20	1.0
ENSG00000196914.9:B1	label_permutation	7.257945401049646e-43	0.3314285714285714	174	49	>20	0.888268156424581
ENSG00000197892.13:B1	label_permutation	4.571458997817269e-51	0.6447876447876448	258	36	>20	0.983821267886646
ENSG00000198746.13:B1	label_permutation	0.4133414703969493	0.6861313868613139	273	2	11-20	1.0
ENSG00000206052.11:B1	label_permutation	7.53888186045111e-102	0.0392156862745098	203	46	>20	0.8412698412698413
ENSG00000214960.10:B1	label_permutation	0.0076096054195285	0.4228855721393035	200	4	11-20	0.927992476825937
ENSG00000228971.2:B1	label_permutation	2.6954716540922778e-17	0.48854961832061067	130	10	11-20	0.952431289640592
ENSG00000233613.5:B1	label_permutation	0.1227840280815089	0.8990384615384616	207	10	>20	1.0
ENSG00000244560.7:B1	label_permutation	5.397927364113066e-74	0.011976047904191617	166	18	11-20	0.8412698412698413
ENSG00000250742.3:B1	label_permutation	0.1989195134800615	0.9166666666666666	167	9	11-20	1.0
ENSG00000256315.1:B1	label_permutation	8.545611862922609e-12	0.6410256410256411	116	14	11-20	0.983821267886646
ENSG00000261377.5:B1	label_permutation	0.8641379369019068	0.9230769230769231	64	1	1-5	1.0
ENSG00000270069.1:B1	label_permutation	0.0151914432645783	0.6979166666666666	95	7	>20	1.0
ENSG00000283208.2:B1	label_permutation	2.0398769946450017e-11	0.15358361774744028	292	2	6-10	0.8822953388170781
ENSG00000059769.20:B1	label_permutation	1.613700042271757e-16	0.1288888888888889	224	5	11-20	0.8822953388170781
ENSG00000059769.20:B2	label_permutation	6.159568745821207e-32	0.183206106870229	130	10	11-20	0.8822953388170781
ENSG00000059769.20:B3	label_permutation	5.8341414096779885e-12	0.1288888888888889	224	5	11-20	0.8822953388170781
ENSG00000123297.18:B2	label_permutation	0.088727725396316	0.8287841191066998	402	6	11-20	1.0
ENSG00000184887.13:B2	label_permutation	3.472697500172039e-06	0.44642857142857145	167	9	11-20	0.9420871559633027
ENSG00000080493.17:B1	label_permutation	1.16983232507825e-102	0.014336917562724014	278	38	>20	0.8412698412698413
ENSG00000111880.16:B1	label_permutation	5.422931758123207e-09	0.5	63	13	>20	0.952431289640592
ENSG00000111880.16:B3	label_permutation	4.919421140088178e-44	0.4631578947368421	94	26	>20	0.9442921638181233
ENSG00000128245.15:B1	label_permutation	1.0	1.0	31	63	>20	1.0
ENSG00000128245.15:B2	label_permutation	3.219643738663739e-38	0.6075949367088608	157	42	>20	0.983821267886646
ENSG00000141391.14:B1	label_permutation	0.0471612149369793	0.9416666666666667	119	15	>20	1.0
ENSG00000141391.14:B2	label_permutation	0.1880432029968927	0.8771929824561403	56	5	>20	1.0
ENSG00000158828.8:B1	label_permutation	7.675611418377242e-65	0.09417040358744394	222	20	>20	0.8570457942655252
ENSG00000158828.8:B2	label_permutation	0.0004121559947925	0.6490384615384616	207	10	>20	0.983821267886646
ENSG00000169884.14:B1	label_permutation	1.0	1.0	58	37	>20	1.0
ENSG00000169884.14:B2	label_permutation	5.9773518698775516e-77	0.05813953488372093	85	27	>20	0.8454140276800375
ENSG00000182362.14:B1	label_permutation	0.0085187656008825	0.39263803680981596	162	4	6-10	0.9217819940476191
ENSG00000182362.14:B2	label_permutation	0.3021764760896728	0.9230769230769231	402	6	11-20	1.0
ENSG00000198932.13:B1	label_permutation	5.606810282436336e-107	0.06315789473684211	94	54	>20	0.8454140276800375
ENSG00000198932.13:B2	label_permutation	5.7848209057853135e-28	0.6101083032490975	276	40	>20	0.983821267886646
ENSG00000260083.1:B1	label_permutation	4.1222779445029406e-78	0.02962962962962963	134	14	>20	0.8412698412698413
ENSG00000260083.1:B2	label_permutation	1.9138311119648714e-41	0.13541666666666666	95	7	>20	0.8822953388170781
ENSG00000008952.17:B1	label_permutation	2.4363280787796358e-28	0.6829268292682927	40	47	11-20	1.0
ENSG00000022567.9:B1	label_permutation	1.0	1.0	203	46	>20	1.0
ENSG00000043093.14:B1	label_permutation	7.376276474899883e-77	0.13142857142857142	174	49	>20	0.8822953388170781
ENSG00000057294.14:B1	label_permutation	2.2527293532667183e-05	0.40718562874251496	166	8	>20	0.927992476825937
ENSG00000070614.15:B1	label_permutation	6.324692602008619e-13	0.30303030303030304	32	46	11-20	0.888268156424581
ENSG00000079739.17:B1	label_permutation	6.161266273799761e-08	0.6470588235294118	33	8	6-10	0.983821267886646
ENSG00000084676.15:B1	label_permutation	1.0	1.0	15	84	>20	1.0
ENSG00000089048.14:B1	label_permutation	4.433510831574394e-09	0.45454545454545453	153	22	>20	0.9420871559633027
ENSG00000092969.12:B1	label_permutation	0.5887217769057937	0.9353233830845771	200	4	11-20	1.0
ENSG00000100095.19:B1	label_permutation	1.9648667191974359e-78	0.5714285714285714	6	94	>20	0.9728311362209668
ENSG00000104472.10:B1	label_permutation	0.0005283343233511	0.1945392491467577	292	2	6-10	0.8822953388170781
ENSG00000106636.8:B1	label_permutation	3.0898383340031875e-116	0.0036101083032490976	276	40	>20	0.8412698412698413
ENSG00000108349.17:B1	label_permutation	3.7421929799547014e-09	0.8480392156862745	203	46	>20	1.0
ENSG00000109881.17:B1	label_permutation	1.6725188743892033e-30	0.19133574007220217	276	18	>20	0.8822953388170781
ENSG00000111275.13:B1	label_permutation	0.0572663619438438	0.5821596244131455	212	3	11-20	0.9787399130974551
ENSG00000114030.13:B1	label_permutation	6.929269901776078e-35	0.5269709543568465	240	45	>20	0.9651297946532351
ENSG00000115419.12:B1	label_permutation	4.1039237536117255e-61	0.4	14	87	>20	0.927992476825937
ENSG00000116514.16:B2	label_permutation	5.4950093156644e-10	0.13333333333333333	224	5	11-20	0.8822953388170781
ENSG00000119638.13:B1	label_permutation	1.0	1.0	8	81	>20	1.0
ENSG00000120907.17:B1	label_permutation	1.0	1.0	16	55	11-20	1.0
ENSG00000122958.15:B1	label_permutation	1.1849336775434263e-34	0.5932203389830508	58	37	>20	0.9793478260869566
ENSG00000125037.12:B1	label_permutation	0.9083127720911904	0.9488054607508533	292	2	6-10	1.0
ENSG00000129055.12:B1	label_permutation	3.1822982671514886e-06	0.7404580152671756	130	10	11-20	1.0
ENSG00000132128.16:B1	label_permutation	2.803523162418039e-63	0.20833333333333334	23	90	>20	0.8848204264870931
ENSG00000133138.20:B1	label_permutation	0.0007065902246175	0.3387096774193548	61	4	1-5	0.888268156424581
ENSG00000134627.12:B1	label_permutation	0.0006104234227497	0.56	24	8	1-5	0.9728311362209668
ENSG00000135637.13:B1	label_permutation	2.2078824183730398e-75	0.07142857142857142	27	44	11-20	0.8454140276800375
ENSG00000136485.15:B1	label_permutation	5.343954063357938e-12	0.718562874251497	166	18	11-20	1.0
ENSG00000137500.9:B1	label_permutation	1.7706589098023037e-48	0.39285714285714285	27	44	11-20	0.9217819940476191
ENSG00000138459.9:B1	label_permutation	1.978168968975797e-33	0.058823529411764705	16	13	6-10	0.8454140276800375
ENSG00000139668.9:B1	label_permutation	1.7614597834475596e-79	0.23552123552123552	258	36	>20	0.888268156424581
ENSG00000141338.14:B1	label_permutation	1.593203084424128e-05	0.6666666666666666	80	6	6-10	0.9879385964912281
ENSG00000142871.17:B1	label_permutation	1.668860928768282e-05	0.24444444444444444	224	5	11-20	0.888268156424581
ENSG00000144848.10:B1	label_permutation	2.830232183231129e-23	0.375968992248062	257	12	11-20	0.912012987012987
ENSG00000146282.18:B1	label_permutation	1.0	1.0	127	39	>20	1.0
ENSG00000148110.15:B1	label_permutation	0.227581750133006	0.9081885856079405	402	6	11-20	1.0
ENSG00000149654.9:B1	label_permutation	5.497057765510239e-17	0.3987730061349693	162	12	>20	0.927992476825937
ENSG00000153037.14:B1	label_permutation	1.0	1.0	19	57	11-20	1.0
ENSG00000154813.10:B1	label_permutation	0.0029867740126827	0.34355828220858897	162	4	6-10	0.888268156424581
ENSG00000156467.9:B1	label_permutation	1.3499829063981645e-79	0.07526881720430108	278	38	>20	0.8454140276800375
ENSG00000158023.10:B1	label_permutation	1.0	1.0	31	45	11-20	1.0
ENSG00000162650.16:B1	label_permutation	6.304910233438798e-14	0.7016574585635359	180	24	>20	1.0
ENSG00000163491.16:B1	label_permutation	9.062842710166265e-18	0.838150289017341	172	44	>20	1.0
ENSG00000164038.15:B1	label_permutation	1.0	1.0	108	50	>20	1.0
ENSG00000165548.11:B1	label_permutation	1.0	1.0	21	54	11-20	1.0
ENSG00000166432.15:B1	label_permutation	1.0	1.0	139	48	>20	1.0
ENSG00000167363.14:B1	label_permutation	8.684923395815504e-41	0.4548736462093863	276	40	>20	0.9420871559633027
ENSG00000168300.14:B1	label_permutation	5.437607202525487e-62	0.6363636363636364	10	83	>20	0.983821267886646
ENSG00000171649.12:B1	label_permutation	3.22737504862244e-10	0.2616822429906542	106	3	1-5	0.888268156424581
ENSG00000178996.14:B1	label_permutation	0.9944982993263346	0.9857651245551602	280	1	6-10	1.0
ENSG00000185344.14:B1	label_permutation	1.03530541517856e-85	0.08303249097472924	276	40	>20	0.8454140276800375
ENSG00000186591.12:B1	label_permutation	1.0651472817746308e-42	0.5	1	125	11-20	0.952431289640592
ENSG00000188419.14:B1	label_permutation	1.0	1.0	88	57	>20	1.0
ENSG00000196967.10:B2	label_permutation	9.639830783654456e-15	0.25	219	19	>20	0.888268156424581
ENSG00000197965.12:B1	label_permutation	2.4434266231447513e-69	0.017543859649122806	56	27	11-20	0.8412698412698413
ENSG00000204301.6:B1	label_permutation	1.724354172358663e-09	0.12269938650306748	162	4	6-10	0.8822953388170781
ENSG00000206527.10:B1	label_permutation	1.8763609365288344e-22	0.2490974729241877	276	18	>20	0.888268156424581
ENSG00000225151.10:B1	label_permutation	1.0	1.0	207	10	>20	1.0
ENSG00000229689.3:B1	label_permutation	2.7929181952265426e-07	0.33532934131736525	166	8	>20	0.888268156424581
ENSG00000233930.3:B1	label_permutation	1.2233439020859434e-97	0.06329113924050633	78	51	>20	0.8454140276800375
ENSG00000239407.5:B1	label_permutation	0.1240174530653018	0.8560794044665012	402	6	11-20	1.0
ENSG00000245149.3:B1	label_permutation	1.789029850568284e-61	0.07017543859649122	56	5	>20	0.8454140276800375
ENSG00000251011.5:B1	label_permutation	0.1941492235439434	0.9148936170212766	46	11	>20	1.0
ENSG00000262096.2:B1	label_permutation	0.1748406730000667	0.5729537366548043	280	1	6-10	0.9728311362209668
ENSG00000270885.1:B1	label_permutation	5.101699908397596e-30	0.06666666666666667	224	5	11-20	0.8454140276800375
ENSG00000284052.1:B1	label_permutation	8.947903906793989e-11	0.6511627906976745	257	12	11-20	0.983821267886646
ENSG00000073169.14:B1	label_permutation	1.0137823026802889e-56	0.09090909090909091	153	22	>20	0.8454140276800375
ENSG00000073169.14:B2	label_permutation	5.316654335699787e-44	0.1702127659574468	46	11	>20	0.8822953388170781
ENSG00000073169.14:B3	label_permutation	2.8486401024360686e-09	0.35714285714285715	125	6	>20	0.8928969600872085
ENSG00000129646.14:B2	label_permutation	4.553382590198365e-24	0.40358744394618834	222	20	>20	0.927992476825937
ENSG00000129646.14:B3	label_permutation	3.1933919624929376e-105	0.017937219730941704	222	20	>20	0.8412698412698413
ENSG00000186416.14:B2	label_permutation	1.6002980497180374e-22	0.15568862275449102	166	8	>20	0.8822953388170781
ENSG00000086827.9:B1	label_permutation	1.136289815890828e-05	0.7171052631578947	151	16	>20	1.0
ENSG00000086827.9:B2	label_permutation	0.0643105593309155	0.7544910179640718	166	8	>20	1.0
ENSG00000114383.10:B1	label_permutation	7.768148248277471e-17	0.23076923076923078	12	11	6-10	0.888268156424581
ENSG00000114383.10:B2	label_permutation	5.697820363547297e-56	0.17391304347826086	22	11	11-20	0.8822953388170781
ENSG00000128694.12:B1	label_permutation	1.2705160721137177e-22	0.4444444444444444	8	32	6-10	0.9420871559633027
ENSG00000128694.12:B2	label_permutation	0.0695969584812434	0.7351351351351352	184	8	11-20	1.0
ENSG00000142867.13:B1	label_permutation	0.0012311632002018	0.6130952380952381	167	9	11-20	0.983821267886646
ENSG00000142867.13:B2	label_permutation	0.7381046320985767	0.9702233250620348	402	6	11-20	1.0
ENSG00000160131.13:B1	label_permutation	1.2250138543450197e-61	0.24545454545454545	109	30	>20	0.888268156424581
ENSG00000160131.13:B2	label_permutation	5.101359063222189e-55	0.06666666666666667	119	15	>20	0.8454140276800375
ENSG00000170537.13:B1	label_permutation	5.521001970679366e-06	0.4766355140186916	106	3	1-5	0.9480588909160338
ENSG00000170537.13:B2	label_permutation	0.0001750513289344	0.37254901960784315	50	2	1-5	0.912012987012987
ENSG00000204386.10:B1	label_permutation	6.067680013267861e-27	0.2905982905982906	116	14	11-20	0.888268156424581
ENSG00000204386.10:B5	label_permutation	0.2224765040074938	0.9512195121951219	81	7	11-20	1.0
ENSG00000266412.5:B2	label_permutation	2.145503071384479e-29	0.34782608695652173	22	11	11-20	0.888268156424581
ENSG00000009954.11:B1	label_permutation	1.0	1.0	108	50	>20	1.0
ENSG00000023909.10:B1	label_permutation	1.6380485896312531e-80	0.017543859649122806	56	27	11-20	0.8412698412698413
ENSG00000044524.11:B1	label_permutation	0.0040958779114393	0.6845238095238095	167	9	11-20	1.0
ENSG00000058056.9:B1	label_permutation	7.84023587657442e-73	0.047619047619047616	125	6	>20	0.8412698412698413
ENSG00000070831.16:B1	label_permutation	5.475797327297612e-35	0.45588235294117646	203	46	>20	0.9420871559633027
ENSG00000080224.17:B1	label_permutation	3.01368494134683e-59	0.2635135135135135	147	47	>20	0.888268156424581
ENSG00000085365.18:B1	label_permutation	2.5362950309573848e-48	0.2777777777777778	35	43	11-20	0.888268156424581
ENSG00000089248.7:B1	label_permutation	1.6112865067336291e-81	0.05	39	42	11-20	0.8454140276800375
ENSG00000094841.14:B1	label_permutation	5.053404511915069e-12	0.5	3	18	1-5	0.952431289640592
ENSG00000103150.6:B1	label_permutation	8.983326971822352e-09	0.6333333333333333	59	25	>20	0.983821267886646
ENSG00000104671.8:B1	label_permutation	0.0001292725279182	0.3283582089552239	200	4	11-20	0.888268156424581
ENSG00000105675.8:B1	label_permutation	0.860676294429781	0.8905109489051095	273	2	11-20	1.0
ENSG00000106723.17:B1	label_permutation	3.870225752992722e-53	0.37593984962406013	132	43	>20	0.912012987012987
ENSG00000109956.13:B1	label_permutation	9.095421215826748e-86	0.20253164556962025	157	42	>20	0.8822953388170781
ENSG00000111371.15:B1	label_permutation	3.170563791877104e-85	0.5	21	62	>20	0.952431289640592
ENSG00000116661.11:B1	label_permutation	1.2198554361187783e-79	0.20930232558139536	85	60	>20	0.8848204264870931
ENSG00000117877.10:B1	label_permutation	3.146216068613258e-09	0.5263157894736842	151	16	>20	0.9651297946532351
ENSG00000121060.18:B1	label_permutation	1.0	1.0	3	54	1-5	1.0
ENSG00000125351.11:B1	label_permutation	9.000414672683228e-53	0.15789473684210525	37	23	>20	0.8822953388170781
ENSG00000129194.7:B1	label_permutation	0.6469117111481683	0.8430034129692833	292	2	6-10	1.0
ENSG00000130724.8:B1	label_permutation	4.5629598094752944e-35	0.21176470588235294	84	21	>20	0.8848204264870931
ENSG00000134748.13:B1	label_permutation	4.18462833690726e-09	0.4409090909090909	219	19	>20	0.9420871559633027
ENSG00000135698.10:B1	label_permutation	1.0	1.0	258	36	>20	1.0
ENSG00000137575.12:B1	label_permutation	5.017725084258815e-25	0.3333333333333333	35	25	11-20	0.888268156424581
ENSG00000139793.18:B1	label_permutation	2.9437095990643014e-50	0.11688311688311688	153	22	>20	0.8822953388170781
ENSG00000145016.16:B1	label_permutation	3.5444981268062e-39	0.5416666666666666	23	90	>20	0.9728311362209668
ENSG00000146425.11:B1	label_permutation	1.704719430983268e-05	0.40694789081885857	402	6	11-20	0.927992476825937
ENSG00000148219.16:B1	label_permutation	1.0	1.0	87	52	>20	1.0
ENSG00000151692.15:B1	label_permutation	1.0	1.0	174	49	>20	1.0
ENSG00000154957.14:B1	label_permutation	9.582297430339482e-15	0.5930232558139535	257	12	11-20	0.9793478260869566
ENSG00000156508.18:B1	label_permutation	1.0	1.0	23	49	11-20	1.0
ENSG00000158186.13:B1	label_permutation	4.126918411306779e-97	0.11578947368421053	94	54	>20	0.8822953388170781
ENSG00000163531.15:B1	label_permutation	1.1201707824565052e-92	0.3333333333333333	17	77	>20	0.888268156424581
ENSG00000164070.12:B1	label_permutation	3.826055868866226e-09	0.5605381165919282	222	20	>20	0.9728311362209668
ENSG00000164715.6:B1	label_permutation	5.795247151581613e-29	0.35874439461883406	222	20	>20	0.8928969600872085
ENSG00000165661.16:B1	label_permutation	0.0121516493666522	0.8275862068965517	28	1	>20	1.0
ENSG00000166454.10:B1	label_permutation	1.0	1.0	94	54	>20	1.0
ENSG00000168395.15:B1	label_permutation	1.0	1.0	46	56	>20	1.0
ENSG00000170571.12:B1	label_permutation	0.0896463020084267	0.8902439024390244	81	7	11-20	1.0
ENSG00000172940.12:B1	label_permutation	0.0109260877893303	0.43548387096774194	61	4	1-5	0.9407993867138968
ENSG00000175806.15:B1	label_permutation	1.0	1.0	22	76	>20	1.0
ENSG00000177463.15:B1	label_permutation	4.2096264577335305e-53	0.13043478260869565	22	63	11-20	0.8822953388170781
ENSG00000179115.11:B1	label_permutation	5.476978138876068e-67	0.2857142857142857	13	65	11-20	0.888268156424581
ENSG00000181222.15:B1	label_permutation	1.148528755790848e-23	0.6422018348623854	108	50	>20	0.983821267886646
ENSG00000182899.16:B1	label_permutation	1.0	1.0	14	58	11-20	1.0
ENSG00000184203.8:B1	label_permutation	9.148175242269083e-56	0.5907335907335908	258	36	>20	0.9793478260869566
ENSG00000185436.12:B1	label_permutation	1.345266261545558e-61	0.9	9	29	>20	1.0
ENSG00000186812.13:B1	label_permutation	1.0	1.0	22	63	11-20	1.0
ENSG00000188585.9:B1	label_permutation	9.500389419131513e-14	0.30303030303030304	98	3	6-10	0.888268156424581
ENSG00000196277.16:B1	label_permutation	1.0	1.0	23	90	>20	1.0
ENSG00000197020.11:B1	label_permutation	3.970996127779448e-16	0.19106699751861042	402	6	11-20	0.8822953388170781
ENSG00000198046.12:B1	label_permutation	2.41322086400566e-59	0.6666666666666666	8	95	>20	0.9879385964912281
ENSG00000198818.10:B1	label_permutation	0.0048121223591007	0.6277915632754343	402	6	11-20	0.983821267886646
ENSG00000204371.11:B1	label_permutation	1.0	1.0	15	114	11-20	1.0
ENSG00000215305.10:B1	label_permutation	1.5696669823118222e-82	0.10404624277456648	172	44	>20	0.8650522722423726
ENSG00000225361.3:B1	label_permutation	1.9394198222574592e-30	0.18333333333333332	119	15	>20	0.8822953388170781
ENSG00000229852.2:B1	label_permutation	1.2651152733862373e-17	0.6363636363636364	109	30	>20	0.983821267886646
ENSG00000239911.2:B1	label_permutation	2.1516068389838764e-23	0.09777777777777778	224	5	11-20	0.8650522722423726
ENSG00000245958.6:B1	label_permutation	2.683913153041717e-43	0.42105263157894735	56	27	11-20	0.927992476825937
ENSG00000251287.8:B1	label_permutation	7.76849430820826e-23	0.46153846153846156	25	22	11-20	0.9442921638181233
ENSG00000257501.6:B1	label_permutation	0.3254543350259972	0.9906542056074766	106	3	1-5	1.0
ENSG00000262879.5:B1	label_permutation	0.6141093803790626	0.950920245398773	162	4	6-10	1.0
ENSG00000272288.5:B1	label_permutation	0.0462005770655396	0.3412969283276451	292	2	6-10	0.888268156424581
ENSG00000284642.1:B1	label_permutation	9.42121404712502e-16	0.4171779141104294	162	12	>20	0.927992476825937
ENSG00000099219.14:B1	label_permutation	4.789648902577706e-63	0.09090909090909091	76	24	11-20	0.8454140276800375
ENSG00000099219.14:B2	label_permutation	3.8407095204452703e-38	0.04218362282878412	402	6	11-20	0.8412698412698413
ENSG00000099219.14:B3	label_permutation	2.15767419710191e-09	0.2756756756756757	184	8	11-20	0.888268156424581
ENSG00000136933.16:B1	label_permutation	1.978552439532287e-40	0.023809523809523808	167	9	11-20	0.8412698412698413
ENSG00000136933.16:B2	label_permutation	9.343409043682855e-06	0.3145539906103286	212	3	11-20	0.888268156424581
ENSG00000136933.16:B3	label_permutation	2.8108895037400728e-11	0.2531017369727047	402	6	11-20	0.888268156424581
ENSG00000197177.15:B1	label_permutation	5.1660364985871966e-34	0.5270758122743683	276	40	>20	0.9651297946532351
ENSG00000197177.15:B2	label_permutation	1.552234802002377e-25	0.39461883408071746	222	20	>20	0.9235105701473414
ENSG00000197177.15:B3	label_permutation	6.342872876789293e-06	0.6502242152466368	222	20	>20	0.983821267886646
ENSG00000095713.14:B2	label_permutation	0.0003713690759239	0.573170731707317	81	7	11-20	0.9728311362209668
ENSG00000115593.15:B1	label_permutation	5.598908415564331e-20	0.05802047781569966	292	2	6-10	0.8454140276800375
ENSG00000143756.12:B1	label_permutation	0.0639259444689416	0.8018867924528302	105	9	>20	1.0
ENSG00000143756.12:B2	label_permutation	1.4480835612037488e-39	0.1588447653429603	276	18	>20	0.8822953388170781
ENSG00000160948.14:B1	label_permutation	1.0	1.0	21	53	11-20	1.0
ENSG00000160948.14:B2	label_permutation	1.5915751607207189e-84	0.2631578947368421	18	75	>20	0.888268156424581
ENSG00000171135.14:B2	label_permutation	0.4076771845029844	0.6903914590747331	280	1	6-10	1.0
ENSG00000184900.15:B1	label_permutation	7.217153510512304e-54	0.287292817679558	180	24	>20	0.888268156424581
ENSG00000184900.15:B2	label_permutation	1.2063972252383536e-81	0.20077220077220076	258	36	>20	0.8822953388170781
ENSG00000205363.5:B1	label_permutation	1.4848463572980278e-49	0.627906976744186	42	29	11-20	0.983821267886646
ENSG00000205363.5:B2	label_permutation	5.258081248867826e-39	0.08173076923076923	207	10	>20	0.8454140276800375
ENSG00000273899.5:B1	label_permutation	1.0932677166260498e-99	0.011049723756906077	180	24	>20	0.8412698412698413
ENSG00000273899.5:B2	label_permutation	2.895494483876664e-105	0.011111111111111112	89	32	>20	0.8412698412698413
ENSG00000025796.14:B1	label_permutation	1.0	1.0	139	48	>20	1.0
ENSG00000058673.16:B1	label_permutation	1.0	1.0	11	52	11-20	1.0
ENSG00000071205.11:B1	label_permutation	1.0228616509785067e-62	0.42045454545454547	87	35	>20	0.927992476825937
ENSG00000075826.17:B1	label_permutation	2.109858542618304e-60	0.4166666666666667	23	72	>20	0.927992476825937
ENSG00000089682.16:B1	label_permutation	6.257626789318992e-15	0.549618320610687	130	10	11-20	0.9728311362209668
ENSG00000095261.14:B1	label_permutation	1.2583053004667644e-14	0.1837837837837838	184	8	11-20	0.8822953388170781
ENSG00000100207.18:B1	label_permutation	1.0	1.0	172	44	>20	1.0
ENSG00000100804.18:B1	label_permutation	3.492046636441012e-15	0.5641025641025641	116	14	11-20	0.9728311362209668
ENSG00000104805.16:B1	label_permutation	1.0	1.0	9	100	11-20	1.0
ENSG00000106853.20:B1	label_permutation	3.758299088645009e-70	0.02564102564102564	116	14	11-20	0.8412698412698413
ENSG00000110060.9:B1	label_permutation	0.117727878664674	0.6868686868686869	98	3	6-10	1.0
ENSG00000115561.16:B1	label_permutation	4.660895619328319e-53	0.5280898876404494	88	57	>20	0.9651297946532351
ENSG00000116703.13:B1	label_permutation	6.755825707417491e-06	0.47509578544061304	260	1	11-20	0.9480588909160338
ENSG00000123240.17:B1	label_permutation	1.982515750779382e-34	0.6392405063291139	157	42	>20	0.983821267886646
ENSG00000125484.12:B1	label_permutation	7.741106111042268e-06	0.775	119	15	>20	1.0
ENSG00000130783.13:B1	label_permutation	1.2360020696378745e-29	0.21052631578947367	18	16	6-10	0.8848204264870931
ENSG00000132326.12:B1	label_permutation	0.8539152243292236	0.9555555555555556	224	5	11-20	1.0
ENSG00000134851.13:B1	label_permutation	9.596437024537613e-59	0.16666666666666666	35	36	11-20	0.8822953388170781
ENSG00000135766.8:B1	label_permutation	1.9067298209246109e-06	0.5954545454545455	219	19	>20	0.9793478260869566
ENSG00000136699.19:B1	label_permutation	1.0	1.0	16	55	11-20	1.0
ENSG00000138642.14:B1	label_permutation	8.520502795255108e-67	0.15	39	32	11-20	0.8822953388170781
ENSG00000139974.15:B1	label_permutation	1.0	1.0	36	41	11-20	1.0
ENSG00000143149.12:B1	label_permutation	1.0	1.0	27	18	6-10	1.0
ENSG00000143921.8:B1	label_permutation	5.1135032398184244e-08	0.45454545454545453	98	3	6-10	0.9420871559633027
ENSG00000148308.17:B1	label_permutation	1.0	1.0	31	68	>20	1.0
ENSG00000151779.13:B1	label_permutation	1.0	1.0	9	113	11-20	1.0
ENSG00000153317.15:B1	label_permutation	1.3271034013644932e-54	1.0	2	147	>20	1.0
ENSG00000155090.15:B1	label_permutation	4.748812792618709e-43	0.034739454094292806	402	6	11-20	0.8412698412698413
ENSG00000156671.14:B1	label_permutation	1.1213890264608007e-54	0.23529411764705882	203	46	>20	0.888268156424581
ENSG00000158301.18:B1	label_permutation	3.964276301627596e-26	0.7021276595744681	93	26	11-20	1.0
ENSG00000160072.19:B1	label_permutation	1.6821203971188175e-39	0.09868421052631579	151	16	>20	0.8650522722423726
ENSG00000163596.16:B1	label_permutation	1.0146984832690943e-93	0.18072289156626506	82	53	>20	0.8822953388170781
ENSG00000164096.13:B1	label_permutation	1.2288364405083318e-69	0.015625	63	13	>20	0.8412698412698413
ENSG00000164841.5:B1	label_permutation	0.2827595058756264	0.8972972972972973	184	8	11-20	1.0
ENSG00000165698.16:B2	label_permutation	0.1756000596837268	0.6431924882629108	212	3	11-20	0.983821267886646
ENSG00000166510.14:B1	label_permutation	3.564658917765401e-46	0.04	74	16	11-20	0.8412698412698413
ENSG00000167549.18:B1	label_permutation	7.567955706542004e-14	0.33574007220216606	276	18	>20	0.888268156424581
ENSG00000168477.19:B1	label_permutation	5.329686891306112e-66	0.23809523809523808	20	66	11-20	0.888268156424581
ENSG00000169519.21:B1	label_permutation	6.556348421666393e-72	0.16666666666666666	23	50	11-20	0.8822953388170781
ENSG00000170634.13:B1	label_permutation	3.3245827809822725e-27	0.7906976744186046	42	29	11-20	1.0
ENSG00000171823.7:B1	label_permutation	0.575755002685116	0.9503722084367245	402	6	11-20	1.0
ENSG00000173041.12:B1	label_permutation	1.209651591308398e-23	0.7052631578947368	94	26	>20	1.0
ENSG00000174607.11:B1	label_permutation	0.0002701360148144	0.375	47	4	>20	0.912012987012987
ENSG00000175985.10:B1	label_permutation	9.31567148825912e-07	0.5048076923076923	207	10	>20	0.954708471444873
ENSG00000177614.11:B1	label_permutation	1.094812096455127e-98	0.04247104247104247	258	36	>20	0.8412698412698413
ENSG00000181555.20:B1	label_permutation	7.260312948417483e-25	0.5542857142857143	174	49	>20	0.9728311362209668
ENSG00000196352.15:B1	label_permutation	1.0	1.0	51	38	11-20	1.0
ENSG00000197106.7:B1	label_permutation	1.4740012639268418e-66	0.08968609865470852	222	20	>20	0.8454140276800375
ENSG00000215580.11:B1	label_permutation	2.215936526968603e-09	0.2616822429906542	106	3	1-5	0.888268156424581
ENSG00000225614.2:B1	label_permutation	7.462585713268979e-43	0.052884615384615384	207	10	>20	0.8454140276800375
ENSG00000234745.11:B1	label_permutation	1.0	1.0	162	12	>20	1.0
ENSG00000240344.9:B1	label_permutation	1.1942076192360694e-05	0.32	24	8	1-5	0.888268156424581
ENSG00000246859.2:B1	label_permutation	9.601776778460918e-28	0.28205128205128205	116	14	11-20	0.888268156424581
ENSG00000251623.2:B1	label_permutation	2.7024923075438605e-51	0.2572614107883817	240	45	>20	0.888268156424581
ENSG00000258017.1:B1	label_permutation	1.0	1.0	21	62	>20	1.0
ENSG00000263345.1:B1	label_permutation	4.407873115747761e-05	0.22419928825622776	280	1	6-10	0.888268156424581
ENSG00000272690.5:B1	label_permutation	5.222973278945134e-07	0.34054054054054056	184	8	11-20	0.888268156424581
ENSG00000284977.1:B1	label_permutation	8.686305035335612e-10	0.41975308641975306	80	6	6-10	0.927992476825937
ENSG00000102385.12:B1	label_permutation	8.094489221591514e-103	0.0851063829787234	46	56	>20	0.8454140276800375
ENSG00000102385.12:B2	label_permutation	2.2167190769915538e-07	0.5409090909090909	219	19	>20	0.9728311362209668
ENSG00000102385.12:B3	label_permutation	1.1787996591320957e-37	0.6379928315412187	278	38	>20	0.983821267886646
ENSG00000141314.13:B1	label_permutation	2.8790859107120256e-56	0.6777777777777778	89	32	>20	0.9978395061728396
ENSG00000141314.13:B3	label_permutation	0.0600651337633296	0.7485029940119761	166	8	>20	1.0
ENSG00000141314.13:B4	label_permutation	3.1968661885277604e-53	0.292817679558011	180	24	>20	0.888268156424581
ENSG00000198053.11:B1	label_permutation	1.0	1.0	108	50	>20	1.0
ENSG00000198053.11:B2	label_permutation	8.905771047404167e-28	0.5082872928176796	180	24	>20	0.9560894589326291
ENSG00000198053.11:B3	label_permutation	2.54117551557793e-54	0.42142857142857143	139	48	>20	0.927992476825937
ENSG00000100116.16:B1	label_permutation	5.351318286151963e-28	0.26717557251908397	130	10	11-20	0.888268156424581
ENSG00000100116.16:B2	label_permutation	6.4577715630054214e-09	0.29528535980148884	402	6	11-20	0.888268156424581
ENSG00000116857.17:B2	label_permutation	8.2071337210661155e-53	0.35	39	42	11-20	0.888268156424581
ENSG00000131016.17:B1	label_permutation	1.0	1.0	24	69	>20	1.0
ENSG00000131016.17:B2	label_permutation	2.5122362559726804e-10	0.7790055248618785	180	24	>20	1.0
ENSG00000144746.7:B1	label_permutation	1.0	1.0	22	63	11-20	1.0
ENSG00000144746.7:B2	label_permutation	7.588302542742016e-40	0.5652173913043478	137	21	11-20	0.9728311362209668
ENSG00000162522.11:B2	label_permutation	1.3206325810885552e-14	0.4233128834355828	162	12	>20	0.927992476825937
ENSG00000171858.18:B2	label_permutation	2.3234513929185372e-10	0.7008547008547008	116	14	11-20	1.0
ENSG00000214376.5:B2	label_permutation	0.7510811050202668	0.8771331058020477	292	2	6-10	1.0
ENSG00000281106.4:B1	label_permutation	4.39690366562661e-06	0.40476190476190477	125	6	>20	0.927992476825937
ENSG00000281106.4:B3	label_permutation	1.5447522228440253e-06	0.3465346534653465	100	3	>20	0.888268156424581
ENSG00000011083.9:B1	label_permutation	2.233689227191146e-19	0.4	119	15	>20	0.927992476825937
ENSG00000028310.18:B1	label_permutation	3.0471277158002524e-48	0.7142857142857143	6	94	>20	1.0
ENSG00000059804.16:B1	label_permutation	1.0	1.0	22	76	>20	1.0
ENSG00000066933.16:B1	label_permutation	5.492917300973473e-78	0.3333333333333333	2	147	>20	0.888268156424581
ENSG00000071626.16:B1	label_permutation	1.0	1.0	14	58	11-20	1.0
ENSG00000076201.15:B1	label_permutation	2.5833714877802064e-86	0.18181818181818182	10	92	>20	0.8822953388170781
ENSG00000085872.15:B1	label_permutation	0.0204374244128539	0.7788461538461539	207	10	>20	1.0
ENSG00000090020.11:B1	label_permutation	1.2635127785931259e-75	0.07692307692307693	12	62	11-20	0.8454140276800375
ENSG00000095637.22:B1	label_permutation	1.0	1.0	65	58	>20	1.0
ENSG00000100239.16:B1	label_permutation	1.0	1.0	18	89	>20	1.0
ENSG00000104859.15:B1	label_permutation	8.161426511631471e-100	0.0625	31	68	>20	0.8454140276800375
ENSG00000107105.15:B1	label_permutation	5.357314671285227e-77	0.13142857142857142	174	49	>20	0.8822953388170781
ENSG00000108588.14:B1	label_permutation	4.151497532472885e-86	0.30303030303030304	65	58	>20	0.888268156424581
ENSG00000110104.13:B1	label_permutation	0.5244600293798987	0.9494949494949495	98	3	6-10	1.0
ENSG00000111666.11:B1	label_permutation	1.0	1.0	21	53	11-20	1.0
ENSG00000112877.8:B1	label_permutation	2.5778556688605064e-65	0.03592814371257485	166	18	11-20	0.8412698412698413
ENSG00000114491.14:B1	label_permutation	1.749120778909234e-15	0.5658914728682171	257	12	11-20	0.9728311362209668
ENSG00000115750.17:B1	label_permutation	2.580125781172292e-57	0.391304347826087	68	28	11-20	0.9217819940476191
ENSG00000119865.8:B1	label_permutation	1.0761720743392637e-08	0.6888888888888889	134	14	>20	1.0
ENSG00000123505.16:B1	label_permutation	9.906515454246579e-70	0.20270270270270271	147	47	>20	0.8822953388170781
ENSG00000125651.14:B1	label_permutation	1.1408356017250707e-08	0.5650224215246636	222	20	>20	0.9728311362209668
ENSG00000127511.9:B1	label_permutation	1.0	1.0	25	78	>20	1.0
ENSG00000129484.13:B1	label_permutation	5.056123358360138e-108	0.0196078431372549	203	46	>20	0.8412698412698413
ENSG00000132388.12:B1	label_permutation	0.0765277287421086	0.9447852760736196	162	12	>20	1.0
ENSG00000136802.11:B1	label_permutation	1.8155837948553504e-93	0.19696969696969696	65	58	>20	0.8822953388170781
ENSG00000137822.12:B1	label_permutation	7.30485497445595e-14	0.7272727272727273	109	30	>20	1.0
ENSG00000138686.9:B1	label_permutation	6.991639339308651e-77	0.19594594594594594	147	47	>20	0.8822953388170781
ENSG00000141519.15:B1	label_permutation	1.0	1.0	18	96	11-20	1.0
ENSG00000145293.16:B1	label_permutation	0.000339429823845	0.5952380952380952	167	9	11-20	0.9793478260869566
ENSG00000146776.14:B1	label_permutation	7.208263827174888e-78	0.46875	31	70	>20	0.9469590807174888
ENSG00000148384.13:B1	label_permutation	4.5055843220643374e-06	0.7148014440433214	276	18	>20	1.0
ENSG00000151882.11:B1	label_permutation	4.448943499552858e-07	0.34579439252336447	106	3	1-5	0.888268156424581
ENSG00000153707.17:B1	label_permutation	5.3738585919285055e-81	0.16666666666666666	17	85	>20	0.8822953388170781
ENSG00000156804.7:B1	label_permutation	2.2264632351635258e-13	0.34657039711191334	276	18	>20	0.888268156424581
ENSG00000158445.10:B1	label_permutation	1.0	1.0	87	52	>20	1.0
ENSG00000161791.14:B1	label_permutation	7.357094836977076e-18	0.38235294117647056	33	15	11-20	0.9158976476754713
ENSG00000162924.14:B1	label_permutation	0.000182731659859	0.5188679245283019	105	9	>20	0.9651297946532351
ENSG00000163625.15:B1	label_permutation	2.2093801027841385e-39	0.42323651452282157	240	45	>20	0.927992476825937
ENSG00000164916.11:B1	label_permutation	0.0552759912092552	0.5644444444444444	224	5	11-20	0.9728311362209668
ENSG00000165757.9:B1	label_permutation	7.061806655833557e-71	0.37777777777777777	89	32	>20	0.912012987012987
ENSG00000170836.11:B1	label_permutation	0.0670019497693018	0.49693251533742333	162	4	6-10	0.952431289640592
ENSG00000171885.15:B1	label_permutation	0.3465757352660624	0.8308457711442786	200	4	11-20	1.0
ENSG00000174738.13:B1	label_permutation	6.008533213821678e-37	0.47717842323651455	240	45	>20	0.9480588909160338
ENSG00000177692.11:B1	label_permutation	0.0004783474454509	0.7791411042944786	162	12	>20	1.0
ENSG00000179387.10:B1	label_permutation	5.265207807466548e-06	0.3891891891891892	184	8	11-20	0.9203660353266653
ENSG00000181751.10:B1	label_permutation	6.825816871545308e-22	0.259927797833935	276	18	>20	0.888268156424581
ENSG00000184347.14:B1	label_permutation	1.0	1.0	127	39	>20	1.0
ENSG00000188766.12:B1	label_permutation	4.486780513276266e-22	0.6	9	95	11-20	0.9793478260869566
ENSG00000196391.10:B1	label_permutation	1.1011592506332158e-76	0.07623318385650224	222	20	>20	0.8454140276800375
ENSG00000197147.13:B1	label_permutation	1.8149246620393044e-25	0.5980392156862745	203	46	>20	0.9793478260869566
ENSG00000198185.11:B1	label_permutation	4.3158349588968446e-62	0.23465703971119134	276	40	>20	0.888268156424581
ENSG00000198887.9:B1	label_permutation	3.670980018787951e-07	0.6245487364620939	276	18	>20	0.983821267886646
ENSG00000204603.6:B1	label_permutation	0.542736201893193	0.7758007117437722	280	1	6-10	1.0
ENSG00000216863.9:B1	label_permutation	3.302790588104576e-14	0.1891891891891892	184	8	11-20	0.8822953388170781
ENSG00000230805.6:B1	label_permutation	1.1774829330976276e-05	0.20072992700729927	273	2	11-20	0.8822953388170781
ENSG00000235194.8:B1	label_permutation	6.548969188406558e-09	0.7647058823529411	84	21	>20	1.0
ENSG00000247400.3:B1	label_permutation	0.0011573897746335	0.3688888888888889	224	5	11-20	0.910599695585997
ENSG00000258441.1:B1	label_permutation	1.890855809438285e-05	0.8653846153846154	51	17	>20	1.0
ENSG00000264538.6:B1	label_permutation	1.3787770517275629e-06	0.7866666666666666	74	16	11-20	1.0
ENSG00000273540.4:B1	label_permutation	4.950433686854439e-05	0.5607476635514018	106	3	1-5	0.9728311362209668
ENSG00000286084.1:B1	label_permutation	0.6601254606665543	0.863849765258216	212	3	11-20	1.0
ENSG00000107443.16:B1	label_permutation	0.4695034936315742	0.7303754266211604	292	2	6-10	1.0
ENSG00000107443.16:B2	label_permutation	0.2582165747517322	0.754601226993865	162	4	6-10	1.0
ENSG00000107443.16:B3	label_permutation	0.3531761347803671	0.6279863481228669	292	2	6-10	0.983821267886646
ENSG00000148408.13:B1	label_permutation	1.3700048115076434e-46	0.33783783783783783	147	47	>20	0.888268156424581
ENSG00000148408.13:B2	label_permutation	2.7230662181592343e-48	0.16591928251121077	222	20	>20	0.8822953388170781
ENSG00000148408.13:B3	label_permutation	1.0	1.0	85	60	>20	1.0
ENSG00000204866.8:B2	label_permutation	0.0325271077285435	0.4804270462633452	280	1	6-10	0.949264843603671
ENSG00000100433.15:B1	label_permutation	1.3806584838846746e-82	0.023255813953488372	85	27	>20	0.8412698412698413
ENSG00000100433.15:B2	label_permutation	4.7017145459624375e-15	0.3140794223826715	276	18	>20	0.888268156424581
ENSG00000118689.15:B1	label_permutation	8.724497478578915e-54	0.3140794223826715	276	40	>20	0.888268156424581
ENSG00000118689.15:B2	label_permutation	9.562122132209144e-07	0.6188340807174888	222	20	>20	0.983821267886646
ENSG00000132003.9:B1	label_permutation	4.384067673354333e-22	0.07407407407407407	80	6	6-10	0.8454140276800375
ENSG00000132003.9:B2	label_permutation	0.7784024934271135	0.8576642335766423	273	2	11-20	1.0
ENSG00000162997.15:B1	label_permutation	2.934278935629028e-05	0.22419928825622776	280	1	6-10	0.888268156424581
ENSG00000172733.11:B1	label_permutation	3.960970582356391e-05	0.6993865030674846	162	12	>20	1.0
ENSG00000172733.11:B3	label_permutation	1.6391284290926748e-14	0.6850828729281768	180	24	>20	1.0
ENSG00000187094.11:B1	label_permutation	9.984352093236863e-78	0.1329479768786127	172	44	>20	0.8822953388170781
ENSG00000187094.11:B2	label_permutation	3.803788647334437e-31	0.4090909090909091	109	30	>20	0.927992476825937
ENSG00000221946.7:B1	label_permutation	1.3960865381458037e-45	0.125	119	15	>20	0.8822953388170781
ENSG00000221946.7:B2	label_permutation	3.5039925697469294e-69	0.21818181818181817	109	30	>20	0.888268156424581
ENSG00000001461.17:B1	label_permutation	1.0	1.0	21	54	11-20	1.0
ENSG00000005249.13:B1	label_permutation	3.809846901412477e-80	0.3392857142857143	55	34	>20	0.888268156424581
ENSG00000060709.15:B1	label_permutation	5.056399339544266e-72	0.11618257261410789	240	45	>20	0.8822953388170781
ENSG00000067208.14:B1	label_permutation	1.0	1.0	94	54	>20	1.0
ENSG00000076650.6:B1	label_permutation	1.0	1.0	172	44	>20	1.0
ENSG00000081248.11:B1	label_permutation	1.5134828016953776e-165	0.17624521072796934	260	1	11-20	0.8822953388170781
ENSG00000086189.10:B1	label_permutation	3.1367950235518367e-95	0.031578947368421054	94	26	>20	0.8412698412698413
ENSG00000090376.10:B1	label_permutation	0.8935364734553434	0.948905109489051	273	2	11-20	1.0
ENSG00000096746.17:B1	label_permutation	0.0083812830649331	0.927797833935018	276	18	>20	1.0
ENSG00000100281.14:B1	label_permutation	1.0	1.0	108	50	>20	1.0
ENSG00000100918.13:B1	label_permutation	2.108532962293085e-54	0.2222222222222222	35	43	11-20	0.888268156424581
ENSG00000102081.14:B1	label_permutation	3.3137006202363844e-47	0.5769230769230769	25	78	>20	0.9770821283979177
ENSG00000104888.10:B1	label_permutation	1.0	1.0	219	19	>20	1.0
ENSG00000108684.14:B1	label_permutation	7.5431742242333625e-22	0.16129032258064516	402	6	11-20	0.8822953388170781
ENSG00000110274.16:B1	label_permutation	1.3231114987023484e-104	0.13432835820895522	66	59	>20	0.8822953388170781
ENSG00000111696.12:B1	label_permutation	1.0	1.0	31	63	>20	1.0
ENSG00000113048.16:B1	label_permutation	3.6405430765426523e-51	0.3466666666666667	74	30	11-20	0.888268156424581
ENSG00000114654.7:B1	label_permutation	7.374698470250777e-90	0.0036496350364963502	273	2	11-20	0.8412698412698413
ENSG00000116898.12:B1	label_permutation	4.369734126526392e-08	0.5415162454873647	276	18	>20	0.9728311362209668
ENSG00000118454.13:B1	label_permutation	2.116830080180468e-75	0.25316455696202533	78	51	>20	0.888268156424581
ENSG00000121753.12:B1	label_permutation	7.020691808871652e-50	0.25	3	148	11-20	0.888268156424581
ENSG00000123684.13:B1	label_permutation	3.617015893269537e-50	0.3333333333333333	20	66	11-20	0.888268156424581
ENSG00000125741.4:B1	label_permutation	0.0188226526026523	0.7189189189189189	184	8	11-20	1.0
ENSG00000130997.16:B1	label_permutation	1.0	1.0	15	73	>20	1.0
ENSG00000133773.12:B1	label_permutation	0.0854776057078888	0.8490566037735849	105	9	>20	1.0
ENSG00000135046.14:B1	label_permutation	1.0	1.0	12	15	1-5	1.0
ENSG00000136828.19:B1	label_permutation	1.8469872696232364e-55	0.5714285714285714	6	104	>20	0.9728311362209668
ENSG00000137877.10:B1	label_permutation	0.0067497825975197	0.417910447761194	200	4	11-20	0.927992476825937
ENSG00000144134.18:B1	label_permutation	2.300279944416125e-41	0.4508670520231214	172	44	>20	0.9420871559633027
ENSG00000146909.8:B1	label_permutation	4.409182845486245e-56	0.5056179775280899	88	57	>20	0.954708471444873
ENSG00000151967.18:B1	label_permutation	1.3605231892654556e-05	0.4642857142857143	167	9	11-20	0.9442921638181233
ENSG00000153879.9:B1	label_permutation	1.3644644340297517e-45	0.2222222222222222	134	14	>20	0.888268156424581
ENSG00000156973.14:B1	label_permutation	0.0031242795471906	0.8765432098765432	80	6	6-10	1.0
ENSG00000158560.14:B1	label_permutation	3.263051696461873e-67	0.21621621621621623	147	47	>20	0.888268156424581
ENSG00000161970.14:B1	label_permutation	1.0	1.0	26	39	11-20	1.0
ENSG00000164163.11:B1	label_permutation	0.2907929175559133	0.9205955334987593	402	6	11-20	1.0
ENSG00000165832.6:B1	label_permutation	1.833700642346975e-32	0.0625	63	13	>20	0.8454140276800375
ENSG00000168615.12:B1	label_permutation	2.9677327554919004e-112	0.005714285714285714	174	49	>20	0.8412698412698413
ENSG00000169750.9:B1	label_permutation	2.1453950599743423e-22	0.4108527131782946	257	12	11-20	0.927992476825937
ENSG00000170903.11:B1	label_permutation	1.0	1.0	46	56	>20	1.0
ENSG00000172007.6:B1	label_permutation	1.4594697147957804e-16	0.28	74	16	11-20	0.888268156424581
ENSG00000173258.12:B1	label_permutation	7.25907468638577e-13	0.33766233766233766	153	22	>20	0.888268156424581
ENSG00000176261.15:B1	label_permutation	4.0868242826892786e-78	0.017543859649122806	56	27	11-20	0.8412698412698413
ENSG00000185716.12:B1	label_permutation	5.151944867821985e-63	0.2903225806451613	278	38	>20	0.888268156424581
ENSG00000187231.14:B1	label_permutation	1.0	1.0	78	51	>20	1.0
ENSG00000198301.12:B1	label_permutation	1.0	1.0	278	38	>20	1.0
ENSG00000204657.4:B1	label_permutation	0.0015817761193264	0.31316725978647686	280	1	6-10	0.888268156424581
ENSG00000219438.8:B1	label_permutation	1.0	1.0	35	43	11-20	1.0
ENSG00000225975.6:B1	label_permutation	0.9616543639329146	1.0	64	1	1-5	1.0
ENSG00000231128.5:B1	label_permutation	4.972888976936544e-126	0.23754789272030652	260	1	11-20	0.888268156424581
ENSG00000235531.9:B1	label_permutation	1.0	1.0	35	25	11-20	1.0
ENSG00000241449.5:B1	label_permutation	5.886948591287685e-79	0.2	109	30	>20	0.8822953388170781
ENSG00000253686.1:B1	label_permutation	0.1709667410939839	0.7708333333333334	47	4	>20	1.0
ENSG00000259039.2:B1	label_permutation	5.965456240764969e-47	0.06572769953051644	212	3	11-20	0.8454140276800375
ENSG00000265787.2:B1	label_permutation	2.092382464929549e-273	0.01532567049808429	260	1	11-20	0.8412698412698413
ENSG00000274276.4:B1	label_permutation	1.0	1.0	100	3	>20	1.0
ENSG00000112033.14:B1	label_permutation	3.490249954173855e-07	0.7307692307692307	51	17	>20	1.0
ENSG00000112033.14:B2	label_permutation	1.159210033497608e-84	0.1935483870967742	30	33	>20	0.8822953388170781
ENSG00000112033.14:B3	label_permutation	6.296978334559523e-110	0.03571428571428571	55	34	>20	0.8412698412698413
ENSG00000152683.14:B1	label_permutation	4.641550553118102e-16	0.5542635658914729	257	12	11-20	0.9728311362209668
ENSG00000152683.14:B2	label_permutation	2.2459137770767936e-14	0.6666666666666666	26	24	6-10	0.9879385964912281
ENSG00000152683.14:B3	label_permutation	2.964256644067805e-19	0.07692307692307693	12	15	1-5	0.8454140276800375
ENSG00000214253.8:B2	label_permutation	4.147781966407434e-07	0.33513513513513515	184	8	11-20	0.888268156424581
ENSG00000119608.12:B1	label_permutation	0.4619196068215742	0.7030716723549488	292	2	6-10	1.0
ENSG00000119608.12:B2	label_permutation	2.197103117023556e-19	0.049079754601226995	162	4	6-10	0.8454140276800375
ENSG00000133101.10:B1	label_permutation	0.3328678232576549	0.7746478873239436	212	3	11-20	1.0
ENSG00000133101.10:B2	label_permutation	0.8804023947822113	0.9846743295019157	260	1	11-20	1.0
ENSG00000147121.16:B1	label_permutation	4.3133565220682296e-08	0.2835820895522388	200	4	11-20	0.888268156424581
ENSG00000147121.16:B2	label_permutation	3.5211529466191266e-19	0.4883720930232558	257	12	11-20	0.952431289640592
ENSG00000173452.13:B1	label_permutation	1.3818737507503023e-32	0.15789473684210525	151	16	>20	0.8822953388170781
ENSG00000173452.13:B2	label_permutation	1.1961065210923548e-35	0.08383233532934131	166	8	>20	0.8454140276800375
ENSG00000188316.14:B1	label_permutation	1.7661268011714988e-12	0.40404040404040403	98	3	6-10	0.927992476825937
ENSG00000188316.14:B2	label_permutation	0.0002681761545742	0.5670498084291188	260	1	11-20	0.9728311362209668
ENSG00000225663.7:B1	label_permutation	1.9854496054712627e-41	0.4423076923076923	51	38	11-20	0.9420871559633027
ENSG00000225663.7:B2	label_permutation	7.514743239602627e-43	0.5272727272727272	54	34	11-20	0.9651297946532351
ENSG00000005513.10:B1	label_permutation	1.0540872369905847e-37	0.13541666666666666	95	7	>20	0.8822953388170781
ENSG00000032742.17:B1	label_permutation	7.12563163945001e-52	0.19148936170212766	93	26	11-20	0.8822953388170781
ENSG00000061936.9:B1	label_permutation	2.1411215131376568e-18	0.7083333333333334	23	49	11-20	1.0
ENSG00000067704.10:B1	label_permutation	2.1049083759248373e-42	0.5909090909090909	21	53	11-20	0.9793478260869566
ENSG00000072415.8:B1	label_permutation	2.641300192667363e-66	0.46153846153846156	12	61	11-20	0.9442921638181233
ENSG00000077147.16:B1	label_permutation	1.2112178521276544e-36	0.6666666666666666	8	83	11-20	0.9879385964912281
ENSG00000081791.9:B1	label_permutation	1.6123393612961897e-61	0.24548736462093862	276	40	>20	0.888268156424581
ENSG00000086544.3:B1	label_permutation	0.0061353852282447	0.37722419928825623	280	1	6-10	0.912012987012987
ENSG00000090565.16:B1	label_permutation	1.4570908057116078e-43	0.6	4	111	>20	0.9793478260869566
ENSG00000100311.16:B1	label_permutation	3.808836732346677e-52	0.06859205776173286	276	18	>20	0.8454140276800375
ENSG00000101004.15:B1	label_permutation	8.43334221544657e-23	0.7777777777777778	62	28	>20	1.0
ENSG00000102226.9:B1	label_permutation	1.0	1.0	10	88	>20	1.0
ENSG00000103460.17:B1	label_permutation	1.5511251903060843e-17	0.5966850828729282	180	24	>20	0.9793478260869566
ENSG00000104969.10:B1	label_permutation	3.635768706111414e-85	0.36363636363636365	10	80	>20	0.902579514149762
ENSG00000107362.13:B1	label_permutation	0.0005658045242968	0.3511111111111111	224	5	11-20	0.888268156424581
ENSG00000108830.10:B1	label_permutation	1.0	1.0	292	2	6-10	1.0
ENSG00000110400.11:B1	label_permutation	1.5298218146692389e-52	0.5263157894736842	18	75	>20	0.9651297946532351
ENSG00000111775.3:B1	label_permutation	0.0546427746341396	0.9263565891472868	257	12	11-20	1.0
ENSG00000114770.17:B1	label_permutation	1.0	1.0	1	150	>20	1.0
ENSG00000115896.16:B1	label_permutation	1.0	1.0	14	64	>20	1.0
ENSG00000117009.12:B1	label_permutation	9.260489657923451e-42	0.16666666666666666	11	30	6-10	0.8822953388170781
ENSG00000118600.11:B1	label_permutation	1.0	1.0	3	17	6-10	1.0
ENSG00000121940.15:B1	label_permutation	1.524583705757765e-48	0.5362318840579711	68	28	11-20	0.9728311362209668
ENSG00000123983.14:B1	label_permutation	1.0	1.0	5	99	11-20	1.0
ENSG00000133872.13:B1	label_permutation	8.149828330326475e-09	0.461038961038961	153	22	>20	0.9442921638181233
ENSG00000135097.7:B1	label_permutation	0.0075487849065224	0.4197080291970803	273	2	11-20	0.927992476825937
ENSG00000136874.11:B1	label_permutation	1.7502171936653145e-35	0.5714285714285714	6	112	11-20	0.9728311362209668
ENSG00000140382.15:B1	label_permutation	1.0	1.0	172	44	>20	1.0
ENSG00000143324.13:B1	label_permutation	1.389275718371004e-33	0.631578947368421	132	43	>20	0.983821267886646
ENSG00000145494.11:B1	label_permutation	3.8407743771305145e-35	0.1794871794871795	116	14	11-20	0.8822953388170781
ENSG00000148671.13:B1	label_permutation	1.4075887625825506e-16	0.07167235494880546	292	2	6-10	0.8454140276800375
ENSG00000150867.14:B1	label_permutation	1.815239373896447e-39	0.6666666666666666	17	85	>20	0.9879385964912281
ENSG00000152154.11:B1	label_permutation	3.1266484859828195e-67	0.13278008298755187	240	45	>20	0.8822953388170781
ENSG00000153975.10:B1	label_permutation	6.263851619822429e-12	0.6	134	14	>20	0.9793478260869566
ENSG00000155592.16:B1	label_permutation	2.032078792780509e-08	0.2926829268292683	81	7	11-20	0.888268156424581
ENSG00000157087.19:B1	label_permutation	1.1639618413925536e-91	0.2727272727272727	10	83	>20	0.888268156424581
ENSG00000158715.6:B1	label_permutation	1.1609466187253318e-06	0.4674329501915709	260	1	11-20	0.9464204227474279
ENSG00000160293.17:B1	label_permutation	4.193074153263786e-36	0.5697674418604651	85	27	>20	0.9728311362209668
ENSG00000162139.10:B1	label_permutation	1.0	1.0	27	44	11-20	1.0
ENSG00000163703.17:B1	label_permutation	1.3044825729486744e-85	0.10285714285714286	174	49	>20	0.8650522722423726
ENSG00000164187.7:B1	label_permutation	5.080722060089589e-47	0.5197132616487455	278	38	>20	0.9651297946532351
ENSG00000167680.16:B1	label_permutation	3.331638195144645e-38	0.21052631578947367	56	5	>20	0.8848204264870931
ENSG00000168724.16:B1	label_permutation	1.0	1.0	46	56	>20	1.0
ENSG00000169862.19:B1	label_permutation	1.0	1.0	15	73	>20	1.0
ENSG00000170962.13:B1	label_permutation	0.1031027957595743	0.7241379310344828	260	1	11-20	1.0
ENSG00000172137.19:B1	label_permutation	0.17278565121336	0.7029702970297029	100	3	>20	1.0
ENSG00000173409.14:B1	label_permutation	3.2367022971496956e-24	0.8115942028985508	137	21	11-20	1.0
ENSG00000174946.6:B1	label_permutation	1.291596669165101e-65	0.028846153846153848	207	10	>20	0.8412698412698413
ENSG00000176407.18:B1	label_permutation	6.740885023244858e-38	0.6181818181818182	54	34	11-20	0.983821267886646
ENSG00000178028.14:B1	label_permutation	5.5115822167663195e-90	0.09022556390977443	132	43	>20	0.8454140276800375
ENSG00000179833.4:B1	label_permutation	9.947096144612822e-52	0.10179640718562874	166	18	11-20	0.8650522722423726
ENSG00000182022.18:B1	label_permutation	1.2606944056890712e-60	0.5444015444015444	258	36	>20	0.9728311362209668
ENSG00000185774.16:B1	label_permutation	1.3121183581078337e-116	0.02027027027027027	147	47	>20	0.8412698412698413
ENSG00000188938.17:B1	label_permutation	8.78355974179425e-43	0.4223826714801444	276	40	>20	0.927992476825937
ENSG00000196507.11:B1	label_permutation	8.40766481894784e-36	0.5054151624548736	276	40	>20	0.954708471444873
ENSG00000204856.12:B1	label_permutation	3.0649225876790127e-10	0.37662337662337664	153	22	>20	0.912012987012987
ENSG00000213551.5:B1	label_permutation	0.229392083007543	0.5051194539249146	292	2	6-10	0.954708471444873
ENSG00000221866.9:B1	label_permutation	9.821922012878148e-104	0.0851063829787234	46	56	>20	0.8454140276800375
ENSG00000226380.9:B1	label_permutation	1.0	1.0	278	38	>20	1.0
ENSG00000231437.3:B1	label_permutation	3.2296847206819755e-42	0.08396946564885496	130	10	11-20	0.8454140276800375
ENSG00000241978.9:B1	label_permutation	7.805062156838994e-46	0.11764705882352941	50	19	11-20	0.8822953388170781
ENSG00000259295.6:B1	label_permutation	0.2365693745026205	0.9868421052631579	151	16	>20	1.0
ENSG00000266777.1:B1	label_permutation	1.0	1.0	258	36	>20	1.0
ENSG00000275052.5:B1	label_permutation	2.1078873393505658e-42	0.3284313725490196	203	46	>20	0.888268156424581
ENSG00000124333.16:B3	wild_cluster	1.2781630544067124e-42	0.10738255033557047	297	2	11-20	0.5573961283314582
ENSG00000124333.16_PAR_Y:B3	wild_cluster	1.2781630544067124e-42	0.10738255033557047	297	2	11-20	0.5573961283314582
ENSG00000104722.14:B1	wild_cluster	1.3633042302513267e-09	0.7368421052631579	189	24	>20	0.9965123652504755
ENSG00000104722.14:B2	wild_cluster	1.7522294238071491e-10	0.59	99	48	>20	0.9178691678691678
ENSG00000124164.15:B1	wild_cluster	1.0	1.0	219	45	>20	1.0
ENSG00000124164.15:B2	wild_cluster	5.1757488087972e-09	0.47368421052631576	189	19	>20	0.8541534559289791
ENSG00000136715.18:B1	wild_cluster	3.2090391029701585e-57	0.22641509433962265	52	60	>20	0.6537644846205181
ENSG00000136715.18:B2	wild_cluster	6.473404249392448e-09	0.2653061224489796	48	4	>20	0.6945915392396026
ENSG00000152214.14:B1	wild_cluster	0.0039517292859979	0.2780487804878049	204	4	11-20	0.7125757662670413
ENSG00000152214.14:B2	wild_cluster	0.3298334078797547	0.6610738255033557	297	2	11-20	0.9379447207969396
ENSG00000166816.14:B1	wild_cluster	1.0149042167410383e-10	0.06976744186046512	128	3	1-5	0.4894622093023256
ENSG00000166816.14:B2	wild_cluster	2.97367828797291e-07	0.06690140845070422	283	1	6-10	0.48379610443431414
ENSG00000176909.12:B2	wild_cluster	5.9572101349648906e-15	0.21951219512195122	204	10	>20	0.6458108594030924
ENSG00000196757.8:B1	wild_cluster	0.0021244457542923	0.8984375	255	12	11-20	1.0
ENSG00000196757.8:B2	wild_cluster	0.0020885452249324	0.6038961038961039	153	6	>20	0.9178691678691678
ENSG00000068078.18:B1	wild_cluster	2.426306975634157e-06	0.9411764705882353	16	7	6-10	1.0
ENSG00000072832.14:B1	wild_cluster	1.0228891280915892e-56	0.5407725321888412	232	36	>20	0.8926723049734917
ENSG00000090971.5:B1	wild_cluster	9.265306538349673e-53	0.315018315018315	272	38	>20	0.7372742200328407
ENSG00000099326.8:B1	wild_cluster	1.5762465627980171e-60	0.3829787234042553	93	27	>20	0.7844935844935845
ENSG00000101132.10:B1	wild_cluster	3.889995155119508e-61	0.05263157894736842	37	29	11-20	0.47177207516670033
ENSG00000102390.10:B1	wild_cluster	0.6924664201840525	0.9076305220883534	248	5	11-20	1.0
ENSG00000103512.15:B1	wild_cluster	1.1746510887177643e-49	0.13709677419354838	123	20	11-20	0.5692704416030944
ENSG00000105072.9:B1	wild_cluster	1.0	1.0	33	53	11-20	1.0
ENSG00000107593.17:B1	wild_cluster	0.0060564336345275	0.524390243902439	409	6	11-20	0.8779329608938549
ENSG00000111843.14:B1	wild_cluster	3.4481716001376845e-15	0.1073170731707317	409	6	11-20	0.5573961283314582
ENSG00000113319.13:B1	wild_cluster	1.4912938068168863e-84	0.051094890510948905	136	49	>20	0.46819603753910327
ENSG00000117115.13:B1	wild_cluster	9.88685142197504e-23	0.11504424778761062	112	9	>20	0.5590265987549519
ENSG00000118873.16:B1	wild_cluster	1.7779938205951108e-41	0.3064516129032258	61	35	11-20	0.7299563617694874
ENSG00000120253.14:B1	wild_cluster	1.2720577497845984e-18	0.2558139534883721	42	10	6-10	0.6857341200971885
ENSG00000122068.13:B1	wild_cluster	1.0488090105844025e-21	0.5185185185185185	26	72	>20	0.8778710378196899
ENSG00000128050.8:B1	wild_cluster	1.0	1.0	135	50	>20	1.0
ENSG00000130035.7:B1	wild_cluster	2.0315779025143184e-59	0.10526315789473684	37	39	11-20	0.5573961283314582
ENSG00000131323.14:B1	wild_cluster	3.378479598084556e-51	0.38738738738738737	221	44	>20	0.7844935844935845
ENSG00000134046.12:B1	wild_cluster	1.0	1.0	35	59	>20	1.0
ENSG00000135205.15:B1	wild_cluster	1.0	1.0	10	99	>20	1.0
ENSG00000138050.15:B1	wild_cluster	1.0	1.0	36	58	>20	1.0
ENSG00000141750.7:B1	wild_cluster	1.3576132895138094e-05	0.7850467289719626	320	18	>20	1.0
ENSG00000144331.20:B1	wild_cluster	4.2254433622672064e-21	0.5507246376811594	68	41	>20	0.9008209920540641
ENSG00000145592.14:B1	wild_cluster	1.0	1.0	103	51	>20	1.0
ENSG00000148824.19:B1	wild_cluster	1.4688649363700112e-16	0.37109375	255	12	11-20	0.7774891774891775
ENSG00000151014.6:B1	wild_cluster	0.0453640917177401	0.6829268292682927	409	6	11-20	0.9508035545471736
ENSG00000152270.9:B1	wild_cluster	2.296614620893241e-101	0.004081632653061225	244	40	>20	0.344655536365381
ENSG00000154096.13:B1	wild_cluster	2.878525889169015e-50	0.2631578947368421	37	38	11-20	0.6945915392396026
ENSG00000157212.18:B1	wild_cluster	1.5201256000806079e-15	0.5837837837837838	184	18	11-20	0.9178691678691678
ENSG00000158859.10:B1	wild_cluster	7.319787862242747e-15	0.04878048780487805	204	4	11-20	0.4651243093922652
ENSG00000160352.15:B1	wild_cluster	1.6064644104343136e-65	0.0958904109589041	72	32	>20	0.5348421679571174
ENSG00000162298.18:B1	wild_cluster	1.0	1.0	10	85	11-20	1.0
ENSG00000163755.8:B1	wild_cluster	2.0928601881859298e-33	0.3790322580645161	123	20	11-20	0.780667357206274
ENSG00000164244.20:B1	wild_cluster	2.238003552444487e-19	0.1937984496124031	128	16	>20	0.627972027972028
ENSG00000165119.21:B1	wild_cluster	5.193299557812952e-15	0.6451612903225806	123	20	11-20	0.9329385486468236
ENSG00000166004.15:B1	wild_cluster	1.0	1.0	9	88	>20	1.0
ENSG00000169946.14:B1	wild_cluster	1.0	1.0	26	70	>20	1.0
ENSG00000171067.11:B1	wild_cluster	2.3111390373218064e-56	0.11428571428571428	34	40	11-20	0.5590265987549519
ENSG00000172247.4:B1	wild_cluster	9.94566328983326e-05	0.32044198895027626	180	3	11-20	0.7372742200328407
ENSG00000173517.10:B1	wild_cluster	2.447137338156047e-69	0.21761658031088082	192	46	>20	0.6458108594030924
ENSG00000176490.5:B1	wild_cluster	3.2077631803664955e-45	0.4542124542124542	272	38	>20	0.8390047206923681
ENSG00000178163.8:B1	wild_cluster	1.30662331638047e-81	0.07784431137724551	166	47	>20	0.4935760906904844
ENSG00000179965.11:B1	wild_cluster	9.553694067271056e-09	0.7513513513513513	184	18	11-20	1.0
ENSG00000182141.10:B1	wild_cluster	3.80133757899973e-06	0.7675675675675676	184	18	11-20	1.0
ENSG00000184787.19:B1	wild_cluster	1.0	1.0	13	62	11-20	1.0
ENSG00000185896.11:B1	wild_cluster	1.8462062224177567e-38	0.12280701754385964	56	13	>20	0.5640703517587939
ENSG00000187627.15:B1	wild_cluster	2.914845276807821e-20	0.13274336283185842	112	9	>20	0.5690092165898617
ENSG00000189050.16:B1	wild_cluster	1.0	1.0	123	20	11-20	1.0
ENSG00000197380.11:B1	wild_cluster	6.096674577162176e-07	0.5145631067961165	205	12	>20	0.8778710378196899
ENSG00000198482.12:B1	wild_cluster	1.9908113779095435e-31	0.2894736842105263	189	24	>20	0.7142730888201504
ENSG00000203685.10:B1	wild_cluster	6.327411000526291e-85	0.15384615384615385	51	28	>20	0.5753091165353322
ENSG00000204991.11:B1	wild_cluster	3.482117786831861e-62	0.23	99	48	>20	0.6577707006369428
ENSG00000213672.8:B1	wild_cluster	1.0	1.0	11	100	11-20	1.0
ENSG00000226950.6:B1	wild_cluster	1.0	1.0	123	20	11-20	1.0
ENSG00000231887.7:B1	wild_cluster	4.846136671119962e-33	0.673992673992674	272	38	>20	0.9471759330914261
ENSG00000236306.2:B1	wild_cluster	0.5481986654646593	0.6549295774647887	283	1	6-10	0.9372073153585758
ENSG00000242290.2:B1	wild_cluster	5.242058182203694e-12	0.45714285714285713	34	40	11-20	0.8390047206923681
ENSG00000248905.8:B1	wild_cluster	1.0	1.0	13	86	>20	1.0
ENSG00000254363.6:B1	wild_cluster	1.828615504264501e-20	0.15100671140939598	297	2	11-20	0.5753091165353322
ENSG00000259495.2:B1	wild_cluster	8.33370601342724e-16	0.049723756906077346	180	3	11-20	0.4651243093922652
ENSG00000267169.1:B1	wild_cluster	6.900534385157247e-76	0.2446351931330472	232	36	>20	0.6738724031701729
ENSG00000276234.5:B1	wild_cluster	1.0	1.0	192	46	>20	1.0
ENSG00000136490.9:B2	wild_cluster	0.0229811041716907	0.7256637168141593	112	9	>20	0.9918508640778008
ENSG00000136490.9:B3	wild_cluster	8.491275750978592e-276	0.5151515151515151	32	1	>20	0.8778710378196899
ENSG00000165802.22:B1	wild_cluster	9.750409572252976e-98	0.011235955056179775	88	52	>20	0.34485407066052226
ENSG00000165802.22:B3	wild_cluster	0.0002670410429357	0.8032786885245902	243	20	>20	1.0
ENSG00000165802.22:B4	wild_cluster	7.157839311745199e-24	0.6062176165803109	192	46	>20	0.9178691678691678
ENSG00000281398.4:B3	wild_cluster	2.0724050740175463e-34	0.0642570281124498	248	5	11-20	0.4748810153358012
ENSG00000104435.13:B1	wild_cluster	1.0889672916187565e-43	0.509009009009009	221	44	>20	0.8778710378196899
ENSG00000104435.13:B2	wild_cluster	1.041029543511662e-07	0.519774011299435	176	22	>20	0.8778710378196899
ENSG00000123685.9:B1	wild_cluster	0.4889125272072346	0.8292682926829268	204	4	11-20	1.0
ENSG00000123685.9:B2	wild_cluster	0.0132343168637786	0.33221476510067116	297	2	11-20	0.7372742200328407
ENSG00000136457.10:B1	wild_cluster	0.4214514192308185	0.8775510204081632	48	2	1-5	1.0
ENSG00000136457.10:B3	wild_cluster	0.4493567917067634	0.5846153846153846	64	1	1-5	0.9178691678691678
ENSG00000152056.17:B1	wild_cluster	5.229761006514621e-10	0.5918367346938775	97	15	>20	0.9178691678691678
ENSG00000152056.17:B2	wild_cluster	1.1760498628001172e-37	0.1680327868852459	243	20	>20	0.5855248858943708
ENSG00000165816.13:B1	wild_cluster	1.9577281888277475e-10	0.16666666666666666	77	6	6-10	0.5846354166666666
ENSG00000165816.13:B2	wild_cluster	0.0133660604615911	0.43119266055045874	108	3	6-10	0.8191195526154266
ENSG00000176058.13:B1	wild_cluster	9.006490478352344e-07	0.37662337662337664	153	6	>20	0.780667357206274
ENSG00000176058.13:B2	wild_cluster	0.5592557765239355	0.8	89	3	>20	1.0
ENSG00000196653.12:B1	wild_cluster	0.4742450426339372	0.8	164	4	6-10	1.0
ENSG00000196653.12:B2	wild_cluster	0.8955558704927586	0.9285714285714286	293	2	6-10	1.0
ENSG00000236859.6:B1	wild_cluster	3.198251982573127e-25	0.5602836879432624	140	21	11-20	0.9081854725145301
ENSG00000236859.6:B2	wild_cluster	9.20741320065179e-16	0.22429906542056074	106	14	>20	0.6497437443473018
ENSG00000014824.14:B1	wild_cluster	1.2470756573911317e-52	0.32558139534883723	128	39	>20	0.7372742200328407
ENSG00000036549.13:B1	wild_cluster	1.0	1.0	35	59	>20	1.0
ENSG00000068912.14:B2	wild_cluster	0.0003426397179379	0.7631578947368421	189	19	>20	1.0
ENSG00000073712.15:B1	wild_cluster	9.336855181920896e-70	0.08108108108108109	110	26	>20	0.5021435228331781
ENSG00000078177.14:B1	wild_cluster	1.0	1.0	107	54	>20	1.0
ENSG00000100417.12:B1	wild_cluster	1.0	1.0	244	40	>20	1.0
ENSG00000101216.11:B1	wild_cluster	0.0828827159366219	0.4899328859060403	297	2	11-20	0.8660624636685516
ENSG00000102760.13:B1	wild_cluster	0.3543296899245088	0.5176056338028169	283	1	6-10	0.8778710378196899
ENSG00000105278.11:B1	wild_cluster	1.0275153091603982e-83	0.07142857142857142	27	78	>20	0.4917083854818523
ENSG00000106263.18:B1	wild_cluster	6.083156069715739e-66	0.2	4	67	11-20	0.627972027972028
ENSG00000109184.15:B1	wild_cluster	2.0339793960510096e-82	0.11764705882352941	33	71	>20	0.5640703517587939
ENSG00000110811.20:B1	wild_cluster	1.9705853779400552e-78	0.030303030303030304	32	36	11-20	0.3814378252097271
ENSG00000112081.17:B1	wild_cluster	4.606286681990857e-49	0.37823834196891193	192	46	>20	0.780667357206274
ENSG00000113575.10:B1	wild_cluster	6.003363646521327e-06	0.85	19	12	6-10	1.0
ENSG00000115091.11:B1	wild_cluster	5.1321196703523527e-48	0.058823529411764705	16	83	11-20	0.4748810153358012
ENSG00000116147.17:B1	wild_cluster	4.0968733746066494e-05	0.8367346938775511	97	15	>20	1.0
ENSG00000119185.12:B1	wild_cluster	3.2681020145923546e-15	0.6	4	25	6-10	0.9178691678691678
ENSG00000124383.9:B1	wild_cluster	1.1848565244797144e-87	0.08088235294117647	135	50	>20	0.5021435228331781
ENSG00000130255.13:B1	wild_cluster	1.0	1.0	221	44	>20	1.0
ENSG00000131480.9:B1	wild_cluster	0.4258270783719997	0.8064516129032258	247	1	11-20	1.0
ENSG00000132879.14:B1	wild_cluster	5.948422000313962e-28	0.6816326530612244	244	40	>20	0.9508035545471736
ENSG00000136144.12:B1	wild_cluster	1.8438337496501506e-66	0.005405405405405406	184	18	11-20	0.344655536365381
ENSG00000138138.13:B1	wild_cluster	4.100941570149651e-52	0.326007326007326	272	38	>20	0.7372742200328407
ENSG00000142186.17:B1	wild_cluster	1.3436613917506204e-56	0.5	1	120	11-20	0.8684719535783365
ENSG00000143469.19:B1	wild_cluster	9.38107042733654e-23	0.871244635193133	232	36	>20	1.0
ENSG00000144559.10:B1	wild_cluster	1.8660979660279768e-22	0.37037037037037035	80	21	>20	0.7774891774891775
ENSG00000149115.14:B1	wild_cluster	4.724482994047642e-31	0.6384615384615384	129	43	>20	0.9262333788989685
ENSG00000152484.14:B1	wild_cluster	2.6457966129332617e-08	0.327683615819209	176	8	11-20	0.7372742200328407
ENSG00000159128.14:B1	wild_cluster	1.250734290501462e-68	0.06451612903225806	30	31	11-20	0.4748810153358012
ENSG00000162415.7:B1	wild_cluster	3.6552542075616426e-46	0.03902439024390244	409	6	11-20	0.4157407407407407
ENSG00000163281.11:B1	wild_cluster	3.0907585404599316e-54	0.31868131868131866	90	24	11-20	0.7372742200328407
ENSG00000163867.17:B1	wild_cluster	1.3488399967491863e-80	0.041666666666666664	23	54	11-20	0.4157407407407407
ENSG00000165259.14:B1	wild_cluster	1.857268428379558e-81	0.10975609756097561	81	37	>20	0.5590265987549519
ENSG00000166167.18:B1	wild_cluster	1.1028127850890378e-53	0.33783783783783783	221	44	>20	0.7454014210770967
ENSG00000166963.13:B1	wild_cluster	1.0847406210356917e-19	0.9009009009009009	110	26	>20	1.0
ENSG00000167972.14:B1	wild_cluster	1.0	1.0	25	76	>20	1.0
ENSG00000170091.11:B1	wild_cluster	8.488826618354991e-88	0.04081632653061224	244	40	>20	0.4157407407407407
ENSG00000171262.11:B1	wild_cluster	3.0029578043834096e-35	0.16822429906542055	106	14	>20	0.5855248858943708
ENSG00000176783.15:B1	wild_cluster	1.0	1.0	20	75	>20	1.0
ENSG00000178386.13:B1	wild_cluster	0.4245878550079441	0.7214765100671141	297	2	11-20	0.989138787847738
ENSG00000180354.16:B1	wild_cluster	1.0	1.0	61	53	>20	1.0
ENSG00000182256.13:B1	wild_cluster	1.0	1.0	1	34	6-10	1.0
ENSG00000183580.10:B1	wild_cluster	0.002305221098123	0.2785234899328859	297	2	11-20	0.7125757662670413
ENSG00000184967.7:B1	wild_cluster	1.874913641778173e-08	0.3588709677419355	247	1	11-20	0.767300307219662
ENSG00000187984.12:B1	wild_cluster	1.0	1.0	81	57	>20	1.0
ENSG00000189298.14:B1	wild_cluster	0.0769457866275751	0.6104417670682731	248	5	11-20	0.9198869657364888
ENSG00000203965.13:B1	wild_cluster	1.9939606572190495e-70	0.2222222222222222	98	35	>20	0.6458108594030924
ENSG00000205485.13:B1	wild_cluster	4.1571589575514257e-66	0.14285714285714285	90	24	11-20	0.5692704416030944
ENSG00000223770.5:B1	wild_cluster	5.128825768291935e-26	0.1836734693877551	48	17	>20	0.6093318199763127
ENSG00000232656.7:B1	wild_cluster	0.1508865282875042	0.7846153846153846	64	4	1-5	1.0
ENSG00000237080.3:B1	wild_cluster	5.015334594790261e-63	0.02464788732394366	283	1	6-10	0.3814378252097271
ENSG00000243232.5:B1	wild_cluster	2.7957035174509514e-14	0.055248618784530384	180	3	11-20	0.4748810153358012
ENSG00000249550.6:B1	wild_cluster	1.8621787227607523e-06	0.3333333333333333	32	6	1-5	0.7372742200328407
ENSG00000254876.5:B1	wild_cluster	0.2940590712697236	0.7741935483870968	247	1	11-20	1.0
ENSG00000260439.1:B1	wild_cluster	0.9995958689233728	0.9548022598870056	176	22	>20	1.0
ENSG00000267673.6:B1	wild_cluster	1.1881486557074722e-34	0.12429378531073447	176	22	>20	0.5640703517587939
ENSG00000278195.2:B1	wild_cluster	0.000211124462787	0.32044198895027626	180	3	11-20	0.7372742200328407
ENSG00000168101.14:B2	wild_cluster	0.0050899768556095	0.5403225806451613	247	1	11-20	0.8926723049734917
ENSG00000167700.9:B1	wild_cluster	1.4873943564177709e-77	0.014184397163120567	140	21	11-20	0.34485407066052226
ENSG00000167700.9:B2	wild_cluster	4.3138294441961966e-08	0.3269230769230769	103	7	>20	0.7372742200328407
ENSG00000167700.9:B3	wild_cluster	3.1874810056973627e-38	0.15503875968992248	128	14	11-20	0.5753091165353322
ENSG00000004779.10:B1	wild_cluster	4.753747997626077e-10	0.1839080459770115	173	9	11-20	0.6093318199763127
ENSG00000004779.10:B2	wild_cluster	2.8649687785606685e-07	0.24146341463414633	409	6	11-20	0.6720997920997922
ENSG00000055130.16:B2	wild_cluster	2.491460756110896e-16	0.3613707165109034	320	18	>20	0.7708097468569864
ENSG00000105879.12:B1	wild_cluster	7.869377398588591e-12	0.514018691588785	320	18	>20	0.8778710378196899
ENSG00000105879.12:B2	wild_cluster	1.2745994194050858e-27	0.5957446808510638	93	27	>20	0.9178691678691678
ENSG00000124733.4:B2	wild_cluster	0.4604616510614939	0.9097560975609756	409	6	11-20	1.0
ENSG00000137221.14:B1	wild_cluster	8.142705838115785e-74	0.09090909090909091	10	99	>20	0.5253766271756618
ENSG00000137221.14:B2	wild_cluster	2.37208086102763e-43	0.625	15	107	>20	0.9246837305089733
ENSG00000167470.12:B1	wild_cluster	3.0075049577721267e-32	0.3939393939393939	32	57	11-20	0.7878787878787878
ENSG00000178038.17:B1	wild_cluster	1.8417613979815242e-63	0.136986301369863	72	32	>20	0.5692704416030944
ENSG00000178038.17:B2	wild_cluster	0.0034526680110499	0.574585635359116	180	8	>20	0.9178691678691678
ENSG00000242759.6:B1	wild_cluster	5.181405904331092e-19	0.10734463276836158	176	8	11-20	0.5573961283314582
ENSG00000242759.6:B2	wild_cluster	4.045468979869306e-16	0.6148148148148148	134	10	11-20	0.9216315789473686
ENSG00000054267.22:B1	wild_cluster	7.22480069367399e-96	0.07692307692307693	12	77	>20	0.4935760906904844
ENSG00000069424.14:B1	wild_cluster	4.9210230840727587e-26	0.6	9	132	>20	0.9178691678691678
ENSG00000091879.13:B1	wild_cluster	9.566941709140608e-37	0.028846153846153848	103	7	>20	0.3814378252097271
ENSG00000099904.15:B1	wild_cluster	1.0430624091593053e-43	0.3333333333333333	8	107	11-20	0.7372742200328407
ENSG00000100483.14:B1	wild_cluster	0.9823724528873607	0.9798657718120806	297	2	11-20	1.0
ENSG00000101333.16:B1	wild_cluster	1.0	1.0	81	57	>20	1.0
ENSG00000104129.10:B1	wild_cluster	1.811089175256521e-64	0.38197424892703863	232	36	>20	0.7844935844935845
ENSG00000105376.5:B1	wild_cluster	1.0	1.0	219	45	>20	1.0
ENSG00000106392.10:B1	wild_cluster	1.9851677475208628e-96	0.06172839506172839	80	55	>20	0.4748810153358012
ENSG00000107902.14:B1	wild_cluster	3.196181337286538e-48	0.23684210526315788	37	39	11-20	0.6644080996884735
ENSG00000109466.14:B1	wild_cluster	3.708484255688107e-105	0.007352941176470588	135	50	>20	0.344655536365381
ENSG00000115194.10:B1	wild_cluster	3.709579155102963e-53	0.2772727272727273	219	45	>20	0.7125757662670413
ENSG00000116199.12:B1	wild_cluster	2.9281098528078773e-16	0.1951219512195122	204	10	>20	0.627972027972028
ENSG00000120693.13:B1	wild_cluster	2.289135249970739e-73	0.20212765957446807	93	27	>20	0.6290319858215884
ENSG00000122565.19:B1	wild_cluster	0.4468437910463257	0.5774647887323944	283	1	6-10	0.9178691678691678
ENSG00000124541.7:B1	wild_cluster	0.2032776628795148	0.8390243902439024	409	6	11-20	1.0
ENSG00000130347.12:B1	wild_cluster	1.0607859164186705e-13	0.16326530612244897	48	2	1-5	0.5846354166666666
ENSG00000131711.15:B1	wild_cluster	1.0	1.0	27	78	>20	1.0
ENSG00000132964.12:B1	wild_cluster	9.431000160235497e-20	0.7542372881355932	117	26	11-20	1.0
ENSG00000134317.18:B1	wild_cluster	1.1529229437231633e-07	0.6516393442622951	243	20	>20	0.9372073153585758
ENSG00000135447.17:B1	wild_cluster	0.7824163643969997	0.948051948051948	153	6	>20	1.0
ENSG00000136197.12:B1	wild_cluster	9.361125008622875e-31	0.14736842105263157	94	16	11-20	0.5753091165353322
ENSG00000137177.20:B1	wild_cluster	7.743018135268139e-53	0.3	9	88	11-20	0.7241935483870967
ENSG00000138246.17:B1	wild_cluster	1.0	1.0	9	112	>20	1.0
ENSG00000139343.10:B1	wild_cluster	1.0	1.0	90	24	11-20	1.0
ENSG00000144635.9:B1	wild_cluster	5.1458082052916816e-20	0.7829457364341085	128	39	>20	1.0
ENSG00000145919.10:B1	wild_cluster	3.300034784844565e-25	0.4838709677419355	123	20	11-20	0.8604279782816991
ENSG00000147548.17:B1	wild_cluster	8.256807009257444e-23	0.6397058823529411	135	50	>20	0.9265417457305501
ENSG00000151332.19:B1	wild_cluster	1.0	1.0	1	34	6-10	1.0
ENSG00000152583.12:B1	wild_cluster	3.0915455693373304e-60	0.23357664233576642	136	49	>20	0.6623640051631937
ENSG00000154370.16:B1	wild_cluster	1.9267916174591777e-06	0.5317073170731708	204	10	>20	0.8825751769532483
ENSG00000156103.16:B1	wild_cluster	1.9395841892237568e-32	0.1806853582554517	320	18	>20	0.6093318199763127
ENSG00000157625.15:B1	wild_cluster	2.5314262665267278e-77	0.0392156862745098	50	33	>20	0.4157407407407407
ENSG00000162512.16:B1	wild_cluster	9.255430293153176e-23	0.4838709677419355	30	65	>20	0.8604279782816991
ENSG00000163346.17:B1	wild_cluster	4.055755651007141e-29	0.022099447513812154	180	8	>20	0.37443969561138324
ENSG00000163884.4:B1	wild_cluster	9.885114306183668e-95	0.3548387096774194	247	1	11-20	0.7651549090398011
ENSG00000165322.17:B1	wild_cluster	3.1786414255290304e-89	0.031007751937984496	128	39	>20	0.3814378252097271
ENSG00000168026.18:B1	wild_cluster	1.0	1.0	37	39	11-20	1.0
ENSG00000169032.9:B1	wild_cluster	4.960185913382786e-29	0.22118380062305296	320	18	>20	0.6458108594030924
ENSG00000170264.13:B1	wild_cluster	1.0	1.0	166	47	>20	1.0
ENSG00000173915.16:B1	wild_cluster	5.3215387745313494e-58	0.06779661016949153	117	26	11-20	0.48379610443431414
ENSG00000175309.15:B1	wild_cluster	1.0	1.0	16	40	6-10	1.0
ENSG00000178567.7:B1	wild_cluster	1.0	1.0	30	11	11-20	1.0
ENSG00000180574.3:B1	wild_cluster	5.976539426828786e-09	0.06338028169014084	283	1	6-10	0.4748810153358012
ENSG00000182348.6:B1	wild_cluster	0.297540103237548	0.8365384615384616	103	7	>20	1.0
ENSG00000183722.9:B1	wild_cluster	4.046766166354735e-45	0.062146892655367235	176	22	>20	0.4748810153358012
ENSG00000186231.17:B1	wild_cluster	1.0	1.0	232	36	>20	1.0
ENSG00000189410.12:B1	wild_cluster	2.6756328008204788e-15	0.16666666666666666	11	22	6-10	0.5846354166666666
ENSG00000196743.8:B1	wild_cluster	1.7238413767382642e-19	0.15151515151515152	32	8	6-10	0.5753091165353322
ENSG00000197746.14:B1	wild_cluster	3.4900528451943334e-51	0.13157894736842105	189	24	>20	0.5689475253428742
ENSG00000204130.13:B1	wild_cluster	1.047119233900815e-77	0.23529411764705882	50	67	>20	0.6623640051631937
ENSG00000214265.11:B1	wild_cluster	1.861185566069317e-05	0.39080459770114945	173	9	11-20	0.7851063282676336
ENSG00000224032.6:B1	wild_cluster	1.1554502088670577e-06	0.8837209302325582	42	10	6-10	1.0
ENSG00000228237.5:B1	wild_cluster	5.45119261179656e-26	0.2903225806451613	30	11	11-20	0.7142730888201504
ENSG00000233016.6:B1	wild_cluster	0.0001085598178754	0.4314516129032258	247	1	11-20	0.8191195526154266
ENSG00000237442.3:B1	wild_cluster	0.2216230722772671	0.6464088397790055	180	3	11-20	0.9332397718995932
ENSG00000243667.7:B1	wild_cluster	3.0972888011888e-08	0.7777777777777778	80	21	>20	1.0
ENSG00000249915.8:B1	wild_cluster	1.0	1.0	37	39	11-20	1.0
ENSG00000255345.1:B1	wild_cluster	0.138535743553801	0.6292682926829268	204	4	11-20	0.9246837305089733
ENSG00000260793.2:B1	wild_cluster	2.3856966270277286e-10	0.12121212121212122	164	4	6-10	0.5640703517587939
ENSG00000268362.5:B1	wild_cluster	0.2401680934967792	0.8784530386740331	180	8	>20	1.0
ENSG00000279277.2:B1	wild_cluster	0.1154346475216815	0.9532710280373832	320	18	>20	1.0
ENSG00000186577.14:B1	wild_cluster	1.1894936626009772e-51	0.14285714285714285	27	30	11-20	0.5692704416030944
ENSG00000186577.14:B2	wild_cluster	3.435198069127681e-25	0.42962962962962964	134	10	11-20	0.8191195526154266
ENSG00000186577.14:B3	wild_cluster	1.0177728120867045e-33	0.3790322580645161	123	20	11-20	0.780667357206274
ENSG00000186577.14:B4	wild_cluster	8.15164850770585e-38	0.2903225806451613	123	20	11-20	0.7142730888201504
ENSG00000169627.8:B1	wild_cluster	0.0286735664072578	0.3878787878787879	164	4	6-10	0.7844935844935845
ENSG00000169627.8:B2	wild_cluster	0.0210680795827437	0.17346938775510204	293	2	6-10	0.5951912967957216
ENSG00000169627.8:B3	wild_cluster	0.0210681189330533	0.17346938775510204	293	2	6-10	0.5951912967957216
ENSG00000012660.14:B1	wild_cluster	4.005943685795824e-37	0.14054054054054055	184	18	11-20	0.5692704416030944
ENSG00000012660.14:B2	wild_cluster	1.0	1.0	3	33	6-10	1.0
ENSG00000068308.13:B1	wild_cluster	1.9206113853591827e-70	0.05860805860805861	272	38	>20	0.4748810153358012
ENSG00000068308.13:B2	wild_cluster	6.3932804169882e-59	0.06842105263157895	189	19	>20	0.48379610443431414
ENSG00000107371.13:B1	wild_cluster	2.447899973937405e-06	0.7734375	255	12	11-20	1.0
ENSG00000107371.13:B2	wild_cluster	6.55970587131302e-28	0.48226950354609927	140	21	11-20	0.8604279782816991
ENSG00000125843.11:B1	wild_cluster	1.3571990044200858e-10	0.15365853658536585	409	6	11-20	0.5753091165353322
ENSG00000125843.11:B2	wild_cluster	2.380964073343828e-70	0.0055248618784530384	180	3	11-20	0.344655536365381
ENSG00000138380.18:B1	wild_cluster	1.0	1.0	1	90	11-20	1.0
ENSG00000138380.18:B2	wild_cluster	1.7922958924091227e-06	0.7675675675675676	184	18	11-20	1.0
ENSG00000155265.11:B1	wild_cluster	2.0904482815557347e-53	0.31135531135531136	272	38	>20	0.7372742200328407
ENSG00000155265.11:B2	wild_cluster	1.431085357278915e-45	0.06842105263157895	189	19	>20	0.48379610443431414
ENSG00000168081.9:B1	wild_cluster	4.856964003955806e-12	0.09230769230769231	64	4	1-5	0.5253766271756618
ENSG00000168081.9:B2	wild_cluster	2.5162587686088733e-11	0.2727272727272727	32	6	1-5	0.7057898873460832
ENSG00000179981.10:B1	wild_cluster	1.7595820758181114e-60	0.36363636363636365	120	42	>20	0.7719750698474103
ENSG00000179981.10:B2	wild_cluster	1.7003504694947325e-79	0.2017167381974249	232	36	>20	0.6290319858215884
ENSG00000197859.10:B2	wild_cluster	0.2666686162445406	0.7751004016064257	248	5	11-20	1.0
ENSG00000249087.6:B2	wild_cluster	1.0918112645159386e-54	0.14184397163120568	140	21	11-20	0.5692704416030944
ENSG00000039319.17:B1	wild_cluster	7.2717555038264155e-62	0.09302325581395349	42	48	11-20	0.5253766271756618
ENSG00000070010.19:B1	wild_cluster	5.418255637285887e-06	0.65625	31	11	6-10	0.9372073153585758
ENSG00000078808.16:B1	wild_cluster	3.1807305408937206e-104	0.007352941176470588	135	50	>20	0.344655536365381
ENSG00000083828.16:B1	wild_cluster	1.9813695323280224e-16	0.375	255	12	11-20	0.780667357206274
ENSG00000092148.13:B1	wild_cluster	1.0	1.0	8	93	11-20	1.0
ENSG00000102910.13:B1	wild_cluster	1.0	1.0	25	59	11-20	1.0
ENSG00000104267.10:B1	wild_cluster	0.0156718877327372	0.6024390243902439	409	6	11-20	0.9178691678691678
ENSG00000106479.11:B1	wild_cluster	2.901707649544882e-61	0.24324324324324326	221	44	>20	0.6720997920997922
ENSG00000108010.12:B1	wild_cluster	2.455566795336581e-88	0.030303030303030304	32	36	11-20	0.3814378252097271
ENSG00000111142.14:B1	wild_cluster	1.984303711030531e-74	0.16058394160583941	136	49	>20	0.5846354166666666
ENSG00000113734.17:B1	wild_cluster	0.0577964835469391	0.47651006711409394	297	2	11-20	0.8575271348065258
ENSG00000115241.11:B1	wild_cluster	1.3768323839023916e-41	0.44642857142857145	55	34	11-20	0.8386879856545129
ENSG00000116260.17:B1	wild_cluster	3.976630632979577e-37	0.39285714285714285	27	30	11-20	0.787468112244898
ENSG00000117528.13:B1	wild_cluster	0.0001364405416595	0.4885057471264368	173	9	11-20	0.8660624636685516
ENSG00000119401.10:B1	wild_cluster	1.1327460839085391e-55	0.1518987341772152	78	27	11-20	0.5753091165353322
ENSG00000120742.11:B1	wild_cluster	5.272951134333935e-89	0.1072961373390558	232	36	>20	0.5573961283314582
ENSG00000122674.11:B1	wild_cluster	3.2260294137979813e-19	0.7692307692307693	129	43	>20	1.0
ENSG00000124664.11:B1	wild_cluster	0.8419511815878349	0.9171270718232044	180	3	11-20	1.0
ENSG00000126464.14:B1	wild_cluster	9.711382630550386e-50	0.37	99	48	>20	0.7774891774891775
ENSG00000128791.12:B1	wild_cluster	0.9993253656783604	1.0	248	5	11-20	1.0
ENSG00000131791.8:B1	wild_cluster	1.0608408261547147e-70	0.06306306306306306	110	26	>20	0.4748810153358012
ENSG00000134375.11:B1	wild_cluster	8.690404933226014e-17	0.3515625	255	12	11-20	0.7609161922414934
ENSG00000135502.17:B1	wild_cluster	1.0	1.0	81	57	>20	1.0
ENSG00000136261.15:B1	wild_cluster	8.45062810805277e-23	0.6864406779661016	117	26	11-20	0.9527414664815445
ENSG00000137266.14:B1	wild_cluster	4.307700103341869e-62	0.1	9	88	11-20	0.5484613577636833
ENSG00000139496.16:B1	wild_cluster	2.5321258311768123e-66	0.16666666666666666	5	112	11-20	0.5846354166666666
ENSG00000140950.16:B1	wild_cluster	1.5318039936637054e-52	0.25316455696202533	78	27	11-20	0.6847643739515022
ENSG00000142541.17:B1	wild_cluster	5.34841803601624e-85	0.07692307692307693	12	58	11-20	0.4935760906904844
ENSG00000144712.12:B1	wild_cluster	1.2077900902705876e-86	0.125	7	62	>20	0.5640703517587939
ENSG00000146006.8:B1	wild_cluster	9.282926207189184e-59	0.2	219	45	>20	0.627972027972028
ENSG00000147684.9:B1	wild_cluster	3.802673636211709e-27	0.5454545454545454	21	23	11-20	0.8973757386166147
ENSG00000149313.11:B1	wild_cluster	8.598722058373511e-48	0.630901287553648	232	36	>20	0.9246837305089733
ENSG00000152784.15:B1	wild_cluster	3.3012198931480416e-85	0.038461538461538464	129	43	>20	0.4157407407407407
ENSG00000154545.16:B1	wild_cluster	4.794551864377785e-68	0.15384615384615385	12	77	>20	0.5753091165353322
ENSG00000157782.9:B1	wild_cluster	1.1550210319912982e-27	0.689795918367347	244	40	>20	0.9531544424567681
ENSG00000159346.13:B1	wild_cluster	9.71685514711214e-49	0.38738738738738737	110	26	>20	0.7844935844935845
ENSG00000163935.14:B1	wild_cluster	1.7528361838660026e-12	0.6210526315789474	94	16	11-20	0.9246837305089733
ENSG00000165417.12:B1	wild_cluster	2.163914708884625e-05	0.7368421052631579	56	13	>20	0.9965123652504755
ENSG00000166257.8:B1	wild_cluster	1.0	1.0	3	91	>20	1.0
ENSG00000169118.18:B1	wild_cluster	8.465616457687662e-75	0.020833333333333332	47	49	11-20	0.3668300653594771
ENSG00000170324.21:B1	wild_cluster	1.5708953511207284e-26	0.1276595744680851	46	24	6-10	0.5674402573529411
ENSG00000171488.15:B1	wild_cluster	2.3264486816237017e-58	0.0851063829787234	140	21	11-20	0.5104909560723514
ENSG00000175416.13:B1	wild_cluster	2.3379605079766797e-92	0.013636363636363636	219	45	>20	0.34485407066052226
ENSG00000177034.16:B1	wild_cluster	2.42851529504389e-08	0.48947368421052634	189	19	>20	0.8660624636685516
ENSG00000180777.13:B1	wild_cluster	1.0357298651845875e-46	0.6712328767123288	72	32	>20	0.9447760553098294
ENSG00000183780.13:B1	wild_cluster	1.317465158199871e-60	0.06230529595015576	320	18	>20	0.4748810153358012
ENSG00000185129.6:B1	wild_cluster	1.0	1.0	107	54	>20	1.0
ENSG00000186376.15:B1	wild_cluster	3.51764762756673e-28	0.24324324324324326	184	18	11-20	0.6720997920997922
ENSG00000196110.7:B1	wild_cluster	0.3875133368458656	0.5918367346938775	293	2	6-10	0.9178691678691678
ENSG00000196850.6:B1	wild_cluster	3.1082146611814056e-41	0.0048543689320388345	205	12	>20	0.344655536365381
ENSG00000198721.12:B1	wild_cluster	1.0801143037769871e-22	0.06341463414634146	409	6	11-20	0.4748810153358012
ENSG00000204178.11:B1	wild_cluster	1.4150172993600952e-18	0.8653061224489796	244	40	>20	1.0
ENSG00000205795.4:B1	wild_cluster	2.5610037264786443e-18	0.3051948051948052	153	6	>20	0.7288961038961039
ENSG00000224531.6:B1	wild_cluster	0.0	0.1111111111111111	89	3	>20	0.5590265987549519
ENSG00000228495.1:B1	wild_cluster	0.5260844367080169	0.8108108108108109	36	19	11-20	1.0
ENSG00000233382.7:B1	wild_cluster	1.0491297037373752e-16	0.1111111111111111	8	10	1-5	0.5590265987549519
ENSG00000237836.5:B1	wild_cluster	2.4639611046238234e-78	0.03076923076923077	64	1	1-5	0.3814378252097271
ENSG00000244038.9:B1	wild_cluster	9.27574060955988e-69	0.00390625	255	12	11-20	0.344655536365381
ENSG00000250303.3:B1	wild_cluster	0.0038750619196261	0.26666666666666666	164	4	6-10	0.696124031007752
ENSG00000256053.7:B1	wild_cluster	5.4963545292714476e-40	0.6071428571428571	27	34	>20	0.9178691678691678
ENSG00000261227.2:B1	wild_cluster	5.792258161605246e-26	0.0055248618784530384	180	3	11-20	0.344655536365381
ENSG00000269604.1:B1	wild_cluster	0.085236050629162	0.3028169014084507	283	1	6-10	0.727084431724034
ENSG00000281005.1:B1	wild_cluster	6.364676950059334e-269	0.13306451612903225	247	1	11-20	0.5690092165898617
ENSG00000119408.16:B2	wild_cluster	0.0360536136135451	0.7433628318584071	112	9	>20	1.0
ENSG00000179304.16:B2	wild_cluster	2.527192104947481e-35	0.06310679611650485	205	12	>20	0.4748810153358012
ENSG00000075089.9:B1	wild_cluster	1.7646123502410084e-33	0.40425531914893614	140	21	11-20	0.7956821894165871
ENSG00000075089.9:B2	wild_cluster	1.0	1.0	3	33	6-10	1.0
ENSG00000108176.15:B1	wild_cluster	1.2429997947857641e-45	0.015503875968992248	128	16	>20	0.34485407066052226
ENSG00000108176.15:B2	wild_cluster	0.6165993580336074	0.9668508287292817	180	8	>20	1.0
ENSG00000126803.9:B2	wild_cluster	7.422310838815993e-190	0.14112903225806453	247	1	11-20	0.5692704416030944
ENSG00000139880.19:B2	wild_cluster	0.5879874153347682	0.8120805369127517	297	2	11-20	1.0
ENSG00000157502.13:B1	wild_cluster	1.062783884242789e-06	0.5339805825242718	205	12	>20	0.8847132160641995
ENSG00000157502.13:B2	wild_cluster	0.0934009913153624	0.7402597402597403	153	6	>20	0.9996289424860854
ENSG00000169084.13:B1	wild_cluster	5.714184422860881e-74	0.13178294573643412	128	39	>20	0.5689475253428742
ENSG00000169084.13_PAR_Y:B1	wild_cluster	5.714184422860881e-74	0.13178294573643412	128	39	>20	0.5689475253428742
ENSG00000181061.13:B1	wild_cluster	7.836700873327954e-19	0.7647058823529411	118	30	>20	1.0
ENSG00000181061.13:B2	wild_cluster	0.0019679908319003	0.7317073170731707	204	10	>20	0.9940592598059111
ENSG00000198315.11:B1	wild_cluster	8.743531151769501e-85	0.007326007326007326	272	38	>20	0.344655536365381
ENSG00000198315.11:B2	wild_cluster	7.701731765288219e-18	0.21052631578947367	189	19	>20	0.6344048039561992
ENSG00000251322.7:B1	wild_cluster	2.6735484182132764e-37	0.22105263157894736	189	24	>20	0.6458108594030924
ENSG00000008300.17:B1	wild_cluster	6.776560295839111e-51	0.3516483516483517	272	38	>20	0.7609161922414934
ENSG00000020256.20:B1	wild_cluster	3.714377657411113e-44	0.15384615384615385	51	25	11-20	0.5753091165353322
ENSG00000041802.11:B1	wild_cluster	1.954858445591217e-53	0.07258064516129033	123	20	11-20	0.4917083854818523
ENSG00000065457.10:B1	wild_cluster	5.467676620333795e-49	0.20833333333333334	23	22	11-20	0.634180790960452
ENSG00000070367.16:B1	wild_cluster	1.0	1.0	38	63	>20	1.0
ENSG00000079313.15:B1	wild_cluster	4.051988331557843e-123	0.015873015873015872	62	56	>20	0.34485407066052226
ENSG00000092445.12:B1	wild_cluster	1.504769538017177e-100	0.024691358024691357	80	55	>20	0.3814378252097271
ENSG00000101463.6:B1	wild_cluster	1.7476694356168957e-37	0.016574585635359115	180	8	>20	0.3461390209430811
ENSG00000104361.10:B1	wild_cluster	2.892560459728545e-106	0.008264462809917356	120	42	>20	0.344655536365381
ENSG00000106588.11:B1	wild_cluster	4.862027244920405e-08	0.5700934579439252	106	14	>20	0.9178691678691678
ENSG00000109758.8:B1	wild_cluster	0.2147185540147728	0.6	89	3	>20	0.9178691678691678
ENSG00000111237.18:B1	wild_cluster	2.0158140783351207e-53	0.14705882352941177	33	46	11-20	0.5753091165353322
ENSG00000112308.13:B1	wild_cluster	6.160881554183861e-15	0.3	189	19	>20	0.7241935483870967
ENSG00000113838.13:B1	wild_cluster	8.488140252239024e-21	0.24210526315789474	94	16	11-20	0.6720997920997922
ENSG00000115310.18:B1	wild_cluster	3.589913338877481e-53	0.5555555555555556	35	59	>20	0.9037842190016103
ENSG00000120832.10:B1	wild_cluster	2.7627874201096497e-05	0.828125	255	12	11-20	1.0
ENSG00000122756.15:B1	wild_cluster	3.7024549582548745e-83	0.1630901287553648	232	36	>20	0.5846354166666666
ENSG00000124785.9:B1	wild_cluster	2.3465245619988747e-37	0.5961538461538461	51	28	>20	0.9178691678691678
ENSG00000126709.15:B1	wild_cluster	4.014353403457153e-21	0.2903225806451613	30	11	11-20	0.7142730888201504
ENSG00000128908.16:B1	wild_cluster	1.2924986769523256e-59	0.14285714285714285	6	114	>20	0.5692704416030944
ENSG00000130584.11:B1	wild_cluster	1.5692426331593995e-39	0.16393442622950818	243	20	>20	0.5846354166666666
ENSG00000135541.21:B1	wild_cluster	1.0	1.0	16	61	>20	1.0
ENSG00000136381.13:B1	wild_cluster	2.713347507869853e-62	0.25	11	108	>20	0.6782477341389728
ENSG00000138400.13:B1	wild_cluster	0.4673192687447446	0.6564625850340136	293	2	6-10	0.9372073153585758
ENSG00000141101.13:B1	wild_cluster	1.7606691996163813e-14	0.3023255813953488	42	10	6-10	0.727084431724034
ENSG00000142669.15:B1	wild_cluster	2.4940362021053185e-05	0.33170731707317075	409	6	11-20	0.7372742200328407
ENSG00000146147.15:B1	wild_cluster	1.5516472440697751e-06	0.7286821705426356	128	16	>20	0.9929538530307841
ENSG00000149503.13:B1	wild_cluster	9.37177052191804e-51	0.3553113553113553	272	38	>20	0.7651549090398011
ENSG00000151500.15:B1	wild_cluster	1.730361477149994e-103	0.007751937984496124	128	39	>20	0.344655536365381
ENSG00000152944.9:B1	wild_cluster	3.127696415132347e-40	0.3150684931506849	72	33	11-20	0.7372742200328407
ENSG00000154719.13:B1	wild_cluster	0.2181962458840397	0.8246753246753247	153	6	>20	1.0
ENSG00000159450.12:B1	wild_cluster	0.3587354333944186	0.5316901408450704	283	1	6-10	0.8825751769532483
ENSG00000162604.12:B1	wild_cluster	2.807073836120767e-83	0.08823529411764706	135	50	>20	0.5247370471367355
ENSG00000163444.12:B1	wild_cluster	1.990829323266905e-82	0.03225806451612903	30	31	11-20	0.3914559721011334
ENSG00000164609.10:B1	wild_cluster	5.711774261361688e-38	0.5772727272727273	219	45	>20	0.9178691678691678
ENSG00000165495.16:B1	wild_cluster	1.4684991388194553e-74	0.5	1	135	11-20	0.8684719535783365
ENSG00000166326.7:B1	wild_cluster	1.0	1.0	34	25	>20	1.0
ENSG00000167232.14:B1	wild_cluster	2.627343228253839e-88	0.029940119760479042	166	47	>20	0.3814378252097271
ENSG00000168255.20:B1	wild_cluster	1.0	1.0	55	28	11-20	1.0
ENSG00000169193.12:B1	wild_cluster	0.1144247409621083	0.8449612403100775	128	3	1-5	1.0
ENSG00000170396.8:B1	wild_cluster	3.1282037576862375e-14	0.22926829268292684	204	10	>20	0.6577707006369428
ENSG00000171533.11:B1	wild_cluster	7.031448515910538e-36	0.6263736263736264	272	38	>20	0.9246837305089733
ENSG00000172766.19:B1	wild_cluster	3.592100830563621e-78	0.1935483870967742	30	65	>20	0.627972027972028
ENSG00000174233.11:B1	wild_cluster	1.0	1.0	52	60	>20	1.0
ENSG00000175550.8:B1	wild_cluster	1.6548796888479275e-28	0.6356589147286822	128	39	>20	0.9246837305089733
ENSG00000177156.11:B1	wild_cluster	2.0333999449208543e-62	0.1978021978021978	90	24	11-20	0.627972027972028
ENSG00000180901.11:B1	wild_cluster	5.393315478986669e-26	0.4166666666666667	23	51	11-20	0.8056545670570548
ENSG00000183876.9:B1	wild_cluster	0.2640944828661264	0.445578231292517	293	2	6-10	0.8386879856545129
ENSG00000185238.13:B1	wild_cluster	5.020119708662491e-41	0.18421052631578946	189	24	>20	0.6093318199763127
ENSG00000196187.12:B1	wild_cluster	3.645519788133511e-32	0.4838709677419355	61	35	11-20	0.8604279782816991
ENSG00000196914.9:B1	wild_cluster	7.257945401049646e-43	0.35036496350364965	136	49	>20	0.7609161922414934
ENSG00000197892.13:B1	wild_cluster	4.571458997817269e-51	0.5965665236051502	232	36	>20	0.9178691678691678
ENSG00000198746.13:B1	wild_cluster	0.4133414703969493	0.7214765100671141	297	2	11-20	0.989138787847738
ENSG00000206052.11:B1	wild_cluster	7.53888186045111e-102	0.015544041450777202	192	46	>20	0.34485407066052226
ENSG00000214960.10:B1	wild_cluster	0.0076096054195285	0.32195121951219513	204	4	11-20	0.7372742200328407
ENSG00000228971.2:B1	wild_cluster	2.6954716540922778e-17	0.5703703703703704	134	10	11-20	0.9178691678691678
ENSG00000233613.5:B1	wild_cluster	0.1227840280815089	0.9073170731707317	204	10	>20	1.0
ENSG00000244560.7:B1	wild_cluster	5.397927364113066e-74	0.005405405405405406	184	18	11-20	0.344655536365381
ENSG00000250742.3:B1	wild_cluster	0.1989195134800615	0.9310344827586207	173	9	11-20	1.0
ENSG00000256315.1:B1	wild_cluster	8.545611862922609e-12	0.689922480620155	128	14	11-20	0.9531544424567681
ENSG00000261377.5:B1	wild_cluster	0.8641379369019068	0.9076923076923077	64	1	1-5	1.0
ENSG00000270069.1:B1	wild_cluster	0.0151914432645783	0.6346153846153846	103	7	>20	0.9246837305089733
ENSG00000283208.2:B1	wild_cluster	2.0398769946450017e-11	0.061224489795918366	293	2	6-10	0.4748810153358012
ENSG00000059769.20:B1	wild_cluster	1.613700042271757e-16	0.09236947791164658	248	5	11-20	0.5253766271756618
ENSG00000059769.20:B2	wild_cluster	6.159568745821207e-32	0.34074074074074073	134	10	11-20	0.7463053297199639
ENSG00000059769.20:B3	wild_cluster	5.8341414096779885e-12	0.10040160642570281	248	5	11-20	0.5484613577636833
ENSG00000123297.18:B2	wild_cluster	0.088727725396316	0.7658536585365854	409	6	11-20	1.0
ENSG00000184887.13:B2	wild_cluster	3.472697500172039e-06	0.3333333333333333	173	9	11-20	0.7372742200328407
ENSG00000080493.17:B1	wild_cluster	1.16983232507825e-102	0.003663003663003663	272	38	>20	0.344655536365381
ENSG00000111880.16:B1	wild_cluster	5.422931758123207e-09	0.5087719298245614	56	13	>20	0.8778710378196899
ENSG00000111880.16:B3	wild_cluster	4.919421140088178e-44	0.4594594594594595	110	26	>20	0.8390047206923681
ENSG00000128245.15:B1	wild_cluster	1.0	1.0	38	63	>20	1.0
ENSG00000128245.15:B2	wild_cluster	3.219643738663739e-38	0.6363636363636364	120	42	>20	0.9246837305089733
ENSG00000141391.14:B1	wild_cluster	0.0471612149369793	0.9693877551020408	97	15	>20	1.0
ENSG00000141391.14:B2	wild_cluster	0.1880432029968927	0.7346938775510204	48	5	>20	0.9965123652504755
ENSG00000158828.8:B1	wild_cluster	7.675611418377242e-65	0.11475409836065574	243	20	>20	0.5590265987549519
ENSG00000158828.8:B2	wild_cluster	0.0004121559947925	0.6829268292682927	204	10	>20	0.9508035545471736
ENSG00000169884.14:B1	wild_cluster	1.0	1.0	81	37	>20	1.0
ENSG00000169884.14:B2	wild_cluster	5.9773518698775516e-77	0.1276595744680851	93	27	>20	0.5674402573529411
ENSG00000182362.14:B1	wild_cluster	0.0085187656008825	0.3090909090909091	164	4	6-10	0.7342953342953343
ENSG00000182362.14:B2	wild_cluster	0.3021764760896728	0.8707317073170732	409	6	11-20	1.0
ENSG00000198932.13:B1	wild_cluster	5.606810282436336e-107	0.009259259259259259	107	54	>20	0.344655536365381
ENSG00000198932.13:B2	wild_cluster	5.7848209057853135e-28	0.6816326530612244	244	40	>20	0.9508035545471736
ENSG00000260083.1:B1	wild_cluster	4.1222779445029406e-78	0.018691588785046728	106	14	>20	0.3648923201950426
ENSG00000260083.1:B2	wild_cluster	1.9138311119648714e-41	0.019230769230769232	103	7	>20	0.3665306122448979
ENSG00000008952.17:B1	wild_cluster	2.4363280787796358e-28	0.6326530612244898	48	47	11-20	0.9246837305089733
ENSG00000022567.9:B1	wild_cluster	1.0	1.0	192	46	>20	1.0
ENSG00000043093.14:B1	wild_cluster	7.376276474899883e-77	0.12408759124087591	136	49	>20	0.5640703517587939
ENSG00000057294.14:B1	wild_cluster	2.2527293532667183e-05	0.39779005524861877	180	8	>20	0.7920520390537907
ENSG00000070614.15:B1	wild_cluster	6.324692602008619e-13	0.5588235294117647	33	46	11-20	0.9074566535474949
ENSG00000079739.17:B1	wild_cluster	6.161266273799761e-08	0.6060606060606061	32	8	6-10	0.9178691678691678
ENSG00000084676.15:B1	wild_cluster	1.0	1.0	25	84	>20	1.0
ENSG00000089048.14:B1	wild_cluster	4.433510831574394e-09	0.4519774011299435	176	22	>20	0.8390047206923681
ENSG00000092969.12:B1	wild_cluster	0.5887217769057937	0.8634146341463415	204	4	11-20	1.0
ENSG00000100095.19:B1	wild_cluster	1.9648667191974359e-78	0.06451612903225806	30	94	>20	0.4748810153358012
ENSG00000104472.10:B1	wild_cluster	0.0005283343233511	0.1054421768707483	293	2	6-10	0.5573961283314582
ENSG00000106636.8:B1	wild_cluster	3.0898383340031875e-116	0.004081632653061225	244	40	>20	0.344655536365381
ENSG00000108349.17:B1	wild_cluster	3.7421929799547014e-09	0.7305699481865285	192	46	>20	0.9940178991992464
ENSG00000109881.17:B1	wild_cluster	1.6725188743892033e-30	0.19626168224299065	320	18	>20	0.627972027972028
ENSG00000111275.13:B1	wild_cluster	0.0572663619438438	0.5193370165745856	180	3	11-20	0.8778710378196899
ENSG00000114030.13:B1	wild_cluster	6.929269901776078e-35	0.6363636363636364	219	45	>20	0.9246837305089733
ENSG00000115419.12:B1	wild_cluster	4.1039237536117255e-61	0.38461538461538464	12	87	>20	0.7844935844935845
ENSG00000116514.16:B2	wild_cluster	5.4950093156644e-10	0.17670682730923695	248	5	11-20	0.6010709504685409
ENSG00000119638.13:B1	wild_cluster	1.0	1.0	4	81	>20	1.0
ENSG00000120907.17:B1	wild_cluster	1.0	1.0	21	55	11-20	1.0
ENSG00000122958.15:B1	wild_cluster	1.1849336775434263e-34	0.8292682926829268	81	37	>20	1.0
ENSG00000125037.12:B1	wild_cluster	0.9083127720911904	0.9455782312925171	293	2	6-10	1.0
ENSG00000129055.12:B1	wild_cluster	3.1822982671514886e-06	0.762962962962963	134	10	11-20	1.0
ENSG00000132128.16:B1	wild_cluster	2.803523162418039e-63	0.18181818181818182	10	90	>20	0.6093318199763127
ENSG00000133138.20:B1	wild_cluster	0.0007065902246175	0.3230769230769231	64	4	1-5	0.7372742200328407
ENSG00000134627.12:B1	wild_cluster	0.0006104234227497	0.4583333333333333	23	8	1-5	0.8390047206923681
ENSG00000135637.13:B1	wild_cluster	2.2078824183730398e-75	0.027777777777777776	35	44	11-20	0.3814378252097271
ENSG00000136485.15:B1	wild_cluster	5.343954063357938e-12	0.6756756756756757	184	18	11-20	0.9480574324324325
ENSG00000137500.9:B1	wild_cluster	1.7706589098023037e-48	0.2222222222222222	35	44	11-20	0.6458108594030924
ENSG00000138459.9:B1	wild_cluster	1.978168968975797e-33	0.047619047619047616	20	13	6-10	0.459805427547363
ENSG00000139668.9:B1	wild_cluster	1.7614597834475596e-79	0.20600858369098712	232	36	>20	0.6335469457346111
ENSG00000141338.14:B1	wild_cluster	1.593203084424128e-05	0.2948717948717949	77	6	6-10	0.7215119122476071
ENSG00000142871.17:B1	wild_cluster	1.668860928768282e-05	0.2891566265060241	248	5	11-20	0.7142730888201504
ENSG00000144848.10:B1	wild_cluster	2.830232183231129e-23	0.12890625	255	12	11-20	0.5674402573529411
ENSG00000146282.18:B1	wild_cluster	1.0	1.0	128	39	>20	1.0
ENSG00000148110.15:B1	wild_cluster	0.227581750133006	0.8463414634146341	409	6	11-20	1.0
ENSG00000149654.9:B1	wild_cluster	5.497057765510239e-17	0.1941747572815534	205	12	>20	0.627972027972028
ENSG00000153037.14:B1	wild_cluster	1.0	1.0	32	57	11-20	1.0
ENSG00000154813.10:B1	wild_cluster	0.0029867740126827	0.2545454545454545	164	4	6-10	0.6857341200971885
ENSG00000156467.9:B1	wild_cluster	1.3499829063981645e-79	0.014652014652014652	272	38	>20	0.34485407066052226
ENSG00000158023.10:B1	wild_cluster	1.0	1.0	30	45	11-20	1.0
ENSG00000162650.16:B1	wild_cluster	6.304910233438798e-14	0.6210526315789474	189	24	>20	0.9246837305089733
ENSG00000163491.16:B1	wild_cluster	9.062842710166265e-18	0.8333333333333334	221	44	>20	1.0
ENSG00000164038.15:B1	wild_cluster	1.0	1.0	135	50	>20	1.0
ENSG00000165548.11:B1	wild_cluster	1.0	1.0	23	54	11-20	1.0
ENSG00000166432.15:B1	wild_cluster	1.0	1.0	99	48	>20	1.0
ENSG00000167363.14:B1	wild_cluster	8.684923395815504e-41	0.47346938775510206	244	40	>20	0.8541534559289791
ENSG00000168300.14:B1	wild_cluster	5.437607202525487e-62	0.3333333333333333	17	83	>20	0.7372742200328407
ENSG00000171649.12:B1	wild_cluster	3.22737504862244e-10	0.10077519379844961	128	3	1-5	0.5484613577636833
ENSG00000178996.14:B1	wild_cluster	0.9944982993263346	1.0	283	1	6-10	1.0
ENSG00000185344.14:B1	wild_cluster	1.03530541517856e-85	0.053061224489795916	244	40	>20	0.47177207516670033
ENSG00000186591.12:B1	wild_cluster	1.0651472817746308e-42	0.6	4	125	11-20	0.9178691678691678
ENSG00000188419.14:B1	wild_cluster	1.0	1.0	81	57	>20	1.0
ENSG00000196967.10:B2	wild_cluster	9.639830783654456e-15	0.3	189	19	>20	0.7241935483870967
ENSG00000197965.12:B1	wild_cluster	2.4434266231447513e-69	0.02531645569620253	78	27	11-20	0.3814378252097271
ENSG00000204301.6:B1	wild_cluster	1.724354172358663e-09	0.12121212121212122	164	4	6-10	0.5640703517587939
ENSG00000206527.10:B1	wild_cluster	1.8763609365288344e-22	0.26479750778816197	320	18	>20	0.6945915392396026
ENSG00000225151.10:B1	wild_cluster	1.0	1.0	204	10	>20	1.0
ENSG00000229689.3:B1	wild_cluster	2.7929181952265426e-07	0.281767955801105	180	8	>20	0.7127538712940628
ENSG00000233930.3:B1	wild_cluster	1.2233439020859434e-97	0.009615384615384616	103	51	>20	0.344655536365381
ENSG00000239407.5:B1	wild_cluster	0.1240174530653018	0.7975609756097561	409	6	11-20	1.0
ENSG00000245149.3:B1	wild_cluster	1.789029850568284e-61	0.02040816326530612	48	5	>20	0.3665306122448979
ENSG00000251011.5:B1	wild_cluster	0.1941492235439434	0.8367346938775511	48	11	>20	1.0
ENSG00000262096.2:B1	wild_cluster	0.1748406730000667	0.40492957746478875	283	1	6-10	0.7956821894165871
ENSG00000270885.1:B1	wild_cluster	5.101699908397596e-30	0.06827309236947791	248	5	11-20	0.48379610443431414
ENSG00000284052.1:B1	wild_cluster	8.947903906793989e-11	0.59375	255	12	11-20	0.9178691678691678
ENSG00000073169.14:B1	wild_cluster	1.0137823026802889e-56	0.022598870056497175	176	22	>20	0.3753396029258098
ENSG00000073169.14:B2	wild_cluster	5.316654335699787e-44	0.04081632653061224	48	11	>20	0.4157407407407407
ENSG00000073169.14:B3	wild_cluster	2.8486401024360686e-09	0.35064935064935066	153	6	>20	0.7609161922414934
ENSG00000129646.14:B2	wild_cluster	4.553382590198365e-24	0.3401639344262295	243	20	>20	0.7463053297199639
ENSG00000129646.14:B3	wild_cluster	3.1933919624929376e-105	0.06147540983606557	243	20	>20	0.4748810153358012
ENSG00000186416.14:B2	wild_cluster	1.6002980497180374e-22	0.027624309392265192	180	8	>20	0.3814378252097271
ENSG00000086827.9:B1	wild_cluster	1.136289815890828e-05	0.7674418604651163	128	16	>20	1.0
ENSG00000086827.9:B2	wild_cluster	0.0643105593309155	0.7955801104972375	180	8	>20	1.0
ENSG00000114383.10:B1	wild_cluster	7.768148248277471e-17	0.3125	31	11	6-10	0.7372742200328407
ENSG00000114383.10:B2	wild_cluster	5.697820363547297e-56	0.25806451612903225	30	11	11-20	0.6897081413210445
ENSG00000128694.12:B1	wild_cluster	1.2705160721137177e-22	0.3684210526315789	18	32	6-10	0.7774891774891775
ENSG00000128694.12:B2	wild_cluster	0.0695969584812434	0.8587570621468926	176	8	11-20	1.0
ENSG00000142867.13:B1	wild_cluster	0.0012311632002018	0.603448275862069	173	9	11-20	0.9178691678691678
ENSG00000142867.13:B2	wild_cluster	0.7381046320985767	0.9560975609756097	409	6	11-20	1.0
ENSG00000160131.13:B1	wild_cluster	1.2250138543450197e-61	0.2605042016806723	118	30	>20	0.6941625314814354
ENSG00000160131.13:B2	wild_cluster	5.101359063222189e-55	0.01020408163265306	97	15	>20	0.344655536365381
ENSG00000170537.13:B1	wild_cluster	5.521001970679366e-06	0.5271317829457365	128	3	1-5	0.878226977894752
ENSG00000170537.13:B2	wild_cluster	0.0001750513289344	0.40816326530612246	48	2	1-5	0.7985416388777733
ENSG00000204386.10:B1	wild_cluster	6.067680013267861e-27	0.26356589147286824	128	14	11-20	0.6945915392396026
ENSG00000204386.10:B5	wild_cluster	0.2224765040074938	0.9625	79	7	11-20	1.0
ENSG00000266412.5:B2	wild_cluster	2.145503071384479e-29	0.2903225806451613	30	11	11-20	0.7142730888201504
ENSG00000009954.11:B1	wild_cluster	1.0	1.0	135	50	>20	1.0
ENSG00000023909.10:B1	wild_cluster	1.6380485896312531e-80	0.012658227848101266	78	27	11-20	0.34485407066052226
ENSG00000044524.11:B1	wild_cluster	0.0040958779114393	0.6609195402298851	173	9	11-20	0.9379447207969396
ENSG00000058056.9:B1	wild_cluster	7.84023587657442e-73	0.006493506493506494	153	6	>20	0.344655536365381
ENSG00000070831.16:B1	wild_cluster	5.475797327297612e-35	0.5233160621761658	192	46	>20	0.8779329608938549
ENSG00000080224.17:B1	wild_cluster	3.01368494134683e-59	0.281437125748503	166	47	>20	0.7127538712940628
ENSG00000085365.18:B1	wild_cluster	2.5362950309573848e-48	0.28125	31	43	11-20	0.7127538712940628
ENSG00000089248.7:B1	wild_cluster	1.6112865067336291e-81	0.041666666666666664	23	42	11-20	0.4157407407407407
ENSG00000094841.14:B1	wild_cluster	5.053404511915069e-12	0.5	1	18	1-5	0.8684719535783365
ENSG00000103150.6:B1	wild_cluster	8.983326971822352e-09	0.37142857142857144	34	25	>20	0.7774891774891775
ENSG00000104671.8:B1	wild_cluster	0.0001292725279182	0.2	204	4	11-20	0.627972027972028
ENSG00000105675.8:B1	wild_cluster	0.860676294429781	0.9395973154362416	297	2	11-20	1.0
ENSG00000106723.17:B1	wild_cluster	3.870225752992722e-53	0.4153846153846154	129	43	>20	0.8056487788669214
ENSG00000109956.13:B1	wild_cluster	9.095421215826748e-86	0.0743801652892562	120	42	>20	0.4917083854818523
ENSG00000111371.15:B1	wild_cluster	3.170563791877104e-85	0.125	7	62	>20	0.5640703517587939
ENSG00000116661.11:B1	wild_cluster	1.2198554361187783e-79	0.1509433962264151	52	60	>20	0.5753091165353322
ENSG00000117877.10:B1	wild_cluster	3.146216068613258e-09	0.5193798449612403	128	16	>20	0.8778710378196899
ENSG00000121060.18:B1	wild_cluster	1.0	1.0	4	54	1-5	1.0
ENSG00000125351.11:B1	wild_cluster	9.000414672683228e-53	0.25	3	23	>20	0.6782477341389728
ENSG00000129194.7:B1	wild_cluster	0.6469117111481683	0.7993197278911565	293	2	6-10	1.0
ENSG00000130724.8:B1	wild_cluster	4.5629598094752944e-35	0.13580246913580246	80	21	>20	0.5692704416030944
ENSG00000134748.13:B1	wild_cluster	4.18462833690726e-09	0.4631578947368421	189	19	>20	0.8421510098584141
ENSG00000135698.10:B1	wild_cluster	1.0	1.0	232	36	>20	1.0
ENSG00000137575.12:B1	wild_cluster	5.017725084258815e-25	0.75	51	25	11-20	1.0
ENSG00000139793.18:B1	wild_cluster	2.9437095990643014e-50	0.04519774011299435	176	22	>20	0.4460172595765816
ENSG00000145016.16:B1	wild_cluster	3.5444981268062e-39	0.18181818181818182	10	90	>20	0.6093318199763127
ENSG00000146425.11:B1	wild_cluster	1.704719430983268e-05	0.3170731707317073	409	6	11-20	0.7372742200328407
ENSG00000148219.16:B1	wild_cluster	1.0	1.0	88	52	>20	1.0
ENSG00000151692.15:B1	wild_cluster	1.0	1.0	136	49	>20	1.0
ENSG00000154957.14:B1	wild_cluster	9.582297430339482e-15	0.453125	255	12	11-20	0.8390047206923681
ENSG00000156508.18:B1	wild_cluster	1.0	1.0	47	49	11-20	1.0
ENSG00000158186.13:B1	wild_cluster	4.126918411306779e-97	0.018518518518518517	107	54	>20	0.3648923201950426
ENSG00000163531.15:B1	wild_cluster	1.1201707824565052e-92	0.07692307692307693	12	77	>20	0.4935760906904844
ENSG00000164070.12:B1	wild_cluster	3.826055868866226e-09	0.5983606557377049	243	20	>20	0.9178691678691678
ENSG00000164715.6:B1	wild_cluster	5.795247151581613e-29	0.25	243	20	>20	0.6782477341389728
ENSG00000165661.16:B1	wild_cluster	0.0121516493666522	0.6060606060606061	32	1	>20	0.9178691678691678
ENSG00000166454.10:B1	wild_cluster	1.0	1.0	107	54	>20	1.0
ENSG00000168395.15:B1	wild_cluster	1.0	1.0	62	56	>20	1.0
ENSG00000170571.12:B1	wild_cluster	0.0896463020084267	0.8875	79	7	11-20	1.0
ENSG00000172940.12:B1	wild_cluster	0.0109260877893303	0.49230769230769234	64	4	1-5	0.8684719535783365
ENSG00000175806.15:B1	wild_cluster	1.0	1.0	25	76	>20	1.0
ENSG00000177463.15:B1	wild_cluster	4.2096264577335305e-53	0.2857142857142857	20	63	11-20	0.7142730888201504
ENSG00000179115.11:B1	wild_cluster	5.476978138876068e-67	0.05263157894736842	18	65	11-20	0.47177207516670033
ENSG00000181222.15:B1	wild_cluster	1.148528755790848e-23	0.6323529411764706	135	50	>20	0.9246837305089733
ENSG00000182899.16:B1	wild_cluster	1.0	1.0	12	58	11-20	1.0
ENSG00000184203.8:B1	wild_cluster	9.148175242269083e-56	0.5536480686695279	232	36	>20	0.9037782544134632
ENSG00000185436.12:B1	wild_cluster	1.345266261545558e-61	0.16666666666666666	11	29	>20	0.5846354166666666
ENSG00000186812.13:B1	wild_cluster	1.0	1.0	20	63	11-20	1.0
ENSG00000188585.9:B1	wild_cluster	9.500389419131513e-14	0.07339449541284404	108	3	6-10	0.4917083854818523
ENSG00000196277.16:B1	wild_cluster	1.0	1.0	10	90	>20	1.0
ENSG00000197020.11:B1	wild_cluster	3.970996127779448e-16	0.0975609756097561	409	6	11-20	0.5408009635651913
ENSG00000198046.12:B1	wild_cluster	2.41322086400566e-59	0.3333333333333333	5	95	>20	0.7372742200328407
ENSG00000198818.10:B1	wild_cluster	0.0048121223591007	0.5146341463414634	409	6	11-20	0.8778710378196899
ENSG00000204371.11:B1	wild_cluster	1.0	1.0	2	114	11-20	1.0
ENSG00000215305.10:B1	wild_cluster	1.5696669823118222e-82	0.02702702702702703	221	44	>20	0.3814378252097271
ENSG00000225361.3:B1	wild_cluster	1.9394198222574592e-30	0.02040816326530612	97	15	>20	0.3665306122448979
ENSG00000229852.2:B1	wild_cluster	1.2651152733862373e-17	0.8067226890756303	118	30	>20	1.0
ENSG00000239911.2:B1	wild_cluster	2.1516068389838764e-23	0.08032128514056225	248	5	11-20	0.5021435228331781
ENSG00000245958.6:B1	wild_cluster	2.683913153041717e-43	0.4430379746835443	78	27	11-20	0.8358153387937454
ENSG00000251287.8:B1	wild_cluster	7.76849430820826e-23	0.625	23	22	11-20	0.9246837305089733
ENSG00000257501.6:B1	wild_cluster	0.3254543350259972	0.9302325581395349	128	3	1-5	1.0
ENSG00000262879.5:B1	wild_cluster	0.6141093803790626	0.8606060606060606	164	4	6-10	1.0
ENSG00000272288.5:B1	wild_cluster	0.0462005770655396	0.20408163265306123	293	2	6-10	0.6297776842695841
ENSG00000284642.1:B1	wild_cluster	9.42121404712502e-16	0.21359223300970873	205	12	>20	0.6393527508090615
ENSG00000099219.14:B1	wild_cluster	4.789648902577706e-63	0.1978021978021978	90	24	11-20	0.627972027972028
ENSG00000099219.14:B2	wild_cluster	3.8407095204452703e-38	0.041463414634146344	409	6	11-20	0.4157407407407407
ENSG00000099219.14:B3	wild_cluster	2.15767419710191e-09	0.2768361581920904	176	8	11-20	0.7125757662670413
ENSG00000136933.16:B1	wild_cluster	1.978552439532287e-40	0.022988505747126436	173	9	11-20	0.3753396029258098
ENSG00000136933.16:B2	wild_cluster	9.343409043682855e-06	0.2983425414364641	180	3	11-20	0.7241935483870967
ENSG00000136933.16:B3	wild_cluster	2.8108895037400728e-11	0.14390243902439023	409	6	11-20	0.5692704416030944
ENSG00000197177.15:B1	wild_cluster	5.1660364985871966e-34	0.6	244	40	>20	0.9178691678691678
ENSG00000197177.15:B2	wild_cluster	1.552234802002377e-25	0.29918032786885246	243	20	>20	0.7241935483870967
ENSG00000197177.15:B3	wild_cluster	6.342872876789293e-06	0.7090163934426229	243	20	>20	0.976528713667907
ENSG00000095713.14:B2	wild_cluster	0.0003713690759239	0.525	79	7	11-20	0.8779329608938549
ENSG00000115593.15:B1	wild_cluster	5.598908415564331e-20	0.01020408163265306	293	2	6-10	0.344655536365381
ENSG00000143756.12:B1	wild_cluster	0.0639259444689416	0.8141592920353983	112	9	>20	1.0
ENSG00000143756.12:B2	wild_cluster	1.4480835612037488e-39	0.14330218068535824	320	18	>20	0.5692704416030944
ENSG00000160948.14:B1	wild_cluster	1.0	1.0	33	53	11-20	1.0
ENSG00000160948.14:B2	wild_cluster	1.5915751607207189e-84	0.047619047619047616	20	75	>20	0.459805427547363
ENSG00000171135.14:B2	wild_cluster	0.4076771845029844	0.5669014084507042	283	1	6-10	0.91668286992028
ENSG00000184900.15:B1	wild_cluster	7.217153510512304e-54	0.11578947368421053	189	24	>20	0.5590265987549519
ENSG00000184900.15:B2	wild_cluster	1.2063972252383536e-81	0.18454935622317598	232	36	>20	0.6093318199763127
ENSG00000205363.5:B1	wild_cluster	1.4848463572980278e-49	0.21052631578947367	37	29	11-20	0.6344048039561992
ENSG00000205363.5:B2	wild_cluster	5.258081248867826e-39	0.09268292682926829	204	10	>20	0.5253766271756618
ENSG00000273899.5:B1	wild_cluster	1.0932677166260498e-99	0.005263157894736842	189	24	>20	0.344655536365381
ENSG00000273899.5:B2	wild_cluster	2.895494483876664e-105	0.0136986301369863	72	32	>20	0.34485407066052226
ENSG00000025796.14:B1	wild_cluster	1.0	1.0	99	48	>20	1.0
ENSG00000047365.12:B1	wild_cluster	1.0	1.0	4	146	>20	1.0
ENSG00000058673.16:B1	wild_cluster	1.0	1.0	46	52	11-20	1.0
ENSG00000071205.11:B1	wild_cluster	1.0228616509785067e-62	0.40404040404040403	98	35	>20	0.7956821894165871
ENSG00000075826.17:B1	wild_cluster	2.109858542618304e-60	0.2222222222222222	26	72	>20	0.6458108594030924
ENSG00000089682.16:B1	wild_cluster	6.257626789318992e-15	0.6592592592592592	134	10	11-20	0.9379447207969396
ENSG00000095261.14:B1	wild_cluster	1.2583053004667644e-14	0.15254237288135594	176	8	11-20	0.5753091165353322
ENSG00000100207.18:B1	wild_cluster	1.0	1.0	221	44	>20	1.0
ENSG00000100804.18:B1	wild_cluster	3.492046636441012e-15	0.5891472868217055	128	14	11-20	0.9178691678691678
ENSG00000104805.16:B1	wild_cluster	1.0	1.0	11	100	11-20	1.0
ENSG00000106853.20:B1	wild_cluster	3.758299088645009e-70	0.007751937984496124	128	14	11-20	0.344655536365381
ENSG00000110060.9:B1	wild_cluster	0.117727878664674	0.6055045871559633	108	3	6-10	0.9178691678691678
ENSG00000115561.16:B1	wild_cluster	4.660895619328319e-53	0.3048780487804878	81	57	>20	0.7288961038961039
ENSG00000116703.13:B1	wild_cluster	6.755825707417491e-06	0.3790322580645161	247	1	11-20	0.780667357206274
ENSG00000123240.17:B1	wild_cluster	1.982515750779382e-34	0.6611570247933884	120	42	>20	0.9379447207969396
ENSG00000125484.12:B1	wild_cluster	7.741106111042268e-06	0.8061224489795918	97	15	>20	1.0
ENSG00000130783.13:B1	wild_cluster	1.2360020696378745e-29	0.21052631578947367	18	16	6-10	0.6344048039561992
ENSG00000132326.12:B1	wild_cluster	0.8539152243292236	0.9518072289156626	248	5	11-20	1.0
ENSG00000134851.13:B1	wild_cluster	9.596437024537613e-59	0.030303030303030304	32	36	11-20	0.3814378252097271
ENSG00000135766.8:B1	wild_cluster	1.9067298209246109e-06	0.6105263157894737	189	19	>20	0.9198869657364888
ENSG00000136699.19:B1	wild_cluster	1.0	1.0	21	55	11-20	1.0
ENSG00000138642.14:B1	wild_cluster	8.520502795255108e-67	0.06349206349206349	62	32	11-20	0.4748810153358012
ENSG00000139974.15:B1	wild_cluster	1.0	1.0	36	41	11-20	1.0
ENSG00000143149.12:B1	wild_cluster	1.0	1.0	16	18	6-10	1.0
ENSG00000143921.8:B1	wild_cluster	5.1135032398184244e-08	0.22018348623853212	108	3	6-10	0.6458108594030924
ENSG00000148308.17:B1	wild_cluster	1.0	1.0	49	68	>20	1.0
ENSG00000151779.13:B1	wild_cluster	1.0	1.0	18	113	11-20	1.0
ENSG00000153317.15:B1	wild_cluster	1.3271034013644932e-54	0.4	4	147	>20	0.792935982339956
ENSG00000155090.15:B1	wild_cluster	4.748812792618709e-43	0.041463414634146344	409	6	11-20	0.4157407407407407
ENSG00000156671.14:B1	wild_cluster	1.1213890264608007e-54	0.32642487046632124	192	46	>20	0.7372742200328407
ENSG00000158301.18:B1	wild_cluster	3.964276301627596e-26	0.6271186440677966	117	26	11-20	0.9246837305089733
ENSG00000160072.19:B1	wild_cluster	1.6821203971188175e-39	0.03875968992248062	128	16	>20	0.4157407407407407
ENSG00000163596.16:B1	wild_cluster	1.0146984832690943e-93	0.06451612903225806	61	53	>20	0.4748810153358012
ENSG00000164096.13:B1	wild_cluster	1.2288364405083318e-69	0.017543859649122806	56	13	>20	0.35805422647527907
ENSG00000164841.5:B1	wild_cluster	0.2827595058756264	0.9830508474576272	176	8	11-20	1.0
ENSG00000165698.16:B2	wild_cluster	0.1756000596837268	0.6132596685082873	180	3	11-20	0.9209150206027459
ENSG00000166510.14:B1	wild_cluster	3.564658917765401e-46	0.07368421052631578	94	16	11-20	0.4917083854818523
ENSG00000167549.18:B1	wild_cluster	7.567955706542004e-14	0.45482866043613707	320	18	>20	0.8390047206923681
ENSG00000168477.19:B1	wild_cluster	5.329686891306112e-66	0.125	7	66	11-20	0.5640703517587939
ENSG00000169519.21:B1	wild_cluster	6.556348421666393e-72	0.0625	15	50	11-20	0.4748810153358012
ENSG00000170634.13:B1	wild_cluster	3.3245827809822725e-27	0.5	37	29	11-20	0.8684719535783365
ENSG00000171823.7:B1	wild_cluster	0.575755002685116	0.9365853658536586	409	6	11-20	1.0
ENSG00000173041.12:B1	wild_cluster	1.209651591308398e-23	0.8288288288288288	110	26	>20	1.0
ENSG00000174607.11:B1	wild_cluster	0.0002701360148144	0.4489795918367347	48	4	>20	0.8390047206923681
ENSG00000175985.10:B1	wild_cluster	9.31567148825912e-07	0.5121951219512195	204	10	>20	0.8778710378196899
ENSG00000177614.11:B1	wild_cluster	1.094812096455127e-98	0.030042918454935622	232	36	>20	0.3814378252097271
ENSG00000181555.20:B1	wild_cluster	7.260312948417483e-25	0.6204379562043796	136	49	>20	0.9246837305089733
ENSG00000196352.15:B1	wild_cluster	1.0	1.0	37	38	11-20	1.0
ENSG00000197106.7:B1	wild_cluster	1.4740012639268418e-66	0.11475409836065574	243	20	>20	0.5590265987549519
ENSG00000215580.11:B1	wild_cluster	2.215936526968603e-09	0.1937984496124031	128	3	1-5	0.627972027972028
ENSG00000225614.2:B1	wild_cluster	7.462585713268979e-43	0.09268292682926829	204	10	>20	0.5253766271756618
ENSG00000234745.11:B1	wild_cluster	1.0	1.0	205	12	>20	1.0
ENSG00000240344.9:B1	wild_cluster	1.1942076192360694e-05	0.20833333333333334	23	8	1-5	0.634180790960452
ENSG00000246859.2:B1	wild_cluster	9.601776778460918e-28	0.2558139534883721	128	14	11-20	0.6857341200971885
ENSG00000251623.2:B1	wild_cluster	2.7024923075438605e-51	0.31363636363636366	219	45	>20	0.7372742200328407
ENSG00000258017.1:B1	wild_cluster	1.0	1.0	7	62	>20	1.0
ENSG00000263345.1:B1	wild_cluster	4.407873115747761e-05	0.09507042253521127	283	1	6-10	0.5335827464788732
ENSG00000272690.5:B1	wild_cluster	5.222973278945134e-07	0.3954802259887006	176	8	11-20	0.789202762084118
ENSG00000284977.1:B1	wild_cluster	8.686305035335612e-10	0.16666666666666666	77	6	6-10	0.5846354166666666
ENSG00000102385.12:B1	wild_cluster	8.094489221591514e-103	0.015873015873015872	62	56	>20	0.34485407066052226
ENSG00000102385.12:B2	wild_cluster	2.2167190769915538e-07	0.5210526315789473	189	19	>20	0.8778710378196899
ENSG00000102385.12:B3	wild_cluster	1.1787996591320957e-37	0.5897435897435898	272	38	>20	0.9178691678691678
ENSG00000141314.13:B1	wild_cluster	2.8790859107120256e-56	0.2876712328767123	72	32	>20	0.7142730888201504
ENSG00000141314.13:B3	wild_cluster	0.0600651337633296	0.7955801104972375	180	8	>20	1.0
ENSG00000141314.13:B4	wild_cluster	3.1968661885277604e-53	0.11578947368421053	189	24	>20	0.5590265987549519
ENSG00000198053.11:B1	wild_cluster	1.0	1.0	135	50	>20	1.0
ENSG00000198053.11:B2	wild_cluster	8.905771047404167e-28	0.3631578947368421	189	24	>20	0.7719750698474103
ENSG00000198053.11:B3	wild_cluster	2.54117551557793e-54	0.32	99	48	>20	0.7372742200328407
ENSG00000100116.16:B1	wild_cluster	5.351318286151963e-28	0.37037037037037035	134	10	11-20	0.7774891774891775
ENSG00000100116.16:B2	wild_cluster	6.4577715630054214e-09	0.20243902439024392	409	6	11-20	0.6290319858215884
ENSG00000116857.17:B2	wild_cluster	8.2071337210661155e-53	0.4583333333333333	23	42	11-20	0.8390047206923681
ENSG00000131016.17:B1	wild_cluster	1.0	1.0	24	69	>20	1.0
ENSG00000131016.17:B2	wild_cluster	2.5122362559726804e-10	0.7157894736842105	189	24	>20	0.9843475457403079
ENSG00000144746.7:B1	wild_cluster	1.0	1.0	20	63	11-20	1.0
ENSG00000144746.7:B2	wild_cluster	7.588302542742016e-40	0.3404255319148936	140	21	11-20	0.7463053297199639
ENSG00000162522.11:B2	wild_cluster	1.3206325810885552e-14	0.22815533980582525	205	12	>20	0.6566778690565099
ENSG00000171858.18:B2	wild_cluster	2.3234513929185372e-10	0.7286821705426356	128	14	11-20	0.9929538530307841
ENSG00000214376.5:B2	wild_cluster	0.7510811050202668	0.8673469387755102	293	2	6-10	1.0
ENSG00000281106.4:B1	wild_cluster	4.39690366562661e-06	0.37662337662337664	153	6	>20	0.780667357206274
ENSG00000281106.4:B3	wild_cluster	1.5447522228440253e-06	0.23333333333333334	89	3	>20	0.6623640051631937
ENSG00000011083.9:B1	wild_cluster	2.233689227191146e-19	0.2653061224489796	97	15	>20	0.6945915392396026
ENSG00000028310.18:B1	wild_cluster	3.0471277158002524e-48	0.5161290322580645	30	94	>20	0.8778710378196899
ENSG00000059804.16:B1	wild_cluster	1.0	1.0	25	76	>20	1.0
ENSG00000066933.16:B1	wild_cluster	5.492917300973473e-78	0.2	4	147	>20	0.627972027972028
ENSG00000071626.16:B1	wild_cluster	1.0	1.0	12	58	11-20	1.0
ENSG00000085872.15:B1	wild_cluster	0.0204374244128539	0.7951219512195122	204	10	>20	1.0
ENSG00000090020.11:B1	wild_cluster	1.2635127785931259e-75	0.07142857142857142	13	62	11-20	0.4917083854818523
ENSG00000095637.22:B1	wild_cluster	1.0	1.0	36	58	>20	1.0
ENSG00000100239.16:B1	wild_cluster	1.0	1.0	16	89	>20	1.0
ENSG00000104859.15:B1	wild_cluster	8.161426511631471e-100	0.04	49	68	>20	0.4157407407407407
ENSG00000107105.15:B1	wild_cluster	5.357314671285227e-77	0.12408759124087591	136	49	>20	0.5640703517587939
ENSG00000108588.14:B1	wild_cluster	4.151497532472885e-86	0.21621621621621623	36	58	>20	0.6450570171500404
ENSG00000110104.13:B1	wild_cluster	0.5244600293798987	0.8990825688073395	108	3	6-10	1.0
ENSG00000111666.11:B1	wild_cluster	1.0	1.0	33	53	11-20	1.0
ENSG00000112877.8:B1	wild_cluster	2.5778556688605064e-65	0.005405405405405406	184	18	11-20	0.344655536365381
ENSG00000114491.14:B1	wild_cluster	1.749120778909234e-15	0.41796875	255	12	11-20	0.8056545670570548
ENSG00000115750.17:B1	wild_cluster	2.580125781172292e-57	0.2857142857142857	55	28	11-20	0.7142730888201504
ENSG00000119865.8:B1	wild_cluster	1.0761720743392637e-08	0.5233644859813084	106	14	>20	0.8779329608938549
ENSG00000123505.16:B1	wild_cluster	9.906515454246579e-70	0.15568862275449102	166	47	>20	0.5753431408787364
ENSG00000125651.14:B1	wild_cluster	1.1408356017250707e-08	0.6024590163934426	243	20	>20	0.9178691678691678
ENSG00000127511.9:B1	wild_cluster	1.0	1.0	27	78	>20	1.0
ENSG00000129484.13:B1	wild_cluster	5.056123358360138e-108	0.010362694300518135	192	46	>20	0.344655536365381
ENSG00000132388.12:B1	wild_cluster	0.0765277287421086	0.8689320388349514	205	12	>20	1.0
ENSG00000136802.11:B1	wild_cluster	1.8155837948553504e-93	0.10810810810810811	36	58	>20	0.55793724759242
ENSG00000137822.12:B1	wild_cluster	7.30485497445595e-14	0.8739495798319328	118	30	>20	1.0
ENSG00000138686.9:B1	wild_cluster	6.991639339308651e-77	0.08982035928143713	166	47	>20	0.5253766271756618
ENSG00000141519.15:B1	wild_cluster	1.0	1.0	3	96	11-20	1.0
ENSG00000145293.16:B1	wild_cluster	0.000339429823845	0.5459770114942529	173	9	11-20	0.8973757386166147
ENSG00000146776.14:B1	wild_cluster	7.208263827174888e-78	0.1111111111111111	26	70	>20	0.5590265987549519
ENSG00000148384.13:B1	wild_cluster	4.5055843220643374e-06	0.7725856697819314	320	18	>20	1.0
ENSG00000150471.16:B1	wild_cluster	7.62540138644934e-80	0.2	4	146	>20	0.627972027972028
ENSG00000151882.11:B1	wild_cluster	4.448943499552858e-07	0.4108527131782946	128	3	1-5	0.8020559487698011
ENSG00000153707.17:B1	wild_cluster	5.3738585919285055e-81	0.14285714285714285	13	85	>20	0.5692704416030944
ENSG00000156804.7:B1	wild_cluster	2.2264632351635258e-13	0.4672897196261682	320	18	>20	0.8460205004522159
ENSG00000158445.10:B1	wild_cluster	1.0	1.0	88	52	>20	1.0
ENSG00000161791.14:B1	wild_cluster	7.357094836977076e-18	0.10526315789473684	18	15	11-20	0.5573961283314582
ENSG00000162924.14:B1	wild_cluster	0.000182731659859	0.4424778761061947	112	9	>20	0.8358153387937454
ENSG00000163625.15:B1	wild_cluster	2.2093801027841385e-39	0.5545454545454546	219	45	>20	0.9037782544134632
ENSG00000164916.11:B1	wild_cluster	0.0552759912092552	0.5903614457831325	248	5	11-20	0.9178691678691678
ENSG00000165757.9:B1	wild_cluster	7.061806655833557e-71	0.0410958904109589	72	32	>20	0.4157407407407407
ENSG00000170836.11:B1	wild_cluster	0.0670019497693018	0.42424242424242425	164	4	6-10	0.8140378140378141
ENSG00000171885.15:B1	wild_cluster	0.3465757352660624	0.775609756097561	204	4	11-20	1.0
ENSG00000174738.13:B1	wild_cluster	6.008533213821678e-37	0.5954545454545455	219	45	>20	0.9178691678691678
ENSG00000176155.18:B1	wild_cluster	5.174057204423824e-63	0.16666666666666666	5	105	11-20	0.5846354166666666
ENSG00000177692.11:B1	wild_cluster	0.0004783474454509	0.6844660194174758	205	12	>20	0.9514713396855932
ENSG00000179387.10:B1	wild_cluster	5.265207807466548e-06	0.4632768361581921	176	8	11-20	0.8421510098584141
ENSG00000181751.10:B1	wild_cluster	6.825816871545308e-22	0.27102803738317754	320	18	>20	0.7034195883528712
ENSG00000184347.14:B1	wild_cluster	1.0	1.0	128	39	>20	1.0
ENSG00000188766.12:B1	wild_cluster	4.486780513276266e-22	0.16666666666666666	17	95	11-20	0.5846354166666666
ENSG00000196391.10:B1	wild_cluster	1.1011592506332158e-76	0.08196721311475409	243	20	>20	0.5041545025825286
ENSG00000197147.13:B1	wild_cluster	1.8149246620393044e-25	0.6010362694300518	192	46	>20	0.9178691678691678
ENSG00000198185.11:B1	wild_cluster	4.3158349588968446e-62	0.20408163265306123	244	40	>20	0.6297776842695841
ENSG00000198887.9:B1	wild_cluster	3.670980018787951e-07	0.7009345794392523	320	18	>20	0.9668805719453896
ENSG00000204603.6:B1	wild_cluster	0.542736201893193	0.6549295774647887	283	1	6-10	0.9372073153585758
ENSG00000216863.9:B1	wild_cluster	3.302790588104576e-14	0.1638418079096045	176	8	11-20	0.5846354166666666
ENSG00000230805.6:B1	wild_cluster	1.1774829330976276e-05	0.18456375838926176	297	2	11-20	0.6093318199763127
ENSG00000235194.8:B1	wild_cluster	6.548969188406558e-09	0.7654320987654321	80	21	>20	1.0
ENSG00000247400.3:B1	wild_cluster	0.0011573897746335	0.41365461847389556	248	5	11-20	0.8045446616875188
ENSG00000258441.1:B1	wild_cluster	1.890855809438285e-05	0.6122448979591837	48	17	>20	0.9209150206027459
ENSG00000264538.6:B1	wild_cluster	1.3787770517275629e-06	0.8842105263157894	94	16	11-20	1.0
ENSG00000273540.4:B1	wild_cluster	4.950433686854439e-05	0.627906976744186	128	3	1-5	0.9246837305089733
ENSG00000286084.1:B1	wild_cluster	0.6601254606665543	0.8232044198895028	180	3	11-20	1.0
ENSG00000107443.16:B1	wild_cluster	0.4695034936315742	0.6564625850340136	293	2	6-10	0.9372073153585758
ENSG00000107443.16:B2	wild_cluster	0.2582165747517322	0.6363636363636364	164	4	6-10	0.9246837305089733
ENSG00000107443.16:B3	wild_cluster	0.3531761347803671	0.5476190476190477	293	2	6-10	0.8973757386166147
ENSG00000148408.13:B1	wild_cluster	1.3700048115076434e-46	0.5269461077844312	166	47	>20	0.878226977894752
ENSG00000148408.13:B2	wild_cluster	2.7230662181592343e-48	0.13524590163934427	243	20	>20	0.5692704416030944
ENSG00000148408.13:B3	wild_cluster	1.0	1.0	52	60	>20	1.0
ENSG00000204866.8:B2	wild_cluster	0.0325271077285435	0.25	283	1	6-10	0.6782477341389728
ENSG00000100433.15:B1	wild_cluster	1.3806584838846746e-82	0.07446808510638298	93	27	>20	0.4917083854818523
ENSG00000100433.15:B2	wild_cluster	4.7017145459624375e-15	0.3987538940809969	320	18	>20	0.7922145948777328
ENSG00000118689.15:B1	wild_cluster	8.724497478578915e-54	0.2693877551020408	244	40	>20	0.7011889973380657
ENSG00000118689.15:B2	wild_cluster	9.562122132209144e-07	0.6885245901639344	243	20	>20	0.9531544424567681
ENSG00000132003.9:B1	wild_cluster	4.384067673354333e-22	0.14102564102564102	77	6	6-10	0.5692704416030944
ENSG00000132003.9:B2	wild_cluster	0.7784024934271135	0.8993288590604027	297	2	11-20	1.0
ENSG00000162997.15:B1	wild_cluster	2.934278935629028e-05	0.08450704225352113	283	1	6-10	0.5104909560723514
ENSG00000172733.11:B1	wild_cluster	3.960970582356391e-05	0.6310679611650486	205	12	>20	0.9246837305089733
ENSG00000172733.11:B3	wild_cluster	1.6391284290926748e-14	0.6157894736842106	189	24	>20	0.9216315789473686
ENSG00000187094.11:B1	wild_cluster	9.984352093236863e-78	0.04954954954954955	221	44	>20	0.4651243093922652
ENSG00000187094.11:B2	wild_cluster	3.803788647334437e-31	0.5210084033613446	118	30	>20	0.8778710378196899
ENSG00000221946.7:B1	wild_cluster	1.3960865381458037e-45	0.02040816326530612	97	15	>20	0.3665306122448979
ENSG00000221946.7:B2	wild_cluster	3.5039925697469294e-69	0.17647058823529413	118	30	>20	0.6010709504685409
ENSG00000001461.17:B1	wild_cluster	1.0	1.0	23	54	11-20	1.0
ENSG00000005249.13:B1	wild_cluster	3.809846901412477e-80	0.14285714285714285	27	34	>20	0.5692704416030944
ENSG00000060709.15:B1	wild_cluster	5.056399339544266e-72	0.07272727272727272	219	45	>20	0.4917083854818523
ENSG00000067208.14:B1	wild_cluster	1.0	1.0	107	54	>20	1.0
ENSG00000076650.6:B1	wild_cluster	1.0	1.0	221	44	>20	1.0
ENSG00000081248.11:B1	wild_cluster	1.5134828016953776e-165	0.1975806451612903	247	1	11-20	0.627972027972028
ENSG00000086189.10:B1	wild_cluster	3.1367950235518367e-95	0.009009009009009009	110	26	>20	0.344655536365381
ENSG00000090376.10:B1	wild_cluster	0.8935364734553434	0.9463087248322147	297	2	11-20	1.0
ENSG00000096746.17:B1	wild_cluster	0.0083812830649331	0.9221183800623053	320	18	>20	1.0
ENSG00000100281.14:B1	wild_cluster	1.0	1.0	135	50	>20	1.0
ENSG00000100918.13:B1	wild_cluster	2.108532962293085e-54	0.28125	31	43	11-20	0.7127538712940628
ENSG00000102081.14:B1	wild_cluster	3.3137006202363844e-47	0.4642857142857143	27	78	>20	0.8422799422799423
ENSG00000104888.10:B1	wild_cluster	1.0	1.0	189	19	>20	1.0
ENSG00000108684.14:B1	wild_cluster	7.5431742242333625e-22	0.07804878048780488	409	6	11-20	0.4935760906904844
ENSG00000110274.16:B1	wild_cluster	1.3231114987023484e-104	0.05555555555555555	35	59	>20	0.4748810153358012
ENSG00000111696.12:B1	wild_cluster	1.0	1.0	38	63	>20	1.0
ENSG00000113048.16:B1	wild_cluster	3.6405430765426523e-51	0.14285714285714285	27	30	11-20	0.5692704416030944
ENSG00000114654.7:B1	wild_cluster	7.374698470250777e-90	0.03355704697986577	297	2	11-20	0.4017897091722595
ENSG00000116898.12:B1	wild_cluster	4.369734126526392e-08	0.6666666666666666	320	18	>20	0.9398220826792255
ENSG00000118454.13:B1	wild_cluster	2.116830080180468e-75	0.125	103	51	>20	0.5640703517587939
ENSG00000121753.12:B1	wild_cluster	7.020691808871652e-50	0.5	1	148	11-20	0.8684719535783365
ENSG00000123684.13:B1	wild_cluster	3.617015893269537e-50	0.125	7	66	11-20	0.5640703517587939
ENSG00000125741.4:B1	wild_cluster	0.0188226526026523	0.7853107344632768	176	8	11-20	1.0
ENSG00000130997.16:B1	wild_cluster	1.0	1.0	24	73	>20	1.0
ENSG00000133773.12:B1	wild_cluster	0.0854776057078888	0.831858407079646	112	9	>20	1.0
ENSG00000135046.14:B1	wild_cluster	1.0	1.0	22	15	1-5	1.0
ENSG00000136828.19:B1	wild_cluster	1.8469872696232364e-55	0.6666666666666666	8	104	>20	0.9398220826792255
ENSG00000137877.10:B1	wild_cluster	0.0067497825975197	0.32195121951219513	204	4	11-20	0.7372742200328407
ENSG00000144134.18:B1	wild_cluster	2.300279944416125e-41	0.5675675675675675	221	44	>20	0.91668286992028
ENSG00000146909.8:B1	wild_cluster	4.409182845486245e-56	0.2926829268292683	81	57	>20	0.7181127548980407
ENSG00000151967.18:B1	wild_cluster	1.3605231892654556e-05	0.39080459770114945	173	9	11-20	0.7851063282676336
ENSG00000153879.9:B1	wild_cluster	1.3644644340297517e-45	0.1588785046728972	106	14	>20	0.5846354166666666
ENSG00000156973.14:B1	wild_cluster	0.0031242795471906	0.6666666666666666	77	6	6-10	0.9398220826792255
ENSG00000158560.14:B1	wild_cluster	3.263051696461873e-67	0.17365269461077845	166	47	>20	0.5951912967957216
ENSG00000161970.14:B1	wild_cluster	1.0	1.0	37	39	11-20	1.0
ENSG00000164163.11:B1	wild_cluster	0.2907929175559133	0.8634146341463415	409	6	11-20	1.0
ENSG00000165832.6:B1	wild_cluster	1.833700642346975e-32	0.24561403508771928	56	13	>20	0.6744997049197918
ENSG00000168615.12:B1	wild_cluster	2.9677327554919004e-112	0.014598540145985401	136	49	>20	0.34485407066052226
ENSG00000169750.9:B1	wild_cluster	2.1453950599743423e-22	0.15234375	255	12	11-20	0.5753091165353322
ENSG00000170903.11:B1	wild_cluster	1.0	1.0	62	56	>20	1.0
ENSG00000172007.6:B1	wild_cluster	1.4594697147957804e-16	0.3473684210526316	94	16	11-20	0.758970418747599
ENSG00000173258.12:B1	wild_cluster	7.25907468638577e-13	0.3333333333333333	176	22	>20	0.7372742200328407
ENSG00000176261.15:B1	wild_cluster	4.0868242826892786e-78	0.012658227848101266	78	27	11-20	0.34485407066052226
ENSG00000185716.12:B1	wild_cluster	5.151944867821985e-63	0.1282051282051282	272	38	>20	0.5674402573529411
ENSG00000187231.14:B1	wild_cluster	1.0	1.0	103	51	>20	1.0
ENSG00000198301.12:B1	wild_cluster	1.0	1.0	272	38	>20	1.0
ENSG00000204657.4:B1	wild_cluster	0.0015817761193264	0.11267605633802817	283	1	6-10	0.5590265987549519
ENSG00000219438.8:B1	wild_cluster	1.0	1.0	31	43	11-20	1.0
ENSG00000225975.6:B1	wild_cluster	0.9616543639329146	0.9692307692307692	64	1	1-5	1.0
ENSG00000231128.5:B1	wild_cluster	4.972888976936544e-126	0.2620967741935484	247	1	11-20	0.6945915392396026
ENSG00000235531.9:B1	wild_cluster	1.0	1.0	51	25	11-20	1.0
ENSG00000241449.5:B1	wild_cluster	5.886948591287685e-79	0.09243697478991597	118	30	>20	0.5253766271756618
ENSG00000253686.1:B1	wild_cluster	0.1709667410939839	0.8367346938775511	48	4	>20	1.0
ENSG00000259039.2:B1	wild_cluster	5.965456240764969e-47	0.0055248618784530384	180	3	11-20	0.344655536365381
ENSG00000265787.2:B1	wild_cluster	2.092382464929549e-273	0.016129032258064516	247	1	11-20	0.34485407066052226
ENSG00000274276.4:B1	wild_cluster	1.0	1.0	89	3	>20	1.0
ENSG00000112033.14:B1	wild_cluster	3.490249954173855e-07	0.5102040816326531	48	17	>20	0.8778710378196899
ENSG00000112033.14:B2	wild_cluster	1.159210033497608e-84	0.0392156862745098	50	33	>20	0.4157407407407407
ENSG00000112033.14:B3	wild_cluster	6.296978334559523e-110	0.03571428571428571	27	34	>20	0.4157407407407407
ENSG00000152683.14:B1	wild_cluster	4.641550553118102e-16	0.38671875	255	12	11-20	0.7844935844935845
ENSG00000152683.14:B2	wild_cluster	2.2459137770767936e-14	0.40425531914893614	46	24	6-10	0.7956821894165871
ENSG00000152683.14:B3	wild_cluster	2.964256644067805e-19	0.13043478260869565	22	15	1-5	0.5689475253428742
ENSG00000214253.8:B2	wild_cluster	4.147781966407434e-07	0.384180790960452	176	8	11-20	0.7844935844935845
ENSG00000119608.12:B1	wild_cluster	0.4619196068215742	0.6496598639455783	293	2	6-10	0.9364278616743648
ENSG00000119608.12:B2	wild_cluster	2.197103117023556e-19	0.006060606060606061	164	4	6-10	0.344655536365381
ENSG00000133101.10:B1	wild_cluster	0.3328678232576549	0.7237569060773481	180	3	11-20	0.9907525939900285
ENSG00000133101.10:B2	wild_cluster	0.8804023947822113	0.9435483870967742	247	1	11-20	1.0
ENSG00000147121.16:B1	wild_cluster	4.3133565220682296e-08	0.11219512195121951	204	4	11-20	0.5590265987549519
ENSG00000147121.16:B2	wild_cluster	3.5211529466191266e-19	0.234375	255	12	11-20	0.6623640051631937
ENSG00000173452.13:B1	wild_cluster	1.3818737507503023e-32	0.08527131782945736	128	16	>20	0.5104909560723514
ENSG00000173452.13:B2	wild_cluster	1.1961065210923548e-35	0.022099447513812154	180	8	>20	0.37443969561138324
ENSG00000188316.14:B1	wild_cluster	1.7661268011714988e-12	0.12844036697247707	108	3	6-10	0.5674402573529411
ENSG00000188316.14:B2	wild_cluster	0.0002681761545742	0.4596774193548387	247	1	11-20	0.8390047206923681
ENSG00000225663.7:B1	wild_cluster	1.9854496054712627e-41	0.5	37	38	11-20	0.8684719535783365
ENSG00000225663.7:B2	wild_cluster	7.514743239602627e-43	0.42857142857142855	55	34	11-20	0.8188449848024315
ENSG00000005513.10:B1	wild_cluster	1.0540872369905847e-37	0.028846153846153848	103	7	>20	0.3814378252097271
ENSG00000032742.17:B1	wild_cluster	7.12563163945001e-52	0.1694915254237288	117	26	11-20	0.587657875793469
ENSG00000061936.9:B1	wild_cluster	2.1411215131376568e-18	0.4791666666666667	47	49	11-20	0.8604279782816991
ENSG00000067704.10:B1	wild_cluster	2.1049083759248373e-42	0.3235294117647059	33	53	11-20	0.7372742200328407
ENSG00000072415.8:B1	wild_cluster	2.641300192667363e-66	0.15384615384615385	12	61	11-20	0.5753091165353322
ENSG00000077147.16:B1	wild_cluster	1.2112178521276544e-36	0.23529411764705882	16	83	11-20	0.6623640051631937
ENSG00000081791.9:B1	wild_cluster	1.6123393612961897e-61	0.21224489795918366	244	40	>20	0.6374445430346052
ENSG00000086544.3:B1	wild_cluster	0.0061353852282447	0.13380281690140844	283	1	6-10	0.5692704416030944
ENSG00000090565.16:B1	wild_cluster	1.4570908057116078e-43	0.5	7	111	>20	0.8684719535783365
ENSG00000100311.16:B1	wild_cluster	3.808836732346677e-52	0.0778816199376947	320	18	>20	0.4935760906904844
ENSG00000101004.15:B1	wild_cluster	8.43334221544657e-23	0.9230769230769231	51	28	>20	1.0
ENSG00000102226.9:B1	wild_cluster	1.0	1.0	9	88	>20	1.0
ENSG00000103460.17:B1	wild_cluster	1.5511251903060843e-17	0.5473684210526316	189	24	>20	0.8973757386166147
ENSG00000104969.10:B1	wild_cluster	3.635768706111414e-85	0.5	1	80	>20	0.8684719535783365
ENSG00000107362.13:B1	wild_cluster	0.0005658045242968	0.3895582329317269	248	5	11-20	0.7851063282676336
ENSG00000108830.10:B1	wild_cluster	1.0	1.0	293	2	6-10	1.0
ENSG00000110400.11:B1	wild_cluster	1.5298218146692389e-52	0.2857142857142857	20	75	>20	0.7142730888201504
ENSG00000111775.3:B1	wild_cluster	0.0546427746341396	0.9453125	255	12	11-20	1.0
ENSG00000114770.17:B1	wild_cluster	1.0	1.0	2	150	>20	1.0
ENSG00000115896.16:B1	wild_cluster	1.0	1.0	23	64	>20	1.0
ENSG00000117009.12:B1	wild_cluster	9.260489657923451e-42	0.041666666666666664	23	30	6-10	0.4157407407407407
ENSG00000121940.15:B1	wild_cluster	1.524583705757765e-48	0.35714285714285715	55	28	11-20	0.767259056732741
ENSG00000123983.14:B1	wild_cluster	1.0	1.0	11	99	11-20	1.0
ENSG00000133872.13:B1	wild_cluster	8.149828330326475e-09	0.4519774011299435	176	22	>20	0.8390047206923681
ENSG00000135097.7:B1	wild_cluster	0.0075487849065224	0.3221476510067114	297	2	11-20	0.7372742200328407
ENSG00000136874.11:B1	wild_cluster	1.7502171936653145e-35	0.6666666666666666	5	112	11-20	0.9398220826792255
ENSG00000140382.15:B1	wild_cluster	1.0	1.0	221	44	>20	1.0
ENSG00000143324.13:B1	wild_cluster	1.389275718371004e-33	0.6	129	43	>20	0.9178691678691678
ENSG00000145494.11:B1	wild_cluster	3.8407743771305145e-35	0.15503875968992248	128	14	11-20	0.5753091165353322
ENSG00000148671.13:B1	wild_cluster	1.4075887625825506e-16	0.013605442176870748	293	2	6-10	0.34485407066052226
ENSG00000150867.14:B1	wild_cluster	1.815239373896447e-39	0.42857142857142855	13	85	>20	0.8188449848024315
ENSG00000152154.11:B1	wild_cluster	3.1266484859828195e-67	0.11818181818181818	219	45	>20	0.5640703517587939
ENSG00000153975.10:B1	wild_cluster	6.263851619822429e-12	0.4205607476635514	106	14	>20	0.8087013948648162
ENSG00000155592.16:B1	wild_cluster	2.032078792780509e-08	0.2375	79	7	11-20	0.6644080996884735
ENSG00000157087.19:B1	wild_cluster	1.1639618413925536e-91	0.05555555555555555	17	83	>20	0.4748810153358012
ENSG00000158715.6:B1	wild_cluster	1.1609466187253318e-06	0.3588709677419355	247	1	11-20	0.767300307219662
ENSG00000160293.17:B1	wild_cluster	4.193074153263786e-36	0.4574468085106383	93	27	>20	0.8390047206923681
ENSG00000162139.10:B1	wild_cluster	1.0	1.0	35	44	11-20	1.0
ENSG00000163703.17:B1	wild_cluster	1.3044825729486744e-85	0.051094890510948905	136	49	>20	0.46819603753910327
ENSG00000164187.7:B1	wild_cluster	5.080722060089589e-47	0.4139194139194139	272	38	>20	0.8045446616875188
ENSG00000167680.16:B1	wild_cluster	3.331638195144645e-38	0.061224489795918366	48	5	>20	0.4748810153358012
ENSG00000168724.16:B1	wild_cluster	1.0	1.0	62	56	>20	1.0
ENSG00000169862.19:B1	wild_cluster	1.0	1.0	24	73	>20	1.0
ENSG00000170962.13:B1	wild_cluster	0.1031027957595743	0.6814516129032258	247	1	11-20	0.9508035545471736
ENSG00000172137.19:B1	wild_cluster	0.17278565121336	0.6	89	3	>20	0.9178691678691678
ENSG00000173409.14:B1	wild_cluster	3.2367022971496956e-24	0.5815602836879432	140	21	11-20	0.9178691678691678
ENSG00000174946.6:B1	wild_cluster	1.291596669165101e-65	0.08292682926829269	204	10	>20	0.5065870250539241
ENSG00000176407.18:B1	wild_cluster	6.740885023244858e-38	0.48214285714285715	55	34	11-20	0.8604279782816991
ENSG00000178028.14:B1	wild_cluster	5.5115822167663195e-90	0.03076923076923077	129	43	>20	0.3814378252097271
ENSG00000179833.4:B1	wild_cluster	9.947096144612822e-52	0.02702702702702703	184	18	11-20	0.3814378252097271
ENSG00000182022.18:B1	wild_cluster	1.2606944056890712e-60	0.45493562231759654	232	36	>20	0.8390047206923681
ENSG00000185774.16:B1	wild_cluster	1.3121183581078337e-116	0.005988023952095809	166	47	>20	0.344655536365381
ENSG00000188938.17:B1	wild_cluster	8.78355974179425e-43	0.4326530612244898	244	40	>20	0.8196676138809954
ENSG00000196507.11:B1	wild_cluster	8.40766481894784e-36	0.5755102040816327	244	40	>20	0.9178691678691678
ENSG00000204856.12:B1	wild_cluster	3.0649225876790127e-10	0.4180790960451977	176	22	>20	0.8056545670570548
ENSG00000213551.5:B1	wild_cluster	0.229392083007543	0.40816326530612246	293	2	6-10	0.7985416388777733
ENSG00000221866.9:B1	wild_cluster	9.821922012878148e-104	0.015873015873015872	62	56	>20	0.34485407066052226
ENSG00000226380.9:B1	wild_cluster	1.0	1.0	272	38	>20	1.0
ENSG00000231437.3:B1	wild_cluster	3.2296847206819755e-42	0.2074074074074074	134	10	11-20	0.634180790960452
ENSG00000241978.9:B1	wild_cluster	7.805062156838994e-46	0.02702702702702703	36	19	11-20	0.3814378252097271
ENSG00000259295.6:B1	wild_cluster	0.2365693745026205	0.9534883720930233	128	16	>20	1.0
ENSG00000266777.1:B1	wild_cluster	1.0	1.0	232	36	>20	1.0
ENSG00000275052.5:B1	wild_cluster	2.1078873393505658e-42	0.45595854922279794	192	46	>20	0.8390047206923681
