comparison	strategy	selection	n_selected	n_evaluable	n_agree	agreement	median_cosine	rho_effect_components	rho_effect_norms	median_absolute_difference	n_fallback_either
LeafCutter	Dirichlet pooling with subject-mean fallback	all common	1047	1047	733	0.7000955109837631	0.994282237283423	0.4857894446646782	0.4614775072281474	0.04544822723535138	84
LeafCutter	Dirichlet pooling with subject-mean fallback	event BH union	496	496	405	0.8165322580645161	0.9999999999999999	0.6933458416770905	0.5381448023428941	0.03467429968073596	39
LeafCutter	Dirichlet pooling with subject-mean fallback	event BH intersection	277	277	233	0.8411552346570397	1.0	0.7417527876185417	0.580431903104106	0.025139426937370743	19
LeafCutter	Dirichlet pooling with subject-mean fallback	event BH union, two paths	351	351	284	0.8091168091168092	1.0	0.7043908480202496	0.47474691974691974	0.02823464578586587	28
LeafCutter	Dirichlet pooling with subject-mean fallback	event BH union, multi paths	145	145	121	0.8344827586206897	0.9170453751971821	0.6662095827486336	0.6333726972130372	0.04611738887639778	11
MAJIQ Heterogen	Dirichlet pooling with subject-mean fallback	all common	3412	3412	2327	0.6820046893317703	0.9937798465710403	0.42005424761201976	0.42876380985762236	0.055020769229708014	405
MAJIQ Heterogen	Dirichlet pooling with subject-mean fallback	event BH union	1402	1402	1134	0.8088445078459344	0.9999999999999999	0.6712228449896758	0.5246552570474606	0.040107675172438795	151
MAJIQ Heterogen	Dirichlet pooling with subject-mean fallback	event BH intersection	759	759	636	0.8379446640316206	1.0	0.748976123551383	0.5869877536771628	0.0301590118169464	87
MAJIQ Heterogen	Dirichlet pooling with subject-mean fallback	event BH union, two paths	1006	1006	814	0.8091451292246521	1.0	0.6986768734780877	0.461502122158628	0.032689387369682965	118
MAJIQ Heterogen	Dirichlet pooling with subject-mean fallback	event BH union, multi paths	396	396	320	0.8080808080808081	0.8848255074910671	0.6203550365596867	0.6145415510846115	0.05779081077836128	33
SUPPA2	Dirichlet pooling with subject-mean fallback	all common	3317	3317	2197	0.6623454929152849	0.983599822834713	0.3666802967474321	0.394586619250299	0.05897354004765298	449
SUPPA2	Dirichlet pooling with subject-mean fallback	event BH union	1171	1171	932	0.7959009393680615	0.9999999999999999	0.6458600148194681	0.48636636512755343	0.04185573002989254	112
SUPPA2	Dirichlet pooling with subject-mean fallback	event BH intersection	627	627	517	0.8245614035087719	1.0	0.7234817627119334	0.5181841744520138	0.031746456103820306	61
SUPPA2	Dirichlet pooling with subject-mean fallback	event BH union, two paths	825	825	656	0.7951515151515152	1.0	0.6766548888289099	0.4081692094313454	0.0349856734441501	80
SUPPA2	Dirichlet pooling with subject-mean fallback	event BH union, multi paths	346	346	276	0.7976878612716763	0.8728715714246524	0.5938026067174488	0.5872491966107366	0.05892688033063043	32
SUPPA2 primer-aware	Dirichlet pooling with subject-mean fallback	all common	3156	3156	2099	0.6650823827629911	0.9820141891577441	0.3719473281666774	0.39089069341069876	0.058895649924989926	415
SUPPA2 primer-aware	Dirichlet pooling with subject-mean fallback	event BH union	1142	1142	911	0.797723292469352	0.9999999999999999	0.6484500103015013	0.4855452169936753	0.041909378605046815	109
SUPPA2 primer-aware	Dirichlet pooling with subject-mean fallback	event BH intersection	614	614	506	0.8241042345276873	0.9999999999999999	0.724941798579727	0.5227816161344125	0.03210798420457107	60
SUPPA2 primer-aware	Dirichlet pooling with subject-mean fallback	event BH union, two paths	795	795	634	0.7974842767295598	1.0	0.6850732686034127	0.4099862221616136	0.0349856734441501	79
SUPPA2 primer-aware	Dirichlet pooling with subject-mean fallback	event BH union, multi paths	347	347	277	0.7982708933717579	0.8675236822903003	0.5898273665413384	0.5784982356816794	0.05881333519182576	30
SUPPA2/Tealeaf hybrid	Dirichlet pooling with subject-mean fallback	all common	2300	2300	1539	0.6691304347826087	0.9825032249004844	0.3870447540078525	0.4291377393783842	0.0641131749878748	366
SUPPA2/Tealeaf hybrid	Dirichlet pooling with subject-mean fallback	event BH union	713	713	586	0.8218793828892006	0.9999999999999999	0.6985616764321742	0.5751220670438779	0.0399451210775859	80
SUPPA2/Tealeaf hybrid	Dirichlet pooling with subject-mean fallback	event BH intersection	381	381	329	0.863517060367454	1.0	0.7713509349762433	0.6177259738371776	0.030784514354370015	44
SUPPA2/Tealeaf hybrid	Dirichlet pooling with subject-mean fallback	event BH union, two paths	490	490	403	0.8224489795918367	1.0	0.7337539110817269	0.5155158701117423	0.03457578824857234	62
SUPPA2/Tealeaf hybrid	Dirichlet pooling with subject-mean fallback	event BH union, multi paths	223	223	183	0.820627802690583	0.9077054170479115	0.6403541794757407	0.6561347542289246	0.05571190480573234	18
rMATS (paired)	Dirichlet pooling with subject-mean fallback	all common	4114	4114	2745	0.6672338356830335	0.9943876471757183	0.3908436499215415	0.3987968084948301	0.06041779084283935	633
rMATS (paired)	Dirichlet pooling with subject-mean fallback	event BH union	1428	1428	1152	0.8067226890756303	0.9999999999999999	0.6836342578820365	0.5317581402276625	0.041710204363697836	171
rMATS (paired)	Dirichlet pooling with subject-mean fallback	event BH intersection	765	765	638	0.8339869281045752	1.0	0.7540153971536405	0.5813424616630789	0.030784514354370015	94
rMATS (paired)	Dirichlet pooling with subject-mean fallback	event BH union, two paths	1034	1034	834	0.8065764023210832	1.0	0.7160299915971906	0.46367310969660985	0.034847506185993235	135
rMATS (paired)	Dirichlet pooling with subject-mean fallback	event BH union, multi paths	394	394	318	0.8071065989847716	0.8934328406972918	0.6236512736328856	0.6276906520799723	0.06017383847623202	36
scQuint	Dirichlet pooling with subject-mean fallback	all common	3527	3527	2374	0.673093280408279	0.9934848471319816	0.40323259376591447	0.42852052495800635	0.056097367346523076	471
scQuint	Dirichlet pooling with subject-mean fallback	event BH union	1400	1400	1120	0.8	0.9999999999999999	0.6659523024022629	0.5321164770273572	0.040372513378863946	150
scQuint	Dirichlet pooling with subject-mean fallback	event BH intersection	775	775	647	0.8348387096774194	1.0	0.754941372764275	0.5900962353990559	0.03099020207950868	89
scQuint	Dirichlet pooling with subject-mean fallback	event BH union, two paths	1005	1005	803	0.7990049751243781	1.0	0.695311491794277	0.4631339512428905	0.03313848633615951	114
scQuint	Dirichlet pooling with subject-mean fallback	event BH union, multi paths	395	395	317	0.8025316455696202	0.9051215578326192	0.6146919389783905	0.6176167639253163	0.05990043801926499	36
LeafCutter	effective-count Dirichlet pooling	all common	1047	963	673	0.6988577362409139	0.9912884366625148	0.48695351036692813	0.4589093748747839	0.045561528181981066	0
LeafCutter	effective-count Dirichlet pooling	event BH union	496	457	369	0.8074398249452954	0.9999999999999999	0.6789025272483881	0.5237579630327194	0.035283731505014834	0
LeafCutter	effective-count Dirichlet pooling	event BH intersection	277	258	214	0.8294573643410853	1.0	0.7267090054674517	0.5624218916228688	0.024991262189938496	0
LeafCutter	effective-count Dirichlet pooling	event BH union, two paths	351	323	258	0.7987616099071208	1.0	0.6981715150915578	0.4667472887960168	0.02920921364086379	0
LeafCutter	effective-count Dirichlet pooling	event BH union, multi paths	145	134	111	0.8283582089552238	0.9047768723316258	0.6353821395613086	0.6170725320764598	0.04706436404065453	0
MAJIQ Heterogen	effective-count Dirichlet pooling	all common	3412	3007	2045	0.680079813767875	0.9904917809588568	0.41575110870228205	0.42047282796801944	0.05489053639353185	0
MAJIQ Heterogen	effective-count Dirichlet pooling	event BH union	1402	1251	992	0.7929656274980016	0.9999999999999999	0.6516570440009021	0.4997503482198268	0.04090087613016654	0
MAJIQ Heterogen	effective-count Dirichlet pooling	event BH intersection	759	672	554	0.8244047619047619	1.0	0.7380514856177256	0.570323095169026	0.030569881743743654	0
MAJIQ Heterogen	effective-count Dirichlet pooling	event BH union, two paths	1006	888	703	0.7916666666666666	1.0	0.6799514521615387	0.44045036739157417	0.033534908261910426	0
MAJIQ Heterogen	effective-count Dirichlet pooling	event BH union, multi paths	396	363	289	0.7961432506887053	0.8618034822845577	0.5991270812278512	0.5838842222568994	0.05774637201517249	0
SUPPA2	effective-count Dirichlet pooling	all common	3317	2868	1902	0.6631799163179917	0.9825538762793837	0.36313083131582935	0.38176397746800617	0.058530108011532626	0
SUPPA2	effective-count Dirichlet pooling	event BH union	1171	1059	829	0.7828139754485364	0.9999999999999999	0.6261480774881862	0.4644020987644716	0.041970849903938276	0
SUPPA2	effective-count Dirichlet pooling	event BH intersection	627	566	461	0.8144876325088339	0.9999999999999999	0.7128292905462699	0.5086846510218097	0.031036221440883513	0
SUPPA2	effective-count Dirichlet pooling	event BH union, two paths	825	745	583	0.7825503355704698	1.0	0.6607614079100065	0.398156814695334	0.035647702284429664	0
SUPPA2	effective-count Dirichlet pooling	event BH union, multi paths	346	314	246	0.7834394904458599	0.8322085500672138	0.567076166899499	0.5518218227239207	0.05793636656157801	0
SUPPA2 primer-aware	effective-count Dirichlet pooling	all common	3156	2741	1825	0.665815395840934	0.9792502237401037	0.36727758407293354	0.37559773653325756	0.058663015199694954	0
SUPPA2 primer-aware	effective-count Dirichlet pooling	event BH union	1142	1033	810	0.7841239109390126	0.9999999999999999	0.6290496949987779	0.4624008197304175	0.042298479843317506	0
SUPPA2 primer-aware	effective-count Dirichlet pooling	event BH intersection	614	554	450	0.8122743682310469	0.9999999999999999	0.7141119706082046	0.512201163894259	0.03190887492238241	0
SUPPA2 primer-aware	effective-count Dirichlet pooling	event BH union, two paths	795	716	561	0.7835195530726257	1.0	0.6688480244579821	0.3973504021048491	0.03577592464983605	0
SUPPA2 primer-aware	effective-count Dirichlet pooling	event BH union, multi paths	347	317	249	0.7854889589905363	0.8313256104065021	0.565257103061101	0.5408542589764471	0.058089235985063714	0
SUPPA2/Tealeaf hybrid	effective-count Dirichlet pooling	all common	2300	1934	1301	0.672699069286453	0.982286216403727	0.39108273475883587	0.41595436243818473	0.06290003456225982	0
SUPPA2/Tealeaf hybrid	effective-count Dirichlet pooling	event BH union	713	633	512	0.8088467614533965	0.9999999999999999	0.6808883539534888	0.5424140620313155	0.040082447868011135	0
SUPPA2/Tealeaf hybrid	effective-count Dirichlet pooling	event BH intersection	381	337	287	0.8516320474777448	0.9999999999999999	0.7614674255268616	0.5876110878393461	0.032029008990176216	0
SUPPA2/Tealeaf hybrid	effective-count Dirichlet pooling	event BH union, two paths	490	428	345	0.8060747663551402	1.0	0.7094680861851025	0.4783007707781724	0.03546519765515681	0
SUPPA2/Tealeaf hybrid	effective-count Dirichlet pooling	event BH union, multi paths	223	205	167	0.8146341463414634	0.9044321868306326	0.6320266594894751	0.6328954882924043	0.055198321333924605	0
rMATS (paired)	effective-count Dirichlet pooling	all common	4114	3481	2322	0.6670496983625395	0.9927892491854877	0.38782418607131475	0.3903951531556568	0.05958776447528501	0
rMATS (paired)	effective-count Dirichlet pooling	event BH union	1428	1257	998	0.7939538583929993	0.9999999999999999	0.6647913745880478	0.5071522494093228	0.041970849903938276	0
rMATS (paired)	effective-count Dirichlet pooling	event BH intersection	765	671	552	0.8226527570789866	1.0	0.7416482849359449	0.5649496423566646	0.030842440412254146	0
rMATS (paired)	effective-count Dirichlet pooling	event BH union, two paths	1034	899	712	0.7919911012235817	1.0	0.6963047193223615	0.44117045005049743	0.035647702284429664	0
rMATS (paired)	effective-count Dirichlet pooling	event BH union, multi paths	394	358	286	0.7988826815642458	0.8848255074910671	0.6070589122382622	0.6025122860958704	0.05892688033063043	0
scQuint	effective-count Dirichlet pooling	all common	3527	3056	2056	0.6727748691099477	0.9905291833872916	0.40084367146538363	0.4208251417512889	0.05576249435952668	0
scQuint	effective-count Dirichlet pooling	event BH union	1400	1250	983	0.7864	0.9999999999999999	0.6477810419792546	0.5098912150343777	0.04134392217939284	0
scQuint	effective-count Dirichlet pooling	event BH intersection	775	686	564	0.8221574344023324	1.0	0.7417316090944803	0.5711390613774504	0.03123743052234788	0
scQuint	effective-count Dirichlet pooling	event BH union, two paths	1005	891	699	0.7845117845117845	1.0	0.6788563806670747	0.4480119547535278	0.03451788577835609	0
scQuint	effective-count Dirichlet pooling	event BH union, multi paths	395	359	284	0.7910863509749304	0.8847824015760939	0.5934839993131342	0.5864614618508894	0.05904042546943509	0
LeafCutter	paired harmonic depth A1	all common	1047	1047	717	0.6848137535816619	0.9839370874688477	0.43105283690543433	0.468009041180439	0.04929001300614899	0
LeafCutter	paired harmonic depth A1	event BH union	496	496	393	0.7923387096774194	0.9999999999999999	0.6309618398107696	0.5443592149180518	0.036544275739707914	0
LeafCutter	paired harmonic depth A1	event BH intersection	277	277	227	0.8194945848375451	0.9999999999999999	0.7079108280735503	0.5680088169301318	0.02795063104712382	0
LeafCutter	paired harmonic depth A1	event BH union, two paths	351	351	275	0.7834757834757835	1.0	0.6488308091281286	0.4804889554889555	0.03076506227811917	0
LeafCutter	paired harmonic depth A1	event BH union, multi paths	145	145	118	0.8137931034482758	0.8304390339902636	0.5905538677748331	0.6408715162966461	0.052828074935317465	0
MAJIQ Heterogen	paired harmonic depth A1	all common	3412	3412	2259	0.6620750293083235	0.980582445738077	0.37398140165208105	0.42938510283557435	0.05770504627906183	0
MAJIQ Heterogen	paired harmonic depth A1	event BH union	1402	1402	1095	0.7810271041369472	0.9999999999999999	0.6275101023781456	0.5048516838385633	0.041635206342083536	0
MAJIQ Heterogen	paired harmonic depth A1	event BH intersection	759	759	614	0.8089591567852438	1.0	0.7070462903270008	0.5721790671365912	0.031150408154202697	0
MAJIQ Heterogen	paired harmonic depth A1	event BH union, two paths	1006	1006	779	0.7743538767395626	1.0	0.6548554507452731	0.4428360368845635	0.034550430343990635	0
MAJIQ Heterogen	paired harmonic depth A1	event BH union, multi paths	396	396	316	0.797979797979798	0.8262629176575391	0.5775317021503192	0.586008025283605	0.059347170933208654	0
SUPPA2	paired harmonic depth A1	all common	3317	3317	2113	0.6370214048839312	0.944781802261712	0.3192854465334778	0.3896679376481937	0.06343651947923161	0
SUPPA2	paired harmonic depth A1	event BH union	1171	1171	898	0.7668659265584971	0.9999999999999998	0.5976224953657546	0.4664962610838922	0.043343098549860674	0
SUPPA2	paired harmonic depth A1	event BH intersection	627	627	503	0.8022328548644339	0.9999999999999999	0.6812867486829893	0.5001357289525921	0.03266834186754988	0
SUPPA2	paired harmonic depth A1	event BH union, two paths	825	825	628	0.7612121212121212	1.0	0.6334155988837663	0.3913005178136	0.03684600255493536	0
SUPPA2	paired harmonic depth A1	event BH union, multi paths	346	346	270	0.7803468208092486	0.8160420531006944	0.5404183757832387	0.5576624541088554	0.06251338887286545	0
SUPPA2 primer-aware	paired harmonic depth A1	all common	3156	3156	2013	0.6378326996197718	0.9404035633672998	0.31926711476413744	0.3880546365867437	0.06336803143866929	0
SUPPA2 primer-aware	paired harmonic depth A1	event BH union	1142	1142	881	0.7714535901926445	0.9999999999999998	0.6019855823714831	0.46659766977947503	0.04363430399217706	0
SUPPA2 primer-aware	paired harmonic depth A1	event BH intersection	614	614	494	0.8045602605863192	0.9999999999999999	0.6881163351568661	0.5011845645660202	0.032643539169951205	0
SUPPA2 primer-aware	paired harmonic depth A1	event BH union, two paths	795	795	610	0.7672955974842768	1.0	0.6444404915567591	0.3932872623179583	0.037293605869245086	0
SUPPA2 primer-aware	paired harmonic depth A1	event BH union, multi paths	347	347	271	0.7809798270893372	0.8142454554939511	0.5370476956821887	0.5526124720618485	0.06210094761490112	0
SUPPA2/Tealeaf hybrid	paired harmonic depth A1	all common	2300	2300	1485	0.6456521739130435	0.9390258642281061	0.33863932699679494	0.42826038604412653	0.06481553726538819	0
SUPPA2/Tealeaf hybrid	paired harmonic depth A1	event BH union	713	713	565	0.7924263674614306	0.9999999999999999	0.6634476753279566	0.5563074009092109	0.041963991515771765	0
SUPPA2/Tealeaf hybrid	paired harmonic depth A1	event BH intersection	381	381	320	0.8398950131233596	1.0	0.7446826958251155	0.589877474326456	0.031115452406083727	0
SUPPA2/Tealeaf hybrid	paired harmonic depth A1	event BH union, two paths	490	490	386	0.7877551020408163	1.0	0.7069556995985787	0.5102940445229609	0.03371527233708016	0
SUPPA2/Tealeaf hybrid	paired harmonic depth A1	event BH union, multi paths	223	223	179	0.8026905829596412	0.8478190373591041	0.5917962084465762	0.6137318853126028	0.05928182566776105	0
rMATS (paired)	paired harmonic depth A1	all common	4114	4114	2668	0.6485172581429266	0.982522712510475	0.34816814320091205	0.40299765187950926	0.06301785374180474	0
rMATS (paired)	paired harmonic depth A1	event BH union	1428	1428	1119	0.7836134453781513	0.9999999999999999	0.6433930508989907	0.5200643401521775	0.04243362431688254	0
rMATS (paired)	paired harmonic depth A1	event BH intersection	765	765	622	0.8130718954248366	1.0	0.7087901953210605	0.5627078138406127	0.03196170333492871	0
rMATS (paired)	paired harmonic depth A1	event BH union, two paths	1034	1034	808	0.781431334622824	1.0	0.679875901794965	0.45807645215797826	0.0355123705245495	0
rMATS (paired)	paired harmonic depth A1	event BH union, multi paths	394	394	311	0.7893401015228426	0.8302413641479569	0.57765885531116	0.5974857179854548	0.06408408893509876	0
scQuint	paired harmonic depth A1	all common	3527	3527	2306	0.653813439183442	0.9804083693564717	0.3551292635365044	0.432486059103678	0.05872397663800593	0
scQuint	paired harmonic depth A1	event BH union	1400	1400	1090	0.7785714285714286	0.9999999999999999	0.6189347600925584	0.5117813646114835	0.04231861435986081	0
scQuint	paired harmonic depth A1	event BH intersection	775	775	628	0.8103225806451613	1.0	0.7058869743339126	0.5650061742239683	0.03201717109081943	0
scQuint	paired harmonic depth A1	event BH union, two paths	1005	1005	777	0.7731343283582089	1.0	0.6527322278230118	0.4449636367440833	0.034815357429466766	0
scQuint	paired harmonic depth A1	event BH union, multi paths	395	395	313	0.7924050632911392	0.8435081494149522	0.5615104563542461	0.5859608745684696	0.06414368395042953	0
LeafCutter	paired harmonic depth A16	all common	1047	1047	855	0.8166189111747851	0.9999999999999998	0.8003563268032675	0.6920332334394363	0.03934269516235024	0
LeafCutter	paired harmonic depth A16	event BH union	496	496	482	0.9717741935483871	1.0	0.9163710413228737	0.6284122132600096	0.036196644321289675	0
LeafCutter	paired harmonic depth A16	event BH intersection	277	277	277	1.0	1.0	0.9580206639968366	0.7570144167196456	0.027262819869927984	0
LeafCutter	paired harmonic depth A16	event BH union, two paths	351	351	340	0.9686609686609686	1.0	0.8983406468953431	0.613390775890776	0.03273864562548506	0
LeafCutter	paired harmonic depth A16	event BH union, multi paths	145	145	142	0.9793103448275862	0.9737863719130615	0.9008752040801431	0.6821169894504802	0.04603036315582661	0
MAJIQ Heterogen	paired harmonic depth A16	all common	3412	3412	2749	0.8056858147713951	0.9999999999999998	0.7999374983162587	0.6899956481631657	0.0408070370896543	0
MAJIQ Heterogen	paired harmonic depth A16	event BH union	1402	1402	1369	0.9764621968616263	1.0	0.9173499943046364	0.6328292117721294	0.039058867476618915	0
MAJIQ Heterogen	paired harmonic depth A16	event BH intersection	759	759	758	0.9986824769433466	1.0	0.9498773462951897	0.7290547041940266	0.031011962615365117	0
MAJIQ Heterogen	paired harmonic depth A16	event BH union, two paths	1006	1006	982	0.9761431411530815	1.0	0.8931655965844277	0.5829410146304729	0.03473253550845773	0
MAJIQ Heterogen	paired harmonic depth A16	event BH union, multi paths	396	396	387	0.9772727272727273	0.9795267669798438	0.9065315049619419	0.7433797207479573	0.04931854109311982	0
SUPPA2	paired harmonic depth A16	all common	3317	3317	2624	0.7910762737413325	0.9999999999999998	0.784309863384107	0.7000339191732775	0.03828574365938178	0
SUPPA2	paired harmonic depth A16	event BH union	1171	1171	1147	0.9795046968403074	1.0	0.9175255792796583	0.616070744099645	0.04023137089150833	0
SUPPA2	paired harmonic depth A16	event BH intersection	627	627	627	1.0	1.0	0.9495401355263239	0.7171831685583201	0.030226206198593567	0
SUPPA2	paired harmonic depth A16	event BH union, two paths	825	825	809	0.9806060606060606	1.0	0.889569548886052	0.5657108450213602	0.03505349006623826	0
SUPPA2	paired harmonic depth A16	event BH union, multi paths	346	346	338	0.976878612716763	0.9771279507460058	0.9028106663798446	0.7164346247192573	0.05019869369994196	0
SUPPA2 primer-aware	paired harmonic depth A16	all common	3156	3156	2497	0.791191381495564	0.9999999999999998	0.7862258320369149	0.6987525346282227	0.03918701758657758	0
SUPPA2 primer-aware	paired harmonic depth A16	event BH union	1142	1142	1120	0.9807355516637478	1.0	0.917841141251897	0.6164517636492349	0.040383800041972104	0
SUPPA2 primer-aware	paired harmonic depth A16	event BH intersection	614	614	614	1.0	1.0	0.9512208359532711	0.7297595035453732	0.030176543421007285	0
SUPPA2 primer-aware	paired harmonic depth A16	event BH union, two paths	795	795	781	0.9823899371069182	1.0	0.8894943323325043	0.5647517087361621	0.03505349006623826	0
SUPPA2 primer-aware	paired harmonic depth A16	event BH union, multi paths	347	347	339	0.9769452449567724	0.9765860439818118	0.9033946254266686	0.7167690371468993	0.05024265233652218	0
SUPPA2/Tealeaf hybrid	paired harmonic depth A16	all common	2300	2300	1760	0.7652173913043478	0.9999868923407431	0.7640584163021662	0.7114403166197688	0.03595274863893958	0
SUPPA2/Tealeaf hybrid	paired harmonic depth A16	event BH union	713	713	694	0.9733520336605891	1.0	0.9270757217853033	0.6685856087553763	0.03745046007634779	0
SUPPA2/Tealeaf hybrid	paired harmonic depth A16	event BH intersection	381	381	380	0.9973753280839895	1.0	0.9593812490780997	0.7694360607789829	0.02993540825276831	0
SUPPA2/Tealeaf hybrid	paired harmonic depth A16	event BH union, two paths	490	490	479	0.9775510204081632	1.0	0.8922212113753485	0.5778432213038653	0.03429787863160126	0
SUPPA2/Tealeaf hybrid	paired harmonic depth A16	event BH union, multi paths	223	223	215	0.9641255605381166	0.9802696627795908	0.918470937940303	0.8137790657409492	0.046826436368575176	0
rMATS (paired)	paired harmonic depth A16	all common	4114	4114	3234	0.786096256684492	0.9999999999999999	0.7839612244887185	0.7007026516431415	0.03761688437894634	0
rMATS (paired)	paired harmonic depth A16	event BH union	1428	1428	1403	0.9824929971988795	1.0	0.9189361101358047	0.6230976578661671	0.03868015627926468	0
rMATS (paired)	paired harmonic depth A16	event BH intersection	765	765	764	0.9986928104575163	1.0	0.9491723813069273	0.7203573600643077	0.030226206198593567	0
rMATS (paired)	paired harmonic depth A16	event BH union, two paths	1034	1034	1016	0.9825918762088974	1.0	0.8926679079224377	0.5769202068840368	0.03484724477363893	0
rMATS (paired)	paired harmonic depth A16	event BH union, multi paths	394	394	387	0.9822335025380711	0.9801156431922422	0.9069013209737391	0.726927979995615	0.04837966266304533	0
scQuint	paired harmonic depth A16	all common	3527	3527	2817	0.7986957754465551	0.9999999999999998	0.7992395064415246	0.710659048718668	0.03907545216334813	0
scQuint	paired harmonic depth A16	event BH union	1400	1400	1371	0.9792857142857143	1.0	0.91775909667401	0.6204398981836217	0.03970283978215537	0
scQuint	paired harmonic depth A16	event BH intersection	775	775	774	0.9987096774193548	1.0	0.9469365253713415	0.7058673689040815	0.03161899488410408	0
scQuint	paired harmonic depth A16	event BH union, two paths	1005	1005	985	0.9800995024875622	1.0	0.8923910099395265	0.577770565168187	0.03505349006623826	0
scQuint	paired harmonic depth A16	event BH union, multi paths	395	395	386	0.9772151898734177	0.9791067845889491	0.9024749203444747	0.7164806193399653	0.05024265233652218	0
LeafCutter	paired harmonic depth A32	all common	1047	1047	855	0.8166189111747851	0.9999999999999998	0.838158358922494	0.754859272728322	0.03400919643641176	0
LeafCutter	paired harmonic depth A32	event BH union	496	496	484	0.9758064516129032	1.0	0.9250692100769279	0.6564795419634128	0.03331222362002427	0
LeafCutter	paired harmonic depth A32	event BH intersection	277	277	277	1.0	1.0	0.9562815707522386	0.7518516343729286	0.025406318518657118	0
LeafCutter	paired harmonic depth A32	event BH union, two paths	351	351	341	0.9715099715099715	1.0	0.9060680460184927	0.6317604617604617	0.029603860502212885	0
LeafCutter	paired harmonic depth A32	event BH union, multi paths	145	145	143	0.9862068965517241	0.9816307445608521	0.9130417376472867	0.7124822862541332	0.04174688379486638	0
MAJIQ Heterogen	paired harmonic depth A32	all common	3412	3412	2771	0.8121336459554513	0.9999999999999999	0.837411636263197	0.7695993268031665	0.032537497767205756	0
MAJIQ Heterogen	paired harmonic depth A32	event BH union	1402	1402	1378	0.9828815977175464	1.0	0.937398534185291	0.7258240238464485	0.033337089662751354	0
MAJIQ Heterogen	paired harmonic depth A32	event BH intersection	759	759	758	0.9986824769433466	1.0	0.9606909121625686	0.7931818593486962	0.02667421903270213	0
MAJIQ Heterogen	paired harmonic depth A32	event BH union, two paths	1006	1006	989	0.9831013916500994	1.0	0.9204601866170744	0.6861670982567739	0.030100556606885785	0
MAJIQ Heterogen	paired harmonic depth A32	event BH union, multi paths	396	396	389	0.9823232323232324	0.9856670886627574	0.9315312640176379	0.8075504913626268	0.04275117631875809	0
SUPPA2	paired harmonic depth A32	all common	3317	3317	2647	0.7980102502261079	0.9999999999999998	0.8238250368550741	0.7827681694921124	0.030367300260713843	0
SUPPA2	paired harmonic depth A32	event BH union	1171	1171	1154	0.9854824935952178	1.0	0.9381348933117928	0.716421150948392	0.03400919643641176	0
SUPPA2	paired harmonic depth A32	event BH intersection	627	627	627	1.0	1.0	0.9598333399495594	0.7765936979119454	0.02684381033272316	0
SUPPA2	paired harmonic depth A32	event BH union, two paths	825	825	815	0.9878787878787879	1.0	0.9157364545655231	0.6659747953215126	0.03039391050038156	0
SUPPA2	paired harmonic depth A32	event BH union, multi paths	346	346	339	0.9797687861271677	0.9856670886627574	0.931453461638122	0.8077335405692565	0.042829578819510286	0
SUPPA2 primer-aware	paired harmonic depth A32	all common	3156	3156	2516	0.7972116603295311	0.9999999999999998	0.8254985999681995	0.7807722620748584	0.030883322930955054	0
SUPPA2 primer-aware	paired harmonic depth A32	event BH union	1142	1142	1126	0.9859894921190894	1.0	0.9374939612871422	0.7118156476397924	0.033951549466535835	0
SUPPA2 primer-aware	paired harmonic depth A32	event BH intersection	614	614	614	1.0	1.0	0.9604477967186127	0.7819928404341671	0.026704877469785174	0
SUPPA2 primer-aware	paired harmonic depth A32	event BH union, two paths	795	795	786	0.9886792452830189	1.0	0.9140925898329737	0.6592072333532115	0.030319999102931698	0
SUPPA2 primer-aware	paired harmonic depth A32	event BH union, multi paths	347	347	340	0.9798270893371758	0.98538909594787	0.9310536378476519	0.8031195376641608	0.042943817681762204	0
SUPPA2/Tealeaf hybrid	paired harmonic depth A32	all common	2300	2300	1770	0.7695652173913043	0.999990757911368	0.7989200089007981	0.7857233348535931	0.026551470016185526	0
SUPPA2/Tealeaf hybrid	paired harmonic depth A32	event BH union	713	713	700	0.9817671809256662	1.0	0.944927851548244	0.7609230984575938	0.03117084356224144	0
SUPPA2/Tealeaf hybrid	paired harmonic depth A32	event BH intersection	381	381	380	0.9973753280839895	1.0	0.9708726915800037	0.8406541356483098	0.02356513992659422	0
SUPPA2/Tealeaf hybrid	paired harmonic depth A32	event BH union, two paths	490	490	482	0.9836734693877551	1.0	0.922944755677758	0.6967770182554799	0.026969466606365344	0
SUPPA2/Tealeaf hybrid	paired harmonic depth A32	event BH union, multi paths	223	223	218	0.9775784753363229	0.9880597700608672	0.941319873991331	0.8585009176376889	0.03927003455303982	0
rMATS (paired)	paired harmonic depth A32	all common	4114	4114	3252	0.7904715605250364	0.9999999999999999	0.8199647409783866	0.7818307725288507	0.029200709391219208	0
rMATS (paired)	paired harmonic depth A32	event BH union	1428	1428	1410	0.9873949579831933	1.0	0.9398507605249544	0.7311566989938468	0.032191530971915634	0
rMATS (paired)	paired harmonic depth A32	event BH intersection	765	765	764	0.9986928104575163	1.0	0.9621249506800582	0.7996915141324804	0.0258128250075743	0
rMATS (paired)	paired harmonic depth A32	event BH union, two paths	1034	1034	1023	0.9893617021276596	1.0	0.9223009443045652	0.6918988329211375	0.02930126513559104	0
rMATS (paired)	paired harmonic depth A32	event BH union, multi paths	394	394	387	0.9822335025380711	0.9880377344467481	0.9345946071821793	0.815129542421274	0.04167984573145135	0
scQuint	paired harmonic depth A32	all common	3527	3527	2838	0.8046498440601078	0.9999999999999999	0.8368645122294662	0.7894716917570804	0.03091287507348383	0
scQuint	paired harmonic depth A32	event BH union	1400	1400	1378	0.9842857142857143	1.0	0.9394471002756886	0.7286743207522045	0.0329540009042723	0
scQuint	paired harmonic depth A32	event BH intersection	775	775	774	0.9987096774193548	1.0	0.9599415441151016	0.78673495693511	0.026470785287528616	0
scQuint	paired harmonic depth A32	event BH union, two paths	1005	1005	990	0.9850746268656716	1.0	0.922982012931536	0.6953518822842218	0.029603860502212885	0
scQuint	paired harmonic depth A32	event BH union, multi paths	395	395	388	0.9822784810126582	0.9870239159702258	0.9303386106641971	0.7985562104369532	0.04257278830104718	0
LeafCutter	paired harmonic depth A4	all common	1047	1047	790	0.7545367717287488	0.9999999999999998	0.6406775688632246	0.502791137833127	0.045214838893574305	0
LeafCutter	paired harmonic depth A4	event BH union	496	496	451	0.9092741935483871	1.0	0.8492290868971463	0.6149503079080544	0.03635753982243173	0
LeafCutter	paired harmonic depth A4	event BH intersection	277	277	268	0.9675090252707581	1.0	0.9256122949145903	0.7281736375144117	0.026773299974133188	0
LeafCutter	paired harmonic depth A4	event BH union, two paths	351	351	319	0.9088319088319088	1.0	0.8591571178101698	0.6050585525585525	0.03187499956359087	0
LeafCutter	paired harmonic depth A4	event BH union, multi paths	145	145	132	0.9103448275862069	0.9149853219544932	0.7931688459541566	0.6367619272555503	0.04569309017573766	0
MAJIQ Heterogen	paired harmonic depth A4	all common	3412	3412	2548	0.7467760844079718	0.9999999999999998	0.6087615265354158	0.46107849093177616	0.05100068844032056	0
MAJIQ Heterogen	paired harmonic depth A4	event BH union	1402	1402	1290	0.920114122681883	1.0	0.8464817487217642	0.5727188908659562	0.0409596721621016	0
MAJIQ Heterogen	paired harmonic depth A4	event BH intersection	759	759	738	0.9723320158102767	1.0	0.9140410711110755	0.6900727446177052	0.0319044340227014	0
MAJIQ Heterogen	paired harmonic depth A4	event BH union, two paths	1006	1006	930	0.9244532803180915	1.0	0.8563921459235376	0.5453886354463592	0.03591185867246618	0
MAJIQ Heterogen	paired harmonic depth A4	event BH union, multi paths	396	396	360	0.9090909090909091	0.9391427031437397	0.7879162274257516	0.6329251124902052	0.05585941700714819	0
SUPPA2	paired harmonic depth A4	all common	3317	3317	2421	0.729876394332228	0.9999961704137342	0.5745748174325073	0.4352059401342581	0.05283157390171495	0
SUPPA2	paired harmonic depth A4	event BH union	1171	1171	1071	0.9146029035012809	1.0	0.838468306756327	0.5438240456611033	0.042298942284398094	0
SUPPA2	paired harmonic depth A4	event BH intersection	627	627	607	0.9681020733652312	1.0	0.9079297527278785	0.6615433530834863	0.03317240666710392	0
SUPPA2	paired harmonic depth A4	event BH union, two paths	825	825	761	0.9224242424242424	1.0	0.8545209957335655	0.521698313205636	0.037381405577049956	0
SUPPA2	paired harmonic depth A4	event BH union, multi paths	346	346	310	0.8959537572254336	0.9347667036435462	0.7649631445806475	0.5848237830743971	0.05784226766433702	0
SUPPA2 primer-aware	paired harmonic depth A4	all common	3156	3156	2310	0.7319391634980988	0.9997259500030109	0.5777734939425367	0.43584259245666757	0.053220962740740826	0
SUPPA2 primer-aware	paired harmonic depth A4	event BH union	1142	1142	1046	0.9159369527145359	1.0	0.8402954369758084	0.5484842944802196	0.04275543534554782	0
SUPPA2 primer-aware	paired harmonic depth A4	event BH intersection	614	614	595	0.9690553745928339	1.0	0.9109062078087146	0.6766279095537474	0.03306849604390992	0
SUPPA2 primer-aware	paired harmonic depth A4	event BH union, two paths	795	795	735	0.9245283018867925	1.0	0.8587195463528502	0.5294644411640446	0.037381405577049956	0
SUPPA2 primer-aware	paired harmonic depth A4	event BH union, multi paths	347	347	311	0.8962536023054755	0.9350878924661334	0.7644041487651129	0.5817738421355862	0.057699595620662826	0
SUPPA2/Tealeaf hybrid	paired harmonic depth A4	all common	2300	2300	1657	0.7204347826086956	0.9961263917736662	0.570558373712664	0.4632695390416651	0.053825771137640255	0
SUPPA2/Tealeaf hybrid	paired harmonic depth A4	event BH union	713	713	665	0.9326788218793829	1.0	0.8650935765051648	0.6030288756377474	0.042050484535511155	0
SUPPA2/Tealeaf hybrid	paired harmonic depth A4	event BH intersection	381	381	376	0.9868766404199475	1.0	0.9240024861287582	0.6966232210778005	0.03514114744729486	0
SUPPA2/Tealeaf hybrid	paired harmonic depth A4	event BH union, two paths	490	490	459	0.936734693877551	1.0	0.866100256672657	0.5548118033964052	0.03846773699384046	0
SUPPA2/Tealeaf hybrid	paired harmonic depth A4	event BH union, multi paths	223	223	206	0.9237668161434978	0.9400831204578096	0.8069513987452676	0.699732283532732	0.05475291798797188	0
rMATS (paired)	paired harmonic depth A4	all common	4114	4114	3006	0.7306757413709285	0.9999999999999998	0.5883023894053465	0.44638915350078	0.052478930795981794	0
rMATS (paired)	paired harmonic depth A4	event BH union	1428	1428	1323	0.9264705882352942	1.0	0.8567653633824581	0.5722054066825419	0.04203990017668948	0
rMATS (paired)	paired harmonic depth A4	event BH intersection	765	765	744	0.9725490196078431	1.0	0.9140169327204484	0.6825078676091982	0.03283759983209034	0
rMATS (paired)	paired harmonic depth A4	event BH union, two paths	1034	1034	963	0.9313346228239845	1.0	0.8680489237099123	0.5539796042947815	0.037439568299367135	0
rMATS (paired)	paired harmonic depth A4	event BH union, multi paths	394	394	360	0.9137055837563451	0.9432161127880332	0.7926534928627228	0.6087710477924496	0.057650266148228727	0
scQuint	paired harmonic depth A4	all common	3527	3527	2606	0.7388715622341934	0.9999999999999998	0.6019393998707538	0.4718366782315532	0.05089045467634434	0
scQuint	paired harmonic depth A4	event BH union	1400	1400	1288	0.92	1.0	0.8450988316882907	0.5573178718094098	0.04203990017668948	0
scQuint	paired harmonic depth A4	event BH intersection	775	775	754	0.9729032258064516	1.0	0.9122115853311963	0.6742552390674986	0.03300847726801405	0
scQuint	paired harmonic depth A4	event BH union, two paths	1005	1005	932	0.9273631840796019	1.0	0.8582427836397816	0.5391948363337251	0.037509738787682365	0
scQuint	paired harmonic depth A4	event BH union, multi paths	395	395	356	0.9012658227848102	0.9403232352080192	0.7786398386376697	0.5927070616205102	0.0586990091437449	0
LeafCutter	paired harmonic depth A64	all common	1047	1047	875	0.8357211079274116	0.9999999999999999	0.8525512590059842	0.7848669737744958	0.025699127452443918	0
LeafCutter	paired harmonic depth A64	event BH union	496	496	481	0.969758064516129	1.0	0.9235189851017487	0.6962094168136875	0.025769896238700712	0
LeafCutter	paired harmonic depth A64	event BH intersection	277	277	277	1.0	1.0	0.9628553734064986	0.7760129363155214	0.02094822241552866	0
LeafCutter	paired harmonic depth A64	event BH union, two paths	351	351	342	0.9743589743589743	1.0	0.9212322685556411	0.6916830391830391	0.022363196308963565	0
LeafCutter	paired harmonic depth A64	event BH union, multi paths	145	145	139	0.9586206896551724	0.989245104413172	0.8947351388996039	0.7031845378680522	0.0335228075489993	0
MAJIQ Heterogen	paired harmonic depth A64	all common	3412	3412	2794	0.8188745603751465	0.9999999999999999	0.848028492942192	0.808826347676447	0.024053655442424736	0
MAJIQ Heterogen	paired harmonic depth A64	event BH union	1402	1402	1375	0.9807417974322397	1.0	0.9475781906151874	0.7927051258399974	0.026195230864565565	0
MAJIQ Heterogen	paired harmonic depth A64	event BH intersection	759	759	759	1.0	1.0	0.972984182601622	0.8612451718113371	0.021254669127306097	0
MAJIQ Heterogen	paired harmonic depth A64	event BH union, two paths	1006	1006	989	0.9831013916500994	1.0	0.9432698529881699	0.7778847789517176	0.023507832743332235	0
MAJIQ Heterogen	paired harmonic depth A64	event BH union, multi paths	396	396	386	0.9747474747474747	0.9910316060173299	0.9348195086769613	0.821381883110672	0.035898642196104155	0
SUPPA2	paired harmonic depth A64	all common	3317	3317	2669	0.8046427494724149	0.9999999999999998	0.8333444978223914	0.8202475999099189	0.021487922511661	0
SUPPA2	paired harmonic depth A64	event BH union	1171	1171	1149	0.9812126387702819	1.0	0.9480359005771619	0.7895687450363451	0.026242838975316336	0
SUPPA2	paired harmonic depth A64	event BH intersection	627	627	627	1.0	1.0	0.9737378445929911	0.8548274669832507	0.02094822241552866	0
SUPPA2	paired harmonic depth A64	event BH union, two paths	825	825	814	0.9866666666666667	1.0	0.9411906327104755	0.7674145009178743	0.02290728712101882	0
SUPPA2	paired harmonic depth A64	event BH union, multi paths	346	346	335	0.9682080924855492	0.9912335552484859	0.9343488494228522	0.8315198017256302	0.035898642196104155	0
SUPPA2 primer-aware	paired harmonic depth A64	all common	3156	3156	2538	0.8041825095057035	0.9999999999999998	0.8356546266786906	0.8186827370155356	0.022070220844618932	0
SUPPA2 primer-aware	paired harmonic depth A64	event BH union	1142	1142	1121	0.9816112084063048	1.0	0.9471531701983072	0.7848225307186274	0.026495360078161483	0
SUPPA2 primer-aware	paired harmonic depth A64	event BH intersection	614	614	614	1.0	1.0	0.9738037685599584	0.8558870975789906	0.020815709930696924	0
SUPPA2 primer-aware	paired harmonic depth A64	event BH union, two paths	795	795	785	0.9874213836477987	1.0	0.939654441076156	0.7610705970324986	0.022827286232863318	0
SUPPA2 primer-aware	paired harmonic depth A64	event BH union, multi paths	347	347	336	0.968299711815562	0.9905487509371447	0.9338098072985468	0.8280170187931637	0.03642269220241226	0
SUPPA2/Tealeaf hybrid	paired harmonic depth A64	all common	2300	2300	1790	0.7782608695652173	0.9999999999999998	0.8107283346196418	0.8228354579207325	0.018527547409783567	0
SUPPA2/Tealeaf hybrid	paired harmonic depth A64	event BH union	713	713	698	0.9789621318373072	1.0	0.9475689041442915	0.8154355963669172	0.02507699157364889	0
SUPPA2/Tealeaf hybrid	paired harmonic depth A64	event BH intersection	381	381	381	1.0	1.0	0.9795222188397457	0.8981902131343528	0.018672048488058833	0
SUPPA2/Tealeaf hybrid	paired harmonic depth A64	event BH union, two paths	490	490	482	0.9836734693877551	1.0	0.9482588773530796	0.7984730278352018	0.021310450681398578	0
SUPPA2/Tealeaf hybrid	paired harmonic depth A64	event BH union, multi paths	223	223	216	0.968609865470852	0.9936272707937495	0.929595682068151	0.8429714147202936	0.03291183876251659	0
rMATS (paired)	paired harmonic depth A64	all common	4114	4114	3288	0.7992221682061255	0.9999999999999999	0.8289670512587167	0.8193404996281614	0.02059416917340704	0
rMATS (paired)	paired harmonic depth A64	event BH union	1428	1428	1406	0.9845938375350141	1.0	0.950451700189745	0.8040883377840845	0.025216920114443056	0
rMATS (paired)	paired harmonic depth A64	event BH intersection	765	765	765	1.0	1.0	0.9752214931467645	0.8728650105620693	0.02077776151098628	0
rMATS (paired)	paired harmonic depth A64	event BH union, two paths	1034	1034	1022	0.988394584139265	1.0	0.946627317084792	0.7895389629947553	0.02229378064332055	0
rMATS (paired)	paired harmonic depth A64	event BH union, multi paths	394	394	384	0.9746192893401016	0.9919391708237488	0.9385936579275719	0.8313865387322544	0.03392997747203777	0
scQuint	paired harmonic depth A64	all common	3527	3527	2871	0.8140062375956904	0.9999999999999999	0.8462716005295546	0.8244747362535264	0.022281549791455343	0
scQuint	paired harmonic depth A64	event BH union	1400	1400	1374	0.9814285714285714	1.0	0.9498987963513725	0.7995094603911241	0.02558511547729993	0
scQuint	paired harmonic depth A64	event BH intersection	775	775	775	1.0	1.0	0.9737800408733928	0.8647272900699401	0.021296670476942375	0
scQuint	paired harmonic depth A64	event BH union, two paths	1005	1005	989	0.9840796019900497	1.0	0.9472420967310934	0.7925285180160047	0.022827286232863318	0
scQuint	paired harmonic depth A64	event BH union, multi paths	395	395	385	0.9746835443037974	0.9917815288917918	0.9350951269064125	0.8129602261774722	0.0350322898748323	0
LeafCutter	paired median CLR A1	all common	1047	1047	689	0.6580706781279847	0.9797915247094694	0.39767434384079997	0.4480344683503271	0.05218039191341719	0
LeafCutter	paired median CLR A1	event BH union	496	496	377	0.7600806451612904	0.9999999999999998	0.5928260475486915	0.5660278385857668	0.03963838717416643	0
LeafCutter	paired median CLR A1	event BH intersection	277	277	227	0.8194945848375451	0.9999999999999999	0.707595807156715	0.5659112954495923	0.02669988588913195	0
LeafCutter	paired median CLR A1	event BH union, two paths	351	351	267	0.7606837606837606	1.0	0.6123729058634081	0.5042524142524143	0.03396192281784138	0
LeafCutter	paired median CLR A1	event BH union, multi paths	145	145	110	0.7586206896551724	0.8339877200692004	0.5619684272640645	0.6567942056369075	0.052913834683980504	0
MAJIQ Heterogen	paired median CLR A1	all common	3412	3411	2234	0.6549399003224861	0.983880204996938	0.36024051624875464	0.4413714238416987	0.06175767651969782	0
MAJIQ Heterogen	paired median CLR A1	event BH union	1402	1402	1064	0.7589158345221113	0.9999999999999999	0.5803547197157618	0.5309013741884014	0.04314785133864736	0
MAJIQ Heterogen	paired median CLR A1	event BH intersection	759	759	611	0.8050065876152833	0.9999999999999999	0.6747134118484147	0.5584826547476662	0.03131773021920057	0
MAJIQ Heterogen	paired median CLR A1	event BH union, two paths	1006	1006	763	0.7584493041749503	1.0	0.5875234305762077	0.46888204042872844	0.03540009103837307	0
MAJIQ Heterogen	paired median CLR A1	event BH union, multi paths	396	396	301	0.76010101010101	0.8364058126569485	0.5636978865865347	0.6092231823061145	0.06493245539278879	0
SUPPA2	paired median CLR A1	all common	3317	3315	2094	0.6316742081447964	0.9621733037358979	0.3037520778109096	0.4063814781837798	0.06865367165892032	0
SUPPA2	paired median CLR A1	event BH union	1171	1171	869	0.7421007685738685	0.9999999999999998	0.5541299497019687	0.493532621623603	0.045084781927710406	0
SUPPA2	paired median CLR A1	event BH intersection	627	627	493	0.7862838915470495	0.9999999999999999	0.6302925355906314	0.503571599310606	0.033507769382795385	0
SUPPA2	paired median CLR A1	event BH union, two paths	825	825	610	0.7393939393939394	1.0	0.5721443196790222	0.41605149499176164	0.03660056677601592	0
SUPPA2	paired median CLR A1	event BH union, multi paths	346	346	259	0.7485549132947977	0.813774123352253	0.5253607639413349	0.5841800576948286	0.06687983021274768	0
SUPPA2 primer-aware	paired median CLR A1	all common	3156	3155	2000	0.6339144215530903	0.9591769787335546	0.3145031012961365	0.39969355450935007	0.06940210926423224	0
SUPPA2 primer-aware	paired median CLR A1	event BH union	1142	1142	849	0.7434325744308231	0.9999999999999998	0.5589982435692548	0.4925002102219951	0.04546180089176616	0
SUPPA2 primer-aware	paired median CLR A1	event BH intersection	614	614	482	0.7850162866449512	0.9999999999999999	0.6307937818517618	0.5020344017384518	0.03357515433799507	0
SUPPA2 primer-aware	paired median CLR A1	event BH union, two paths	795	795	589	0.740880503144654	1.0	0.5845691587474927	0.415650468491882	0.036617662960912144	0
SUPPA2 primer-aware	paired median CLR A1	event BH union, multi paths	347	347	260	0.7492795389048992	0.8065787373468953	0.5213199412950593	0.5831564611157799	0.06702066752903685	0
SUPPA2/Tealeaf hybrid	paired median CLR A1	all common	2300	2298	1489	0.6479547432550044	0.9694388811553735	0.3467919396096637	0.4534981545692205	0.07052974848968274	0
SUPPA2/Tealeaf hybrid	paired median CLR A1	event BH union	713	713	556	0.7798036465638148	0.9999999999999998	0.620708081174695	0.5765555461827323	0.04581188444720547	0
SUPPA2/Tealeaf hybrid	paired median CLR A1	event BH intersection	381	381	314	0.8241469816272966	1.0	0.6654969750406162	0.5713326375674519	0.031622528101173865	0
SUPPA2/Tealeaf hybrid	paired median CLR A1	event BH union, two paths	490	490	381	0.7775510204081633	1.0	0.6441792527939758	0.5108594235490106	0.03400523537775506	0
SUPPA2/Tealeaf hybrid	paired median CLR A1	event BH union, multi paths	223	223	175	0.7847533632286996	0.8339877200692004	0.5864907377599243	0.66467484460758	0.07387153537086509	0
rMATS (paired)	paired median CLR A1	all common	4114	4110	2661	0.6474452554744525	0.9899335928210815	0.34373935952644435	0.4230292003016831	0.06744620212669111	0
rMATS (paired)	paired median CLR A1	event BH union	1428	1428	1089	0.7626050420168067	0.9999999999999999	0.6097714568719448	0.5431825664799014	0.044186250805524414	0
rMATS (paired)	paired median CLR A1	event BH intersection	765	765	615	0.803921568627451	0.9999999999999999	0.6800679428415043	0.5691671471262353	0.03131773021920057	0
rMATS (paired)	paired median CLR A1	event BH union, two paths	1034	1034	790	0.7640232108317214	1.0	0.6268045928070931	0.4838039914509033	0.03597065479169918	0
rMATS (paired)	paired median CLR A1	event BH union, multi paths	394	394	299	0.7588832487309645	0.8414360636855317	0.5777757132161658	0.6039222014633454	0.06958259543218101	0
scQuint	paired median CLR A1	all common	3527	3523	2285	0.6485949474879364	0.9829879885956113	0.35423775162820303	0.4525594087600257	0.061868871660878594	0
scQuint	paired median CLR A1	event BH union	1400	1400	1061	0.7578571428571429	0.9999999999999999	0.5896386694810277	0.537367848511293	0.044186250805524414	0
scQuint	paired median CLR A1	event BH intersection	775	775	624	0.8051612903225807	0.9999999999999999	0.6847783302969375	0.5641855824780937	0.03247754091899078	0
scQuint	paired median CLR A1	event BH union, two paths	1005	1005	757	0.7532338308457711	1.0	0.5971300112185444	0.47088089291449975	0.036617662960912144	0
scQuint	paired median CLR A1	event BH union, multi paths	395	395	304	0.769620253164557	0.8422723135752921	0.5737836056378893	0.6067547543805335	0.06688879800236129	0
LeafCutter	paired median CLR A16	all common	1047	1047	816	0.7793696275071633	0.9999999999999998	0.7683856930838284	0.6232646350720799	0.04410077841754498	0
LeafCutter	paired median CLR A16	event BH union	496	496	477	0.9616935483870968	1.0	0.8991894023450947	0.5590198079975455	0.04282394679223836	0
LeafCutter	paired median CLR A16	event BH intersection	277	277	277	1.0	1.0	0.9457667151238973	0.6956888734813435	0.03214830948598876	0
LeafCutter	paired median CLR A16	event BH union, two paths	351	351	335	0.9544159544159544	1.0	0.8797344706196721	0.5301778776778776	0.03907354848136086	0
LeafCutter	paired median CLR A16	event BH union, multi paths	145	145	142	0.9793103448275862	0.9747563135606189	0.8784020550844363	0.6421626515509368	0.052262504981710964	0
MAJIQ Heterogen	paired median CLR A16	all common	3412	3411	2692	0.7892113749633538	0.9999999999999998	0.7722587410140208	0.6551818540517587	0.045406732654033014	0
MAJIQ Heterogen	paired median CLR A16	event BH union	1402	1402	1360	0.9700427960057061	1.0	0.9042988185518424	0.6041560492829219	0.04450582956782557	0
MAJIQ Heterogen	paired median CLR A16	event BH intersection	759	759	757	0.997364953886693	1.0	0.9417036110821466	0.6918241482710186	0.033867746993003635	0
MAJIQ Heterogen	paired median CLR A16	event BH union, two paths	1006	1006	976	0.9701789264413518	1.0	0.8822366299247233	0.5457544318932777	0.038222759277762586	0
MAJIQ Heterogen	paired median CLR A16	event BH union, multi paths	396	396	384	0.9696969696969697	0.9790196531778889	0.8907317029707428	0.7355787895213334	0.0559293942928243	0
SUPPA2	paired median CLR A16	all common	3317	3316	2561	0.7723160434258143	0.9999999999999998	0.7519649506844739	0.6832393726887411	0.042714420839061094	0
SUPPA2	paired median CLR A16	event BH union	1171	1171	1139	0.9726729291204099	1.0	0.905596469442565	0.5878508561793173	0.04468372021274595	0
SUPPA2	paired median CLR A16	event BH intersection	627	627	626	0.9984051036682615	1.0	0.9408702144115317	0.6722035770713101	0.03458731445980907	0
SUPPA2	paired median CLR A16	event BH union, two paths	825	825	803	0.9733333333333334	1.0	0.876866946674561	0.5196966206411657	0.03889084334606895	0
SUPPA2	paired median CLR A16	event BH union, multi paths	346	346	336	0.9710982658959537	0.9775806433331313	0.8884862774482556	0.7242969393349667	0.0559293942928243	0
SUPPA2 primer-aware	paired median CLR A16	all common	3156	3156	2446	0.7750316856780735	0.9999999999999998	0.7567433983199489	0.6789155783372923	0.04320709656243478	0
SUPPA2 primer-aware	paired median CLR A16	event BH union	1142	1142	1111	0.9728546409807356	1.0	0.9047484745348335	0.5824127164983902	0.044918058897388716	0
SUPPA2 primer-aware	paired median CLR A16	event BH intersection	614	614	613	0.998371335504886	1.0	0.9400487285097305	0.6714503985377597	0.035014503843894706	0
SUPPA2 primer-aware	paired median CLR A16	event BH union, two paths	795	795	775	0.9748427672955975	1.0	0.8746322382123695	0.5105162951777088	0.03873677687399784	0
SUPPA2 primer-aware	paired median CLR A16	event BH union, multi paths	347	347	336	0.968299711815562	0.9765525581352008	0.8876035024101402	0.7209487741678294	0.05599901459850606	0
SUPPA2/Tealeaf hybrid	paired median CLR A16	all common	2300	2297	1738	0.7566390944710492	0.9996581748604204	0.7350108680292524	0.7156171371059115	0.03890838349382126	0
SUPPA2/Tealeaf hybrid	paired median CLR A16	event BH union	713	713	695	0.9747545582047685	1.0	0.9154529986491382	0.6452856384055742	0.04295294277235219	0
SUPPA2/Tealeaf hybrid	paired median CLR A16	event BH intersection	381	381	380	0.9973753280839895	1.0	0.9518801579561706	0.7450723936443739	0.03482824270497065	0
SUPPA2/Tealeaf hybrid	paired median CLR A16	event BH union, two paths	490	490	478	0.9755102040816327	1.0	0.8832271816618054	0.5483896566135857	0.038607771138822536	0
SUPPA2/Tealeaf hybrid	paired median CLR A16	event BH union, multi paths	223	223	217	0.9730941704035875	0.9771195904177528	0.9050596039541147	0.8104948317952801	0.05319451576200199	0
rMATS (paired)	paired median CLR A16	all common	4114	4111	3166	0.7701289224033082	0.9999999999999998	0.7502614682871669	0.6814857735680308	0.041781598430612896	0
rMATS (paired)	paired median CLR A16	event BH union	1428	1428	1391	0.9740896358543417	1.0	0.908992319623922	0.6087615077445521	0.04300317670568253	0
rMATS (paired)	paired median CLR A16	event BH intersection	765	765	763	0.9973856209150327	1.0	0.9441968142970357	0.7013445094795946	0.03261579443294653	0
rMATS (paired)	paired median CLR A16	event BH union, two paths	1034	1034	1008	0.9748549323017408	1.0	0.8860913473934073	0.5550256010759667	0.03718939196384062	0
rMATS (paired)	paired median CLR A16	event BH union, multi paths	394	394	383	0.9720812182741116	0.980713558994197	0.8927725058750285	0.7347694399468694	0.054239195936273764	0
scQuint	paired median CLR A16	all common	3527	3525	2770	0.7858156028368795	0.9999999999999998	0.7727653692744857	0.6865568708593544	0.04316679395066495	0
scQuint	paired median CLR A16	event BH union	1400	1400	1360	0.9714285714285714	1.0	0.9075371175957787	0.6085324198051706	0.043918408454002564	0
scQuint	paired median CLR A16	event BH intersection	775	775	773	0.9974193548387097	1.0	0.940529101295587	0.6783513661920633	0.033867746993003635	0
scQuint	paired median CLR A16	event BH union, two paths	1005	1005	977	0.972139303482587	1.0	0.8852216836285373	0.5558670218092054	0.038084527856454636	0
scQuint	paired median CLR A16	event BH union, multi paths	395	395	383	0.9696202531645569	0.979057943136162	0.8884589839684152	0.7274925571333719	0.05571182124358504	0
LeafCutter	paired median CLR A32	all common	1047	1046	840	0.8030592734225621	0.9999999999999998	0.8155531873027342	0.6969803222138495	0.03672998483095136	0
LeafCutter	paired median CLR A32	event BH union	496	496	482	0.9717741935483871	1.0	0.9092614072635599	0.5923845123527085	0.038365411247729894	0
LeafCutter	paired median CLR A32	event BH intersection	277	277	276	0.9963898916967509	1.0	0.9461869386868579	0.6827243275227564	0.031548252484387966	0
LeafCutter	paired median CLR A32	event BH union, two paths	351	351	341	0.9715099715099715	1.0	0.8870614739673977	0.5594169719169719	0.03591005597825524	0
LeafCutter	paired median CLR A32	event BH union, multi paths	145	145	141	0.9724137931034482	0.9852491132398138	0.9006784530985775	0.6685640056683986	0.04201189048365293	0
MAJIQ Heterogen	paired median CLR A32	all common	3412	3409	2748	0.8061014960398944	0.9999999999999999	0.8136399567924728	0.7285790201717206	0.03479734556012401	0
MAJIQ Heterogen	paired median CLR A32	event BH union	1402	1402	1368	0.9757489300998573	1.0	0.9248821381788757	0.6881370251984896	0.036808208165724554	0
MAJIQ Heterogen	paired median CLR A32	event BH intersection	759	759	757	0.997364953886693	1.0	0.9523338877815521	0.7491177389174649	0.030414488620471723	0
MAJIQ Heterogen	paired median CLR A32	event BH union, two paths	1006	1006	983	0.9771371769383698	1.0	0.9077639181949451	0.6398827152987159	0.03329912794029544	0
MAJIQ Heterogen	paired median CLR A32	event BH union, multi paths	396	396	385	0.9722222222222222	0.9844469479028084	0.9197376435214797	0.7870551962890069	0.04522526940512924	0
SUPPA2	paired median CLR A32	all common	3317	3314	2606	0.7863608931804466	0.9999999999999998	0.796239878139626	0.7567988156675124	0.03199207199509163	0
SUPPA2	paired median CLR A32	event BH union	1171	1171	1146	0.9786507258753202	1.0	0.9263516235977128	0.6806521357831024	0.036884516595987765	0
SUPPA2	paired median CLR A32	event BH intersection	627	627	627	1.0	1.0	0.9524767043808522	0.7327711129842268	0.03091382668779897	0
SUPPA2	paired median CLR A32	event BH union, two paths	825	825	810	0.9818181818181818	1.0	0.9032287401457934	0.6194990051909586	0.03320653805648838	0
SUPPA2	paired median CLR A32	event BH union, multi paths	346	346	336	0.9710982658959537	0.9844469479028084	0.9196652211492415	0.7937288922462524	0.04522526940512924	0
SUPPA2 primer-aware	paired median CLR A32	all common	3156	3154	2485	0.7878883956880152	0.9999999999999998	0.8001671260811511	0.7530135817977816	0.032594931358729456	0
SUPPA2 primer-aware	paired median CLR A32	event BH union	1142	1142	1118	0.978984238178634	1.0	0.9249134498195252	0.6733087067929644	0.037041639746637135	0
SUPPA2 primer-aware	paired median CLR A32	event BH intersection	614	614	614	1.0	1.0	0.9511484854654907	0.7263733225883253	0.031048754578409693	0
SUPPA2 primer-aware	paired median CLR A32	event BH union, two paths	795	795	782	0.9836477987421384	1.0	0.900316099246382	0.607969413151017	0.03324085716282384	0
SUPPA2 primer-aware	paired median CLR A32	event BH union, multi paths	347	347	336	0.968299711815562	0.9831613544512511	0.918270360705292	0.7886629264535162	0.04588533781408262	0
SUPPA2/Tealeaf hybrid	paired median CLR A32	all common	2300	2298	1756	0.7641427328111401	0.9999151338366343	0.7734579332783738	0.7803391390132405	0.028209321811389874	0
SUPPA2/Tealeaf hybrid	paired median CLR A32	event BH union	713	713	699	0.9803646563814866	1.0	0.9352675647123619	0.7431392699853788	0.03529200913929136	0
SUPPA2/Tealeaf hybrid	paired median CLR A32	event BH intersection	381	381	380	0.9973753280839895	1.0	0.9638265372150967	0.8110370744852814	0.029499613513091334	0
SUPPA2/Tealeaf hybrid	paired median CLR A32	event BH union, two paths	490	490	481	0.9816326530612245	1.0	0.9162730005647525	0.6765057883011014	0.03197587201241729	0
SUPPA2/Tealeaf hybrid	paired median CLR A32	event BH union, multi paths	223	223	218	0.9775784753363229	0.9869618588517899	0.9322065172569018	0.8532850996416018	0.040879079429534664	0
rMATS (paired)	paired median CLR A32	all common	4114	4110	3220	0.7834549878345499	0.9999999999999999	0.7909259255918795	0.7573150418615155	0.030849439846379667	0
rMATS (paired)	paired median CLR A32	event BH union	1428	1428	1398	0.9789915966386554	1.0	0.9295314388783538	0.7047739340755999	0.035443214472567305	0
rMATS (paired)	paired median CLR A32	event BH intersection	765	765	764	0.9986928104575163	1.0	0.9571300703054394	0.7724135795966713	0.02907717128698293	0
rMATS (paired)	paired median CLR A32	event BH union, two paths	1034	1034	1015	0.9816247582205029	1.0	0.9133953212783934	0.6603775137340469	0.03257498905908542	0
rMATS (paired)	paired median CLR A32	event BH union, multi paths	394	394	383	0.9720812182741116	0.9867905178131344	0.9230288586766714	0.800781359978379	0.04341319382233153	0
scQuint	paired median CLR A32	all common	3527	3524	2822	0.800794551645857	0.9999999999999999	0.8126645323704832	0.7572711562528069	0.032668757582638576	0
scQuint	paired median CLR A32	event BH union	1400	1400	1367	0.9764285714285714	1.0	0.9286703178551369	0.7011312498483053	0.03588719286549914	0
scQuint	paired median CLR A32	event BH intersection	775	775	774	0.9987096774193548	1.0	0.9530972259372869	0.7501089447619635	0.029622911076077754	0
scQuint	paired median CLR A32	event BH union, two paths	1005	1005	984	0.9791044776119403	1.0	0.9135419871287104	0.6624240641658758	0.0328645074098151	0
scQuint	paired median CLR A32	event BH union, multi paths	395	395	383	0.9696202531645569	0.9852491132398138	0.917791316384925	0.7827701288409378	0.04458340098570176	0
LeafCutter	paired median CLR A4	all common	1047	1047	771	0.7363896848137536	0.9988376188440939	0.5937467891580958	0.44796181361770293	0.05262008969831201	0
LeafCutter	paired median CLR A4	event BH union	496	496	446	0.8991935483870968	1.0	0.8222039272997695	0.5293581626612067	0.04262562254836742	0
LeafCutter	paired median CLR A4	event BH intersection	277	277	268	0.9675090252707581	1.0	0.9168583361880749	0.7005733037177226	0.03277053323133958	0
LeafCutter	paired median CLR A4	event BH union, two paths	351	351	315	0.8974358974358975	1.0	0.8424499684354027	0.5250949050949051	0.0381203715846766	0
LeafCutter	paired median CLR A4	event BH union, multi paths	145	145	131	0.903448275862069	0.9121503084401038	0.7595358545093631	0.5283105022831049	0.05853369167582117	0
MAJIQ Heterogen	paired median CLR A4	all common	3412	3411	2504	0.7340955731457051	0.9999998207926295	0.5829352435309194	0.4347548721050365	0.05822045583775558	0
MAJIQ Heterogen	paired median CLR A4	event BH union	1402	1402	1277	0.9108416547788873	1.0	0.8236439931057159	0.5250471394910184	0.04621369030938095	0
MAJIQ Heterogen	paired median CLR A4	event BH intersection	759	759	734	0.9670619235836627	1.0	0.9004224910466138	0.6531703984898892	0.03630060709163149	0
MAJIQ Heterogen	paired median CLR A4	event BH union, two paths	1006	1006	916	0.9105367793240556	1.0	0.8317574088676132	0.4936523472807936	0.040196239841950004	0
MAJIQ Heterogen	paired median CLR A4	event BH union, multi paths	396	396	361	0.9116161616161617	0.9413748092785302	0.7773819483733436	0.598611179550503	0.06692555142082005	0
SUPPA2	paired median CLR A4	all common	3317	3316	2363	0.712605548854041	0.998794806974138	0.5428824115577187	0.43314682413453504	0.059860121859240584	0
SUPPA2	paired median CLR A4	event BH union	1171	1171	1065	0.9094790777113578	1.0	0.821270604295791	0.4941409535613025	0.047546615934414005	0
SUPPA2	paired median CLR A4	event BH intersection	627	627	605	0.9649122807017544	1.0	0.8942993443376442	0.6296157945659542	0.03825280885592008	0
SUPPA2	paired median CLR A4	event BH union, two paths	825	825	753	0.9127272727272727	1.0	0.8354244444333881	0.4637774534170783	0.04190280789015316	0
SUPPA2	paired median CLR A4	event BH union, multi paths	346	346	312	0.9017341040462428	0.9388825002961338	0.7583257532228228	0.5604610081892472	0.06692555142082005	0
SUPPA2 primer-aware	paired median CLR A4	all common	3156	3156	2259	0.7157794676806084	0.9983894161672668	0.5517990447881693	0.4255067768127372	0.06057228302108267	0
SUPPA2 primer-aware	paired median CLR A4	event BH union	1142	1142	1041	0.9115586690017513	1.0	0.8231061303523082	0.49742242433721334	0.047871708979600705	0
SUPPA2 primer-aware	paired median CLR A4	event BH intersection	614	614	591	0.9625407166123778	1.0	0.8942694135770094	0.634186388996856	0.03853315341721553	0
SUPPA2 primer-aware	paired median CLR A4	event BH union, two paths	795	795	728	0.9157232704402516	1.0	0.8398938177479273	0.469586012855017	0.041974342359080416	0
SUPPA2 primer-aware	paired median CLR A4	event BH union, multi paths	347	347	313	0.9020172910662824	0.9376623524425369	0.7560059126388615	0.5562407698551151	0.06815819273054367	0
SUPPA2/Tealeaf hybrid	paired median CLR A4	all common	2300	2298	1638	0.7127937336814621	0.9952000055664262	0.5514562472973061	0.48001960669850235	0.059390099528546035	0
SUPPA2/Tealeaf hybrid	paired median CLR A4	event BH union	713	713	661	0.9270687237026648	0.9999999999999999	0.8481104269351546	0.5631786919031917	0.0472435524647539	0
SUPPA2/Tealeaf hybrid	paired median CLR A4	event BH intersection	381	381	372	0.9763779527559056	1.0	0.9025034673333258	0.6542241740311533	0.038617357959023976	0
SUPPA2/Tealeaf hybrid	paired median CLR A4	event BH union, two paths	490	490	456	0.9306122448979591	1.0	0.8477923684397243	0.5101502262969587	0.04118358099282841	0
SUPPA2/Tealeaf hybrid	paired median CLR A4	event BH union, multi paths	223	223	205	0.9192825112107623	0.9482774278620199	0.7995686477509683	0.6682447582111259	0.06401343241853935	0
rMATS (paired)	paired median CLR A4	all common	4114	4110	2964	0.7211678832116788	0.9999999999999998	0.5624786929895352	0.4490182001958992	0.05834658404763629	0
rMATS (paired)	paired median CLR A4	event BH union	1428	1428	1314	0.9201680672268907	1.0	0.8409716580457949	0.5365751460101357	0.046233143534948846	0
rMATS (paired)	paired median CLR A4	event BH intersection	765	765	742	0.9699346405228758	1.0	0.9042007161164985	0.6564039698692211	0.03624428422465036	0
rMATS (paired)	paired median CLR A4	event BH union, two paths	1034	1034	953	0.9216634429400387	1.0	0.8522748858410599	0.5175764674767516	0.04109212068016724	0
rMATS (paired)	paired median CLR A4	event BH union, multi paths	394	394	361	0.916243654822335	0.9466558759773089	0.7835676693213434	0.5768052333951194	0.06644606480219833	0
scQuint	paired median CLR A4	all common	3527	3524	2565	0.7278660612939841	0.9999985421100082	0.5823411454514738	0.47058332986751067	0.05591480077722061	0
scQuint	paired median CLR A4	event BH union	1400	1400	1280	0.9142857142857143	1.0	0.8271279427242901	0.519213859657217	0.04651255950472259	0
scQuint	paired median CLR A4	event BH intersection	775	775	752	0.9703225806451613	1.0	0.90249452952323	0.6524084629404773	0.03759879780569606	0
scQuint	paired median CLR A4	event BH union, two paths	1005	1005	920	0.9154228855721394	1.0	0.8369473781884159	0.4947783950988722	0.0414178809068553	0
scQuint	paired median CLR A4	event BH union, multi paths	395	395	360	0.9113924050632911	0.943991938221564	0.7750204030754506	0.5753702935672994	0.06582578988445495	0
LeafCutter	paired median CLR A64	all common	1047	1047	840	0.8022922636103151	0.9999999999999998	0.8284630496127086	0.7397806920711972	0.027423109620579006	0
LeafCutter	paired median CLR A64	event BH union	496	496	481	0.969758064516129	1.0	0.9021348226348058	0.6592055755844942	0.03038854956753008	0
LeafCutter	paired median CLR A64	event BH intersection	277	277	277	1.0	1.0	0.9525819513518476	0.7319367547870351	0.027510134288088826	0
LeafCutter	paired median CLR A64	event BH union, two paths	351	351	341	0.9715099715099715	1.0	0.9057289427437336	0.6420343545343544	0.029201462418644776	0
LeafCutter	paired median CLR A64	event BH union, multi paths	145	145	140	0.9655172413793104	0.9873088604903753	0.8705405230706996	0.6950755786490315	0.03576573510841403	0
MAJIQ Heterogen	paired median CLR A64	all common	3412	3410	2748	0.8058651026392962	0.9999999999999999	0.8297065473955995	0.7744234365121319	0.02491832319684313	0
MAJIQ Heterogen	paired median CLR A64	event BH union	1402	1402	1364	0.9728958630527818	1.0	0.9328267552711688	0.7534171200887769	0.029417506263630253	0
MAJIQ Heterogen	paired median CLR A64	event BH intersection	759	759	759	1.0	1.0	0.9633151583603039	0.8163752234675355	0.02562453092327912	0
MAJIQ Heterogen	paired median CLR A64	event BH union, two paths	1006	1006	980	0.974155069582505	1.0	0.9293352154107423	0.7276972235566428	0.02735099843005872	0
MAJIQ Heterogen	paired median CLR A64	event BH union, multi paths	396	396	384	0.9696969696969697	0.9885942138890991	0.9199294550364736	0.8053869692042062	0.03498355490377694	0
SUPPA2	paired median CLR A64	all common	3317	3315	2613	0.788235294117647	0.9999999999999998	0.8130216175365348	0.8012673229636234	0.02172984111655662	0
SUPPA2	paired median CLR A64	event BH union	1171	1171	1143	0.9760888129803587	1.0	0.9332691982047062	0.7515266365777729	0.02896530277348633	0
SUPPA2	paired median CLR A64	event BH intersection	627	627	627	1.0	1.0	0.9652638337513149	0.8160481765730465	0.025489572555672385	0
SUPPA2	paired median CLR A64	event BH union, two paths	825	825	808	0.9793939393939394	1.0	0.9280999378612346	0.7180400445366713	0.026074013629259225	0
SUPPA2	paired median CLR A64	event BH union, multi paths	346	346	335	0.9682080924855492	0.988177877408634	0.9168238569300564	0.8139905976115239	0.03467194065920049	0
SUPPA2 primer-aware	paired median CLR A64	all common	3156	3155	2494	0.7904912836767036	0.9999999999999998	0.8166968148038914	0.798057159386805	0.022289146304705233	0
SUPPA2 primer-aware	paired median CLR A64	event BH union	1142	1142	1114	0.9754816112084063	1.0	0.9319565072434107	0.7460582031374021	0.029249382024757412	0
SUPPA2 primer-aware	paired median CLR A64	event BH intersection	614	614	614	1.0	1.0	0.9636657892094639	0.8069110637596911	0.025506781605776845	0
SUPPA2 primer-aware	paired median CLR A64	event BH union, two paths	795	795	779	0.979874213836478	1.0	0.9259178880227605	0.7094907788311836	0.02682393141383568	0
SUPPA2 primer-aware	paired median CLR A64	event BH union, multi paths	347	347	335	0.9654178674351584	0.9875233164501508	0.9162654666080002	0.8118417553229681	0.03495698266826143	0
SUPPA2/Tealeaf hybrid	paired median CLR A64	all common	2300	2299	1762	0.7664201826881253	0.9999535216923423	0.788776430053049	0.8212750750041071	0.019056281267198445	0
SUPPA2/Tealeaf hybrid	paired median CLR A64	event BH union	713	713	697	0.9775596072931276	1.0	0.935013068718827	0.7992597845983974	0.027502600684561257	0
SUPPA2/Tealeaf hybrid	paired median CLR A64	event BH intersection	381	381	381	1.0	1.0	0.9713046110496837	0.8596550534517435	0.022582590742046688	0
SUPPA2/Tealeaf hybrid	paired median CLR A64	event BH union, two paths	490	490	480	0.9795918367346939	1.0	0.9393959793624039	0.7684212405239982	0.024525719543933393	0
SUPPA2/Tealeaf hybrid	paired median CLR A64	event BH union, multi paths	223	223	217	0.9730941704035875	0.9880971531180491	0.9146004435004816	0.8461257942760184	0.03472725856857391	0
rMATS (paired)	paired median CLR A64	all common	4114	4111	3235	0.7869131598151301	0.9999999999999999	0.8045045172764339	0.799993233925734	0.020816825967898165	0
rMATS (paired)	paired median CLR A64	event BH union	1428	1428	1398	0.9789915966386554	1.0	0.9369841396534687	0.7722434083905666	0.027828439622897178	0
rMATS (paired)	paired median CLR A64	event BH intersection	765	765	765	1.0	1.0	0.9675545523164087	0.8381901965877051	0.024330394614308092	0
rMATS (paired)	paired median CLR A64	event BH union, two paths	1034	1034	1014	0.9806576402321083	1.0	0.9350545034586124	0.7497166542528971	0.02527568539832801	0
rMATS (paired)	paired median CLR A64	event BH union, multi paths	394	394	384	0.9746192893401016	0.9897421997207881	0.9221699548737982	0.8173361854035285	0.034225902466891577	0
scQuint	paired median CLR A64	all common	3527	3525	2835	0.8042553191489362	0.9999999999999999	0.8263914473425429	0.796713567369316	0.022881291273673016	0
scQuint	paired median CLR A64	event BH union	1400	1400	1364	0.9742857142857143	1.0	0.935539287335519	0.7653853613482166	0.028363271241273517	0
scQuint	paired median CLR A64	event BH intersection	775	775	775	1.0	1.0	0.9646064591353161	0.8234936311397436	0.024904711322848168	0
scQuint	paired median CLR A64	event BH union, two paths	1005	1005	981	0.9761194029850746	1.0	0.9350158794135949	0.7501492206303123	0.025617637169407778	0
scQuint	paired median CLR A64	event BH union, multi paths	395	395	383	0.9696202531645569	0.9892034584139797	0.917330670573471	0.7966098691729997	0.03482227388104085	0
LeafCutter	paired random effects A1	all common	1047	1047	684	0.6532951289398281	0.9602126230684722	0.40772315738809595	0.4910570587130956	0.04439213255979759	1
LeafCutter	paired random effects A1	event BH union	496	496	372	0.75	0.9999999999999998	0.5900974551923859	0.5617818347032341	0.03599764026775158	0
LeafCutter	paired random effects A1	event BH intersection	277	277	216	0.779783393501805	0.9999999999999999	0.6526709689754923	0.5538043901717425	0.027141995769724907	0
LeafCutter	paired random effects A1	event BH union, two paths	351	351	256	0.7293447293447294	1.0	0.5952648057160407	0.5029784104784104	0.027818183166927156	0
LeafCutter	paired random effects A1	event BH union, multi paths	145	145	116	0.8	0.8424683697101237	0.584312633056083	0.6175169264682727	0.05243270410043624	0
MAJIQ Heterogen	paired random effects A1	all common	3412	3412	2236	0.6553341148886284	0.9746187019303278	0.37089802238093844	0.4875051990053024	0.051581058114678474	2
MAJIQ Heterogen	paired random effects A1	event BH union	1402	1402	1065	0.7596291012838802	0.9999999999999998	0.5898842978889921	0.5507840467315644	0.03697619103591407	1
MAJIQ Heterogen	paired random effects A1	event BH intersection	759	759	601	0.7918313570487484	0.9999999999999999	0.6581510614057251	0.5878954558902392	0.027914538977067048	0
MAJIQ Heterogen	paired random effects A1	event BH union, two paths	1006	1006	757	0.7524850894632207	1.0	0.6112280894547506	0.492047227521353	0.028514642557708768	0
MAJIQ Heterogen	paired random effects A1	event BH union, multi paths	396	396	308	0.7777777777777778	0.8155482348179699	0.5557858578771773	0.5971257387831059	0.05911684117175596	1
SUPPA2	paired random effects A1	all common	3317	3317	2094	0.6312933373530298	0.9363900405173601	0.30942561849903966	0.44121025926653856	0.058537566161763546	2
SUPPA2	paired random effects A1	event BH union	1171	1171	867	0.740392826643894	0.9999999999999998	0.5574875594792046	0.5050823939615352	0.03963135294001942	1
SUPPA2	paired random effects A1	event BH intersection	627	627	488	0.7783094098883573	0.9999999999999999	0.6290028804334273	0.5110425823786626	0.029715905267275043	0
SUPPA2	paired random effects A1	event BH union, two paths	825	825	599	0.7260606060606061	1.0	0.578607640860975	0.42728713116733524	0.0304106788071642	0
SUPPA2	paired random effects A1	event BH union, multi paths	346	346	268	0.7745664739884393	0.8143282969712582	0.5278987457629648	0.5781961928365997	0.06042567946082204	1
SUPPA2 primer-aware	paired random effects A1	all common	3156	3156	1994	0.6318124207858048	0.931375855062142	0.31275509595584433	0.4351092173646694	0.058211624683184526	2
SUPPA2 primer-aware	paired random effects A1	event BH union	1142	1142	848	0.7425569176882661	0.9999999999999998	0.5600984808999651	0.5004584597973786	0.03979230619312654	1
SUPPA2 primer-aware	paired random effects A1	event BH intersection	614	614	480	0.7817589576547231	0.9999999999999999	0.632107772610509	0.5079214150750581	0.029831269538147402	0
SUPPA2 primer-aware	paired random effects A1	event BH union, two paths	795	795	579	0.7283018867924528	1.0	0.5881215333645394	0.42298379402358494	0.03041194111242113	0
SUPPA2 primer-aware	paired random effects A1	event BH union, multi paths	347	347	269	0.7752161383285303	0.814233861796656	0.5225268158954566	0.5708855022606136	0.05937103098317796	1
SUPPA2/Tealeaf hybrid	paired random effects A1	all common	2300	2300	1486	0.6460869565217391	0.9497646019691914	0.3348431475766078	0.4644915085337773	0.06357559359789106	1
SUPPA2/Tealeaf hybrid	paired random effects A1	event BH union	713	713	550	0.7713884992987378	0.9999999999999998	0.6172898130750856	0.5789185901443483	0.039418347957127654	1
SUPPA2/Tealeaf hybrid	paired random effects A1	event BH intersection	381	381	310	0.8136482939632546	0.9999999999999999	0.6839109066965322	0.5980470097616964	0.029086447942591555	0
SUPPA2/Tealeaf hybrid	paired random effects A1	event BH union, two paths	490	490	374	0.763265306122449	1.0	0.652783674030379	0.5261801445679167	0.031177934772948012	0
SUPPA2/Tealeaf hybrid	paired random effects A1	event BH union, multi paths	223	223	176	0.7892376681614349	0.818992102396871	0.5641743442372721	0.6194985023460359	0.05899123202448477	1
rMATS (paired)	paired random effects A1	all common	4114	4114	2649	0.6438988818667963	0.9773897512552338	0.339133859901567	0.45790428947939743	0.05852651909305747	2
rMATS (paired)	paired random effects A1	event BH union	1428	1428	1078	0.7549019607843137	0.9999999999999998	0.5999605448932904	0.5553236250980512	0.03866235414609757	1
rMATS (paired)	paired random effects A1	event BH intersection	765	765	604	0.7895424836601307	0.9999999999999999	0.6607253644165126	0.5729630591591139	0.028607614870844664	0
rMATS (paired)	paired random effects A1	event BH union, two paths	1034	1034	773	0.7475822050290135	1.0	0.6303314373585328	0.496955645489012	0.02988788773730142	0
rMATS (paired)	paired random effects A1	event BH union, multi paths	394	394	305	0.7741116751269036	0.8177073699021011	0.5512299227042344	0.6010084595828921	0.061404592914389294	1
scQuint	paired random effects A1	all common	3527	3527	2293	0.6501275871845761	0.9756757675313714	0.35264429675325537	0.48679047539381143	0.05345713065821878	2
scQuint	paired random effects A1	event BH union	1400	1400	1057	0.755	0.9999999999999998	0.5825566659499583	0.5484579576680543	0.03794686422999758	1
scQuint	paired random effects A1	event BH intersection	775	775	612	0.7896774193548387	0.9999999999999999	0.6633202990910817	0.5741365753809586	0.028656206282637566	0
scQuint	paired random effects A1	event BH union, two paths	1005	1005	748	0.7442786069651741	1.0	0.6086530552840412	0.4855620040830122	0.029196898114640858	0
scQuint	paired random effects A1	event BH union, multi paths	395	395	309	0.7822784810126582	0.8288713141391748	0.5431581620825827	0.5852861974496621	0.06069645854822797	1
LeafCutter	paired random effects A16	all common	1047	1047	854	0.8156638013371538	0.9999999999999999	0.8087207679613665	0.6966193059715479	0.03828850032275847	0
LeafCutter	paired random effects A16	event BH union	496	496	483	0.9737903225806451	1.0	0.9199663267788798	0.639825561383944	0.035083885153526215	0
LeafCutter	paired random effects A16	event BH intersection	277	277	277	1.0	1.0	0.957975085967208	0.7601835655945498	0.027273723681855946	0
LeafCutter	paired random effects A16	event BH union, two paths	351	351	340	0.9686609686609686	1.0	0.9031714116930725	0.6243886668886668	0.03227968767520617	0
LeafCutter	paired random effects A16	event BH union, multi paths	145	145	143	0.9862068965517241	0.9735675974587441	0.9028733233109043	0.6851283262478349	0.04752266375234734	0
MAJIQ Heterogen	paired random effects A16	all common	3412	3412	2743	0.8039273153575616	0.9999999999999999	0.8069194308767411	0.7003835652239397	0.04005061959461555	0
MAJIQ Heterogen	paired random effects A16	event BH union	1402	1402	1369	0.9764621968616263	1.0	0.9198529308661034	0.6424706041519844	0.03855421402191896	0
MAJIQ Heterogen	paired random effects A16	event BH intersection	759	759	758	0.9986824769433466	1.0	0.9511040003154908	0.7356334457280582	0.030008859666580807	0
MAJIQ Heterogen	paired random effects A16	event BH union, two paths	1006	1006	981	0.9751491053677932	1.0	0.8972570639388217	0.597843845934457	0.03431364266750754	0
MAJIQ Heterogen	paired random effects A16	event BH union, multi paths	396	396	388	0.9797979797979798	0.9804459940724635	0.9078202052210302	0.7420745734937618	0.04975664532222342	0
SUPPA2	paired random effects A16	all common	3317	3317	2620	0.7898703647874585	0.9999999999999998	0.7887969322698399	0.7109296924759674	0.037567791559800674	0
SUPPA2	paired random effects A16	event BH union	1171	1171	1148	0.9803586678052946	1.0	0.9194824042601897	0.6211832254603668	0.03943125730133278	0
SUPPA2	paired random effects A16	event BH intersection	627	627	627	1.0	1.0	0.9501729111117934	0.720370948980032	0.03021016520434369	0
SUPPA2	paired random effects A16	event BH union, two paths	825	825	809	0.9806060606060606	1.0	0.8915350265259302	0.5724036552553913	0.03488171812568547	0
SUPPA2	paired random effects A16	event BH union, multi paths	346	346	339	0.9797687861271677	0.9797964434841827	0.9051954484856547	0.7179865765006921	0.05003056885077521	0
SUPPA2 primer-aware	paired random effects A16	all common	3156	3156	2492	0.7896070975918885	0.9999999999999998	0.7909224692615534	0.709596876085037	0.03827630346822396	0
SUPPA2 primer-aware	paired random effects A16	event BH union	1142	1142	1120	0.9807355516637478	1.0	0.9194192158114458	0.6193862383084272	0.0396537757072009	0
SUPPA2 primer-aware	paired random effects A16	event BH intersection	614	614	614	1.0	1.0	0.9513695829918765	0.7296471630858686	0.030147744590358933	0
SUPPA2 primer-aware	paired random effects A16	event BH union, two paths	795	795	780	0.9811320754716981	1.0	0.891147023163732	0.5703740650880466	0.03488171812568547	0
SUPPA2 primer-aware	paired random effects A16	event BH union, multi paths	347	347	340	0.9798270893371758	0.9795990081599937	0.9047907983500937	0.7136304288761152	0.050546190486518754	0
SUPPA2/Tealeaf hybrid	paired random effects A16	all common	2300	2300	1769	0.7691304347826087	0.9999935154448225	0.771909406903014	0.7307106623353762	0.034847398818174516	0
SUPPA2/Tealeaf hybrid	paired random effects A16	event BH union	713	713	696	0.9761570827489481	1.0	0.9291934407672842	0.6755633703124315	0.03636628551852838	0
SUPPA2/Tealeaf hybrid	paired random effects A16	event BH intersection	381	381	380	0.9973753280839895	1.0	0.9603847039322171	0.7751796008965398	0.02918546256688085	0
SUPPA2/Tealeaf hybrid	paired random effects A16	event BH union, two paths	490	490	479	0.9775510204081632	1.0	0.8954627722648691	0.5892414787063602	0.032760545618406654	0
SUPPA2/Tealeaf hybrid	paired random effects A16	event BH union, multi paths	223	223	217	0.9730941704035875	0.9804542467480315	0.9204215391765882	0.8112750402548607	0.04391223412576573	0
rMATS (paired)	paired random effects A16	all common	4114	4114	3233	0.7858531842489062	0.9999999999999999	0.789772736931278	0.7144298562436173	0.03621038910936175	0
rMATS (paired)	paired random effects A16	event BH union	1428	1428	1403	0.9824929971988795	1.0	0.9214501876615484	0.634259711781012	0.037610099472662264	0
rMATS (paired)	paired random effects A16	event BH intersection	765	765	764	0.9986928104575163	1.0	0.9512712457874754	0.7326653270086896	0.029530282432482076	0
rMATS (paired)	paired random effects A16	event BH union, two paths	1034	1034	1016	0.9825918762088974	1.0	0.89676684787804	0.5923012865408713	0.034228603803221416	0
rMATS (paired)	paired random effects A16	event BH union, multi paths	394	394	387	0.9822335025380711	0.9819119827975914	0.9077992703558633	0.7288460151867342	0.048071668769004414	0
scQuint	paired random effects A16	all common	3527	3527	2813	0.7975616671392118	0.9999999999999999	0.8063745459539893	0.7226956639900801	0.03767064437730158	0
scQuint	paired random effects A16	event BH union	1400	1400	1371	0.9792857142857143	1.0	0.9205714399441929	0.6306313057156808	0.038173939039044466	0
scQuint	paired random effects A16	event BH intersection	775	775	774	0.9987096774193548	1.0	0.9484495056214526	0.7135809210034467	0.03021016520434369	0
scQuint	paired random effects A16	event BH union, two paths	1005	1005	984	0.9791044776119403	1.0	0.8965656837587543	0.5930576025325126	0.034061513737577716	0
scQuint	paired random effects A16	event BH union, multi paths	395	395	387	0.979746835443038	0.9804377413968954	0.9044398569825186	0.7175953456040844	0.049746865627236125	0
LeafCutter	paired random effects A32	all common	1047	1047	867	0.828080229226361	0.9999999999999999	0.8512317801778921	0.7659755722848826	0.03281082882827524	0
LeafCutter	paired random effects A32	event BH union	496	496	483	0.9737903225806451	1.0	0.9303230791233598	0.6709781661621734	0.03181960765433386	0
LeafCutter	paired random effects A32	event BH intersection	277	277	277	1.0	1.0	0.9594604601158696	0.7572142882146959	0.024384114771637048	0
LeafCutter	paired random effects A32	event BH union, two paths	351	351	342	0.9743589743589743	1.0	0.9104643520890986	0.6478099678099678	0.02818532224285379	0
LeafCutter	paired random effects A32	event BH union, multi paths	145	145	141	0.9724137931034482	0.9845017332336402	0.9218841888192228	0.716395055896709	0.04149975998660457	0
MAJIQ Heterogen	paired random effects A32	all common	3412	3412	2790	0.8177022274325909	0.9999999999999999	0.8450650691242974	0.7786347560657162	0.03170570972626052	0
MAJIQ Heterogen	paired random effects A32	event BH union	1402	1402	1376	0.9814550641940085	1.0	0.9406765828258425	0.7383761367380459	0.03282577895912479	0
MAJIQ Heterogen	paired random effects A32	event BH intersection	759	759	758	0.9986824769433466	1.0	0.9627208999072243	0.8002920103872266	0.02519678132331795	0
MAJIQ Heterogen	paired random effects A32	event BH union, two paths	1006	1006	988	0.9821073558648111	1.0	0.9247968440777284	0.7030106131946555	0.02968047811709909	0
MAJIQ Heterogen	paired random effects A32	event BH union, multi paths	396	396	388	0.9797979797979798	0.986867471054725	0.9357058793652188	0.810720024271024	0.04272812816225971	0
SUPPA2	paired random effects A32	all common	3317	3317	2658	0.8013264998492614	0.9999999999999998	0.8295246575842902	0.7899460107905976	0.029308251663769467	0
SUPPA2	paired random effects A32	event BH union	1171	1171	1152	0.9837745516652434	1.0	0.9410759735207089	0.727245313267295	0.03340887261945345	0
SUPPA2	paired random effects A32	event BH intersection	627	627	627	1.0	1.0	0.9613725491194001	0.7805769142577619	0.02617398385412281	0
SUPPA2	paired random effects A32	event BH union, two paths	825	825	813	0.9854545454545455	1.0	0.9187552906355522	0.6778024871294577	0.030131202313911348	0
SUPPA2	paired random effects A32	event BH union, multi paths	346	346	339	0.9797687861271677	0.9867636289977821	0.9362193590918997	0.8147994550641589	0.04249361368138349	0
SUPPA2 primer-aware	paired random effects A32	all common	3156	3156	2527	0.8006970849176173	0.9999999999999998	0.8315195376333626	0.7883165557171112	0.030086093033826807	0
SUPPA2 primer-aware	paired random effects A32	event BH union	1142	1142	1124	0.9842381786339754	1.0	0.9402608486511003	0.7213787028998542	0.0340285310536752	0
SUPPA2 primer-aware	paired random effects A32	event BH intersection	614	614	614	1.0	1.0	0.9616625317921647	0.7834113266607319	0.026141780925511414	0
SUPPA2 primer-aware	paired random effects A32	event BH union, two paths	795	795	784	0.9861635220125786	1.0	0.9169939808677334	0.6706228256438316	0.030084398242760633	0
SUPPA2 primer-aware	paired random effects A32	event BH union, multi paths	347	347	340	0.9798270893371758	0.9866243331255509	0.9354324959429312	0.8078237163672333	0.042886330908699824	0
SUPPA2/Tealeaf hybrid	paired random effects A32	all common	2300	2300	1786	0.7765217391304348	0.9999999999999998	0.8066533529596056	0.7992455709924231	0.025451499759260886	0
SUPPA2/Tealeaf hybrid	paired random effects A32	event BH union	713	713	701	0.9831697054698457	1.0	0.9472471094498832	0.7709359000861166	0.031155969541416247	0
SUPPA2/Tealeaf hybrid	paired random effects A32	event BH intersection	381	381	380	0.9973753280839895	1.0	0.9710559865416191	0.8423150777963171	0.022369290028314052	0
SUPPA2/Tealeaf hybrid	paired random effects A32	event BH union, two paths	490	490	482	0.9836734693877551	1.0	0.9271242175685014	0.7133117282998315	0.02706576502083553	0
SUPPA2/Tealeaf hybrid	paired random effects A32	event BH union, multi paths	223	223	219	0.9820627802690582	0.9879824709274316	0.944171514148979	0.8574047301625776	0.036724014490324385	0
rMATS (paired)	paired random effects A32	all common	4114	4114	3285	0.798492950899368	0.9999999999999999	0.8269682008195517	0.7915811724611456	0.0277035839389387	0
rMATS (paired)	paired random effects A32	event BH union	1428	1428	1407	0.9852941176470589	1.0	0.9432106316234139	0.7469318872914736	0.03186452397675015	0
rMATS (paired)	paired random effects A32	event BH intersection	765	765	764	0.9986928104575163	1.0	0.9647837768515972	0.8112890710123263	0.02402151037233428	0
rMATS (paired)	paired random effects A32	event BH union, two paths	1034	1034	1021	0.9874274661508704	1.0	0.9270711011493052	0.7109613462436536	0.028767777939908347	0
rMATS (paired)	paired random effects A32	event BH union, multi paths	394	394	386	0.9796954314720813	0.9879995769778265	0.9381605137408824	0.8233361275250115	0.04110419537920369	0
scQuint	paired random effects A32	all common	3527	3527	2875	0.8151403459030337	0.9999999999999999	0.8448982671075879	0.797960422321863	0.0295994384222089	0
scQuint	paired random effects A32	event BH union	1400	1400	1376	0.9828571428571429	1.0	0.9427655070026127	0.741798221034078	0.032502552649593244	0
scQuint	paired random effects A32	event BH intersection	775	775	774	0.9987096774193548	1.0	0.9620421717173768	0.7945546953748746	0.02483634436224965	0
scQuint	paired random effects A32	event BH union, two paths	1005	1005	989	0.9840796019900497	1.0	0.9273413342135736	0.712393605306379	0.028756349331447786	0
scQuint	paired random effects A32	event BH union, multi paths	395	395	387	0.979746835443038	0.9871419885975965	0.9345341556359937	0.802920096031964	0.041874113415623526	0
LeafCutter	paired random effects A4	all common	1047	1047	791	0.7554918815663801	0.9999289047968515	0.6396344868480687	0.5212416236903485	0.04193054725752309	0
LeafCutter	paired random effects A4	event BH union	496	496	453	0.9133064516129032	1.0	0.8475475031487244	0.6181564460074228	0.03470284302122228	0
LeafCutter	paired random effects A4	event BH intersection	277	277	266	0.9602888086642599	1.0	0.9192618958866982	0.7232429093611	0.02901560487696637	0
LeafCutter	paired random effects A4	event BH union, two paths	351	351	318	0.905982905982906	1.0	0.8625031610991518	0.5988275613275613	0.03031589697161886	0
LeafCutter	paired random effects A4	event BH union, multi paths	145	145	135	0.9310344827586207	0.932848181640105	0.7911216849357054	0.6502676743819871	0.04762273814709212	0
MAJIQ Heterogen	paired random effects A4	all common	3412	3412	2527	0.7406213364595545	0.9999999999999998	0.609654387322178	0.4747807190507437	0.048845249470448486	0
MAJIQ Heterogen	paired random effects A4	event BH union	1402	1402	1282	0.9144079885877318	1.0	0.844369524627413	0.5969066442855104	0.03970819800940363	0
MAJIQ Heterogen	paired random effects A4	event BH intersection	759	759	729	0.9604743083003953	1.0	0.9133885291715295	0.7084071546936004	0.031555457618756916	0
MAJIQ Heterogen	paired random effects A4	event BH union, two paths	1006	1006	919	0.9135188866799204	1.0	0.8601022323109425	0.5720146093455128	0.03356669761475875	0
MAJIQ Heterogen	paired random effects A4	event BH union, multi paths	396	396	363	0.9166666666666666	0.9484036495707057	0.7870285687606193	0.6429985535938412	0.05570236365711965	0
SUPPA2	paired random effects A4	all common	3317	3317	2399	0.723243895085921	0.9993117445579509	0.5712936023347759	0.44748536419340756	0.05025056622692891	0
SUPPA2	paired random effects A4	event BH union	1171	1171	1063	0.9077711357813835	1.0	0.8361349646511083	0.5660332320032178	0.04143915728435548	0
SUPPA2	paired random effects A4	event BH intersection	627	627	599	0.9553429027113237	1.0	0.906426858581333	0.6795076738949313	0.03189669917697883	0
SUPPA2	paired random effects A4	event BH union, two paths	825	825	750	0.9090909090909091	1.0	0.8577616146716008	0.5418081589300942	0.03495119987028843	0
SUPPA2	paired random effects A4	event BH union, multi paths	346	346	313	0.9046242774566474	0.9396489929861103	0.7665324719068453	0.6024604678886923	0.056088539095905575	0
SUPPA2 primer-aware	paired random effects A4	all common	3156	3156	2288	0.7249683143219265	0.9986884343084514	0.5762890169309915	0.44750474200784335	0.050806665224410005	0
SUPPA2 primer-aware	paired random effects A4	event BH union	1142	1142	1038	0.9089316987740805	1.0	0.8371849612995813	0.568742060627399	0.04157196923116892	0
SUPPA2 primer-aware	paired random effects A4	event BH intersection	614	614	586	0.9543973941368078	1.0	0.9080578729113646	0.6881132310959117	0.031850948182889235	0
SUPPA2 primer-aware	paired random effects A4	event BH union, two paths	795	795	724	0.9106918238993711	1.0	0.8616929760042611	0.5490477911156467	0.035169075479943565	0
SUPPA2 primer-aware	paired random effects A4	event BH union, multi paths	347	347	314	0.9048991354466859	0.9373832220579409	0.7642208503989307	0.5942564732359545	0.056169611015994984	0
SUPPA2/Tealeaf hybrid	paired random effects A4	all common	2300	2300	1665	0.7239130434782609	0.9972018684512922	0.5750747672028086	0.4772225088856554	0.051918116275145886	0
SUPPA2/Tealeaf hybrid	paired random effects A4	event BH union	713	713	661	0.9270687237026648	1.0	0.8621199782164347	0.6185319960595297	0.041828630152956875	0
SUPPA2/Tealeaf hybrid	paired random effects A4	event BH intersection	381	381	373	0.979002624671916	1.0	0.9208353044823971	0.7135012573690067	0.032855364323202935	0
SUPPA2/Tealeaf hybrid	paired random effects A4	event BH union, two paths	490	490	452	0.9224489795918367	1.0	0.8715603980156971	0.5769253346259975	0.036516161397459716	0
SUPPA2/Tealeaf hybrid	paired random effects A4	event BH union, multi paths	223	223	209	0.9372197309417041	0.956883084167547	0.8038777608827354	0.6989261041951625	0.05383980669575916	0
rMATS (paired)	paired random effects A4	all common	4114	4114	2986	0.7258142926592125	0.9999999999999998	0.5881890843004511	0.46630522311893086	0.04988165782538462	0
rMATS (paired)	paired random effects A4	event BH union	1428	1428	1313	0.9194677871148459	1.0	0.8569734190793051	0.6027339207446719	0.041255420763492034	0
rMATS (paired)	paired random effects A4	event BH intersection	765	765	736	0.9620915032679739	1.0	0.9155096109450999	0.7103291436186794	0.031709214471761546	0
rMATS (paired)	paired random effects A4	event BH union, two paths	1034	1034	952	0.9206963249516441	1.0	0.8745745714019512	0.5838905988294395	0.03538226303895612	0
rMATS (paired)	paired random effects A4	event BH union, multi paths	394	394	361	0.916243654822335	0.9516237485484984	0.7918364679395995	0.6331057268830507	0.05634019975781121	0
scQuint	paired random effects A4	all common	3527	3527	2591	0.7346186560816558	0.9999999999999998	0.603058599834514	0.4910342092904455	0.048888192379015635	0
scQuint	paired random effects A4	event BH union	1400	1400	1280	0.9142857142857143	1.0	0.8456962398363167	0.5911011951682483	0.04087302200922506	0
scQuint	paired random effects A4	event BH intersection	775	775	746	0.9625806451612903	1.0	0.9140485667125432	0.7017540467591123	0.031957729917617306	0
scQuint	paired random effects A4	event BH union, two paths	1005	1005	920	0.9154228855721394	1.0	0.8642517778112816	0.5725323506425324	0.03493793675360022	0
scQuint	paired random effects A4	event BH union, multi paths	395	395	360	0.9113924050632911	0.9519334578074652	0.781781483299009	0.6186837857466914	0.05665809341206588	0
LeafCutter	paired random effects A64	all common	1047	1047	881	0.8414517669531996	0.9999999999999999	0.8657396875985014	0.7965851501965389	0.025725480637968715	0
LeafCutter	paired random effects A64	event BH union	496	496	482	0.9717741935483871	1.0	0.9295765507788967	0.7201508169250105	0.026672642287846805	0
LeafCutter	paired random effects A64	event BH intersection	277	277	277	1.0	1.0	0.9661932198173441	0.7930054010472363	0.021223044925871726	0
LeafCutter	paired random effects A64	event BH union, two paths	351	351	343	0.9772079772079773	1.0	0.9269038193882401	0.715883560883561	0.025028990340050992	0
LeafCutter	paired random effects A64	event BH union, multi paths	145	145	139	0.9586206896551724	0.9926423107899345	0.9046445825713991	0.72094945677846	0.0318000662414523	0
MAJIQ Heterogen	paired random effects A64	all common	3412	3412	2823	0.8273739742086753	0.9999999999999999	0.858765916399491	0.8164495417393616	0.022551647638114056	0
MAJIQ Heterogen	paired random effects A64	event BH union	1402	1402	1377	0.9821683309557775	1.0	0.9509187632913827	0.8059406151765329	0.026063200170263718	0
MAJIQ Heterogen	paired random effects A64	event BH intersection	759	759	759	1.0	1.0	0.9745244307297327	0.8678536083866261	0.020416638480099232	0
MAJIQ Heterogen	paired random effects A64	event BH union, two paths	1006	1006	991	0.9850894632206759	1.0	0.9475155638073783	0.7949592400981033	0.022947747051233754	0
MAJIQ Heterogen	paired random effects A64	event BH union, multi paths	396	396	386	0.9747474747474747	0.9920360311661643	0.9390046748488043	0.8265332919798373	0.03246974446821278	0
SUPPA2	paired random effects A64	all common	3317	3317	2687	0.8100693397648477	0.9999999999999999	0.8427445919183333	0.8270165368469435	0.020633496889295992	0
SUPPA2	paired random effects A64	event BH union	1171	1171	1152	0.9837745516652434	1.0	0.951134762817451	0.8008388450593852	0.02616177278940036	0
SUPPA2	paired random effects A64	event BH intersection	627	627	627	1.0	1.0	0.9753810543346545	0.8613430895901638	0.02052366493802754	0
SUPPA2	paired random effects A64	event BH union, two paths	825	825	816	0.9890909090909091	1.0	0.9447972976966451	0.7813188539286945	0.022800899894381155	0
SUPPA2	paired random effects A64	event BH union, multi paths	346	346	336	0.9710982658959537	0.9921870230074625	0.9384571685373135	0.8385967250254034	0.032384185704452284	0
SUPPA2 primer-aware	paired random effects A64	all common	3156	3156	2558	0.8105196451204055	0.9999999999999998	0.8447736923826212	0.8252945296110178	0.020967752284982433	0
SUPPA2 primer-aware	paired random effects A64	event BH union	1142	1142	1124	0.9842381786339754	1.0	0.950327740276853	0.7963034615945536	0.026672642287846805	0
SUPPA2 primer-aware	paired random effects A64	event BH intersection	614	614	614	1.0	1.0	0.9751876941348351	0.8604311577067981	0.020698766950028143	0
SUPPA2 primer-aware	paired random effects A64	event BH union, two paths	795	795	787	0.989937106918239	1.0	0.9434273945878657	0.7757299161555604	0.023168686366344206	0
SUPPA2 primer-aware	paired random effects A64	event BH union, multi paths	347	347	337	0.9711815561959655	0.9919129249454409	0.9379023267592901	0.8342795877302474	0.032796229200274946	0
SUPPA2/Tealeaf hybrid	paired random effects A64	all common	2300	2300	1819	0.7908695652173913	0.9999999999999998	0.8225312297021832	0.8318533407793772	0.017958566875932478	0
SUPPA2/Tealeaf hybrid	paired random effects A64	event BH union	713	713	699	0.9803646563814866	1.0	0.9508699849005603	0.8267037640654699	0.02501810307355221	0
SUPPA2/Tealeaf hybrid	paired random effects A64	event BH intersection	381	381	381	1.0	1.0	0.9796058836984743	0.8921346632442507	0.01985641279153147	0
SUPPA2/Tealeaf hybrid	paired random effects A64	event BH union, two paths	490	490	483	0.9857142857142858	1.0	0.9527554905910598	0.8157840503037397	0.021658118375625396	0
SUPPA2/Tealeaf hybrid	paired random effects A64	event BH union, multi paths	223	223	216	0.968609865470852	0.9939141446228694	0.9329043432406671	0.8402877573281161	0.030868175411573915	0
rMATS (paired)	paired random effects A64	all common	4114	4114	3322	0.8074866310160428	0.9999999999999999	0.8392739050744151	0.8277257283565823	0.019481469291800488	0
rMATS (paired)	paired random effects A64	event BH union	1428	1428	1408	0.9859943977591037	1.0	0.9533472436137906	0.8175616361630939	0.024854366340327262	0
rMATS (paired)	paired random effects A64	event BH intersection	765	765	765	1.0	1.0	0.9768952889871029	0.8798440979060004	0.019879113592865497	0
rMATS (paired)	paired random effects A64	event BH union, two paths	1034	1034	1024	0.9903288201160542	1.0	0.9509159546102596	0.807646909139647	0.02214708644879943	0
rMATS (paired)	paired random effects A64	event BH union, multi paths	394	394	384	0.9746192893401016	0.9929248208881505	0.9412362817998519	0.8346020336941257	0.031767868633474694	0
scQuint	paired random effects A64	all common	3527	3527	2911	0.8253473206691239	0.9999999999999999	0.8575330498121646	0.8317732260333867	0.020905219057992724	0
scQuint	paired random effects A64	event BH union	1400	1400	1377	0.9835714285714285	1.0	0.9527796453307774	0.8118431663922862	0.02546450959639631	0
scQuint	paired random effects A64	event BH intersection	775	775	775	1.0	1.0	0.975091355859549	0.8702850712678168	0.020238107692345148	0
scQuint	paired random effects A64	event BH union, two paths	1005	1005	992	0.9870646766169154	1.0	0.9513124787362514	0.8093232482372815	0.022002073998781412	0
scQuint	paired random effects A64	event BH union, multi paths	395	395	385	0.9746835443037974	0.9926423107899345	0.9381465029145218	0.8148629519509171	0.03230546431400773	0
LeafCutter	paired-subject balanced pooled local	all common	1047	1047	621	0.5931232091690545	0.8674893206201557	0.2659954322644216	0.5002614483010502	0.05291359135186607	0
LeafCutter	paired-subject balanced pooled local	event BH union	496	496	314	0.6330645161290323	0.9798101864287251	0.39842780049674675	0.5896679195407045	0.0392609899207235	0
LeafCutter	paired-subject balanced pooled local	event BH intersection	277	277	171	0.6173285198555957	0.9928418444723622	0.37504483377017517	0.6034176896436076	0.03192253749827728	0
LeafCutter	paired-subject balanced pooled local	event BH union, two paths	351	351	214	0.6096866096866097	0.9999999999999999	0.40867746063331317	0.5678119103119103	0.0327079501166292	0
LeafCutter	paired-subject balanced pooled local	event BH union, multi paths	145	145	100	0.6896551724137931	0.6897976635862615	0.38472615207541416	0.5726224216658793	0.05799791114614877	0
MAJIQ Heterogen	paired-subject balanced pooled local	all common	3412	3412	2000	0.5861664712778429	0.8613241075602913	0.21627649336096616	0.5078575169413007	0.06409698294637556	0
MAJIQ Heterogen	paired-subject balanced pooled local	event BH union	1402	1402	855	0.6098430813124108	0.9608914794594644	0.3253038247153995	0.5835216173636176	0.04379572458818962	0
MAJIQ Heterogen	paired-subject balanced pooled local	event BH intersection	759	759	454	0.5981554677206851	0.9777093282870558	0.34886202761613333	0.608090361845879	0.03190809352409761	0
MAJIQ Heterogen	paired-subject balanced pooled local	event BH union, two paths	1006	1006	593	0.5894632206759444	0.9999999999999999	0.28899645839083304	0.5380150465686221	0.03624147591471445	0
MAJIQ Heterogen	paired-subject balanced pooled local	event BH union, multi paths	396	396	262	0.6616161616161617	0.6075778838882184	0.37691392757101744	0.604124141649251	0.06398365289996244	0
SUPPA2	paired-subject balanced pooled local	all common	3317	3317	1899	0.5725052758516732	0.7828431492255614	0.1740465224696913	0.483799357880188	0.07312191322036997	0
SUPPA2	paired-subject balanced pooled local	event BH union	1171	1171	696	0.5943637916310845	0.9246469829882472	0.30001694910933446	0.5259027097865581	0.0473002520551399	0
SUPPA2	paired-subject balanced pooled local	event BH intersection	627	627	366	0.583732057416268	0.9359453376321728	0.305168454489723	0.5461119643124379	0.03541550329584758	0
SUPPA2	paired-subject balanced pooled local	event BH union, two paths	825	825	472	0.5721212121212121	0.9999999999999999	0.2617583477532958	0.46593504570137784	0.04052265778203213	0
SUPPA2	paired-subject balanced pooled local	event BH union, multi paths	346	346	224	0.6473988439306358	0.5752987242635732	0.3545855251324728	0.5920565678747141	0.06566619763193299	0
SUPPA2 primer-aware	paired-subject balanced pooled local	all common	3156	3156	1807	0.5725602027883396	0.7734856652010439	0.17774983048952164	0.48177485883689214	0.0719661626131686	0
SUPPA2 primer-aware	paired-subject balanced pooled local	event BH union	1142	1142	679	0.5945709281961471	0.890332423624366	0.3076127609463449	0.5247784001535926	0.04745667583659319	0
SUPPA2 primer-aware	paired-subject balanced pooled local	event BH intersection	614	614	360	0.5863192182410424	0.9363448420188474	0.329641491516449	0.5457570804751944	0.035591696664843284	0
SUPPA2 primer-aware	paired-subject balanced pooled local	event BH union, two paths	795	795	451	0.5672955974842767	0.9999999999999999	0.2678605858573114	0.46278393058395917	0.04120415742790254	0
SUPPA2 primer-aware	paired-subject balanced pooled local	event BH union, multi paths	347	347	228	0.6570605187319885	0.5865086931032184	0.3631904098607745	0.5944377014404627	0.06466614132884765	0
SUPPA2/Tealeaf hybrid	paired-subject balanced pooled local	all common	2300	2300	1340	0.5826086956521739	0.8116391185455659	0.182582955289103	0.5087998180520737	0.07939641015138568	0
SUPPA2/Tealeaf hybrid	paired-subject balanced pooled local	event BH union	713	713	440	0.6171107994389902	0.9645576862712509	0.35061825237520405	0.5748299682323091	0.046148773390654534	0
SUPPA2/Tealeaf hybrid	paired-subject balanced pooled local	event BH intersection	381	381	227	0.5958005249343832	0.97528241227678	0.3820635963577985	0.6169841369718561	0.03206369350489988	0
SUPPA2/Tealeaf hybrid	paired-subject balanced pooled local	event BH union, two paths	490	490	296	0.6040816326530613	0.9999999999999999	0.33250561612880664	0.5055932285075264	0.03443936111317823	0
SUPPA2/Tealeaf hybrid	paired-subject balanced pooled local	event BH union, multi paths	223	223	144	0.6457399103139013	0.7074462050293236	0.37139741346127664	0.6341493238914763	0.06987244576664181	0
rMATS (paired)	paired-subject balanced pooled local	all common	4114	4114	2391	0.5811861934856587	0.8885490676310897	0.19353594617160397	0.5052783495428393	0.07292613453643712	0
rMATS (paired)	paired-subject balanced pooled local	event BH union	1428	1428	867	0.6071428571428571	0.9705682680066541	0.31958443410293635	0.5641261123456112	0.04508020182706307	0
rMATS (paired)	paired-subject balanced pooled local	event BH intersection	765	765	456	0.596078431372549	0.9784150245528349	0.3254714619331023	0.5851969669800309	0.03272633559711232	0
rMATS (paired)	paired-subject balanced pooled local	event BH union, two paths	1034	1034	613	0.59284332688588	0.9999999999999999	0.2941748714526849	0.523078221890139	0.037425036516741006	0
rMATS (paired)	paired-subject balanced pooled local	event BH union, multi paths	394	394	254	0.6446700507614214	0.6199035781046922	0.3575734603537026	0.5648932460185221	0.07003808647934646	0
scQuint	paired-subject balanced pooled local	all common	3527	3527	2054	0.5823646158208109	0.8656070459368971	0.20490715496627704	0.5023728130431562	0.06751280262216969	0
scQuint	paired-subject balanced pooled local	event BH union	1400	1400	849	0.6064285714285714	0.9631342967228356	0.3191436972820148	0.5661235628910307	0.04499813324224389	0
scQuint	paired-subject balanced pooled local	event BH intersection	775	775	465	0.6	0.9804713001490872	0.3408002086070049	0.588555824523141	0.032654439123130936	0
scQuint	paired-subject balanced pooled local	event BH union, two paths	1005	1005	594	0.591044776119403	0.9999999999999999	0.3036206069325928	0.5210852622269594	0.0368705777166586	0
scQuint	paired-subject balanced pooled local	event BH union, multi paths	395	395	255	0.6455696202531646	0.5729293049230343	0.3420905527579919	0.572770304081748	0.07020372719205112	0
LeafCutter	paired-subject pooled local	all common	1047	1047	656	0.626552053486151	0.9585799246679245	0.3534909891503386	0.4785649509889513	0.050045736190916755	0
LeafCutter	paired-subject pooled local	event BH union	496	496	321	0.6471774193548387	0.9846891726524303	0.4537765867085037	0.5674764127285707	0.03871319725754052	0
LeafCutter	paired-subject pooled local	event BH intersection	277	277	169	0.6101083032490975	0.9974559890263022	0.4112920302181917	0.5700414084052173	0.032381939535485446	0
LeafCutter	paired-subject pooled local	event BH union, two paths	351	351	221	0.6296296296296297	1.0	0.44453357352223627	0.500482572982573	0.03298285945120394	0
LeafCutter	paired-subject pooled local	event BH union, multi paths	145	145	100	0.6896551724137931	0.6970285761455148	0.4660481952330214	0.5961029759093056	0.06057887054154321	0
MAJIQ Heterogen	paired-subject pooled local	all common	3412	3412	2110	0.6184056271981243	0.9419653563749395	0.287833565811076	0.4960872749359908	0.0581523628939026	0
MAJIQ Heterogen	paired-subject pooled local	event BH union	1402	1402	893	0.6369472182596291	0.9855638273787033	0.39693082194763746	0.5780244988513408	0.039371297477993304	0
MAJIQ Heterogen	paired-subject pooled local	event BH intersection	759	759	473	0.6231884057971014	0.9969562159822548	0.39495861941390914	0.5927296549172738	0.031308584884839424	0
MAJIQ Heterogen	paired-subject pooled local	event BH union, two paths	1006	1006	633	0.6292246520874751	1.0	0.3825870748308049	0.5117775936386896	0.03139726817015019	0
MAJIQ Heterogen	paired-subject pooled local	event BH union, multi paths	396	396	260	0.6565656565656566	0.6631181283877965	0.41714222235425463	0.6223720481285128	0.06299964186502109	0
SUPPA2	paired-subject pooled local	all common	3317	3317	1992	0.6005426590292433	0.8982712083278319	0.23218142318680007	0.46922142708925224	0.06745837145451727	0
SUPPA2	paired-subject pooled local	event BH union	1171	1171	720	0.6148590947907772	0.9558749098717497	0.362806593454945	0.5225693458128033	0.04409034933511603	0
SUPPA2	paired-subject pooled local	event BH intersection	627	627	381	0.6076555023923444	0.9884656278096221	0.3597936185594078	0.516687650778168	0.03492697997824364	0
SUPPA2	paired-subject pooled local	event BH union, two paths	825	825	500	0.6060606060606061	0.9999999999999999	0.3458782871578983	0.42995373229699385	0.03529779623215721	0
SUPPA2	paired-subject pooled local	event BH union, multi paths	346	346	220	0.6358381502890174	0.5856916444267394	0.38486577865082344	0.6144829519241145	0.06650391140340091	0
SUPPA2 primer-aware	paired-subject pooled local	all common	3156	3156	1896	0.6007604562737643	0.88753958780654	0.23557990739992113	0.4662264896525758	0.06654666821684965	0
SUPPA2 primer-aware	paired-subject pooled local	event BH union	1142	1142	702	0.6147110332749562	0.943305886291149	0.3692691204494842	0.5184158355309001	0.04424078004017233	0
SUPPA2 primer-aware	paired-subject pooled local	event BH intersection	614	614	374	0.6091205211726385	0.9879016493921247	0.37919780256147195	0.5141636461451786	0.03491524231649541	0
SUPPA2 primer-aware	paired-subject pooled local	event BH union, two paths	795	795	479	0.6025157232704402	0.9999999999999999	0.3533190555209255	0.4195194641521853	0.03570925598447812	0
SUPPA2 primer-aware	paired-subject pooled local	event BH union, multi paths	347	347	223	0.6426512968299711	0.5957663047556323	0.3894078616721621	0.615310825039247	0.06632366209596294	0
SUPPA2/Tealeaf hybrid	paired-subject pooled local	all common	2300	2300	1418	0.6165217391304347	0.9283230965038076	0.24644690752961676	0.5041546513976902	0.07397764864817447	0
SUPPA2/Tealeaf hybrid	paired-subject pooled local	event BH union	713	713	471	0.6605890603085554	0.9923024663895682	0.43201422114563237	0.5920771400417645	0.03808828382574032	0
SUPPA2/Tealeaf hybrid	paired-subject pooled local	event BH intersection	381	381	248	0.6509186351706037	0.9976255735100807	0.4486618998877554	0.6039461208159119	0.02961506442901203	0
SUPPA2/Tealeaf hybrid	paired-subject pooled local	event BH union, two paths	490	490	322	0.6571428571428571	1.0	0.42949719176028683	0.5222050496007132	0.028822168812100077	0
SUPPA2/Tealeaf hybrid	paired-subject pooled local	event BH union, multi paths	223	223	149	0.6681614349775785	0.7114921319932281	0.4331025394080795	0.6315057049361982	0.06864536068595255	0
rMATS (paired)	paired-subject pooled local	all common	4114	4114	2516	0.6115702479338843	0.9559547875733935	0.2515665722492216	0.49306197748632036	0.06725478911022363	0
rMATS (paired)	paired-subject pooled local	event BH union	1428	1428	905	0.6337535014005602	0.9874565115018658	0.3952403542299394	0.5601131359343176	0.040462806433367235	0
rMATS (paired)	paired-subject pooled local	event BH intersection	765	765	477	0.6235294117647059	0.9974559890263022	0.38035732981540965	0.561071919369637	0.032381939535485446	0
rMATS (paired)	paired-subject pooled local	event BH union, two paths	1034	1034	652	0.6305609284332688	1.0	0.3848156275725879	0.48609126206041325	0.033168176119368564	0
rMATS (paired)	paired-subject pooled local	event BH union, multi paths	394	394	253	0.6421319796954315	0.6696322397661556	0.4108412681712716	0.6107516702611842	0.06689385353074648	0
scQuint	paired-subject pooled local	all common	3527	3527	2133	0.604763254890842	0.9331082476354455	0.2547857721948648	0.49990878424530083	0.06241930420330735	0
scQuint	paired-subject pooled local	event BH union	1400	1400	877	0.6264285714285714	0.9838418269178927	0.3814578772749521	0.5757335298932005	0.04021484313716295	0
scQuint	paired-subject pooled local	event BH intersection	775	775	480	0.6193548387096774	0.9972540459765703	0.3863748395787937	0.5832619237283546	0.03260506507950624	0
scQuint	paired-subject pooled local	event BH union, two paths	1005	1005	626	0.6228855721393035	1.0	0.3783819934691787	0.5083344376861859	0.03298285945120394	0
scQuint	paired-subject pooled local	event BH union, multi paths	395	395	251	0.6354430379746835	0.595843253754777	0.38668540231931553	0.5977612012952244	0.06748392635677034	0
LeafCutter	pooled local	all common	1047	1047	656	0.626552053486151	0.9585799246679245	0.3534909891503386	0.4785649509889513	0.050045736190916755	0
LeafCutter	pooled local	event BH union	496	496	321	0.6471774193548387	0.9846891726524303	0.4537765867085037	0.5674764127285707	0.03871319725754052	0
LeafCutter	pooled local	event BH intersection	277	277	169	0.6101083032490975	0.9974559890263022	0.4112920302181917	0.5700414084052173	0.032381939535485446	0
LeafCutter	pooled local	event BH union, two paths	351	351	221	0.6296296296296297	1.0	0.44453357352223627	0.500482572982573	0.03298285945120394	0
LeafCutter	pooled local	event BH union, multi paths	145	145	100	0.6896551724137931	0.6970285761455148	0.4660481952330214	0.5961029759093056	0.06057887054154321	0
MAJIQ Heterogen	pooled local	all common	3412	3412	2110	0.6184056271981243	0.9419653563749395	0.287833565811076	0.4960872749359908	0.0581523628939026	0
MAJIQ Heterogen	pooled local	event BH union	1402	1402	893	0.6369472182596291	0.9855638273787033	0.39693082194763746	0.5780244988513408	0.039371297477993304	0
MAJIQ Heterogen	pooled local	event BH intersection	759	759	473	0.6231884057971014	0.9969562159822548	0.39495861941390914	0.5927296549172738	0.031308584884839424	0
MAJIQ Heterogen	pooled local	event BH union, two paths	1006	1006	633	0.6292246520874751	1.0	0.3825870748308049	0.5117775936386896	0.03139726817015019	0
MAJIQ Heterogen	pooled local	event BH union, multi paths	396	396	260	0.6565656565656566	0.6631181283877965	0.41714222235425463	0.6223720481285128	0.06299964186502109	0
SUPPA2	pooled local	all common	3317	3317	1992	0.6005426590292433	0.8982712083278319	0.23218142318680007	0.46922142708925224	0.06745837145451727	0
SUPPA2	pooled local	event BH union	1171	1171	720	0.6148590947907772	0.9558749098717497	0.362806593454945	0.5225693458128033	0.04409034933511603	0
SUPPA2	pooled local	event BH intersection	627	627	381	0.6076555023923444	0.9884656278096221	0.3597936185594078	0.516687650778168	0.03492697997824364	0
SUPPA2	pooled local	event BH union, two paths	825	825	500	0.6060606060606061	0.9999999999999999	0.3458782871578983	0.42995373229699385	0.03529779623215721	0
SUPPA2	pooled local	event BH union, multi paths	346	346	220	0.6358381502890174	0.5856916444267394	0.38486577865082344	0.6144829519241145	0.06650391140340091	0
SUPPA2 primer-aware	pooled local	all common	3156	3156	1896	0.6007604562737643	0.88753958780654	0.23557990739992113	0.4662264896525758	0.06654666821684965	0
SUPPA2 primer-aware	pooled local	event BH union	1142	1142	702	0.6147110332749562	0.943305886291149	0.3692691204494842	0.5184158355309001	0.04424078004017233	0
SUPPA2 primer-aware	pooled local	event BH intersection	614	614	374	0.6091205211726385	0.9879016493921247	0.37919780256147195	0.5141636461451786	0.03491524231649541	0
SUPPA2 primer-aware	pooled local	event BH union, two paths	795	795	479	0.6025157232704402	0.9999999999999999	0.3533190555209255	0.4195194641521853	0.03570925598447812	0
SUPPA2 primer-aware	pooled local	event BH union, multi paths	347	347	223	0.6426512968299711	0.5957663047556323	0.3894078616721621	0.615310825039247	0.06632366209596294	0
SUPPA2/Tealeaf hybrid	pooled local	all common	2300	2300	1418	0.6165217391304347	0.9283230965038076	0.24644690752961676	0.5041546513976902	0.07397764864817447	0
SUPPA2/Tealeaf hybrid	pooled local	event BH union	713	713	471	0.6605890603085554	0.9923024663895682	0.43201422114563237	0.5920771400417645	0.03808828382574032	0
SUPPA2/Tealeaf hybrid	pooled local	event BH intersection	381	381	248	0.6509186351706037	0.9976255735100807	0.4486618998877554	0.6039461208159119	0.02961506442901203	0
SUPPA2/Tealeaf hybrid	pooled local	event BH union, two paths	490	490	322	0.6571428571428571	1.0	0.42949719176028683	0.5222050496007132	0.028822168812100077	0
SUPPA2/Tealeaf hybrid	pooled local	event BH union, multi paths	223	223	149	0.6681614349775785	0.7114921319932281	0.4331025394080795	0.6315057049361982	0.06864536068595255	0
rMATS (paired)	pooled local	all common	4114	4114	2516	0.6115702479338843	0.9559547875733935	0.2515665722492216	0.49306197748632036	0.06725478911022363	0
rMATS (paired)	pooled local	event BH union	1428	1428	905	0.6337535014005602	0.9874565115018658	0.3952403542299394	0.5601131359343176	0.040462806433367235	0
rMATS (paired)	pooled local	event BH intersection	765	765	477	0.6235294117647059	0.9974559890263022	0.38035732981540965	0.561071919369637	0.032381939535485446	0
rMATS (paired)	pooled local	event BH union, two paths	1034	1034	652	0.6305609284332688	1.0	0.3848156275725879	0.48609126206041325	0.033168176119368564	0
rMATS (paired)	pooled local	event BH union, multi paths	394	394	253	0.6421319796954315	0.6696322397661556	0.4108412681712716	0.6107516702611842	0.06689385353074648	0
scQuint	pooled local	all common	3527	3527	2133	0.604763254890842	0.9331082476354455	0.2547857721948648	0.49990878424530083	0.06241930420330735	0
scQuint	pooled local	event BH union	1400	1400	877	0.6264285714285714	0.9838418269178927	0.3814578772749521	0.5757335298932005	0.04021484313716295	0
scQuint	pooled local	event BH intersection	775	775	480	0.6193548387096774	0.9972540459765703	0.3863748395787937	0.5832619237283546	0.03260506507950624	0
scQuint	pooled local	event BH union, two paths	1005	1005	626	0.6228855721393035	1.0	0.3783819934691787	0.5083344376861859	0.03298285945120394	0
scQuint	pooled local	event BH union, multi paths	395	395	251	0.6354430379746835	0.595843253754777	0.38668540231931553	0.5977612012952244	0.06748392635677034	0
LeafCutter	primer-balanced pooled local	all common	1047	1047	621	0.5931232091690545	0.8674893206201557	0.2659954322644216	0.5002614483010502	0.05291359135186607	0
LeafCutter	primer-balanced pooled local	event BH union	496	496	314	0.6330645161290323	0.9798101864287251	0.39842780049674675	0.5896679195407045	0.0392609899207235	0
LeafCutter	primer-balanced pooled local	event BH intersection	277	277	171	0.6173285198555957	0.9928418444723622	0.37504483377017517	0.6034176896436076	0.03192253749827728	0
LeafCutter	primer-balanced pooled local	event BH union, two paths	351	351	214	0.6096866096866097	0.9999999999999999	0.40867746063331317	0.5678119103119103	0.0327079501166292	0
LeafCutter	primer-balanced pooled local	event BH union, multi paths	145	145	100	0.6896551724137931	0.6897976635862615	0.38472615207541416	0.5726224216658793	0.05799791114614877	0
MAJIQ Heterogen	primer-balanced pooled local	all common	3412	3412	2000	0.5861664712778429	0.8613241075602913	0.21627649336096616	0.5078575169413007	0.06409698294637556	0
MAJIQ Heterogen	primer-balanced pooled local	event BH union	1402	1402	855	0.6098430813124108	0.9608914794594644	0.3253038247153995	0.5835216173636176	0.04379572458818962	0
MAJIQ Heterogen	primer-balanced pooled local	event BH intersection	759	759	454	0.5981554677206851	0.9777093282870558	0.34886202761613333	0.608090361845879	0.03190809352409761	0
MAJIQ Heterogen	primer-balanced pooled local	event BH union, two paths	1006	1006	593	0.5894632206759444	0.9999999999999999	0.28899645839083304	0.5380150465686221	0.03624147591471445	0
MAJIQ Heterogen	primer-balanced pooled local	event BH union, multi paths	396	396	262	0.6616161616161617	0.6075778838882184	0.37691392757101744	0.604124141649251	0.06398365289996244	0
SUPPA2	primer-balanced pooled local	all common	3317	3317	1899	0.5725052758516732	0.7828431492255614	0.1740465224696913	0.483799357880188	0.07312191322036997	0
SUPPA2	primer-balanced pooled local	event BH union	1171	1171	696	0.5943637916310845	0.9246469829882472	0.30001694910933446	0.5259027097865581	0.0473002520551399	0
SUPPA2	primer-balanced pooled local	event BH intersection	627	627	366	0.583732057416268	0.9359453376321728	0.305168454489723	0.5461119643124379	0.03541550329584758	0
SUPPA2	primer-balanced pooled local	event BH union, two paths	825	825	472	0.5721212121212121	0.9999999999999999	0.2617583477532958	0.46593504570137784	0.04052265778203213	0
SUPPA2	primer-balanced pooled local	event BH union, multi paths	346	346	224	0.6473988439306358	0.5752987242635732	0.3545855251324728	0.5920565678747141	0.06566619763193299	0
SUPPA2 primer-aware	primer-balanced pooled local	all common	3156	3156	1807	0.5725602027883396	0.7734856652010439	0.17774983048952164	0.48177485883689214	0.0719661626131686	0
SUPPA2 primer-aware	primer-balanced pooled local	event BH union	1142	1142	679	0.5945709281961471	0.890332423624366	0.3076127609463449	0.5247784001535926	0.04745667583659319	0
SUPPA2 primer-aware	primer-balanced pooled local	event BH intersection	614	614	360	0.5863192182410424	0.9363448420188474	0.329641491516449	0.5457570804751944	0.035591696664843284	0
SUPPA2 primer-aware	primer-balanced pooled local	event BH union, two paths	795	795	451	0.5672955974842767	0.9999999999999999	0.2678605858573114	0.46278393058395917	0.04120415742790254	0
SUPPA2 primer-aware	primer-balanced pooled local	event BH union, multi paths	347	347	228	0.6570605187319885	0.5865086931032184	0.3631904098607745	0.5944377014404627	0.06466614132884765	0
SUPPA2/Tealeaf hybrid	primer-balanced pooled local	all common	2300	2300	1340	0.5826086956521739	0.8116391185455659	0.182582955289103	0.5087998180520737	0.07939641015138568	0
SUPPA2/Tealeaf hybrid	primer-balanced pooled local	event BH union	713	713	440	0.6171107994389902	0.9645576862712509	0.35061825237520405	0.5748299682323091	0.046148773390654534	0
SUPPA2/Tealeaf hybrid	primer-balanced pooled local	event BH intersection	381	381	227	0.5958005249343832	0.97528241227678	0.3820635963577985	0.6169841369718561	0.03206369350489988	0
SUPPA2/Tealeaf hybrid	primer-balanced pooled local	event BH union, two paths	490	490	296	0.6040816326530613	0.9999999999999999	0.33250561612880664	0.5055932285075264	0.03443936111317823	0
SUPPA2/Tealeaf hybrid	primer-balanced pooled local	event BH union, multi paths	223	223	144	0.6457399103139013	0.7074462050293236	0.37139741346127664	0.6341493238914763	0.06987244576664181	0
rMATS (paired)	primer-balanced pooled local	all common	4114	4114	2391	0.5811861934856587	0.8885490676310897	0.19353594617160397	0.5052783495428393	0.07292613453643712	0
rMATS (paired)	primer-balanced pooled local	event BH union	1428	1428	867	0.6071428571428571	0.9705682680066541	0.31958443410293635	0.5641261123456112	0.04508020182706307	0
rMATS (paired)	primer-balanced pooled local	event BH intersection	765	765	456	0.596078431372549	0.9784150245528349	0.3254714619331023	0.5851969669800309	0.03272633559711232	0
rMATS (paired)	primer-balanced pooled local	event BH union, two paths	1034	1034	613	0.59284332688588	0.9999999999999999	0.2941748714526849	0.523078221890139	0.037425036516741006	0
rMATS (paired)	primer-balanced pooled local	event BH union, multi paths	394	394	254	0.6446700507614214	0.6199035781046922	0.3575734603537026	0.5648932460185221	0.07003808647934646	0
scQuint	primer-balanced pooled local	all common	3527	3527	2054	0.5823646158208109	0.8656070459368971	0.20490715496627704	0.5023728130431562	0.06751280262216969	0
scQuint	primer-balanced pooled local	event BH union	1400	1400	849	0.6064285714285714	0.9631342967228356	0.3191436972820148	0.5661235628910307	0.04499813324224389	0
scQuint	primer-balanced pooled local	event BH intersection	775	775	465	0.6	0.9804713001490872	0.3408002086070049	0.588555824523141	0.032654439123130936	0
scQuint	primer-balanced pooled local	event BH union, two paths	1005	1005	594	0.591044776119403	0.9999999999999999	0.3036206069325928	0.5210852622269594	0.0368705777166586	0
scQuint	primer-balanced pooled local	event BH union, multi paths	395	395	255	0.6455696202531646	0.5729293049230343	0.3420905527579919	0.572770304081748	0.07020372719205112	0
LeafCutter	subject arithmetic mean A1	all common	1047	1047	741	0.7077363896848138	0.9944341376226014	0.44661833012902125	0.45110605198762393	0.04975885007742965	0
LeafCutter	subject arithmetic mean A1	event BH union	496	496	405	0.8165322580645161	0.9999999999999999	0.6502257354478783	0.5214090997598494	0.04039003548670578	0
LeafCutter	subject arithmetic mean A1	event BH intersection	277	277	241	0.8700361010830325	1.0	0.7259255547668034	0.5344411333278377	0.030594446960487645	0
LeafCutter	subject arithmetic mean A1	event BH union, two paths	351	351	284	0.8091168091168092	1.0	0.6438486341632222	0.44196164946164945	0.03565964721409828	0
LeafCutter	subject arithmetic mean A1	event BH union, multi paths	145	145	121	0.8344827586206897	0.8947551990371978	0.6533141781226085	0.6752322468902534	0.05022005515442948	0
MAJIQ Heterogen	subject arithmetic mean A1	all common	3412	3412	2303	0.6749706916764361	0.9865062581834486	0.39429780286366956	0.42977507809904386	0.05797906545625354	0
MAJIQ Heterogen	subject arithmetic mean A1	event BH union	1402	1402	1111	0.7924393723252496	0.9999999999999999	0.6351765779163494	0.5030933271925716	0.04445791184571918	0
MAJIQ Heterogen	subject arithmetic mean A1	event BH intersection	759	759	647	0.852437417654809	1.0	0.7360029981645391	0.5801745530512067	0.03175644163490363	0
MAJIQ Heterogen	subject arithmetic mean A1	event BH union, two paths	1006	1006	789	0.7842942345924453	1.0	0.6500510977978897	0.43601975277240196	0.03714188972142633	0
MAJIQ Heterogen	subject arithmetic mean A1	event BH union, multi paths	396	396	322	0.8131313131313131	0.8536219369295859	0.6049476220164561	0.6131477063785836	0.06116951611471991	0
SUPPA2	subject arithmetic mean A1	all common	3317	3317	2146	0.6469701537533916	0.9623454499033965	0.33473028317327963	0.3936184132128087	0.06400324242564653	0
SUPPA2	subject arithmetic mean A1	event BH union	1171	1171	912	0.7788215200683177	0.9999999999999998	0.6150225001872808	0.470588050220697	0.046631422829442895	0
SUPPA2	subject arithmetic mean A1	event BH intersection	627	627	527	0.8405103668261563	1.0	0.7048682404010859	0.5068347901152324	0.034547459030558565	0
SUPPA2	subject arithmetic mean A1	event BH union, two paths	825	825	634	0.7684848484848484	1.0	0.6368336510616969	0.3902396731128014	0.039542391310341256	0
SUPPA2	subject arithmetic mean A1	event BH union, multi paths	346	346	278	0.8034682080924855	0.8427713654039366	0.5770267650164026	0.5878569985217782	0.0628104380543882	0
SUPPA2 primer-aware	subject arithmetic mean A1	all common	3156	3156	2047	0.6486058301647655	0.9583418069209171	0.34030138349566535	0.391303390449549	0.06369428241254699	0
SUPPA2 primer-aware	subject arithmetic mean A1	event BH union	1142	1142	895	0.7837127845884413	0.9999999999999998	0.618288285185115	0.47030690711220535	0.04665285535745943	0
SUPPA2 primer-aware	subject arithmetic mean A1	event BH intersection	614	614	518	0.8436482084690554	1.0	0.7087982538358601	0.5114539444941186	0.03476130620390698	0
SUPPA2 primer-aware	subject arithmetic mean A1	event BH union, two paths	795	795	616	0.7748427672955975	1.0	0.6485134751149099	0.3913960038298044	0.039542391310341256	0
SUPPA2 primer-aware	subject arithmetic mean A1	event BH union, multi paths	347	347	279	0.8040345821325648	0.8385496231500793	0.5698250624569638	0.581388121884153	0.06293186037262508	0
SUPPA2/Tealeaf hybrid	subject arithmetic mean A1	all common	2300	2300	1509	0.6560869565217391	0.9630795547441888	0.3635432647601709	0.43027895271156336	0.06599679812560696	0
SUPPA2/Tealeaf hybrid	subject arithmetic mean A1	event BH union	713	713	577	0.8092566619915849	0.9999999999999999	0.6740750715869852	0.5437621823710967	0.04473363210660124	0
SUPPA2/Tealeaf hybrid	subject arithmetic mean A1	event BH intersection	381	381	333	0.8740157480314961	1.0	0.7555448634302407	0.5616377692386136	0.034670575727909846	0
SUPPA2/Tealeaf hybrid	subject arithmetic mean A1	event BH union, two paths	490	490	394	0.8040816326530612	1.0	0.7037158471826472	0.4814764419880882	0.037196429760668406	0
SUPPA2/Tealeaf hybrid	subject arithmetic mean A1	event BH union, multi paths	223	223	183	0.820627802690583	0.8719931580783115	0.622191424202564	0.6427629984244333	0.06047489483752525	0
rMATS (paired)	subject arithmetic mean A1	all common	4114	4114	2724	0.6621293145357317	0.988570266914871	0.3674801841039549	0.40070150294781753	0.06326047295584548	0
rMATS (paired)	subject arithmetic mean A1	event BH union	1428	1428	1132	0.7927170868347339	0.9999999999999999	0.6528494051980162	0.5085758702909758	0.04618925208140842	0
rMATS (paired)	subject arithmetic mean A1	event BH intersection	765	765	652	0.8522875816993464	1.0	0.7353362648876864	0.5658048414778266	0.033522138732575764	0
rMATS (paired)	subject arithmetic mean A1	event BH union, two paths	1034	1034	814	0.7872340425531915	1.0	0.6774182892351364	0.44291205512565746	0.038511010295700546	0
rMATS (paired)	subject arithmetic mean A1	event BH union, multi paths	394	394	318	0.8071065989847716	0.861822549381898	0.6055707778747367	0.6114069727917016	0.06613255179645987	0
scQuint	subject arithmetic mean A1	all common	3527	3527	2363	0.6699744825630848	0.9881874452769581	0.3847218280732129	0.4316325877482858	0.059464245467621905	0
scQuint	subject arithmetic mean A1	event BH union	1400	1400	1107	0.7907142857142857	0.9999999999999999	0.6351709663833572	0.5108739253729941	0.04539971912753146	0
scQuint	subject arithmetic mean A1	event BH intersection	775	775	659	0.8503225806451613	1.0	0.7376244133266744	0.5693712345612175	0.03375472236062539	0
scQuint	subject arithmetic mean A1	event BH union, two paths	1005	1005	786	0.7820895522388059	1.0	0.6558341778184517	0.44347427949399404	0.03723812062294869	0
scQuint	subject arithmetic mean A1	event BH union, multi paths	395	395	321	0.8126582278481013	0.8678996502926208	0.5976306209797451	0.6087351702464471	0.0645633936176483	0
LeafCutter	subject arithmetic mean A16	all common	1047	1047	860	0.8213944603629417	0.9999999999999998	0.8124884217183742	0.6980427176788694	0.03712691708266159	0
LeafCutter	subject arithmetic mean A16	event BH union	496	496	483	0.9737903225806451	1.0	0.9173056278674393	0.6215818862343169	0.03478177088344678	0
LeafCutter	subject arithmetic mean A16	event BH intersection	277	277	277	1.0	1.0	0.958198783104346	0.7556825046947216	0.02590468737571753	0
LeafCutter	subject arithmetic mean A16	event BH union, two paths	351	351	341	0.9715099715099715	1.0	0.8953035982843025	0.5897258297258298	0.03316202891976628	0
LeafCutter	subject arithmetic mean A16	event BH union, multi paths	145	145	142	0.9793103448275862	0.9795248331340448	0.9024570519463457	0.7024799244213509	0.04200192668471864	0
MAJIQ Heterogen	subject arithmetic mean A16	all common	3412	3412	2765	0.8103751465416178	0.9999999999999999	0.8109993726419598	0.7076162807207396	0.03946942584741671	0
MAJIQ Heterogen	subject arithmetic mean A16	event BH union	1402	1402	1371	0.9778887303851641	1.0	0.9198129709750559	0.6463914577805039	0.03920246884393501	0
MAJIQ Heterogen	subject arithmetic mean A16	event BH intersection	759	759	758	0.9986824769433466	1.0	0.9530164017580588	0.7454799316959162	0.027764170396832172	0
MAJIQ Heterogen	subject arithmetic mean A16	event BH union, two paths	1006	1006	986	0.9801192842942346	1.0	0.8965820544860297	0.5938557629898328	0.03514884785535435	0
MAJIQ Heterogen	subject arithmetic mean A16	event BH union, multi paths	396	396	385	0.9722222222222222	0.9811262498371744	0.9085959819223624	0.7633001249300712	0.04664419382708836	0
SUPPA2	subject arithmetic mean A16	all common	3317	3317	2639	0.7955984323183599	0.9999999999999999	0.7922850013957539	0.7195134028727537	0.03682522172557075	0
SUPPA2	subject arithmetic mean A16	event BH union	1171	1171	1148	0.9803586678052946	1.0	0.9193146555001568	0.6241030932103293	0.039533904809054894	0
SUPPA2	subject arithmetic mean A16	event BH intersection	627	627	627	1.0	1.0	0.951564782014858	0.7241607467000778	0.029032149661469716	0
SUPPA2	subject arithmetic mean A16	event BH union, two paths	825	825	811	0.983030303030303	1.0	0.8887722653475222	0.5614788140935912	0.03505028076338056	0
SUPPA2	subject arithmetic mean A16	event BH union, multi paths	346	346	337	0.9739884393063584	0.9806372916746755	0.9077156819127455	0.7480197550106358	0.0466915397181424	0
SUPPA2 primer-aware	subject arithmetic mean A16	all common	3156	3156	2517	0.7975285171102662	0.9999999999999998	0.7953690398559314	0.717829328205231	0.037393604238513664	0
SUPPA2 primer-aware	subject arithmetic mean A16	event BH union	1142	1142	1119	0.9798598949211909	1.0	0.9191604044052508	0.6212598074709359	0.039437870823914624	0
SUPPA2 primer-aware	subject arithmetic mean A16	event BH intersection	614	614	614	1.0	1.0	0.9519023956470044	0.7276956428931635	0.029015953984949622	0
SUPPA2 primer-aware	subject arithmetic mean A16	event BH union, two paths	795	795	782	0.9836477987421384	1.0	0.8876209670765597	0.5565310512450088	0.034779622922172744	0
SUPPA2 primer-aware	subject arithmetic mean A16	event BH union, multi paths	347	347	337	0.9711815561959655	0.9803336886604959	0.9070356465574946	0.7444527224152578	0.047256791255613884	0
SUPPA2/Tealeaf hybrid	subject arithmetic mean A16	all common	2300	2300	1787	0.7769565217391304	0.9999999999999998	0.7769399880554104	0.7421755209175391	0.03363554334228035	0
SUPPA2/Tealeaf hybrid	subject arithmetic mean A16	event BH union	713	713	699	0.9803646563814866	1.0	0.9290371575555352	0.6806131737722745	0.03582121968788008	0
SUPPA2/Tealeaf hybrid	subject arithmetic mean A16	event BH intersection	381	381	380	0.9973753280839895	1.0	0.9621540252164633	0.7851083680673836	0.02978995038568907	0
SUPPA2/Tealeaf hybrid	subject arithmetic mean A16	event BH union, two paths	490	490	483	0.9857142857142858	1.0	0.8948858691830697	0.5878261441645117	0.033287102913580544	0
SUPPA2/Tealeaf hybrid	subject arithmetic mean A16	event BH union, multi paths	223	223	216	0.968609865470852	0.9835731368348487	0.918059652772013	0.8266054331076752	0.042486128971495896	0
rMATS (paired)	subject arithmetic mean A16	all common	4114	4114	3265	0.7936315021876519	0.9999999999999999	0.7931641595378561	0.7214212522666078	0.03562903972392735	0
rMATS (paired)	subject arithmetic mean A16	event BH union	1428	1428	1403	0.9824929971988795	1.0	0.921827319672338	0.6424512606645064	0.03732723602457773	0
rMATS (paired)	subject arithmetic mean A16	event BH intersection	765	765	764	0.9986928104575163	1.0	0.9542934340740529	0.7497177417301315	0.027418368572204446	0
rMATS (paired)	subject arithmetic mean A16	event BH union, two paths	1034	1034	1018	0.9845261121856866	1.0	0.8965872045181822	0.5918118239166567	0.03397896703177461	0
rMATS (paired)	subject arithmetic mean A16	event BH union, multi paths	394	394	385	0.9771573604060914	0.9820960451541227	0.9099797334465072	0.7577815458763273	0.04582366808877195	0
scQuint	subject arithmetic mean A16	all common	3527	3527	2849	0.807768641905302	0.9999999999999999	0.8109533417473048	0.7285884940655377	0.037018837856961875	0
scQuint	subject arithmetic mean A16	event BH union	1400	1400	1372	0.98	1.0	0.9215106498799439	0.641576015381349	0.03763182719980739	0
scQuint	subject arithmetic mean A16	event BH intersection	775	775	774	0.9987096774193548	1.0	0.9506384620495858	0.7262067836546764	0.027748760650152384	0
scQuint	subject arithmetic mean A16	event BH union, two paths	1005	1005	988	0.9830845771144279	1.0	0.8971375597996373	0.5949099716974363	0.033475397566050856	0
scQuint	subject arithmetic mean A16	event BH union, multi paths	395	395	384	0.9721518987341772	0.9810497742702394	0.9068499748877591	0.7464943075943526	0.04650746087144341	0
LeafCutter	subject arithmetic mean A32	all common	1047	1047	880	0.8404966571155683	0.9999999999999999	0.8548439623373574	0.7674099726415045	0.030152379796934418	0
LeafCutter	subject arithmetic mean A32	event BH union	496	496	487	0.9818548387096774	1.0	0.9302052326173432	0.6711006999966563	0.029791496702131607	0
LeafCutter	subject arithmetic mean A32	event BH intersection	277	277	277	1.0	1.0	0.9614394355200861	0.7667443191891314	0.022858946904741724	0
LeafCutter	subject arithmetic mean A32	event BH union, two paths	351	351	344	0.98005698005698	1.0	0.9095644241676225	0.6438136863136862	0.028020399839880014	0
LeafCutter	subject arithmetic mean A32	event BH union, multi paths	145	145	143	0.9862068965517241	0.9851172255855999	0.9223631802932081	0.7247087072901904	0.03690946262199151	0
MAJIQ Heterogen	subject arithmetic mean A32	all common	3412	3412	2798	0.8200468933177022	0.9999999999999999	0.8481268259133067	0.7818122854159467	0.02993771750110144	0
MAJIQ Heterogen	subject arithmetic mean A32	event BH union	1402	1402	1379	0.9835948644793152	1.0	0.9407941675216303	0.7407522868356711	0.03247175070939297	0
MAJIQ Heterogen	subject arithmetic mean A32	event BH intersection	759	759	758	0.9986824769433466	1.0	0.9641888801048338	0.8054263708433117	0.023980400036267384	0
MAJIQ Heterogen	subject arithmetic mean A32	event BH union, two paths	1006	1006	990	0.9840954274353877	1.0	0.9252810717011142	0.7048580767834853	0.02860769957264754	0
MAJIQ Heterogen	subject arithmetic mean A32	event BH union, multi paths	396	396	389	0.9823232323232324	0.9880599116963342	0.9353940169372046	0.8136824032178432	0.04043002500005381	0
SUPPA2	subject arithmetic mean A32	all common	3317	3317	2669	0.8046427494724149	0.9999999999999998	0.8326615991587091	0.7943640375773438	0.02736469657661209	0
SUPPA2	subject arithmetic mean A32	event BH union	1171	1171	1156	0.9871904355251921	1.0	0.94149047672327	0.730852400830221	0.03284963492537979	0
SUPPA2	subject arithmetic mean A32	event BH intersection	627	627	627	1.0	1.0	0.9632767711029481	0.7867141705018534	0.024492129102920774	0
SUPPA2	subject arithmetic mean A32	event BH union, two paths	825	825	815	0.9878787878787879	1.0	0.919353179827531	0.6801159363920596	0.028755868415409627	0
SUPPA2	subject arithmetic mean A32	event BH union, multi paths	346	346	341	0.9855491329479769	0.9870578687722249	0.9364597118520162	0.8216625757851197	0.04043002500005381	0
SUPPA2 primer-aware	subject arithmetic mean A32	all common	3156	3156	2549	0.8076679340937896	0.9999999999999998	0.8354318773553665	0.7927957807380618	0.027858440079877818	0
SUPPA2 primer-aware	subject arithmetic mean A32	event BH union	1142	1142	1127	0.9868651488616462	1.0	0.9407142890798367	0.7248429051608523	0.03308274554745259	0
SUPPA2 primer-aware	subject arithmetic mean A32	event BH intersection	614	614	614	1.0	1.0	0.9630730521917824	0.7860030889738254	0.024543554673773036	0
SUPPA2 primer-aware	subject arithmetic mean A32	event BH union, two paths	795	795	786	0.9886792452830189	1.0	0.9173559084185317	0.6720529838967184	0.028755868415409627	0
SUPPA2 primer-aware	subject arithmetic mean A32	event BH union, multi paths	347	347	341	0.9827089337175793	0.9869855569589768	0.935753200260894	0.81557833050625	0.04060613747926641	0
SUPPA2/Tealeaf hybrid	subject arithmetic mean A32	all common	2300	2300	1802	0.7834782608695652	0.9999999999999998	0.8112343263083427	0.8068629952975169	0.024527033797792572	0
SUPPA2/Tealeaf hybrid	subject arithmetic mean A32	event BH union	713	713	704	0.9873772791023843	1.0	0.947952190705456	0.7770961623850889	0.029760565907350982	0
SUPPA2/Tealeaf hybrid	subject arithmetic mean A32	event BH intersection	381	381	380	0.9973753280839895	1.0	0.9725903802759034	0.8460481293517008	0.023046969298247618	0
SUPPA2/Tealeaf hybrid	subject arithmetic mean A32	event BH union, two paths	490	490	484	0.9877551020408163	1.0	0.9291541391884508	0.7213351533308837	0.027252100339665766	0
SUPPA2/Tealeaf hybrid	subject arithmetic mean A32	event BH union, multi paths	223	223	220	0.9865470852017937	0.9891937784481327	0.9424416508008497	0.8607463164638052	0.03661519184518593	0
rMATS (paired)	subject arithmetic mean A32	all common	4114	4114	3302	0.8026251823043267	0.9999999999999999	0.8300790291474449	0.7945420882360948	0.026286922828266036	0
rMATS (paired)	subject arithmetic mean A32	event BH union	1428	1428	1411	0.9880952380952381	1.0	0.9435231498667672	0.7510025528142703	0.030536175942361785	0
rMATS (paired)	subject arithmetic mean A32	event BH intersection	765	765	764	0.9986928104575163	1.0	0.96698203450184	0.8205909558880488	0.023049836023951536	0
rMATS (paired)	subject arithmetic mean A32	event BH union, two paths	1034	1034	1023	0.9893617021276596	1.0	0.9279510819725482	0.7147465079506061	0.027565362801644292	0
rMATS (paired)	subject arithmetic mean A32	event BH union, multi paths	394	394	388	0.9847715736040609	0.9889039658307717	0.9378439261399397	0.8276664215822122	0.03844759001961982	0
scQuint	subject arithmetic mean A32	all common	3527	3527	2885	0.8179756166713921	0.9999999999999999	0.8483019843447264	0.7997262221647263	0.027366678292804602	0
scQuint	subject arithmetic mean A32	event BH union	1400	1400	1380	0.9857142857142858	1.0	0.9432755857007287	0.7466254334094778	0.030632527378851672	0
scQuint	subject arithmetic mean A32	event BH intersection	775	775	774	0.9987096774193548	1.0	0.9638608842180615	0.8019987471094576	0.023354801351023004	0
scQuint	subject arithmetic mean A32	event BH union, two paths	1005	1005	992	0.9870646766169154	1.0	0.9286134280594489	0.7176156594357859	0.02727263752859217	0
scQuint	subject arithmetic mean A32	event BH union, multi paths	395	395	388	0.9822784810126582	0.988411835845067	0.9344870430298298	0.8073645923996114	0.03966294136168142	0
LeafCutter	subject arithmetic mean A4	all common	1047	1047	803	0.766953199617956	0.9999999999999998	0.6528079057834684	0.5093071141163806	0.045636486967826406	0
LeafCutter	subject arithmetic mean A4	event BH union	496	496	460	0.9274193548387096	1.0	0.8555134372578628	0.5863140721159804	0.03885972139404307	0
LeafCutter	subject arithmetic mean A4	event BH intersection	277	277	269	0.9711191335740073	1.0	0.9276838100716962	0.7238080827129223	0.028961350035058165	0
LeafCutter	subject arithmetic mean A4	event BH union, two paths	351	351	321	0.9145299145299145	1.0	0.8574228903833228	0.555620213120213	0.037235469818170795	0
LeafCutter	subject arithmetic mean A4	event BH union, multi paths	145	145	139	0.9586206896551724	0.9467727970798983	0.8272727386460544	0.6712250039363878	0.0482037979529371	0
MAJIQ Heterogen	subject arithmetic mean A4	all common	3412	3412	2551	0.7476553341148886	0.9999999999999998	0.6289215748429907	0.4732602333006604	0.050896791049211826	0
MAJIQ Heterogen	subject arithmetic mean A4	event BH union	1402	1402	1302	0.9286733238231099	1.0	0.8503282068640516	0.5608805226415465	0.04412684850912927	0
MAJIQ Heterogen	subject arithmetic mean A4	event BH intersection	759	759	743	0.9789196310935442	1.0	0.9208023043690119	0.6981230373690962	0.032888106505180446	0
MAJIQ Heterogen	subject arithmetic mean A4	event BH union, two paths	1006	1006	928	0.9224652087475149	1.0	0.8548785589035631	0.5257894421551145	0.038690920577141893	0
MAJIQ Heterogen	subject arithmetic mean A4	event BH union, multi paths	396	396	374	0.9444444444444444	0.9466920111187227	0.8051427637456299	0.6437597284582586	0.05658249686112143	0
SUPPA2	subject arithmetic mean A4	all common	3317	3317	2432	0.7331926439553814	0.9999995454642071	0.5915728445103188	0.4563740046613103	0.05188709960286456	0
SUPPA2	subject arithmetic mean A4	event BH union	1171	1171	1090	0.9308283518360376	1.0	0.8450588195065536	0.5378758729624212	0.044479012435500835	0
SUPPA2	subject arithmetic mean A4	event BH intersection	627	627	612	0.9760765550239234	1.0	0.9126704413367785	0.6624222321298083	0.03353011019527365	0
SUPPA2	subject arithmetic mean A4	event BH union, two paths	825	825	767	0.9296969696969697	1.0	0.8529082528421666	0.505804021550278	0.039126521895993666	0
SUPPA2	subject arithmetic mean A4	event BH union, multi paths	346	346	323	0.9335260115606936	0.9439518032277463	0.7887384989245463	0.6081482538369668	0.05707561996467152	0
SUPPA2 primer-aware	subject arithmetic mean A4	all common	3156	3156	2323	0.7360583016476553	0.9998909841591681	0.5980049530526507	0.45508193114910445	0.05213425959493522	0
SUPPA2 primer-aware	subject arithmetic mean A4	event BH union	1142	1142	1065	0.9325744308231173	1.0	0.8465893391649342	0.5428120613027118	0.044596056694802544	0
SUPPA2 primer-aware	subject arithmetic mean A4	event BH intersection	614	614	599	0.9755700325732899	1.0	0.9145301490592809	0.6741241222105565	0.033866259449367914	0
SUPPA2 primer-aware	subject arithmetic mean A4	event BH union, two paths	795	795	741	0.9320754716981132	1.0	0.857402264526496	0.5151189864058183	0.03881994657385596	0
SUPPA2 primer-aware	subject arithmetic mean A4	event BH union, multi paths	347	347	324	0.9337175792507204	0.941984022658202	0.785596848073143	0.6006221498202939	0.057581694742053824	0
SUPPA2/Tealeaf hybrid	subject arithmetic mean A4	all common	2300	2300	1690	0.7347826086956522	0.9982859115154976	0.6004016964740182	0.49528432014086754	0.05164307153915234	0
SUPPA2/Tealeaf hybrid	subject arithmetic mean A4	event BH union	713	713	674	0.9453015427769986	1.0	0.8697470584834254	0.5913774006695197	0.043133473020486264	0
SUPPA2/Tealeaf hybrid	subject arithmetic mean A4	event BH intersection	381	381	378	0.9921259842519685	1.0	0.9247813952037047	0.6860563309994077	0.035188935493154626	0
SUPPA2/Tealeaf hybrid	subject arithmetic mean A4	event BH union, two paths	490	490	462	0.9428571428571428	1.0	0.8657162708585976	0.5340996328810285	0.03963124405641459	0
SUPPA2/Tealeaf hybrid	subject arithmetic mean A4	event BH union, multi paths	223	223	212	0.9506726457399103	0.9477417393696108	0.8207948048757606	0.7092819917932025	0.05405506128688993	0
rMATS (paired)	subject arithmetic mean A4	all common	4114	4114	3026	0.7355371900826446	0.9999999999999998	0.6078299721168268	0.469526869509492	0.05106750979398232	0
rMATS (paired)	subject arithmetic mean A4	event BH union	1428	1428	1339	0.9376750700280112	1.0	0.860788740002177	0.564390648179222	0.04420485121632733	0
rMATS (paired)	subject arithmetic mean A4	event BH intersection	765	765	749	0.9790849673202614	1.0	0.9208282114947932	0.6903085207125651	0.03320710528252346	0
rMATS (paired)	subject arithmetic mean A4	event BH union, two paths	1034	1034	967	0.9352030947775629	1.0	0.8663107339735175	0.539492196638559	0.0387808461309382	0
rMATS (paired)	subject arithmetic mean A4	event BH union, multi paths	394	394	372	0.9441624365482234	0.9502261972099619	0.8091306823336852	0.6214217220035972	0.05658249686112143	0
scQuint	subject arithmetic mean A4	all common	3527	3527	2633	0.746526793308761	0.9999999999999998	0.6271496830044758	0.4901553137523239	0.04992483384984747	0
scQuint	subject arithmetic mean A4	event BH union	1400	1400	1304	0.9314285714285714	1.0	0.8523151746694495	0.554303596219036	0.04420485121632733	0
scQuint	subject arithmetic mean A4	event BH intersection	775	775	760	0.9806451612903225	1.0	0.9197703056334557	0.6840941936515055	0.033874879395262146	0
scQuint	subject arithmetic mean A4	event BH union, two paths	1005	1005	934	0.9293532338308458	1.0	0.8588533435265714	0.5279566343391753	0.03891916313197276	0
scQuint	subject arithmetic mean A4	event BH union, multi paths	395	395	370	0.9367088607594937	0.9497921017714546	0.8001723154266834	0.6150487072096017	0.056595533899480494	0
LeafCutter	subject arithmetic mean A64	all common	1047	1047	887	0.8471824259789876	0.9999999999999999	0.8695007967540468	0.7990252994882656	0.023166349364462588	0
LeafCutter	subject arithmetic mean A64	event BH union	496	496	486	0.9798387096774194	1.0	0.9305125178538971	0.7281231868237774	0.023908759883702328	0
LeafCutter	subject arithmetic mean A64	event BH intersection	277	277	277	1.0	1.0	0.9687317525402309	0.8105777189580935	0.01851843681688412	0
LeafCutter	subject arithmetic mean A64	event BH union, two paths	351	351	345	0.9829059829059829	1.0	0.929428293419584	0.7267543567543567	0.022675001261529347	0
LeafCutter	subject arithmetic mean A64	event BH union, multi paths	145	145	141	0.9724137931034482	0.9920547538294943	0.9047321571922742	0.7269170209415838	0.0292869682296794	0
MAJIQ Heterogen	subject arithmetic mean A64	all common	3412	3412	2832	0.8300117233294255	0.9999999999999999	0.8613175489285666	0.817544773912831	0.021282256390207227	0
MAJIQ Heterogen	subject arithmetic mean A64	event BH union	1402	1402	1379	0.9835948644793152	1.0	0.9504943758969641	0.8051862648780748	0.02456271412192722	0
MAJIQ Heterogen	subject arithmetic mean A64	event BH intersection	759	759	759	1.0	1.0	0.9746680872104604	0.8685471879454599	0.019491213989830423	0
MAJIQ Heterogen	subject arithmetic mean A64	event BH union, two paths	1006	1006	991	0.9850894632206759	1.0	0.9473212533738115	0.7946297463112946	0.022246884468455207	0
MAJIQ Heterogen	subject arithmetic mean A64	event BH union, multi paths	396	396	388	0.9797979797979798	0.992595466069501	0.9384970664010964	0.825310271995857	0.031481553223923264	0
SUPPA2	subject arithmetic mean A64	all common	3317	3317	2697	0.8130841121495327	0.9999999999999999	0.8451226176591865	0.8280571698387562	0.01943749914465068	0
SUPPA2	subject arithmetic mean A64	event BH union	1171	1171	1154	0.9854824935952178	1.0	0.9507953882043071	0.8001540316404948	0.02468850560343295	0
SUPPA2	subject arithmetic mean A64	event BH intersection	627	627	627	1.0	1.0	0.9755582928541874	0.8625204457556904	0.019926565373594995	0
SUPPA2	subject arithmetic mean A64	event BH union, two paths	825	825	816	0.9890909090909091	1.0	0.9448048095117425	0.781346272618282	0.02232223569012174	0
SUPPA2	subject arithmetic mean A64	event BH union, multi paths	346	346	338	0.976878612716763	0.992595466069501	0.9378756078776881	0.8376120164002222	0.031481553223923264	0
SUPPA2 primer-aware	subject arithmetic mean A64	all common	3156	3156	2571	0.814638783269962	0.9999999999999998	0.8476456680579867	0.8262529295835965	0.019800724693016802	0
SUPPA2 primer-aware	subject arithmetic mean A64	event BH union	1142	1142	1126	0.9859894921190894	1.0	0.9499951618216045	0.7956748481767748	0.024780636223836305	0
SUPPA2 primer-aware	subject arithmetic mean A64	event BH intersection	614	614	614	1.0	1.0	0.9751544206884701	0.8600833533030987	0.01993122436914723	0
SUPPA2 primer-aware	subject arithmetic mean A64	event BH union, two paths	795	795	787	0.989937106918239	1.0	0.943441049414958	0.775812382572527	0.022247366588598928	0
SUPPA2 primer-aware	subject arithmetic mean A64	event BH union, multi paths	347	347	339	0.9769452449567724	0.9920547538294943	0.9373143814612311	0.8337422216912067	0.03213044171343148	0
SUPPA2/Tealeaf hybrid	subject arithmetic mean A64	all common	2300	2300	1829	0.7952173913043479	0.9999999999999998	0.8271319721142534	0.8360614300107905	0.01667867303385782	0
SUPPA2/Tealeaf hybrid	subject arithmetic mean A64	event BH union	713	713	703	0.9859747545582047	1.0	0.9511301436017545	0.8282352053921779	0.02334255706249944	0
SUPPA2/Tealeaf hybrid	subject arithmetic mean A64	event BH intersection	381	381	381	1.0	1.0	0.9793191781572138	0.8890494984627335	0.019206590692431712	0
SUPPA2/Tealeaf hybrid	subject arithmetic mean A64	event BH union, two paths	490	490	485	0.9897959183673469	1.0	0.9536399444185091	0.8191997841706625	0.02086340087749884	0
SUPPA2/Tealeaf hybrid	subject arithmetic mean A64	event BH union, multi paths	223	223	218	0.9775784753363229	0.9942146945919104	0.9327929844405884	0.8383929653548486	0.030393070764412593	0
rMATS (paired)	subject arithmetic mean A64	all common	4114	4114	3333	0.8101604278074866	0.9999999999999999	0.8418159220758055	0.8280692424165969	0.018369994122881803	0
rMATS (paired)	subject arithmetic mean A64	event BH union	1428	1428	1410	0.9873949579831933	1.0	0.9529964777584021	0.8171001150291789	0.023503604008519294	0
rMATS (paired)	subject arithmetic mean A64	event BH intersection	765	765	765	1.0	1.0	0.9770950539894229	0.8813899313364978	0.018781915583527396	0
rMATS (paired)	subject arithmetic mean A64	event BH union, two paths	1034	1034	1024	0.9903288201160542	1.0	0.9507666882616896	0.8076015796816782	0.02125159785494352	0
rMATS (paired)	subject arithmetic mean A64	event BH union, multi paths	394	394	386	0.9796954314720813	0.9931679505814575	0.94068318556412	0.8334858612102595	0.03039343475469261	0
scQuint	subject arithmetic mean A64	all common	3527	3527	2920	0.8278990643606464	0.9999999999999999	0.8601513862932572	0.8317920210075467	0.01975538752309399	0
scQuint	subject arithmetic mean A64	event BH union	1400	1400	1379	0.985	1.0	0.9524217151557565	0.8115442332951629	0.02401117606923562	0
scQuint	subject arithmetic mean A64	event BH intersection	775	775	775	1.0	1.0	0.9751655114713772	0.8716778679205882	0.018973781314942758	0
scQuint	subject arithmetic mean A64	event BH union, two paths	1005	1005	992	0.9870646766169154	1.0	0.951253316598016	0.8096706080931312	0.021226543293255393	0
scQuint	subject arithmetic mean A64	event BH union, multi paths	395	395	387	0.979746835443038	0.9930096101334379	0.9376105104558912	0.813959682930961	0.03131649843288315	0
LeafCutter	subject geometric mean A1	all common	1047	1047	720	0.6876790830945558	0.9898100248932462	0.4294059120521927	0.5006959024821884	0.04518911594205816	0
LeafCutter	subject geometric mean A1	event BH union	496	496	394	0.7943548387096774	0.9999999999999999	0.6419316323233943	0.5691257024060296	0.033277387380946294	0
LeafCutter	subject geometric mean A1	event BH intersection	277	277	231	0.8339350180505415	1.0	0.707423264753843	0.5942591712221182	0.02489983859592384	0
LeafCutter	subject geometric mean A1	event BH union, two paths	351	351	276	0.7863247863247863	1.0	0.6520818785253052	0.5086585636585637	0.026145081207887062	0
LeafCutter	subject geometric mean A1	event BH union, multi paths	145	145	118	0.8137931034482758	0.8789953139323852	0.6225137669389125	0.6358486852464178	0.04820380861907268	0
MAJIQ Heterogen	subject geometric mean A1	all common	3412	3412	2302	0.6746776084407972	0.99496167882832	0.3932159246245143	0.48306481806408585	0.055373306658333774	0
MAJIQ Heterogen	subject geometric mean A1	event BH union	1402	1402	1099	0.7838801711840229	0.9999999999999999	0.6277579884302413	0.548524283477113	0.03770851491351884	0
MAJIQ Heterogen	subject geometric mean A1	event BH intersection	759	759	628	0.8274044795783926	1.0	0.7260906278867068	0.6098431651730409	0.026617642332658738	0
MAJIQ Heterogen	subject geometric mean A1	event BH union, two paths	1006	1006	797	0.7922465208747514	1.0	0.6622274017187496	0.4875136263891107	0.02935979444183076	0
MAJIQ Heterogen	subject geometric mean A1	event BH union, multi paths	396	396	302	0.7626262626262627	0.8740376502324885	0.5708278310365772	0.6180363079830606	0.06463726536958533	0
SUPPA2	subject geometric mean A1	all common	3317	3317	2158	0.6505878806150136	0.9817986706513457	0.3372350325650582	0.44395289181751063	0.06170216946054356	0
SUPPA2	subject geometric mean A1	event BH union	1171	1171	896	0.7651579846285226	0.9999999999999999	0.6009676107262856	0.5230202980834715	0.03960447148333952	0
SUPPA2	subject geometric mean A1	event BH intersection	627	627	505	0.8054226475279107	0.9999999999999999	0.6849485329706058	0.5486091725704055	0.027259437829636957	0
SUPPA2	subject geometric mean A1	event BH union, two paths	825	825	638	0.7733333333333333	1.0	0.6422393850783283	0.44892520019062726	0.030162290591857693	0
SUPPA2	subject geometric mean A1	event BH union, multi paths	346	346	258	0.7456647398843931	0.8631374415971933	0.5400406675609267	0.600934010181696	0.06513297450301106	0
SUPPA2 primer-aware	subject geometric mean A1	all common	3156	3156	2056	0.6514575411913816	0.978432396077717	0.34119018117158867	0.4384729794990385	0.06159762731408616	0
SUPPA2 primer-aware	subject geometric mean A1	event BH union	1142	1142	874	0.7653239929947461	0.9999999999999998	0.6030880446759466	0.526120251589913	0.03963670370912972	0
SUPPA2 primer-aware	subject geometric mean A1	event BH intersection	614	614	494	0.8045602605863192	0.9999999999999999	0.6868542402048907	0.5537982104584718	0.027392432097613204	0
SUPPA2 primer-aware	subject geometric mean A1	event BH union, two paths	795	795	615	0.7735849056603774	1.0	0.651801150878921	0.45681768951214896	0.030039790147760592	0
SUPPA2 primer-aware	subject geometric mean A1	event BH union, multi paths	347	347	259	0.7463976945244957	0.8603879807031474	0.535233664565441	0.595081334414001	0.06537514552838739	0
SUPPA2/Tealeaf hybrid	subject geometric mean A1	all common	2300	2300	1522	0.6617391304347826	0.9815127144213671	0.36383506619052336	0.47112393750185383	0.06520898892100593	0
SUPPA2/Tealeaf hybrid	subject geometric mean A1	event BH union	713	713	575	0.8064516129032258	0.9999999999999999	0.6653796466370159	0.5860523827224761	0.039554528630042905	0
SUPPA2/Tealeaf hybrid	subject geometric mean A1	event BH intersection	381	381	327	0.8582677165354331	0.9999999999999999	0.7495016404688231	0.6115914451173073	0.026932057701806112	0
SUPPA2/Tealeaf hybrid	subject geometric mean A1	event BH union, two paths	490	490	401	0.8183673469387756	1.0	0.7097795131959502	0.5289562443247263	0.028677789826647763	0
SUPPA2/Tealeaf hybrid	subject geometric mean A1	event BH union, multi paths	223	223	174	0.7802690582959642	0.8690211580353439	0.5977844773031643	0.6496009141749052	0.06372773097348657	0
rMATS (paired)	subject geometric mean A1	all common	4114	4114	2742	0.6665046183762762	0.9973063698814508	0.37475516483741755	0.4554417945055965	0.06101138692540435	0
rMATS (paired)	subject geometric mean A1	event BH union	1428	1428	1124	0.7871148459383753	0.9999999999999999	0.6501840218974243	0.558975330608699	0.03959332941262909	0
rMATS (paired)	subject geometric mean A1	event BH intersection	765	765	634	0.8287581699346406	1.0	0.7306030286263456	0.6039582899445508	0.02711601858163229	0
rMATS (paired)	subject geometric mean A1	event BH union, two paths	1034	1034	823	0.7959381044487428	1.0	0.6886392638553293	0.4997773716832922	0.030285952739004814	0
rMATS (paired)	subject geometric mean A1	event BH union, multi paths	394	394	301	0.7639593908629442	0.8803717709150907	0.5854698375418775	0.6243772541352484	0.06552511041358636	0
scQuint	subject geometric mean A1	all common	3527	3527	2365	0.6705415367167564	0.9953791554189129	0.3884564938296181	0.4826669137486861	0.05669189314689327	0
scQuint	subject geometric mean A1	event BH union	1400	1400	1095	0.7821428571428571	0.9999999999999999	0.63295473202494	0.5542892259493136	0.03882186803625234	0
scQuint	subject geometric mean A1	event BH intersection	775	775	641	0.8270967741935484	1.0	0.7310266333878969	0.6031740409329135	0.02753724580761221	0
scQuint	subject geometric mean A1	event BH union, two paths	1005	1005	792	0.7880597014925373	1.0	0.6667217579229336	0.48912274110584164	0.030060438709645476	0
scQuint	subject geometric mean A1	event BH union, multi paths	395	395	303	0.7670886075949367	0.8842877985358294	0.5791832237306915	0.618764201807317	0.0653640227877742	0
LeafCutter	subject geometric mean A16	all common	1047	1047	860	0.8213944603629417	0.9999999999999998	0.8141957728571049	0.7101210102263653	0.03795100065585417	0
LeafCutter	subject geometric mean A16	event BH union	496	496	483	0.9737903225806451	1.0	0.9203767415460622	0.6444394617952092	0.03690969934727363	0
LeafCutter	subject geometric mean A16	event BH intersection	277	277	277	1.0	1.0	0.9575868550782184	0.7603162486491736	0.026188402461873143	0
LeafCutter	subject geometric mean A16	event BH union, two paths	351	351	341	0.9715099715099715	1.0	0.9028137507002287	0.6183044733044732	0.03303180320031804	0
LeafCutter	subject geometric mean A16	event BH union, multi paths	145	145	142	0.9793103448275862	0.9767376204790491	0.8995995337693993	0.7123484490631397	0.04567605616413754	0
MAJIQ Heterogen	subject geometric mean A16	all common	3412	3412	2753	0.8068581477139508	0.9999999999999999	0.8128963956491203	0.7138207471007367	0.039771539121765107	0
MAJIQ Heterogen	subject geometric mean A16	event BH union	1402	1402	1371	0.9778887303851641	1.0	0.9224650255849716	0.6610232234578554	0.03928125741927897	0
MAJIQ Heterogen	subject geometric mean A16	event BH intersection	759	759	758	0.9986824769433466	1.0	0.9540807276105188	0.7539936811586886	0.027768832237404385	0
MAJIQ Heterogen	subject geometric mean A16	event BH union, two paths	1006	1006	986	0.9801192842942346	1.0	0.9013593366305505	0.6124454476655753	0.035034476948592685	0
MAJIQ Heterogen	subject geometric mean A16	event BH union, multi paths	396	396	385	0.9722222222222222	0.9822703729694436	0.9097032582881699	0.7696567756447233	0.048164956194003294	0
SUPPA2	subject geometric mean A16	all common	3317	3317	2627	0.791980705456738	0.9999999999999998	0.7922811642910037	0.7237745850406209	0.037467955779370204	0
SUPPA2	subject geometric mean A16	event BH union	1171	1171	1148	0.9803586678052946	1.0	0.9208710765283374	0.6344167861082607	0.04042602518803618	0
SUPPA2	subject geometric mean A16	event BH intersection	627	627	627	1.0	1.0	0.9521704247113898	0.731888387959693	0.029098973739373195	0
SUPPA2	subject geometric mean A16	event BH union, two paths	825	825	811	0.983030303030303	1.0	0.8937388947701091	0.5807568883313495	0.035134752786796376	0
SUPPA2	subject geometric mean A16	event BH union, multi paths	346	346	337	0.9739884393063584	0.9819527911586462	0.9064969866970023	0.743259895430839	0.04859491212425008	0
SUPPA2 primer-aware	subject geometric mean A16	all common	3156	3156	2506	0.79404309252218	0.9999999999999998	0.7951842362288567	0.721917903714895	0.03788826283333681	0
SUPPA2 primer-aware	subject geometric mean A16	event BH union	1142	1142	1119	0.9798598949211909	1.0	0.9207196779895871	0.6318641892712065	0.040324341151963594	0
SUPPA2 primer-aware	subject geometric mean A16	event BH intersection	614	614	614	1.0	1.0	0.952780260447546	0.7375192898859501	0.028866431109397538	0
SUPPA2 primer-aware	subject geometric mean A16	event BH union, two paths	795	795	782	0.9836477987421384	1.0	0.8927030644481493	0.5763867815862737	0.03480921317897979	0
SUPPA2 primer-aware	subject geometric mean A16	event BH union, multi paths	347	347	337	0.9711815561959655	0.98188645912406	0.9061341514641471	0.7403485210802006	0.0491081992131365	0
SUPPA2/Tealeaf hybrid	subject geometric mean A16	all common	2300	2300	1779	0.7734782608695652	0.9999999999999998	0.7756774326995802	0.7463654646700557	0.03453410894829036	0
SUPPA2/Tealeaf hybrid	subject geometric mean A16	event BH union	713	713	699	0.9803646563814866	1.0	0.9315134276563718	0.6941554944306227	0.036884671571127355	0
SUPPA2/Tealeaf hybrid	subject geometric mean A16	event BH intersection	381	381	380	0.9973753280839895	1.0	0.963703322753354	0.7962153084405369	0.028645958384907372	0
SUPPA2/Tealeaf hybrid	subject geometric mean A16	event BH union, two paths	490	490	483	0.9857142857142858	1.0	0.899817594944754	0.6071170642110131	0.034206203709900115	0
SUPPA2/Tealeaf hybrid	subject geometric mean A16	event BH union, multi paths	223	223	216	0.968609865470852	0.9830896357026423	0.9206916348844151	0.833237746074069	0.04421451898969605	0
rMATS (paired)	subject geometric mean A16	all common	4114	4114	3252	0.7904715605250364	0.9999999999999999	0.7946007325290855	0.7269640870012799	0.03634086551881879	0
rMATS (paired)	subject geometric mean A16	event BH union	1428	1428	1403	0.9824929971988795	1.0	0.9236931334602024	0.6531057789716137	0.037765186171226664	0
rMATS (paired)	subject geometric mean A16	event BH intersection	765	765	764	0.9986928104575163	1.0	0.9548613347112258	0.7550586562731938	0.027523100823021767	0
rMATS (paired)	subject geometric mean A16	event BH union, two paths	1034	1034	1018	0.9845261121856866	1.0	0.9006744891884997	0.60766900399398	0.034537094998356194	0
rMATS (paired)	subject geometric mean A16	event BH union, multi paths	394	394	385	0.9771573604060914	0.982900755921557	0.9096863789096524	0.7581554999551194	0.04665482458597646	0
scQuint	subject geometric mean A16	all common	3527	3527	2836	0.8040827899064361	0.9999999999999999	0.8114803387486313	0.7341131232700091	0.03737818023438185	0
scQuint	subject geometric mean A16	event BH union	1400	1400	1372	0.98	1.0	0.9234271050600091	0.6518925964466602	0.0384038383203411	0
scQuint	subject geometric mean A16	event BH intersection	775	775	774	0.9987096774193548	1.0	0.9516531013723561	0.733807008453144	0.02794935355528897	0
scQuint	subject geometric mean A16	event BH union, two paths	1005	1005	988	0.9830845771144279	1.0	0.9012268522324851	0.6106643837988895	0.03431773652214052	0
scQuint	subject geometric mean A16	event BH union, multi paths	395	395	384	0.9721518987341772	0.9820095294967471	0.906760103213703	0.7457826351934174	0.047097166810745404	0
LeafCutter	subject geometric mean A32	all common	1047	1047	874	0.8347659980897804	0.9999999999999999	0.8509013808270374	0.7725127312546085	0.03157071164601198	0
LeafCutter	subject geometric mean A32	event BH union	496	496	486	0.9798387096774194	1.0	0.927460184598734	0.6865809716559375	0.030618814860664582	0
LeafCutter	subject geometric mean A32	event BH intersection	277	277	276	0.9963898916967509	1.0	0.9560108699617302	0.7573232577021101	0.023631343324382482	0
LeafCutter	subject geometric mean A32	event BH union, two paths	351	351	344	0.98005698005698	1.0	0.9148244792812703	0.6634082584082583	0.028634383501492194	0
LeafCutter	subject geometric mean A32	event BH union, multi paths	145	145	142	0.9793103448275862	0.9863894287999048	0.9057169963573127	0.733439615808534	0.040326082593700956	0
MAJIQ Heterogen	subject geometric mean A32	all common	3412	3412	2798	0.8200468933177022	0.9999999999999999	0.8458674617782921	0.7832051419532287	0.030576713868895853	0
MAJIQ Heterogen	subject geometric mean A32	event BH union	1402	1402	1378	0.9828815977175464	1.0	0.9406822171923084	0.7503611468111056	0.03187372113667926	0
MAJIQ Heterogen	subject geometric mean A32	event BH intersection	759	759	757	0.997364953886693	1.0	0.9627376540858055	0.8075096893108281	0.02381830303463781	0
MAJIQ Heterogen	subject geometric mean A32	event BH union, two paths	1006	1006	990	0.9840954274353877	1.0	0.9283959024563744	0.7170453276723184	0.028624332393525326	0
MAJIQ Heterogen	subject geometric mean A32	event BH union, multi paths	396	396	388	0.9797979797979798	0.9872125696689034	0.9310718973612994	0.816685749179452	0.042143111175109035	0
SUPPA2	subject geometric mean A32	all common	3317	3317	2671	0.8052457039493518	0.9999999999999998	0.8299156683037483	0.7937847311076472	0.02840309796302555	0
SUPPA2	subject geometric mean A32	event BH union	1171	1171	1155	0.986336464560205	1.0	0.94008707993207	0.7367654192502707	0.032175055442683134	0
SUPPA2	subject geometric mean A32	event BH intersection	627	627	626	0.9984051036682615	1.0	0.9608572786998177	0.785211999568861	0.024536972846170547	0
SUPPA2	subject geometric mean A32	event BH union, two paths	825	825	815	0.9878787878787879	1.0	0.9223295041530863	0.6919411705622008	0.02874732510500324	0
SUPPA2	subject geometric mean A32	event BH union, multi paths	346	346	340	0.9826589595375722	0.9870101469756771	0.9302142840417295	0.8167242576842545	0.04268827186757253	0
SUPPA2 primer-aware	subject geometric mean A32	all common	3156	3156	2551	0.8083016476552598	0.9999999999999998	0.8322225154537076	0.79199651959421	0.028711001107791654	0
SUPPA2 primer-aware	subject geometric mean A32	event BH union	1142	1142	1126	0.9859894921190894	1.0	0.9391694412543408	0.7304942218893854	0.03273915979614403	0
SUPPA2 primer-aware	subject geometric mean A32	event BH intersection	614	614	613	0.998371335504886	1.0	0.9607415251900143	0.7855420109642112	0.024656987432767494	0
SUPPA2 primer-aware	subject geometric mean A32	event BH union, two paths	795	795	786	0.9886792452830189	1.0	0.9203561611179143	0.6839815015383939	0.02871474230589094	0
SUPPA2 primer-aware	subject geometric mean A32	event BH union, multi paths	347	347	340	0.9798270893371758	0.9869102269512563	0.9293954857359386	0.8096426041947292	0.04332177699959777	0
SUPPA2/Tealeaf hybrid	subject geometric mean A32	all common	2300	2300	1809	0.7865217391304348	0.9999999999999998	0.8075304877369942	0.8050158855540837	0.024730742345777695	0
SUPPA2/Tealeaf hybrid	subject geometric mean A32	event BH union	713	713	704	0.9873772791023843	1.0	0.9479174917384208	0.7843810200065339	0.02995928421620363	0
SUPPA2/Tealeaf hybrid	subject geometric mean A32	event BH intersection	381	381	380	0.9973753280839895	1.0	0.9727075750554227	0.8526706344126382	0.02313340819532726	0
SUPPA2/Tealeaf hybrid	subject geometric mean A32	event BH union, two paths	490	490	484	0.9877551020408163	1.0	0.9317711637325224	0.7317458589148305	0.02747801069252835	0
SUPPA2/Tealeaf hybrid	subject geometric mean A32	event BH union, multi paths	223	223	220	0.9865470852017937	0.9880074700561714	0.9395435998948053	0.8632817234274633	0.03854380340995913	0
rMATS (paired)	subject geometric mean A32	all common	4114	4114	3299	0.8018959649975693	0.9999999999999999	0.8279433495236516	0.7955440871404538	0.026624873226016837	0
rMATS (paired)	subject geometric mean A32	event BH union	1428	1428	1410	0.9873949579831933	1.0	0.9429595923167446	0.757949543287391	0.03066254966618579	0
rMATS (paired)	subject geometric mean A32	event BH intersection	765	765	763	0.9973856209150327	1.0	0.9652525300000189	0.8203228366654577	0.023119425751654658	0
rMATS (paired)	subject geometric mean A32	event BH union, two paths	1034	1034	1023	0.9893617021276596	1.0	0.9307526407799812	0.7255635103724919	0.028306704970202254	0
rMATS (paired)	subject geometric mean A32	event BH union, multi paths	394	394	387	0.9822335025380711	0.9882193873874834	0.932851695634556	0.8250387369141824	0.040203774181849505	0
scQuint	subject geometric mean A32	all common	3527	3527	2882	0.8171250354408846	0.9999999999999999	0.8460416845726586	0.8003626778798019	0.028344248478850365	0
scQuint	subject geometric mean A32	event BH union	1400	1400	1379	0.985	1.0	0.9426431464622529	0.7531596597753367	0.030677532681636664	0
scQuint	subject geometric mean A32	event BH intersection	775	775	773	0.9974193548387097	1.0	0.9622978374983654	0.8028501970853538	0.023467582110205637	0
scQuint	subject geometric mean A32	event BH union, two paths	1005	1005	992	0.9870646766169154	1.0	0.9313220420455707	0.7281173753104848	0.027991506656522787	0
scQuint	subject geometric mean A32	event BH union, multi paths	395	395	387	0.979746835443038	0.9880074700561714	0.92953373097855	0.8047657711861274	0.04189436205069927	0
LeafCutter	subject geometric mean A4	all common	1047	1047	808	0.7717287488061128	0.9999999999999998	0.6540457019095965	0.530592755136467	0.04376112240533015	0
LeafCutter	subject geometric mean A4	event BH union	496	496	462	0.9314516129032258	1.0	0.8604981354292215	0.618072462143339	0.03666360703013373	0
LeafCutter	subject geometric mean A4	event BH intersection	277	277	272	0.9819494584837545	1.0	0.9291767735702776	0.746372671130087	0.028043959358213844	0
LeafCutter	subject geometric mean A4	event BH union, two paths	351	351	325	0.9259259259259259	1.0	0.8722039220575145	0.5971398046398045	0.033099359407744416	0
LeafCutter	subject geometric mean A4	event BH union, multi paths	145	145	137	0.9448275862068966	0.9398941938376465	0.812980894136879	0.6593134939379626	0.047146977133014044	0
MAJIQ Heterogen	subject geometric mean A4	all common	3412	3412	2568	0.7526377491207503	0.9999999999999998	0.6323246893093184	0.4882489331910579	0.049747616865072536	0
MAJIQ Heterogen	subject geometric mean A4	event BH union	1402	1402	1306	0.9315263908701854	1.0	0.8563926311676239	0.5905818153600286	0.04095665110193829	0
MAJIQ Heterogen	subject geometric mean A4	event BH intersection	759	759	742	0.9776021080368906	1.0	0.925082325450744	0.7254953335971673	0.031161170260714462	0
MAJIQ Heterogen	subject geometric mean A4	event BH union, two paths	1006	1006	937	0.9314115308151093	1.0	0.8667737281019963	0.5613045584855448	0.03503411742722321	0
MAJIQ Heterogen	subject geometric mean A4	event BH union, multi paths	396	396	369	0.9318181818181818	0.9479850305532477	0.8016988767849204	0.6549340614640491	0.05649693019147171	0
SUPPA2	subject geometric mean A4	all common	3317	3317	2456	0.7404280976786253	0.9999999999999998	0.5969633919153325	0.4710597295270746	0.05145167197029702	0
SUPPA2	subject geometric mean A4	event BH union	1171	1171	1090	0.9308283518360376	1.0	0.8498363089897254	0.5663636254254815	0.04201689963576772	0
SUPPA2	subject geometric mean A4	event BH intersection	627	627	612	0.9760765550239234	1.0	0.9164575345441931	0.6898785732180294	0.03219083565287768	0
SUPPA2	subject geometric mean A4	event BH union, two paths	825	825	772	0.9357575757575758	1.0	0.8653306712960143	0.5417816378125743	0.03615515357098179	0
SUPPA2	subject geometric mean A4	event BH union, multi paths	346	346	318	0.9190751445086706	0.9425432102237192	0.7813903741045068	0.6132971877573399	0.057010648384387394	0
SUPPA2 primer-aware	subject geometric mean A4	all common	3156	3156	2347	0.7436628643852978	0.9999999999999998	0.6027847052110917	0.468809218457025	0.051650117613439586	0
SUPPA2 primer-aware	subject geometric mean A4	event BH union	1142	1142	1066	0.9334500875656743	1.0	0.8513067965692347	0.5696619895802809	0.04210538941679228	0
SUPPA2 primer-aware	subject geometric mean A4	event BH intersection	614	614	599	0.9755700325732899	1.0	0.9177912945700298	0.698390594609965	0.032119914240110216	0
SUPPA2 primer-aware	subject geometric mean A4	event BH union, two paths	795	795	747	0.939622641509434	1.0	0.8695863288193567	0.550482773641985	0.035964174564206024	0
SUPPA2 primer-aware	subject geometric mean A4	event BH union, multi paths	347	347	319	0.9193083573487032	0.942370304592278	0.7793821041287147	0.6019593899473777	0.05857831589832653	0
SUPPA2/Tealeaf hybrid	subject geometric mean A4	all common	2300	2300	1699	0.7386956521739131	0.9995078593719169	0.6003161503421311	0.5051096166476631	0.05148294127780157	0
SUPPA2/Tealeaf hybrid	subject geometric mean A4	event BH union	713	713	670	0.9396914446002805	1.0	0.8728374681334312	0.6188021452494198	0.0400291383569526	0
SUPPA2/Tealeaf hybrid	subject geometric mean A4	event BH intersection	381	381	376	0.9868766404199475	1.0	0.9289984734071342	0.719501261708503	0.03219083565287768	0
SUPPA2/Tealeaf hybrid	subject geometric mean A4	event BH union, two paths	490	490	462	0.9428571428571428	1.0	0.8766256907126035	0.5704394386295245	0.03549532392511843	0
SUPPA2/Tealeaf hybrid	subject geometric mean A4	event BH union, multi paths	223	223	208	0.9327354260089686	0.9525714344755043	0.8144005150850679	0.7176197257475284	0.054168968751692144	0
rMATS (paired)	subject geometric mean A4	all common	4114	4114	3052	0.7418570734078755	0.9999999999999998	0.6144023029112136	0.485710607466628	0.050370596360455724	0
rMATS (paired)	subject geometric mean A4	event BH union	1428	1428	1342	0.9397759103641457	1.0	0.8674631598321189	0.595555514474311	0.041574519075398206	0
rMATS (paired)	subject geometric mean A4	event BH intersection	765	765	749	0.9790849673202614	1.0	0.9260560461336995	0.7220965298891419	0.031738893396640086	0
rMATS (paired)	subject geometric mean A4	event BH union, two paths	1034	1034	975	0.9429400386847195	1.0	0.8782464109587622	0.5759980520056209	0.03632826351107264	0
rMATS (paired)	subject geometric mean A4	event BH union, multi paths	394	394	367	0.9314720812182741	0.9538920766676146	0.8078431811168277	0.6353773115232694	0.0564296310342562	0
scQuint	subject geometric mean A4	all common	3527	3527	2652	0.7519138077686419	0.9999999999999998	0.6324342971612296	0.5084953132775415	0.04868355602332025	0
scQuint	subject geometric mean A4	event BH union	1400	1400	1307	0.9335714285714286	1.0	0.858911091640165	0.5867195704837459	0.041520541799408034	0
scQuint	subject geometric mean A4	event BH intersection	775	775	760	0.9806451612903225	1.0	0.9247505180005705	0.71560181282434	0.03215445712280935	0
scQuint	subject geometric mean A4	event BH union, two paths	1005	1005	940	0.9353233830845771	1.0	0.8703581037191442	0.5652303341158968	0.03620239936375068	0
scQuint	subject geometric mean A4	event BH union, multi paths	395	395	367	0.9291139240506329	0.9525980634499714	0.7998993878338542	0.6311858545618103	0.0565268889659902	0
LeafCutter	subject geometric mean A64	all common	1047	1047	884	0.8443170964660937	0.9999999999999999	0.8664138231545531	0.8077021189001548	0.023769029756590683	0
LeafCutter	subject geometric mean A64	event BH union	496	496	485	0.9778225806451613	1.0	0.9214704537590274	0.7388985919426627	0.0249008100931671	0
LeafCutter	subject geometric mean A64	event BH intersection	277	277	277	1.0	1.0	0.9667391498502466	0.807170869802353	0.019531141274838806	0
LeafCutter	subject geometric mean A64	event BH union, two paths	351	351	345	0.9829059829059829	1.0	0.9319709436084539	0.7359507159507159	0.023811599211074043	0
LeafCutter	subject geometric mean A64	event BH union, multi paths	145	145	140	0.9655172413793104	0.9889116508335093	0.878092207735341	0.7397063454574082	0.030710640955685185	0
MAJIQ Heterogen	subject geometric mean A64	all common	3412	3412	2831	0.8297186400937866	0.9999999999999999	0.8584457493780603	0.8196450875720969	0.021741328094920756	0
MAJIQ Heterogen	subject geometric mean A64	event BH union	1402	1402	1378	0.9828815977175464	1.0	0.9478280117849133	0.811576001850711	0.025256705736448996	0
MAJIQ Heterogen	subject geometric mean A64	event BH intersection	759	759	759	1.0	1.0	0.97477395749364	0.8731810140554699	0.020127764230978146	0
MAJIQ Heterogen	subject geometric mean A64	event BH union, two paths	1006	1006	991	0.9850894632206759	1.0	0.9494057376073103	0.8026913766773146	0.023110998730679573	0
MAJIQ Heterogen	subject geometric mean A64	event BH union, multi paths	396	396	387	0.9772727272727273	0.9911305491018189	0.929286276216036	0.8252548119333822	0.0331146912863772	0
SUPPA2	subject geometric mean A64	all common	3317	3317	2702	0.8145914983418752	0.9999999999999999	0.8419883660984617	0.8299056209938127	0.019596080545336115	0
SUPPA2	subject geometric mean A64	event BH union	1171	1171	1153	0.9846285226302306	1.0	0.9471979717393537	0.8064510268539379	0.025388820794909627	0
SUPPA2	subject geometric mean A64	event BH intersection	627	627	627	1.0	1.0	0.9755339061232154	0.8670086049624414	0.02029121847911131	0
SUPPA2	subject geometric mean A64	event BH union, two paths	825	825	816	0.9890909090909091	1.0	0.9468422584611352	0.7894727832641278	0.02324157732737452	0
SUPPA2	subject geometric mean A64	event BH union, multi paths	346	346	337	0.9739884393063584	0.991471744647173	0.9272111772042424	0.8381488404903843	0.0331146912863772	0
SUPPA2 primer-aware	subject geometric mean A64	all common	3156	3156	2576	0.8162230671736375	0.9999999999999998	0.8448504860550785	0.8281938995436043	0.020152361043215404	0
SUPPA2 primer-aware	subject geometric mean A64	event BH union	1142	1142	1125	0.9851138353765324	1.0	0.9462828121948893	0.8020916618175514	0.025467187448452222	0
SUPPA2 primer-aware	subject geometric mean A64	event BH intersection	614	614	614	1.0	1.0	0.9752277583857178	0.8654769913960012	0.020320481301878184	0
SUPPA2 primer-aware	subject geometric mean A64	event BH union, two paths	795	795	787	0.989937106918239	1.0	0.945516577162345	0.7840980961076471	0.023311160988294756	0
SUPPA2 primer-aware	subject geometric mean A64	event BH union, multi paths	347	347	338	0.9740634005763689	0.9909714216683694	0.9266401427775219	0.8341371325964344	0.03336246410559499	0
SUPPA2/Tealeaf hybrid	subject geometric mean A64	all common	2300	2300	1827	0.7943478260869565	0.9999999999999998	0.8223341429073383	0.8344046860467476	0.01690460294025236	0
SUPPA2/Tealeaf hybrid	subject geometric mean A64	event BH union	713	713	702	0.9845722300140253	1.0	0.9442615758193736	0.8327221980397499	0.023983718018077697	0
SUPPA2/Tealeaf hybrid	subject geometric mean A64	event BH intersection	381	381	381	1.0	1.0	0.9788964772347067	0.8939563837242858	0.019063346730690336	0
SUPPA2/Tealeaf hybrid	subject geometric mean A64	event BH union, two paths	490	490	485	0.9897959183673469	1.0	0.9556541582812805	0.8272947103197483	0.021534207872621287	0
SUPPA2/Tealeaf hybrid	subject geometric mean A64	event BH union, multi paths	223	223	217	0.9730941704035875	0.9929683955712597	0.9144477132189195	0.8325960489637619	0.03248142656738929	0
rMATS (paired)	subject geometric mean A64	all common	4114	4114	3335	0.8106465726786583	0.9999999999999999	0.8392495435027361	0.8290566576598759	0.018637172738786574	0
rMATS (paired)	subject geometric mean A64	event BH union	1428	1428	1409	0.9866946778711485	1.0	0.9497644803459672	0.8220838377696468	0.024183424628946435	0
rMATS (paired)	subject geometric mean A64	event BH intersection	765	765	765	1.0	1.0	0.9771446104752198	0.8853865508310141	0.019342876161583335	0
rMATS (paired)	subject geometric mean A64	event BH union, two paths	1034	1034	1024	0.9903288201160542	1.0	0.952543081282425	0.8143532917275991	0.02207445293170454	0
rMATS (paired)	subject geometric mean A64	event BH union, multi paths	394	394	385	0.9771573604060914	0.9927472757724602	0.9301516951785295	0.8309097767115486	0.032252013527999154	0
scQuint	subject geometric mean A64	all common	3527	3527	2917	0.8270484831301389	0.9999999999999999	0.8569611804294144	0.8326827114387932	0.020127764230978146	0
scQuint	subject geometric mean A64	event BH union	1400	1400	1378	0.9842857142857143	1.0	0.9491717209016045	0.8166143102259601	0.02448895984033239	0
scQuint	subject geometric mean A64	event BH intersection	775	775	775	1.0	1.0	0.9754194585703139	0.8763753567257792	0.019524095925618164	0
scQuint	subject geometric mean A64	event BH union, two paths	1005	1005	992	0.9870646766169154	1.0	0.9530387937552866	0.816400236861521	0.022013712176651254	0
scQuint	subject geometric mean A64	event BH union, multi paths	395	395	386	0.9772151898734177	0.9922074283194615	0.9272673812865208	0.812010810410862	0.032945321350571495	0
LeafCutter	subject-mean A1	all common	1047	1047	741	0.7077363896848138	0.9944341376225777	0.44661833012902125	0.45110605198762393	0.04975885007742968	0
LeafCutter	subject-mean A1	event BH union	496	496	405	0.8165322580645161	0.9999999999999999	0.6502257354478783	0.5214090997598494	0.04039003548670575	0
LeafCutter	subject-mean A1	event BH intersection	277	277	241	0.8700361010830325	1.0	0.7259255547668034	0.5344411333278377	0.03059444696048772	0
LeafCutter	subject-mean A1	event BH union, two paths	351	351	284	0.8091168091168092	1.0	0.6438486341632222	0.44196164946164945	0.03565964721409821	0
LeafCutter	subject-mean A1	event BH union, multi paths	145	145	121	0.8344827586206897	0.8947551990371978	0.6533141781226085	0.6752322468902534	0.05022005516073348	0
MAJIQ Heterogen	subject-mean A1	all common	3412	3412	2303	0.6749706916764361	0.9865062581834483	0.39429787201128197	0.42977507809904386	0.05797906545550539	0
MAJIQ Heterogen	subject-mean A1	event BH union	1402	1402	1111	0.7924393723252496	0.9999999999999999	0.6351765779163494	0.5030933271925716	0.04445791184519046	0
MAJIQ Heterogen	subject-mean A1	event BH intersection	759	759	647	0.852437417654809	1.0	0.7360029981645391	0.5801745530512067	0.031756441634903834	0
MAJIQ Heterogen	subject-mean A1	event BH union, two paths	1006	1006	789	0.7842942345924453	1.0	0.6500510977978897	0.43601975277240196	0.03714188972343247	0
MAJIQ Heterogen	subject-mean A1	event BH union, multi paths	396	396	322	0.8131313131313131	0.8536219369295572	0.6049476220164561	0.6131477063785836	0.06116951611472479	0
SUPPA2	subject-mean A1	all common	3317	3317	2146	0.6469701537533916	0.9623454499033964	0.33473040505022755	0.3936184132128087	0.06400324242564658	0
SUPPA2	subject-mean A1	event BH union	1171	1171	912	0.7788215200683177	0.9999999999999999	0.6150225001872808	0.470588050220697	0.04663142282944292	0
SUPPA2	subject-mean A1	event BH intersection	627	627	527	0.8405103668261563	1.0	0.7048682404010859	0.5068347901152324	0.03454745903055868	0
SUPPA2	subject-mean A1	event BH union, two paths	825	825	634	0.7684848484848484	1.0	0.6368336510616969	0.3902396731128014	0.039542391310308664	0
SUPPA2	subject-mean A1	event BH union, multi paths	346	346	278	0.8034682080924855	0.8427713654039368	0.5770267650164026	0.5878569985217782	0.06281043805437944	0
SUPPA2 primer-aware	subject-mean A1	all common	3156	3156	2047	0.6486058301647655	0.9583418069147189	0.34030151664737457	0.391303390449549	0.06369428241255018	0
SUPPA2 primer-aware	subject-mean A1	event BH union	1142	1142	895	0.7837127845884413	0.9999999999999999	0.618288285185115	0.47030690711220535	0.0466528553574595	0
SUPPA2 primer-aware	subject-mean A1	event BH intersection	614	614	518	0.8436482084690554	1.0	0.7087982538358601	0.5114539444941186	0.03476130620391066	0
SUPPA2 primer-aware	subject-mean A1	event BH union, two paths	795	795	616	0.7748427672955975	1.0	0.6485134751149099	0.3913960038298044	0.039542391310308664	0
SUPPA2 primer-aware	subject-mean A1	event BH union, multi paths	347	347	279	0.8040345821325648	0.8385496231500791	0.5698250624569638	0.581388121884153	0.06293186037260762	0
SUPPA2/Tealeaf hybrid	subject-mean A1	all common	2300	2300	1509	0.6560869565217391	0.963079554744217	0.36354350339608266	0.43027895271156336	0.06599679812560932	0
SUPPA2/Tealeaf hybrid	subject-mean A1	event BH union	713	713	577	0.8092566619915849	0.9999999999999999	0.6740750715869852	0.5437621823710967	0.04473363210660111	0
SUPPA2/Tealeaf hybrid	subject-mean A1	event BH intersection	381	381	333	0.8740157480314961	1.0	0.7555448634302407	0.5616377692386136	0.034670575727906446	0
SUPPA2/Tealeaf hybrid	subject-mean A1	event BH union, two paths	490	490	394	0.8040816326530612	1.0	0.7037158471826472	0.4814764419880882	0.03719642976267465	0
SUPPA2/Tealeaf hybrid	subject-mean A1	event BH union, multi paths	223	223	183	0.820627802690583	0.8719928400131707	0.622191424202564	0.6427629984244333	0.06047489483752522	0
rMATS (paired)	subject-mean A1	all common	4114	4114	2724	0.6621293145357317	0.9885702669148673	0.3674802647479799	0.40070148278392975	0.06326047295584562	0
rMATS (paired)	subject-mean A1	event BH union	1428	1428	1132	0.7927170868347339	0.9999999999999999	0.6528494051980162	0.5085758702909758	0.04618925209114973	0
rMATS (paired)	subject-mean A1	event BH intersection	765	765	652	0.8522875816993464	1.0	0.7353362648876864	0.5658048414778266	0.03352213873257582	0
rMATS (paired)	subject-mean A1	event BH union, two paths	1034	1034	814	0.7872340425531915	1.0	0.6774182892351364	0.44291205512565746	0.038511010295698936	0
rMATS (paired)	subject-mean A1	event BH union, multi paths	394	394	318	0.8071065989847716	0.8618225493818975	0.6055707778747367	0.6114069727917016	0.06613255179645997	0
scQuint	subject-mean A1	all common	3527	3527	2363	0.6699744825630848	0.9881874452769543	0.38472195874927717	0.4316325877482858	0.05946424546762206	0
scQuint	subject-mean A1	event BH union	1400	1400	1107	0.7907142857142857	0.9999999999999999	0.6351709663833572	0.5108739253729941	0.0453997191275316	0
scQuint	subject-mean A1	event BH intersection	775	775	659	0.8503225806451613	1.0	0.7376244133266744	0.5693712345612175	0.03375472236062529	0
scQuint	subject-mean A1	event BH union, two paths	1005	1005	786	0.7820895522388059	1.0	0.6558341778184517	0.44347427949399404	0.03723812062294868	0
scQuint	subject-mean A1	event BH union, multi paths	395	395	321	0.8126582278481013	0.8678996502924297	0.5976306209797451	0.6087351702464471	0.06456339361764865	0
