test_id	null_type	replicates	observed_statistic	empirical_p_value	observed_mixture_log_bayes_factor	empirical_bf_p_value
ENSG00000000457.14:B1	label_permutation	8	0.0341058018855378	0.6666666666666666	-0.3934931296231291	0.6666666666666666
ENSG00000001497.16:B1	label_permutation	8	67.90187839692771	0.1111111111111111	-0.6761498630449565	0.2222222222222222
ENSG00000001497.16:B2	label_permutation	8	29.493854581402047	0.2222222222222222	-4.531309664153273	0.2222222222222222
ENSG00000002834.18:B1	label_permutation	8	62.80784316658264	1.0	-2.316367864903268	0.5555555555555556
ENSG00000004059.11:B1	label_permutation	8	25.5861986981447	0.7777777777777778	-1.3279265640643998	0.2222222222222222
ENSG00000004766.17:B1	label_permutation	8	113.176521009922	0.5555555555555556	1.1707327868669877	0.1111111111111111
ENSG00000005156.11:B1	label_permutation	6	22.503591794590196	0.42857142857142855	-0.7653226803570503	0.5714285714285714
ENSG00000005238.19:B2	label_permutation	8	5.866667419043779	0.4444444444444444	-0.270691125084658	0.2222222222222222
ENSG00000005238.19:B3	label_permutation	8	22.158128459630007	0.1111111111111111	-0.437040764506816	0.1111111111111111
ENSG00000006625.18:B1	label_permutation	8	14.120128411792392	0.7777777777777778	-0.61515628673931	0.4444444444444444
ENSG00000007047.15:B1	label_permutation	8	105.17232470547424	0.2222222222222222	10.460126880149687	0.1111111111111111
ENSG00000007933.13:B1	label_permutation	8	1.7041149362739816e-06	1.0	-8.181980883037454e-06	1.0
ENSG00000008083.14:B1	label_permutation	8	38.23246733656197	0.7777777777777778	0.4151007545058083	0.1111111111111111
ENSG00000008083.14:B2	label_permutation	8	15.113396341401312	0.1111111111111111	-0.0422568196337971	0.1111111111111111
ENSG00000008952.17:B1	label_permutation	8	164.78592685482909	0.1111111111111111	32.48253964199382	0.1111111111111111
ENSG00000010072.16:B1	label_permutation	8	4.482133390637117	0.6666666666666666	-1.465030885646006	0.6666666666666666
ENSG00000013503.10:B1	label_permutation	8	18.00438299285952	0.7777777777777778	-1.6720351418610495	0.2222222222222222
ENSG00000015171.19:B1	label_permutation	8	163.37169344807444	0.1111111111111111	5.532029417596026	0.1111111111111111
ENSG00000020129.16:B1	label_permutation	8	232.6458965955535	0.1111111111111111	29.15720587590524	0.1111111111111111
ENSG00000022567.9:B1	label_permutation	8	35.76189161777302	0.3333333333333333	-2.582503633124337	0.3333333333333333
ENSG00000024048.10:B1	label_permutation	8	136.51598478655796	0.1111111111111111	17.75547215012933	0.1111111111111111
ENSG00000029364.12:B1	label_permutation	8	44.35167152175745	1.0	-2.0944784220068344	0.8888888888888888
ENSG00000032219.18:B1	label_permutation	8	250.84348250873157	0.1111111111111111	34.06375863231929	0.1111111111111111
ENSG00000033627.16:B1	label_permutation	8	175.3826556573149	0.1111111111111111	-1.221274746820914	0.1111111111111111
ENSG00000041353.10:B1	label_permutation	8	0.0	1.0	-2.569056078982612e-13	0.1111111111111111
ENSG00000043093.14:B1	label_permutation	8	168.35803762894193	0.1111111111111111	19.54309129996804	0.1111111111111111
ENSG00000046651.15:B1	label_permutation	8	53.457940654087	1.0	-3.864650942252996	1.0
ENSG00000047621.12:B1	label_permutation	8	65.80064006400244	1.0	-1.5421573440458034	0.6666666666666666
ENSG00000048649.13:B1	label_permutation	8	105.83248877254482	0.1111111111111111	0.3574376759352478	0.2222222222222222
ENSG00000049769.13:B1	label_permutation	5	25.1505497077668	0.16666666666666666	-1.0075514305627196	0.6666666666666666
ENSG00000049769.13:B2	label_permutation	8	13.81368167132146	0.1111111111111111	-1.1558301744285169	0.1111111111111111
ENSG00000050438.17:B1	label_permutation	8	215.63231619783252	0.1111111111111111	13.629741592169134	0.1111111111111111
ENSG00000052795.13:B1	label_permutation	8	49.84762752477036	0.6666666666666666	-2.821216962312324	0.1111111111111111
ENSG00000054523.17:B1	label_permutation	8	522.0098305170613	0.1111111111111111	73.11577948332463	0.1111111111111111
ENSG00000055917.15:B1	label_permutation	8	119.85223143844814	0.1111111111111111	0.9180584785522908	0.1111111111111111
ENSG00000057294.14:B1	label_permutation	8	5.82907922289553	0.8888888888888888	-1.243657358856581	0.7777777777777778
ENSG00000059573.9:B1	label_permutation	8	4.6531600636437815	1.0	-0.968633354257231	0.7777777777777778
ENSG00000059769.20:B1	label_permutation	8	9.576151675010522	0.2222222222222222	-0.6894451424468612	0.3333333333333333
ENSG00000059769.20:B2	label_permutation	8	18.672540664674106	0.1111111111111111	-0.8232673838225762	0.4444444444444444
ENSG00000059769.20:B3	label_permutation	8	8.158510057215267	0.5555555555555556	-0.4180171844719007	0.4444444444444444
ENSG00000061676.15:B1	label_permutation	8	256.43923514749986	0.1111111111111111	34.26664270360261	0.1111111111111111
ENSG00000063245.14:B1	label_permutation	8	32.65524261579412	0.3333333333333333	-0.346147870027093	0.2222222222222222
ENSG00000064989.13:B1	label_permutation	8	4.070519795996944	0.4444444444444444	-0.5592629795187007	0.6666666666666666
ENSG00000064989.13:B2	label_permutation	8	4.883206276039232	0.1111111111111111	-0.5948269298018949	0.3333333333333333
ENSG00000066084.13:B1	label_permutation	8	73.53315901848055	0.1111111111111111	-1.3920642494717834	0.1111111111111111
ENSG00000066697.14:B1	label_permutation	8	18.83662154328431	0.7777777777777778	-2.604459580477779	0.5555555555555556
ENSG00000067082.15:B1	label_permutation	8	15.910265171662104	0.6666666666666666	-1.917180634916646	0.2222222222222222
ENSG00000067560.11:B1	label_permutation	8	44.36277481139223	0.3333333333333333	-1.220254981774981	0.4444444444444444
ENSG00000067992.14:B1	label_permutation	8	112.04924118164854	0.1111111111111111	21.578258669243382	0.1111111111111111
ENSG00000068078.18:B1	label_permutation	8	5.036690160491929	0.6666666666666666	-0.9636917478321474	0.5555555555555556
ENSG00000068654.16:B1	label_permutation	6	97.23073339332768	0.8571428571428571	4.744978741606333	0.42857142857142855
ENSG00000069188.17:B1	label_permutation	8	23.418383968954004	0.2222222222222222	-2.0271278017653094	0.1111111111111111
ENSG00000070214.16:B1	label_permutation	8	364.38972657821614	0.1111111111111111	99.49612149696046	0.1111111111111111
ENSG00000070614.15:B1	label_permutation	3	0.0258158186425134	0.75	-0.0002150855054194	0.5
ENSG00000072364.13:B1	label_permutation	8	140.9291526828638	0.1111111111111111	11.952151371815807	0.1111111111111111
ENSG00000072832.14:B1	label_permutation	8	83.82852842051352	0.1111111111111111	6.055678353944868	0.1111111111111111
ENSG00000073464.12:B1	label_permutation	8	47.32468870693265	0.1111111111111111	-1.656078162514704	0.1111111111111111
ENSG00000073464.12:B2	label_permutation	8	32.07943369996019	0.1111111111111111	-1.318133669827958	0.1111111111111111
ENSG00000073464.12:B4	label_permutation	8	28.7950886616718	0.4444444444444444	-2.5552515317196445	0.5555555555555556
ENSG00000073969.18:B1	label_permutation	8	82.39431483068984	0.1111111111111111	2.293211540616465	0.1111111111111111
ENSG00000074356.17:B1	label_permutation	8	55.396011885002736	0.7777777777777778	-4.00777792256324	0.2222222222222222
ENSG00000074590.13:B1	label_permutation	8	122.4985101276452	0.1111111111111111	5.305896065984356	0.1111111111111111
ENSG00000074590.13:B2	label_permutation	8	55.47574997449351	0.2222222222222222	3.852384673177317	0.1111111111111111
ENSG00000074842.7:B1	label_permutation	8	6.002102247432617	0.1111111111111111	0.5413046843986167	0.1111111111111111
ENSG00000075945.13:B1	label_permutation	8	90.52349647644589	0.4444444444444444	6.80298078797782	0.4444444444444444
ENSG00000076356.7:B1	label_permutation	8	215.589671536658	0.1111111111111111	8.321940000036351	0.1111111111111111
ENSG00000077080.9:B1	label_permutation	8	79.65416520765393	0.1111111111111111	-0.205220327477426	0.1111111111111111
ENSG00000077380.15:B1	label_permutation	8	311.35124440951404	0.1111111111111111	33.57769798139407	0.1111111111111111
ENSG00000078269.15:B1	label_permutation	8	278.0638587008052	0.1111111111111111	24.50371645344832	0.1111111111111111
ENSG00000078699.21:B1	label_permutation	8	54.25849771531375	0.6666666666666666	-7.555732084533964	0.2222222222222222
ENSG00000079739.17:B1	label_permutation	8	19.84854770726656	0.2222222222222222	0.8834094145802289	0.2222222222222222
ENSG00000080493.17:B1	label_permutation	8	46.55881125083124	0.1111111111111111	0.6494500177175391	0.1111111111111111
ENSG00000080819.8:B1	label_permutation	8	32.66144977354122	0.1111111111111111	1.0522040910399502	0.2222222222222222
ENSG00000081138.14:B1	label_permutation	8	5.75504347731642	0.3333333333333333	-0.3309710531935861	0.2222222222222222
ENSG00000081721.11:B1	label_permutation	8	11.973602600071048	0.4444444444444444	-0.473088429570159	0.4444444444444444
ENSG00000082068.8:B1	label_permutation	8	217.12101585528944	0.1111111111111111	36.91577845733481	0.1111111111111111
ENSG00000083642.19:B1	label_permutation	8	168.04216360230384	0.1111111111111111	9.30428392442724	0.1111111111111111
ENSG00000084676.15:B1	label_permutation	8	195.23556808500143	0.1111111111111111	26.538127737835385	0.1111111111111111
ENSG00000085377.14:B1	label_permutation	8	7.612985622841847	0.5555555555555556	-0.4908305019448883	0.2222222222222222
ENSG00000086475.15:B1	label_permutation	3	5.387453425176773	1.0	-1.1864400539423068	1.0
ENSG00000087008.16:B1	label_permutation	8	21.810943212236907	0.6666666666666666	-1.8218033095182116	0.3333333333333333
ENSG00000087495.17:B1	label_permutation	4	289.9086982872668	0.2	20.356437180602448	0.2
ENSG00000088833.17:B1	label_permutation	8	70.19143818299926	0.2222222222222222	-0.8493575819451588	0.1111111111111111
ENSG00000089048.14:B1	label_permutation	8	48.86018294983842	0.1111111111111111	4.091464356280072	0.1111111111111111
ENSG00000090905.19:B1	label_permutation	8	434.6056341411131	0.1111111111111111	69.64952061665015	0.1111111111111111
ENSG00000090971.5:B1	label_permutation	8	16.556207371191704	1.0	-3.2510274277271995	1.0
ENSG00000091140.14:B1	label_permutation	8	35.51024470795039	0.3333333333333333	-0.4178737320134476	0.1111111111111111
ENSG00000091622.16:B1	label_permutation	8	48.728011321692975	0.1111111111111111	-0.4726846370192824	0.1111111111111111
ENSG00000092051.17:B1	label_permutation	8	124.07167009547992	0.1111111111111111	14.743266554188567	0.1111111111111111
ENSG00000092421.16:B1	label_permutation	8	38.850147350498446	0.5555555555555556	-1.6759254603277145	0.1111111111111111
ENSG00000092969.12:B1	label_permutation	8	1.9372733735831105	0.8888888888888888	-1.1259368170232285	0.8888888888888888
ENSG00000095380.11:B1	label_permutation	8	28.22982502829336	0.1111111111111111	0.5521158607499814	0.1111111111111111
ENSG00000096070.19:B1	label_permutation	8	56.48389330496866	0.2222222222222222	-0.3830493781127961	0.2222222222222222
ENSG00000097096.9:B1	label_permutation	8	7.198338952346376	0.6666666666666666	-1.915155042212196	0.7777777777777778
ENSG00000099326.8:B1	label_permutation	8	6.10564138164591	0.2222222222222222	-0.979544887737296	0.1111111111111111
ENSG00000099954.18:B1	label_permutation	8	12.350864410410622	0.5555555555555556	-0.6898935072300222	0.5555555555555556
ENSG00000100095.19:B1	label_permutation	6	45.74179428933349	0.42857142857142855	-0.62982247278131	0.5714285714285714
ENSG00000100146.17:B1	label_permutation	8	0.3942843639015336	1.0	-0.220176336097901	0.5555555555555556
ENSG00000100220.12:B1	label_permutation	8	10.747024412758435	0.8888888888888888	-0.5456922536424551	0.8888888888888888
ENSG00000100263.14:B1	label_permutation	8	15.777190343495477	0.3333333333333333	-0.4557771586029822	0.1111111111111111
ENSG00000100304.13:B1	label_permutation	8	66.08331381786866	0.1111111111111111	7.017472358757999	0.1111111111111111
ENSG00000100345.21:B1	label_permutation	7	199.96619481308156	1.0	27.221013945091745	1.0
ENSG00000100346.17:B1	label_permutation	8	0.0	1.0	-1.3322676295501878e-15	1.0
ENSG00000100387.8:B1	label_permutation	8	24.7381080419932	0.4444444444444444	-0.7495887805284224	0.1111111111111111
ENSG00000100505.13:B1	label_permutation	8	125.44320578922724	0.1111111111111111	8.111285849537417	0.1111111111111111
ENSG00000100711.13:B1	label_permutation	7	96.09822217999272	0.125	2.250401525064337	0.125
ENSG00000100815.12:B1	label_permutation	8	128.87949913868945	0.1111111111111111	18.80886998302437	0.1111111111111111
ENSG00000100842.13:B2	label_permutation	8	1.2424488479080082	0.6666666666666666	0.0044383332957818	0.6666666666666666
ENSG00000100842.13:B3	label_permutation	8	2.8421709430404014e-14	1.0	-3.1086244689504387e-15	0.7777777777777778
ENSG00000100994.12:B1	label_permutation	8	25.33306123163493	0.3333333333333333	-0.5501773575080399	0.2222222222222222
ENSG00000101126.17:B1	label_permutation	8	89.77069170121467	0.1111111111111111	-0.7497412545900922	0.1111111111111111
ENSG00000101132.10:B1	label_permutation	8	20.023241544936354	0.7777777777777778	-2.080892249400022	0.5555555555555556
ENSG00000101182.15:B1	label_permutation	8	57.672895839107696	0.6666666666666666	-1.438435646969808	0.3333333333333333
ENSG00000101222.12:B1	label_permutation	8	5.114073752084664	0.1111111111111111	0.042412273812256	0.2222222222222222
ENSG00000101222.12:B2	label_permutation	8	5.114228438544444	0.3333333333333333	0.0424300284082421	0.3333333333333333
ENSG00000101361.17:B1	label_permutation	8	289.9848200618999	0.1111111111111111	23.28650905097801	0.1111111111111111
ENSG00000101457.13:B1	label_permutation	8	2.874184948510546	0.4444444444444444	-0.720046082788937	0.4444444444444444
ENSG00000101746.15:B1	label_permutation	8	138.42783262123885	0.1111111111111111	3.2209567969809445	0.1111111111111111
ENSG00000101938.14:B1	label_permutation	8	7.900307739241612	0.3333333333333333	-0.5201752874853087	0.2222222222222222
ENSG00000102030.16:B1	label_permutation	7	38.16052644581941	1.0	0.5432612169884077	0.375
ENSG00000102181.21:B1	label_permutation	8	62.76140475834018	0.2222222222222222	0.246355832500448	0.2222222222222222
ENSG00000102349.18:B1	label_permutation	6	23.05603101080942	0.42857142857142855	-1.737230715667008	1.0
ENSG00000102349.18:B2	label_permutation	8	2.600532152884625	0.8888888888888888	-0.505807095403749	0.4444444444444444
ENSG00000102383.14:B1	label_permutation	8	2.586881958752258	0.3333333333333333	-0.4676553517630355	0.2222222222222222
ENSG00000102390.10:B1	label_permutation	8	1.7658135340636818	1.0	-1.232917980257312	0.8888888888888888
ENSG00000102554.14:B1	label_permutation	8	4.208597170610574	0.3333333333333333	-0.0044962265680064	0.1111111111111111
ENSG00000102781.14:B1	label_permutation	8	17.955175847656847	1.0	-2.4193844316793447	0.8888888888888888
ENSG00000102898.12:B1	label_permutation	8	22.371950684397007	0.1111111111111111	0.0842912800031787	0.1111111111111111
ENSG00000102984.15:B1	label_permutation	8	12.267230140425111	0.6666666666666666	-0.9130073577706096	0.5555555555555556
ENSG00000103316.11:B1	label_permutation	8	36.32036378167868	0.8888888888888888	0.4506713792366603	0.2222222222222222
ENSG00000103381.12:B1	label_permutation	8	12.996583696023322	0.3333333333333333	0.2202634500721361	0.3333333333333333
ENSG00000103381.12:B2	label_permutation	8	13.140282358313923	0.4444444444444444	-0.2578532574918142	0.2222222222222222
ENSG00000103429.11:B1	label_permutation	5	0.0038211841883821	0.16666666666666666	-2.2626833705796656e-05	0.6666666666666666
ENSG00000103510.20:B1	label_permutation	8	35.2450938056063	1.0	-2.363242574489205	0.5555555555555556
ENSG00000103512.15:B1	label_permutation	8	7.267217508661815	0.5555555555555556	-1.094622527404972	0.1111111111111111
ENSG00000104332.12:B1	label_permutation	8	1.7320838312128188	0.1111111111111111	-0.3621587159511197	0.1111111111111111
ENSG00000104472.10:B1	label_permutation	8	0.5515766918501868	0.7777777777777778	-0.4452220635435723	0.4444444444444444
ENSG00000104722.14:B1	label_permutation	8	87.78686446100892	0.1111111111111111	1.3024794595082174	0.1111111111111111
ENSG00000104722.14:B2	label_permutation	8	92.12090551930304	0.1111111111111111	0.884392214934967	0.1111111111111111
ENSG00000104824.17:B1	label_permutation	8	57.13634043601269	0.8888888888888888	0.2436424087350706	0.2222222222222222
ENSG00000104964.14:B1	label_permutation	8	57.96002181703125	0.5555555555555556	1.0927333946319482	0.5555555555555556
ENSG00000105063.19:B1	label_permutation	6	86.86639476810797	0.8571428571428571	4.536704876653051	0.2857142857142857
ENSG00000105072.9:B1	label_permutation	5	21.16936782257062	0.6666666666666666	-0.2752472389382328	0.5
ENSG00000105193.9:B2	label_permutation	8	0.8051629747723155	1.0	-1.3060437152923223	0.6666666666666666
ENSG00000105193.9:B3	label_permutation	3	0.0	1.0	-0.9202215556682471	0.25
ENSG00000105193.9:B4	label_permutation	8	3.8745099797531566	0.2222222222222222	-1.1531368179773958	0.1111111111111111
ENSG00000105321.14:B1	label_permutation	8	3.4096049085068216	0.1111111111111111	-0.9173457525184832	0.1111111111111111
ENSG00000105409.18:B1	label_permutation	4	134.32251210239156	0.6	7.604250635976879	0.2
ENSG00000105519.16:B2	label_permutation	8	2.0556514073177823e-06	0.4444444444444444	-1.43136347219297e-09	0.1111111111111111
ENSG00000105519.16:B3	label_permutation	8	0.8166370430228653	0.4444444444444444	-0.2720529132511238	0.7777777777777778
ENSG00000105520.10:B1	label_permutation	8	75.72542931490898	0.1111111111111111	1.796286750888479	0.1111111111111111
ENSG00000105767.3:B1	label_permutation	8	0.3333879988231274	0.8888888888888888	-0.2971105393021029	0.1111111111111111
ENSG00000105928.15:B1	label_permutation	7	35.32480028433838	0.75	-1.6495479364440109	0.625
ENSG00000106049.9:B1	label_permutation	8	4.710050558959409	0.3333333333333333	-0.4295094940883284	0.4444444444444444
ENSG00000106052.13:B1	label_permutation	8	299.71615612126334	0.1111111111111111	29.78160802271468	0.1111111111111111
ENSG00000106554.13:B1	label_permutation	8	9.441128262749828	0.4444444444444444	-1.2705478366795295	0.2222222222222222
ENSG00000106636.8:B1	label_permutation	8	31.213439850497707	0.5555555555555556	-1.1881376688346827	0.2222222222222222
ENSG00000106682.14:B1	label_permutation	8	69.59338920346454	0.1111111111111111	2.09607223295919	0.1111111111111111
ENSG00000106682.14:B2	label_permutation	8	17.640491740050493	0.5555555555555556	-0.4151567866633947	0.2222222222222222
ENSG00000106733.21:B1	label_permutation	8	25.40598239005476	0.3333333333333333	-1.258684081994779	0.2222222222222222
ENSG00000106976.20:B1	label_permutation	8	234.64315622179856	0.1111111111111111	39.73532161552752	0.1111111111111111
ENSG00000107185.9:B1	label_permutation	8	42.43200887404464	0.1111111111111111	5.467842785167036	0.1111111111111111
ENSG00000107295.10:B1	label_permutation	8	11.758877293538715	0.4444444444444444	-1.081654423614455	0.1111111111111111
ENSG00000107581.13:B1	label_permutation	8	34.50764777992595	0.1111111111111111	-4.446214340422896	0.1111111111111111
ENSG00000107593.17:B1	label_permutation	8	4.840754519379431	0.5555555555555556	-0.8724347161271451	0.3333333333333333
ENSG00000107731.12:B1	label_permutation	8	31.70118270554076	0.1111111111111111	-0.1649884087925441	0.1111111111111111
ENSG00000107863.18:B1	label_permutation	8	769.827460533781	0.1111111111111111	129.5140262791043	0.1111111111111111
ENSG00000107949.17:B1	label_permutation	8	4.682114709073403	0.6666666666666666	-2.155036706864088	0.4444444444444444
ENSG00000107949.17:B3	label_permutation	8	29.04837432063641	0.2222222222222222	0.0289862196566106	0.1111111111111111
ENSG00000107951.14:B1	label_permutation	8	26.26135836301637	0.2222222222222222	-2.99323173441971	0.2222222222222222
ENSG00000108349.17:B1	label_permutation	8	173.41269370965347	0.1111111111111111	7.794928127031154	0.1111111111111111
ENSG00000108559.12:B1	label_permutation	7	47.495283472596384	0.625	-1.6782266157062635	0.25
ENSG00000108651.10:B1	label_permutation	8	39.95814769570734	0.4444444444444444	-3.371238015219115	0.3333333333333333
ENSG00000108826.16:B1	label_permutation	8	0.0	1.0	-1.857047848830007e-11	0.1111111111111111
ENSG00000108960.9:B1	label_permutation	8	14.843946764523936	0.5555555555555556	-2.674311176213973	0.3333333333333333
ENSG00000109270.13:B1	label_permutation	8	14.354161999369865	0.1111111111111111	-0.4460561828866859	0.1111111111111111
ENSG00000109534.17:B1	label_permutation	8	0.1041452314218247	0.6666666666666666	-0.2482313705114585	1.0
ENSG00000109736.15:B1	label_permutation	8	8.296883213549336	1.0	-0.9061908977970629	0.3333333333333333
ENSG00000109881.17:B1	label_permutation	8	56.69461139554642	0.1111111111111111	9.398355121988365	0.1111111111111111
ENSG00000110002.15:B1	label_permutation	8	4.51766630765394	0.5555555555555556	-1.0128274996545896	0.6666666666666666
ENSG00000110108.10:B1	label_permutation	8	20.67867772151635	0.1111111111111111	1.203540989305137	0.1111111111111111
ENSG00000110108.10:B2	label_permutation	8	18.272844468901667	0.1111111111111111	1.8699415021564656	0.1111111111111111
ENSG00000110108.10:B3	label_permutation	8	16.681701350960623	0.1111111111111111	1.1444287819772196	0.1111111111111111
ENSG00000110172.12:B1	label_permutation	8	120.6276828182472	0.1111111111111111	8.165330615382098	0.1111111111111111
ENSG00000110367.13:B1	label_permutation	8	52.1018104475744	0.5555555555555556	-9.97191329919263	0.2222222222222222
ENSG00000110721.12:B1	label_permutation	8	26.71944703726581	0.1111111111111111	-1.602398112277131	0.1111111111111111
ENSG00000110987.8:B1	label_permutation	8	18.149457961111292	0.6666666666666666	-4.518716048259798	0.4444444444444444
ENSG00000111229.16:B1	label_permutation	8	28.186859524237207	0.1111111111111111	1.0353783468358555	0.1111111111111111
ENSG00000111275.13:B1	label_permutation	8	5.361546716042653	0.8888888888888888	0.284329947689431	0.8888888888888888
ENSG00000111412.6:B1	label_permutation	8	29.734544886614454	0.4444444444444444	2.00441028260657	0.1111111111111111
ENSG00000111640.15:B1	label_permutation	8	179.1011034331459	0.1111111111111111	8.288402523977874	0.1111111111111111
ENSG00000111674.9:B1	label_permutation	8	238.60393513159212	0.1111111111111111	32.23773327296374	0.1111111111111111
ENSG00000111832.13:B1	label_permutation	8	2.031144430433642	1.0	-1.1333605849046546	0.3333333333333333
ENSG00000111843.14:B1	label_permutation	8	3.5297099838107897	0.7777777777777778	-0.8918535375992389	0.6666666666666666
ENSG00000111880.16:B1	label_permutation	8	21.17217305647131	0.1111111111111111	-0.5434271142475171	0.1111111111111111
ENSG00000111880.16:B3	label_permutation	8	36.63568840341816	0.7777777777777778	1.1064909896496329	0.3333333333333333
ENSG00000111912.20:B1	label_permutation	8	166.17480615266777	0.1111111111111111	14.02640248859685	0.1111111111111111
ENSG00000112130.17:B1	label_permutation	8	102.16128086494246	0.1111111111111111	5.147194816778456	0.1111111111111111
ENSG00000112200.17:B1	label_permutation	8	320.8311094857163	0.1111111111111111	26.897463840113144	0.1111111111111111
ENSG00000112305.14:B2	label_permutation	8	71.88813661943186	0.1111111111111111	8.68754669402329	0.1111111111111111
ENSG00000112651.12:B1	label_permutation	8	8.540588119424001	0.2222222222222222	-1.4019825654910796	0.3333333333333333
ENSG00000113318.10:B1	label_permutation	8	16.53884539601131	0.4444444444444444	-0.9591698907456734	0.1111111111111111
ENSG00000113319.13:B1	label_permutation	8	224.5768901321071	0.1111111111111111	34.243492622303535	0.1111111111111111
ENSG00000113460.12:B1	label_permutation	8	37.22640237592509	0.1111111111111111	-0.914658874754673	0.1111111111111111
ENSG00000113805.8:B1	label_permutation	8	61.59802562690129	0.1111111111111111	9.958678270574998	0.1111111111111111
ENSG00000114030.13:B1	label_permutation	8	58.32079990655984	0.2222222222222222	0.4091513832476223	0.1111111111111111
ENSG00000114554.11:B1	label_permutation	6	110.62122768558264	0.42857142857142855	0.3161115333890365	0.8571428571428571
ENSG00000114739.14:B1	label_permutation	8	25.113061881187832	0.5555555555555556	-3.521103483003204	0.3333333333333333
ENSG00000114739.14:B2	label_permutation	8	11.85234731595196	0.5555555555555556	-3.176928127075049	0.5555555555555556
ENSG00000114744.9:B1	label_permutation	8	15.946072851555186	0.3333333333333333	-1.974242820038694	0.4444444444444444
ENSG00000114853.14:B1	label_permutation	8	15.705735511378409	0.4444444444444444	-1.0188808512722232	0.2222222222222222
ENSG00000114857.18:B1	label_permutation	8	479.36693393626047	0.1111111111111111	58.92164155359731	0.1111111111111111
ENSG00000114999.8:B1	label_permutation	8	74.50975695953503	0.1111111111111111	4.343658775475077	0.1111111111111111
ENSG00000115145.10:B1	label_permutation	8	37.84586878089249	0.4444444444444444	-2.160145426768837	0.5555555555555556
ENSG00000115226.10:B1	label_permutation	8	11.786108460640094	0.1111111111111111	-0.6129056229958976	0.1111111111111111
ENSG00000115306.16:B1	label_permutation	8	843.9814273636111	0.1111111111111111	180.60332998236808	0.1111111111111111
ENSG00000115419.12:B1	label_permutation	8	258.8227170199516	0.1111111111111111	35.02360313874825	0.1111111111111111
ENSG00000115762.16:B1	label_permutation	8	124.7136040938276	0.2222222222222222	2.816602070474969	0.1111111111111111
ENSG00000115866.11:B1	label_permutation	8	32.987618613279665	0.8888888888888888	-1.3993561646731532	0.7777777777777778
ENSG00000116141.15:B1	label_permutation	8	43.31177777741004	0.3333333333333333	0.1798859412954072	0.2222222222222222
ENSG00000116141.15:B2	label_permutation	8	20.295104494716725	0.2222222222222222	-0.1997108435412311	0.1111111111111111
ENSG00000116161.17:B1	label_permutation	8	51.23133292595253	0.2222222222222222	-2.654362088691797	0.4444444444444444
ENSG00000116221.15:B1	label_permutation	8	8.892641020824158	0.1111111111111111	-1.1740247010615097	0.1111111111111111
ENSG00000116350.17:B1	label_permutation	8	63.71517089077497	0.1111111111111111	4.441142336385915	0.1111111111111111
ENSG00000116514.16:B2	label_permutation	8	4.179260699105868	0.4444444444444444	-1.3838313168722003	0.6666666666666666
ENSG00000116667.14:B1	label_permutation	8	55.11451262166338	0.1111111111111111	0.6523423947388116	0.1111111111111111
ENSG00000116731.22:B1	label_permutation	8	401.0492766011048	0.1111111111111111	73.34795938333964	0.1111111111111111
ENSG00000116871.15:B1	label_permutation	8	278.0139163063004	0.1111111111111111	31.79449575142056	0.1111111111111111
ENSG00000116984.13:B1	label_permutation	7	130.76015681892113	1.0	5.80893138052748	0.5
ENSG00000117115.13:B1	label_permutation	8	2.422868932917254	1.0	-1.626409804455106	1.0
ENSG00000117174.11:B1	label_permutation	8	2.0080968873544407	1.0	0.0783524811077203	0.1111111111111111
ENSG00000117475.14:B1	label_permutation	8	28.58285364469549	0.5555555555555556	-1.73602547005863	0.1111111111111111
ENSG00000117475.14:B2	label_permutation	8	17.41101574219101	0.1111111111111111	-2.007317501342914	0.2222222222222222
ENSG00000117475.14:B3	label_permutation	8	32.76966368057447	0.6666666666666666	-2.3790670823921127	0.3333333333333333
ENSG00000117533.15:B1	label_permutation	8	5.195233119820841	0.8888888888888888	-1.0692704298455091	0.7777777777777778
ENSG00000117533.15:B2	label_permutation	8	2.750381454993203	0.6666666666666666	-0.8446454429297461	0.3333333333333333
ENSG00000117598.12:B1	label_permutation	8	4.1757177266874805	1.0	-1.6438729934189038	1.0
ENSG00000117899.11:B1	label_permutation	8	22.336092481709784	0.7777777777777778	-0.962849760717355	0.4444444444444444
ENSG00000118363.12:B1	label_permutation	8	38.16168966131636	0.5555555555555556	-2.160528794190794	0.6666666666666666
ENSG00000118873.16:B1	label_permutation	8	32.69764192342063	0.8888888888888888	-2.8167241037902166	0.5555555555555556
ENSG00000118985.16:B1	label_permutation	8	5.294851919141252	0.2222222222222222	-0.6949429966320613	0.2222222222222222
ENSG00000119231.11:B1	label_permutation	8	115.17263901186016	0.1111111111111111	12.537586853091598	0.1111111111111111
ENSG00000119508.18:B1	label_permutation	8	8.036614506557271	0.4444444444444444	-2.320075561552758	0.4444444444444444
ENSG00000119508.18:B2	label_permutation	8	4.871758323692774	0.7777777777777778	-2.624927079630547	0.6666666666666666
ENSG00000119522.16:B1	label_permutation	4	91.74598728796082	0.4	6.31005261407564	0.2
ENSG00000119638.13:B1	label_permutation	8	139.80457645879142	0.1111111111111111	2.6399282747999395	0.1111111111111111
ENSG00000119707.14:B1	label_permutation	8	285.6152623205073	0.1111111111111111	37.59790395271248	0.1111111111111111
ENSG00000119906.13:B1	label_permutation	8	158.6953203897574	0.1111111111111111	11.749546067416675	0.1111111111111111
ENSG00000119979.18:B1	label_permutation	8	66.03181899713763	0.5555555555555556	-0.8081114597053078	0.1111111111111111
ENSG00000120251.20:B1	label_permutation	8	368.6923949219181	0.1111111111111111	42.7551810455099	0.1111111111111111
ENSG00000120253.14:B1	label_permutation	8	6.710602201951133	0.6666666666666666	0.0699522220413741	0.1111111111111111
ENSG00000120437.8:B1	label_permutation	8	11.937193899333522	0.8888888888888888	-1.1478049191040016	0.3333333333333333
ENSG00000120658.13:B1	label_permutation	8	4.911552807190674	0.5555555555555556	-1.0830245351070458	0.1111111111111111
ENSG00000120907.17:B1	label_permutation	8	41.626801463281936	0.3333333333333333	-1.6798587129089788	0.2222222222222222
ENSG00000122033.14:B1	label_permutation	6	1.241694261928842	1.0	-0.5741537161381707	0.42857142857142855
ENSG00000122033.14:B2	label_permutation	8	5.850415904468719	1.0	-1.2344281932988876	0.8888888888888888
ENSG00000122034.15:B1	label_permutation	8	33.41985508684502	0.4444444444444444	-3.823803716571171	0.4444444444444444
ENSG00000122068.13:B1	label_permutation	7	99.6140879559689	0.125	8.966373260648705	0.125
ENSG00000122591.11:B1	label_permutation	8	14.862735310215726	0.1111111111111111	-0.2325183166047397	0.1111111111111111
ENSG00000122958.15:B1	label_permutation	8	31.422196332125395	0.8888888888888888	-2.853854644433319	0.7777777777777778
ENSG00000123130.17:B1	label_permutation	8	17.450736149292197	0.4444444444444444	-1.2466284106061936	0.4444444444444444
ENSG00000123297.18:B2	label_permutation	8	0.0	1.0	-8.791967154309077e-11	0.2222222222222222
ENSG00000123360.12:B1	label_permutation	6	70.7175736124309	0.5714285714285714	-4.151557986120874	0.8571428571428571
ENSG00000124160.12:B1	label_permutation	8	7.985488612305289	0.2222222222222222	-0.8403526087987482	0.2222222222222222
ENSG00000124164.15:B1	label_permutation	8	102.20888258971218	0.1111111111111111	5.104696203746427	0.1111111111111111
ENSG00000124164.15:B2	label_permutation	8	20.73524719325252	0.3333333333333333	-5.999084582405133	0.8888888888888888
ENSG00000124214.19:B1	label_permutation	8	100.28747471760651	0.1111111111111111	9.64796355393074	0.1111111111111111
ENSG00000124214.19:B2	label_permutation	8	16.103325283997947	0.1111111111111111	-0.9436321707111972	0.1111111111111111
ENSG00000124226.11:B1	label_permutation	8	13.76539966586131	0.6666666666666666	-1.975366725196666	0.8888888888888888
ENSG00000124333.16:B3	label_permutation	8	1.1661883506051254	0.7777777777777778	-0.0703203733130428	1.0
ENSG00000124333.16_PAR_Y:B3	label_permutation	8	1.1661883506051254	0.8888888888888888	-0.0703203733130428	1.0
ENSG00000124783.14:B1	label_permutation	8	18.677224911299163	0.2222222222222222	-1.2944518079151766	0.4444444444444444
ENSG00000125037.12:B1	label_permutation	8	0.0649725815122508	1.0	-1.0466478594233442	0.7777777777777778
ENSG00000125375.14:B1	label_permutation	8	35.5594013862401	0.1111111111111111	0.9711936528712026	0.1111111111111111
ENSG00000125375.14:B2	label_permutation	8	62.29383997743116	0.1111111111111111	7.742747618710785	0.1111111111111111
ENSG00000125779.22:B1	label_permutation	8	34.52277612110515	0.1111111111111111	1.088736720163871	0.1111111111111111
ENSG00000125835.18:B3	label_permutation	8	5.730260400175553	0.4444444444444444	0.165468257903592	0.1111111111111111
ENSG00000125945.15:B1	label_permutation	8	8.630870041128219	0.1111111111111111	0.1089452737180673	0.1111111111111111
ENSG00000126267.10:B1	label_permutation	8	23.762181203010183	1.0	-1.979849278695306	0.8888888888888888
ENSG00000126432.14:B1	label_permutation	8	7.71989151289597	0.7777777777777778	-0.9991621937088742	0.6666666666666666
ENSG00000126698.11:B1	label_permutation	8	23.937992101990403	0.7777777777777778	-4.457620923853163	0.5555555555555556
ENSG00000127554.13:B1	label_permutation	8	9.043729465908145	0.7777777777777778	0.7162193367001926	0.7777777777777778
ENSG00000128039.11:B1	label_permutation	8	13.291189708587352	0.8888888888888888	-2.489410971532222	0.7777777777777778
ENSG00000128050.8:B1	label_permutation	8	40.323294884640745	0.2222222222222222	1.2616470827305435	0.1111111111111111
ENSG00000128245.15:B1	label_permutation	8	309.6373016091202	0.1111111111111111	79.85034938092491	0.1111111111111111
ENSG00000128245.15:B2	label_permutation	8	178.9886474896257	0.1111111111111111	42.68759088060126	0.1111111111111111
ENSG00000128585.18:B1	label_permutation	8	161.4361385294178	0.1111111111111111	23.51924042183892	0.1111111111111111
ENSG00000128708.13:B1	label_permutation	8	47.91870449432509	0.3333333333333333	0.3080573897971261	0.1111111111111111
ENSG00000128881.17:B1	label_permutation	8	4.994306614129869	0.3333333333333333	-0.2251678431311465	0.1111111111111111
ENSG00000129055.12:B1	label_permutation	8	7.631906817935118	0.3333333333333333	-2.127003975138928	0.7777777777777778
ENSG00000129355.6:B1	label_permutation	8	1.792848362314544	0.5555555555555556	-0.065064814913851	0.3333333333333333
ENSG00000130032.16:B1	label_permutation	8	52.83129643908069	0.1111111111111111	3.3911382653549937	0.1111111111111111
ENSG00000130035.7:B1	label_permutation	8	35.47314117969245	0.4444444444444444	-1.0468637785464168	0.5555555555555556
ENSG00000130177.16:B1	label_permutation	7	59.46294286223383	0.125	1.8669121139452236	0.125
ENSG00000130396.20:B1	label_permutation	8	266.2863580762787	0.1111111111111111	11.540919897889935	0.1111111111111111
ENSG00000130559.19:B1	label_permutation	8	93.07164698341512	0.1111111111111111	1.4353913385153028	0.1111111111111111
ENSG00000130725.7:B2	label_permutation	8	0.0	1.0	-5.906386491005834e-14	0.1111111111111111
ENSG00000130731.16:B1	label_permutation	8	30.899950735166385	0.1111111111111111	-1.656704039956919	0.1111111111111111
ENSG00000130810.20:B1	label_permutation	7	22.91194456134372	0.5	-1.1667420454629736	0.25
ENSG00000131043.12:B1	label_permutation	8	0.2642907617114929	0.4444444444444444	-0.1296860603806404	0.6666666666666666
ENSG00000131043.12:B2	label_permutation	8	0.2630753073462415	0.4444444444444444	-0.1297590554133347	1.0
ENSG00000131043.12:B3	label_permutation	8	7.43989932061595e-06	0.8888888888888888	-1.3768832074489978e-08	0.2222222222222222
ENSG00000131100.13:B1	label_permutation	8	77.90670320181744	0.1111111111111111	16.846759468773058	0.1111111111111111
ENSG00000131323.14:B1	label_permutation	8	106.6788836208375	0.1111111111111111	9.923801353874673	0.1111111111111111
ENSG00000131398.13:B1	label_permutation	8	26.544055297126302	0.1111111111111111	-2.743134101342106	0.1111111111111111
ENSG00000131469.14:B1	label_permutation	8	30.18092937018264	0.7777777777777778	-1.561612377797064	0.7777777777777778
ENSG00000131469.14:B2	label_permutation	8	30.1501407373662	0.8888888888888888	-1.9527547397617244	0.7777777777777778
ENSG00000131508.16:B1	label_permutation	8	28.50380424265427	0.3333333333333333	0.0196172345374676	0.2222222222222222
ENSG00000131771.14:B1	label_permutation	8	36.05500969537752	0.1111111111111111	-0.3747970025166571	0.1111111111111111
ENSG00000131876.17:B1	label_permutation	8	16.702465208421472	0.5555555555555556	-0.2530842712711865	0.2222222222222222
ENSG00000132128.16:B1	label_permutation	8	57.92531667812364	0.7777777777777778	-2.655593017311303	0.4444444444444444
ENSG00000132275.11:B1	label_permutation	8	37.83334828558236	0.4444444444444444	-0.4868689268573873	0.1111111111111111
ENSG00000132356.11:B1	label_permutation	7	23.596918551836097	0.25	-2.0936889249358543	0.25
ENSG00000132424.16:B1	label_permutation	8	348.1257180114944	0.1111111111111111	45.93461463593834	0.1111111111111111
ENSG00000132563.16:B1	label_permutation	8	47.43576776577356	0.1111111111111111	-1.0755190471749383	0.2222222222222222
ENSG00000132639.12:B1	label_permutation	8	193.09210729630104	0.1111111111111111	28.410172416204095	0.1111111111111111
ENSG00000132664.12:B1	label_permutation	8	4.285842907890128	0.8888888888888888	-1.486430581795205	0.7777777777777778
ENSG00000132664.12:B2	label_permutation	8	4.918964046233668	0.6666666666666666	-1.42888325666182	0.5555555555555556
ENSG00000132932.17:B1	label_permutation	8	129.77645668997002	0.1111111111111111	25.150320479101783	0.1111111111111111
ENSG00000133026.12:B1	label_permutation	8	326.37399978028407	0.1111111111111111	65.45588140875398	0.1111111111111111
ENSG00000133104.14:B1	label_permutation	8	119.9398842287428	0.1111111111111111	1.5698200077269406	0.1111111111111111
ENSG00000133138.20:B1	label_permutation	8	1.3265789871635434	0.5555555555555556	-0.8435129450070799	0.3333333333333333
ENSG00000134030.14:B1	label_permutation	8	257.9286734971711	0.1111111111111111	26.349311813877364	0.1111111111111111
ENSG00000134046.12:B1	label_permutation	8	34.46537153040208	0.2222222222222222	-2.1337757295077773	0.6666666666666666
ENSG00000134146.12:B1	label_permutation	8	1.205544994765603	1.0	-1.3302792972025936	1.0
ENSG00000134461.16:B1	label_permutation	8	19.23988508796629	0.5555555555555556	-2.474897374152584	0.4444444444444444
ENSG00000134627.12:B1	label_permutation	8	0.8315475875760114	1.0	-0.8877741600204871	0.7777777777777778
ENSG00000134758.14:B1	label_permutation	8	3.231646989909656	0.2222222222222222	-0.5027582538407716	0.3333333333333333
ENSG00000134874.17:B1	label_permutation	8	48.7836917747652	0.1111111111111111	2.395109496881592	0.1111111111111111
ENSG00000134982.17:B1	label_permutation	8	335.01270164459856	0.1111111111111111	63.907728750818826	0.1111111111111111
ENSG00000135148.12:B1	label_permutation	8	6.580641962696291	1.0	-1.5691952690912996	0.8888888888888888
ENSG00000135205.15:B1	label_permutation	8	43.99865875265096	1.0	-2.1084338912505647	0.7777777777777778
ENSG00000135316.17:B1	label_permutation	8	47.68703628812818	0.1111111111111111	2.647457661116003	0.1111111111111111
ENSG00000135441.7:B2	label_permutation	8	0.0004916196444355	0.7777777777777778	-0.2816810065677384	1.0
ENSG00000135537.16:B1	label_permutation	8	17.18889317172716	0.6666666666666666	-1.5215873956466277	0.6666666666666666
ENSG00000135637.13:B1	label_permutation	6	7.557323794883814	1.0	-1.4764243389234926	1.0
ENSG00000135709.12:B1	label_permutation	8	139.3110235962813	0.1111111111111111	14.832220899096008	0.1111111111111111
ENSG00000135778.12:B1	label_permutation	8	14.015393235912144	0.7777777777777778	-2.738041578206755	0.5555555555555556
ENSG00000135870.11:B1	label_permutation	8	17.63946596797541	0.5555555555555556	-1.2654742673652803	0.6666666666666666
ENSG00000135945.10:B1	label_permutation	8	91.30362536602296	0.2222222222222222	-0.0372516324616527	0.3333333333333333
ENSG00000136238.18:B1	label_permutation	8	27.61594680365033	0.7777777777777778	-8.857727838826788	0.5555555555555556
ENSG00000136319.12:B1	label_permutation	8	22.515784666156836	0.4444444444444444	-3.385015123965136	0.5555555555555556
ENSG00000136485.15:B1	label_permutation	8	20.66087756548859	0.1111111111111111	-1.4256820626629934	0.1111111111111111
ENSG00000136560.13:B1	label_permutation	3	38.42440931536294	1.0	-1.3501414042669428	0.75
ENSG00000136715.18:B1	label_permutation	8	51.21718844080351	0.6666666666666666	2.9356157090525814	0.6666666666666666
ENSG00000136816.16:B1	label_permutation	6	6.585743717052594	1.0	-0.6747347412326183	0.8571428571428571
ENSG00000136868.11:B1	label_permutation	8	0.000111874420611	0.7777777777777778	-0.3408957877909089	0.7777777777777778
ENSG00000136925.15:B1	label_permutation	8	0.9897247398981291	0.7777777777777778	-0.321674665591978	0.7777777777777778
ENSG00000136938.9:B1	label_permutation	8	6.111653911487792	0.7777777777777778	-0.8067926592637666	0.7777777777777778
ENSG00000136938.9:B2	label_permutation	8	2.8270862368772214	0.3333333333333333	-0.4004190139972056	0.1111111111111111
ENSG00000136999.5:B1	label_permutation	8	4.6859310670784	0.1111111111111111	-0.7197685207145296	0.5555555555555556
ENSG00000137106.18:B1	label_permutation	8	15.27163229432972	1.0	-2.3929427429229118	0.7777777777777778
ENSG00000137500.9:B1	label_permutation	8	44.40137378949976	0.2222222222222222	-1.6486315248225043	0.1111111111111111
ENSG00000137504.13:B1	label_permutation	8	128.20680784652268	0.1111111111111111	15.358492609528977	0.1111111111111111
ENSG00000137504.13:B2	label_permutation	8	35.89831577227869	0.3333333333333333	-0.1047880601041193	0.1111111111111111
ENSG00000137504.13:B3	label_permutation	8	128.15989369643012	0.1111111111111111	6.498514998337804	0.1111111111111111
ENSG00000137656.12:B1	label_permutation	8	3.2713435660965047	0.7777777777777778	-1.2742998361546678	0.6666666666666666
ENSG00000137656.12:B2	label_permutation	8	2.8141697793416256	1.0	-1.366502852491249	1.0
ENSG00000137962.13:B1	label_permutation	8	95.96066482958304	0.1111111111111111	13.641090677038026	0.1111111111111111
ENSG00000138036.18:B1	label_permutation	8	28.908691370765155	0.6666666666666666	-3.1669836959180326	0.6666666666666666
ENSG00000138050.15:B1	label_permutation	8	103.4241584401716	0.1111111111111111	9.190069897765389	0.1111111111111111
ENSG00000138095.19:B1	label_permutation	8	147.41731921334394	0.1111111111111111	6.373444860928055	0.1111111111111111
ENSG00000138311.17:B1	label_permutation	8	61.3589529992114	0.1111111111111111	9.375358275498874	0.1111111111111111
ENSG00000138398.16:B1	label_permutation	8	240.9804745345782	0.1111111111111111	17.716530418823336	0.1111111111111111
ENSG00000138459.9:B1	label_permutation	8	14.159190472825628	0.4444444444444444	-1.2951035213650353	0.3333333333333333
ENSG00000138604.10:B1	label_permutation	8	40.78178794432165	0.1111111111111111	2.694305830770181	0.1111111111111111
ENSG00000138660.11:B1	label_permutation	8	27.386575155294395	0.2222222222222222	-0.281531999090191	0.1111111111111111
ENSG00000138768.14:B1	label_permutation	8	28.656451926788577	0.1111111111111111	-0.3069638912312913	0.1111111111111111
ENSG00000138834.12:B1	label_permutation	8	397.5253601071527	0.1111111111111111	27.521707840017324	0.1111111111111111
ENSG00000139266.6:B1	label_permutation	8	18.516150652737124	0.1111111111111111	-1.7650055560296558	0.1111111111111111
ENSG00000139405.16:B1	label_permutation	8	23.970650886194107	0.4444444444444444	-0.5025037525023072	0.2222222222222222
ENSG00000139597.18:B1	label_permutation	8	50.92306382918366	0.1111111111111111	-2.176227601971992	0.1111111111111111
ENSG00000139668.9:B1	label_permutation	8	77.980321298734	0.1111111111111111	7.998023781379974	0.1111111111111111
ENSG00000139718.10:B1	label_permutation	8	23.4230309803645	0.2222222222222222	-8.289035874191725	0.2222222222222222
ENSG00000139718.10:B2	label_permutation	8	24.45402650849064	1.0	-9.07300226471494	0.8888888888888888
ENSG00000139718.10:B3	label_permutation	8	5.9659410937129	0.4444444444444444	-0.8308888612809463	0.3333333333333333
ENSG00000139718.10:B4	label_permutation	8	24.359731522047923	0.3333333333333333	-8.330342976335556	0.3333333333333333
ENSG00000139726.11:B1	label_permutation	8	30.303122572805933	0.1111111111111111	-2.474988067411302	0.1111111111111111
ENSG00000139726.11:B2	label_permutation	8	61.346183588358144	0.3333333333333333	0.3801794111221155	0.1111111111111111
ENSG00000140006.11:B1	label_permutation	8	1.7373917973540074	0.3333333333333333	-0.8577538757024955	0.4444444444444444
ENSG00000140259.7:B1	label_permutation	8	1.6479115872075454	1.0	-0.8131156291970435	0.3333333333333333
ENSG00000140350.15:B1	label_permutation	8	12.814160022889835	0.6666666666666666	-1.2927464778206614	0.4444444444444444
ENSG00000140688.17:B1	label_permutation	7	19.14898034738781	1.0	-0.9670894742273742	1.0
ENSG00000141338.14:B1	label_permutation	8	7.456827782079245	0.4444444444444444	-0.484253963385729	0.6666666666666666
ENSG00000141391.14:B1	label_permutation	8	8.008334518503489	0.7777777777777778	-1.5606610579591544	0.5555555555555556
ENSG00000141391.14:B2	label_permutation	8	4.392589733109901	0.7777777777777778	-0.8583282743740438	0.5555555555555556
ENSG00000141741.12:B1	label_permutation	8	0.3996671981270197	0.5555555555555556	-0.8827798186540178	0.3333333333333333
ENSG00000141750.7:B1	label_permutation	8	30.20725720879136	0.3333333333333333	2.5125376014324443	0.1111111111111111
ENSG00000142207.7:B1	label_permutation	8	9.198991260373075	0.7777777777777778	-0.975309149839009	0.6666666666666666
ENSG00000142444.7:B1	label_permutation	8	12.610964497396369	0.6666666666666666	-1.1887289892943456	0.5555555555555556
ENSG00000142655.13:B1	label_permutation	8	17.409023890418666	0.2222222222222222	-0.5643791105989471	0.2222222222222222
ENSG00000142871.17:B1	label_permutation	8	9.908575891627493	0.6666666666666666	0.2997494516945729	0.4444444444444444
ENSG00000143079.15:B1	label_permutation	8	44.44494193786795	0.3333333333333333	-3.6248522041669	0.3333333333333333
ENSG00000143183.16:B2	label_permutation	8	12.220991055197372	1.0	-1.8461919739830104	0.3333333333333333
ENSG00000143321.19:B1	label_permutation	8	96.60315147423944	0.1111111111111111	3.851134648486816	0.1111111111111111
ENSG00000143376.14:B1	label_permutation	7	88.87568522229958	0.375	-1.4670389842450495	0.25
ENSG00000143429.10:B1	label_permutation	8	4.501338261416862	1.0	-1.862872019659938	1.0
ENSG00000143486.16:B1	label_permutation	7	17.583351663934764	0.375	-1.6265799087680697	0.125
ENSG00000143554.14:B1	label_permutation	5	7.50887198666129	0.5	-0.9515833615026664	0.5
ENSG00000143641.10:B1	label_permutation	8	66.44466502187697	0.1111111111111111	0.6740375853181526	0.1111111111111111
ENSG00000143952.20:B1	label_permutation	8	9.54961168013824	0.6666666666666666	-1.6660235512677282	0.5555555555555556
ENSG00000143952.20:B2	label_permutation	8	3.2833488623705307	0.7777777777777778	-0.4495940482529883	0.4444444444444444
ENSG00000143970.16:B1	label_permutation	8	24.84760413357435	0.1111111111111111	-0.6911821814812311	0.1111111111111111
ENSG00000144057.15:B1	label_permutation	8	75.7306404134697	0.5555555555555556	5.789416416679356	0.2222222222222222
ENSG00000144224.17:B1	label_permutation	8	165.85691555480298	0.1111111111111111	24.014405033347916	0.1111111111111111
ENSG00000144331.20:B1	label_permutation	8	145.98997003910472	0.1111111111111111	3.568570246244108	0.1111111111111111
ENSG00000144407.9:B1	label_permutation	8	1.229806841010003	0.5555555555555556	-0.8194768929195111	0.5555555555555556
ENSG00000144668.12:B1	label_permutation	8	20.777692228855813	0.6666666666666666	-0.8265135862255804	0.4444444444444444
ENSG00000144771.8:B1	label_permutation	8	0.4343958180813274	0.6666666666666666	-0.4888423727215215	0.5555555555555556
ENSG00000144848.10:B1	label_permutation	8	16.141549436997707	0.4444444444444444	-0.0524270719977213	0.4444444444444444
ENSG00000145022.4:B1	label_permutation	8	24.98883994661037	0.1111111111111111	-0.9154039403698372	0.2222222222222222
ENSG00000145241.11:B1	label_permutation	8	256.9434475663511	0.1111111111111111	40.36047293210321	0.1111111111111111
ENSG00000145335.15:B1	label_permutation	8	122.76306773865964	0.2222222222222222	6.019077047868908	0.3333333333333333
ENSG00000145335.15:B2	label_permutation	8	56.882996448883205	0.1111111111111111	8.925462029629447	0.1111111111111111
ENSG00000145354.12:B1	label_permutation	8	17.147085600452556	0.7777777777777778	-1.2042039706368226	0.1111111111111111
ENSG00000145451.13:B1	label_permutation	8	22.1584564466757	0.7777777777777778	-0.9187661982611957	0.4444444444444444
ENSG00000145592.14:B1	label_permutation	6	298.4994162081048	0.14285714285714285	87.9673010052616	0.14285714285714285
ENSG00000145990.11:B1	label_permutation	8	120.85460363779748	0.1111111111111111	8.35703849407751	0.1111111111111111
ENSG00000146282.18:B1	label_permutation	8	39.39732316321374	0.4444444444444444	-2.1364130518941287	0.5555555555555556
ENSG00000146757.13:B1	label_permutation	8	0.8792826436385894	0.4444444444444444	-0.6733782403199171	0.7777777777777778
ENSG00000146757.13:B2	label_permutation	8	1.7071553328369191	1.0	-1.295142557231418	0.8888888888888888
ENSG00000146830.10:B1	label_permutation	8	53.25333683201825	0.2222222222222222	4.777089694606828	0.1111111111111111
ENSG00000147010.18:B1	label_permutation	8	45.74965423741151	0.4444444444444444	-4.5301167307645205	0.3333333333333333
ENSG00000147124.12:B1	label_permutation	8	26.032560128448267	0.1111111111111111	-0.6360555325049511	0.1111111111111111
ENSG00000147124.12:B2	label_permutation	8	8.334442994530718	0.5555555555555556	-1.1491335266074365	0.5555555555555556
ENSG00000147124.12:B3	label_permutation	8	8.04511089394424	0.4444444444444444	-1.0979627797181628	0.5555555555555556
ENSG00000147364.16:B1	label_permutation	8	0.8429773729632757	1.0	-1.172920745050534	1.0
ENSG00000147655.11:B1	label_permutation	8	19.41235927112052	0.2222222222222222	-1.322511166176328	0.2222222222222222
ENSG00000147853.17:B1	label_permutation	8	15.008442447305804	0.1111111111111111	0.3831988276709024	0.1111111111111111
ENSG00000148053.16:B1	label_permutation	8	1845.9384699063853	0.1111111111111111	420.46346065262526	0.1111111111111111
ENSG00000148053.16:B2	label_permutation	8	2281.147157257866	0.1111111111111111	507.2388249534099	0.1111111111111111
ENSG00000148110.15:B1	label_permutation	8	1.1515868235097455	0.8888888888888888	-1.845605411044549	0.7777777777777778
ENSG00000148248.14:B1	label_permutation	8	36.00044591886672	0.6666666666666666	-1.9712170169054757	0.7777777777777778
ENSG00000148341.17:B1	label_permutation	8	99.53881941321924	0.1111111111111111	6.12596467055927	0.1111111111111111
ENSG00000148429.14:B1	label_permutation	8	15.809992497005624	0.6666666666666666	-0.9827195861304135	0.5555555555555556
ENSG00000148634.15:B1	label_permutation	8	113.83880899524048	0.5555555555555556	-1.755288289238805	0.2222222222222222
ENSG00000148814.18:B1	label_permutation	8	55.29527015858957	0.4444444444444444	-1.3407508978309284	0.4444444444444444
ENSG00000148824.19:B1	label_permutation	8	3.785410332051697	0.2222222222222222	-0.6951602193809469	0.1111111111111111
ENSG00000148948.8:B1	label_permutation	8	637.9709064261733	0.1111111111111111	140.66882441793086	0.1111111111111111
ENSG00000149305.7:B1	label_permutation	8	3.2755062583147208	0.7777777777777778	-0.8553861559428597	0.3333333333333333
ENSG00000149305.7:B2	label_permutation	8	2.0618305524259317	0.6666666666666666	-0.3069421497655324	0.6666666666666666
ENSG00000149480.7:B1	label_permutation	8	18.701780212830727	0.7777777777777778	-2.267018350776773	1.0
ENSG00000149654.9:B1	label_permutation	8	11.81841304300815	0.1111111111111111	-1.1849220484942586	0.1111111111111111
ENSG00000149798.5:B1	label_permutation	8	0.0098079584087296	1.0	-0.5841868793854768	1.0
ENSG00000150593.18:B1	label_permutation	8	24.779927415573184	0.8888888888888888	-1.255830431249338	0.5555555555555556
ENSG00000150764.13:B1	label_permutation	8	98.89136332133783	0.2222222222222222	-0.5709667099021363	0.1111111111111111
ENSG00000151006.7:B1	label_permutation	8	7.593202592319358	0.3333333333333333	-0.8703961353970536	0.3333333333333333
ENSG00000151006.7:B2	label_permutation	8	5.061550918740068	0.2222222222222222	-1.201115209395082	0.3333333333333333
ENSG00000151006.7:B3	label_permutation	8	0.0984783674094842	0.5555555555555556	-0.151110163703803	0.3333333333333333
ENSG00000151012.13:B1	label_permutation	8	0.2689748404859529	0.1111111111111111	-0.0759088854466532	0.3333333333333333
ENSG00000151014.6:B1	label_permutation	8	1.8537190587876464	1.0	-1.2465724407798309	0.6666666666666666
ENSG00000151136.15:B1	label_permutation	4	5.446524496984011	0.8	-0.1752216649143969	0.8
ENSG00000151292.17:B1	label_permutation	7	80.53199556526397	1.0	0.953641865154338	0.125
ENSG00000151376.16:B1	label_permutation	8	86.29219408633435	0.1111111111111111	1.921750402266492	0.1111111111111111
ENSG00000151490.14:B1	label_permutation	8	67.98399279529258	0.6666666666666666	-0.1066684097927004	0.1111111111111111
ENSG00000151834.15:B1	label_permutation	8	123.10606421244393	0.1111111111111111	3.2071927748580444	0.1111111111111111
ENSG00000152128.13:B1	label_permutation	8	0.2068471087285956	0.5555555555555556	-0.3468574070230463	0.1111111111111111
ENSG00000152214.14:B1	label_permutation	8	4.74017769387163	0.2222222222222222	-0.3426490835246232	0.1111111111111111
ENSG00000152214.14:B2	label_permutation	8	0.5264512776507786	0.5555555555555556	-0.3590131335867137	0.8888888888888888
ENSG00000152256.13:B1	label_permutation	8	73.57935783337962	0.1111111111111111	2.4924547091091807	0.1111111111111111
ENSG00000152270.9:B1	label_permutation	8	31.27770275420471	1.0	-3.843285498768817	1.0
ENSG00000152413.14:B1	label_permutation	8	62.60148309911483	0.1111111111111111	-0.5355307492279687	0.1111111111111111
ENSG00000152503.9:B1	label_permutation	8	44.769462123488665	0.4444444444444444	-1.8988544873760484	0.6666666666666666
ENSG00000152520.14:B1	label_permutation	8	24.19089027550126	0.2222222222222222	0.2036061879145283	0.1111111111111111
ENSG00000152520.14:B2	label_permutation	8	19.498462493138504	0.1111111111111111	0.907162206640711	0.1111111111111111
ENSG00000152669.9:B1	label_permutation	8	5.195021145709688e-06	0.6666666666666666	-1.0737838396224221e-08	0.4444444444444444
ENSG00000152931.7:B1	label_permutation	8	79.01874117601983	0.1111111111111111	9.275135827987596	0.1111111111111111
ENSG00000153037.14:B1	label_permutation	7	40.492438358694926	1.0	-2.211819289043727	0.5
ENSG00000153233.13:B1	label_permutation	8	174.45250904156455	0.1111111111111111	9.729860857830982	0.1111111111111111
ENSG00000153443.13:B1	label_permutation	8	1.313551103550708	0.8888888888888888	-0.0399381481651313	0.1111111111111111
ENSG00000153815.16:B1	label_permutation	8	301.7982891117026	0.1111111111111111	16.955682132177493	0.1111111111111111
ENSG00000153944.11:B1	label_permutation	8	310.0210337179851	0.1111111111111111	12.456596384856033	0.1111111111111111
ENSG00000154079.6:B1	label_permutation	8	1.097404772917173	0.7777777777777778	-0.9086740758337244	0.4444444444444444
ENSG00000154096.13:B1	label_permutation	8	54.91375493357236	0.2222222222222222	0.0262238378070343	0.1111111111111111
ENSG00000154153.13:B1	label_permutation	8	27.109539153327205	0.1111111111111111	-0.3202043197202984	0.1111111111111111
ENSG00000154277.12:B1	label_permutation	8	365.84088952221646	0.1111111111111111	90.40354808692508	0.1111111111111111
ENSG00000154473.18:B1	label_permutation	8	10.845164645992554	0.8888888888888888	-1.038906996755335	0.4444444444444444
ENSG00000154511.12:B1	label_permutation	8	14.320912276220952	0.8888888888888888	-1.8108030981297123	0.7777777777777778
ENSG00000154511.12:B2	label_permutation	8	8.09466900537268	0.6666666666666666	-2.070861088487808	0.6666666666666666
ENSG00000154678.17:B1	label_permutation	8	85.98846029709603	0.1111111111111111	2.808555969911648	0.1111111111111111
ENSG00000154813.10:B1	label_permutation	8	10.234764614155845	0.1111111111111111	1.027269682670663	0.1111111111111111
ENSG00000154975.14:B1	label_permutation	8	44.96693381889145	0.2222222222222222	2.6847583426328194	0.1111111111111111
ENSG00000155097.12:B1	label_permutation	8	193.5355048851152	0.7777777777777778	29.959005763939565	0.4444444444444444
ENSG00000155287.11:B1	label_permutation	8	0.2599768699346896	0.2222222222222222	-0.0057052046505658	0.6666666666666666
ENSG00000155906.18:B1	label_permutation	8	32.159932597861825	0.6666666666666666	-1.8602910381184583	1.0
ENSG00000156467.9:B1	label_permutation	8	18.609859815408527	1.0	-2.394037284889756	0.6666666666666666
ENSG00000156515.23:B1	label_permutation	7	39.86906642504255	0.375	-0.2147488008334128	0.25
ENSG00000156873.16:B1	label_permutation	5	36.67129448271635	0.5	-1.1433849908736646	0.16666666666666666
ENSG00000157064.11:B1	label_permutation	8	146.67247045143813	0.1111111111111111	4.695149126253531	0.1111111111111111
ENSG00000157212.18:B1	label_permutation	8	20.611904561157644	0.1111111111111111	-0.6534216964825283	0.1111111111111111
ENSG00000157693.15:B1	label_permutation	8	35.58552395013248	0.2222222222222222	1.3001714892349725	0.1111111111111111
ENSG00000157869.15:B1	label_permutation	7	10.335433292138193	0.75	-1.418416862418614	0.25
ENSG00000158023.10:B1	label_permutation	7	58.72237635783813	0.5	-0.4982300641670064	0.25
ENSG00000158195.11:B1	label_permutation	7	8.765936627364681	0.875	-1.123034669833647	0.375
ENSG00000158411.11:B1	label_permutation	8	0.5845899561547867	0.7777777777777778	-0.3449476459743674	0.6666666666666666
ENSG00000158480.11:B1	label_permutation	8	12.946807534379332	0.5555555555555556	-0.7382536067150551	0.3333333333333333
ENSG00000158691.14:B1	label_permutation	8	1.897747834996608	1.0	-1.1153132055883697	0.8888888888888888
ENSG00000158828.8:B1	label_permutation	8	9.895103632967675	0.3333333333333333	-1.2961289812154977	0.1111111111111111
ENSG00000158828.8:B2	label_permutation	8	7.560600791504726	0.4444444444444444	-1.2333971832712942	0.3333333333333333
ENSG00000158859.10:B1	label_permutation	8	0.1921243077656527	0.1111111111111111	-0.1713445338970376	0.4444444444444444
ENSG00000159055.4:B1	label_permutation	8	0.3689819758739077	0.4444444444444444	-0.3026436179784262	0.8888888888888888
ENSG00000159147.18:B1	label_permutation	8	6.536130406373388	0.2222222222222222	-0.075977352928785	0.2222222222222222
ENSG00000159433.12:B1	label_permutation	7	87.40425606231292	0.25	11.447623372974553	0.125
ENSG00000160193.11:B1	label_permutation	8	4.777979095144247	0.8888888888888888	-1.4561475836412212	0.8888888888888888
ENSG00000160193.11:B2	label_permutation	8	2.007787502826858	0.8888888888888888	-0.467779625141111	0.3333333333333333
ENSG00000160284.15:B1	label_permutation	8	2.476125333860068	1.0	-1.5976336939733775	0.7777777777777778
ENSG00000160352.15:B1	label_permutation	8	31.56871781016116	0.3333333333333333	-1.7068573061314931	0.3333333333333333
ENSG00000160551.11:B1	label_permutation	8	112.77177547266363	0.1111111111111111	11.443921564472731	0.2222222222222222
ENSG00000161298.18:B1	label_permutation	8	124.3882914892056	0.1111111111111111	0.8651055772752405	0.1111111111111111
ENSG00000161920.10:B1	label_permutation	8	0.4063146832097111	0.3333333333333333	-0.5003165772706604	0.3333333333333333
ENSG00000161920.10:B2	label_permutation	8	0.4063127632663565	0.4444444444444444	-0.5003185734744984	0.4444444444444444
ENSG00000161981.10:B2	label_permutation	8	0.0	1.0	-2.9531932455029164e-14	0.1111111111111111
ENSG00000162104.10:B1	label_permutation	8	58.59524790702381	0.2222222222222222	-2.5862635458158385	0.1111111111111111
ENSG00000162236.11:B1	label_permutation	8	32.091905613651534	0.1111111111111111	0.2361050613242388	0.1111111111111111
ENSG00000162298.18:B1	label_permutation	8	40.13678901066214	1.0	-0.0303645103135106	0.1111111111111111
ENSG00000162384.14:B1	label_permutation	8	16.769407281822737	0.8888888888888888	-2.272105714782512	0.5555555555555556
ENSG00000162434.12:B1	label_permutation	8	80.35450851261703	0.4444444444444444	0.5964343564162353	0.1111111111111111
ENSG00000162545.6:B1	label_permutation	8	108.38507101287225	0.1111111111111111	18.75589762682101	0.1111111111111111
ENSG00000162650.16:B1	label_permutation	8	28.87069469956305	0.2222222222222222	-0.888714464287982	0.1111111111111111
ENSG00000162694.14:B1	label_permutation	8	29.28183525610575	0.8888888888888888	1.9893562138981216	0.2222222222222222
ENSG00000162694.14:B2	label_permutation	8	25.358842453265424	0.2222222222222222	-0.4330209592151707	0.2222222222222222
ENSG00000162734.12:B1	label_permutation	8	145.269095787894	0.1111111111111111	28.47072811709421	0.1111111111111111
ENSG00000162849.16:B1	label_permutation	8	22.31037245723519	1.0	-1.5596955988041232	1.0
ENSG00000162944.10:B1	label_permutation	8	21.43748091321288	0.7777777777777778	2.816958994473519	0.7777777777777778
ENSG00000163001.11:B1	label_permutation	8	134.2964124104924	0.1111111111111111	15.363277479235943	0.1111111111111111
ENSG00000163046.15:B1	label_permutation	8	8.488763734774238	0.3333333333333333	-0.7567125976831292	0.2222222222222222
ENSG00000163162.8:B1	label_permutation	8	52.36017992256507	0.4444444444444444	-2.4312404191892147	0.2222222222222222
ENSG00000163374.19:B1	label_permutation	8	71.70990997021363	0.3333333333333333	-2.4325240005147704	0.4444444444444444
ENSG00000163430.12:B1	label_permutation	7	15.053554492264766	0.125	0.2799516086538796	0.125
ENSG00000163462.18:B2	label_permutation	8	20.01688222642497	0.1111111111111111	0.999462508406274	0.1111111111111111
ENSG00000163491.16:B1	label_permutation	8	112.95961338121832	0.1111111111111111	2.609524030197875	0.1111111111111111
ENSG00000163535.18:B1	label_permutation	8	0.0033099720984637	0.8888888888888888	-1.9421557705845416e-05	0.2222222222222222
ENSG00000163607.15:B1	label_permutation	8	6.47346150135013	0.5555555555555556	-1.8053969787998188	0.6666666666666666
ENSG00000163634.12:B1	label_permutation	8	3.619710141801761	0.6666666666666666	-1.2582025768606482	0.4444444444444444
ENSG00000163673.7:B1	label_permutation	8	0.0034568741407383	0.8888888888888888	-0.006353336787322	0.5555555555555556
ENSG00000163673.7:B2	label_permutation	8	0.0	1.0	-4.440892098500626e-16	1.0
ENSG00000163749.17:B1	label_permutation	8	7.208654484525141	0.8888888888888888	-2.1259299624537413	0.7777777777777778
ENSG00000163755.8:B1	label_permutation	8	12.781678325231724	0.1111111111111111	-0.9995232192842992	0.1111111111111111
ENSG00000163811.12:B1	label_permutation	8	67.75843766028447	0.1111111111111111	-1.73824982554241	0.1111111111111111
ENSG00000163873.10:B1	label_permutation	8	15.58970823665186	0.4444444444444444	-1.7108289941287167	0.4444444444444444
ENSG00000163956.12:B1	label_permutation	8	51.97995972131889	0.1111111111111111	5.04831153905231	0.1111111111111111
ENSG00000164038.15:B1	label_permutation	8	82.8254966115037	0.1111111111111111	-1.478782343081944	0.1111111111111111
ENSG00000164076.17:B1	label_permutation	8	92.980737333437	0.1111111111111111	1.0516838952820853	0.1111111111111111
ENSG00000164105.4:B1	label_permutation	8	0.0	1.0	-1.4654943925052066e-14	0.1111111111111111
ENSG00000164176.13:B1	label_permutation	8	57.17575263216531	0.2222222222222222	1.8611545020505924	0.2222222222222222
ENSG00000164244.20:B1	label_permutation	8	9.098493580105355	0.2222222222222222	-2.1310001470410413	0.1111111111111111
ENSG00000164284.15:B1	label_permutation	8	16.43529619352921	0.1111111111111111	-0.6110158593430396	0.1111111111111111
ENSG00000164284.15:B2	label_permutation	8	16.047055057633543	0.1111111111111111	-0.678892132346211	0.1111111111111111
ENSG00000164309.15:B1	label_permutation	8	7.554435904982711	0.6666666666666666	-0.4655290334059844	0.2222222222222222
ENSG00000164418.20:B1	label_permutation	8	160.21034823274204	0.1111111111111111	-2.032580608636038	0.1111111111111111
ENSG00000164603.12:B1	label_permutation	8	7.658074714536724	0.3333333333333333	-0.9592525886361448	0.1111111111111111
ENSG00000164742.16:B1	label_permutation	8	68.25619354507216	0.1111111111111111	2.876343660942232	0.1111111111111111
ENSG00000164877.19:B1	label_permutation	8	212.4867689965613	0.1111111111111111	10.973560459487253	0.1111111111111111
ENSG00000164933.12:B1	label_permutation	8	6.523031558603975	0.3333333333333333	-1.558637325470852	0.2222222222222222
ENSG00000165006.14:B1	label_permutation	8	14.957424206334052	1.0	-2.0112336601517256	0.8888888888888888
ENSG00000165113.13:B1	label_permutation	8	16.45351845499772	0.8888888888888888	-1.9910540571925155	0.3333333333333333
ENSG00000165119.21:B1	label_permutation	8	18.38400058266416	0.2222222222222222	-1.1819408971353738	0.3333333333333333
ENSG00000165280.16:B1	label_permutation	8	152.42916098665592	0.1111111111111111	10.61801886738815	0.1111111111111111
ENSG00000165379.13:B1	label_permutation	8	56.88035986464138	0.4444444444444444	0.5667016522738235	0.6666666666666666
ENSG00000165487.14:B1	label_permutation	8	19.26445521044616	1.0	-4.55274457016188	0.8888888888888888
ENSG00000165548.11:B1	label_permutation	4	77.19491590618782	0.2	-0.520443725347818	0.2
ENSG00000165716.11:B1	label_permutation	8	12.982586999362525	0.1111111111111111	-0.8556870598384959	0.1111111111111111
ENSG00000165915.14:B1	label_permutation	4	29.006433808957357	0.2	1.0105722286447552	0.2
ENSG00000165985.10:B1	label_permutation	8	3.833013606584245	0.4444444444444444	-0.6464858380469598	0.4444444444444444
ENSG00000166004.15:B1	label_permutation	8	189.7289046824044	0.1111111111111111	32.68782114042315	0.1111111111111111
ENSG00000166105.16:B1	label_permutation	8	44.14894424840759	0.1111111111111111	-1.5150154390584265	0.1111111111111111
ENSG00000166173.10:B1	label_permutation	8	0.7184184505392892	1.0	-0.9279589375210202	1.0
ENSG00000166343.10:B1	label_permutation	8	3.1885470708805315	0.1111111111111111	-0.6814226039139365	0.1111111111111111
ENSG00000166343.10:B2	label_permutation	8	1.5687247252129737	0.5555555555555556	-0.525636814531338	0.3333333333333333
ENSG00000166343.10:B3	label_permutation	8	1.5586477867869917	0.4444444444444444	-0.4901198756342364	0.2222222222222222
ENSG00000166432.15:B1	label_permutation	8	76.937360822968	0.1111111111111111	-5.491805335752252	0.1111111111111111
ENSG00000166455.13:B1	label_permutation	8	1.522129576745698	0.8888888888888888	-1.079597641703129	0.8888888888888888
ENSG00000166532.16:B1	label_permutation	7	156.4666956014462	0.125	6.762352401015514	0.125
ENSG00000166598.15:B1	label_permutation	8	91.585321002417	0.8888888888888888	-5.637077254636418	0.4444444444444444
ENSG00000166750.10:B1	label_permutation	8	0.0	1.0	4.884981308350689e-15	1.0
ENSG00000166816.14:B1	label_permutation	8	0.3304864150976812	1.0	-0.0138052013728708	1.0
ENSG00000166816.14:B2	label_permutation	8	2.230634371169387	1.0	0.1141599719804795	1.0
ENSG00000166848.6:B1	label_permutation	8	57.24410193881704	0.1111111111111111	8.110723966188786	0.1111111111111111
ENSG00000166908.18:B1	label_permutation	8	19.48527418922004	0.7777777777777778	-1.4476455166644782	0.3333333333333333
ENSG00000166922.8:B1	label_permutation	8	32.83429452843802	0.4444444444444444	-0.2787364049303911	0.1111111111111111
ENSG00000166922.8:B2	label_permutation	8	42.26665248634663	0.6666666666666666	5.473065833497454	0.1111111111111111
ENSG00000167005.14:B1	label_permutation	6	43.8595157283803	1.0	-1.493508710817423	0.7142857142857143
ENSG00000167114.13:B1	label_permutation	8	12.627347797040445	0.4444444444444444	-3.564943392507142	0.7777777777777778
ENSG00000167216.16:B1	label_permutation	8	15.576365522083506	0.7777777777777778	-1.4347092484329405	1.0
ENSG00000167363.14:B1	label_permutation	8	32.27942072756423	0.8888888888888888	-5.215668493872172	0.5555555555555556
ENSG00000167555.14:B1	label_permutation	8	61.446398533026695	0.2222222222222222	-0.776403889705395	0.1111111111111111
ENSG00000167771.6:B1	label_permutation	8	2.7257380571097656	0.5555555555555556	-0.8791420682025419	0.5555555555555556
ENSG00000167904.15:B1	label_permutation	5	6.861061424767172	0.16666666666666666	-0.6472318271974493	0.6666666666666666
ENSG00000167987.11:B1	label_permutation	6	6.529079933002549	0.7142857142857143	-0.0830203827840396	0.5714285714285714
ENSG00000168234.13:B1	label_permutation	8	51.887826074688746	0.8888888888888888	-0.8849596648832846	0.4444444444444444
ENSG00000168300.14:B1	label_permutation	8	125.71665627736364	0.1111111111111111	6.839377933427175	0.1111111111111111
ENSG00000168405.17:B1	label_permutation	8	21.82591758304852	0.8888888888888888	-1.2279477537019396	0.2222222222222222
ENSG00000168495.13:B1	label_permutation	8	38.38645576477074	0.2222222222222222	0.641892431946794	0.1111111111111111
ENSG00000168569.7:B1	label_permutation	8	1.041158293530458	0.4444444444444444	-0.7892438846805092	0.4444444444444444
ENSG00000168748.14:B1	label_permutation	8	0.102681937894971	0.5555555555555556	-0.4957321701831653	0.5555555555555556
ENSG00000168748.14:B2	label_permutation	8	3.865352482534945e-12	0.6666666666666666	-2.220446049250313e-15	0.1111111111111111
ENSG00000168748.14:B3	label_permutation	8	2.6227808575640665e-05	0.7777777777777778	-3.472782887414816e-05	0.3333333333333333
ENSG00000168781.22:B1	label_permutation	8	132.2485190034131	0.1111111111111111	2.2572657158915748	0.1111111111111111
ENSG00000168959.14:B1	label_permutation	8	3.694573214387674	0.5555555555555556	-0.7726433872016452	0.1111111111111111
ENSG00000169020.10:B1	label_permutation	8	92.94904676751958	0.1111111111111111	7.99367438493457	0.1111111111111111
ENSG00000169020.10:B2	label_permutation	8	59.98837567574765	0.1111111111111111	5.942308026049569	0.1111111111111111
ENSG00000169064.12:B1	label_permutation	6	77.36084959285245	0.8571428571428571	4.210571801423328	1.0
ENSG00000169371.13:B1	label_permutation	8	9.311021729143931	0.1111111111111111	-0.1818314314842934	0.1111111111111111
ENSG00000169715.14:B1	label_permutation	8	2.6769539973810765	0.2222222222222222	-0.4546601308907536	0.3333333333333333
ENSG00000169884.14:B1	label_permutation	8	26.538762114159454	0.7777777777777778	-1.3470389847545028	0.3333333333333333
ENSG00000169884.14:B2	label_permutation	8	36.95881297857886	0.7777777777777778	-0.1134652422653244	0.5555555555555556
ENSG00000169946.14:B1	label_permutation	8	67.7261532869361	0.8888888888888888	-1.1786894127734668	0.3333333333333333
ENSG00000170185.9:B1	label_permutation	8	2.2940253165725157	1.0	-1.1037825559914287	1.0
ENSG00000170296.10:B1	label_permutation	8	0.0062182701165056	0.2222222222222222	-3.1649524139476526e-05	0.8888888888888888
ENSG00000170381.14:B1	label_permutation	8	9.919158754266618	0.4444444444444444	-1.603633721845189	1.0
ENSG00000170579.17:B1	label_permutation	8	1209.104434973215	0.1111111111111111	213.36345174787533	0.1111111111111111
ENSG00000170584.11:B1	label_permutation	8	25.68545783225727	0.7777777777777778	-3.723806796931607	0.4444444444444444
ENSG00000170584.11:B2	label_permutation	8	8.682598369399784	0.8888888888888888	-3.72784195799862	0.8888888888888888
ENSG00000170743.17:B1	label_permutation	8	0.4719732435278274	0.8888888888888888	-0.4713361814301006	0.8888888888888888
ENSG00000170949.17:B1	label_permutation	8	25.620910784397893	0.8888888888888888	-2.5628213831898004	0.8888888888888888
ENSG00000171055.15:B1	label_permutation	8	107.47018156086416	0.1111111111111111	7.647991788383285	0.1111111111111111
ENSG00000171067.11:B1	label_permutation	7	24.59082305368884	0.125	-0.131055707808164	0.125
ENSG00000171150.9:B1	label_permutation	8	98.35465470767576	0.1111111111111111	18.179029344107565	0.1111111111111111
ENSG00000171224.9:B1	label_permutation	8	2.0047295894926265	0.8888888888888888	-0.6001466515366612	0.7777777777777778
ENSG00000171224.9:B2	label_permutation	8	3.828009994322201e-06	1.0	-6.808986707795839e-09	0.1111111111111111
ENSG00000171298.13:B1	label_permutation	2	0.0001573090194142	0.3333333333333333	-0.0003557076710476	1.0
ENSG00000171444.18:B1	label_permutation	7	4.520198957681714	1.0	-1.2502977452244814	0.75
ENSG00000171509.16:B1	label_permutation	8	25.03739293754597	1.0	-3.02399551781188	0.8888888888888888
ENSG00000171649.12:B1	label_permutation	5	1.7823464636270785	1.0	-0.771415295487645	0.8333333333333334
ENSG00000171772.16:B1	label_permutation	8	25.70703718039333	0.1111111111111111	4.110675945589281	0.1111111111111111
ENSG00000171951.5:B1	label_permutation	8	32.289227861615586	0.4444444444444444	-8.331938200260591	0.5555555555555556
ENSG00000172247.4:B1	label_permutation	8	7.079975471634498	0.1111111111111111	0.3591419627072114	0.1111111111111111
ENSG00000172301.11:B2	label_permutation	8	0.0	1.0	-2.504663143554353e-13	0.1111111111111111
ENSG00000172348.14:B1	label_permutation	8	187.1842520726784	0.1111111111111111	39.355687717170014	0.1111111111111111
ENSG00000172461.11:B1	label_permutation	8	66.56620312579162	0.1111111111111111	7.725504953846739	0.1111111111111111
ENSG00000172572.6:B1	label_permutation	8	0.3872524229435612	0.6666666666666666	-0.681310481909673	0.3333333333333333
ENSG00000173114.13:B1	label_permutation	8	50.49399909837575	0.2222222222222222	1.1383306562923916	0.1111111111111111
ENSG00000173166.18:B1	label_permutation	8	6.0309010780257495	0.6666666666666666	-3.471448284619153	0.5555555555555556
ENSG00000173166.18:B2	label_permutation	8	20.563492438290496	0.1111111111111111	-1.509523494726162	0.1111111111111111
ENSG00000173210.19:B1	label_permutation	8	25.799206339032025	0.8888888888888888	-1.4899659666446745	0.1111111111111111
ENSG00000173517.10:B1	label_permutation	8	70.75298933932208	0.1111111111111111	7.741778294133674	0.1111111111111111
ENSG00000173848.19:B1	label_permutation	8	10.575529038895295	0.5555555555555556	-0.1031813696940471	0.2222222222222222
ENSG00000173992.9:B1	label_permutation	8	38.14966843075581	0.2222222222222222	0.8699112938681013	0.1111111111111111
ENSG00000174206.12:B1	label_permutation	7	14.44951134829762	0.125	-0.8264698966105699	0.125
ENSG00000174652.19:B1	label_permutation	8	39.644732097920496	1.0	-1.7043562954943985	0.6666666666666666
ENSG00000174652.19:B2	label_permutation	8	29.77793884658604	0.8888888888888888	-1.965382999650746	0.8888888888888888
ENSG00000174672.16:B1	label_permutation	8	65.48030040653043	0.1111111111111111	6.574365607510239	0.1111111111111111
ENSG00000174799.10:B1	label_permutation	8	22.46629280246043	0.3333333333333333	-2.0549766540445438	0.2222222222222222
ENSG00000174944.9:B1	label_permutation	8	7.340374302851615	0.2222222222222222	-0.7171213179602143	0.2222222222222222
ENSG00000175229.7:B1	label_permutation	8	1.882207587580524	0.3333333333333333	-0.2393113739389996	0.2222222222222222
ENSG00000175352.11:B1	label_permutation	8	10.01200859440155	0.5555555555555556	-2.6810969560954137	0.6666666666666666
ENSG00000175556.16:B1	label_permutation	8	7.261112340532463	0.3333333333333333	-0.5740541141127686	0.2222222222222222
ENSG00000175556.16:B4	label_permutation	8	5.189925881178681	0.1111111111111111	-0.378203422453798	0.1111111111111111
ENSG00000176055.10:B1	label_permutation	8	18.76503892862395	0.3333333333333333	-0.7677286762743556	0.1111111111111111
ENSG00000176101.12:B1	label_permutation	8	5.519743625383228	0.5555555555555556	-0.9260952798712891	0.5555555555555556
ENSG00000176101.12:B2	label_permutation	8	3.0162940026430576	0.5555555555555556	-0.8659816971997116	0.5555555555555556
ENSG00000176101.12:B3	label_permutation	8	2.37092690289488	0.5555555555555556	-0.8260022946278262	0.5555555555555556
ENSG00000176101.12:B4	label_permutation	8	5.088323171723118	0.8888888888888888	-0.6180586012526815	0.7777777777777778
ENSG00000176490.5:B1	label_permutation	8	80.33039537152945	1.0	5.675595890477164	1.0
ENSG00000176658.17:B1	label_permutation	8	39.01135858828184	0.8888888888888888	-1.4645426103777874	0.4444444444444444
ENSG00000176871.8:B1	label_permutation	8	155.55880500931107	0.1111111111111111	18.974246641917446	0.1111111111111111
ENSG00000176909.12:B2	label_permutation	8	11.152217443702623	0.3333333333333333	-0.7976272415023772	0.5555555555555556
ENSG00000177098.8:B1	label_permutation	8	75.7699621716356	0.1111111111111111	3.8590662749757625	0.1111111111111111
ENSG00000177098.8:B2	label_permutation	8	68.01284901630788	0.2222222222222222	3.567443004722187	0.1111111111111111
ENSG00000177119.16:B1	label_permutation	8	13.174817868019543	0.2222222222222222	-1.353931216248751	0.6666666666666666
ENSG00000177479.19:B1	label_permutation	7	134.32834468062356	0.625	0.7668148027922788	0.25
ENSG00000177646.19:B1	label_permutation	8	40.403253745940674	0.8888888888888888	-2.783765460765054	0.7777777777777778
ENSG00000177984.7:B1	label_permutation	8	0.5279852201254016	1.0	-0.1725024783797992	0.3333333333333333
ENSG00000177984.7:B4	label_permutation	8	1.460517115591074	0.1111111111111111	-0.2508014149224249	0.1111111111111111
ENSG00000178149.17:B1	label_permutation	8	0.0471990298398168	0.8888888888888888	-0.4303377376197174	0.6666666666666666
ENSG00000178163.8:B1	label_permutation	8	39.02936184104692	0.2222222222222222	-3.275945337880157	0.4444444444444444
ENSG00000178234.13:B1	label_permutation	8	66.8407811751581	0.3333333333333333	-2.36125041805213	0.2222222222222222
ENSG00000178425.14:B1	label_permutation	8	0.564911865078102	1.0	-0.4744400885690548	0.1111111111111111
ENSG00000178662.16:B1	label_permutation	8	85.98838946010983	0.1111111111111111	11.112834634242056	0.1111111111111111
ENSG00000178904.19:B1	label_permutation	8	36.291750976590265	0.1111111111111111	-0.6210746232486559	0.1111111111111111
ENSG00000178996.14:B1	label_permutation	8	1.2559990963723068e-05	0.4444444444444444	-0.306463520655641	0.4444444444444444
ENSG00000179119.15:B1	label_permutation	8	17.20418895614739	0.4444444444444444	-1.5357249082872535	0.4444444444444444
ENSG00000179262.10:B1	label_permutation	7	114.60138484171875	0.125	0.0303340599724251	0.125
ENSG00000179454.13:B1	label_permutation	3	10.35452612913923	1.0	-0.968117306950092	0.75
ENSG00000179698.13:B1	label_permutation	7	28.187949201933407	0.75	-2.8924816894218845	0.875
ENSG00000179954.16:B1	label_permutation	8	32.04401220089994	0.2222222222222222	0.068255350551083	0.2222222222222222
ENSG00000179965.11:B1	label_permutation	8	7.758436475177177	0.8888888888888888	-2.148057354968504	0.6666666666666666
ENSG00000180376.16:B1	label_permutation	8	217.7809142198421	0.1111111111111111	11.177716146790823	0.1111111111111111
ENSG00000180628.15:B1	label_permutation	8	38.51343985632866	0.1111111111111111	0.5540515257954133	0.1111111111111111
ENSG00000180881.19:B1	label_permutation	8	53.678887213272446	0.1111111111111111	3.654603276510384	0.1111111111111111
ENSG00000180998.12:B1	label_permutation	8	22.72802840201075	1.0	-2.839598457068085	0.5555555555555556
ENSG00000180998.12:B2	label_permutation	8	21.183248459658785	0.4444444444444444	-1.8003860034090786	0.2222222222222222
ENSG00000181264.8:B1	label_permutation	8	4.17204709304724	0.2222222222222222	-1.5313428315089967	0.5555555555555556
ENSG00000181638.18:B1	label_permutation	8	113.4057615356378	0.1111111111111111	16.43081954869559	0.1111111111111111
ENSG00000181790.11:B1	label_permutation	8	161.6010413696349	0.1111111111111111	8.111747404823612	0.1111111111111111
ENSG00000181991.16:B1	label_permutation	8	18.114612007518417	0.5555555555555556	0.1924951242389674	0.2222222222222222
ENSG00000182134.16:B1	label_permutation	8	10.726744049567742	0.2222222222222222	-1.288720578233272	0.1111111111111111
ENSG00000182141.10:B1	label_permutation	8	18.232008501481005	0.3333333333333333	-1.492278759597365	0.3333333333333333
ENSG00000182218.9:B1	label_permutation	8	5.098975604789644	0.8888888888888888	-0.920374173677846	0.7777777777777778
ENSG00000182287.14:B1	label_permutation	8	11.66648583898359	0.3333333333333333	-0.3361027128291207	0.1111111111111111
ENSG00000182362.14:B1	label_permutation	8	1.801023156464737	0.7777777777777778	-0.4497308033691751	0.5555555555555556
ENSG00000182362.14:B2	label_permutation	8	1.3141594841297888	1.0	-0.9510561858568104	1.0
ENSG00000182400.15:B1	label_permutation	8	4.491886502253465	0.4444444444444444	-1.311324020433585	0.3333333333333333
ENSG00000182902.14:B1	label_permutation	8	3.0015030758570447	0.2222222222222222	-0.3779391626542872	0.2222222222222222
ENSG00000182979.18:B1	label_permutation	8	39.84452582537779	0.7777777777777778	-2.76993399206402	0.6666666666666666
ENSG00000183090.5:B1	label_permutation	3	0.0	1.0	-1.1102230246251563e-15	1.0
ENSG00000183255.12:B1	label_permutation	6	41.157589769961305	0.2857142857142857	-1.7936759577913648	0.8571428571428571
ENSG00000183354.12:B1	label_permutation	8	143.89820922740546	0.1111111111111111	1.6177773547144418	0.1111111111111111
ENSG00000183513.9:B1	label_permutation	8	32.5894891528917	0.3333333333333333	-2.097043663396236	0.1111111111111111
ENSG00000183648.10:B1	label_permutation	8	76.79597219131529	0.1111111111111111	3.567894520435368	0.1111111111111111
ENSG00000183864.5:B1	label_permutation	8	9.021677104199624	0.5555555555555556	-0.2988543156087631	0.7777777777777778
ENSG00000184156.17:B1	label_permutation	8	64.68468310012577	0.5555555555555556	-2.020048096953104	0.4444444444444444
ENSG00000184156.17:B2	label_permutation	8	34.77972492410299	0.1111111111111111	1.7561395708825562	0.1111111111111111
ENSG00000184206.11:B1	label_permutation	8	89.19729268703759	0.1111111111111111	6.401374529252182	0.1111111111111111
ENSG00000184786.6:B1	label_permutation	8	5.847912177614489e-06	0.8888888888888888	-1.1745397099360844e-08	0.3333333333333333
ENSG00000184787.19:B1	label_permutation	8	84.40801121626964	0.4444444444444444	-2.1818977219782347	0.5555555555555556
ENSG00000184887.13:B2	label_permutation	8	7.506937373258268	0.6666666666666666	-1.1664541440197882	0.3333333333333333
ENSG00000184906.11:B1	label_permutation	8	0.0210393604292278	0.5555555555555556	-0.244503743974805	0.2222222222222222
ENSG00000184986.11:B1	label_permutation	8	0.446015093350752	0.5555555555555556	-0.4648391602350873	0.7777777777777778
ENSG00000185056.10:B1	label_permutation	5	2.837873262251378e-05	1.0	-0.0063231396438898	1.0
ENSG00000185220.12:B1	label_permutation	8	1.5651377848049464	0.6666666666666666	-0.0572289760394548	0.6666666666666666
ENSG00000185220.12:B2	label_permutation	8	0.3590660234612119	1.0	-0.3483719724428797	1.0
ENSG00000185222.10:B1	label_permutation	8	7.524505580650953	0.4444444444444444	-1.8343391911589395	0.5555555555555556
ENSG00000185344.14:B1	label_permutation	7	66.88583252406715	0.375	0.1046767800991328	0.125
ENSG00000185437.13:B1	label_permutation	8	1.7375722766661	1.0	-0.6252993399337098	1.0
ENSG00000185745.10:B1	label_permutation	8	8.347723803486133	0.6666666666666666	-1.0274907932882789	0.1111111111111111
ENSG00000185896.11:B1	label_permutation	8	15.962952524273533	0.5555555555555556	0.1383155954047599	0.5555555555555556
ENSG00000186001.13:B1	label_permutation	8	79.10672201838861	0.3333333333333333	0.1003306947449655	0.1111111111111111
ENSG00000186166.9:B1	label_permutation	8	54.343328382456775	0.1111111111111111	-4.94406025394947	0.1111111111111111
ENSG00000186350.11:B1	label_permutation	8	66.8978627449278	0.1111111111111111	11.391684829346609	0.1111111111111111
ENSG00000186350.11:B2	label_permutation	8	98.25320871707436	0.1111111111111111	18.17206640008857	0.1111111111111111
ENSG00000186453.13:B1	label_permutation	4	1.6166548304008757	1.0	-1.6075015226079616	0.4
ENSG00000186575.17:B1	label_permutation	8	36.53632830848983	0.1111111111111111	-2.1696427032769288	0.4444444444444444
ENSG00000186575.17:B2	label_permutation	8	14.884443360437672	0.1111111111111111	-1.8764537514332176	0.1111111111111111
ENSG00000186575.17:B3	label_permutation	8	24.40033198178935	1.0	-2.0202477324913577	0.6666666666666666
ENSG00000186591.12:B1	label_permutation	5	74.99945051403301	0.8333333333333334	1.0332040301545191	0.16666666666666666
ENSG00000186960.11:B1	label_permutation	8	2.41320720273211	0.2222222222222222	-0.5282418338884507	0.2222222222222222
ENSG00000187446.12:B1	label_permutation	8	50.57920268267162	0.1111111111111111	0.119245112444114	0.1111111111111111
ENSG00000187624.9:B1	label_permutation	8	19.97662130173103	0.5555555555555556	-1.4553927935556157	0.2222222222222222
ENSG00000187627.15:B1	label_permutation	8	3.734502593979414	0.5555555555555556	-1.0914131900977724	0.6666666666666666
ENSG00000187742.14:B1	label_permutation	8	115.15002191701753	0.1111111111111111	3.011969891795645	0.1111111111111111
ENSG00000188011.5:B1	label_permutation	8	13.223141965533388	0.2222222222222222	0.0480119800281773	0.1111111111111111
ENSG00000188163.8:B1	label_permutation	8	2.9275465749378785e-05	0.7777777777777778	-9.53576399509437e-05	0.8888888888888888
ENSG00000188163.8:B2	label_permutation	8	0.0	1.0	-1.1324274851176595e-14	0.1111111111111111
ENSG00000188283.11:B1	label_permutation	6	45.0043189678413	0.8571428571428571	-0.333035856456817	0.42857142857142855
ENSG00000188419.14:B1	label_permutation	8	40.39828666037829	0.5555555555555556	-0.3569456257382617	0.2222222222222222
ENSG00000188596.11:B1	label_permutation	8	22.96860150933276	0.4444444444444444	-2.0117224044647286	0.2222222222222222
ENSG00000188732.11:B1	label_permutation	8	1.6353143898670623	0.5555555555555556	-0.6416585324512165	0.6666666666666666
ENSG00000188811.14:B1	label_permutation	8	32.913460801167275	0.8888888888888888	-1.946380389695439	0.3333333333333333
ENSG00000188827.11:B1	label_permutation	8	35.87533986244853	0.1111111111111111	0.3156915282899057	0.1111111111111111
ENSG00000188827.11:B2	label_permutation	8	18.23580691288737	0.2222222222222222	-1.299197582753523	0.1111111111111111
ENSG00000188921.14:B1	label_permutation	8	6.216605140616252	0.1111111111111111	-1.3478031755880446	0.1111111111111111
ENSG00000189045.13:B1	label_permutation	8	0.0816768363149549	0.8888888888888888	-0.3782102182157554	0.5555555555555556
ENSG00000189050.16:B1	label_permutation	7	13.029682287758078	1.0	-1.766850281532803	0.875
ENSG00000196074.13:B1	label_permutation	8	97.38939805687004	0.1111111111111111	7.526840624972998	0.1111111111111111
ENSG00000196177.12:B1	label_permutation	8	18.65336377145104	0.4444444444444444	-0.2359276143068223	0.2222222222222222
ENSG00000196230.13:B1	label_permutation	8	69.18285262633071	0.3333333333333333	1.814254054685526	0.1111111111111111
ENSG00000196230.13:B2	label_permutation	8	31.300999473188767	0.1111111111111111	-0.02655690931635	0.1111111111111111
ENSG00000196284.16:B1	label_permutation	8	38.22278289221322	0.4444444444444444	-1.805371349660006	0.4444444444444444
ENSG00000196419.12:B1	label_permutation	8	48.15832020054495	0.7777777777777778	-1.917290616156372	0.6666666666666666
ENSG00000196569.12:B1	label_permutation	8	16.72993413981112	0.1111111111111111	1.1254739528025024	0.1111111111111111
ENSG00000196757.8:B1	label_permutation	8	18.457210685106247	0.2222222222222222	2.512207250056056	0.2222222222222222
ENSG00000196757.8:B2	label_permutation	8	17.537573104897945	0.1111111111111111	1.8485425822521908	0.1111111111111111
ENSG00000196782.12:B1	label_permutation	8	4.029468001630562	0.1111111111111111	-0.3280386300946614	0.1111111111111111
ENSG00000196967.10:B2	label_permutation	8	27.39035709892937	0.3333333333333333	-0.9345608106349444	0.4444444444444444
ENSG00000197037.11:B1	label_permutation	4	11.253357148088298	1.0	-0.5495549425208454	0.8
ENSG00000197045.13:B1	label_permutation	8	9.85522390146889	1.0	-2.0519606034925486	0.4444444444444444
ENSG00000197045.13:B2	label_permutation	8	29.006296777296257	0.5555555555555556	-0.9678009457803604	0.2222222222222222
ENSG00000197121.15:B1	label_permutation	8	61.94414645661527	0.3333333333333333	-2.4369996915126064	0.1111111111111111
ENSG00000197312.12:B1	label_permutation	8	17.09873328991705	0.5555555555555556	-1.560496928802837	0.6666666666666666
ENSG00000197380.11:B1	label_permutation	8	7.362051446191231	0.4444444444444444	-1.665471264492997	0.1111111111111111
ENSG00000197465.14:B1	label_permutation	8	5.169384072043812	0.1111111111111111	0.9294777282530646	0.1111111111111111
ENSG00000197608.11:B1	label_permutation	8	7.775059386913881	0.7777777777777778	-1.719292124150127	0.8888888888888888
ENSG00000197622.13:B1	label_permutation	8	15.265028402813527	0.2222222222222222	-1.591491880074644	0.1111111111111111
ENSG00000197622.13:B2	label_permutation	8	10.946547488426743	0.3333333333333333	-1.7239879264414035	0.1111111111111111
ENSG00000197622.13:B3	label_permutation	8	17.95101815956832	0.7777777777777778	-2.6371378546290893	1.0
ENSG00000197774.12:B1	label_permutation	8	67.92977790362784	0.1111111111111111	7.875879679492106	0.1111111111111111
ENSG00000197857.13:B1	label_permutation	8	38.92610854150598	0.2222222222222222	-0.9429889261113136	0.1111111111111111
ENSG00000197965.12:B1	label_permutation	8	15.780636189834697	0.8888888888888888	-1.5389656488182646	0.7777777777777778
ENSG00000198155.5:B1	label_permutation	8	2.992800553461848	0.8888888888888888	-1.6749854257382717	0.8888888888888888
ENSG00000198157.10:B2	label_permutation	8	18.974942975081944	0.4444444444444444	0.6341811107561452	0.1111111111111111
ENSG00000198467.14:B1	label_permutation	8	280.0716664613665	0.1111111111111111	64.68582235958537	0.1111111111111111
ENSG00000198482.12:B1	label_permutation	8	32.37118736193372	0.1111111111111111	-0.1447006014431804	0.1111111111111111
ENSG00000198554.12:B1	label_permutation	8	1.5193208950629185	0.5555555555555556	-0.9358201246776136	0.3333333333333333
ENSG00000198624.13:B1	label_permutation	8	6.077761055787022	0.4444444444444444	-0.0343143124447009	0.5555555555555556
ENSG00000198700.10:B1	label_permutation	8	285.1711039767088	0.1111111111111111	71.99507396395538	0.1111111111111111
ENSG00000198739.11:B1	label_permutation	8	71.74016901720643	0.1111111111111111	6.72990665211112	0.1111111111111111
ENSG00000198822.10:B1	label_permutation	8	40.95663783131022	0.2222222222222222	6.480104754017741	0.1111111111111111
ENSG00000198830.11:B1	label_permutation	8	126.61097141421214	0.1111111111111111	12.529454223948726	0.1111111111111111
ENSG00000198830.11:B2	label_permutation	8	23.9550032510233	0.8888888888888888	-2.5911839989550245	0.4444444444444444
ENSG00000198830.11:B3	label_permutation	8	125.62049862809562	0.1111111111111111	25.688141930628607	0.1111111111111111
ENSG00000198863.7:B1	label_permutation	8	3.673566791947096	0.3333333333333333	-1.301786329483499	0.3333333333333333
ENSG00000198932.13:B1	label_permutation	8	161.54334326671415	0.1111111111111111	21.833176121430327	0.1111111111111111
ENSG00000198932.13:B2	label_permutation	8	103.02779645311148	0.1111111111111111	7.2579626320725055	0.1111111111111111
ENSG00000198945.7:B1	label_permutation	8	13.44474988507659	1.0	-1.9199239605107532	0.8888888888888888
ENSG00000203668.2:B1	label_permutation	8	37.96757946537218	0.3333333333333333	1.070358640265879	0.1111111111111111
ENSG00000203685.10:B1	label_permutation	8	20.22498995096703	0.2222222222222222	0.1447938140764999	0.1111111111111111
ENSG00000203867.8:B1	label_permutation	8	0.10503964359782	0.8888888888888888	-0.1421842432418345	0.2222222222222222
ENSG00000204060.7:B1	label_permutation	8	0.0	1.0	-2.220446049250313e-16	1.0
ENSG00000204149.11:B1	label_permutation	8	80.0376871677854	0.1111111111111111	17.93324450225888	0.1111111111111111
ENSG00000204227.5:B1	label_permutation	8	27.93366044493007	0.3333333333333333	-1.61972761444392	0.3333333333333333
ENSG00000204301.6:B1	label_permutation	8	10.671943988835553	0.1111111111111111	0.96782317416462	0.1111111111111111
ENSG00000204387.13:B1	label_permutation	8	0.1476050746746295	0.3333333333333333	-0.3713161811286978	0.7777777777777778
ENSG00000204387.13:B2	label_permutation	8	2.640262217071893	0.3333333333333333	-0.2841129825699238	0.3333333333333333
ENSG00000204393.7:B1	label_permutation	8	0.0	1.0	-4.440892098500626e-16	1.0
ENSG00000204574.13:B1	label_permutation	8	110.504392643561	0.1111111111111111	17.098956731597564	0.1111111111111111
ENSG00000204623.9:B1	label_permutation	8	41.13915855376172	0.5555555555555556	-2.562512670667016	0.4444444444444444
ENSG00000204991.11:B1	label_permutation	7	66.04897238569083	0.625	0.5557793768637371	0.125
ENSG00000205583.13:B1	label_permutation	8	22.47014331944615	0.5555555555555556	-0.8796286615795734	0.2222222222222222
ENSG00000205740.2:B1	label_permutation	8	0.0	1.0	-1.3322676295501878e-15	1.0
ENSG00000205978.6:B1	label_permutation	8	0.0	1.0	-4.440892098500626e-16	1.0
ENSG00000206527.10:B1	label_permutation	8	13.3362585564671	0.5555555555555556	-1.930501497157508	0.5555555555555556
ENSG00000211456.11:B1	label_permutation	8	80.32473660162304	1.0	2.544682512057776	0.5555555555555556
ENSG00000213066.13:B1	label_permutation	8	49.85641146345142	0.3333333333333333	-1.2244259851913897	0.1111111111111111
ENSG00000213088.11:B2	label_permutation	5	0.0	1.0	-2.0563732938683192e-09	1.0
ENSG00000213337.9:B1	label_permutation	8	0.963714198169555	1.0	-1.921410350383588	0.8888888888888888
ENSG00000213523.10:B1	label_permutation	8	7.646369609080011	0.3333333333333333	-0.4753284542306929	0.2222222222222222
ENSG00000213639.10:B1	label_permutation	8	85.66557708661276	0.4444444444444444	6.589372325836288	0.3333333333333333
ENSG00000213672.8:B1	label_permutation	8	140.3949691134094	0.4444444444444444	13.82206037036021	0.3333333333333333
ENSG00000213699.9:B1	label_permutation	8	19.991843830700876	0.6666666666666666	-0.8737896406858823	0.1111111111111111
ENSG00000213699.9:B2	label_permutation	8	10.547585256763796	1.0	-0.8991621154306209	0.2222222222222222
ENSG00000213699.9:B3	label_permutation	8	6.009380564978073	0.7777777777777778	-0.9710865854007134	0.4444444444444444
ENSG00000213865.7:B1	label_permutation	8	43.54139343101224	0.1111111111111111	3.4047440165929013	0.1111111111111111
ENSG00000214367.7:B1	label_permutation	8	37.549272385601626	0.8888888888888888	-3.938041772220695	0.8888888888888888
ENSG00000214942.5:B1	label_permutation	8	1.0202892083216284	0.7777777777777778	-0.3017839529295187	0.3333333333333333
ENSG00000215154.6:B1	label_permutation	8	0.0	1.0	-2.5494717448282245e-11	0.1111111111111111
ENSG00000215347.4:B1	label_permutation	8	0.0079734824611819	0.4444444444444444	-0.0535061842174222	0.6666666666666666
ENSG00000215790.7:B1	label_permutation	8	4.536600471159801	0.4444444444444444	-1.0722821143692682	0.4444444444444444
ENSG00000218416.4:B1	label_permutation	8	0.0059056703818782	0.5555555555555556	-2.42258641856008e-05	0.7777777777777778
ENSG00000223546.6:B1	label_permutation	8	10.820746706788157	0.6666666666666666	-1.0739804765720198	0.4444444444444444
ENSG00000223812.7:B1	label_permutation	8	19.41578202447738	0.1111111111111111	-1.2245929077732296	0.1111111111111111
ENSG00000224165.5:B1	label_permutation	8	0.705588005705124	1.0	-0.6576851529373173	0.8888888888888888
ENSG00000224843.7:B1	label_permutation	8	0.1384593840355137	0.7777777777777778	-0.1486159560234929	0.3333333333333333
ENSG00000224905.6:B1	label_permutation	8	0.1148451299468291	0.4444444444444444	-0.5607900767097286	1.0
ENSG00000224905.6:B2	label_permutation	8	0.1148583570472965	0.5555555555555556	-0.5607872944704566	0.6666666666666666
ENSG00000225151.10:B1	label_permutation	8	1.6080026592348986	0.4444444444444444	-0.8372496049720671	0.6666666666666666
ENSG00000225439.2:B1	label_permutation	8	4.708253944958642	0.2222222222222222	-0.6782600569786461	0.3333333333333333
ENSG00000225683.5:B1	label_permutation	8	11.410440038509307	0.2222222222222222	-1.0878292034170307	0.1111111111111111
ENSG00000225953.2:B1	label_permutation	8	14.035841796918705	0.8888888888888888	-1.708301438870431	0.6666666666666666
ENSG00000226328.6:B1	label_permutation	8	2.785487809082724	0.1111111111111111	-0.7027532113662511	0.1111111111111111
ENSG00000226926.7:B1	label_permutation	8	0.0	1.0	-1.0820140339262707e-09	0.2222222222222222
ENSG00000226950.6:B1	label_permutation	8	2.8850656474496645	1.0	-1.867415839515031	0.7777777777777778
ENSG00000227543.4:B1	label_permutation	8	2.341567015680994	0.8888888888888888	-1.4179824242103771	0.8888888888888888
ENSG00000228061.6:B1	label_permutation	8	1.6834330010389067	0.6666666666666666	-0.1387737361638963	0.6666666666666666
ENSG00000228351.2:B1	label_permutation	8	1.4551915228366852e-11	0.3333333333333333	-8.659739592076221e-15	1.0
ENSG00000228748.2:B1	label_permutation	8	7.22685626897146e-08	0.1111111111111111	-1.3397729592412586e-09	0.2222222222222222
ENSG00000229689.3:B1	label_permutation	8	3.1194239875690077	0.1111111111111111	-0.6660687852615931	0.1111111111111111
ENSG00000229980.4:B1	label_permutation	8	5.304759288498133	0.6666666666666666	-0.083654484019281	0.6666666666666666
ENSG00000230453.9:B1	label_permutation	8	147.96159738784263	0.1111111111111111	11.252619268175096	0.1111111111111111
ENSG00000231074.8:B1	label_permutation	8	195.93562283397387	0.1111111111111111	0.4502051375420814	0.1111111111111111
ENSG00000231551.8:B1	label_permutation	8	2.139881120918041	0.8888888888888888	-1.5169926355691867	0.6666666666666666
ENSG00000231551.8:B2	label_permutation	8	4.622588301934854	0.5555555555555556	-1.8486125471981976	0.6666666666666666
ENSG00000231887.7:B1	label_permutation	8	45.15643960621583	0.8888888888888888	-4.685381916245049	0.8888888888888888
ENSG00000232520.1:B1	label_permutation	8	2.123988451785408e-07	0.2222222222222222	-2.541081441487236e-06	0.7777777777777778
ENSG00000232780.2:B1	label_permutation	8	1.988962535574423	0.1111111111111111	-0.6464934034645606	0.1111111111111111
ENSG00000233290.2:B1	label_permutation	8	8.789534729014349	0.3333333333333333	-0.6231228379776397	0.4444444444444444
ENSG00000233930.3:B1	label_permutation	8	107.4753698358054	0.1111111111111111	13.17791574977226	0.1111111111111111
ENSG00000234445.1:B1	label_permutation	8	0.0	1.0	-1.1102230246251563e-15	1.0
ENSG00000234942.2:B1	label_permutation	8	0.3994412196256149	0.4444444444444444	-0.5075321303743977	0.7777777777777778
ENSG00000234942.2:B2	label_permutation	8	0.1478482779253909	0.6666666666666666	-0.8120361846982436	0.5555555555555556
ENSG00000235944.8:B1	label_permutation	8	14.067591029644746	0.8888888888888888	-4.25036395553698	0.7777777777777778
ENSG00000236306.2:B1	label_permutation	8	0.0	1.0	0.0	1.0
ENSG00000236886.2:B1	label_permutation	8	0.0335426216173857	0.2222222222222222	-0.3212114400309502	0.2222222222222222
ENSG00000237248.5:B1	label_permutation	8	0.1257561458796772	0.8888888888888888	-0.0107218009752942	0.1111111111111111
ENSG00000237651.6:B1	label_permutation	8	9.002941084857412	1.0	-1.8404528509498943	0.8888888888888888
ENSG00000238105.7:B1	label_permutation	6	19.0360320998891	0.2857142857142857	-1.7489673955606109	0.2857142857142857
ENSG00000239407.5:B1	label_permutation	8	7.674950199664387	0.3333333333333333	-0.8221116735415094	0.2222222222222222
ENSG00000239922.1:B1	label_permutation	8	0.6214562708165658	0.8888888888888888	-0.0295784353091199	0.8888888888888888
ENSG00000240230.6:B1	label_permutation	8	26.93099234400688	0.1111111111111111	1.7956271099877803	0.1111111111111111
ENSG00000240230.6:B2	label_permutation	8	47.98016117964653	0.1111111111111111	4.627131180723808	0.1111111111111111
ENSG00000240423.2:B1	label_permutation	8	0.0136344714324181	0.7777777777777778	-0.5442595532278561	0.7777777777777778
ENSG00000241945.8:B1	label_permutation	8	34.016384823293265	0.1111111111111111	-1.2219709115485649	0.1111111111111111
ENSG00000242220.7:B1	label_permutation	8	15.282747916495168	0.8888888888888888	-1.1942217064673462	0.5555555555555556
ENSG00000242220.7:B2	label_permutation	8	3.75894959663826	0.8888888888888888	-1.770508953031683	0.7777777777777778
ENSG00000242220.7:B3	label_permutation	8	9.016021032858475	0.4444444444444444	-0.6294242625120883	0.1111111111111111
ENSG00000242265.5:B1	label_permutation	8	105.57295850992614	0.5555555555555556	8.808111258609028	0.1111111111111111
ENSG00000242290.2:B1	label_permutation	8	0.0	1.0	-2.5779378631796135e-13	0.1111111111111111
ENSG00000243444.8:B1	label_permutation	8	40.039384172474456	0.1111111111111111	4.569586113705117	0.1111111111111111
ENSG00000243943.10:B1	label_permutation	8	31.83632184489761	0.2222222222222222	0.8968441110371062	0.1111111111111111
ENSG00000244462.8:B1	label_permutation	8	69.02607908667426	0.3333333333333333	-5.265072012470251	0.3333333333333333
ENSG00000245060.7:B1	label_permutation	8	8.851141803284008	0.5555555555555556	-0.949628884247443	0.4444444444444444
ENSG00000245060.7:B2	label_permutation	8	7.157214200762155	0.7777777777777778	-0.9834346024724828	0.3333333333333333
ENSG00000245149.3:B1	label_permutation	8	4.912909977098934	0.2222222222222222	-0.4982948483949612	0.1111111111111111
ENSG00000246067.7:B1	label_permutation	8	23.79291378277253	0.3333333333333333	-0.9868464233202994	0.3333333333333333
ENSG00000247077.7:B1	label_permutation	8	13.199599711239898	0.7777777777777778	-1.4417127878337632	0.3333333333333333
ENSG00000248383.4:B1	label_permutation	8	0.0	1.0	-2.664535259100376e-14	0.2222222222222222
ENSG00000248863.2:B1	label_permutation	8	2.3139370690857533	0.3333333333333333	-0.8932185517775804	0.3333333333333333
ENSG00000248905.8:B1	label_permutation	8	207.5097957531343	0.1111111111111111	15.670455035783768	0.1111111111111111
ENSG00000249343.2:B1	label_permutation	8	0.2698344624959645	0.2222222222222222	-0.1126907163601063	0.5555555555555556
ENSG00000250067.12:B1	label_permutation	8	101.93634496448612	0.1111111111111111	21.562594118234145	0.1111111111111111
ENSG00000250067.12:B2	label_permutation	8	73.540739083468	0.1111111111111111	15.24400861396936	0.1111111111111111
ENSG00000250067.12:B3	label_permutation	8	60.28521047814684	0.1111111111111111	9.175088009382398	0.1111111111111111
ENSG00000250479.8:B1	label_permutation	8	24.2963503518522	0.1111111111111111	-0.529660809620404	0.1111111111111111
ENSG00000250479.8:B2	label_permutation	8	11.6202734282449	0.6666666666666666	-0.5479892571611532	0.5555555555555556
ENSG00000250608.1:B1	label_permutation	8	77.08799135193613	0.1111111111111111	12.81813523905996	0.1111111111111111
ENSG00000251011.5:B1	label_permutation	8	8.477113547356169	0.6666666666666666	-3.598894128162012	0.2222222222222222
ENSG00000251369.8:B1	label_permutation	8	3.3170807384202874	0.3333333333333333	-1.324328282368176	0.4444444444444444
ENSG00000253125.1:B1	label_permutation	8	0.0	1.0	-1.2936984816747099e-11	0.1111111111111111
ENSG00000253553.6:B1	label_permutation	8	32.40880670390334	0.1111111111111111	-0.4265851939688649	0.1111111111111111
ENSG00000253846.2:B1	label_permutation	8	0.0	1.0	-3.3084646133829665e-14	0.2222222222222222
ENSG00000254266.5:B1	label_permutation	8	2.040099081139488	0.6666666666666666	-0.7012924963658475	0.4444444444444444
ENSG00000254363.6:B1	label_permutation	8	0.428663223499484	0.5555555555555556	-0.2200788998850138	0.3333333333333333
ENSG00000254960.2:B1	label_permutation	8	5.044300423779703	0.3333333333333333	-0.5352885078148962	0.3333333333333333
ENSG00000255571.8:B1	label_permutation	8	63.56988495041151	0.2222222222222222	3.756938669305203	0.1111111111111111
ENSG00000256294.8:B1	label_permutation	8	3.7975277605220574	0.1111111111111111	-0.1479844572097879	0.1111111111111111
ENSG00000257621.7:B1	label_permutation	8	42.88301138869724	0.5555555555555556	-2.0067593854584405	0.3333333333333333
ENSG00000258725.1:B1	label_permutation	8	1.041212111378627	0.7777777777777778	-0.7761938634662356	0.1111111111111111
ENSG00000259269.1:B1	label_permutation	8	0.1000788637344385	0.3333333333333333	-0.0488598401137374	0.2222222222222222
ENSG00000259495.2:B1	label_permutation	8	2.7221077733129846	0.5555555555555556	-0.252060979476181	0.5555555555555556
ENSG00000260083.1:B1	label_permutation	8	1.0901199650784292	1.0	-0.7190673369242607	0.1111111111111111
ENSG00000260083.1:B2	label_permutation	8	0.4245308608460618	1.0	-0.3588983042173934	0.3333333333333333
ENSG00000260261.2:B1	label_permutation	8	45.06870908491646	0.1111111111111111	-0.2938318221568592	0.1111111111111111
ENSG00000260596.5:B1	label_permutation	8	0.0	1.0	0.0	1.0
ENSG00000261064.1:B1	label_permutation	8	0.5801385973943383	0.3333333333333333	-0.1653496847605249	1.0
ENSG00000262096.2:B1	label_permutation	8	1.3171162452454297	0.4444444444444444	-0.271851413692447	0.4444444444444444
ENSG00000262943.7:B1	label_permutation	8	38.349413226331535	0.1111111111111111	0.395726770761047	0.1111111111111111
ENSG00000265241.6:B1	label_permutation	8	1.0800854942392115	0.6666666666666666	-0.7234550298106862	0.4444444444444444
ENSG00000266472.5:B1	label_permutation	8	7.652828397626763	0.6666666666666666	-0.6892192438978331	0.6666666666666666
ENSG00000267053.6:B1	label_permutation	6	1.512890563523797	0.8571428571428571	-0.5810192373354297	0.8571428571428571
ENSG00000267053.6:B2	label_permutation	8	6.061470901571283	0.8888888888888888	-0.9326082692013424	0.8888888888888888
ENSG00000267127.7:B1	label_permutation	8	6.7204417361271	0.6666666666666666	-2.1551803356135504	0.6666666666666666
ENSG00000267169.1:B1	label_permutation	8	32.26087757509367	0.6666666666666666	-0.5710771859713683	0.2222222222222222
ENSG00000267337.1:B1	label_permutation	8	0.1306298220070516	0.6666666666666666	-0.1965334325638592	0.6666666666666666
ENSG00000267743.5:B1	label_permutation	8	0.369737659977293	1.0	-0.494029661747173	1.0
ENSG00000269293.2:B1	label_permutation	8	26.3429107095144	0.1111111111111111	1.9944794635034944	0.1111111111111111
ENSG00000270885.1:B1	label_permutation	8	0.1932769716244138	0.8888888888888888	-0.5311936092010001	0.1111111111111111
ENSG00000272333.5:B1	label_permutation	8	65.47087837536674	0.1111111111111111	2.822477007560677	0.1111111111111111
ENSG00000273828.2:B1	label_permutation	8	5.151475660201868	0.2222222222222222	-0.6576478570679879	0.2222222222222222
ENSG00000275004.4:B1	label_permutation	8	14.494776096285818	0.1111111111111111	-1.585085528386062	0.1111111111111111
ENSG00000276023.5:B1	label_permutation	8	1.3242843703317249	0.5555555555555556	-0.2186515164270093	0.3333333333333333
ENSG00000276234.5:B1	label_permutation	8	41.35905266966893	1.0	-3.6913989123607047	1.0
ENSG00000277363.5:B1	label_permutation	8	404.4085403723184	0.1111111111111111	87.64230687367719	0.1111111111111111
ENSG00000277586.2:B1	label_permutation	8	134.50872174107008	0.1111111111111111	20.408609052699408	0.1111111111111111
ENSG00000277586.2:B2	label_permutation	8	71.09643823300758	0.1111111111111111	13.115506281547662	0.1111111111111111
ENSG00000278619.5:B1	label_permutation	8	0.1510004989054323	0.5555555555555556	-0.2554136508406024	0.7777777777777778
ENSG00000283156.1:B1	label_permutation	8	9.928905756480049	0.4444444444444444	-0.9473749781745274	0.4444444444444444
ENSG00000284052.1:B1	label_permutation	8	7.997523079479947	0.2222222222222222	-1.012300305052561	0.1111111111111111
ENSG00000284691.1:B1	label_permutation	8	14.16220049227786	0.5555555555555556	-1.1464318139165046	0.4444444444444444
ENSG00000285399.2:B1	label_permutation	8	1.0108764974711448	0.5555555555555556	-0.4548257683168821	0.5555555555555556
ENSG00000286219.1:B1	label_permutation	8	19.28368068945315	0.1111111111111111	-0.1365966720166522	0.1111111111111111
