test_id	null_type	analytic_p_value	calibrated_p_value	reference_nulls	degrees_of_freedom	denominator_df_bin	fdr
ENSMUSG00000021843.18:B1	label_permutation	7.19584625061668e-38	0.038461538461538464	3769	8	>20	0.5677768959471334
ENSMUSG00000021843.18:B2	label_permutation	0.0001359632172272	0.3037135278514589	3769	8	>20	0.7318810953112224
ENSMUSG00000021843.18:B3	label_permutation	7.1903024119308e-38	0.038461538461538464	3769	8	>20	0.5677768959471334
ENSMUSG00000021843.18:B4	label_permutation	0.0001359607986261	0.3037135278514589	3769	8	>20	0.7318810953112224
ENSMUSG00000021843.18:B5	label_permutation	1.473900468267886e-36	0.04668435013262599	3769	8	>20	0.5977402845246357
ENSMUSG00000021843.18:B6	label_permutation	2.90394826219484e-07	0.5983717774762551	736	16	>20	0.852124703712352
ENSMUSG00000002279.20:B1	label_permutation	0.0333713587800326	0.3302872062663185	5361	6	>20	0.7421633546983134
ENSMUSG00000002279.20:B2	label_permutation	0.0747646462804329	0.24071155145237558	4440	3	>20	0.7102004579935987
ENSMUSG00000002279.20:B3	label_permutation	0.8917317843765704	0.8034226525557306	4440	3	>20	0.9423909852035474
ENSMUSG00000020882.18:B1	label_permutation	0.0555831747344324	0.28825828869263065	6906	5	>20	0.7277459433406522
ENSMUSG00000020882.18:B2	label_permutation	0.0746696749484609	0.30852758071521647	6906	5	>20	0.7329591912450679
ENSMUSG00000020882.18:B3	label_permutation	3.1541154359557134e-05	0.32898919262555626	3145	10	>20	0.7421633546983134
ENSMUSG00000026566.16:B1	label_permutation	0.0429239024823192	0.8078817733990148	202	15	11-20	0.9432709920726544
ENSMUSG00000026566.16:B2	label_permutation	0.9692260437391496	0.8946360153256705	521	10	11-20	0.9779244373838968
ENSMUSG00000026566.16:B3	label_permutation	0.8588336486018239	0.8601532567049809	521	10	11-20	0.9643947183496375
ENSMUSG00000031154.16:B1	label_permutation	0.9925079978504016	0.9743150684931506	583	8	11-20	1.0
ENSMUSG00000031154.16:B2	label_permutation	0.9792002085494764	0.9026752767527675	2167	4	11-20	0.9818918707368892
ENSMUSG00000031154.16:B5	label_permutation	0.9332766636354708	0.8454797047970479	2167	4	11-20	0.9576759051841299
ENSMUSG00000040003.19:B1	label_permutation	6.408050241200225e-12	0.47381242387332523	820	18	>20	0.7926722340846395
ENSMUSG00000040003.19:B2	label_permutation	2.030041794662396e-10	0.5176613885505481	820	18	>20	0.8128909868153613
ENSMUSG00000040003.19:B3	label_permutation	8.647620216547393e-34	0.2689655172413793	144	27	>20	0.7203360339025302
ENSMUSG00000061904.13:B1	label_permutation	0.7296460717614162	0.6853146853146853	428	4	6-10	0.8863198373552182
ENSMUSG00000061904.13:B2	label_permutation	0.996414261307427	0.9011152416356877	1344	2	6-10	0.9813844876745949
ENSMUSG00000061904.13:B3	label_permutation	0.6106286230078952	0.47360594795539035	1344	2	6-10	0.7926722340846395
ENSMUSG00000015090.14:B1	label_permutation	1.1164514877534505e-13	0.1743295019157088	521	10	11-20	0.6884067605452999
ENSMUSG00000015090.14:B2	label_permutation	0.0884522238590114	0.3357865685372585	1086	5	11-20	0.7433025816609171
ENSMUSG00000021720.12:B1	label_permutation	2.759972675490068e-05	0.44086415232515563	2730	12	>20	0.7852463333738463
ENSMUSG00000021720.12:B2	label_permutation	0.5461233060974953	0.5367935803312276	5856	4	>20	0.8203653933740526
ENSMUSG00000024789.14:B1	label_permutation	0.2211101339342666	0.39252767527675275	2167	4	11-20	0.7659655217138764
ENSMUSG00000024789.14:B2	label_permutation	0.0937312630740567	0.16848418756815703	3667	2	11-20	0.6847722369731165
ENSMUSG00000027985.15:B1	label_permutation	6.397730037467763e-14	0.0391304347826087	2529	3	11-20	0.5677768959471334
ENSMUSG00000027985.15:B2	label_permutation	0.5889656337437763	0.6292548298068077	1086	5	11-20	0.8634453887899529
ENSMUSG00000032503.19:B1	label_permutation	1.0	1.0	97	40	>20	1.0
ENSMUSG00000032503.19:B2	label_permutation	4.398905403495968e-51	0.19148936170212766	93	32	>20	0.6961513711090555
ENSMUSG00000037703.15:B1	label_permutation	4.5349982238025053e-29	0.0432674375233122	5361	6	>20	0.5865286772419995
ENSMUSG00000037703.15:B2	label_permutation	1.0	1.0	5361	6	>20	1.0
ENSMUSG00000041540.17:B2	label_permutation	0.7597881319321184	0.6438356164383562	1240	1	>20	0.8685239541374944
ENSMUSG00000050530.15:B1	label_permutation	0.0034159416228114	0.4075342465753425	583	8	11-20	0.7727217214989786
ENSMUSG00000050530.15:B2	label_permutation	0.3869722445401319	0.477859778597786	2167	4	11-20	0.7947687782094973
ENSMUSG00000063077.16:B2	label_permutation	3.920729507785288e-12	0.2731600146466496	2730	12	>20	0.7218309692105517
ENSMUSG00000000384.16:B1	label_permutation	0.0016459398840009	0.09704830053667263	2235	1	6-10	0.6716996336354654
ENSMUSG00000001558.6:B1	label_permutation	0.0003112604951673	0.07716453047345018	3822	1	11-20	0.6634744498321522
ENSMUSG00000003865.17:B1	label_permutation	0.9169365926022296	0.8281918486827291	4440	3	>20	0.9511671850500901
ENSMUSG00000006262.16:B1	label_permutation	0.0349666980965984	0.2037829317721234	4440	3	>20	0.7010479823254113
ENSMUSG00000010086.18:B3	label_permutation	2.444625587997775e-13	0.18198069360028601	2796	7	>20	0.6917315104013201
ENSMUSG00000015837.16:B1	label_permutation	0.6208322513497043	0.6393513826552772	6906	5	>20	0.8672217817334429
ENSMUSG00000018820.14:B1	label_permutation	7.323167347450872e-05	0.09750056293627561	4440	3	>20	0.6716996336354654
ENSMUSG00000020173.18:B1	label_permutation	0.9981036319644448	0.9359740481475158	5856	4	>20	0.9961374653790094
ENSMUSG00000020608.8:B1	label_permutation	1.0	1.0	5856	4	>20	1.0
ENSMUSG00000021061.16:B1	label_permutation	0.0062514841977865	0.33964962459778336	2796	7	>20	0.7445807850839993
ENSMUSG00000021596.18:B1	label_permutation	0.2861483927458698	0.25313059033989266	2235	1	6-10	0.7175608933892629
ENSMUSG00000022208.13:B1	label_permutation	0.1227343131639613	0.5641909814323608	3769	8	>20	0.8313710783865362
ENSMUSG00000023805.18:B1	label_permutation	0.8989758579840406	0.7840679336837849	2472	2	>20	0.9356683027763677
ENSMUSG00000024421.17:B1	label_permutation	0.32229893306337	0.2371830985915493	1774	1	1-5	0.7091982855276581
ENSMUSG00000024924.15:B2	label_permutation	0.511820997503718	0.5204029366569917	5856	4	>20	0.8138069195881308
ENSMUSG00000025413.14:B1	label_permutation	0.8072444244682898	0.6995551961180753	2472	2	>20	0.8932318106183805
ENSMUSG00000026113.18:B1	label_permutation	1.3133853687615425e-30	0.10091743119266056	435	15	>20	0.6716996336354654
ENSMUSG00000026600.13:B1	label_permutation	0.977840302476207	0.9033989266547406	2235	1	6-10	0.9819702366944081
ENSMUSG00000027002.14:B1	label_permutation	0.631680741224329	0.7299515106303618	5361	6	>20	0.9120836614309199
ENSMUSG00000027652.16:B1	label_permutation	0.1989463417557131	0.405675401766324	6906	5	>20	0.7726084582875619
ENSMUSG00000028165.10:B1	label_permutation	0.7748233189996949	0.6786759738797569	4440	3	>20	0.8849808470788925
ENSMUSG00000028785.14:B1	label_permutation	9.630745210603836e-28	0.3541963015647226	702	24	>20	0.7537910234770694
ENSMUSG00000029168.15:B1	label_permutation	0.2074043585603187	0.25427509293680295	1344	2	6-10	0.7175608933892629
ENSMUSG00000029676.16:B1	label_permutation	1.23923735533577e-07	0.08178248249957316	5856	4	>20	0.6634744498321522
ENSMUSG00000030268.18:B1	label_permutation	0.7250129717692531	0.49802816901408453	1774	1	1-5	0.8048246980763529
ENSMUSG00000030982.20:B1	label_permutation	0.6489844528345486	0.6172839506172839	566	3	6-10	0.8598588372868904
ENSMUSG00000031644.20:B4	label_permutation	7.375342878547528e-05	0.11524464213505864	2472	2	>20	0.6716996336354654
ENSMUSG00000032116.19:B1	label_permutation	1.931140027923803e-115	0.007881107858590407	4440	3	>20	0.5304436768848043
ENSMUSG00000032531.16:B1	label_permutation	0.5642554168233674	0.38647887323943664	1774	1	1-5	0.7631707880514113
ENSMUSG00000033237.20:B1	label_permutation	2.3361953371322704e-18	0.0631243665846243	6906	5	>20	0.6350498279162136
ENSMUSG00000034059.15:B1	label_permutation	0.8881387672995886	0.7723412858875859	2472	2	>20	0.931299294312993
ENSMUSG00000034832.16:B1	label_permutation	0.0001605943908938	0.3053050397877984	3769	8	>20	0.7329591912450679
ENSMUSG00000035649.18:B1	label_permutation	0.2948777821256703	0.6684350132625995	3769	8	>20	0.8797479064437119
ENSMUSG00000036565.8:B1	label_permutation	0.0512906779446518	0.3595673256247669	5361	6	>20	0.7540440618427044
ENSMUSG00000037386.17:B1	label_permutation	1.5841238223822956e-10	0.3017209813255218	2730	12	>20	0.7318810953112224
ENSMUSG00000038145.18:B1	label_permutation	0.9999997753797438	0.9678226671433678	2796	7	>20	1.0
ENSMUSG00000039579.16:B1	label_permutation	1.0	1.0	2091	9	>20	1.0
ENSMUSG00000040452.10:B1	label_permutation	0.9937079063494596	0.9556809024979855	1240	1	>20	1.0
ENSMUSG00000041268.18:B1	label_permutation	2.5146133917614712e-05	0.30927342256214146	2091	9	>20	0.7329591912450679
ENSMUSG00000042359.19:B2	label_permutation	0.0028421730725324	0.15485743554720846	5856	4	>20	0.6847722369731165
ENSMUSG00000046982.12:B1	label_permutation	0.9058074203649156	0.7981901997609698	5856	4	>20	0.9406626887956651
ENSMUSG00000049411.16:B1	label_permutation	0.7677120226622197	0.6707948660211664	4440	3	>20	0.8803808696143575
ENSMUSG00000052248.18:B1	label_permutation	0.080650900484741	0.14713774597495527	2235	1	6-10	0.6769750481719067
ENSMUSG00000054391.13:B1	label_permutation	4.367252049301692e-34	0.024994370637243864	4440	3	>20	0.5483423779172124
ENSMUSG00000056492.7:B1	label_permutation	0.4783569261106314	0.3323943661971831	1774	1	1-5	0.7421633546983134
ENSMUSG00000060780.3:B1	label_permutation	0.1346098664431697	0.1946564885496183	3667	2	11-20	0.6992983699937049
ENSMUSG00000063142.16:B1	label_permutation	8.710353505069411e-44	0.032564450474898234	736	16	>20	0.5627402900130172
ENSMUSG00000068151.9:B1	label_permutation	0.1091163331973382	0.4263334576650504	5361	6	>20	0.7802900802900802
ENSMUSG00000071856.11:B1	label_permutation	0.841164766149347	0.6957886476589066	3822	1	11-20	0.8922559765777405
ENSMUSG00000090255.8:B1	label_permutation	0.9440234017451556	0.848362312980186	2472	2	>20	0.9585555625471935
ENSMUSG00000111375.6:B1	label_permutation	1.1306323007463484e-15	0.2325155620651776	2730	12	>20	0.7091982855276581
ENSMUSG00000005899.15:B1	label_permutation	2.0781659505550792e-16	0.23645320197044334	405	12	11-20	0.7091982855276581
ENSMUSG00000005899.15:B2	label_permutation	0.019635196999781	0.304177545691906	5361	6	>20	0.7326058226084715
ENSMUSG00000005899.15:B3	label_permutation	0.0069053308107292	0.15559558657959918	4440	3	>20	0.6847722369731165
ENSMUSG00000005899.15:B4	label_permutation	0.9088123952347226	0.8851174934725848	5361	6	>20	0.9754015534112878
ENSMUSG00000005899.15:B5	label_permutation	0.1340864023339213	0.28236883584778205	4440	3	>20	0.7246986373555707
ENSMUSG00000005899.15:B6	label_permutation	0.1030398579865472	0.6807817589576547	306	9	11-20	0.8863198373552182
ENSMUSG00000000223.14:B1	label_permutation	0.0655133134844114	0.40652346857597454	1256	6	11-20	0.7726231734779496
ENSMUSG00000000223.14:B2	label_permutation	0.0407524108465496	0.20963746903850483	4440	3	>20	0.7053545808613133
ENSMUSG00000000223.14:B3	label_permutation	0.7019722510267133	0.6246340914208511	4440	3	>20	0.860790285075356
ENSMUSG00000016664.17:B2	label_permutation	0.8513799163314935	0.7295528898582334	3667	2	11-20	0.911839503285207
ENSMUSG00000016664.17:B3	label_permutation	0.7224754151919803	0.6761992619926199	2167	4	11-20	0.8841170796131632
ENSMUSG00000024112.17:B1	label_permutation	0.0101766049769068	0.21152454032141305	6906	5	>20	0.706159550409116
ENSMUSG00000024112.17:B2	label_permutation	0.84026971760355	0.7292506043513296	1240	1	>20	0.911839503285207
ENSMUSG00000024112.17:B3	label_permutation	2.320610730396223e-07	0.27209154481881753	3145	10	>20	0.7203360339025302
ENSMUSG00000029095.18:B1	label_permutation	2.614401882375316e-06	0.2718832891246684	3769	8	>20	0.7203360339025302
ENSMUSG00000029095.18:B2	label_permutation	4.040500221048813e-17	0.0493426668943145	5856	4	>20	0.608059383326989
ENSMUSG00000029095.18:B3	label_permutation	3.8826946045330375e-21	0.1830831197363603	2730	12	>20	0.6917315104013201
ENSMUSG00000036591.17:B1	label_permutation	4.465876285926741e-42	0.14153132250580047	430	20	>20	0.6746982879173822
ENSMUSG00000036591.17:B2	label_permutation	3.128563948174139e-45	0.020025429116338207	3145	10	>20	0.5304436768848043
ENSMUSG00000036591.17:B4	label_permutation	0.0001091992023762	0.35600762873490144	3145	10	>20	0.7537910234770694
ENSMUSG00000052572.20:B1	label_permutation	6.348246692144323e-33	0.29160739687055476	702	24	>20	0.7277459433406522
ENSMUSG00000052572.20:B2	label_permutation	3.2727144008892373e-19	0.3256445047489824	736	16	>20	0.7414944665977521
ENSMUSG00000052572.20:B3	label_permutation	0.0375897011244339	0.8955223880597015	736	16	>20	0.9781423941635542
ENSMUSG00000004207.15:B1	label_permutation	5.825062863843873e-46	0.019071837253655435	3145	10	>20	0.5304436768848043
ENSMUSG00000004207.15:B2	label_permutation	4.2305101008659676e-39	0.16705336426914152	430	20	>20	0.6847722369731165
ENSMUSG00000019971.11:B1	label_permutation	1.3263205569161661e-45	0.01959847036328872	2091	9	>20	0.5304436768848043
ENSMUSG00000019971.11:B2	label_permutation	1.1320319054859513e-45	0.01959847036328872	2091	9	>20	0.5304436768848043
ENSMUSG00000022623.18:B1	label_permutation	2.1770660385679045e-36	0.5	3	23	>20	0.8048246980763529
ENSMUSG00000022623.18:B2	label_permutation	8.568519976833262e-05	0.459802538787024	708	11	>20	0.7913805776931528
ENSMUSG00000026322.10:B1	label_permutation	0.7254858182497295	0.6452108588014341	5856	4	>20	0.8691267257406289
ENSMUSG00000028677.20:B1	label_permutation	0.02380720529679	0.23431734317343172	2167	4	11-20	0.7091982855276581
ENSMUSG00000028677.20:B2	label_permutation	0.0174503960567423	0.10850599781897492	3667	2	11-20	0.6716996336354654
ENSMUSG00000031169.14:B1	label_permutation	6.307180038039706e-12	0.03244274809160305	3667	2	11-20	0.5627402900130172
ENSMUSG00000031169.14:B2	label_permutation	7.328088150891246e-07	0.1614956245027844	1256	6	11-20	0.6847722369731165
ENSMUSG00000034088.16:B1	label_permutation	0.0149836564772501	0.5089001907183726	3145	10	>20	0.809154909905506
ENSMUSG00000034088.16:B2	label_permutation	0.8308649917360583	0.7679166063413928	6906	5	>20	0.9292453647933737
ENSMUSG00000042807.16:B1	label_permutation	4.093956602707128e-05	0.10875875021341984	5856	4	>20	0.6716996336354654
ENSMUSG00000042807.16:B2	label_permutation	5.696763939380783e-15	0.17745358090185676	3769	8	>20	0.6907662883605332
ENSMUSG00000075415.14:B1	label_permutation	0.0685604153200044	0.3830660201417382	5361	6	>20	0.7631707880514113
ENSMUSG00000075415.14:B2	label_permutation	3.239486823015172e-47	0.09672830725462304	702	24	>20	0.6716996336354654
ENSMUSG00000001627.13:B1	label_permutation	0.9925273780570923	0.9500402900886382	1240	1	>20	1.0
ENSMUSG00000003948.18:B1	label_permutation	0.0006980021042997	0.11380281690140845	1774	1	1-5	0.6716996336354654
ENSMUSG00000006276.11:B1	label_permutation	4.628662141941355e-37	0.06453154875717017	2091	9	>20	0.6350498279162136
ENSMUSG00000010095.14:B1	label_permutation	4.815529237040399e-07	0.05204460966542751	1344	2	6-10	0.6104246415972379
ENSMUSG00000015850.12:B1	label_permutation	0.8980521569362535	0.7553667262969589	2235	1	6-10	0.9233863203939469
ENSMUSG00000018865.10:B1	label_permutation	0.0175312360309655	0.18498023715415018	2529	3	11-20	0.6924338401300345
ENSMUSG00000020176.18:B1	label_permutation	0.8628959042268435	0.7146690518783542	2235	1	6-10	0.9019181953068471
ENSMUSG00000020612.17:B1	label_permutation	0.0030965034662669	0.18227884754596785	6906	5	>20	0.6917315104013201
ENSMUSG00000021071.18:B1	label_permutation	2.8359191306311567e-51	0.07396870554765292	702	24	>20	0.658935462200628
ENSMUSG00000021669.16:B2	label_permutation	0.8459357870667665	0.7652173913043478	2529	3	11-20	0.9284830813365627
ENSMUSG00000022237.18:B1	label_permutation	0.0077951375427343	0.2622155911973144	5361	6	>20	0.7175608933892629
ENSMUSG00000022661.15:B1	label_permutation	0.9253884847224368	0.819247546346783	3667	2	11-20	0.9490161893805502
ENSMUSG00000024425.5:B1	label_permutation	0.0995246104222457	0.33328507311423194	6906	5	>20	0.7421633546983134
ENSMUSG00000024941.10:B1	label_permutation	7.792861612538339e-19	0.016357688113413305	3667	2	11-20	0.5304436768848043
ENSMUSG00000025422.11:B1	label_permutation	8.659585249680694e-43	0.038813621384108384	2730	12	>20	0.5677768959471334
ENSMUSG00000026116.12:B1	label_permutation	0.9999999723442282	0.9598470363288719	2091	9	>20	1.0
ENSMUSG00000026604.18:B1	label_permutation	0.8256777530061055	0.700381679389313	3667	2	11-20	0.8932952232574893
ENSMUSG00000027007.17:B1	label_permutation	0.9109790279642624	0.7958015267175572	3667	2	11-20	0.9404164999688384
ENSMUSG00000027655.15:B1	label_permutation	0.0478062372340365	0.2426156735530135	5856	4	>20	0.7122255230009176
ENSMUSG00000028176.14:B1	label_permutation	1.0	1.0	3769	8	>20	1.0
ENSMUSG00000028788.15:B1	label_permutation	0.0119441395758783	0.23643054277828887	1086	5	11-20	0.7091982855276581
ENSMUSG00000029169.12:B1	label_permutation	0.1313643546092343	0.3097148710944169	5856	4	>20	0.7329591912450679
ENSMUSG00000029684.15:B1	label_permutation	8.067314908434419e-47	0.012513407222023596	2796	7	>20	0.5304436768848043
ENSMUSG00000030275.7:B1	label_permutation	2.1964968633948402e-14	0.43605359317904996	820	18	>20	0.7828290434489334
ENSMUSG00000030987.6:B1	label_permutation	6.227137567465965e-13	0.11472602739726027	583	8	11-20	0.6716996336354654
ENSMUSG00000032118.17:B1	label_permutation	0.9834772723218014	0.9091328413284133	2167	4	11-20	0.9825822453164573
ENSMUSG00000032536.13:B1	label_permutation	5.3499913371216956e-20	0.4779516358463727	702	24	>20	0.7947687782094973
ENSMUSG00000033257.15:B1	label_permutation	0.0012622566972256	0.143247396277958	5856	4	>20	0.6753453621929444
ENSMUSG00000034066.14:B1	label_permutation	1.0565611269180238e-05	0.12639351382655278	6906	5	>20	0.6716996336354654
ENSMUSG00000034848.18:B1	label_permutation	0.8513812051927108	0.7655933348344968	4440	3	>20	0.928626022542503
ENSMUSG00000035653.17:B1	label_permutation	0.7163244714588415	0.6340914208511597	4440	3	>20	0.8649721690180984
ENSMUSG00000036568.8:B1	label_permutation	0.0569365465632509	0.28999565658028087	6906	5	>20	0.7277459433406522
ENSMUSG00000037416.14:B1	label_permutation	3.7327016910189965e-41	0.01174934725848564	5361	6	>20	0.5304436768848043
ENSMUSG00000038156.17:B1	label_permutation	3.039048398433776e-30	0.020146832849581697	5856	4	>20	0.5304436768848043
ENSMUSG00000038679.17:B1	label_permutation	1.2795548848501022e-08	0.3412669351885756	2730	12	>20	0.745437077003003
ENSMUSG00000039601.17:B1	label_permutation	0.0218785119827359	0.7804878048780488	40	10	6-10	0.9346273766981065
ENSMUSG00000040455.18:B1	label_permutation	5.552889391320589e-25	0.12015915119363395	3769	8	>20	0.6716996336354654
ENSMUSG00000041297.9:B1	label_permutation	0.0180944728794008	0.20044391326617722	5856	4	>20	0.6994035248150303
ENSMUSG00000042388.15:B1	label_permutation	0.3735231988964846	0.6635681086878799	2796	7	>20	0.8772628472841829
ENSMUSG00000044288.7:B1	label_permutation	3.485375988197198e-06	0.09509988048488988	5856	4	>20	0.6716996336354654
ENSMUSG00000047013.16:B1	label_permutation	1.2535116898522726e-06	0.2663129973474801	3769	8	>20	0.7203360339025302
ENSMUSG00000049532.12:B1	label_permutation	0.3024049623101616	0.25625	799	2	1-5	0.7175608933892629
ENSMUSG00000052299.10:B1	label_permutation	0.0002525490817126	0.1058320198153569	4440	3	>20	0.6716996336354654
ENSMUSG00000054405.15:B1	label_permutation	1.7690470028469154e-06	0.17104216388225935	1256	6	11-20	0.6865745742860391
ENSMUSG00000056493.10:B1	label_permutation	0.9988341530946554	0.9547970479704797	2167	4	11-20	1.0
ENSMUSG00000058624.14:B1	label_permutation	0.9991388368829898	0.9610182975338106	1256	6	11-20	1.0
ENSMUSG00000060961.17:B1	label_permutation	0.0904040221373476	0.5387267904509284	3769	8	>20	0.8206386545317301
ENSMUSG00000063145.11:B1	label_permutation	0.2063650265029528	0.32717856338662465	4440	3	>20	0.7421633546983134
ENSMUSG00000068250.14:B1	label_permutation	0.5853752484723052	0.5583063001536623	5856	4	>20	0.8310183263662547
ENSMUSG00000071862.4:B1	label_permutation	0.8626410039755353	0.775951362305787	4440	3	>20	0.9319308786579406
ENSMUSG00000112925.2:B1	label_permutation	0.0977930956505559	0.4140246176799702	5361	6	>20	0.7734090172897694
ENSMUSG00000010066.16:B1	label_permutation	0.8674777656514843	0.8941644562334218	3769	8	>20	0.9779244373838968
ENSMUSG00000010066.16:B2	label_permutation	0.970431807908418	0.9623287671232876	583	8	11-20	1.0
ENSMUSG00000010066.16:B3	label_permutation	0.9073750866130024	0.801263445449889	5856	4	>20	0.9416529560849742
ENSMUSG00000010066.16:B4	label_permutation	1.0	1.0	3769	8	>20	1.0
ENSMUSG00000047213.15:B1	label_permutation	0.7713994619247132	0.6845849802371542	2529	3	11-20	0.8863198373552182
ENSMUSG00000047213.15:B2	label_permutation	0.4757791886480071	0.4841897233201581	2529	3	11-20	0.7967563669451726
ENSMUSG00000047213.15:B3	label_permutation	3.282036912740916e-06	0.0766798418972332	2529	3	11-20	0.6634744498321522
ENSMUSG00000047213.15:B4	label_permutation	0.1424759680759887	0.4805091487669053	1256	6	11-20	0.7957558710997155
ENSMUSG00000019302.17:B1	label_permutation	0.0062072449207764	0.3822281167108753	3769	8	>20	0.7631707880514113
ENSMUSG00000019302.17:B2	label_permutation	0.0045167944566891	0.373209549071618	3769	8	>20	0.7605406188729243
ENSMUSG00000019302.17:B3	label_permutation	0.0036153198998965	0.3660477453580902	3769	8	>20	0.7592365603115052
ENSMUSG00000025142.19:B2	label_permutation	0.3657529994771685	0.25014084507042256	1774	1	1-5	0.7158048289738431
ENSMUSG00000030134.12:B1	label_permutation	0.2258952491851149	0.5845548802288166	2796	7	>20	0.8451893433605204
ENSMUSG00000030134.12:B2	label_permutation	0.5066166403374364	0.732213085448695	2796	7	>20	0.9133834068413385
ENSMUSG00000030134.12:B3	label_permutation	0.012859706868428	0.7830750893921334	838	14	>20	0.9356077153561903
ENSMUSG00000037674.16:B1	label_permutation	0.7378271799856777	0.843236074270557	3769	8	>20	0.95684131707921
ENSMUSG00000037674.16:B2	label_permutation	0.9997519275239428	0.9489499743896193	5856	4	>20	1.0
ENSMUSG00000037674.16:B3	label_permutation	0.0097060561251513	0.6166239472720615	2730	12	>20	0.8598588372868904
ENSMUSG00000058835.15:B2	label_permutation	0.1210755512659322	0.25396825396825395	566	3	6-10	0.7175608933892629
ENSMUSG00000008855.18:B1	label_permutation	4.12498760647648e-22	0.18235995232419547	838	14	>20	0.6917315104013201
ENSMUSG00000008855.18:B3	label_permutation	2.93712542784176e-36	0.05470146585627458	2796	7	>20	0.6171507832898172
ENSMUSG00000020458.17:B1	label_permutation	4.5328790697521364e-29	0.1351153423654339	2730	12	>20	0.6719210962037078
ENSMUSG00000020458.17:B2	label_permutation	4.419478125558586e-32	0.03319656844461022	5361	6	>20	0.5627402900130172
ENSMUSG00000023008.19:B1	label_permutation	0.7443422501453639	0.5821561338289963	1344	2	6-10	0.8428959575639582
ENSMUSG00000023008.19:B2	label_permutation	0.7447481969849248	0.5828996282527881	1344	2	6-10	0.8437002038613742
ENSMUSG00000026867.20:B1	label_permutation	0.1774374502298185	0.6171128107074569	2091	9	>20	0.8598588372868904
ENSMUSG00000026867.20:B2	label_permutation	0.0030495243909409	0.38718929254302104	2091	9	>20	0.7631707880514113
ENSMUSG00000029064.16:B1	label_permutation	0.1267073647226089	0.6598855689764781	3145	10	>20	0.8757487571716822
ENSMUSG00000029064.16:B2	label_permutation	0.8141767232272268	0.7587954249312292	6906	5	>20	0.9249037157580688
ENSMUSG00000031558.16:B1	label_permutation	2.2715187432123924e-15	0.02379182156133829	1344	2	6-10	0.5474559145934611
ENSMUSG00000031558.16:B3	label_permutation	2.1400679380219093e-15	0.02379182156133829	1344	2	6-10	0.5474559145934611
ENSMUSG00000035513.20:B1	label_permutation	0.3983580740842266	0.8084291187739464	521	10	11-20	0.9436580270392033
ENSMUSG00000035513.20:B2	label_permutation	0.1508385280653944	0.65	79	20	11-20	0.8708719020603166
ENSMUSG00000040118.16:B1	label_permutation	0.0336043950467415	0.33066020141738156	5361	6	>20	0.7421633546983134
ENSMUSG00000040118.16:B2	label_permutation	1.3089592362500762e-14	0.43118148599269185	820	18	>20	0.7803995295754584
ENSMUSG00000045427.14:B1	label_permutation	0.0036052511093987	0.18173431734317344	2167	4	11-20	0.6917315104013201
ENSMUSG00000045427.14:B3	label_permutation	0.3054088519276981	0.3948616600790514	2529	3	11-20	0.7659655217138764
ENSMUSG00000056851.15:B1	label_permutation	0.1748845170327694	0.7509578544061303	521	10	11-20	0.9228562254653174
ENSMUSG00000056851.15:B2	label_permutation	0.2482363090319706	0.46366145354185834	1086	5	11-20	0.791460707496781
ENSMUSG00000092035.9:B1	label_permutation	0.9999999998888888	0.8991549295774648	1774	1	1-5	0.9794872952207052
ENSMUSG00000092035.9:B2	label_permutation	0.9999999998829268	0.8845070422535212	1774	1	1-5	0.9754015534112878
ENSMUSG00000001924.16:B1	label_permutation	0.0254614940776238	0.3164863856769862	5361	6	>20	0.7361177922528548
ENSMUSG00000004360.10:B1	label_permutation	0.8379799233964804	0.8480044759418127	5361	6	>20	0.9585555625471935
ENSMUSG00000006676.18:B1	label_permutation	0.356684787395355	0.4430595868191907	5856	4	>20	0.7867920816153179
ENSMUSG00000010914.11:B1	label_permutation	0.1900733738840879	0.3172708849358253	4440	3	>20	0.7361177922528548
ENSMUSG00000016921.15:B1	label_permutation	0.9829685721686936	0.8975584770360253	5856	4	>20	0.9791173882817341
ENSMUSG00000019699.17:B1	label_permutation	1.0323709017529831e-10	0.08990878818589837	6906	5	>20	0.6716996336354654
ENSMUSG00000020262.16:B1	label_permutation	1.468828867465942e-27	0.10291777188328913	3769	8	>20	0.6716996336354654
ENSMUSG00000020674.18:B1	label_permutation	2.5820813147684033e-34	0.017808020848414652	6906	5	>20	0.5304436768848043
ENSMUSG00000021140.10:B1	label_permutation	0.8815909875138755	0.8823739721129782	2796	7	>20	0.9754015534112878
ENSMUSG00000021725.10:B1	label_permutation	0.0022788837440369	0.17750108585492977	6906	5	>20	0.6907662883605332
ENSMUSG00000022311.16:B1	label_permutation	6.055587576549132e-25	0.043868539163167804	6906	5	>20	0.5887099419424673
ENSMUSG00000022771.18:B1	label_permutation	0.9829161953277028	0.79875	799	2	1-5	0.9406626887956651
ENSMUSG00000024002.19:B1	label_permutation	0.0002031850660338	0.3350860420650096	2091	9	>20	0.7432926746811992
ENSMUSG00000024524.18:B1	label_permutation	5.256926436742132e-34	0.11327649208282582	820	18	>20	0.6716996336354654
ENSMUSG00000025571.14:B1	label_permutation	1.300551427847858e-40	0.03242212333121424	3145	10	>20	0.5627402900130172
ENSMUSG00000026211.19:B1	label_permutation	0.1899853868937895	0.1981216457960644	2235	1	6-10	0.6994035248150303
ENSMUSG00000026740.13:B1	label_permutation	0.3198671333842884	0.47574923990154916	6906	5	>20	0.7938589957003537
ENSMUSG00000027206.14:B1	label_permutation	1.7452834504495855e-05	0.10107563599112174	5856	4	>20	0.6716996336354654
ENSMUSG00000027751.14:B1	label_permutation	0.404454784047546	0.4833948339483395	2167	4	11-20	0.7967563669451726
ENSMUSG00000028312.20:B1	label_permutation	0.9830883942446882	0.9129734085414988	1240	1	>20	0.9835180953043515
ENSMUSG00000028863.14:B1	label_permutation	0.4962603566351001	0.41303162486368594	3667	2	11-20	0.7732164440203563
ENSMUSG00000029267.18:B1	label_permutation	1.1990837701104355e-48	0.007957559681697613	3769	8	>20	0.5304436768848043
ENSMUSG00000029757.17:B1	label_permutation	0.0100659573074653	0.1556813586736757	2472	2	>20	0.6847722369731165
ENSMUSG00000030376.9:B1	label_permutation	0.3873662455903566	0.6098470719880642	5361	6	>20	0.856726303071523
ENSMUSG00000031161.16:B1	label_permutation	0.0822054100965731	0.14935914203505102	3822	1	11-20	0.6790014896770759
ENSMUSG00000031749.13:B1	label_permutation	9.01701463146031e-08	0.10525553786014188	6906	5	>20	0.6716996336354654
ENSMUSG00000032212.11:B1	label_permutation	6.670971446453943e-10	0.23565965583173995	2091	9	>20	0.7091982855276581
ENSMUSG00000032579.15:B1	label_permutation	0.3003070916464073	0.2960741548527808	3667	2	11-20	0.7277459433406522
ENSMUSG00000033400.15:B1	label_permutation	2.2141798937225685e-11	0.03801431127012522	2235	1	6-10	0.5677768959471334
ENSMUSG00000034243.18:B1	label_permutation	9.882381118073425e-53	0.009535918626827717	3145	10	>20	0.5304436768848043
ENSMUSG00000034940.16:B1	label_permutation	0.7758414128082266	0.6387653675124247	3822	1	11-20	0.8672217817334429
ENSMUSG00000035864.15:B1	label_permutation	2.554320955903836e-49	0.012815818381545222	2730	12	>20	0.5304436768848043
ENSMUSG00000036745.16:B1	label_permutation	2.419693749256527e-05	0.2556310332499106	2796	7	>20	0.7175608933892629
ENSMUSG00000037593.13:B1	label_permutation	0.9998325273333282	0.9895245769540693	1240	1	>20	1.0
ENSMUSG00000038296.15:B1	label_permutation	5.966490446569092e-41	0.08885754583921016	708	11	>20	0.6716996336354654
ENSMUSG00000038872.11:B1	label_permutation	1.0341361052917176e-30	0.03860499813502424	5361	6	>20	0.5677768959471334
ENSMUSG00000039735.17:B1	label_permutation	0.0197378284509937	0.20249274372545673	5856	4	>20	0.7005280964503657
ENSMUSG00000040560.11:B1	label_permutation	6.73528735152012e-14	0.07731287100043434	6906	5	>20	0.6634744498321522
ENSMUSG00000041439.16:B1	label_permutation	1.5667975442130375e-20	0.041432109885161	4440	3	>20	0.5720180832452844
ENSMUSG00000042523.13:B1	label_permutation	3.9027531470920485e-40	0.013614323013800821	5361	6	>20	0.5304436768848043
ENSMUSG00000044676.11:B1	label_permutation	0.9468696773011874	0.8741274487727989	4440	3	>20	0.971870868854696
ENSMUSG00000047459.15:B1	label_permutation	0.957463419054492	0.7329577464788732	1774	1	1-5	0.9140582013481667
ENSMUSG00000049939.7:B1	label_permutation	0.5646772145124725	0.541501976284585	2529	3	11-20	0.8206386545317301
ENSMUSG00000052539.16:B1	label_permutation	1.8405861157493157e-09	0.09864757358790771	1256	6	11-20	0.6716996336354654
ENSMUSG00000054808.16:B1	label_permutation	3.2393452615192918e-12	0.1970822281167109	3769	8	>20	0.6994035248150303
ENSMUSG00000056820.8:B1	label_permutation	9.114710716305553e-34	0.01911104676415231	6906	5	>20	0.5304436768848043
ENSMUSG00000058897.19:B2	label_permutation	0.9396382357486864	0.7732342007434945	1344	2	6-10	0.931299294312993
ENSMUSG00000061353.12:B1	label_permutation	0.0982578913535308	0.1543661971830986	1774	1	1-5	0.6847722369731165
ENSMUSG00000063796.10:B1	label_permutation	0.4227451456894456	0.29859154929577464	1774	1	1-5	0.7277459433406522
ENSMUSG00000068917.13:B1	label_permutation	0.225384179223002	0.3711797848728018	5856	4	>20	0.7605406188729243
ENSMUSG00000073791.14:B1	label_permutation	0.2354596970335155	0.2341093382160607	3822	1	11-20	0.7091982855276581
ENSMUSG00000085586.3:B1	label_permutation	0.5750295598451037	0.5397433010583202	4440	3	>20	0.8206386545317301
ENSMUSG00000097006.9:B1	label_permutation	9.827116118530809e-31	0.02101967799642218	2235	1	6-10	0.5304436768848043
ENSMUSG00000115311.3:B1	label_permutation	0.4074784332219722	0.36751242479727964	3822	1	11-20	0.759498759593972
ENSMUSG00000022995.17:B1	label_permutation	1.769984679952639e-20	0.1878432808495057	2730	12	>20	0.695247351814289
ENSMUSG00000022995.17:B2	label_permutation	0.0361925996134152	0.6986451849139509	2730	12	>20	0.8932318106183805
ENSMUSG00000022995.17:B3	label_permutation	0.0172596036892557	0.2961581499440507	5361	6	>20	0.7277459433406522
ENSMUSG00000022995.17:B4	label_permutation	0.0380403908640611	0.33905259231629986	5361	6	>20	0.7445807850839993
ENSMUSG00000022995.17:B5	label_permutation	3.0383872048754026e-33	0.02928011935844834	5361	6	>20	0.5610967237053351
ENSMUSG00000050144.14:B1	label_permutation	1.0	1.0	1256	6	11-20	1.0
ENSMUSG00000050144.14:B2	label_permutation	0.690038560281237	0.6241106719367588	2529	3	11-20	0.860790285075356
ENSMUSG00000050144.14:B3	label_permutation	0.3909402145654402	0.44189723320158103	2529	3	11-20	0.786178613724698
ENSMUSG00000050144.14:B4	label_permutation	0.5282105387864218	0.5189723320158103	2529	3	11-20	0.8135276880867505
ENSMUSG00000019775.18:B1	label_permutation	0.1206753211363033	0.5625994694960212	3769	8	>20	0.8310183263662547
ENSMUSG00000019775.18:B2	label_permutation	0.0309592937946738	0.22161516134539866	5856	4	>20	0.7091982855276581
ENSMUSG00000019775.18:B3	label_permutation	0.0019844054078742	0.14922315178418985	5856	4	>20	0.6790014896770759
ENSMUSG00000025231.18:B1	label_permutation	0.0065511400410109	0.38461538461538464	3769	8	>20	0.7631707880514113
ENSMUSG00000025231.18:B2	label_permutation	0.990475666124918	0.9105344032781287	5856	4	>20	0.9829790631555957
ENSMUSG00000025231.18:B3	label_permutation	0.2674139305348186	0.39661942974218883	5856	4	>20	0.7663744371387409
ENSMUSG00000030223.15:B1	label_permutation	1.0	1.0	298	6	6-10	1.0
ENSMUSG00000030223.15:B2	label_permutation	0.7206837871213349	0.6049618320610687	3667	2	11-20	0.8539855190532267
ENSMUSG00000030223.15:B3	label_permutation	1.0	1.0	3667	2	11-20	1.0
ENSMUSG00000037685.16:B1	label_permutation	0.0178412227353249	0.230346025770957	6906	5	>20	0.7091982855276581
ENSMUSG00000037685.16:B2	label_permutation	0.9697155763116388	0.8925727522802953	6906	5	>20	0.9775463759016397
ENSMUSG00000037685.16:B3	label_permutation	0.0019751232000028	0.4268912905276542	3145	10	>20	0.7802900802900802
ENSMUSG00000059049.15:B1	label_permutation	0.8413151816883695	0.7495387453874539	2167	4	11-20	0.9228562254653174
ENSMUSG00000059049.15:B2	label_permutation	0.998882006403482	0.9640130861504908	3667	2	11-20	1.0
ENSMUSG00000059049.15:B3	label_permutation	0.6559792411801492	0.5354416575790621	3667	2	11-20	0.8195164498309578
ENSMUSG00000009739.18:B1	label_permutation	0.0602301336469343	0.5988556897647807	3145	10	>20	0.852124703712352
ENSMUSG00000009739.18:B2	label_permutation	0.0472559076126764	0.2778340813667294	6906	5	>20	0.7246986373555707
ENSMUSG00000020593.17:B1	label_permutation	0.0038955288649156	0.23076923076923078	298	6	6-10	0.7091982855276581
ENSMUSG00000020593.17:B2	label_permutation	0.7214624758662339	0.5657992565055762	1344	2	6-10	0.8319811151709684
ENSMUSG00000023055.11:B2	label_permutation	0.702227106616372	0.5929661941112323	3667	2	11-20	0.8509933857752432
ENSMUSG00000029101.17:B2	label_permutation	1.2134443382918306e-11	0.03549295774647887	1774	1	1-5	0.5627402900130172
ENSMUSG00000031585.14:B1	label_permutation	0.9660962155984696	0.9315831344470963	1256	6	11-20	0.9942943682835682
ENSMUSG00000031585.14:B2	label_permutation	0.8906610486327872	0.8059288537549407	2529	3	11-20	0.9432709920726544
ENSMUSG00000035863.15:B1	label_permutation	3.6832975834512654e-09	0.11917195076464006	5361	6	>20	0.6716996336354654
ENSMUSG00000035863.15:B2	label_permutation	3.0271163625250993e-10	0.3090443061149762	2730	12	>20	0.7329591912450679
ENSMUSG00000040183.14:B1	label_permutation	0.9610360861567164	0.9586776859504132	3145	10	>20	1.0
ENSMUSG00000040183.14:B3	label_permutation	8.230837212387732e-09	0.09787172433762849	6906	5	>20	0.6716996336354654
ENSMUSG00000045639.15:B1	label_permutation	6.578631669352783e-05	0.5121951219512195	40	10	6-10	0.8105527269044539
ENSMUSG00000045639.15:B2	label_permutation	0.0031287909354631	0.2863961813842482	1256	6	11-20	0.7267803830666978
ENSMUSG00000057113.14:B1	label_permutation	1.0	1.0	80	4	1-5	1.0
ENSMUSG00000057113.14:B2	label_permutation	1.4962384802570445e-18	0.019330855018587362	1344	2	6-10	0.5304436768848043
ENSMUSG00000093674.8:B3	label_permutation	0.8811382839799097	0.759814612868048	3667	2	11-20	0.9249037157580688
ENSMUSG00000001986.17:B1	label_permutation	0.0081961449209276	0.42447418738049714	2091	9	>20	0.7792463358448585
ENSMUSG00000004364.15:B1	label_permutation	0.2884671941000139	0.4317343173431734	2167	4	11-20	0.78049632631701
ENSMUSG00000006699.18:B1	label_permutation	0.758942973095086	0.8021260723610593	5361	6	>20	0.9420815744700922
ENSMUSG00000011751.17:B1	label_permutation	4.921075116328121e-35	0.13013698630136986	145	21	>20	0.6716996336354654
ENSMUSG00000016933.18:B1	label_permutation	0.3278869523130521	0.4247908485572819	5856	4	>20	0.7792463358448585
ENSMUSG00000019790.18:B2	label_permutation	0.0279705174328484	0.2496018531924135	6906	5	>20	0.7151746585404593
ENSMUSG00000020290.15:B1	label_permutation	0.1418416500339442	0.3184224005463548	5856	4	>20	0.7364749027069556
ENSMUSG00000020687.14:B1	label_permutation	6.8920047439587695e-18	0.049176039759351295	3822	1	11-20	0.608059383326989
ENSMUSG00000021156.18:B1	label_permutation	4.2471775643331786e-11	0.605568445475638	430	20	>20	0.8539855190532267
ENSMUSG00000022340.16:B1	label_permutation	6.359120716991869e-19	0.3375	79	20	11-20	0.7441379410327873
ENSMUSG00000022772.13:B1	label_permutation	0.5501023249046932	0.5228552127899122	4440	3	>20	0.8138069195881308
ENSMUSG00000024030.8:B1	label_permutation	1.2092171395396837e-49	0.010010725777618877	2796	7	>20	0.5304436768848043
ENSMUSG00000024533.18:B1	label_permutation	0.000807905424833	0.1618647748660779	6906	5	>20	0.6847722369731165
ENSMUSG00000025035.10:B1	label_permutation	9.575636512783808e-05	0.0923943661971831	1774	1	1-5	0.6716996336354654
ENSMUSG00000025579.15:B1	label_permutation	0.0066081948269097	0.20066599102359925	6906	5	>20	0.6994035248150303
ENSMUSG00000026219.15:B1	label_permutation	8.816001686877352e-38	0.039257294429708225	3769	8	>20	0.5677768959471334
ENSMUSG00000026748.14:B1	label_permutation	0.914319943279846	0.8219557195571956	2167	4	11-20	0.9495662496532278
ENSMUSG00000027207.16:B1	label_permutation	0.7224579037510658	0.6433327642137613	5856	4	>20	0.8685239541374944
ENSMUSG00000027805.17:B1	label_permutation	0.7866813016446138	0.6193308550185873	1344	2	6-10	0.8600859011044263
ENSMUSG00000028329.14:B1	label_permutation	0.3257492473902436	0.42427864094246204	5856	4	>20	0.7792463358448585
ENSMUSG00000028868.14:B1	label_permutation	3.661320946359967e-10	0.1111111111111111	26	7	11-20	0.6716996336354654
ENSMUSG00000029279.16:B1	label_permutation	0.9964769390276812	0.9556667858419735	2796	7	>20	1.0
ENSMUSG00000029763.18:B1	label_permutation	0.8336004276447597	0.7336520402936657	5856	4	>20	0.9144157513326884
ENSMUSG00000030397.12:B1	label_permutation	7.225963323111923e-32	0.07692307692307693	3769	8	>20	0.6634744498321522
ENSMUSG00000031171.12:B1	label_permutation	0.1966193489834788	0.2016994633273703	2235	1	6-10	0.7004621913712823
ENSMUSG00000031753.17:B1	label_permutation	0.0626132801468996	0.2579819019976097	5856	4	>20	0.7175608933892629
ENSMUSG00000032216.16:B1	label_permutation	5.910028274224402e-05	0.45880629805931894	2730	12	>20	0.7912910652813838
ENSMUSG00000032580.13:B1	label_permutation	0.0521545559877549	0.360686311077956	5361	6	>20	0.7545910039399194
ENSMUSG00000033417.17:B1	label_permutation	0.0828223859184686	0.29843173431734316	2167	4	11-20	0.7277459433406522
ENSMUSG00000034252.15:B1	label_permutation	0.0017957263953509	0.14785726481133687	5856	4	>20	0.6769750481719067
ENSMUSG00000034973.17:B1	label_permutation	0.269063187982919	0.3976438449718286	5856	4	>20	0.7667502932482143
ENSMUSG00000035877.18:B1	label_permutation	1.925250628060486e-22	0.13289124668435012	3769	8	>20	0.6716996336354654
ENSMUSG00000036779.13:B1	label_permutation	0.3553875186567657	0.32960741548527805	3667	2	11-20	0.7421633546983134
ENSMUSG00000037606.19:B1	label_permutation	0.652112637819488	0.556813586736757	2472	2	>20	0.8300407188331657
ENSMUSG00000038301.16:B1	label_permutation	0.1386684527763112	0.21561338289962825	1344	2	6-10	0.7091982855276581
ENSMUSG00000038976.13:B1	label_permutation	5.8767178225085576e-08	0.3537165873306481	2730	12	>20	0.7537910234770694
ENSMUSG00000039741.17:B1	label_permutation	0.8624076790035944	0.7902128275662371	6906	5	>20	0.938121019074988
ENSMUSG00000040596.16:B1	label_permutation	1.0	1.0	298	6	6-10	1.0
ENSMUSG00000041444.15:B1	label_permutation	4.2951729061979467e-07	0.25596816976127323	3769	8	>20	0.7175608933892629
ENSMUSG00000042524.15:B1	label_permutation	0.9999989730916784	0.8630985915492958	1774	1	1-5	0.9667444003707232
ENSMUSG00000044700.16:B1	label_permutation	0.04048670229632	0.34296904140246176	5361	6	>20	0.745478662825752
ENSMUSG00000047496.7:B1	label_permutation	0.5889864841339799	0.5485251069578924	4440	3	>20	0.8263670006561997
ENSMUSG00000050017.12:B1	label_permutation	0.1642233957047712	0.33361789311934437	5856	4	>20	0.7421633546983134
ENSMUSG00000052551.17:B1	label_permutation	0.633728623432698	0.5697018533440773	1240	1	>20	0.8342859712646459
ENSMUSG00000054823.18:B1	label_permutation	1.0215796706710111e-30	0.5425531914893617	93	32	>20	0.8216119372975922
ENSMUSG00000056856.15:B1	label_permutation	1.3043962436129497e-27	0.1381453154875717	2091	9	>20	0.6737987860703265
ENSMUSG00000058975.8:B1	label_permutation	7.362909442585754e-05	0.2656417590275295	2796	7	>20	0.7203360339025302
ENSMUSG00000061411.13:B1	label_permutation	0.7899891893481291	0.6515825268114046	3822	1	11-20	0.8716907566496043
ENSMUSG00000063870.13:B1	label_permutation	1.2763743055642924e-49	0.012449652142072502	2730	12	>20	0.5304436768848043
ENSMUSG00000068923.15:B1	label_permutation	0.039507028048097	0.6685472496473907	708	11	>20	0.8797479064437119
ENSMUSG00000085655.6:B1	label_permutation	0.973118258533242	0.8969161719994209	6906	5	>20	0.978711785934193
ENSMUSG00000097007.4:B1	label_permutation	0.0080212405604832	0.09814612868047982	3667	2	11-20	0.6716996336354654
ENSMUSG00000115424.3:B2	label_permutation	1.0	1.0	1344	2	6-10	1.0
ENSMUSG00000023991.17:B2	label_permutation	0.0189744129977012	0.11449016100178891	2235	1	6-10	0.6716996336354654
ENSMUSG00000023991.17:B3	label_permutation	0.06423113366263	0.13859154929577464	1774	1	1-5	0.6737987860703265
ENSMUSG00000023991.17:B4	label_permutation	0.24099764060998	0.22361359570661896	2235	1	6-10	0.7091982855276581
ENSMUSG00000023991.17:B5	label_permutation	0.0119352408041916	0.11	799	2	1-5	0.6716996336354654
ENSMUSG00000051910.14:B2	label_permutation	0.301249590744008	0.22422535211267605	1774	1	1-5	0.7091982855276581
ENSMUSG00000051910.14:B3	label_permutation	0.3199333834504774	0.26625	799	2	1-5	0.7203360339025302
ENSMUSG00000051910.14:B4	label_permutation	1.026277124287793e-11	0.03436619718309859	1774	1	1-5	0.5627402900130172
ENSMUSG00000019889.11:B1	label_permutation	0.1638400095865893	0.2697128993125758	2472	2	>20	0.7203360339025302
ENSMUSG00000019889.11:B2	label_permutation	0.2339812033674445	0.3089365143550344	2472	2	>20	0.7329591912450679
ENSMUSG00000019889.11:B3	label_permutation	0.9876988452152442	0.9049001195151102	5856	4	>20	0.9825822453164573
ENSMUSG00000025269.17:B1	label_permutation	0.7843512960117928	0.7001763668430335	566	3	6-10	0.8932952232574893
ENSMUSG00000025269.17:B2	label_permutation	0.2222186632600363	0.21645796064400716	2235	1	6-10	0.7091982855276581
ENSMUSG00000025269.17:B3	label_permutation	0.595731857945414	0.4587360594795539	1344	2	6-10	0.7912910652813838
ENSMUSG00000030279.16:B1	label_permutation	0.0009544687096373	0.2060798209623275	5361	6	>20	0.7033559673028593
ENSMUSG00000030279.16:B2	label_permutation	4.616460487266505e-05	0.0952488178338212	4440	3	>20	0.6716996336354654
ENSMUSG00000030279.16:B3	label_permutation	0.0005599846737615	0.11528934924566539	4440	3	>20	0.6716996336354654
ENSMUSG00000037784.15:B1	label_permutation	0.9995785988085296	0.9610182975338106	1256	6	11-20	1.0
ENSMUSG00000037784.15:B2	label_permutation	0.1213948994426912	0.18647764449291168	3667	2	11-20	0.6941130972279578
ENSMUSG00000037784.15:B3	label_permutation	0.1213953139137153	0.18647764449291168	3667	2	11-20	0.6941130972279578
ENSMUSG00000059439.16:B1	label_permutation	0.8298271198404102	0.7354497354497355	566	3	6-10	0.9148774502253848
ENSMUSG00000059439.16:B2	label_permutation	4.75904380031579e-07	0.09364548494983277	298	6	6-10	0.6716996336354654
ENSMUSG00000059439.16:B3	label_permutation	3.2060175044959486e-05	0.7837837837837838	36	9	6-10	0.9356077153561903
ENSMUSG00000009741.16:B1	label_permutation	0.3633471523316784	0.44801092709578283	5856	4	>20	0.7882194114557239
ENSMUSG00000009741.16:B2	label_permutation	0.4280957586933827	0.48352398838996075	5856	4	>20	0.7967563669451726
ENSMUSG00000020628.17:B1	label_permutation	7.58147559985582e-10	0.053613053613053616	428	4	6-10	0.6158695880934625
ENSMUSG00000020628.17:B2	label_permutation	0.9192767554154536	0.753903345724907	1344	2	6-10	0.9228562254653174
ENSMUSG00000023169.16:B1	label_permutation	0.0958793970545929	0.6357279084551812	3145	10	>20	0.8662347783900389
ENSMUSG00000023169.16:B2	label_permutation	0.1585989084433924	0.3772983929347039	6906	5	>20	0.7631707880514113
ENSMUSG00000027130.16:B1	label_permutation	1.2805597963988285e-13	0.18408488063660478	3769	8	>20	0.6917315104013201
ENSMUSG00000027130.16:B2	label_permutation	0.000696820471185	0.13522281031244665	5856	4	>20	0.6719210962037078
ENSMUSG00000029126.8:B1	label_permutation	1.3893435252283212e-08	0.28544061302681994	521	10	11-20	0.7260612418658396
ENSMUSG00000029126.8:B2	label_permutation	0.6777116322998977	0.671573137074517	1086	5	11-20	0.8808385460547671
ENSMUSG00000031626.19:B1	label_permutation	4.5579865873894816e-17	0.5220417633410673	430	20	>20	0.8138069195881308
ENSMUSG00000031626.19:B2	label_permutation	6.530647377795943e-08	0.2603305785123967	3145	10	>20	0.7175608933892629
ENSMUSG00000035969.16:B1	label_permutation	1.9372848407006823e-06	0.39802270230684733	2730	12	>20	0.7671511448671924
ENSMUSG00000035969.16:B2	label_permutation	0.3574798998884664	0.5932487877657591	5361	6	>20	0.8509933857752432
ENSMUSG00000040242.15:B1	label_permutation	0.9765885274308896	0.9631277813095995	3145	10	>20	1.0
ENSMUSG00000040242.15:B2	label_permutation	0.6779115995292693	0.6736643984363689	6906	5	>20	0.882807288488314
ENSMUSG00000045659.19:B1	label_permutation	0.7720279723294087	0.6994219653179191	172	3	1-5	0.8932318106183805
ENSMUSG00000045659.19:B2	label_permutation	0.7974796333517028	0.6589066178393932	3822	1	11-20	0.8747555219296265
ENSMUSG00000057738.15:B1	label_permutation	3.5272028719536336e-07	0.3716587330648114	2730	12	>20	0.7605406188729243
ENSMUSG00000057738.15:B3	label_permutation	3.526955170109821e-07	0.3716587330648114	2730	12	>20	0.7605406188729243
ENSMUSG00000095562.9:B1	label_permutation	1.0	1.0	145	21	>20	1.0
ENSMUSG00000095562.9:B2	label_permutation	7.075839785842722e-28	0.1097604576331784	2796	7	>20	0.6716996336354654
ENSMUSG00000001995.10:B1	label_permutation	0.0266608039654945	0.1763668430335097	566	3	6-10	0.689937249077034
ENSMUSG00000004415.16:B1	label_permutation	0.3062249173301277	0.3522038010513546	2472	2	>20	0.7529006456967262
ENSMUSG00000006800.15:B1	label_permutation	6.827397729517859e-18	0.25148986889153757	838	14	>20	0.7164666931532249
ENSMUSG00000011832.17:B1	label_permutation	0.150323599607531	0.3027667984189723	2529	3	11-20	0.7318810953112224
ENSMUSG00000017132.18:B1	label_permutation	0.5299823107017466	0.6007359705611776	1086	5	11-20	0.8524781971788595
ENSMUSG00000019796.13:B1	label_permutation	0.000291306572449	0.15115100622556826	6906	5	>20	0.6815265103828622
ENSMUSG00000020297.11:B1	label_permutation	2.9388847069579087e-28	0.10026525198938992	3769	8	>20	0.6716996336354654
ENSMUSG00000020703.4:B1	label_permutation	4.062204973620847e-35	0.061494458348230245	2796	7	>20	0.6350498279162136
ENSMUSG00000021171.9:B1	label_permutation	2.3920457832823348e-26	0.03129925692411619	4440	3	>20	0.5627402900130172
ENSMUSG00000021767.20:B1	label_permutation	0.1886069336229222	0.48526669153301005	5361	6	>20	0.7967563669451726
ENSMUSG00000022350.8:B1	label_permutation	0.0046203166586298	0.16544305958681918	5856	4	>20	0.6847722369731165
ENSMUSG00000022779.17:B1	label_permutation	0.6273654892678218	0.4253521126760563	1774	1	1-5	0.7793201019099488
ENSMUSG00000024036.17:B1	label_permutation	0.7496500503017134	0.6691699604743083	2529	3	11-20	0.8798890556294956
ENSMUSG00000024558.13:B1	label_permutation	0.2409860646322499	0.45906163753449863	1086	5	11-20	0.7912910652813838
ENSMUSG00000025041.18:B1	label_permutation	6.28511488606903e-18	0.048859934853420196	306	9	11-20	0.608059383326989
ENSMUSG00000025613.14:B1	label_permutation	0.7234535618977915	0.59639026942192	3822	1	11-20	0.8520001440483478
ENSMUSG00000026223.16:B1	label_permutation	0.4116075544953834	0.5241059794411467	6906	5	>20	0.8138069195881308
ENSMUSG00000026753.6:B1	label_permutation	3.861814538701587e-05	0.17405318291700242	1240	1	>20	0.6884067605452999
ENSMUSG00000027254.14:B1	label_permutation	1.46988964216783e-45	0.024899304284145003	2730	12	>20	0.5483423779172124
ENSMUSG00000027806.10:B1	label_permutation	5.1675402389873047e-08	0.25812619502868067	2091	9	>20	0.7175608933892629
ENSMUSG00000028360.11:B1	label_permutation	2.715493964300926e-23	0.04821195888229333	6906	5	>20	0.607660279508006
ENSMUSG00000028878.12:B1	label_permutation	0.3378357669272633	0.4304251323203005	5856	4	>20	0.7803995295754584
ENSMUSG00000029283.18:B1	label_permutation	0.3917247631528381	0.35688729874776387	2235	1	6-10	0.7537910234770694
ENSMUSG00000029775.15:B1	label_permutation	0.721781624010274	0.6761992619926199	2167	4	11-20	0.8841170796131632
ENSMUSG00000030401.17:B1	label_permutation	0.9911118247949908	0.9298892988929889	2167	4	11-20	0.9932045376388903
ENSMUSG00000031197.12:B1	label_permutation	0.6311646926325624	0.5857707509881422	2529	3	11-20	0.845538972795933
ENSMUSG00000031785.17:B1	label_permutation	0.0648604799068324	0.13418781061993199	3822	1	11-20	0.6716996336354654
ENSMUSG00000032232.15:B3	label_permutation	0.9948789319296724	0.83	799	2	1-5	0.9511671850500901
ENSMUSG00000032582.15:B1	label_permutation	6.268255500035442e-05	0.11302714700358546	5856	4	>20	0.6716996336354654
ENSMUSG00000033444.15:B1	label_permutation	6.51150634180137e-14	0.1830238726790451	3769	8	>20	0.6917315104013201
ENSMUSG00000034254.18:B1	label_permutation	0.022928685848997	0.2333948339483395	2167	4	11-20	0.7091982855276581
ENSMUSG00000034987.5:B1	label_permutation	0.4873424094431495	0.4854762440891691	4440	3	>20	0.7967563669451726
ENSMUSG00000035891.17:B1	label_permutation	0.0044271244872787	0.19125524829882729	6906	5	>20	0.6961513711090555
ENSMUSG00000036790.6:B1	label_permutation	0.8454866247552332	0.7025939177101967	2235	1	6-10	0.8944033931467131
ENSMUSG00000037608.17:B1	label_permutation	1.0	1.0	2796	7	>20	1.0
ENSMUSG00000038319.15:B1	label_permutation	0.0260546070446411	0.11695747001090513	3667	2	11-20	0.6716996336354654
ENSMUSG00000039000.9:B1	label_permutation	0.2905987378028375	0.8265162200282088	708	11	>20	0.9511671850500901
ENSMUSG00000040606.15:B1	label_permutation	3.6528344565122847e-06	0.35823754789272033	521	10	11-20	0.7537910234770694
ENSMUSG00000041471.10:B1	label_permutation	0.7435485020958053	0.623773173391494	3667	2	11-20	0.860790285075356
ENSMUSG00000042532.15:B1	label_permutation	0.520680420989052	0.45348837209302323	2235	1	6-10	0.7892949284644667
ENSMUSG00000044783.17:B1	label_permutation	0.527263120077436	0.41561338289962824	1344	2	6-10	0.7742879996358305
ENSMUSG00000047547.15:B1	label_permutation	0.0011332633712869	0.1572878228782288	2167	4	11-20	0.6847722369731165
ENSMUSG00000050199.14:B1	label_permutation	5.568582692087993e-19	0.15337861994994637	2796	7	>20	0.6837203468428499
ENSMUSG00000052566.9:B1	label_permutation	0.7772431023922753	0.6411195396285639	3822	1	11-20	0.8680883840706338
ENSMUSG00000054863.10:B1	label_permutation	9.170297658862659e-10	0.22854418308963764	3145	10	>20	0.7091982855276581
ENSMUSG00000056900.14:B1	label_permutation	0.0341127781069449	0.2026570592208962	4440	3	>20	0.7005564135008946
ENSMUSG00000058997.9:B1	label_permutation	0.8229756637169477	0.7454545454545455	2529	3	11-20	0.9200378359107585
ENSMUSG00000061436.16:B1	label_permutation	1.0	1.0	6906	5	>20	1.0
ENSMUSG00000063873.11:B1	label_permutation	0.474720542062505	0.4603174603174603	566	3	6-10	0.7913805776931528
ENSMUSG00000068966.11:B1	label_permutation	1.4002362280018825e-142	0.04593070104754231	1240	1	>20	0.5956388890182727
ENSMUSG00000073982.12:B1	label_permutation	1.107162567826314e-06	0.06985915492957746	1774	1	1-5	0.658935462200628
ENSMUSG00000085715.3:B1	label_permutation	0.5862001922208855	0.7120127287191726	1256	6	11-20	0.9007133992070726
ENSMUSG00000116641.3:B1	label_permutation	0.9663051867436934	0.8869263066454321	6906	5	>20	0.9754015534112878
ENSMUSG00000024807.19:B1	label_permutation	0.0002894435193907	0.23786793953858393	1256	6	11-20	0.7091982855276581
ENSMUSG00000024807.19:B2	label_permutation	0.6541720698016615	0.5329880043620502	3667	2	11-20	0.817574158207151
ENSMUSG00000024807.19:B3	label_permutation	0.1263307199085998	0.18947655398037078	3667	2	11-20	0.695247351814289
ENSMUSG00000024807.19:B4	label_permutation	0.2109604372953098	0.2396401308615049	3667	2	11-20	0.7102004579935987
ENSMUSG00000024807.19:B5	label_permutation	0.0001556621706376	0.06270447110141766	3667	2	11-20	0.6350498279162136
ENSMUSG00000053141.17:B1	label_permutation	0.0004410364830649	0.15477052265817287	6906	5	>20	0.6847722369731165
ENSMUSG00000053141.17:B3	label_permutation	0.1849141490881636	0.39727812364268134	6906	5	>20	0.7663744371387409
ENSMUSG00000053141.17:B4	label_permutation	0.3204845108812301	0.4763283625307659	6906	5	>20	0.7939598901843806
ENSMUSG00000053141.17:B5	label_permutation	0.0317103210393243	0.5549904640813732	3145	10	>20	0.8296596150748978
ENSMUSG00000020231.16:B1	label_permutation	0.9718992681722138	0.9067777527583878	4440	3	>20	0.9825822453164573
ENSMUSG00000020231.16:B2	label_permutation	0.00041011652431	0.11078585904075659	4440	3	>20	0.6716996336354654
ENSMUSG00000020231.16:B3	label_permutation	0.0114356879508942	0.16595361405088943	4440	3	>20	0.6847722369731165
ENSMUSG00000025404.16:B1	label_permutation	1.0106114072699702e-63	0.0048721071863581	820	18	>20	0.5304436768848043
ENSMUSG00000025404.16:B2	label_permutation	3.2294741838872685e-41	0.03489483747609943	2091	9	>20	0.5627402900130172
ENSMUSG00000025404.16:B3	label_permutation	5.701168580602564e-54	0.006692160611854685	2091	9	>20	0.5304436768848043
ENSMUSG00000030678.8:B1	label_permutation	1.0	1.0	521	10	11-20	1.0
ENSMUSG00000030678.8:B2	label_permutation	0.2976659519428242	0.48482060717571296	1086	5	11-20	0.7967563669451726
ENSMUSG00000030678.8:B3	label_permutation	0.9599943463344328	0.8509659613615456	1086	5	11-20	0.9598413515305273
ENSMUSG00000037902.19:B1	label_permutation	0.0028994784850756	0.43769866497139226	3145	10	>20	0.7830757215815937
ENSMUSG00000037902.19:B2	label_permutation	0.1325365343547045	0.3607933980020269	6906	5	>20	0.7545910039399194
ENSMUSG00000037902.19:B3	label_permutation	0.1285122654130845	0.35760822354133487	6906	5	>20	0.7537910234770694
ENSMUSG00000059456.14:B1	label_permutation	0.1626234030458101	0.4669899291309213	5361	6	>20	0.7921077007283904
ENSMUSG00000059456.14:B2	label_permutation	0.1900469838120788	0.48601268183513613	5361	6	>20	0.7970226506761089
ENSMUSG00000059456.14:B4	label_permutation	9.964901814867764e-11	0.2954961552544855	2730	12	>20	0.7277459433406522
ENSMUSG00000010064.16:B1	label_permutation	0.0002657641685249	0.06788440567066521	3667	2	11-20	0.6527161437746073
ENSMUSG00000010064.16:B2	label_permutation	0.3477919445437986	0.3732308936514355	2472	2	>20	0.7605406188729243
ENSMUSG00000020644.10:B1	label_permutation	0.719983568457402	0.6035986913849509	3667	2	11-20	0.8538295486268205
ENSMUSG00000020644.10:B2	label_permutation	0.2984670928819352	0.2704682186764321	3822	1	11-20	0.7203360339025302
ENSMUSG00000023175.16:B1	label_permutation	5.545636913719904e-22	0.11822660098522167	405	12	11-20	0.6716996336354654
ENSMUSG00000023175.16:B2	label_permutation	0.0069291781089372	0.3054892601431981	1256	6	11-20	0.7329591912450679
ENSMUSG00000027165.17:B2	label_permutation	0.9999999999999716	0.9869138495092693	3667	2	11-20	1.0
ENSMUSG00000029174.19:B1	label_permutation	0.1030886427087989	0.1742093784078517	3667	2	11-20	0.6884067605452999
ENSMUSG00000029174.19:B2	label_permutation	0.0549898055572769	0.12660214491237248	3822	1	11-20	0.6716996336354654
ENSMUSG00000031708.18:B1	label_permutation	5.79015036082227e-05	0.4003831417624521	521	10	11-20	0.7700467882932372
ENSMUSG00000031708.18:B2	label_permutation	0.0356035547377972	0.259446937889098	6906	5	>20	0.7175608933892629
ENSMUSG00000036052.15:B1	label_permutation	1.0	1.0	820	18	>20	1.0
ENSMUSG00000036052.15:B2	label_permutation	0.0338352775496028	0.3310331965684446	5361	6	>20	0.7421633546983134
ENSMUSG00000040270.17:B1	label_permutation	1.3392811180945874e-105	0.5	1	19	>20	0.8048246980763529
ENSMUSG00000040270.17:B2	label_permutation	2.1771302457838203e-22	0.1401501608866643	2796	7	>20	0.6746982879173822
ENSMUSG00000045776.4:B2	label_permutation	0.6782287817762653	0.5995165189363416	1240	1	>20	0.852124703712352
ENSMUSG00000057897.15:B1	label_permutation	9.329004422402166e-22	0.1871275327771156	838	14	>20	0.6950672513004286
ENSMUSG00000057897.15:B3	label_permutation	0.0499176402535597	0.4397568823739721	2796	7	>20	0.7841887723459584
ENSMUSG00000096929.9:B1	label_permutation	1.3061954071068102e-10	0.29805931893079457	2730	12	>20	0.7277459433406522
ENSMUSG00000096929.9:B2	label_permutation	0.0132619333189627	0.4106100795755968	3769	8	>20	0.7731985024069317
ENSMUSG00000001998.16:B1	label_permutation	2.2510375203964645e-25	0.020948616600790514	2529	3	11-20	0.5304436768848043
ENSMUSG00000006920.15:B1	label_permutation	0.2619777002216781	0.6017161244190203	2796	7	>20	0.8533989363626496
ENSMUSG00000011877.14:B1	label_permutation	0.0205733863189735	0.4352785145888594	3769	8	>20	0.7828290434489334
ENSMUSG00000017210.15:B1	label_permutation	0.4609755950371135	0.5501664977558998	6906	5	>20	0.826763331772505
ENSMUSG00000019820.12:B1	label_permutation	1.2464592393831629e-23	0.13442974615659636	2796	7	>20	0.6716996336354654
ENSMUSG00000020300.15:B1	label_permutation	5.957459044352889e-34	0.06419098143236074	3769	8	>20	0.6350498279162136
ENSMUSG00000020704.14:B1	label_permutation	0.1296048565931725	0.19165757906215922	3667	2	11-20	0.6961513711090555
ENSMUSG00000021177.17:B1	label_permutation	0.3027727206574414	0.38617428507093	4440	3	>20	0.7631707880514113
ENSMUSG00000021770.12:B1	label_permutation	1.0	1.0	4440	3	>20	1.0
ENSMUSG00000022351.15:B1	label_permutation	1.0	1.0	3822	1	11-20	1.0
ENSMUSG00000022788.17:B1	label_permutation	7.161672431444567e-14	0.02862595419847328	3667	2	11-20	0.5595228198520243
ENSMUSG00000024038.18:B1	label_permutation	0.1009502898603313	0.27233201581027666	2529	3	11-20	0.720422723262624
ENSMUSG00000024566.11:B1	label_permutation	0.0068032701403618	0.1488071168621108	2472	2	>20	0.6790014896770759
ENSMUSG00000025060.16:B1	label_permutation	0.0086929298027163	0.26743752331219695	5361	6	>20	0.7203360339025302
ENSMUSG00000025616.15:B1	label_permutation	0.930965169596508	0.8549407114624505	2529	3	11-20	0.9619220346373043
ENSMUSG00000026235.15:B1	label_permutation	0.3647688917806849	0.6997347480106101	3769	8	>20	0.8932318106183805
ENSMUSG00000026754.17:B1	label_permutation	0.4380844916281401	0.388438399162961	3822	1	11-20	0.764104821150463
ENSMUSG00000027255.15:B1	label_permutation	0.1062969637371295	0.29383643503500084	5856	4	>20	0.7277459433406522
ENSMUSG00000028383.18:B1	label_permutation	0.3562768833523078	0.315742397137746	2235	1	6-10	0.7361177922528548
ENSMUSG00000028886.16:B1	label_permutation	0.051533104669901	0.2831909656869842	6906	5	>20	0.7246986373555707
ENSMUSG00000029312.13:B1	label_permutation	0.990652936401492	0.9543065103113627	2472	2	>20	1.0
ENSMUSG00000029780.15:B1	label_permutation	0.150991511860779	0.3254225712822264	5856	4	>20	0.7414944665977521
ENSMUSG00000030410.17:B1	label_permutation	0.748658608061908	0.5866171003717472	1344	2	6-10	0.8463077217776664
ENSMUSG00000031214.14:B1	label_permutation	0.2068610555363595	0.3865313653136531	2167	4	11-20	0.7631707880514113
ENSMUSG00000031799.11:B1	label_permutation	2.8841074567838064e-08	0.05366726296958855	2235	1	6-10	0.6158695880934625
ENSMUSG00000032238.18:B1	label_permutation	0.4282926712201357	0.6316672883252518	5361	6	>20	0.8643766766439173
ENSMUSG00000032598.9:B1	label_permutation	0.0707632430807258	0.24818694601128122	1240	1	>20	0.7127381867912488
ENSMUSG00000033499.15:B1	label_permutation	7.939517725723462e-36	0.013754162443897495	6906	5	>20	0.5304436768848043
ENSMUSG00000034269.13:B1	label_permutation	4.619642716076371e-45	0.025997803002563165	2730	12	>20	0.550018999987742
ENSMUSG00000035011.16:B1	label_permutation	3.2045396918129385e-39	0.05	19	21	11-20	0.608059383326989
ENSMUSG00000035901.15:B1	label_permutation	6.413319167751047e-32	0.11827169534968876	2730	12	>20	0.6716996336354654
ENSMUSG00000036792.13:B1	label_permutation	0.0017153371081934	0.2165236851920925	5361	6	>20	0.7091982855276581
ENSMUSG00000037622.15:B1	label_permutation	0.4987397727372133	0.436046511627907	2235	1	6-10	0.7828290434489334
ENSMUSG00000038324.14:B1	label_permutation	0.0172088063062094	0.1079607415485278	3667	2	11-20	0.6716996336354654
ENSMUSG00000039033.12:B1	label_permutation	6.149767966113137e-05	0.2962864721485411	3769	8	>20	0.7277459433406522
ENSMUSG00000039782.16:B2	label_permutation	0.9629535358732816	0.9216710182767625	5361	6	>20	0.9895998705450666
ENSMUSG00000040640.12:B1	label_permutation	1.3298325618162693e-18	0.3629719853836784	820	18	>20	0.7564192818183831
ENSMUSG00000041483.15:B1	label_permutation	0.3131075115297558	0.2788386084227047	3822	1	11-20	0.7246986373555707
ENSMUSG00000042548.15:B1	label_permutation	0.9991452853567256	0.9545889101338432	2091	9	>20	1.0
ENSMUSG00000044835.16:B1	label_permutation	4.056091247023329e-20	0.040976609185589895	5856	4	>20	0.5693986502293021
ENSMUSG00000047731.18:B1	label_permutation	0.0002398254304302	0.3116710875331565	3769	8	>20	0.7337188718579608
ENSMUSG00000050240.17:B1	label_permutation	0.3042614179274291	0.38662463409142084	4440	3	>20	0.7631707880514113
ENSMUSG00000052609.10:B1	label_permutation	2.928092226262388e-11	0.038461538461538464	2235	1	6-10	0.5677768959471334
ENSMUSG00000054874.13:B1	label_permutation	0.2163376463014452	0.3657162369813898	5856	4	>20	0.7592365603115052
ENSMUSG00000057060.9:B1	label_permutation	0.085049184269268	0.16221374045801526	3667	2	11-20	0.6847722369731165
ENSMUSG00000059003.13:B1	label_permutation	0.7073699576979244	0.7691160014919806	5361	6	>20	0.9299443542696084
ENSMUSG00000061451.14:B1	label_permutation	1.0	1.0	5361	6	>20	1.0
ENSMUSG00000063887.14:B2	label_permutation	0.7077844293227872	0.596782988004362	3667	2	11-20	0.8520001440483478
ENSMUSG00000069072.10:B1	label_permutation	1.0	1.0	2796	7	>20	1.0
ENSMUSG00000074259.11:B1	label_permutation	0.8542253226533211	0.7461724415793715	1240	1	>20	0.9203066919644419
ENSMUSG00000085767.2:B1	label_permutation	0.2043039848097003	0.36076489670479767	5856	4	>20	0.7545910039399194
ENSMUSG00000097156.9:B1	label_permutation	6.14626562634174e-78	0.06060606060606061	32	35	>20	0.6349169789338434
ENSMUSG00000116858.2:B1	label_permutation	0.99974933082881	0.9758423394787031	3145	10	>20	1.0
ENSMUSG00000028613.16:B1	label_permutation	0.0085114353663738	0.7413793103448276	405	12	11-20	0.9183298328630854
ENSMUSG00000028613.16:B2	label_permutation	3.3943820090628877e-10	0.49525101763907736	736	16	>20	0.8036741326983274
ENSMUSG00000028613.16:B3	label_permutation	0.3851904984260722	0.4611575892094929	5856	4	>20	0.7913805776931528
ENSMUSG00000028613.16:B4	label_permutation	0.017736930011055	0.19993170565135734	5856	4	>20	0.6994035248150303
ENSMUSG00000028613.16:B5	label_permutation	1.757872591704229e-15	0.5614035087719298	56	16	11-20	0.8310183263662547
ENSMUSG00000055320.19:B3	label_permutation	5.896656094298405e-18	0.016901408450704224	1774	1	1-5	0.5304436768848043
ENSMUSG00000020366.19:B1	label_permutation	5.307167919610825e-06	0.3076923076923077	3145	10	>20	0.7329591912450679
ENSMUSG00000020366.19:B2	label_permutation	0.8166011807881162	0.7595193282177501	6906	5	>20	0.9249037157580688
ENSMUSG00000020366.19:B3	label_permutation	1.1577307908023244e-08	0.09917475025336615	6906	5	>20	0.6716996336354654
ENSMUSG00000030761.17:B1	label_permutation	0.249958026924055	0.22	799	2	1-5	0.7091982855276581
ENSMUSG00000030761.17:B2	label_permutation	0.9927388597578756	0.8152112676056338	1774	1	1-5	0.9473558543059765
ENSMUSG00000030761.17:B3	label_permutation	0.9852231316554791	0.7971830985915493	1774	1	1-5	0.9406626887956651
ENSMUSG00000038517.16:B1	label_permutation	0.0179839801898664	0.5102739726027398	583	8	11-20	0.8101951388714059
ENSMUSG00000038517.16:B2	label_permutation	3.073932973982895e-05	0.12269372693726938	2167	4	11-20	0.6716996336354654
ENSMUSG00000038517.16:B3	label_permutation	1.482833731799107e-21	0.12315270935960591	405	12	11-20	0.6716996336354654
ENSMUSG00000060216.16:B1	label_permutation	0.108227476530333	0.6840390879478827	306	9	11-20	0.8863198373552182
ENSMUSG00000060216.16:B2	label_permutation	0.3049536909966855	0.39367588932806324	2529	3	11-20	0.7659655217138764
ENSMUSG00000060216.16:B3	label_permutation	0.0631625943337445	0.24308300395256918	2529	3	11-20	0.7122255230009176
ENSMUSG00000012609.20:B1	label_permutation	1.240466580244997e-10	0.15960912052117263	306	9	11-20	0.6847722369731165
ENSMUSG00000012609.20:B2	label_permutation	0.8763500290437249	0.7905138339920948	2529	3	11-20	0.938121019074988
ENSMUSG00000020654.16:B1	label_permutation	0.4328287395004639	0.6333457665050354	5361	6	>20	0.8645641783717961
ENSMUSG00000020654.16:B2	label_permutation	0.9726304458499871	0.9088043233505967	4440	3	>20	0.9825822453164573
ENSMUSG00000023235.15:B1	label_permutation	0.4389091130879422	0.45890565188020715	4440	3	>20	0.7912910652813838
ENSMUSG00000023235.15:B2	label_permutation	0.3774661441642233	0.6062052505966588	1256	6	11-20	0.8540166277636445
ENSMUSG00000027177.15:B1	label_permutation	1.4177085320197169e-21	0.014319809069212411	1256	6	11-20	0.5304436768848043
ENSMUSG00000027177.15:B2	label_permutation	0.1680685957552086	0.3181818181818182	2529	3	11-20	0.73629799803085
ENSMUSG00000029203.17:B2	label_permutation	3.282827834776112e-08	0.12663185378590078	5361	6	>20	0.6716996336354654
ENSMUSG00000031728.11:B1	label_permutation	8.024263545071544e-29	0.09840848806366048	3769	8	>20	0.6716996336354654
ENSMUSG00000031728.11:B2	label_permutation	4.5516602202339983e-38	0.013317397985316715	5856	4	>20	0.5304436768848043
ENSMUSG00000036112.16:B1	label_permutation	3.659862894160626e-05	0.2923076923076923	3769	8	>20	0.7277459433406522
ENSMUSG00000036112.16:B2	label_permutation	0.0004450486018659	0.13044220590746117	5856	4	>20	0.6716996336354654
ENSMUSG00000040276.16:B1	label_permutation	1.6943814758806364e-50	0.24806201550387597	128	30	>20	0.7127381867912488
ENSMUSG00000040276.16:B2	label_permutation	0.2640163655075966	0.7428480610298792	3145	10	>20	0.9185080366536842
ENSMUSG00000045983.17:B1	label_permutation	1.3282092977147896e-46	0.09280742459396751	430	20	>20	0.6716996336354654
ENSMUSG00000045983.17:B5	label_permutation	3.531890829114269e-08	0.2555626191989828	3145	10	>20	0.7175608933892629
ENSMUSG00000058153.16:B1	label_permutation	2.249301517488864e-20	0.47083926031294454	702	24	>20	0.7926722340846395
ENSMUSG00000058153.16:B2	label_permutation	1.0	1.0	1	32	1-5	1.0
ENSMUSG00000097167.3:B1	label_permutation	0.1735926422560971	0.3399351203687895	5856	4	>20	0.7445807850839993
ENSMUSG00000097167.3:B2	label_permutation	0.7334164395168546	0.6324302466639709	2472	2	>20	0.8645641783717961
ENSMUSG00000002006.13:B1	label_permutation	0.1577888885486865	0.5896551724137931	3769	8	>20	0.8477948738506724
ENSMUSG00000004552.17:B1	label_permutation	0.8937770962797718	0.7864094246201127	5856	4	>20	0.9367186324052151
ENSMUSG00000006930.16:B1	label_permutation	0.2344873508291053	0.5190227527042148	5361	6	>20	0.8135276880867505
ENSMUSG00000012422.15:B1	label_permutation	0.4987154912940256	0.4344755427674601	3822	1	11-20	0.782380158146246
ENSMUSG00000017264.17:B1	label_permutation	0.0008369406797697	0.20365535248041775	5361	6	>20	0.7010479823254113
ENSMUSG00000019831.15:B1	label_permutation	0.0607895828163842	0.20420541852001617	2472	2	>20	0.7010479823254113
ENSMUSG00000020315.19:B1	label_permutation	1.4485024339435832e-22	0.4366998577524893	702	24	>20	0.7830757215815937
ENSMUSG00000020716.17:B1	label_permutation	5.199394182253107e-05	0.16635583737411413	5361	6	>20	0.6847722369731165
ENSMUSG00000021180.10:B1	label_permutation	0.730879362363499	0.7073982915882439	6906	5	>20	0.8974071449613453
ENSMUSG00000021779.20:B1	label_permutation	0.0014591024068557	0.1362717347351395	2472	2	>20	0.6737987860703265
ENSMUSG00000022378.15:B1	label_permutation	0.9328050376591278	0.7635687732342007	1344	2	6-10	0.9279883763547829
ENSMUSG00000022790.15:B1	label_permutation	0.9200169321972728	0.8271604938271605	566	3	6-10	0.9511671850500901
ENSMUSG00000024052.18:B1	label_permutation	0.8666399199647848	0.8629242819843342	5361	6	>20	0.9667444003707232
ENSMUSG00000024576.15:B1	label_permutation	1.6643567896246125e-05	0.6942752740560292	820	18	>20	0.8913342359626332
ENSMUSG00000025085.17:B1	label_permutation	7.316191621287914e-84	0.010638297872340425	93	32	>20	0.5304436768848043
ENSMUSG00000025626.17:B1	label_permutation	0.9772427248207608	0.8930159560554538	3822	1	11-20	0.9775463759016397
ENSMUSG00000026238.15:B1	label_permutation	0.0029747707301005	0.4380165289256198	3145	10	>20	0.7833320706613217
ENSMUSG00000026761.13:B1	label_permutation	8.903956976395011e-50	0.011472275334608031	2091	9	>20	0.5304436768848043
ENSMUSG00000027273.14:B1	label_permutation	0.0024432204602321	0.5587696814353716	2730	12	>20	0.8310183263662547
ENSMUSG00000027828.13:B1	label_permutation	1.7348694347803066e-18	0.029516994633273702	2235	1	6-10	0.5610967237053351
ENSMUSG00000028397.14:B1	label_permutation	7.374318780094037e-46	0.019120458891013385	2091	9	>20	0.5304436768848043
ENSMUSG00000028890.14:B1	label_permutation	0.0010872143227536	0.124296329655483	4440	3	>20	0.6716996336354654
ENSMUSG00000029313.19:B1	label_permutation	0.0005533912281785	0.39033693579148127	3145	10	>20	0.7651558894261146
ENSMUSG00000029787.11:B1	label_permutation	1.0	1.0	3822	1	11-20	1.0
ENSMUSG00000030428.17:B1	label_permutation	6.270329554206059e-05	0.1678478179783663	5361	6	>20	0.6847722369731165
ENSMUSG00000031226.14:B1	label_permutation	2.509681169819214e-51	0.009049001195151101	5856	4	>20	0.5304436768848043
ENSMUSG00000031808.8:B1	label_permutation	2.6565728288942083e-28	0.023390814410107565	5856	4	>20	0.5474559145934611
ENSMUSG00000032249.15:B1	label_permutation	0.5793710848837026	0.5554037903363497	5856	4	>20	0.8296596150748978
ENSMUSG00000032601.14:B1	label_permutation	0.0115733830536885	0.1691699604743083	2529	3	11-20	0.6847776520285024
ENSMUSG00000033544.7:B1	label_permutation	0.3496287402886794	0.31284331676693694	3822	1	11-20	0.7357064792102966
ENSMUSG00000034271.17:B1	label_permutation	0.0001379596921603	0.1773591943304737	5361	6	>20	0.6907662883605332
ENSMUSG00000035021.14:B1	label_permutation	0.3773929918538798	0.3349731663685152	2235	1	6-10	0.7432926746811992
ENSMUSG00000035954.11:B1	label_permutation	0.2343963761432615	0.5892027171969968	2796	7	>20	0.8477948738506724
ENSMUSG00000036817.15:B1	label_permutation	7.13828432222117e-18	0.18929254302103252	2091	9	>20	0.695247351814289
ENSMUSG00000037692.15:B1	label_permutation	3.195383478036504e-05	0.13406688866367453	6906	5	>20	0.6716996336354654
ENSMUSG00000038342.16:B1	label_permutation	4.218015982539655e-24	0.13264211655345012	2796	7	>20	0.6716996336354654
ENSMUSG00000039047.18:B1	label_permutation	0.1040162930165441	0.2926412839337545	5856	4	>20	0.7277459433406522
ENSMUSG00000039838.12:B1	label_permutation	0.1174105701813393	0.2702094122945283	4440	3	>20	0.7203360339025302
ENSMUSG00000040675.18:B1	label_permutation	0.1440243726465176	0.4515106303618053	5361	6	>20	0.7882989098962725
ENSMUSG00000041530.18:B1	label_permutation	4.689486079388281e-08	0.12756434166355837	5361	6	>20	0.6716996336354654
ENSMUSG00000042572.13:B1	label_permutation	0.5238798546944198	0.4552772808586762	2235	1	6-10	0.790568560066904
ENSMUSG00000044864.17:B1	label_permutation	0.9077624450404546	0.7501858736059479	1344	2	6-10	0.9228562254653174
ENSMUSG00000047766.16:B1	label_permutation	0.3377594005645853	0.3181570338058888	3667	2	11-20	0.73629799803085
ENSMUSG00000050390.13:B1	label_permutation	0.4397530465874744	0.4225636878285483	2472	2	>20	0.7792463358448585
ENSMUSG00000052632.17:B1	label_permutation	0.5494433954256583	0.4820056611403154	2472	2	>20	0.7963077475435613
ENSMUSG00000054920.13:B1	label_permutation	0.9913895010599768	0.9020979020979021	428	4	6-10	0.9818918707368892
ENSMUSG00000057110.16:B1	label_permutation	1.0	1.0	405	12	11-20	1.0
ENSMUSG00000059119.10:B1	label_permutation	0.9376529773123072	0.851455045605907	6906	5	>20	0.9598413515305273
ENSMUSG00000061559.16:B1	label_permutation	0.9692844916120352	0.8872987477638641	2235	1	6-10	0.9754493755867316
ENSMUSG00000064043.16:B1	label_permutation	0.0001465975753754	0.17847817978366282	5361	6	>20	0.6907662883605332
ENSMUSG00000069135.12:B1	label_permutation	0.5591151715787613	0.4846978812450955	3822	1	11-20	0.7967563669451726
ENSMUSG00000074305.10:B1	label_permutation	0.1483058586211309	0.33994464944649444	2167	4	11-20	0.7445807850839993
ENSMUSG00000097265.3:B1	label_permutation	0.2898628188941414	0.2665445984828669	3822	1	11-20	0.7203360339025302
ENSMUSG00000116894.2:B1	label_permutation	0.6105553779631898	0.6331258143911973	6906	5	>20	0.8645641783717961
ENSMUSG00000029478.17:B1	label_permutation	1.3462538636174122e-32	0.5979381443298969	96	33	>20	0.8520001440483478
ENSMUSG00000029478.17:B2	label_permutation	6.918712051532903e-10	0.3469675599435825	708	11	>20	0.7472963416998167
ENSMUSG00000029478.17:B3	label_permutation	6.406025336550692e-07	0.40620592383638926	708	11	>20	0.7726231734779496
ENSMUSG00000029478.17:B4	label_permutation	0.0706375779690768	0.7080394922425952	708	11	>20	0.8975047696738888
ENSMUSG00000029478.17:B6	label_permutation	4.128219790368371e-15	0.6172248803827751	208	22	>20	0.8598588372868904
ENSMUSG00000058318.16:B1	label_permutation	0.0020977701751332	0.4278448823903369	3145	10	>20	0.7803995295754584
ENSMUSG00000058318.16:B2	label_permutation	0.3394560254106425	0.766369993642721	3145	10	>20	0.928626022542503
ENSMUSG00000058318.16:B3	label_permutation	0.4107184820087691	0.5236716374692341	6906	5	>20	0.8138069195881308
ENSMUSG00000058318.16:B5	label_permutation	0.9428645832186854	0.8562328072969452	6906	5	>20	0.9619220346373043
ENSMUSG00000020594.15:B1	label_permutation	3.164537043622329e-28	0.12155963302752294	435	15	>20	0.6716996336354654
ENSMUSG00000020594.15:B2	label_permutation	0.2901502161650272	0.4617055161430433	6906	5	>20	0.7913805776931528
ENSMUSG00000020594.15:B4	label_permutation	6.404541977362157e-32	0.021861879252931808	6906	5	>20	0.5304436768848043
ENSMUSG00000025576.18:B1	label_permutation	1.654574312805189e-16	0.26817640047675806	838	14	>20	0.7203360339025302
ENSMUSG00000025576.18:B3	label_permutation	0.0007999558031887	0.2963889882016446	2796	7	>20	0.7277459433406522
ENSMUSG00000025576.18:B4	label_permutation	0.001214729670857	0.3035395066142295	2796	7	>20	0.7318810953112224
ENSMUSG00000030811.15:B2	label_permutation	8.359679953145489e-21	0.01937269372693727	2167	4	11-20	0.5304436768848043
ENSMUSG00000030811.15:B3	label_permutation	0.3398441336413267	0.773972602739726	583	8	11-20	0.931299294312993
ENSMUSG00000039137.19:B1	label_permutation	6.069227747775457e-05	0.0758364312267658	1344	2	6-10	0.6634744498321522
ENSMUSG00000060227.16:B1	label_permutation	0.9836066206941046	0.9092225278702766	6906	5	>20	0.9825822453164573
ENSMUSG00000060227.16:B3	label_permutation	3.233403309854771e-06	0.12002316490516866	6906	5	>20	0.6716996336354654
ENSMUSG00000060227.16:B4	label_permutation	0.0004710747806774	0.38652256834075016	3145	10	>20	0.7631707880514113
ENSMUSG00000013033.17:B1	label_permutation	7.483857733106363e-45	0.1674641148325359	208	22	>20	0.6847722369731165
ENSMUSG00000013033.17:B2	label_permutation	6.818055877846659e-11	0.3328631875881523	708	11	>20	0.7421633546983134
ENSMUSG00000020694.18:B1	label_permutation	0.9740490141855191	0.8863140676117776	3667	2	11-20	0.9754015534112878
ENSMUSG00000020694.18:B2	label_permutation	0.8911186011387895	0.7457494114569709	3822	1	11-20	0.9200378359107585
ENSMUSG00000023467.19:B3	label_permutation	0.2694124460328951	0.33763094278807415	1240	1	>20	0.7441379410327873
ENSMUSG00000027180.13:B1	label_permutation	0.0347022139070276	0.46657824933687003	3769	8	>20	0.7921077007283904
ENSMUSG00000027180.13:B2	label_permutation	0.0058174936084517	0.16919924876216494	5856	4	>20	0.6847776520285024
ENSMUSG00000029245.17:B1	label_permutation	0.0040401356286789	0.328923846978906	2796	7	>20	0.7421633546983134
ENSMUSG00000029245.17:B2	label_permutation	2.8790177623118217e-05	0.5709177592371871	838	14	>20	0.8346354166666666
ENSMUSG00000031760.10:B1	label_permutation	0.997271620948934	0.9100371747211896	1344	2	6-10	0.9829790631555957
ENSMUSG00000031760.10:B2	label_permutation	6.55022431960879e-05	0.1655011655011655	428	4	6-10	0.6847722369731165
ENSMUSG00000036192.16:B2	label_permutation	0.2796647803931869	0.3331985442782046	2472	2	>20	0.7421633546983134
ENSMUSG00000046449.16:B1	label_permutation	0.00286223297194	0.23069750093248786	5361	6	>20	0.7091982855276581
ENSMUSG00000046449.16:B2	label_permutation	0.7660315325175402	0.6692186444494483	4440	3	>20	0.8798890556294956
ENSMUSG00000058966.14:B1	label_permutation	1.5137211897505163e-09	0.2390057361376673	2091	9	>20	0.7101113572928957
ENSMUSG00000058966.14:B2	label_permutation	1.2970632565745575e-09	0.11562849682954121	5361	6	>20	0.6716996336354654
ENSMUSG00000097391.9:B1	label_permutation	0.0013041826996308	0.8046132971506106	736	16	>20	0.9423909852035474
ENSMUSG00000097391.9:B2	label_permutation	0.1541506532110544	0.8088612229952399	2730	12	>20	0.9436714268277798
ENSMUSG00000002032.18:B1	label_permutation	0.7613391129114088	0.6235940360973058	3822	1	11-20	0.860790285075356
ENSMUSG00000004558.16:B1	label_permutation	0.3340394407161383	0.3663566518398706	2472	2	>20	0.759280506607621
ENSMUSG00000006932.18:B1	label_permutation	0.3664997565052892	0.46494464944649444	2167	4	11-20	0.7917358367967924
ENSMUSG00000013076.18:B1	label_permutation	3.903186960409914e-18	0.03527336860670194	566	3	6-10	0.5627402900130172
ENSMUSG00000017288.16:B1	label_permutation	0.8846463234114996	0.7644492911668485	3667	2	11-20	0.9283041865942216
ENSMUSG00000019841.16:B1	label_permutation	1.3738516980884557e-45	0.007832898172323759	5361	6	>20	0.5304436768848043
ENSMUSG00000020321.17:B1	label_permutation	0.9999999999999996	0.9571449254379615	6906	5	>20	1.0
ENSMUSG00000020721.17:B1	label_permutation	0.0001240157682526	0.14391197336035905	6906	5	>20	0.6753453621929444
ENSMUSG00000021182.17:B1	label_permutation	0.3291594180285069	0.42530305617210173	5856	4	>20	0.7793201019099488
ENSMUSG00000021792.16:B1	label_permutation	0.9459171767741456	0.843784078516903	3667	2	11-20	0.95684131707921
ENSMUSG00000022387.18:B1	label_permutation	1.0	1.0	5856	4	>20	1.0
ENSMUSG00000022797.17:B1	label_permutation	0.2654524919428829	0.32187626364739186	2472	2	>20	0.738416174107119
ENSMUSG00000024055.16:B1	label_permutation	0.8457060374268655	0.6475	799	2	1-5	0.870748617082928
ENSMUSG00000024581.14:B1	label_permutation	0.5657791875339877	0.5460133173979853	5856	4	>20	0.8251807865155811
ENSMUSG00000025092.8:B1	label_permutation	0.1684650834851303	0.3858404517156508	6906	5	>20	0.7631707880514113
ENSMUSG00000025648.19:B1	label_permutation	1.6093679244031147e-09	0.08370400323493732	2472	2	>20	0.6638844888509808
ENSMUSG00000026239.15:B1	label_permutation	0.0017573207641418	0.17257854350658752	6906	5	>20	0.6874913976902961
ENSMUSG00000026782.16:B1	label_permutation	0.3087973213002564	0.470102794266686	6906	5	>20	0.7926722340846395
ENSMUSG00000027287.15:B1	label_permutation	0.90881286316354	0.803995219395595	5856	4	>20	0.9423909852035474
ENSMUSG00000027849.20:B1	label_permutation	0.0026501491820339	0.3972602739726027	583	8	11-20	0.7663744371387409
ENSMUSG00000028402.19:B1	label_permutation	0.0031859957438917	0.1570770018780946	5856	4	>20	0.6847722369731165
ENSMUSG00000028898.16:B1	label_permutation	0.9994263153689456	0.9573633272299241	3822	1	11-20	1.0
ENSMUSG00000029344.16:B1	label_permutation	0.3648378871915059	0.410958904109589	1240	1	>20	0.7731985024069317
ENSMUSG00000029802.14:B1	label_permutation	0.9636361064446354	0.76	799	2	1-5	0.9249037157580688
ENSMUSG00000030447.16:B1	label_permutation	0.0362300942790336	0.21541501976284586	2529	3	11-20	0.7091982855276581
ENSMUSG00000031229.17:B1	label_permutation	9.249123058590216e-12	0.27828634199926766	2730	12	>20	0.7246986373555707
ENSMUSG00000031812.17:B1	label_permutation	1.0	1.0	298	6	6-10	1.0
ENSMUSG00000032252.15:B1	label_permutation	3.89321425081212e-31	0.026795766719207387	4440	3	>20	0.5540574956588848
ENSMUSG00000032612.15:B1	label_permutation	0.0540803488133611	0.23771152296535053	1240	1	>20	0.7091982855276581
ENSMUSG00000033577.19:B1	label_permutation	0.090300207197923	0.32604604024902273	6906	5	>20	0.7414944665977521
ENSMUSG00000034274.12:B1	label_permutation	0.9909551722911114	0.9412294528259401	4440	3	>20	0.9991238596711598
ENSMUSG00000035024.17:B2	label_permutation	0.0162970627828731	0.2268712899956566	6906	5	>20	0.7091982855276581
ENSMUSG00000035967.16:B1	label_permutation	0.1890254309855913	0.48545318910854157	5361	6	>20	0.7967563669451726
ENSMUSG00000036825.13:B1	label_permutation	0.9420050670349588	0.7821561338289963	1344	2	6-10	0.9353833177245805
ENSMUSG00000037697.20:B1	label_permutation	0.1683451553248402	0.1922573894846979	3822	1	11-20	0.6962541619191601
ENSMUSG00000039057.12:B1	label_permutation	0.113282023233783	0.2984463035683797	5856	4	>20	0.7277459433406522
ENSMUSG00000039842.16:B1	label_permutation	4.78879994430716e-07	0.11119154480961344	6906	5	>20	0.6716996336354654
ENSMUSG00000040681.17:B1	label_permutation	1.5358912757058267e-63	0.007360959651035987	3667	2	11-20	0.5304436768848043
ENSMUSG00000041570.15:B1	label_permutation	1.0	1.0	6906	5	>20	1.0
ENSMUSG00000042589.19:B1	label_permutation	3.8948336282740295e-18	0.20871475649945076	2730	12	>20	0.7044666263359548
ENSMUSG00000044991.11:B1	label_permutation	0.7015928678048293	0.6291616868704115	5856	4	>20	0.8634453887899529
ENSMUSG00000047804.16:B1	label_permutation	0.5741287320930347	0.492545121632226	3822	1	11-20	0.8019049204513056
ENSMUSG00000050447.16:B1	label_permutation	1.651657196398688e-07	0.10055350553505535	2167	4	11-20	0.6716996336354654
ENSMUSG00000052676.17:B1	label_permutation	0.8998559826795735	0.8178659331113364	6906	5	>20	0.9485046373405444
ENSMUSG00000054942.14:B1	label_permutation	0.0001405436233733	0.3623649078194533	3145	10	>20	0.7558955561998545
ENSMUSG00000057147.14:B1	label_permutation	0.8604644919345913	0.7748254897545598	4440	3	>20	0.9313753258776789
ENSMUSG00000059146.13:B1	label_permutation	0.0002483375337524	0.6305125148986889	838	14	>20	0.8638811582772317
ENSMUSG00000061576.16:B1	label_permutation	2.342321382764223e-13	0.6330014224751067	702	24	>20	0.8645641783717961
ENSMUSG00000064061.14:B1	label_permutation	0.9523352069544228	0.8808826840801621	4440	3	>20	0.9752086364341691
ENSMUSG00000074505.7:B1	label_permutation	7.952684611862474e-43	0.020021451555237754	2796	7	>20	0.5304436768848043
ENSMUSG00000085782.3:B1	label_permutation	0.0154104685626703	0.1204460966542751	1344	2	6-10	0.6716996336354654
ENSMUSG00000097290.10:B1	label_permutation	1.0	1.0	306	9	11-20	1.0
ENSMUSG00000118362.2:B1	label_permutation	0.3460613365643631	0.4071155145237559	4440	3	>20	0.7727217214989786
ENSMUSG00000033565.19:B2	label_permutation	4.704376884815821e-44	0.015649867374005304	3769	8	>20	0.5304436768848043
ENSMUSG00000033565.19:B3	label_permutation	0.079918037098684	0.5286472148541114	3769	8	>20	0.8148719459982858
ENSMUSG00000033565.19:B4	label_permutation	0.0003465817097399	0.762550881953867	736	16	>20	0.9272536063216805
ENSMUSG00000058388.15:B1	label_permutation	2.8704567399244795e-05	0.3283534647171011	3145	10	>20	0.7421633546983134
ENSMUSG00000058388.15:B2	label_permutation	6.992543875462411e-06	0.12436658462429419	6906	5	>20	0.6716996336354654
ENSMUSG00000058388.15:B3	label_permutation	0.4168461276244407	0.5270015925872303	6906	5	>20	0.8148719459982858
ENSMUSG00000058388.15:B4	label_permutation	1.6766541873325036e-14	0.0749963804835674	6906	5	>20	0.6598210965289547
ENSMUSG00000020684.15:B1	label_permutation	0.7485225422294172	0.8486590038314177	521	10	11-20	0.9585555625471935
ENSMUSG00000020684.15:B2	label_permutation	0.4638508852323063	0.5768169273229071	1086	5	11-20	0.8397720807585607
ENSMUSG00000020684.15:B3	label_permutation	0.9419631244986216	0.8719211822660099	202	15	11-20	0.9707966116197485
ENSMUSG00000025812.19:B1	label_permutation	0.9998164846447604	0.4166666666666667	11	15	1-5	0.7754389603207522
ENSMUSG00000025812.19:B2	label_permutation	0.4891797787205328	0.49525691699604746	2529	3	11-20	0.8036741326983274
ENSMUSG00000030826.20:B2	label_permutation	0.8283535488549304	0.6827099136803557	3822	1	11-20	0.8863198373552182
ENSMUSG00000030826.20:B3	label_permutation	0.4897917320382308	0.42453570494376147	3822	1	11-20	0.7792463358448585
ENSMUSG00000039361.12:B1	label_permutation	8.472234404748318e-09	0.20205479452054795	583	8	11-20	0.7004621913712823
ENSMUSG00000039361.12:B2	label_permutation	0.0027915317204796	0.1738929889298893	2167	4	11-20	0.6884067605452999
ENSMUSG00000039361.12:B3	label_permutation	0.779680660352714	0.7066420664206642	2167	4	11-20	0.8973542409981551
ENSMUSG00000060373.16:B1	label_permutation	0.9471054257304148	0.7836431226765799	1344	2	6-10	0.9356077153561903
ENSMUSG00000060373.16:B2	label_permutation	0.99999119481668	0.9472118959107807	1344	2	6-10	1.0
ENSMUSG00000060373.16:B5	label_permutation	0.9960913552255808	0.9277389277389277	428	4	6-10	0.9923157494075254
ENSMUSG00000013662.7:B2	label_permutation	0.7602353625711855	0.656287909421755	2472	2	>20	0.8729493357351947
ENSMUSG00000020747.19:B1	label_permutation	5.392192950794704e-10	0.22568340750158933	3145	10	>20	0.7091982855276581
ENSMUSG00000020747.19:B2	label_permutation	0.1630835521751516	0.3812074706819169	6906	5	>20	0.7631707880514113
ENSMUSG00000023927.16:B1	label_permutation	9.080980727945983e-06	0.5714285714285714	405	12	11-20	0.8346354166666666
ENSMUSG00000023927.16:B2	label_permutation	0.5015232968236361	0.49448322449898674	4440	3	>20	0.8033114512407507
ENSMUSG00000027210.21:B1	label_permutation	0.3885451273518851	0.5138265527725496	6906	5	>20	0.8106642524624388
ENSMUSG00000027210.21:B2	label_permutation	0.3567713381480689	0.4965976545533517	6906	5	>20	0.804126191259794
ENSMUSG00000029291.12:B1	label_permutation	0.0003988958649316	0.38461538461538464	3145	10	>20	0.7631707880514113
ENSMUSG00000029291.12:B2	label_permutation	5.193229107567863e-05	0.6490825688073395	435	15	>20	0.870748617082928
ENSMUSG00000031778.14:B1	label_permutation	1.221629202857622e-31	0.07851458885941645	3769	8	>20	0.6634744498321522
ENSMUSG00000031778.14:B2	label_permutation	6.285278594385679e-33	0.11397557666214382	736	16	>20	0.6716996336354654
ENSMUSG00000036257.16:B2	label_permutation	0.0166294609642498	0.2275951932821775	6906	5	>20	0.7091982855276581
ENSMUSG00000040479.13:B1	label_permutation	1.786283079999697e-57	0.034482758620689655	144	27	>20	0.5627402900130172
ENSMUSG00000040479.13:B2	label_permutation	7.539262472145646e-38	0.0730816077953715	820	18	>20	0.658935462200628
ENSMUSG00000046709.19:B1	label_permutation	2.6535295105387487e-34	0.46808510638297873	93	32	>20	0.7926722340846395
ENSMUSG00000046709.19:B2	label_permutation	3.82098110671655e-34	0.26458036984352773	702	24	>20	0.719445975190665
ENSMUSG00000059173.20:B1	label_permutation	0.518871502372348	0.5102766798418973	2529	3	11-20	0.8101951388714059
ENSMUSG00000059173.20:B2	label_permutation	0.5200739489691251	0.5130434782608696	2529	3	11-20	0.8105527269044539
ENSMUSG00000097392.5:B1	label_permutation	0.1133550410976775	0.5774378585086042	2091	9	>20	0.8401308920648854
ENSMUSG00000097392.5:B2	label_permutation	1.1919871435663977e-29	0.17174177831912302	820	18	>20	0.6873186350454853
ENSMUSG00000002102.16:B1	label_permutation	0.1874959086614463	0.32964426877470354	2529	3	11-20	0.7421633546983134
ENSMUSG00000007411.17:B1	label_permutation	7.483521980127861e-29	0.09814323607427056	3769	8	>20	0.6716996336354654
ENSMUSG00000013150.16:B1	label_permutation	0.8572591019386784	0.7721233956316145	4440	3	>20	0.931299294312993
ENSMUSG00000017291.14:B1	label_permutation	1.4734561420135794e-14	0.07427247719704648	6906	5	>20	0.658935462200628
ENSMUSG00000019852.8:B1	label_permutation	0.9999998999957428	0.9660477453580902	3769	8	>20	1.0
ENSMUSG00000020329.13:B1	label_permutation	0.4984817901583404	0.5156223322520062	5856	4	>20	0.8112192864006844
ENSMUSG00000020741.18:B1	label_permutation	0.1625269079300297	0.35101476014760147	2167	4	11-20	0.7519516476662079
ENSMUSG00000021192.17:B1	label_permutation	0.9973243877297604	0.9484697881245095	3822	1	11-20	1.0
ENSMUSG00000021816.12:B1	label_permutation	0.8737682062185661	0.7983205443752714	6906	5	>20	0.9406626887956651
ENSMUSG00000022389.16:B1	label_permutation	0.0083018485915426	0.2066019979730708	6906	5	>20	0.7033559673028593
ENSMUSG00000022807.10:B1	label_permutation	0.5301478241194508	0.5205533596837945	2529	3	11-20	0.8138069195881308
ENSMUSG00000024059.11:B1	label_permutation	1.4440777694703234e-21	0.3424657534246575	145	21	>20	0.745437077003003
ENSMUSG00000024587.11:B1	label_permutation	4.389107792799081e-06	0.12147097147821051	6906	5	>20	0.6716996336354654
ENSMUSG00000025132.14:B1	label_permutation	0.3684382177059065	0.4663284132841328	2167	4	11-20	0.7921077007283904
ENSMUSG00000025656.18:B1	label_permutation	7.69161432250789e-62	0.3877551020408163	97	40	>20	0.7635067075012824
ENSMUSG00000026245.17:B1	label_permutation	0.5206747973878687	0.5066426480522405	4440	3	>20	0.8090055380108196
ENSMUSG00000026784.15:B1	label_permutation	0.3596139902027137	0.4452791531500768	5856	4	>20	0.787842097864509
ENSMUSG00000027288.17:B1	label_permutation	0.2346651153893376	0.6577437858508605	2091	9	>20	0.8736815770020162
ENSMUSG00000027854.13:B1	label_permutation	0.0	0.002877321475281193	3822	1	11-20	0.5304436768848043
ENSMUSG00000028403.16:B1	label_permutation	1.217587759445209e-26	0.1514907332796132	1240	1	>20	0.6815265103828622
ENSMUSG00000028909.18:B1	label_permutation	0.0010238919019596	0.1410278299470719	5856	4	>20	0.6746982879173822
ENSMUSG00000029361.19:B1	label_permutation	0.0270933109687114	0.19207385723936052	4440	3	>20	0.6961513711090555
ENSMUSG00000029804.18:B1	label_permutation	1.3041150710853434e-18	0.13731722822631914	3145	10	>20	0.6737987860703265
ENSMUSG00000030465.20:B1	label_permutation	3.421959523926444e-29	0.5454545454545454	32	28	>20	0.8246140651801029
ENSMUSG00000031256.12:B1	label_permutation	0.1899415588217246	0.3172708849358253	4440	3	>20	0.7361177922528548
ENSMUSG00000031818.13:B1	label_permutation	0.0012568324469677	0.16051660516605165	2167	4	11-20	0.6847722369731165
ENSMUSG00000032258.16:B1	label_permutation	0.0594837313943136	0.2933256116982771	6906	5	>20	0.7277459433406522
ENSMUSG00000032621.9:B1	label_permutation	0.0025594116670134	0.384321223709369	2091	9	>20	0.7631707880514113
ENSMUSG00000033595.8:B1	label_permutation	0.9165887600221508	0.753903345724907	1344	2	6-10	0.9228562254653174
ENSMUSG00000034275.20:B1	label_permutation	1.0	1.0	2091	9	>20	1.0
ENSMUSG00000035027.19:B1	label_permutation	0.4047856967617898	0.35823336968375136	3667	2	11-20	0.7537910234770694
ENSMUSG00000036006.21:B1	label_permutation	0.000128549617619	0.22673031026252982	1256	6	11-20	0.7091982855276581
ENSMUSG00000037736.21:B1	label_permutation	2.2216782532484327e-21	0.2930800542740841	736	16	>20	0.7277459433406522
ENSMUSG00000038351.15:B1	label_permutation	2.0355816738821108e-20	0.01909307875894988	1256	6	11-20	0.5304436768848043
ENSMUSG00000039068.17:B1	label_permutation	0.9999942914174292	0.977917121046892	3667	2	11-20	1.0
ENSMUSG00000039852.18:B1	label_permutation	4.0423465889221616e-76	0.007052186177715092	708	11	>20	0.5304436768848043
ENSMUSG00000040711.9:B1	label_permutation	8.825421467931526e-24	0.03226907973365204	5856	4	>20	0.5627402900130172
ENSMUSG00000041607.18:B1	label_permutation	1.0	1.0	97	40	>20	1.0
ENSMUSG00000042616.9:B1	label_permutation	0.0274504279672843	0.10515302118754905	3822	1	11-20	0.6716996336354654
ENSMUSG00000045038.15:B1	label_permutation	0.6920525837269148	0.8065784769395781	2796	7	>20	0.9432709920726544
ENSMUSG00000047879.18:B1	label_permutation	0.8013848589749459	0.6615223646351033	3822	1	11-20	0.8760724538596513
ENSMUSG00000050556.10:B1	label_permutation	4.816600978051384e-55	0.007946598855689765	3145	10	>20	0.5304436768848043
ENSMUSG00000052698.16:B1	label_permutation	4.149702298974333e-06	0.531585220500596	838	14	>20	0.8167129252921839
ENSMUSG00000055013.17:B1	label_permutation	0.0005348563949232	0.28959599570968897	2796	7	>20	0.7277459433406522
ENSMUSG00000057181.16:B1	label_permutation	0.8623859504650411	0.7902128275662371	6906	5	>20	0.938121019074988
ENSMUSG00000059182.9:B1	label_permutation	0.0001744187956495	0.10158102766798419	2529	3	11-20	0.6716996336354654
ENSMUSG00000061578.10:B1	label_permutation	1.635948942974015e-45	0.01246684350132626	3769	8	>20	0.5304436768848043
ENSMUSG00000064080.13:B1	label_permutation	0.5065793349038523	0.42011995637949834	3667	2	11-20	0.7771710419815723
ENSMUSG00000069227.5:B1	label_permutation	1.3441995248406918e-07	0.10699290574779209	6906	5	>20	0.6716996336354654
ENSMUSG00000074513.10:B1	label_permutation	0.4813617256146474	0.5355166051660517	2167	4	11-20	0.8195164498309578
ENSMUSG00000085819.8:B1	label_permutation	0.4307780252353806	0.45372663814456204	4440	3	>20	0.789403422006456
ENSMUSG00000097311.9:B1	label_permutation	0.0016061673926949	0.18399264029438822	1086	5	11-20	0.6917315104013201
ENSMUSG00000118664.1:B1	label_permutation	0.2611124900679279	0.6701720841300192	2091	9	>20	0.8800298921543447
ENSMUSG00000037605.17:B2	label_permutation	0.1190637262300191	0.4337933606863111	5361	6	>20	0.781823590658932
ENSMUSG00000037605.17:B3	label_permutation	0.0070706824563915	0.257366654233495	5361	6	>20	0.7175608933892629
ENSMUSG00000037605.17:B4	label_permutation	0.0019419376412514	0.21820216337187617	5361	6	>20	0.7091982855276581
ENSMUSG00000064036.16:B1	label_permutation	0.9728792962248074	0.8847532866655284	5856	4	>20	0.9754015534112878
ENSMUSG00000064036.16:B2	label_permutation	0.9559191402304764	0.8653457339264051	2472	2	>20	0.9675603895694086
ENSMUSG00000064036.16:B3	label_permutation	6.15080590280047e-13	0.07804286291953093	2472	2	>20	0.6634744498321522
ENSMUSG00000064036.16:B4	label_permutation	0.9212145155485746	0.8188435099069955	2472	2	>20	0.9489025901220787
ENSMUSG00000020717.20:B2	label_permutation	0.4226497415295444	0.28845070422535213	1774	1	1-5	0.7277459433406522
ENSMUSG00000025938.17:B1	label_permutation	0.8260628997545302	0.7575757575757576	428	4	6-10	0.9246439098393872
ENSMUSG00000025938.17:B2	label_permutation	0.9319678111896336	0.8422509225092251	2167	4	11-20	0.95684131707921
ENSMUSG00000030850.18:B1	label_permutation	0.0194313781807677	0.30361805296531147	5361	6	>20	0.7318810953112224
ENSMUSG00000030850.18:B2	label_permutation	0.0004664778583269	0.11281242963296555	4440	3	>20	0.6716996336354654
ENSMUSG00000030850.18:B3	label_permutation	0.0090012931034222	0.16167529835622607	4440	3	>20	0.6847722369731165
ENSMUSG00000039536.17:B1	label_permutation	0.7688423915423133	0.6420392584514721	3667	2	11-20	0.8680883840706338
ENSMUSG00000039536.17:B3	label_permutation	0.9630789169233516	0.8618885691865027	3822	1	11-20	0.9660989282887428
ENSMUSG00000039536.17:B4	label_permutation	0.4105339961858236	0.36908187287470573	3822	1	11-20	0.7600139346437836
ENSMUSG00000060450.15:B1	label_permutation	2.2440815714926853e-08	0.040892193308550186	1344	2	6-10	0.5693986502293021
ENSMUSG00000060450.15:B2	label_permutation	0.6132695642691162	0.5163484174731886	3822	1	11-20	0.8120768837021372
ENSMUSG00000060450.15:B3	label_permutation	6.429703742932984e-05	0.16317016317016317	428	4	6-10	0.6847722369731165
ENSMUSG00000013846.11:B1	label_permutation	3.292033399910633e-06	0.10109179134654266	2472	2	>20	0.6716996336354654
ENSMUSG00000013846.11:B2	label_permutation	0.9840044812254124	0.9153908138597905	1240	1	>20	0.9845058920874592
ENSMUSG00000020821.18:B1	label_permutation	0.5400373957809206	0.5613468634686347	2167	4	11-20	0.8310183263662547
ENSMUSG00000020821.18:B3	label_permutation	0.126029729703644	0.4638027048528242	1256	6	11-20	0.791460707496781
ENSMUSG00000024012.19:B1	label_permutation	0.999999999609578	0.9818181818181818	2529	3	11-20	1.0
ENSMUSG00000024012.19:B2	label_permutation	0.929469322633167	0.8513833992094861	2529	3	11-20	0.9598413515305273
ENSMUSG00000027257.14:B1	label_permutation	0.1191362772478219	0.47398843930635837	172	3	1-5	0.7926722340846395
ENSMUSG00000027257.14:B2	label_permutation	1.0	1.0	2235	1	6-10	1.0
ENSMUSG00000031840.15:B1	label_permutation	1.9282439986257758e-40	0.03211009174311927	435	15	>20	0.5627402900130172
ENSMUSG00000031840.15:B2	label_permutation	0.9377201590781994	0.8515998262632113	6906	5	>20	0.9598413515305273
ENSMUSG00000036510.18:B1	label_permutation	0.8720193761832321	0.7647259689260714	5856	4	>20	0.9283889130333556
ENSMUSG00000036510.18:B2	label_permutation	0.9894546270237669	0.9130434782608695	298	6	6-10	0.9835180953043515
ENSMUSG00000040549.17:B1	label_permutation	4.16094973012781e-29	0.10439756882373973	2796	7	>20	0.6716996336354654
ENSMUSG00000040549.17:B3	label_permutation	7.628536333268071e-30	0.09974973185555953	2796	7	>20	0.6716996336354654
ENSMUSG00000046873.19:B1	label_permutation	0.9344935101334514	0.8583652330556181	4440	3	>20	0.962746552341033
ENSMUSG00000059401.15:B1	label_permutation	0.9905554469834208	0.9220283533260633	3667	2	11-20	0.9897467036780014
ENSMUSG00000059401.15:B2	label_permutation	0.9956607118185752	0.9441881918819188	2167	4	11-20	0.999899083543585
ENSMUSG00000002103.17:B1	label_permutation	4.798609992587002e-115	0.0749395648670427	1240	1	>20	0.6598210965289547
ENSMUSG00000004591.17:B1	label_permutation	0.1197026737375666	0.30288543623015196	5856	4	>20	0.7318810953112224
ENSMUSG00000007458.15:B1	label_permutation	3.424519851381757e-18	0.01935659760087241	3667	2	11-20	0.5304436768848043
ENSMUSG00000013236.18:B1	label_permutation	2.99045263571172e-06	0.2984742530197076	3145	10	>20	0.7277459433406522
ENSMUSG00000017299.14:B1	label_permutation	0.2353626784931419	0.34451700067552354	4440	3	>20	0.7461975512503962
ENSMUSG00000019856.15:B1	label_permutation	2.0448456199127125e-08	0.12495337560611712	5361	6	>20	0.6716996336354654
ENSMUSG00000020331.10:B1	label_permutation	0.2027846349699506	0.46386946386946387	428	4	6-10	0.791460707496781
ENSMUSG00000020745.16:B1	label_permutation	0.3485943995962411	0.6489095459420808	2796	7	>20	0.870748617082928
ENSMUSG00000021193.11:B1	label_permutation	0.9785832453291644	0.8910705139149735	5856	4	>20	0.9772800954700314
ENSMUSG00000021820.19:B1	label_permutation	0.9509683373020552	0.8574355472084685	5856	4	>20	0.962746552341033
ENSMUSG00000022391.17:B1	label_permutation	4.665163480159011e-06	0.276657824933687	3769	8	>20	0.724480368316683
ENSMUSG00000022811.18:B1	label_permutation	2.934119456011452e-26	0.027488475328666554	5856	4	>20	0.5555891387375083
ENSMUSG00000024083.17:B2	label_permutation	0.6447790390612196	0.7368519209250279	5361	6	>20	0.9158081887293418
ENSMUSG00000024603.9:B1	label_permutation	0.0515155169993171	0.29438822447102114	1086	5	11-20	0.7277459433406522
ENSMUSG00000025138.15:B1	label_permutation	0.0523641833766689	0.2482499573160321	5856	4	>20	0.7127381867912488
ENSMUSG00000025658.17:B1	label_permutation	3.269995056821021e-42	0.04101061882094471	2730	12	>20	0.5693986502293021
ENSMUSG00000026259.15:B1	label_permutation	0.1403137795690516	0.36586072100767336	6906	5	>20	0.7592365603115052
ENSMUSG00000026792.17:B1	label_permutation	0.6423528523840955	0.5338739210044467	3822	1	11-20	0.817574158207151
ENSMUSG00000027291.16:B1	label_permutation	1.0	1.0	5856	4	>20	1.0
ENSMUSG00000028410.14:B1	label_permutation	0.0251660570978397	0.2449688721586796	6906	5	>20	0.7122255230009176
ENSMUSG00000028917.15:B1	label_permutation	1.8260017695680748e-39	0.03209549071618037	3769	8	>20	0.5627402900130172
ENSMUSG00000029364.16:B1	label_permutation	0.7328178865281745	0.6176207513416816	2235	1	6-10	0.8598588372868904
ENSMUSG00000029822.16:B1	label_permutation	0.1611828958099187	0.18650274653413548	3822	1	11-20	0.6941130972279578
ENSMUSG00000030513.15:B1	label_permutation	0.95158222003952	0.8582892265665016	5856	4	>20	0.962746552341033
ENSMUSG00000031292.15:B1	label_permutation	1.0706881333437288e-42	0.020021451555237754	2796	7	>20	0.5304436768848043
ENSMUSG00000031822.21:B1	label_permutation	4.580440453910209e-37	0.19953596287703015	430	20	>20	0.6994035248150303
ENSMUSG00000032261.17:B1	label_permutation	0.9982476953659148	0.9470355731225296	2529	3	11-20	1.0
ENSMUSG00000032625.15:B1	label_permutation	4.078797489175696e-05	0.16430436404326743	5361	6	>20	0.6847722369731165
ENSMUSG00000033597.10:B1	label_permutation	0.0113251018686504	0.3643189131212013	2796	7	>20	0.7579422641644437
ENSMUSG00000034295.11:B1	label_permutation	0.386292274934874	0.3983016579053781	2472	2	>20	0.7673591837790603
ENSMUSG00000035033.16:B1	label_permutation	1.2219355143194078e-05	0.1708299758259468	1240	1	>20	0.6865745742860391
ENSMUSG00000036046.15:B1	label_permutation	0.0324748174347002	0.3289817232375979	5361	6	>20	0.7421633546983134
ENSMUSG00000036918.17:B1	label_permutation	0.8986813859578586	0.7969379532634971	1240	1	>20	0.9406626887956651
ENSMUSG00000037747.10:B1	label_permutation	2.044492871262503e-06	0.1088560885608856	2167	4	11-20	0.6716996336354654
ENSMUSG00000038365.9:B1	label_permutation	6.330392165093808e-41	0.02139157847331682	4440	3	>20	0.5304436768848043
ENSMUSG00000039069.20:B1	label_permutation	0.7888448047024769	0.6761019005256773	2472	2	>20	0.8841170796131632
ENSMUSG00000039887.12:B1	label_permutation	0.9329726734145676	0.655774647887324	1774	1	1-5	0.8729493357351947
ENSMUSG00000040722.8:B1	label_permutation	0.2719253357149521	0.451281308817142	6906	5	>20	0.7882989098962725
ENSMUSG00000041609.17:B1	label_permutation	4.244630085469053e-46	0.017878426698450536	838	14	>20	0.5304436768848043
ENSMUSG00000042680.9:B1	label_permutation	0.950169527596628	0.8818342151675485	566	3	6-10	0.9754015534112878
ENSMUSG00000045071.15:B1	label_permutation	1.580131872669957e-07	0.22059349302824455	2796	7	>20	0.7091982855276581
ENSMUSG00000047907.12:B1	label_permutation	6.023060300228188e-50	0.011472275334608031	2091	9	>20	0.5304436768848043
ENSMUSG00000050587.15:B1	label_permutation	0.0620136140751588	0.506896551724138	3769	8	>20	0.8090451962935411
ENSMUSG00000052727.7:B1	label_permutation	1.0	1.0	2730	12	>20	1.0
ENSMUSG00000055022.15:B1	label_permutation	0.6828847863898171	0.8040757954951734	2796	7	>20	0.9423909852035474
ENSMUSG00000057193.9:B1	label_permutation	0.9992528576768794	0.9509881422924901	2529	3	11-20	1.0
ENSMUSG00000059208.16:B1	label_permutation	0.3171385775660932	0.39292952037829315	4440	3	>20	0.7659655217138764
ENSMUSG00000061601.16:B1	label_permutation	6.314858828312282e-06	0.4185280117173197	2730	12	>20	0.7760797509700331
ENSMUSG00000064105.14:B1	label_permutation	0.4496494810088973	0.47193675889328063	2529	3	11-20	0.7926722340846395
ENSMUSG00000069565.13:B1	label_permutation	0.3562954565972639	0.31449814126394054	1344	2	6-10	0.7361177922528548
ENSMUSG00000074575.5:B1	label_permutation	0.9878693343219158	0.9271019677996423	2235	1	6-10	0.9922829233603937
ENSMUSG00000085845.8:B1	label_permutation	0.999999999999917	0.9866412213740458	3667	2	11-20	1.0
ENSMUSG00000118665.1:B1	label_permutation	0.7307706346536329	0.6131406761177753	3667	2	11-20	0.8589329421606176
ENSMUSG00000039607.18:B2	label_permutation	0.4716192252898407	0.3931297709923664	3667	2	11-20	0.7659655217138764
ENSMUSG00000039607.18:B3	label_permutation	0.6861548265433075	0.579062159214831	3667	2	11-20	0.8414028200767314
ENSMUSG00000039607.18:B4	label_permutation	0.950229810466888	0.8495092693565977	3667	2	11-20	0.9591716385513471
ENSMUSG00000072769.8:B1	label_permutation	7.651634632743772e-11	0.2936653240571219	2730	12	>20	0.7277459433406522
ENSMUSG00000072769.8:B2	label_permutation	0.3429756063917545	0.5854158895934353	5361	6	>20	0.8454332464131781
ENSMUSG00000072769.8:B3	label_permutation	0.4691996571683658	0.47669443818959695	4440	3	>20	0.7939598901843806
ENSMUSG00000072769.8:B4	label_permutation	0.4275048587734593	0.4512497185318622	4440	3	>20	0.7882989098962725
ENSMUSG00000020836.16:B1	label_permutation	0.3981245882759579	0.470206590404644	5856	4	>20	0.7926722340846395
ENSMUSG00000020836.16:B2	label_permutation	0.2190582543483529	0.3675943315690627	5856	4	>20	0.759498759593972
ENSMUSG00000020836.16:B3	label_permutation	0.9949901766052014	0.9672462596037201	2472	2	>20	1.0
ENSMUSG00000025964.16:B1	label_permutation	6.735096532458351e-09	0.12159641924654979	5361	6	>20	0.6716996336354654
ENSMUSG00000025964.16:B2	label_permutation	0.0104616682370087	0.6210179421457341	2730	12	>20	0.860790285075356
ENSMUSG00000025964.16:B3	label_permutation	0.1839790405038796	0.4822827303245058	5361	6	>20	0.7963077475435613
ENSMUSG00000030889.15:B1	label_permutation	0.0188503791938972	0.168216740800647	2472	2	>20	0.6847722369731165
ENSMUSG00000030889.15:B2	label_permutation	0.251925144891013	0.31990330378726833	1240	1	>20	0.7379980072460015
ENSMUSG00000030889.15:B3	label_permutation	0.4066913654967926	0.42868654311039484	1240	1	>20	0.7803995295754584
ENSMUSG00000039652.17:B1	label_permutation	0.0004440947766859	0.7201834862385321	435	15	>20	0.9056791767803514
ENSMUSG00000039652.17:B2	label_permutation	0.9830591639651044	0.9083538439264515	6906	5	>20	0.9825822453164573
ENSMUSG00000039652.17:B3	label_permutation	0.1133339018383281	0.3445779643839583	6906	5	>20	0.7461975512503962
ENSMUSG00000061186.16:B1	label_permutation	0.4645047390973085	0.6467780429594272	1256	6	11-20	0.8702938740420001
ENSMUSG00000061186.16:B2	label_permutation	0.5848254516570786	0.5074807925596442	2472	2	>20	0.8090451962935411
ENSMUSG00000061186.16:B3	label_permutation	0.8714373068020128	0.7638722895680382	5856	4	>20	0.9280188903091731
ENSMUSG00000014195.17:B1	label_permutation	2.1259669467882042e-42	0.17543859649122806	56	16	11-20	0.6888355586218554
ENSMUSG00000014195.17:B2	label_permutation	1.7998004604344255e-25	0.011531365313653136	2167	4	11-20	0.5304436768848043
ENSMUSG00000020823.17:B1	label_permutation	0.6073190431695648	0.5707700187809459	5856	4	>20	0.8346354166666666
ENSMUSG00000020823.17:B2	label_permutation	0.280469198875062	0.6607427055702918	3769	8	>20	0.8757595213025501
ENSMUSG00000024044.20:B1	label_permutation	3.6805320207116936e-05	0.5840286054827175	838	14	>20	0.8447892820119127
ENSMUSG00000024044.20:B4	label_permutation	2.6738865852005833e-08	0.636986301369863	145	21	>20	0.8669625602138451
ENSMUSG00000027281.17:B1	label_permutation	0.2692409462600575	0.5412159641924655	5361	6	>20	0.8206386545317301
ENSMUSG00000027281.17:B2	label_permutation	0.5577666961091441	0.5282594010358027	4440	3	>20	0.8148719459982858
ENSMUSG00000032009.9:B1	label_permutation	0.0160797481122094	0.6418894177956792	2730	12	>20	0.8680883840706338
ENSMUSG00000032009.9:B2	label_permutation	0.882137963003155	0.7753115929656821	5856	4	>20	0.9316612527147872
ENSMUSG00000036561.10:B1	label_permutation	0.0030366305993037	0.438652256834075	3145	10	>20	0.783532116407044
ENSMUSG00000036561.10:B2	label_permutation	6.177398952781227e-10	0.09237005936006949	6906	5	>20	0.6716996336354654
ENSMUSG00000040612.14:B1	label_permutation	0.7425486795528806	0.8255273507329282	2796	7	>20	0.9511671850500901
ENSMUSG00000047193.17:B1	label_permutation	2.050388589630563e-45	0.020642201834862386	435	15	>20	0.5304436768848043
ENSMUSG00000047193.17:B2	label_permutation	6.531731687390423e-32	0.06993006993006994	3145	10	>20	0.658935462200628
ENSMUSG00000059824.13:B1	label_permutation	0.0169538940726666	0.38095238095238093	83	6	1-5	0.7631707880514113
ENSMUSG00000059824.13:B3	label_permutation	0.1133574098470111	0.4393063583815029	172	3	1-5	0.783940816070122
ENSMUSG00000110195.2:B1	label_permutation	0.5339026474755115	0.3775	799	2	1-5	0.7631707880514113
ENSMUSG00000110195.2:B2	label_permutation	0.23268057237472	0.19154929577464788	1774	1	1-5	0.6961513711090555
ENSMUSG00000002107.19:B1	label_permutation	4.693679483478661e-44	0.13086770981507823	702	24	>20	0.6716996336354654
ENSMUSG00000004677.19:B1	label_permutation	4.229764060661351e-33	0.07329281372899535	2796	7	>20	0.658935462200628
ENSMUSG00000007476.19:B1	label_permutation	0.0246982216151136	0.24438974952946285	6906	5	>20	0.7122255230009176
ENSMUSG00000013539.15:B1	label_permutation	7.852383648859592e-41	0.007818155494425945	6906	5	>20	0.5304436768848043
ENSMUSG00000017314.13:B1	label_permutation	0.8777657262012364	0.8002026929202258	6906	5	>20	0.9406626887956651
ENSMUSG00000019864.15:B1	label_permutation	0.999998419827774	0.9731663685152058	2235	1	6-10	1.0
ENSMUSG00000020359.14:B1	label_permutation	0.8427331672801948	0.7766034457796438	6906	5	>20	0.9322149976493477
ENSMUSG00000020770.14:B1	label_permutation	0.3361471734783397	0.48515998262632115	6906	5	>20	0.7967563669451726
ENSMUSG00000021196.15:B1	label_permutation	0.9825186748445396	0.9074851599826264	6906	5	>20	0.9825822453164573
ENSMUSG00000021870.18:B1	label_permutation	0.6967216937097394	0.6835326586936522	1086	5	11-20	0.8863198373552182
ENSMUSG00000022394.15:B1	label_permutation	0.0116114100630742	0.10387131952017448	3667	2	11-20	0.6716996336354654
ENSMUSG00000022812.15:B1	label_permutation	5.991144517611755e-09	0.23935155753337573	3145	10	>20	0.7102004579935987
ENSMUSG00000024095.16:B1	label_permutation	0.0003070017199925	0.12685675260372203	5856	4	>20	0.6716996336354654
ENSMUSG00000025139.15:B1	label_permutation	0.1138256359046149	0.44508670520231214	172	3	1-5	0.787842097864509
ENSMUSG00000025666.17:B1	label_permutation	0.1014196763996849	0.16034527857703373	3822	1	11-20	0.6847722369731165
ENSMUSG00000026305.16:B1	label_permutation	0.0317097594379805	0.19815356901598738	4440	3	>20	0.6994035248150303
ENSMUSG00000026797.17:B1	label_permutation	7.668468007141369e-06	0.2958891013384321	2091	9	>20	0.7277459433406522
ENSMUSG00000027298.18:B1	label_permutation	0.8938045369562397	0.8769116001491981	5361	6	>20	0.9732135418920238
ENSMUSG00000027865.11:B1	label_permutation	4.699568725553315e-09	0.06086956521739131	2529	3	11-20	0.6349169789338434
ENSMUSG00000028413.14:B1	label_permutation	0.9176476849910472	0.806434023991276	3667	2	11-20	0.9432709920726544
ENSMUSG00000028944.15:B1	label_permutation	0.4569758521809962	0.4310553983016579	2472	2	>20	0.7803995295754584
ENSMUSG00000029389.18:B1	label_permutation	1.01796548412784e-28	0.05054589567327133	2472	2	>20	0.6104246415972379
ENSMUSG00000029823.17:B1	label_permutation	0.002683240389928	0.22734054457292055	5361	6	>20	0.7091982855276581
ENSMUSG00000030516.15:B1	label_permutation	2.094169416420914e-08	0.21129781909188416	2796	7	>20	0.706159550409116
ENSMUSG00000031309.16:B1	label_permutation	0.8412646949614734	0.6960502223384777	3822	1	11-20	0.8923363850379284
ENSMUSG00000031824.16:B2	label_permutation	0.3728255113385261	0.6632105827672506	2796	7	>20	0.8772516206691486
ENSMUSG00000032267.9:B1	label_permutation	3.1937638601858004e-26	0.05203282357329355	5361	6	>20	0.6104246415972379
ENSMUSG00000032637.16:B1	label_permutation	7.912542131764936e-05	0.32552581261950286	2091	9	>20	0.7414944665977521
ENSMUSG00000033610.17:B1	label_permutation	0.0639339303427677	0.5098143236074271	3769	8	>20	0.8100343024173249
ENSMUSG00000034300.18:B1	label_permutation	9.802606170143948e-07	0.07430830039525692	2529	3	11-20	0.658935462200628
ENSMUSG00000035051.16:B1	label_permutation	0.999870116508392	0.9808601666291376	4440	3	>20	1.0
ENSMUSG00000036053.18:B1	label_permutation	0.8404973156097624	0.7292506043513296	1240	1	>20	0.911839503285207
ENSMUSG00000036948.18:B1	label_permutation	0.0486202028114936	0.13327370304114491	2235	1	6-10	0.6716996336354654
ENSMUSG00000038368.17:B1	label_permutation	0.0038688191994786	0.1831180811808118	2167	4	11-20	0.6917315104013201
ENSMUSG00000039087.18:B1	label_permutation	1.7882407543077172e-09	0.4100119189511323	838	14	>20	0.7731985024069317
ENSMUSG00000039910.11:B1	label_permutation	0.947855934149634	0.6940845070422536	1774	1	1-5	0.8913342359626332
ENSMUSG00000040724.6:B1	label_permutation	3.21656947280443e-30	0.1296228487733431	2730	12	>20	0.6716996336354654
ENSMUSG00000041645.15:B1	label_permutation	5.840204431348544e-14	0.20650095602294455	2091	9	>20	0.7033559673028593
ENSMUSG00000042688.17:B1	label_permutation	0.3656356171638737	0.4492060781970292	5856	4	>20	0.7882194114557239
ENSMUSG00000045078.13:B1	label_permutation	0.8692795722198321	0.7762915129151291	2167	4	11-20	0.9320899166310368
ENSMUSG00000047921.19:B1	label_permutation	0.5314751033624152	0.43702290076335876	3667	2	11-20	0.7830757215815937
ENSMUSG00000050663.9:B1	label_permutation	0.9332489117166384	0.8331990330378727	1240	1	>20	0.9527431348728173
ENSMUSG00000052798.14:B1	label_permutation	0.954029426845344	0.8576881134133042	3667	2	11-20	0.962746552341033
ENSMUSG00000055026.14:B1	label_permutation	0.5442084796770869	0.5194775951362306	4440	3	>20	0.8136743612203561
ENSMUSG00000057229.12:B1	label_permutation	0.9995064144254648	0.929368029739777	1344	2	6-10	0.9932045376388903
ENSMUSG00000059248.14:B1	label_permutation	3.369597851492492e-43	0.024630541871921183	202	15	11-20	0.5483423779172124
ENSMUSG00000061603.9:B1	label_permutation	0.0015847612618893	0.4195804195804196	3145	10	>20	0.7769943634574258
ENSMUSG00000064115.14:B1	label_permutation	4.786451347533515e-19	0.0731070496083551	5361	6	>20	0.658935462200628
ENSMUSG00000074579.15:B1	label_permutation	0.6066462923402949	0.5705992829093393	5856	4	>20	0.8346354166666666
ENSMUSG00000085862.3:B1	label_permutation	0.6729083163509458	0.6119173638381424	5856	4	>20	0.8582910945738498
ENSMUSG00000097452.3:B1	label_permutation	0.066364474403769	0.24738114423851731	1240	1	>20	0.7127381867912488
ENSMUSG00000119984.1:B1	label_permutation	1.43178846928508e-34	0.01570770018780946	5856	4	>20	0.5304436768848043
ENSMUSG00000068036.17:B1	label_permutation	1.6143922707938357e-18	0.2021237641889418	2730	12	>20	0.7004621913712823
ENSMUSG00000068036.17:B2	label_permutation	0.0993451444236952	0.41570309585975385	5361	6	>20	0.7742879996358305
ENSMUSG00000068036.17:B3	label_permutation	8.634330310312561e-46	0.007832898172323759	5361	6	>20	0.5304436768848043
ENSMUSG00000068036.17:B5	label_permutation	0.3109914735610923	0.5654606490115629	5361	6	>20	0.831876043316355
ENSMUSG00000068036.17:B6	label_permutation	0.0074466318343942	0.8647990255785627	820	18	>20	0.9674278802720048
ENSMUSG00000079179.11:B2	label_permutation	0.5195242804423063	0.37125	799	2	1-5	0.7605406188729243
ENSMUSG00000079179.11:B3	label_permutation	0.9932785952919996	0.8208450704225352	1774	1	1-5	0.9490161893805502
ENSMUSG00000079179.11:B4	label_permutation	0.0755418939316618	0.14221824686940965	2235	1	6-10	0.6746982879173822
ENSMUSG00000020859.17:B1	label_permutation	9.707589657962742e-36	0.2966507177033493	208	22	>20	0.7277459433406522
ENSMUSG00000020859.17:B2	label_permutation	1.4568385185953296e-75	0.05154639175257732	96	33	>20	0.6104246415972379
ENSMUSG00000020859.17:B3	label_permutation	4.2378524268746406e-39	0.11142454160789844	708	11	>20	0.6716996336354654
ENSMUSG00000026074.16:B1	label_permutation	0.1542478069984374	0.4604625139873182	5361	6	>20	0.7913805776931528
ENSMUSG00000026074.16:B2	label_permutation	0.0045365553017915	0.24449832152182022	5361	6	>20	0.7122255230009176
ENSMUSG00000026074.16:B3	label_permutation	8.37934181922838e-05	0.46649578908824607	2730	12	>20	0.7921077007283904
ENSMUSG00000031134.17:B1	label_permutation	0.4034977473729535	0.44861660079051385	2529	3	11-20	0.7882194114557239
ENSMUSG00000031134.17:B3	label_permutation	0.3247340825953823	0.40632411067193674	2529	3	11-20	0.7726231734779496
ENSMUSG00000031134.17:B4	label_permutation	0.5600252196069246	0.7123745819397993	298	6	6-10	0.9007133992070726
ENSMUSG00000039985.15:B2	label_permutation	0.0012518864236098	0.0834423227831546	3822	1	11-20	0.6638844888509808
ENSMUSG00000039985.15:B3	label_permutation	0.0369407859072623	0.12786259541984732	3667	2	11-20	0.6716996336354654
ENSMUSG00000061689.16:B1	label_permutation	6.205333869773974e-32	0.49612403100775193	128	30	>20	0.8037050300513626
ENSMUSG00000061689.16:B2	label_permutation	1.8154416297695042e-07	0.2692307692307692	3145	10	>20	0.7203360339025302
ENSMUSG00000061689.16:B3	label_permutation	1.1134095366206792e-16	0.15098537825810554	3145	10	>20	0.6815265103828622
ENSMUSG00000014496.9:B1	label_permutation	0.3138659846021767	0.4437269372693727	2167	4	11-20	0.7867920816153179
ENSMUSG00000014496.9:B2	label_permutation	0.3360823782379741	0.3176117775354417	3667	2	11-20	0.7361177922528548
ENSMUSG00000020886.18:B2	label_permutation	2.1325686039638218e-13	0.2098470363288719	2091	9	>20	0.7053545808613133
ENSMUSG00000024096.18:B1	label_permutation	0.1505812027629904	0.6783216783216783	3145	10	>20	0.8849808470788925
ENSMUSG00000024096.18:B2	label_permutation	0.5929579513569736	0.6244389749529463	6906	5	>20	0.860790285075356
ENSMUSG00000027347.19:B1	label_permutation	0.8436282601350213	0.8666428316052914	2796	7	>20	0.9680424160848748
ENSMUSG00000027347.19:B4	label_permutation	7.329501075537095e-13	0.3361144219308701	838	14	>20	0.7433093704791987
ENSMUSG00000029638.18:B2	label_permutation	0.556356996260366	0.47998953701281716	3822	1	11-20	0.7957558710997155
ENSMUSG00000032087.12:B1	label_permutation	0.9273775124959054	0.9059706828745084	2796	7	>20	0.9825822453164573
ENSMUSG00000032087.12:B2	label_permutation	0.0203411333168804	0.8045292014302742	838	14	>20	0.9423909852035474
ENSMUSG00000036570.15:B2	label_permutation	0.9138442708052998	0.785778175313059	2235	1	6-10	0.9364639236732261
ENSMUSG00000040624.19:B1	label_permutation	0.0217972804241077	0.3950617283950617	80	4	1-5	0.7659655217138764
ENSMUSG00000040624.19:B2	label_permutation	0.9997422702461412	0.89125	799	2	1-5	0.9772800954700314
ENSMUSG00000047417.19:B1	label_permutation	1.3140484305756099e-16	0.08280492353599403	5361	6	>20	0.6634744498321522
ENSMUSG00000047417.19:B2	label_permutation	1.5139468914357074e-16	0.08280492353599403	5361	6	>20	0.6634744498321522
ENSMUSG00000059895.14:B1	label_permutation	3.2366425296755714e-05	0.13155473781048757	1086	5	11-20	0.6716996336354654
ENSMUSG00000059895.14:B2	label_permutation	0.4864242038665853	0.44399514759401537	2472	2	>20	0.7867920816153179
ENSMUSG00000110246.3:B1	label_permutation	0.8918372743192151	0.8034226525557306	4440	3	>20	0.9423909852035474
ENSMUSG00000110246.3:B2	label_permutation	0.9862026265986076	0.948899664304364	5361	6	>20	1.0
ENSMUSG00000002265.18:B1	label_permutation	6.549834980370971e-44	0.03441962651043574	2730	12	>20	0.5627402900130172
ENSMUSG00000004843.8:B1	label_permutation	0.9820482657779088	0.9108030342662831	3822	1	11-20	0.9829790631555957
ENSMUSG00000007610.16:B1	label_permutation	0.0334978315113581	0.11143081349725346	3822	1	11-20	0.6716996336354654
ENSMUSG00000013593.13:B1	label_permutation	0.730897826381712	0.6003138896154853	3822	1	11-20	0.8524077287040134
ENSMUSG00000017390.16:B1	label_permutation	0.589733885304224	0.5632411067193676	2529	3	11-20	0.8310183263662547
ENSMUSG00000019883.12:B1	label_permutation	0.5115403583003431	0.44598482866858485	3822	1	11-20	0.787950087522443
ENSMUSG00000020362.14:B1	label_permutation	0.3750146773176652	0.33228980322003576	2235	1	6-10	0.7421633546983134
ENSMUSG00000020774.10:B1	label_permutation	0.3546003327539589	0.30143112701252234	2235	1	6-10	0.7318810953112224
ENSMUSG00000021198.17:B1	label_permutation	5.925221967484076e-09	0.20629245620307474	2796	7	>20	0.7033559673028593
ENSMUSG00000021910.16:B1	label_permutation	7.917819198048984e-19	0.5502392344497608	208	22	>20	0.826763331772505
ENSMUSG00000022403.16:B1	label_permutation	0.0576434814144883	0.5026525198938993	3769	8	>20	0.8067901474581045
ENSMUSG00000022822.17:B1	label_permutation	0.1259623594934565	0.5223453700393279	2796	7	>20	0.8138069195881308
ENSMUSG00000024099.16:B1	label_permutation	2.3154200432990946e-42	0.007094252207905024	6906	5	>20	0.5304436768848043
ENSMUSG00000024613.17:B1	label_permutation	0.0807377984317384	0.3151874909512089	6906	5	>20	0.7361177922528548
ENSMUSG00000025153.10:B1	label_permutation	0.0861821909723156	0.40358075345020517	5361	6	>20	0.7709657464797492
ENSMUSG00000025738.9:B1	label_permutation	2.7840871713852475e-14	0.24826071036250458	2730	12	>20	0.7127381867912488
ENSMUSG00000026309.15:B1	label_permutation	0.8055791652350401	0.712139320471231	5856	4	>20	0.9007133992070726
ENSMUSG00000026817.15:B1	label_permutation	0.058281732274828	0.13774597495527727	2235	1	6-10	0.6737987860703265
ENSMUSG00000027303.19:B1	label_permutation	2.435467950262291e-40	0.056389600878798976	2730	12	>20	0.6216711035458747
ENSMUSG00000027889.18:B1	label_permutation	8.442573584531749e-22	0.004662004662004662	428	4	6-10	0.5304436768848043
ENSMUSG00000028416.14:B1	label_permutation	0.4724173518296025	0.3769516728624535	1344	2	6-10	0.7631707880514113
ENSMUSG00000028948.17:B1	label_permutation	0.974895124506071	0.8864765890661784	3822	1	11-20	0.9754015534112878
ENSMUSG00000029405.17:B1	label_permutation	0.249595090040364	0.4375271463732445	6906	5	>20	0.7830757215815937
ENSMUSG00000029832.17:B1	label_permutation	0.2007350946284341	0.20438282647584974	2235	1	6-10	0.7011205981629494
ENSMUSG00000030519.15:B1	label_permutation	0.7466590471575382	0.8456233421750663	3769	8	>20	0.9576759051841299
ENSMUSG00000031314.19:B1	label_permutation	0.000232685008907	0.18407310704960836	5361	6	>20	0.6917315104013201
ENSMUSG00000031826.21:B1	label_permutation	0.7791469253394435	0.6825039405539293	4440	3	>20	0.8863198373552182
ENSMUSG00000032279.12:B1	label_permutation	0.9767440149863268	0.889021683455694	5856	4	>20	0.9761038206136391
ENSMUSG00000032735.16:B1	label_permutation	0.0023779955687724	0.22379709063782172	5361	6	>20	0.7091982855276581
ENSMUSG00000033618.8:B1	label_permutation	0.755778121727953	0.6735177865612648	2529	3	11-20	0.882807288488314
ENSMUSG00000034341.18:B1	label_permutation	0.1088435765116364	0.31595940959409596	2167	4	11-20	0.7361177922528548
ENSMUSG00000035064.18:B1	label_permutation	0.8548398301235733	0.73918317832592	2472	2	>20	0.9169795192558482
ENSMUSG00000036054.16:B1	label_permutation	9.825000051281125e-07	0.27246653919694075	2091	9	>20	0.720422723262624
ENSMUSG00000036949.17:B1	label_permutation	0.681365674392621	0.6027397260273972	1240	1	>20	0.8536910197869101
ENSMUSG00000037787.15:B1	label_permutation	0.1353543011598663	0.28304435937851835	4440	3	>20	0.7246986373555707
ENSMUSG00000038369.15:B1	label_permutation	1.3790665935417981e-37	0.04397568823739721	2796	7	>20	0.5887099419424673
ENSMUSG00000039103.13:B1	label_permutation	0.9836755197598552	0.9131572063824221	3822	1	11-20	0.9835180953043515
ENSMUSG00000039943.17:B1	label_permutation	2.9192200138006776e-11	0.3314527503526093	708	11	>20	0.7421633546983134
ENSMUSG00000040725.14:B1	label_permutation	0.1895924164025784	0.4007528594179818	6906	5	>20	0.7700927087358683
ENSMUSG00000042699.12:B1	label_permutation	2.757692127894085e-24	0.1301394351090454	2796	7	>20	0.6716996336354654
ENSMUSG00000045095.17:B2	label_permutation	0.0025335645850352	0.17851455045605907	6906	5	>20	0.6907662883605332
ENSMUSG00000047976.5:B1	label_permutation	0.1720097851965717	0.4733308466989929	5361	6	>20	0.7926722340846395
ENSMUSG00000050697.10:B1	label_permutation	0.832863516666811	0.7333105685504524	5856	4	>20	0.9142441014409225
ENSMUSG00000052852.9:B1	label_permutation	1.2630350531851085e-18	0.01772082878953108	3667	2	11-20	0.5304436768848043
ENSMUSG00000055065.8:B1	label_permutation	7.453203376013591e-09	0.7780938833570412	702	24	>20	0.9332550800916984
ENSMUSG00000057230.15:B1	label_permutation	1.3803978196779958e-41	0.046869278652508235	2730	12	>20	0.5977402845246357
ENSMUSG00000059263.10:B1	label_permutation	0.2760128924843277	0.40140003414717434	5856	4	>20	0.7700927087358683
ENSMUSG00000061613.14:B1	label_permutation	1.832387830864036e-42	0.007094252207905024	6906	5	>20	0.5304436768848043
ENSMUSG00000064127.14:B2	label_permutation	1.7523950076416782e-53	0.008178844056706653	3667	2	11-20	0.5304436768848043
ENSMUSG00000069631.15:B1	label_permutation	0.9206207134750908	0.8293357933579336	2167	4	11-20	0.9511671850500901
ENSMUSG00000074657.6:B1	label_permutation	5.486061804078953e-48	0.015745148297326986	2730	12	>20	0.5304436768848043
ENSMUSG00000085888.9:B1	label_permutation	0.9920654070961776	0.9440966010733453	2235	1	6-10	0.999899083543585
ENSMUSG00000097466.10:B1	label_permutation	0.2066265912963197	0.2150143866073764	3822	1	11-20	0.7091982855276581
ENSMUSG00000120002.1:B1	label_permutation	0.9252938111137792	0.8287519207785555	5856	4	>20	0.9511671850500901
ENSMUSG00000020866.18:B1	label_permutation	1.3641077007488452e-05	0.12827566237150717	6906	5	>20	0.6716996336354654
ENSMUSG00000020866.18:B2	label_permutation	7.305670069857195e-06	0.08871875703670344	4440	3	>20	0.6716996336354654
ENSMUSG00000020866.18:B3	label_permutation	0.3329714491692492	0.48284349210945415	6906	5	>20	0.7963077475435613
ENSMUSG00000020866.18:B4	label_permutation	7.030198921097705e-19	0.13413858868404324	3145	10	>20	0.6716996336354654
ENSMUSG00000020866.18:B6	label_permutation	0.6577224518834403	0.6620819458520342	6906	5	>20	0.8760724538596513
ENSMUSG00000020866.18:B7	label_permutation	7.030167666698088e-19	0.13413858868404324	3145	10	>20	0.6716996336354654
ENSMUSG00000000605.10:B2	label_permutation	0.8693242943722671	0.7845849802371542	2529	3	11-20	0.9357875614896627
ENSMUSG00000000605.10:B3	label_permutation	0.6897387303189755	0.6559040590405905	2167	4	11-20	0.8729493357351947
ENSMUSG00000016763.16:B2	label_permutation	1.1098286298088926e-05	0.10796603315810756	2472	2	>20	0.6716996336354654
ENSMUSG00000016763.16:B3	label_permutation	0.0036125911045865	0.19500402900886382	1240	1	>20	0.6994035248150303
ENSMUSG00000016763.16:B4	label_permutation	0.3560533358774735	0.40451248992747785	1240	1	>20	0.7710482337742537
ENSMUSG00000024193.9:B2	label_permutation	0.9706808376441972	0.889087656529517	2235	1	6-10	0.9761038206136391
ENSMUSG00000029207.17:B1	label_permutation	1.4412922345536128e-22	0.17283046503112412	2730	12	>20	0.6874913976902961
ENSMUSG00000029207.17:B2	label_permutation	2.5324663324850997e-34	0.02741514360313316	5361	6	>20	0.5555891387375083
ENSMUSG00000029207.17:B4	label_permutation	0.0129130271884772	0.2823573293547184	5361	6	>20	0.7246986373555707
ENSMUSG00000036636.11:B1	label_permutation	0.8085770198795561	0.7138031974780454	4440	3	>20	0.9011916001924564
ENSMUSG00000036636.11:B2	label_permutation	7.028053208779392e-07	0.0806124746678676	4440	3	>20	0.6634744498321522
ENSMUSG00000036636.11:B3	label_permutation	3.9208458020195983e-17	0.03579952267303103	1256	6	11-20	0.5627402900130172
ENSMUSG00000052752.16:B1	label_permutation	0.0024491490155808	0.356763925729443	3769	8	>20	0.7537910234770694
ENSMUSG00000052752.16:B2	label_permutation	0.0030386837307103	0.15622332252006146	5856	4	>20	0.6847722369731165
ENSMUSG00000052752.16:B5	label_permutation	9.598048210952788e-09	0.07495304763530818	5856	4	>20	0.6598210965289547
ENSMUSG00000004319.16:B1	label_permutation	0.8251550865603159	0.9119516846789574	3145	10	>20	0.9833999541346988
ENSMUSG00000004319.16:B2	label_permutation	0.322779460422039	0.4780657304184161	6906	5	>20	0.7947687782094973
ENSMUSG00000019978.17:B1	label_permutation	2.2521980898757137e-42	0.029556650246305417	202	15	11-20	0.5610967237053351
ENSMUSG00000019978.17:B2	label_permutation	1.5700035037179608e-24	0.013799448022079117	1086	5	11-20	0.5304436768848043
ENSMUSG00000022641.16:B1	label_permutation	0.7475001667871431	0.6259541984732825	3667	2	11-20	0.8618154306687998
ENSMUSG00000022641.16:B2	label_permutation	0.7733758718705834	0.6343185979597175	3822	1	11-20	0.8649721690180984
ENSMUSG00000026384.14:B2	label_permutation	2.902086208272619e-122	0.004953839225399685	4440	3	>20	0.5304436768848043
ENSMUSG00000028745.19:B1	label_permutation	0.6989027363826322	0.6619003690036901	2167	4	11-20	0.8760724538596513
ENSMUSG00000028745.19:B2	label_permutation	0.5061989240521968	0.42011995637949834	3667	2	11-20	0.7771710419815723
ENSMUSG00000031284.17:B1	label_permutation	0.0007185813872727	0.3356164383561644	583	8	11-20	0.7432926746811992
ENSMUSG00000031284.17:B2	label_permutation	0.0265122953074351	0.24077490774907748	2167	4	11-20	0.7102004579935987
ENSMUSG00000034201.14:B1	label_permutation	0.8668776907086527	0.7003717472118959	1344	2	6-10	0.8932952232574893
ENSMUSG00000034201.14:B2	label_permutation	0.9965334567968468	0.9584078711985689	2235	1	6-10	1.0
ENSMUSG00000039217.14:B1	label_permutation	0.952817272045518	0.8441014909756736	3822	1	11-20	0.95684131707921
ENSMUSG00000039217.14:B2	label_permutation	0.9528172683006084	0.8438399162961026	3822	1	11-20	0.95684131707921
ENSMUSG00000055407.15:B1	label_permutation	3.40669699682948e-20	0.30800542740841247	736	16	>20	0.7329591912450679
ENSMUSG00000078517.13:B1	label_permutation	1.894761688675801e-29	0.08010171646535283	3145	10	>20	0.6634744498321522
ENSMUSG00000078517.13:B3	label_permutation	0.1068947005325932	0.3389315187490951	6906	5	>20	0.7445807850839993
ENSMUSG00000001729.15:B1	label_permutation	5.047281892526298e-11	0.039627039627039624	428	4	6-10	0.5677768959471334
ENSMUSG00000003970.10:B1	label_permutation	0.9891338499397756	0.9347048300536672	2235	1	6-10	0.9953839940342882
ENSMUSG00000006288.9:B1	label_permutation	0.5956299604121059	0.5550551677550102	4440	3	>20	0.8296596150748978
ENSMUSG00000010097.16:B1	label_permutation	0.7053850308881788	0.6367588932806324	2529	3	11-20	0.8669625602138451
ENSMUSG00000016150.16:B1	label_permutation	2.9806409175335343e-22	0.025758969641214352	1086	5	11-20	0.5483423779172124
ENSMUSG00000018909.16:B1	label_permutation	0.1388822705797782	0.3648472564065441	6906	5	>20	0.7582536542362961
ENSMUSG00000020181.19:B1	label_permutation	4.808122553630018e-13	0.1896551724137931	3769	8	>20	0.695247351814289
ENSMUSG00000020623.12:B1	label_permutation	0.0674801172749076	0.4640686449767608	2796	7	>20	0.791460707496781
ENSMUSG00000021087.19:B1	label_permutation	2.4430351211308015e-45	0.02055449330783939	2091	9	>20	0.5304436768848043
ENSMUSG00000021670.15:B1	label_permutation	0.4814051312046775	0.5081099539013146	5856	4	>20	0.8090451962935411
ENSMUSG00000022240.11:B1	label_permutation	0.0010893344999976	0.4078194532739987	3145	10	>20	0.7727217214989786
ENSMUSG00000022684.16:B1	label_permutation	0.3912666041794285	0.47924354243542433	2167	4	11-20	0.795547826454957
ENSMUSG00000023852.15:B1	label_permutation	0.9096840145356884	0.8853039910481164	5361	6	>20	0.9754015534112878
ENSMUSG00000024442.7:B1	label_permutation	0.9870583641805328	0.932447646926368	4440	3	>20	0.9947438401708543
ENSMUSG00000024943.10:B1	label_permutation	0.8963420502703441	0.7887997268226055	5856	4	>20	0.938121019074988
ENSMUSG00000025423.17:B1	label_permutation	0.6163655980700341	0.5272808586762076	2235	1	6-10	0.8148719459982858
ENSMUSG00000026123.12:B1	label_permutation	0.5376974467588038	0.59273201100333	6906	5	>20	0.8509933857752432
ENSMUSG00000026617.17:B1	label_permutation	0.9967466130424228	0.9629331184528606	1240	1	>20	1.0
ENSMUSG00000027016.18:B1	label_permutation	0.083373203569365	0.391304347826087	298	6	6-10	0.7653481003657628
ENSMUSG00000027660.17:B1	label_permutation	0.0052255615212282	0.14974104931321774	4440	3	>20	0.6791594824749595
ENSMUSG00000028180.19:B1	label_permutation	0.0003195667969389	0.34177820267686426	2091	9	>20	0.745437077003003
ENSMUSG00000028796.18:B1	label_permutation	0.2217256694601511	0.31569664902998235	566	3	6-10	0.7361177922528548
ENSMUSG00000029179.15:B1	label_permutation	0.3908682867739197	0.4300833145687908	4440	3	>20	0.7803995295754584
ENSMUSG00000029686.16:B1	label_permutation	5.41216209571509e-23	0.0462987182840701	3822	1	11-20	0.5969607728178808
ENSMUSG00000030287.16:B1	label_permutation	0.8729561634652279	0.752453653217012	3667	2	11-20	0.9228562254653174
ENSMUSG00000031012.18:B1	label_permutation	1.4293876976629395e-10	0.14634146341463414	40	10	6-10	0.6769750481719067
ENSMUSG00000031666.16:B1	label_permutation	0.240297588376279	0.43318372665411903	6906	5	>20	0.7815421718926546
ENSMUSG00000032120.12:B1	label_permutation	1.0	1.0	5361	6	>20	1.0
ENSMUSG00000032537.16:B1	label_permutation	0.0763201876418559	0.1525	799	2	1-5	0.6835839160839161
ENSMUSG00000033278.11:B1	label_permutation	0.6141533313233132	0.523655479175091	2472	2	>20	0.8138069195881308
ENSMUSG00000034118.16:B1	label_permutation	9.93142525749364e-18	0.06471695381497032	6906	5	>20	0.635415693146109
ENSMUSG00000034850.16:B1	label_permutation	0.6620664427811906	0.6059416083319106	5856	4	>20	0.8539855190532267
ENSMUSG00000035681.8:B1	label_permutation	0.9203664827247888	0.8387351778656127	2529	3	11-20	0.9553296176068271
ENSMUSG00000036578.8:B1	label_permutation	0.0025211459253305	0.19419822723609992	1240	1	>20	0.6987710069032721
ENSMUSG00000037419.10:B1	label_permutation	0.6165446357622982	0.5786561264822134	2529	3	11-20	0.8410862658464183
ENSMUSG00000038170.16:B1	label_permutation	0.0006955613771114	0.3546845124282983	2091	9	>20	0.7537910234770694
ENSMUSG00000038733.15:B1	label_permutation	1.0	1.0	2472	2	>20	1.0
ENSMUSG00000039620.18:B1	label_permutation	0.9125135565293018	0.7985278080697928	3667	2	11-20	0.9406626887956651
ENSMUSG00000040462.14:B1	label_permutation	7.46306551227681e-25	0.12148541114058356	3769	8	>20	0.6716996336354654
ENSMUSG00000041308.7:B1	label_permutation	0.8138958361381007	0.7044076021027093	2472	2	>20	0.8948688874957125
ENSMUSG00000042401.9:B1	label_permutation	0.750332813444702	0.5143661971830986	1774	1	1-5	0.8106642524624388
ENSMUSG00000044308.18:B1	label_permutation	2.2007230186027013e-22	0.14050768680729353	2796	7	>20	0.6746982879173822
ENSMUSG00000047036.9:B1	label_permutation	0.004445084200335	0.3729442970822281	3769	8	>20	0.7605406188729243
ENSMUSG00000049550.18:B1	label_permutation	0.1751906075844737	0.6152007648183556	2091	9	>20	0.8596717009467336
ENSMUSG00000052337.16:B1	label_permutation	0.0053960152519286	0.08969465648854962	3667	2	11-20	0.6716996336354654
ENSMUSG00000054423.15:B1	label_permutation	2.235826258250178e-38	0.03687002652519894	3769	8	>20	0.5627402900130172
ENSMUSG00000056537.12:B1	label_permutation	0.3894608358407347	0.4783210332103321	2167	4	11-20	0.7948986948202815
ENSMUSG00000058655.10:B1	label_permutation	0.9919599355264802	0.8868445262189513	1086	5	11-20	0.9754015534112878
ENSMUSG00000060985.16:B1	label_permutation	0.6257543316792226	0.5247188072194612	3822	1	11-20	0.8143940809386795
ENSMUSG00000063273.12:B1	label_permutation	0.8282409844560638	0.7651657738526133	6906	5	>20	0.9284830813365627
ENSMUSG00000068373.16:B2	label_permutation	1.6155605704058944e-39	0.014360313315926894	5361	6	>20	0.5304436768848043
ENSMUSG00000072294.6:B1	label_permutation	0.0010336818175	0.12134387351778655	2529	3	11-20	0.6716996336354654
ENSMUSG00000083674.5:B1	label_permutation	0.7450991555650585	0.649628462058095	4440	3	>20	0.870748617082928
ENSMUSG00000091712.3:B1	label_permutation	0.9739195727619924	0.898479427549195	2235	1	6-10	0.9794648181276089
ENSMUSG00000112941.3:B1	label_permutation	0.9909522638160028	0.9298979858749673	3822	1	11-20	0.9932045376388903
ENSMUSG00000072825.12:B2	label_permutation	0.0151019802497682	0.41856763925729445	3769	8	>20	0.7760797509700331
ENSMUSG00000072825.12:B3	label_permutation	2.7036649666216303e-09	0.11823946288698246	5361	6	>20	0.6716996336354654
ENSMUSG00000072825.12:B4	label_permutation	0.223860204070032	0.6307692307692307	3769	8	>20	0.8639381985535831
ENSMUSG00000072825.12:B5	label_permutation	0.0003010136442532	0.7611940298507462	736	16	>20	0.9258545979778527
ENSMUSG00000000127.16:B1	label_permutation	0.1503833991839141	0.2039258451472192	3667	2	11-20	0.7010479823254113
ENSMUSG00000000127.16:B2	label_permutation	0.3843370589683209	0.35129479466387653	3822	1	11-20	0.7519516476662079
ENSMUSG00000000127.16:B3	label_permutation	0.8299057888012764	0.6850640857964949	3822	1	11-20	0.8863198373552182
ENSMUSG00000002496.11:B1	label_permutation	0.0289001743381131	0.3218948153674002	5361	6	>20	0.738416174107119
ENSMUSG00000002496.11:B2	label_permutation	0.9885838492524408	0.9369511371312768	4440	3	>20	0.9963058288967096
ENSMUSG00000002496.11:B3	label_permutation	0.5978870029147726	0.5559558657959919	4440	3	>20	0.8296596150748978
ENSMUSG00000020893.18:B1	label_permutation	2.6121577537702862e-14	0.1760966306420852	3145	10	>20	0.6894813103761224
ENSMUSG00000020893.18:B2	label_permutation	0.1922492559107005	0.4023454466483278	6906	5	>20	0.7705181472945142
ENSMUSG00000020893.18:B3	label_permutation	0.2018112207462999	0.40813667294049516	6906	5	>20	0.7727217214989786
ENSMUSG00000026594.15:B2	label_permutation	0.8650011940402796	0.7810276679841898	2529	3	11-20	0.9348370761465145
ENSMUSG00000026594.15:B3	label_permutation	0.8380977306721561	0.7596837944664032	2529	3	11-20	0.9249037157580688
ENSMUSG00000031166.14:B2	label_permutation	0.000329300080293	0.1278811678333618	5856	4	>20	0.6716996336354654
ENSMUSG00000031166.14:B3	label_permutation	0.2388736961954383	0.43260460402490225	6906	5	>20	0.7811978924941144
ENSMUSG00000040111.18:B1	label_permutation	0.0001213622045463	0.7449118046132972	736	16	>20	0.9199714385012154
ENSMUSG00000040111.18:B2	label_permutation	0.0017092768811901	0.3493368700265252	3769	8	>20	0.749987816176564
ENSMUSG00000040111.18:B3	label_permutation	8.652186917272076e-47	0.009814323607427056	3769	8	>20	0.5304436768848043
ENSMUSG00000062270.15:B1	label_permutation	2.6052268607715298e-06	0.3524904214559387	521	10	11-20	0.753154533844189
ENSMUSG00000062270.15:B2	label_permutation	0.8867510829536149	0.7930082796688133	1086	5	11-20	0.9393421728811946
ENSMUSG00000062270.15:B3	label_permutation	0.8770127769922836	0.7893284268629255	1086	5	11-20	0.938121019074988
ENSMUSG00000020923.18:B1	label_permutation	2.2686462155754203e-24	0.41299303944315546	430	20	>20	0.7732164440203563
ENSMUSG00000020923.18:B2	label_permutation	2.985345008960862e-07	0.5275229357798165	435	15	>20	0.8148719459982858
ENSMUSG00000024109.19:B1	label_permutation	8.283112569112667e-63	0.1	19	44	>20	0.6716996336354654
ENSMUSG00000024109.19:B2	label_permutation	0.0282961498650475	0.6445698166431594	708	11	>20	0.8685239541374944
ENSMUSG00000027520.17:B1	label_permutation	0.1614842034166633	0.46643043640432674	5361	6	>20	0.7921077007283904
ENSMUSG00000027520.17:B2	label_permutation	0.2486669620227662	0.35419950461607747	4440	3	>20	0.7537910234770694
ENSMUSG00000029673.20:B1	label_permutation	1.7907156790917437e-22	0.2777101096224117	820	18	>20	0.7246986373555707
ENSMUSG00000029673.20:B3	label_permutation	5.3052508569390804e-14	0.20650095602294455	2091	9	>20	0.7033559673028593
ENSMUSG00000032177.18:B1	label_permutation	0.056274697575186	0.7305016477480776	2730	12	>20	0.9125169525182695
ENSMUSG00000032177.18:B2	label_permutation	0.0413216478416208	0.3440880268556509	5361	6	>20	0.7461975512503962
ENSMUSG00000040720.16:B1	label_permutation	0.0417812104044623	0.11875490452524196	3822	1	11-20	0.6716996336354654
ENSMUSG00000040720.16:B3	label_permutation	1.1452325245898006e-22	0.04682186764321214	3822	1	11-20	0.5977402845246357
ENSMUSG00000048038.9:B1	label_permutation	0.3633195125475205	0.38374443995147595	2472	2	>20	0.7631707880514113
ENSMUSG00000048038.9:B2	label_permutation	0.9238182363566976	0.8216740800646988	2472	2	>20	0.9495662496532278
ENSMUSG00000059923.14:B1	label_permutation	2.0426048304044604e-06	0.17104216388225935	1256	6	11-20	0.6865745742860391
ENSMUSG00000059923.14:B3	label_permutation	0.9993379809339752	0.9521739130434783	2529	3	11-20	1.0
ENSMUSG00000110424.3:B1	label_permutation	0.998441272496066	0.9777397260273972	583	8	11-20	1.0
ENSMUSG00000110424.3:B2	label_permutation	2.2432143118494432e-45	0.009486166007905139	2529	3	11-20	0.5304436768848043
ENSMUSG00000002342.18:B1	label_permutation	0.1691824716058787	0.18962432915921287	2235	1	6-10	0.695247351814289
ENSMUSG00000004865.17:B1	label_permutation	1.966192448317641e-26	0.05072734054457292	5361	6	>20	0.6104246415972379
ENSMUSG00000007617.19:B1	label_permutation	0.0019338665815022	0.5485170267301355	2730	12	>20	0.8263670006561997
ENSMUSG00000013698.13:B1	label_permutation	0.8789637342836246	0.7725798190199761	5856	4	>20	0.931299294312993
ENSMUSG00000017412.16:B1	label_permutation	0.8798416688441623	0.7968379446640316	2529	3	11-20	0.9406626887956651
ENSMUSG00000019891.16:B1	label_permutation	0.8205827862939687	0.7282143661337537	4440	3	>20	0.9116902513510471
ENSMUSG00000020368.16:B1	label_permutation	5.045221429560949e-28	0.13766730401529637	2091	9	>20	0.6737987860703265
ENSMUSG00000020776.19:B1	label_permutation	0.3443127253668954	0.4353764725968926	5856	4	>20	0.7828290434489334
ENSMUSG00000021209.13:B1	label_permutation	3.333280765117982e-09	0.11879895561357702	5361	6	>20	0.6716996336354654
ENSMUSG00000021911.17:B3	label_permutation	0.0461703396085273	0.5772409408773045	3145	10	>20	0.8401168023731642
ENSMUSG00000022415.13:B1	label_permutation	1.0	1.0	6906	5	>20	1.0
ENSMUSG00000022836.12:B1	label_permutation	1.7005498837663094e-26	0.009014084507042254	1774	1	1-5	0.5304436768848043
ENSMUSG00000024122.17:B1	label_permutation	1.2647277786364674e-10	0.15960912052117263	306	9	11-20	0.6847722369731165
ENSMUSG00000024614.8:B1	label_permutation	0.5265358139764513	0.5106957892366584	4440	3	>20	0.8102871309423219
ENSMUSG00000025189.10:B1	label_permutation	0.0591345425507394	0.292456927754452	6906	5	>20	0.7277459433406522
ENSMUSG00000025757.14:B1	label_permutation	0.4411416900212448	0.7028959599570969	2796	7	>20	0.8944033931467131
ENSMUSG00000026313.17:B1	label_permutation	0.994373170775079	0.9247140582018243	6906	5	>20	0.9912068750959354
ENSMUSG00000026821.17:B1	label_permutation	0.9710688018873463	0.8811188811188811	428	4	6-10	0.975229506556591
ENSMUSG00000027309.19:B1	label_permutation	8.864000447527589e-44	0.03515195898938118	2730	12	>20	0.5627402900130172
ENSMUSG00000027894.15:B1	label_permutation	1.405665926766709e-05	0.2846153846153846	3769	8	>20	0.7247838994150004
ENSMUSG00000028423.16:B1	label_permutation	0.9399981863318188	0.951048951048951	3145	10	>20	1.0
ENSMUSG00000028954.12:B1	label_permutation	0.9107860814977744	0.8275662371507166	6906	5	>20	0.9511671850500901
ENSMUSG00000029406.16:B1	label_permutation	5.795568943088752e-13	0.45676004872107184	820	18	>20	0.7912910652813838
ENSMUSG00000029838.12:B1	label_permutation	1.5136973405035106e-06	0.26684350132625995	3769	8	>20	0.7203360339025302
ENSMUSG00000030541.17:B1	label_permutation	3.224737932096005e-65	0.01778878630938978	4440	3	>20	0.5304436768848043
ENSMUSG00000031328.17:B1	label_permutation	7.325779031269165e-14	0.09212980231256994	5361	6	>20	0.6716996336354654
ENSMUSG00000031833.11:B1	label_permutation	9.424546877807225e-06	0.2816976127320955	3769	8	>20	0.7246986373555707
ENSMUSG00000032295.16:B1	label_permutation	0.1704212311457117	0.30713803197478046	4440	3	>20	0.7329591912450679
ENSMUSG00000032740.18:B1	label_permutation	1.2491292944138608e-45	0.045133991537376586	708	11	>20	0.5887099419424673
ENSMUSG00000033628.16:B1	label_permutation	1.806743502640469e-17	0.1458995549904641	3145	10	>20	0.6769750481719067
ENSMUSG00000034353.15:B1	label_permutation	1.7107419855637456e-07	0.13390525923163	5361	6	>20	0.6716996336354654
ENSMUSG00000035067.10:B1	label_permutation	0.218139426485985	0.33348344967349697	4440	3	>20	0.7421633546983134
ENSMUSG00000036062.14:B1	label_permutation	5.1860238586862236e-20	0.05776748226436948	6906	5	>20	0.6274595979491046
ENSMUSG00000036955.17:B1	label_permutation	1.0	1.0	3822	1	11-20	1.0
ENSMUSG00000037791.16:B1	label_permutation	0.3291388316647351	0.42530305617210173	5856	4	>20	0.7793201019099488
ENSMUSG00000038371.16:B1	label_permutation	0.6922659814417538	0.6167529835622607	4440	3	>20	0.8598588372868904
ENSMUSG00000039114.17:B1	label_permutation	0.0051477787015045	0.2484147706079821	5361	6	>20	0.7127381867912488
ENSMUSG00000039952.16:B1	label_permutation	2.4908768598718098e-33	0.08374384236453201	202	15	11-20	0.6638844888509808
ENSMUSG00000040731.14:B1	label_permutation	0.2914041500285314	0.4331180811808118	2167	4	11-20	0.7815421718926546
ENSMUSG00000041688.17:B1	label_permutation	0.1231962132311262	0.16225352112676056	1774	1	1-5	0.6847722369731165
ENSMUSG00000042700.17:B1	label_permutation	7.402271241256796e-31	0.3109048723897912	430	20	>20	0.7334543440657167
ENSMUSG00000045114.11:B1	label_permutation	3.083520820877754e-171	0.015310233682514102	1240	1	>20	0.5304436768848043
ENSMUSG00000050711.8:B1	label_permutation	0.5131237719207504	0.6743752331219695	5361	6	>20	0.8829945410786444
ENSMUSG00000052889.12:B1	label_permutation	0.0203213459349801	0.3066020141738157	5361	6	>20	0.7329591912450679
ENSMUSG00000055067.16:B1	label_permutation	0.9993552791623244	0.9702835332606325	3667	2	11-20	1.0
ENSMUSG00000057335.12:B1	label_permutation	8.19027750231724e-28	0.10212201591511937	3769	8	>20	0.6716996336354654
ENSMUSG00000059273.10:B1	label_permutation	1.4600972530068273e-33	0.019545388736064862	6906	5	>20	0.5304436768848043
ENSMUSG00000061665.8:B1	label_permutation	0.9662334072240408	0.8734847191394912	5856	4	>20	0.9715731122406785
ENSMUSG00000064210.8:B1	label_permutation	0.4222448917086892	0.3685932388222465	3667	2	11-20	0.7600139346437836
ENSMUSG00000069769.14:B1	label_permutation	0.1959717758601766	0.35564282055659896	5856	4	>20	0.7537910234770694
ENSMUSG00000086040.9:B2	label_permutation	0.5078555519942566	0.732213085448695	2796	7	>20	0.9133834068413385
ENSMUSG00000097497.3:B1	label_permutation	0.7848592392933101	0.7386709135659476	6906	5	>20	0.9169795192558482
ENSMUSG00000120039.1:B1	label_permutation	0.6917178748534245	0.5915891629599677	2472	2	>20	0.8502436176173527
ENSMUSG00000000631.21:B2	label_permutation	1.0	1.0	736	16	>20	1.0
ENSMUSG00000000631.21:B4	label_permutation	0.8518725791375722	0.886737400530504	3769	8	>20	0.9754015534112878
ENSMUSG00000027457.16:B1	label_permutation	4.700182113488826e-21	0.3105968331303289	820	18	>20	0.7334017588400592
ENSMUSG00000027457.16:B2	label_permutation	0.5061997321917227	0.6708317791868705	5361	6	>20	0.8803808696143575
ENSMUSG00000027457.16:B3	label_permutation	0.003188627980696	0.5664591724642988	2730	12	>20	0.8319811151709684
ENSMUSG00000027457.16:B4	label_permutation	9.251622757448173e-09	0.33833760527279383	2730	12	>20	0.7445418513286052
ENSMUSG00000002997.16:B1	label_permutation	1.0	1.0	799	2	1-5	1.0
ENSMUSG00000002997.16:B2	label_permutation	0.0003315595112032	0.10704225352112676	1774	1	1-5	0.6716996336354654
ENSMUSG00000002997.16:B3	label_permutation	0.9932767323338784	0.8208450704225352	1774	1	1-5	0.9490161893805502
ENSMUSG00000021143.11:B1	label_permutation	0.999956764043674	0.9750093248787766	5361	6	>20	1.0
ENSMUSG00000021143.11:B3	label_permutation	0.9113034456475424	0.8281453597799334	6906	5	>20	0.9511671850500901
ENSMUSG00000021143.11:B4	label_permutation	0.0296570933524393	0.6796045404613694	2730	12	>20	0.8854197366580037
ENSMUSG00000026812.17:B2	label_permutation	2.821152916999294e-29	0.08137317228226319	3145	10	>20	0.6634744498321522
ENSMUSG00000026812.17:B3	label_permutation	1.5152012311996357e-08	0.24698029243483788	3145	10	>20	0.7127381867912488
ENSMUSG00000031285.15:B1	label_permutation	2.022291365618104e-05	0.10244152296397473	5856	4	>20	0.6716996336354654
ENSMUSG00000031285.15:B2	label_permutation	0.0003424325815743	0.12575818843509906	2472	2	>20	0.6716996336354654
ENSMUSG00000031285.15:B4	label_permutation	0.3774396843296148	0.3938536190861302	2472	2	>20	0.7659655217138764
ENSMUSG00000040187.16:B1	label_permutation	0.8423436047270074	0.7563611799144336	4440	3	>20	0.9241522180299797
ENSMUSG00000040187.16:B2	label_permutation	0.4205919610268478	0.4465210538167079	4440	3	>20	0.787950087522443
ENSMUSG00000040187.16:B3	label_permutation	0.1028486078827674	0.2625534789461833	4440	3	>20	0.7175608933892629
ENSMUSG00000062785.15:B1	label_permutation	0.3874813520038361	0.6700035752592063	2796	7	>20	0.8800298921543447
ENSMUSG00000062785.15:B2	label_permutation	1.9181916149507696e-19	0.23122765196662692	838	14	>20	0.7091982855276581
ENSMUSG00000062785.15:B3	label_permutation	1.0444590005353123e-32	0.07829817661780479	2796	7	>20	0.6634744498321522
ENSMUSG00000020964.15:B1	label_permutation	0.9613990657177984	0.8754886347184017	6906	5	>20	0.9728108952975663
ENSMUSG00000020964.15:B2	label_permutation	4.842408807936791e-08	0.25842339478703114	3145	10	>20	0.7175608933892629
ENSMUSG00000024130.17:B1	label_permutation	0.0014728144469492	0.346684350132626	3769	8	>20	0.7472963416998167
ENSMUSG00000024130.17:B2	label_permutation	0.0090578170345953	0.17995560867338228	5856	4	>20	0.6917315104013201
ENSMUSG00000027525.19:B1	label_permutation	1.4230677552690895e-25	0.38264580369843526	702	24	>20	0.7631707880514113
ENSMUSG00000027525.19:B2	label_permutation	4.677469499018207e-08	0.35298425485170265	2730	12	>20	0.7534920796953329
ENSMUSG00000029687.17:B1	label_permutation	0.9645814740209848	0.8133828996282528	1344	2	6-10	0.9462403605475682
ENSMUSG00000029687.17:B2	label_permutation	0.6390396817278742	0.5961199294532628	566	3	6-10	0.8520001440483478
ENSMUSG00000032178.15:B1	label_permutation	1.0	1.0	202	15	11-20	1.0
ENSMUSG00000032178.15:B2	label_permutation	0.3579666420428547	0.5234590616375345	1086	5	11-20	0.8138069195881308
ENSMUSG00000036815.18:B1	label_permutation	2.168246079680325e-05	0.16038791495710555	5361	6	>20	0.6847722369731165
ENSMUSG00000036815.18:B2	label_permutation	0.0024193930573479	0.13352848457554606	4440	3	>20	0.6716996336354654
ENSMUSG00000040811.16:B1	label_permutation	0.86081008241338	0.8528241845664281	1256	6	11-20	0.960406877904819
ENSMUSG00000040811.16:B2	label_permutation	0.646880559619713	0.5944664031620553	2529	3	11-20	0.8514955796802711
ENSMUSG00000048148.19:B1	label_permutation	0.0124654745685891	0.1884924022537135	5856	4	>20	0.695247351814289
ENSMUSG00000048148.19:B2	label_permutation	0.1112974592741759	0.23736352608168218	2472	2	>20	0.7091982855276581
ENSMUSG00000060240.13:B1	label_permutation	0.0230443975840631	0.6053639846743295	521	10	11-20	0.8539855190532267
ENSMUSG00000060240.13:B4	label_permutation	0.190297911889037	0.4204231830726771	1086	5	11-20	0.7771710419815723
ENSMUSG00000000440.13:B1	label_permutation	0.3003171022189733	0.41335154515963807	5856	4	>20	0.7732164440203563
ENSMUSG00000002372.10:B1	label_permutation	2.791807774342083e-06	0.09441693699846337	5856	4	>20	0.6716996336354654
ENSMUSG00000007653.13:B1	label_permutation	4.3585612196903824e-17	0.052053361234632486	3822	1	11-20	0.6104246415972379
ENSMUSG00000013787.16:B1	label_permutation	0.036541432466835	0.2613290864340524	6906	5	>20	0.7175608933892629
ENSMUSG00000017421.19:B1	label_permutation	2.437856913505497e-28	0.140241669718052	2730	12	>20	0.6746982879173822
ENSMUSG00000019907.11:B1	label_permutation	0.1446919426386968	0.3681772115245403	6906	5	>20	0.7597927847480915
ENSMUSG00000020376.18:B1	label_permutation	1.0910134913813885e-17	0.5197215777262181	430	20	>20	0.8136743612203561
ENSMUSG00000020777.17:B1	label_permutation	1.582430205767647e-09	0.11674748228273032	5361	6	>20	0.6716996336354654
ENSMUSG00000021218.11:B1	label_permutation	0.6622080842312349	0.5234200743494424	1344	2	6-10	0.8138069195881308
ENSMUSG00000021913.9:B1	label_permutation	0.5231209947728701	0.5850586361662082	6906	5	>20	0.8451893433605204
ENSMUSG00000022419.17:B1	label_permutation	8.716372477392059e-21	0.03909851459791702	5856	4	>20	0.5677768959471334
ENSMUSG00000022837.15:B1	label_permutation	0.4839188829830305	0.5086221615161345	5856	4	>20	0.809154909905506
ENSMUSG00000024127.16:B1	label_permutation	0.000247971598474	0.1498479803098306	6906	5	>20	0.6791594824749595
ENSMUSG00000024617.17:B1	label_permutation	1.9791850015751565e-59	0.03556187766714083	702	24	>20	0.5627402900130172
ENSMUSG00000025198.17:B1	label_permutation	0.3473566454554915	0.5891458411040656	5361	6	>20	0.8477948738506724
ENSMUSG00000025764.15:B1	label_permutation	1.492276852361638e-13	0.13043478260869565	91	8	6-10	0.6716996336354654
ENSMUSG00000026319.14:B1	label_permutation	0.7615359796684955	0.6575010109179135	2472	2	>20	0.8736815770020162
ENSMUSG00000026824.12:B1	label_permutation	0.7362453210415261	0.7104386853916317	6906	5	>20	0.8997285863257837
ENSMUSG00000027318.18:B1	label_permutation	0.9882534939204948	0.943593875906527	1240	1	>20	0.999899083543585
ENSMUSG00000027895.11:B1	label_permutation	1.0	1.0	2472	2	>20	1.0
ENSMUSG00000028433.15:B1	label_permutation	0.6593203165201534	0.5395310796074155	3667	2	11-20	0.8206386545317301
ENSMUSG00000028969.11:B1	label_permutation	0.1620287941946746	0.2689041649818035	2472	2	>20	0.7203360339025302
ENSMUSG00000029419.9:B1	label_permutation	0.009827749458681	0.6173562797510069	2730	12	>20	0.8598588372868904
ENSMUSG00000029861.18:B1	label_permutation	0.7433766461052124	0.623773173391494	3667	2	11-20	0.860790285075356
ENSMUSG00000030555.17:B1	label_permutation	0.615443393532714	0.5254919499105546	2235	1	6-10	0.8148719459982858
ENSMUSG00000031343.14:B1	label_permutation	0.1769992585589573	0.19543828264758498	2235	1	6-10	0.6994035248150303
ENSMUSG00000031835.17:B1	label_permutation	0.4719546131477397	0.6534875046624394	5361	6	>20	0.8729493357351947
ENSMUSG00000032305.16:B1	label_permutation	0.4524049471032462	0.47470355731225294	2529	3	11-20	0.7927037073539558
ENSMUSG00000032773.10:B1	label_permutation	0.2971865704422796	0.5566952629615814	5361	6	>20	0.8300407188331657
ENSMUSG00000033676.14:B1	label_permutation	3.1682718958157155e-39	0.03933253873659118	838	14	>20	0.5677768959471334
ENSMUSG00000034354.18:B1	label_permutation	4.958921040180095e-19	0.03955841766329347	1086	5	11-20	0.5677768959471334
ENSMUSG00000035126.20:B2	label_permutation	0.0003539241349155	0.10853411393830219	4440	3	>20	0.6716996336354654
ENSMUSG00000036067.13:B1	label_permutation	0.9466166083886108	0.8323306303949778	3822	1	11-20	0.9522354764360698
ENSMUSG00000036959.16:B1	label_permutation	0.3487392242476038	0.31232016740779495	3822	1	11-20	0.7348613482741352
ENSMUSG00000037795.15:B1	label_permutation	0.977588242103278	0.8898753628137271	5856	4	>20	0.9765432693963292
ENSMUSG00000038383.17:B1	label_permutation	0.0965968500892675	0.41271913465124954	5361	6	>20	0.7732164440203563
ENSMUSG00000039117.17:B1	label_permutation	0.0325791049471501	0.20018013960819636	4440	3	>20	0.6994035248150303
ENSMUSG00000039953.14:B1	label_permutation	0.0047309704467496	0.5869644818747711	2730	12	>20	0.8463077217776664
ENSMUSG00000040759.10:B1	label_permutation	0.620766517970817	0.42028169014084504	1774	1	1-5	0.7771710419815723
ENSMUSG00000041762.17:B1	label_permutation	0.0923053594936089	0.14803220035778175	2235	1	6-10	0.6770850999035339
ENSMUSG00000042724.9:B1	label_permutation	0.8408023399306488	0.7552353073632064	4440	3	>20	0.9233863203939469
ENSMUSG00000045178.11:B1	label_permutation	0.9283644647300796	0.8265264860493328	2472	2	>20	0.9511671850500901
ENSMUSG00000048000.16:B1	label_permutation	0.2095587368775392	0.49944050727340544	5361	6	>20	0.8048246980763529
ENSMUSG00000050751.16:B1	label_permutation	9.234846621031304e-12	0.2021614748887476	3145	10	>20	0.7004621913712823
ENSMUSG00000052915.15:B1	label_permutation	0.0376316875427563	0.5651621106166561	3145	10	>20	0.8317908936643518
ENSMUSG00000055116.9:B1	label_permutation	2.62597638896872e-33	0.019979730707977414	6906	5	>20	0.5304436768848043
ENSMUSG00000057406.17:B1	label_permutation	0.6997139890662923	0.6281372716407717	5856	4	>20	0.8632318339516517
ENSMUSG00000059326.8:B1	label_permutation	0.3143171954479953	0.2791001831022757	3822	1	11-20	0.7246986373555707
ENSMUSG00000061751.17:B1	label_permutation	2.899784926088668e-51	0.5714285714285714	97	40	>20	0.8346354166666666
ENSMUSG00000064289.16:B1	label_permutation	0.0233944441284462	0.2101758579477548	5856	4	>20	0.7053545808613133
ENSMUSG00000069808.14:B1	label_permutation	0.8083965603445844	0.7138031974780454	4440	3	>20	0.9011916001924564
ENSMUSG00000074736.11:B1	label_permutation	0.8831121592284179	0.9023872679045093	3769	8	>20	0.9818918707368892
ENSMUSG00000086370.11:B1	label_permutation	0.0315978580686923	0.3273032450578143	5361	6	>20	0.7421633546983134
ENSMUSG00000097520.4:B1	label_permutation	0.9879080204301126	0.9148689735051397	6906	5	>20	0.9845058920874592
ENSMUSG00000120166.1:B1	label_permutation	0.5292542046967005	0.5127223598288674	4440	3	>20	0.8105527269044539
ENSMUSG00000004040.17:B2	label_permutation	0.9999999998960404	0.9171830985915493	1774	1	1-5	0.9859608441256066
ENSMUSG00000004040.17:B3	label_permutation	0.9575077198823916	0.7419718309859155	1774	1	1-5	0.9184076153472559
ENSMUSG00000004040.17:B4	label_permutation	0.9497685980582472	0.7076056338028169	1774	1	1-5	0.8974071449613453
ENSMUSG00000028256.17:B1	label_permutation	1.02451610013981e-05	0.05288985823336968	3667	2	11-20	0.6135249004024631
ENSMUSG00000028256.17:B2	label_permutation	1.0007284185578175e-06	0.058592728223907924	3822	1	11-20	0.6274595979491046
ENSMUSG00000028256.17:B3	label_permutation	9.84768029882056e-07	0.058592728223907924	3822	1	11-20	0.6274595979491046
ENSMUSG00000028256.17:B4	label_permutation	0.2296458275987592	0.22966256866335338	3822	1	11-20	0.7091982855276581
ENSMUSG00000003038.16:B1	label_permutation	6.029902754153284e-13	0.07936507936507936	566	3	6-10	0.6634744498321522
ENSMUSG00000003038.16:B2	label_permutation	7.865134051336957e-07	0.0755813953488372	2235	1	6-10	0.6634744498321522
ENSMUSG00000003038.16:B3	label_permutation	0.4855735602049241	0.43202146690518783	2235	1	6-10	0.7807008948866604
ENSMUSG00000021189.12:B1	label_permutation	0.9989561021458268	0.9671245215041657	4440	3	>20	1.0
ENSMUSG00000021189.12:B2	label_permutation	7.692313741599819e-138	0.01334411645774363	2472	2	>20	0.5304436768848043
ENSMUSG00000021189.12:B3	label_permutation	0.0037910355180069	0.23759791122715404	5361	6	>20	0.7091982855276581
ENSMUSG00000026814.17:B1	label_permutation	0.9483092816473908	0.6969014084507043	1774	1	1-5	0.8923845813294384
ENSMUSG00000026814.17:B3	label_permutation	0.9584718655519108	0.7470422535211267	1774	1	1-5	0.9211262961113755
ENSMUSG00000026814.17:B4	label_permutation	0.0096598157856303	0.1075	799	2	1-5	0.6716996336354654
ENSMUSG00000031302.17:B1	label_permutation	0.9999999641173156	0.9559386973180076	521	10	11-20	1.0
ENSMUSG00000031302.17:B2	label_permutation	0.9982473772694396	0.9034038638454461	1086	5	11-20	0.9819702366944081
ENSMUSG00000031302.17:B3	label_permutation	0.9999999999818272	0.9245630174793008	1086	5	11-20	0.9912068750959354
ENSMUSG00000040268.18:B1	label_permutation	2.6294862233159468e-06	0.5232419547079857	838	14	>20	0.8138069195881308
ENSMUSG00000040268.18:B2	label_permutation	1.2935262438331864e-15	0.17018233821952092	2796	7	>20	0.6865745742860391
ENSMUSG00000040268.18:B3	label_permutation	8.65287711383163e-17	0.16481944941008222	2796	7	>20	0.6847722369731165
ENSMUSG00000063626.7:B1	label_permutation	0.1161749633078842	0.26975906327403737	4440	3	>20	0.7203360339025302
ENSMUSG00000063626.7:B4	label_permutation	0.3191456553179886	0.39405539292952035	4440	3	>20	0.7659655217138764
ENSMUSG00000063626.7:B5	label_permutation	1.0991771071038355e-05	0.0896194550776852	4440	3	>20	0.6716996336354654
ENSMUSG00000021010.10:B1	label_permutation	1.3450417374088114e-47	0.15311004784688995	208	22	>20	0.6835868504368111
ENSMUSG00000021010.10:B3	label_permutation	1.0518068802093531e-54	0.018335684062059238	708	11	>20	0.5304436768848043
ENSMUSG00000024211.16:B1	label_permutation	6.417563515963475e-05	0.12915129151291513	2167	4	11-20	0.6716996336354654
ENSMUSG00000024211.16:B2	label_permutation	0.4633340722062837	0.3895856052344602	3667	2	11-20	0.7651558894261146
ENSMUSG00000027544.17:B2	label_permutation	0.2736231997281111	0.5497215592680986	1256	6	11-20	0.826763331772505
ENSMUSG00000029729.13:B1	label_permutation	0.9892749221626476	0.9164615607354858	6906	5	>20	0.9854212851713694
ENSMUSG00000029729.13:B2	label_permutation	0.0791637391911108	0.31316056174895035	6906	5	>20	0.7360667577619383
ENSMUSG00000032185.16:B1	label_permutation	1.927803497334517e-07	0.10101476014760148	2167	4	11-20	0.6716996336354654
ENSMUSG00000032185.16:B3	label_permutation	0.0574012720655753	0.14340239912758998	3667	2	11-20	0.6753453621929444
ENSMUSG00000036820.13:B1	label_permutation	0.8951648025762422	0.6084507042253521	1774	1	1-5	0.8560018549361849
ENSMUSG00000036820.13:B3	label_permutation	0.960678421863884	0.7504225352112676	1774	1	1-5	0.9228562254653174
ENSMUSG00000040813.17:B1	label_permutation	4.808486051461376e-19	0.02545743834526651	1256	6	11-20	0.5483423779172124
ENSMUSG00000040813.17:B2	label_permutation	0.0189114948585675	0.1865612648221344	2529	3	11-20	0.6941130972279578
ENSMUSG00000048175.14:B1	label_permutation	0.3443591300334895	0.4074074074074074	566	3	6-10	0.7727217214989786
ENSMUSG00000048175.14:B2	label_permutation	0.3391721842206505	0.3073502484959456	3822	1	11-20	0.7329591912450679
ENSMUSG00000060261.17:B1	label_permutation	6.784426412992091e-12	0.47381242387332523	820	18	>20	0.7926722340846395
ENSMUSG00000060261.17:B2	label_permutation	2.4731836378572714e-20	0.47083926031294454	702	24	>20	0.7926722340846395
ENSMUSG00000000131.16:B1	label_permutation	1.0	1.0	1086	5	11-20	1.0
ENSMUSG00000000441.18:B1	label_permutation	8.834345278398961e-25	0.05557627750839239	5361	6	>20	0.6187859979656493
ENSMUSG00000002416.14:B1	label_permutation	3.3027126872133833e-16	0.03596837944664032	2529	3	11-20	0.5627402900130172
ENSMUSG00000004937.7:B1	label_permutation	1.7028707989767166e-08	0.09475620975160993	1086	5	11-20	0.6716996336354654
ENSMUSG00000007656.14:B1	label_permutation	0.1457875503228903	0.48289578361177404	1256	6	11-20	0.7963077475435613
ENSMUSG00000014039.19:B1	label_permutation	0.9999754760225922	0.9458520341682352	6906	5	>20	1.0
ENSMUSG00000017478.16:B1	label_permutation	1.2154223077612768e-32	0.07829817661780479	2796	7	>20	0.6634744498321522
ENSMUSG00000019916.15:B1	label_permutation	0.9764312703860782	0.8888509475840874	5856	4	>20	0.9761038206136391
ENSMUSG00000020387.16:B3	label_permutation	0.0020682168320979	0.16743542435424355	2167	4	11-20	0.6847722369731165
ENSMUSG00000020780.16:B1	label_permutation	0.6066048559232387	0.5604593560009007	4440	3	>20	0.8310183263662547
ENSMUSG00000021240.7:B1	label_permutation	0.9929217254005036	0.9488853861742851	4440	3	>20	1.0
ENSMUSG00000021916.17:B1	label_permutation	0.7887840457628129	0.6589422028353326	3667	2	11-20	0.8747555219296265
ENSMUSG00000022425.17:B1	label_permutation	0.061006429993001	0.23170457104255798	4440	3	>20	0.7091982855276581
ENSMUSG00000022861.18:B1	label_permutation	0.9426280874432724	0.8559432459823367	6906	5	>20	0.9619220346373043
ENSMUSG00000024137.10:B1	label_permutation	0.8556988964203105	0.7347328244274809	3667	2	11-20	0.9144926999184761
ENSMUSG00000024620.12:B1	label_permutation	0.1336945225969657	0.16732394366197184	1774	1	1-5	0.6847722369731165
ENSMUSG00000025207.17:B1	label_permutation	0.3649675102150007	0.4288537549407115	2529	3	11-20	0.7803995295754584
ENSMUSG00000025776.14:B1	label_permutation	1.3800117960303094e-09	0.03625954198473282	3667	2	11-20	0.5627402900130172
ENSMUSG00000026335.17:B1	label_permutation	0.7721100065150448	0.6861874679870241	5856	4	>20	0.8865143871344411
ENSMUSG00000026825.18:B1	label_permutation	0.0636017655533382	0.5262906309751434	2091	9	>20	0.8148719459982858
ENSMUSG00000027339.16:B1	label_permutation	0.980169907212786	0.8964013086150491	3667	2	11-20	0.9786259541984733
ENSMUSG00000027896.16:B1	label_permutation	0.999996991936767	0.9803707742639041	3667	2	11-20	1.0
ENSMUSG00000028434.13:B1	label_permutation	1.5151309053043064e-11	0.2251434034416826	2091	9	>20	0.7091982855276581
ENSMUSG00000028974.14:B1	label_permutation	0.8116481616475939	0.7268774703557312	2529	3	11-20	0.9112570831197022
ENSMUSG00000029427.12:B1	label_permutation	0.1464129540032002	0.30039525691699603	2529	3	11-20	0.7309509315545343
ENSMUSG00000029920.10:B1	label_permutation	1.882029778703836e-12	0.07319013524264122	1256	6	11-20	0.658935462200628
ENSMUSG00000030556.14:B1	label_permutation	1.0	1.0	5361	6	>20	1.0
ENSMUSG00000031360.15:B1	label_permutation	8.702674965409033e-09	0.08302583025830258	2167	4	11-20	0.6638844888509808
ENSMUSG00000031839.8:B1	label_permutation	0.1383774835235691	0.1735211267605634	1774	1	1-5	0.6884067605452999
ENSMUSG00000032313.12:B1	label_permutation	0.7165966987462294	0.6340914208511597	4440	3	>20	0.8649721690180984
ENSMUSG00000032777.10:B1	label_permutation	0.0266518346619996	0.3189108541588959	5361	6	>20	0.7372246278263607
ENSMUSG00000033697.17:B1	label_permutation	1.03309873388961e-08	0.33870377151226655	2730	12	>20	0.7445807850839993
ENSMUSG00000034377.11:B1	label_permutation	0.2145179282933696	0.5041029466616934	5361	6	>20	0.8075365661088962
ENSMUSG00000035133.10:B1	label_permutation	2.589023725307764e-18	0.16021220159151195	3769	8	>20	0.6847722369731165
ENSMUSG00000036087.19:B1	label_permutation	0.623982534332723	0.5728439540643999	4440	3	>20	0.8356147015237199
ENSMUSG00000036985.13:B1	label_permutation	0.3536920122769579	0.31676693696050223	3822	1	11-20	0.7361177922528548
ENSMUSG00000037824.7:B1	label_permutation	0.5403734670549691	0.47432268499797814	2472	2	>20	0.7926722340846395
ENSMUSG00000038384.17:B1	label_permutation	0.4505271374561876	0.6422976501305483	5361	6	>20	0.8680883840706338
ENSMUSG00000039126.11:B1	label_permutation	0.0524266897461863	0.2744464944649446	2167	4	11-20	0.7223620429586104
ENSMUSG00000039959.14:B1	label_permutation	5.099734876993715e-32	0.21861777150916784	708	11	>20	0.7091982855276581
ENSMUSG00000040761.17:B1	label_permutation	1.7315404040566231e-38	0.1227080394922426	708	11	>20	0.6716996336354654
ENSMUSG00000041769.14:B1	label_permutation	0.0032370316442227	0.14073406890340012	4440	3	>20	0.6746982879173822
ENSMUSG00000042772.16:B1	label_permutation	0.0002269575668326	0.18332711674748228	5361	6	>20	0.6917315104013201
ENSMUSG00000045180.14:B1	label_permutation	0.9973399676545406	0.84875	799	2	1-5	0.9585555625471935
ENSMUSG00000048027.10:B1	label_permutation	0.8926201979759726	0.7734460196292258	3667	2	11-20	0.931299294312993
ENSMUSG00000050812.19:B2	label_permutation	6.299043490128309e-30	0.12237093690248566	2091	9	>20	0.6716996336354654
ENSMUSG00000055204.16:B1	label_permutation	6.231850875843461e-51	0.005835543766578249	3769	8	>20	0.5304436768848043
ENSMUSG00000057421.13:B1	label_permutation	0.6064252205985912	0.4910032715376227	3667	2	11-20	0.8009015549128704
ENSMUSG00000059409.10:B1	label_permutation	0.7795166476480924	0.7351961777906472	6906	5	>20	0.9148156543945185
ENSMUSG00000061755.11:B1	label_permutation	1.0876426603440628e-06	0.4132581100141044	708	11	>20	0.7732164440203563
ENSMUSG00000064293.15:B1	label_permutation	0.9736865976440656	0.9086130206227254	2472	2	>20	0.9825822453164573
ENSMUSG00000069833.14:B1	label_permutation	5.416835839956424e-71	0.017263928851687156	3822	1	11-20	0.5304436768848043
ENSMUSG00000074793.11:B1	label_permutation	1.0	1.0	1774	1	1-5	1.0
ENSMUSG00000086414.3:B1	label_permutation	0.0007447342382592	0.11380281690140845	1774	1	1-5	0.6716996336354654
ENSMUSG00000097537.4:B1	label_permutation	1.2339361466310192e-05	0.09988048488987536	5856	4	>20	0.6716996336354654
ENSMUSG00000120400.1:B1	label_permutation	1.965518693639173e-45	0.016100178890876567	2235	1	6-10	0.5304436768848043
ENSMUSG00000004698.12:B1	label_permutation	0.4259577821381848	0.37104689203925845	3667	2	11-20	0.7605406188729243
ENSMUSG00000004698.12:B2	label_permutation	0.8076060122436758	0.6651844101490976	3822	1	11-20	0.8775896643160838
ENSMUSG00000004698.12:B3	label_permutation	0.7710598505029139	0.6303949777661523	3822	1	11-20	0.8638811582772317
ENSMUSG00000004698.12:B4	label_permutation	0.4495612234729713	0.47193675889328063	2529	3	11-20	0.7926722340846395
ENSMUSG00000028399.19:B1	label_permutation	4.9446804581166375e-24	0.25780189959294436	736	16	>20	0.7175608933892629
ENSMUSG00000028399.19:B3	label_permutation	2.9620792252526248e-08	0.2389920424403183	3769	8	>20	0.7101113572928957
ENSMUSG00000028399.19:B4	label_permutation	0.0044499464972247	0.3729442970822281	3769	8	>20	0.7605406188729243
ENSMUSG00000028399.19:B5	label_permutation	0.0357709753163241	0.4671087533156499	3769	8	>20	0.7921077007283904
ENSMUSG00000003062.14:B1	label_permutation	0.0100000844067484	0.16482213438735177	2529	3	11-20	0.6847722369731165
ENSMUSG00000003062.14:B2	label_permutation	1.2481632206044063e-14	0.03715415019762846	2529	3	11-20	0.5639337275002458
ENSMUSG00000003062.14:B4	label_permutation	4.745224277187561e-07	0.10671573137074516	1086	5	11-20	0.6716996336354654
ENSMUSG00000021244.16:B1	label_permutation	1.0744478044747583e-09	0.6519721577726219	430	20	>20	0.8719520333608806
ENSMUSG00000021244.16:B2	label_permutation	3.648063700874113e-05	0.3318499682136046	3145	10	>20	0.7421633546983134
ENSMUSG00000021244.16:B3	label_permutation	3.5621739482647164e-05	0.3318499682136046	3145	10	>20	0.7421633546983134
ENSMUSG00000026860.17:B1	label_permutation	2.7497513667334885e-14	0.10445205479452055	583	8	11-20	0.6716996336354654
ENSMUSG00000026860.17:B2	label_permutation	5.4903784850271e-21	0.01937269372693727	2167	4	11-20	0.5304436768848043
ENSMUSG00000026860.17:B3	label_permutation	0.0013869766139166	0.16190036900369004	2167	4	11-20	0.6847722369731165
ENSMUSG00000031310.17:B1	label_permutation	0.555301862084275	0.9198095935554742	2730	12	>20	0.9878376367360969
ENSMUSG00000031310.17:B2	label_permutation	0.0037584238548341	0.1438865120468363	4440	3	>20	0.6753453621929444
ENSMUSG00000031310.17:B3	label_permutation	0.7254244580474882	0.6390452600765594	4440	3	>20	0.8672217817334429
ENSMUSG00000040363.16:B2	label_permutation	0.9791305701225016	0.8977243002877322	3822	1	11-20	0.9791173882817341
ENSMUSG00000040363.16:B3	label_permutation	0.9791181831625232	0.895893277530735	3822	1	11-20	0.9783093541689968
ENSMUSG00000066037.15:B1	label_permutation	5.085330680190798e-25	0.055016784781797834	5361	6	>20	0.6171507832898172
ENSMUSG00000066037.15:B2	label_permutation	5.3623452586705286e-24	0.03625309614951588	4440	3	>20	0.5627402900130172
ENSMUSG00000066037.15:B3	label_permutation	1.0329690409746896e-22	0.03827966674172484	4440	3	>20	0.5677768959471334
ENSMUSG00000021057.16:B1	label_permutation	0.0095691003202073	0.2719134651249534	5361	6	>20	0.7203360339025302
ENSMUSG00000021057.16:B3	label_permutation	2.2418255120814713e-09	0.32588795313072133	2730	12	>20	0.7414944665977521
ENSMUSG00000024219.17:B1	label_permutation	0.029995779882878	0.4642857142857143	83	6	1-5	0.7915083586626139
ENSMUSG00000024219.17:B2	label_permutation	0.2362285945298733	0.32275132275132273	566	3	6-10	0.7399191935862263
ENSMUSG00000027546.16:B1	label_permutation	1.0	1.0	79	20	11-20	1.0
ENSMUSG00000027546.16:B2	label_permutation	4.224744888320549e-109	0.0894439967767929	1240	1	>20	0.6716996336354654
ENSMUSG00000029772.18:B1	label_permutation	6.493130007898181e-27	0.2631578947368421	56	16	11-20	0.7179991088838531
ENSMUSG00000029772.18:B2	label_permutation	1.699209693566908e-18	0.1896551724137931	405	12	11-20	0.695247351814289
ENSMUSG00000032186.16:B1	label_permutation	5.483345249700325e-35	0.5463917525773195	96	33	>20	0.8254746780519976
ENSMUSG00000032186.16:B2	label_permutation	2.932246201340608e-12	0.7033492822966507	208	22	>20	0.8944033931467131
ENSMUSG00000036882.8:B2	label_permutation	1.354249344565463e-160	0.004448038819247877	2472	2	>20	0.5304436768848043
ENSMUSG00000040865.17:B1	label_permutation	7.247283346914667e-47	0.005067323005646445	6906	5	>20	0.5304436768848043
ENSMUSG00000040865.17:B3	label_permutation	0.000783707316926	0.16128565223686114	6906	5	>20	0.6847722369731165
ENSMUSG00000048537.17:B1	label_permutation	4.470206307608711e-34	0.07881773399014778	202	15	11-20	0.6634744498321522
ENSMUSG00000048537.17:B4	label_permutation	1.0	1.0	1086	5	11-20	1.0
ENSMUSG00000060771.16:B1	label_permutation	0.243072421684381	0.35037153794190495	4440	3	>20	0.7514900051363897
ENSMUSG00000060771.16:B3	label_permutation	0.6816346272823818	0.604351329572925	1240	1	>20	0.8539855190532267
ENSMUSG00000000142.16:B1	label_permutation	0.4897940977310122	0.4100327153762268	3667	2	11-20	0.7731985024069317
ENSMUSG00000000632.14:B1	label_permutation	0.0126369866773785	0.28161133905259234	5361	6	>20	0.7246986373555707
ENSMUSG00000002455.15:B1	label_permutation	8.297969145353567e-07	0.08809970974901826	5856	4	>20	0.6716996336354654
ENSMUSG00000004952.14:B1	label_permutation	0.4696627427161521	0.31943661971830983	1774	1	1-5	0.7376799344704354
ENSMUSG00000007659.19:B1	label_permutation	0.0025810110496715	0.26573426573426573	428	4	6-10	0.7203360339025302
ENSMUSG00000014077.14:B1	label_permutation	0.0523532313125956	0.1323943661971831	1774	1	1-5	0.6716996336354654
ENSMUSG00000017561.17:B1	label_permutation	1.831084104675869e-24	0.03535239810853411	4440	3	>20	0.5627402900130172
ENSMUSG00000019923.15:B1	label_permutation	1.4565966726288793e-29	0.07946598855689765	3145	10	>20	0.6634744498321522
ENSMUSG00000020390.13:B1	label_permutation	0.0763554325086369	0.6179275270184361	3145	10	>20	0.8600002523981771
ENSMUSG00000020794.14:B1	label_permutation	8.809168858275571e-10	0.22175066312997346	3769	8	>20	0.7091982855276581
ENSMUSG00000021248.10:B1	label_permutation	3.161579280517365e-15	0.027042253521126762	1774	1	1-5	0.5540574956588848
ENSMUSG00000021938.13:B1	label_permutation	0.0016691290373775	0.12845849802371542	2529	3	11-20	0.6716996336354654
ENSMUSG00000022433.22:B1	label_permutation	0.4619580151164026	0.5507456203851165	6906	5	>20	0.826763331772505
ENSMUSG00000022865.15:B1	label_permutation	0.0312608431941863	0.2219566330886119	5856	4	>20	0.7091982855276581
ENSMUSG00000024143.16:B1	label_permutation	1.4491813248943053e-14	0.05446474304251323	5856	4	>20	0.6171507832898172
ENSMUSG00000024640.10:B1	label_permutation	0.9192293667748526	0.71125	799	2	1-5	0.9005019046275395
ENSMUSG00000025212.18:B1	label_permutation	0.2577928470109004	0.359603692861968	4440	3	>20	0.7540440618427044
ENSMUSG00000025781.15:B1	label_permutation	0.2500884245078372	0.43767192703054875	6906	5	>20	0.7830757215815937
ENSMUSG00000026341.17:B1	label_permutation	0.1034313301613915	0.15518783542039355	2235	1	6-10	0.6847722369731165
ENSMUSG00000026827.13:B1	label_permutation	4.018069230243939e-32	0.06865861411315957	3145	10	>20	0.6558876076011044
ENSMUSG00000027351.15:B1	label_permutation	0.8313456607823582	0.7682061676560011	6906	5	>20	0.9293451265226415
ENSMUSG00000027900.16:B1	label_permutation	0.7074366989377137	0.5814805126863719	3822	1	11-20	0.8427138923952321
ENSMUSG00000028444.18:B1	label_permutation	1.1482262226906524e-35	0.05149396058486968	3145	10	>20	0.6104246415972379
ENSMUSG00000028977.18:B1	label_permutation	0.3798107490465988	0.3405125408942203	3667	2	11-20	0.7445807850839993
ENSMUSG00000029428.14:B1	label_permutation	1.0276938964883613e-29	0.028146813780680027	4440	3	>20	0.5595228198520243
ENSMUSG00000029924.13:B1	label_permutation	0.9994277833204084	0.9736545823012835	4440	3	>20	1.0
ENSMUSG00000030583.17:B1	label_permutation	2.768565979816337e-50	0.010038240917782026	2091	9	>20	0.5304436768848043
ENSMUSG00000031365.14:B1	label_permutation	0.5027819596215666	0.3453521126760563	1774	1	1-5	0.7471528107895201
ENSMUSG00000031864.17:B1	label_permutation	9.567223547619993e-19	0.07403953748601268	5361	6	>20	0.658935462200628
ENSMUSG00000032324.12:B1	label_permutation	0.6950170744011565	0.6836542637903577	6906	5	>20	0.8863198373552182
ENSMUSG00000032826.20:B1	label_permutation	3.1373423635605758e-77	0.1935483870967742	30	48	>20	0.6977932517214355
ENSMUSG00000033720.13:B1	label_permutation	1.6981968928389197e-29	0.3923444976076555	208	22	>20	0.7659655217138764
ENSMUSG00000034390.17:B1	label_permutation	0.9998037926711963	0.9584130019120459	2091	9	>20	1.0
ENSMUSG00000035139.15:B1	label_permutation	1.0	1.0	5856	4	>20	1.0
ENSMUSG00000036095.12:B1	label_permutation	5.670382689572249e-50	0.010010725777618877	2796	7	>20	0.5304436768848043
ENSMUSG00000036990.14:B1	label_permutation	1.0	1.0	5856	4	>20	1.0
ENSMUSG00000037851.14:B1	label_permutation	0.0111190873697976	0.10332606324972737	3667	2	11-20	0.6716996336354654
ENSMUSG00000038390.12:B1	label_permutation	4.577081886225628e-10	0.07000170735871607	5856	4	>20	0.658935462200628
ENSMUSG00000039145.17:B1	label_permutation	5.914258722372792e-05	0.1381207470681917	6906	5	>20	0.6737987860703265
ENSMUSG00000039967.15:B1	label_permutation	4.689502553439024e-52	0.007170172084130019	2091	9	>20	0.5304436768848043
ENSMUSG00000040774.16:B1	label_permutation	0.9234175794706364	0.827215297934096	5856	4	>20	0.9511671850500901
ENSMUSG00000041771.15:B1	label_permutation	2.439805903124789e-15	0.1723274937432964	2796	7	>20	0.6873186350454853
ENSMUSG00000042790.17:B1	label_permutation	0.9994955634252992	0.9541501976284585	2529	3	11-20	1.0
ENSMUSG00000045201.7:B1	label_permutation	0.0019484111204011	0.5488831929696082	2730	12	>20	0.8263670006561997
ENSMUSG00000048076.15:B1	label_permutation	0.9697642432784436	0.8925727522802953	6906	5	>20	0.9775463759016397
ENSMUSG00000050821.15:B1	label_permutation	0.4021590895599825	0.4246575342465753	1240	1	>20	0.7792463358448585
ENSMUSG00000052921.14:B1	label_permutation	0.5409707140555403	0.4457470010905125	3667	2	11-20	0.787950087522443
ENSMUSG00000055214.16:B1	label_permutation	1.0135011875853858e-06	0.2647214854111406	3769	8	>20	0.719445975190665
ENSMUSG00000057522.16:B1	label_permutation	4.7498346515078064e-11	0.21201525746980293	3145	10	>20	0.7063535445754128
ENSMUSG00000059474.14:B1	label_permutation	0.0032280480854576	0.13794466403162056	2529	3	11-20	0.6737987860703265
ENSMUSG00000061887.15:B1	label_permutation	0.6680928652587275	0.8709472345835982	3145	10	>20	0.9702529664579017
ENSMUSG00000064373.14:B1	label_permutation	9.150155450730795e-05	0.13099630996309963	2167	4	11-20	0.6716996336354654
ENSMUSG00000069895.5:B1	label_permutation	0.6417670571559707	0.520174482006543	3667	2	11-20	0.8138069195881308
ENSMUSG00000074794.11:B1	label_permutation	0.4183431095027319	0.28056338028169014	1774	1	1-5	0.7246986373555707
ENSMUSG00000086496.3:B1	label_permutation	0.8437706086283555	0.7258390618681763	2472	2	>20	0.9110041596090929
ENSMUSG00000097545.9:B1	label_permutation	5.200932139892413e-07	0.26720841300191206	2091	9	>20	0.7203360339025302
ENSMUSG00000120471.1:B1	label_permutation	0.5461972276405143	0.36338028169014086	1774	1	1-5	0.7566066468416065
ENSMUSG00000005583.17:B1	label_permutation	0.0059580041493246	0.8073394495412844	435	15	>20	0.9432709920726544
ENSMUSG00000005583.17:B2	label_permutation	0.001384437729371	0.4160839160839161	3145	10	>20	0.7746757391985607
ENSMUSG00000005583.17:B3	label_permutation	0.0634802344252122	0.2969451281308817	6906	5	>20	0.7277459433406522
ENSMUSG00000005583.17:B4	label_permutation	0.1461377661233051	0.3690458954683654	6906	5	>20	0.7600139346437836
ENSMUSG00000028580.16:B1	label_permutation	2.7325383979411784e-25	0.22289890377588306	820	18	>20	0.7091982855276581
ENSMUSG00000028580.16:B2	label_permutation	0.6028115693050577	0.7176426706452816	5361	6	>20	0.9033618682732542
ENSMUSG00000028580.16:B3	label_permutation	0.0006604433820766	0.20067139127191347	5361	6	>20	0.6994035248150303
ENSMUSG00000028580.16:B4	label_permutation	0.4360189055356407	0.6361432301380082	5361	6	>20	0.8665375451212031
ENSMUSG00000003534.18:B2	label_permutation	0.9979185192663572	0.9137546468401487	1344	2	6-10	0.9839253900580148
ENSMUSG00000003534.18:B3	label_permutation	0.0642883877738723	0.16951672862453532	1344	2	6-10	0.6852446498543153
ENSMUSG00000021245.16:B1	label_permutation	0.9825109037513446	0.908210332103321	2167	4	11-20	0.9825822453164573
ENSMUSG00000021245.16:B3	label_permutation	0.9743888156571592	0.8868593238822247	3667	2	11-20	0.9754015534112878
ENSMUSG00000021245.16:B4	label_permutation	0.5993062162062076	0.8561643835616438	583	8	11-20	0.9619220346373043
ENSMUSG00000026883.18:B1	label_permutation	1.0	1.0	702	24	>20	1.0
ENSMUSG00000026883.18:B3	label_permutation	0.0961627733498491	0.41271913465124954	5361	6	>20	0.7732164440203563
ENSMUSG00000026883.18:B4	label_permutation	6.129030529867072e-05	0.45880629805931894	2730	12	>20	0.7912910652813838
ENSMUSG00000031684.12:B1	label_permutation	0.7106482470286126	0.8849332485696122	3145	10	>20	0.9754015534112878
ENSMUSG00000031684.12:B2	label_permutation	1.0364921654221479e-76	0.03194500606550748	2472	2	>20	0.5627402900130172
ENSMUSG00000031684.12:B3	label_permutation	0.9125036870682236	0.8087758238005806	5856	4	>20	0.9436714268277798
ENSMUSG00000040563.14:B1	label_permutation	6.08058274283922e-10	0.43842364532019706	405	12	11-20	0.7834356417967838
ENSMUSG00000040563.14:B2	label_permutation	0.8674960160653207	0.8631107795598657	5361	6	>20	0.9667444003707232
ENSMUSG00000040563.14:B3	label_permutation	0.4723038541060895	0.654733492442323	1256	6	11-20	0.8729493357351947
ENSMUSG00000069729.15:B2	label_permutation	0.0663439035530499	0.513262599469496	3769	8	>20	0.8105527269044539
ENSMUSG00000069729.15:B3	label_permutation	0.0663432800027517	0.513262599469496	3769	8	>20	0.8105527269044539
ENSMUSG00000021068.18:B1	label_permutation	1.9379595120055825e-33	0.28165007112375534	702	24	>20	0.7246986373555707
ENSMUSG00000021068.18:B3	label_permutation	6.554412696762234e-05	0.296551724137931	3769	8	>20	0.7277459433406522
ENSMUSG00000024220.15:B1	label_permutation	0.0002910021969433	0.6477832512315271	405	12	11-20	0.870748617082928
ENSMUSG00000024220.15:B3	label_permutation	0.1158572820391623	0.43062290190227526	5361	6	>20	0.7803995295754584
ENSMUSG00000027575.20:B3	label_permutation	0.9871628661354316	0.9494591570309586	5361	6	>20	1.0
ENSMUSG00000030000.11:B1	label_permutation	1.3577134631458716e-42	0.3404255319148936	93	32	>20	0.7445807850839993
ENSMUSG00000030000.11:B2	label_permutation	6.543060885585623e-32	0.3015647226173542	702	24	>20	0.7318810953112224
ENSMUSG00000032228.17:B1	label_permutation	2.224417906798419e-16	0.0821917808219178	583	8	11-20	0.6634744498321522
ENSMUSG00000032228.17:B2	label_permutation	0.000535338466329	0.14437269372693726	2167	4	11-20	0.6753453621929444
ENSMUSG00000036893.18:B1	label_permutation	0.8656910977038006	0.8928381962864721	3769	8	>20	0.9775463759016397
ENSMUSG00000036893.18:B2	label_permutation	0.5224854570625936	0.5258664845484036	5856	4	>20	0.8148719459982858
ENSMUSG00000040867.14:B1	label_permutation	6.644042191437813e-35	0.09959721713658001	2730	12	>20	0.6716996336354654
ENSMUSG00000040867.14:B2	label_permutation	0.0235157787870109	0.44323607427055706	3769	8	>20	0.7867920816153179
ENSMUSG00000048756.12:B1	label_permutation	1.1892085342683217e-11	0.20881226053639848	521	10	11-20	0.7044666263359548
ENSMUSG00000048756.12:B2	label_permutation	0.0611263135666315	0.30266789328426863	1086	5	11-20	0.7318810953112224
ENSMUSG00000061718.13:B1	label_permutation	0.0018137804821909	0.21689668034315554	5361	6	>20	0.7091982855276581
ENSMUSG00000061718.13:B2	label_permutation	0.0634508332265237	0.23373114163476694	4440	3	>20	0.7091982855276581
ENSMUSG00000000184.13:B1	label_permutation	0.942687285846383	0.8487280177565306	5856	4	>20	0.9585555625471935
ENSMUSG00000000751.14:B1	label_permutation	0.8280213692004809	0.6814020402825006	3822	1	11-20	0.8863198373552182
ENSMUSG00000002489.17:B1	label_permutation	0.1684708435677454	0.4707198806415517	5361	6	>20	0.7926722340846395
ENSMUSG00000005045.17:B1	label_permutation	4.521663968262607e-45	0.02066115702479339	3145	10	>20	0.5304436768848043
ENSMUSG00000007670.11:B1	label_permutation	0.7269267164571109	0.676660516605166	2167	4	11-20	0.8841947041867639
ENSMUSG00000014355.11:B1	label_permutation	0.9829128023853926	0.9026717557251909	3667	2	11-20	0.9818918707368892
ENSMUSG00000017615.13:B1	label_permutation	0.5445529885101741	0.47449646874182577	3822	1	11-20	0.7926722340846395
ENSMUSG00000019947.11:B1	label_permutation	2.7942644188134697e-06	0.144349123461395	5361	6	>20	0.6753453621929444
ENSMUSG00000020402.12:B1	label_permutation	0.0005822886829339	0.19861991794106676	5361	6	>20	0.6994035248150303
ENSMUSG00000020811.17:B1	label_permutation	0.0579521569893176	0.5959949141767323	3145	10	>20	0.8520001440483478
ENSMUSG00000021254.10:B1	label_permutation	0.2249342644466359	0.5126818351361432	5361	6	>20	0.8105527269044539
ENSMUSG00000021945.10:B1	label_permutation	1.653421569881143e-12	0.08238019400608079	6906	5	>20	0.6634744498321522
ENSMUSG00000022454.18:B1	label_permutation	0.1194797954568753	0.5618037135278514	3769	8	>20	0.8310183263662547
ENSMUSG00000022867.12:B1	label_permutation	8.43955349406937e-39	0.040368722186904	3145	10	>20	0.5693986502293021
ENSMUSG00000024158.18:B1	label_permutation	0.2802681442730743	0.2623594036097306	3822	1	11-20	0.7175608933892629
ENSMUSG00000024642.18:B1	label_permutation	2.304819402084113e-40	0.03919694072657744	2091	9	>20	0.5677768959471334
ENSMUSG00000025217.16:B1	label_permutation	0.1671549999921356	0.3181818181818182	2529	3	11-20	0.73629799803085
ENSMUSG00000025782.13:B1	label_permutation	4.647369759859724e-05	0.20763723150357996	1256	6	11-20	0.703863583546363
ENSMUSG00000026349.15:B1	label_permutation	4.5287997715034723e-35	0.025550167847817978	5361	6	>20	0.5483423779172124
ENSMUSG00000026833.19:B1	label_permutation	3.565097992612127e-12	0.18877368609224168	2796	7	>20	0.695247351814289
ENSMUSG00000027363.16:B1	label_permutation	4.490013908411998e-44	0.022944550669216062	2091	9	>20	0.5474559145934611
ENSMUSG00000027940.19:B1	label_permutation	0.0123395242619421	0.21688142464166787	6906	5	>20	0.7091982855276581
ENSMUSG00000028469.16:B1	label_permutation	1.0	1.0	5856	4	>20	1.0
ENSMUSG00000028986.13:B1	label_permutation	0.9471258541345978	0.8341616531519749	3822	1	11-20	0.9536008503676208
ENSMUSG00000029438.10:B1	label_permutation	1.5534069186284215e-41	0.02288165892027172	2796	7	>20	0.5474559145934611
ENSMUSG00000030007.9:B1	label_permutation	0.0372230516973006	0.1252236135957066	2235	1	6-10	0.6716996336354654
ENSMUSG00000030592.19:B3	label_permutation	0.0001121750844432	0.1788879935535858	1240	1	>20	0.6907662883605332
ENSMUSG00000031370.13:B1	label_permutation	0.9988185379130052	0.9637404580152672	3667	2	11-20	1.0
ENSMUSG00000031870.17:B1	label_permutation	6.718419628392301e-25	0.0402825006539367	3822	1	11-20	0.5693986502293021
ENSMUSG00000032328.13:B1	label_permutation	0.0623314650732976	0.2953525409005357	6906	5	>20	0.7277459433406522
ENSMUSG00000032827.16:B1	label_permutation	1.5782299362723691e-49	0.012815818381545222	2730	12	>20	0.5304436768848043
ENSMUSG00000033721.17:B1	label_permutation	0.7542242843025068	0.8301751877011083	2796	7	>20	0.9511671850500901
ENSMUSG00000034430.17:B1	label_permutation	0.3635140588338108	0.5919732441471572	298	6	6-10	0.8505231977227968
ENSMUSG00000035152.15:B1	label_permutation	0.1875348083309923	0.484520701230884	5361	6	>20	0.7967563669451726
ENSMUSG00000036099.17:B1	label_permutation	0.1210699852374038	0.43565833644162627	5361	6	>20	0.7828290434489334
ENSMUSG00000037857.17:B1	label_permutation	0.0236770323500519	0.2101758579477548	5856	4	>20	0.7053545808613133
ENSMUSG00000038406.18:B1	label_permutation	0.0489778222889438	0.35602387168966804	5361	6	>20	0.7537910234770694
ENSMUSG00000039156.20:B1	label_permutation	9.472111620261716e-34	0.06525198938992043	3769	8	>20	0.6378772906156274
ENSMUSG00000039988.15:B1	label_permutation	0.7142493999035286	0.562081784386617	1344	2	6-10	0.8310183263662547
ENSMUSG00000040785.20:B1	label_permutation	1.0888750192075258e-54	0.2125	79	36	>20	0.706785411365564
ENSMUSG00000041817.15:B1	label_permutation	0.0318106612510767	0.10907664138111431	3822	1	11-20	0.6716996336354654
ENSMUSG00000042851.18:B1	label_permutation	0.0004130566165811	0.15390183871434776	6906	5	>20	0.6837203468428499
ENSMUSG00000045349.16:B1	label_permutation	1.0	1.0	6906	5	>20	1.0
ENSMUSG00000048078.17:B1	label_permutation	0.0001129453142255	0.17474822827303246	5361	6	>20	0.6884067605452999
ENSMUSG00000050953.11:B1	label_permutation	1.539344236889444e-28	0.052567731500202185	2472	2	>20	0.6126530162114473
ENSMUSG00000052949.15:B1	label_permutation	8.440038879171524e-07	0.13875419619544946	5361	6	>20	0.6737987860703265
ENSMUSG00000055296.15:B1	label_permutation	1.0	1.0	5361	6	>20	1.0
ENSMUSG00000057541.15:B1	label_permutation	0.5610661677427592	0.5293852735870299	4440	3	>20	0.8148719459982858
ENSMUSG00000059602.15:B1	label_permutation	0.269460086700141	0.345679012345679	566	3	6-10	0.7472963416998167
ENSMUSG00000061911.16:B1	label_permutation	4.46667107700674e-44	0.12296983758700696	430	20	>20	0.6716996336354654
ENSMUSG00000065954.12:B1	label_permutation	1.728592936064191e-07	0.26147227533460804	2091	9	>20	0.7175608933892629
ENSMUSG00000069911.12:B1	label_permutation	0.0159192012184928	0.22614738670913567	6906	5	>20	0.7091982855276581
ENSMUSG00000074892.10:B1	label_permutation	0.497002957275214	0.5692775445200521	6906	5	>20	0.8339992828011871
ENSMUSG00000086539.9:B1	label_permutation	0.8625817792921344	0.7903576082235413	6906	5	>20	0.938121019074988
ENSMUSG00000097736.9:B1	label_permutation	0.9105857950155932	0.8068977292129076	5856	4	>20	0.9432709920726544
ENSMUSG00000120815.1:B1	label_permutation	0.8084753147732919	0.6815703380588877	3667	2	11-20	0.8863198373552182
ENSMUSG00000006476.20:B1	label_permutation	4.772858715433038e-52	0.07112375533428165	702	24	>20	0.658935462200628
ENSMUSG00000006476.20:B2	label_permutation	6.099611038817282e-27	0.10822281167108753	3769	8	>20	0.6716996336354654
ENSMUSG00000006476.20:B3	label_permutation	5.6305709133864514e-21	0.2971506105834464	736	16	>20	0.7277459433406522
ENSMUSG00000006476.20:B4	label_permutation	1.9306080856115678e-35	0.0814111261872456	736	16	>20	0.6634744498321522
ENSMUSG00000028906.18:B1	label_permutation	7.240661062976848e-05	0.4635664591724643	2730	12	>20	0.791460707496781
ENSMUSG00000028906.18:B2	label_permutation	0.753346535333512	0.6566088718757037	4440	3	>20	0.8729493357351947
ENSMUSG00000028906.18:B4	label_permutation	0.4928896477560169	0.664863856769862	5361	6	>20	0.8775896643160838
ENSMUSG00000028906.18:B5	label_permutation	0.0024484529671801	0.38336520076481834	2091	9	>20	0.7631707880514113
ENSMUSG00000004113.19:B1	label_permutation	0.0228331817642138	0.440053050397878	3769	8	>20	0.7841887723459584
ENSMUSG00000004113.19:B2	label_permutation	3.39855189865426e-39	0.03368700265251989	3769	8	>20	0.5627402900130172
ENSMUSG00000004113.19:B8	label_permutation	2.968641474053629e-29	0.16689280868385345	736	16	>20	0.6847722369731165
ENSMUSG00000021262.16:B2	label_permutation	0.1739729340168885	0.24312267657992565	1344	2	6-10	0.7122255230009176
ENSMUSG00000021262.16:B3	label_permutation	0.1537456150780785	0.22973977695167286	1344	2	6-10	0.7091982855276581
ENSMUSG00000027104.19:B1	label_permutation	0.4120935811743039	0.3617775354416576	3667	2	11-20	0.7553726391469137
ENSMUSG00000027104.19:B2	label_permutation	0.972538709563456	0.8765367512424798	3822	1	11-20	0.9730381996103431
ENSMUSG00000027104.19:B4	label_permutation	0.9461703553063416	0.8304996076379807	3822	1	11-20	0.9511671850500901
ENSMUSG00000031691.15:B1	label_permutation	1.0	1.0	6906	5	>20	1.0
ENSMUSG00000031691.15:B2	label_permutation	6.157535764482542e-10	0.09237005936006949	6906	5	>20	0.6716996336354654
ENSMUSG00000031691.15:B3	label_permutation	8.05318964166226e-27	0.09218054672600128	3145	10	>20	0.6716996336354654
ENSMUSG00000040712.17:B1	label_permutation	7.341255612780737e-18	0.3514246947082768	736	16	>20	0.7519516476662079
ENSMUSG00000040712.17:B2	label_permutation	0.0001340702601977	0.3037135278514589	3769	8	>20	0.7318810953112224
ENSMUSG00000040712.17:B3	label_permutation	0.0012437606560616	0.3427055702917772	3769	8	>20	0.745437077003003
ENSMUSG00000070047.15:B1	label_permutation	0.0004058522411858	0.3849332485696122	3145	10	>20	0.7631707880514113
ENSMUSG00000070047.15:B2	label_permutation	2.9198573836498685e-08	0.10221514405675401	6906	5	>20	0.6716996336354654
ENSMUSG00000070047.15:B3	label_permutation	1.0	1.0	3145	10	>20	1.0
ENSMUSG00000021098.15:B1	label_permutation	0.0017136722369401	0.3493368700265252	3769	8	>20	0.749987816176564
ENSMUSG00000021098.15:B2	label_permutation	1.653482596199075e-05	0.10073416424790849	5856	4	>20	0.6716996336354654
ENSMUSG00000024302.17:B1	label_permutation	2.4654845522916217e-11	0.28487733430977663	2730	12	>20	0.7250394776222165
ENSMUSG00000024302.17:B2	label_permutation	0.0075863719292955	0.26109660574412535	5361	6	>20	0.7175608933892629
ENSMUSG00000027624.21:B1	label_permutation	6.007876921612462e-17	0.5266821345707656	430	20	>20	0.8148719459982858
ENSMUSG00000027624.21:B5	label_permutation	1.8416260041079265e-07	0.2698664971392244	3145	10	>20	0.7203360339025302
ENSMUSG00000030020.14:B1	label_permutation	3.6627550678064206e-33	0.28733997155049784	702	24	>20	0.7267803830666978
ENSMUSG00000030020.14:B2	label_permutation	3.6680790709765256e-35	0.0814111261872456	736	16	>20	0.6634744498321522
ENSMUSG00000032336.18:B1	label_permutation	0.002585840169864	0.7210965435041716	838	14	>20	0.9063193811493608
ENSMUSG00000032336.18:B2	label_permutation	0.0080439299610737	0.34680014301036827	2796	7	>20	0.7472963416998167
ENSMUSG00000036902.12:B1	label_permutation	0.4173793092679643	0.49169741697416974	2167	4	11-20	0.8013971340221938
ENSMUSG00000036902.12:B2	label_permutation	0.6784023392067022	0.5662486368593239	3667	2	11-20	0.8319811151709684
ENSMUSG00000040896.17:B1	label_permutation	3.199561261753733e-34	0.008561643835616438	583	8	11-20	0.5304436768848043
ENSMUSG00000040896.17:B2	label_permutation	0.0333673903225999	0.22485914290592454	5856	4	>20	0.7091982855276581
ENSMUSG00000048827.13:B1	label_permutation	4.805958706147614e-38	0.128928283642224	1240	1	>20	0.6716996336354654
ENSMUSG00000048827.13:B3	label_permutation	0.0266741016404162	0.2264302981466559	1240	1	>20	0.7091982855276581
ENSMUSG00000061981.15:B1	label_permutation	2.5740518487756368e-12	0.19739351557533374	3145	10	>20	0.6994035248150303
ENSMUSG00000061981.15:B3	label_permutation	0.1732021179470123	0.33942291275396963	5856	4	>20	0.7445807850839993
ENSMUSG00000000247.12:B1	label_permutation	0.5928633342479167	0.40338028169014084	1774	1	1-5	0.7709657464797492
ENSMUSG00000000826.17:B1	label_permutation	0.843425424600956	0.7771825684088606	6906	5	>20	0.932411279264855
ENSMUSG00000002524.18:B1	label_permutation	0.8268473162769541	0.686046511627907	2235	1	6-10	0.8865143871344411
ENSMUSG00000005089.16:B1	label_permutation	7.439897926766276e-47	0.01904064445258147	2730	12	>20	0.5304436768848043
ENSMUSG00000007817.16:B1	label_permutation	0.8848750167779378	0.9082217973231358	2091	9	>20	0.9825822453164573
ENSMUSG00000014426.10:B1	label_permutation	0.0016431148510693	0.14717432132491037	5856	4	>20	0.6769750481719067
ENSMUSG00000017679.17:B1	label_permutation	0.0904715156744505	0.2671936758893281	2529	3	11-20	0.7203360339025302
ENSMUSG00000019969.15:B1	label_permutation	3.532874757233809e-12	0.10126818351361433	5361	6	>20	0.6716996336354654
ENSMUSG00000020409.11:B1	label_permutation	0.1593863674000238	0.28283642224012895	1240	1	>20	0.7246986373555707
ENSMUSG00000020817.17:B1	label_permutation	2.0538969358321974e-05	0.6600985221674877	202	15	11-20	0.8757595213025501
ENSMUSG00000021258.11:B1	label_permutation	0.9971739138631972	0.9592434136455753	4440	3	>20	1.0
ENSMUSG00000021969.9:B1	label_permutation	2.027642503076659e-36	0.014171077343349837	5856	4	>20	0.5304436768848043
ENSMUSG00000022463.9:B1	label_permutation	0.2724833745596638	0.451281308817142	6906	5	>20	0.7882989098962725
ENSMUSG00000022884.17:B1	label_permutation	0.794945412372201	0.6618962432915921	2235	1	6-10	0.8760724538596513
ENSMUSG00000024182.18:B1	label_permutation	0.355196663441125	0.24732394366197183	1774	1	1-5	0.7127381867912488
ENSMUSG00000024646.15:B1	label_permutation	0.9380986094125822	0.8114046560292963	3822	1	11-20	0.9451642501566595
ENSMUSG00000025220.9:B1	label_permutation	7.486148786456553e-36	0.013754162443897495	6906	5	>20	0.5304436768848043
ENSMUSG00000025786.18:B1	label_permutation	0.98325549487521	0.9126340570232802	3822	1	11-20	0.9835180953043515
ENSMUSG00000026356.16:B1	label_permutation	0.1632873303382432	0.3331056855045245	5856	4	>20	0.7421633546983134
ENSMUSG00000027365.15:B1	label_permutation	2.4463175597331754e-54	0.004774535809018567	3769	8	>20	0.5304436768848043
ENSMUSG00000027950.8:B1	label_permutation	0.6135872405996203	0.49345692475463465	3667	2	11-20	0.8028037490998834
ENSMUSG00000028484.17:B1	label_permutation	5.0596852975858506e-15	0.1723274937432964	2796	7	>20	0.6873186350454853
ENSMUSG00000028991.16:B1	label_permutation	5.288691888344353e-37	0.06453154875717017	2091	9	>20	0.6350498279162136
ENSMUSG00000029455.15:B1	label_permutation	0.7069647090357338	0.5974955277280859	2235	1	6-10	0.8520001440483478
ENSMUSG00000030032.15:B1	label_permutation	7.012178723580802e-16	0.02535441657579062	3667	2	11-20	0.5483423779172124
ENSMUSG00000030605.16:B1	label_permutation	0.1091905342306965	0.23615042458552366	2472	2	>20	0.7091982855276581
ENSMUSG00000031376.16:B1	label_permutation	9.477114568336248e-11	0.38498212157330153	838	14	>20	0.7631707880514113
ENSMUSG00000031878.19:B1	label_permutation	0.4785688146916214	0.4816482774149966	4440	3	>20	0.7963077475435613
ENSMUSG00000032329.5:B1	label_permutation	8.346583193420556e-18	0.14272091544818818	3145	10	>20	0.6748037382676717
ENSMUSG00000032846.13:B1	label_permutation	1.4251819836655124e-39	0.04397705544933078	2091	9	>20	0.5887099419424673
ENSMUSG00000033730.5:B1	label_permutation	1.1178266532349813e-25	0.05315180902648266	5361	6	>20	0.6146705337675971
ENSMUSG00000034472.14:B1	label_permutation	0.3435441135317997	0.36999595632834614	2472	2	>20	0.7605406188729243
ENSMUSG00000035164.9:B1	label_permutation	0.9823051556534006	0.9070508180107137	6906	5	>20	0.9825822453164573
ENSMUSG00000036104.13:B1	label_permutation	0.5289016558591919	0.5558118081180812	2167	4	11-20	0.8296596150748978
ENSMUSG00000037062.14:B1	label_permutation	0.8763529614172271	0.7905138339920948	2529	3	11-20	0.938121019074988
ENSMUSG00000037860.16:B1	label_permutation	0.7316449987757803	0.6417473541995046	4440	3	>20	0.8680883840706338
ENSMUSG00000038418.8:B1	label_permutation	0.0947469830543	0.41085415889593435	5361	6	>20	0.7731985024069317
ENSMUSG00000039159.17:B1	label_permutation	0.987365452217774	0.9229249011857708	2529	3	11-20	0.9904721434155831
ENSMUSG00000040009.7:B1	label_permutation	2.2254022890088714e-27	0.04904886236478926	5361	6	>20	0.608059383326989
ENSMUSG00000040797.17:B1	label_permutation	3.425721775638277e-11	0.19163389345727566	2796	7	>20	0.6961513711090555
ENSMUSG00000041852.16:B1	label_permutation	5.0079375618785614e-48	0.03244005641748942	708	11	>20	0.5627402900130172
ENSMUSG00000043019.13:B1	label_permutation	0.1861933335410691	0.22382769901853872	3667	2	11-20	0.7091982855276581
ENSMUSG00000045482.17:B3	label_permutation	2.9478515289757313e-41	0.030197075651621105	3145	10	>20	0.5627402900130172
ENSMUSG00000048186.15:B1	label_permutation	0.816121839304804	0.8305489260143198	1256	6	11-20	0.9511671850500901
ENSMUSG00000050965.15:B1	label_permutation	0.9999999999999972	0.9694960212201591	3769	8	>20	1.0
ENSMUSG00000055371.18:B1	label_permutation	3.8770817988433816e-15	0.07239032865209208	6906	5	>20	0.658935462200628
ENSMUSG00000057572.16:B1	label_permutation	0.3435978926871088	0.28846153846153844	2235	1	6-10	0.7277459433406522
ENSMUSG00000059742.11:B1	label_permutation	0.131741877261186	0.44386422976501305	5361	6	>20	0.7867920816153179
ENSMUSG00000061950.18:B1	label_permutation	0.5615905651469562	0.7529495888451913	2796	7	>20	0.9228562254653174
ENSMUSG00000066026.15:B1	label_permutation	0.5745297435214052	0.5004472271914132	2235	1	6-10	0.8048246980763529
ENSMUSG00000070000.14:B1	label_permutation	1.06619455853242e-22	0.061171204774337934	5361	6	>20	0.6349169789338434
ENSMUSG00000074923.11:B1	label_permutation	0.0017007641807571	0.2165236851920925	5361	6	>20	0.7091982855276581
ENSMUSG00000086584.10:B1	label_permutation	0.9990313348964835	0.9846340477153255	2472	2	>20	1.0
ENSMUSG00000097797.7:B1	label_permutation	0.708583805038182	0.6298131051564962	4440	3	>20	0.8638811582772317
ENSMUSG00000008658.17:B1	label_permutation	2.942765410987178e-29	0.05	19	21	11-20	0.608059383326989
ENSMUSG00000008658.17:B2	label_permutation	0.4183206397701172	0.6910976045763317	2796	7	>20	0.8889315755211671
ENSMUSG00000008658.17:B3	label_permutation	8.584479983816055e-39	0.03754022166607079	2796	7	>20	0.5671480626789887
ENSMUSG00000008658.17:B4	label_permutation	4.024888585896445e-20	0.2205005959475566	838	14	>20	0.7091982855276581
ENSMUSG00000029422.16:B1	label_permutation	0.9999999999701552	0.9593648625576233	5856	4	>20	1.0
ENSMUSG00000029422.16:B2	label_permutation	0.4450542543005507	0.4910363667406522	5856	4	>20	0.8009015549128704
ENSMUSG00000029422.16:B4	label_permutation	0.4303162312425865	0.485231347106027	5856	4	>20	0.7967563669451726
ENSMUSG00000029422.16:B5	label_permutation	0.0209658147003321	0.4363395225464191	3769	8	>20	0.7828290434489334
ENSMUSG00000004771.13:B1	label_permutation	0.0001134050543768	0.062159214830970554	3667	2	11-20	0.6350498279162136
ENSMUSG00000004771.13:B2	label_permutation	0.981524737762226	0.9063562647135758	3822	1	11-20	0.9825822453164573
ENSMUSG00000004771.13:B3	label_permutation	0.6512003234124604	0.5388438399162961	3822	1	11-20	0.8206386545317301
ENSMUSG00000021282.18:B1	label_permutation	0.1749335542623247	0.7509578544061303	521	10	11-20	0.9228562254653174
ENSMUSG00000021282.18:B2	label_permutation	0.0029831273717054	0.19779208831646733	1086	5	11-20	0.6994035248150303
ENSMUSG00000027346.16:B1	label_permutation	5.6320106624361344e-08	0.07819702919583404	5856	4	>20	0.6634744498321522
ENSMUSG00000027346.16:B2	label_permutation	0.2688666594672265	0.3234937323089365	2472	2	>20	0.740191931091381
ENSMUSG00000027346.16:B4	label_permutation	5.944568649031712e-17	0.07238172260412455	2472	2	>20	0.658935462200628
ENSMUSG00000031816.16:B1	label_permutation	0.9032048397966436	0.7876226826608506	3667	2	11-20	0.9379148028395001
ENSMUSG00000031816.16:B2	label_permutation	0.7938147807112139	0.656552445723254	3822	1	11-20	0.8729493357351947
ENSMUSG00000031816.16:B3	label_permutation	0.7899168640579677	0.6513209521318336	3822	1	11-20	0.8716006895960446
ENSMUSG00000040860.17:B1	label_permutation	9.43334626693194e-10	0.23661567877629064	2091	9	>20	0.7091982855276581
ENSMUSG00000040860.17:B2	label_permutation	0.4144120594292814	0.4435937851835172	4440	3	>20	0.7867920816153179
ENSMUSG00000040860.17:B3	label_permutation	0.1346613174326341	0.2828191848682729	4440	3	>20	0.7246986373555707
ENSMUSG00000072501.6:B1	label_permutation	0.7143282287650926	0.773591943304737	5361	6	>20	0.931299294312993
ENSMUSG00000072501.6:B3	label_permutation	0.5779323140609118	0.7068258112644535	5361	6	>20	0.8973542409981551
ENSMUSG00000072501.6:B4	label_permutation	0.0348007862288489	0.6957158549981691	2730	12	>20	0.8922559765777405
ENSMUSG00000021224.16:B1	label_permutation	0.0627391489520267	0.24496373892022563	1240	1	>20	0.7122255230009176
ENSMUSG00000021224.16:B3	label_permutation	0.2890586498778006	0.35374697824335216	1240	1	>20	0.7537910234770694
ENSMUSG00000024381.17:B1	label_permutation	1.5255071807703122e-35	0.05172413793103448	3769	8	>20	0.6104246415972379
ENSMUSG00000024381.17:B3	label_permutation	1.0079107009270622e-30	0.14925373134328357	736	16	>20	0.6790014896770759
ENSMUSG00000027634.15:B1	label_permutation	1.9385647157272136e-19	0.19370194068106922	2730	12	>20	0.6977932517214355
ENSMUSG00000027634.15:B2	label_permutation	4.168331195444706e-09	0.11991794106676613	5361	6	>20	0.6716996336354654
ENSMUSG00000030077.12:B1	label_permutation	0.0007955960340114	0.40114431023521935	3145	10	>20	0.7700927087358683
ENSMUSG00000030077.12:B2	label_permutation	2.1076476249410086e-25	0.04184160996090922	6906	5	>20	0.5753301705346839
ENSMUSG00000032410.14:B1	label_permutation	7.487508743604421e-11	0.2103448275862069	3769	8	>20	0.7053940518529973
ENSMUSG00000032410.14:B2	label_permutation	1.0	1.0	5856	4	>20	1.0
ENSMUSG00000037012.19:B1	label_permutation	2.5969248702624624e-10	0.22155117609663064	3145	10	>20	0.7091982855276581
ENSMUSG00000037012.19:B2	label_permutation	0.4686327736129393	0.5547994787896338	6906	5	>20	0.8296596150748978
ENSMUSG00000040987.16:B1	label_permutation	0.999999999893934	0.908169014084507	1774	1	1-5	0.9825822453164573
ENSMUSG00000040987.16:B2	label_permutation	0.8759883235207169	0.6875	799	2	1-5	0.8874604430379747
ENSMUSG00000049044.17:B1	label_permutation	3.692007325206578e-45	0.11522048364153627	702	24	>20	0.6716996336354654
ENSMUSG00000049044.17:B2	label_permutation	3.400299394609902e-09	0.3288172830465031	2730	12	>20	0.7421633546983134
ENSMUSG00000062044.17:B3	label_permutation	9.65065416369292e-26	0.14961759082217974	2091	9	>20	0.6791594824749595
ENSMUSG00000000266.12:B1	label_permutation	0.9760263882984676	0.8883387399692675	5856	4	>20	0.9761038206136391
ENSMUSG00000000838.18:B1	label_permutation	0.929223761064438	0.8352398838996073	5856	4	>20	0.9542419447163435
ENSMUSG00000002546.18:B1	label_permutation	0.1913656257171033	0.7031150667514304	3145	10	>20	0.8944033931467131
ENSMUSG00000005102.14:B1	label_permutation	0.1917120670095878	0.5091487669053302	1256	6	11-20	0.8092633783578521
ENSMUSG00000007850.17:B1	label_permutation	7.091221354280019e-31	0.09224168752234536	2796	7	>20	0.6716996336354654
ENSMUSG00000014503.16:B1	label_permutation	0.999994432191247	0.9722730839654722	3822	1	11-20	1.0
ENSMUSG00000017721.16:B1	label_permutation	0.3779886620008162	0.43557312252964425	2529	3	11-20	0.7828290434489334
ENSMUSG00000019970.16:B1	label_permutation	0.0235602478542589	0.4523809523809524	83	6	1-5	0.7888975255862158
ENSMUSG00000020412.17:B1	label_permutation	0.7405500130147349	0.6131310489144651	3822	1	11-20	0.8589329421606176
ENSMUSG00000020847.16:B1	label_permutation	0.9999282459884574	0.9641693811074918	306	9	11-20	1.0
ENSMUSG00000021268.19:B1	label_permutation	0.0006138096212284	0.5151958989381179	2730	12	>20	0.8109908099737572
ENSMUSG00000021975.10:B1	label_permutation	0.3878247182150526	0.513392210800637	6906	5	>20	0.8105527269044539
ENSMUSG00000022474.16:B1	label_permutation	0.0071377320199655	0.1731261738091173	5856	4	>20	0.6880576987435867
ENSMUSG00000022946.11:B1	label_permutation	2.7693767986184268e-49	0.011950286806883365	2091	9	>20	0.5304436768848043
ENSMUSG00000024186.16:B1	label_permutation	0.9221468181907292	0.8353974330105832	4440	3	>20	0.9542419447163435
ENSMUSG00000024661.8:B1	label_permutation	0.0045018123493381	0.7389749702026222	838	14	>20	0.9169795192558482
ENSMUSG00000025221.17:B1	label_permutation	2.992384628022011e-10	0.08989657915672236	1256	6	11-20	0.6716996336354654
ENSMUSG00000025790.15:B1	label_permutation	0.0035629468452581	0.23647892577396493	5361	6	>20	0.7091982855276581
ENSMUSG00000026360.10:B1	label_permutation	0.6865242933641984	0.5699712267852471	3822	1	11-20	0.8344081222138349
ENSMUSG00000026836.16:B1	label_permutation	0.6646796638090766	0.9348224093738557	2730	12	>20	0.9953839940342882
ENSMUSG00000027367.17:B1	label_permutation	2.2947227018029735e-35	0.014912407702330968	6906	5	>20	0.5304436768848043
ENSMUSG00000027963.15:B1	label_permutation	0.9478773857406246	0.84391771019678	2235	1	6-10	0.95684131707921
ENSMUSG00000028488.16:B1	label_permutation	6.43993111302411e-20	0.12650985378258106	3145	10	>20	0.6716996336354654
ENSMUSG00000029004.16:B1	label_permutation	3.666710486032775e-40	0.05785426583668986	2730	12	>20	0.6274595979491046
ENSMUSG00000029466.12:B1	label_permutation	0.933793431540122	0.8022495422443108	3822	1	11-20	0.9420815744700922
ENSMUSG00000030043.12:B1	label_permutation	1.0	1.0	3822	1	11-20	1.0
ENSMUSG00000030659.15:B1	label_permutation	0.8012481433391433	0.7036703445170007	4440	3	>20	0.8944033931467131
ENSMUSG00000031386.15:B1	label_permutation	1.301463714642459e-44	0.014058355437665782	3769	8	>20	0.5304436768848043
ENSMUSG00000031906.10:B1	label_permutation	0.0194641340328444	0.23353120023164906	6906	5	>20	0.7091982855276581
ENSMUSG00000032352.17:B1	label_permutation	0.0362617723796267	0.22844459620966365	5856	4	>20	0.7091982855276581
ENSMUSG00000032850.17:B1	label_permutation	0.0002509194580776	0.12480792214444254	5856	4	>20	0.6716996336354654
ENSMUSG00000033763.15:B1	label_permutation	0.2193993863729629	0.5087653860499813	5361	6	>20	0.809154909905506
ENSMUSG00000034480.19:B1	label_permutation	0.3667569961919572	0.38657501010917916	2472	2	>20	0.7631707880514113
ENSMUSG00000035173.15:B1	label_permutation	0.0136159231025464	0.28422230511003355	5361	6	>20	0.7247838994150004
ENSMUSG00000036155.14:B1	label_permutation	0.5767342990850295	0.5531842240054635	5856	4	>20	0.8290372789286957
ENSMUSG00000037072.17:B1	label_permutation	0.0047792902677587	0.10152057245080501	2235	1	6-10	0.6716996336354654
ENSMUSG00000037876.18:B1	label_permutation	8.393254555450967e-43	0.017771883289124667	3769	8	>20	0.5304436768848043
ENSMUSG00000038429.11:B1	label_permutation	0.0125761671322483	0.21731576661358043	6906	5	>20	0.7091982855276581
ENSMUSG00000039210.17:B1	label_permutation	0.0001953340140963	0.1605351170568562	298	6	6-10	0.6847722369731165
ENSMUSG00000040022.15:B1	label_permutation	0.0564163417832768	0.2533720334642308	5856	4	>20	0.7175608933892629
ENSMUSG00000041895.16:B1	label_permutation	0.9010050523506434	0.8813875419619545	5361	6	>20	0.975286288725842
ENSMUSG00000043079.18:B1	label_permutation	7.32504629341158e-52	0.018270401948842874	820	18	>20	0.5304436768848043
ENSMUSG00000045503.17:B1	label_permutation	0.1153965116953998	0.16592128801431127	2235	1	6-10	0.6847722369731165
ENSMUSG00000048240.16:B1	label_permutation	0.0655157962976688	0.40652346857597454	1256	6	11-20	0.7726231734779496
ENSMUSG00000051111.17:B1	label_permutation	1.0561978569864645e-07	0.08109953901314666	5856	4	>20	0.6634744498321522
ENSMUSG00000053110.14:B1	label_permutation	0.916412227250466	0.7823698665969134	3822	1	11-20	0.9353833177245805
ENSMUSG00000055373.9:B1	label_permutation	1.4776815650067958e-29	0.028087447517011727	6906	5	>20	0.5595228198520243
ENSMUSG00000057649.7:B1	label_permutation	3.7394500147521425e-41	0.01174934725848564	5361	6	>20	0.5304436768848043
ENSMUSG00000059811.14:B1	label_permutation	0.9819493555105352	0.7954929577464789	1774	1	1-5	0.940299499844165
ENSMUSG00000062014.14:B1	label_permutation	1.0	1.0	3822	1	11-20	1.0
ENSMUSG00000066036.15:B1	label_permutation	2.825295044810412e-06	0.296567069294342	3145	10	>20	0.7277459433406522
ENSMUSG00000070003.8:B1	label_permutation	0.002438062264178	0.2540792540792541	428	4	6-10	0.7175608933892629
ENSMUSG00000074925.5:B1	label_permutation	0.9193930462760233	0.8949880668257757	1256	6	11-20	0.9779244373838968
ENSMUSG00000086796.3:B1	label_permutation	1.0	1.0	1344	2	6-10	1.0
ENSMUSG00000097986.3:B1	label_permutation	0.4579577221964392	0.46993920288223373	4440	3	>20	0.7926722340846395
ENSMUSG00000015222.19:B2	label_permutation	9.072726081754792e-29	0.13804467228121567	2730	12	>20	0.6737987860703265
ENSMUSG00000015222.19:B3	label_permutation	0.0994234822736957	0.7715122665690224	2730	12	>20	0.931299294312993
ENSMUSG00000015222.19:B5	label_permutation	1.5057405189767923e-47	0.09388335704125178	702	24	>20	0.6716996336354654
ENSMUSG00000029505.18:B1	label_permutation	6.49812106724286e-44	0.12296983758700696	430	20	>20	0.6716996336354654
ENSMUSG00000029505.18:B2	label_permutation	1.054752633872033e-43	0.024793388429752067	3145	10	>20	0.5483423779172124
ENSMUSG00000029505.18:B3	label_permutation	0.9999999999999998	0.9831532104259377	3145	10	>20	1.0
ENSMUSG00000029505.18:B4	label_permutation	5.304267254197736e-91	0.007751937984496124	128	30	>20	0.5304436768848043
ENSMUSG00000004933.18:B1	label_permutation	4.730368443756736e-55	0.05405405405405406	702	24	>20	0.6171507832898172
ENSMUSG00000004933.18:B2	label_permutation	0.0746915780478048	0.3914584110406565	5361	6	>20	0.7653481003657628
ENSMUSG00000004933.18:B3	label_permutation	6.910504940226586e-30	0.16808769792935443	820	18	>20	0.6847722369731165
ENSMUSG00000021327.20:B3	label_permutation	0.0001429441081685	0.47711461003295497	2730	12	>20	0.7943648442366861
ENSMUSG00000027455.17:B1	label_permutation	6.492165752193106e-17	0.07363013698630137	583	8	11-20	0.658935462200628
ENSMUSG00000027455.17:B2	label_permutation	4.556487566968224e-05	0.1268450184501845	2167	4	11-20	0.6716996336354654
ENSMUSG00000027455.17:B3	label_permutation	3.664070723271457e-12	0.05996309963099631	2167	4	11-20	0.6349169789338434
ENSMUSG00000031865.17:B1	label_permutation	7.1840255714346015e-31	0.15834348355663824	820	18	>20	0.6847722369731165
ENSMUSG00000031865.17:B2	label_permutation	0.0007515802108732	0.3551625239005736	2091	9	>20	0.7537910234770694
ENSMUSG00000031865.17:B3	label_permutation	2.150227667488096e-33	0.1022944550669216	2091	9	>20	0.6716996336354654
ENSMUSG00000040940.19:B1	label_permutation	1.4765926414178878e-16	0.22519223727572318	2730	12	>20	0.7091982855276581
ENSMUSG00000040940.19:B2	label_permutation	5.241216174156909e-13	0.09623274897426333	5361	6	>20	0.6716996336354654
ENSMUSG00000040940.19:B4	label_permutation	0.0001717363567039	0.17997016038791497	5361	6	>20	0.6917315104013201
ENSMUSG00000078485.5:B1	label_permutation	0.7817638035948429	0.56375	799	2	1-5	0.8310183263662547
ENSMUSG00000078485.5:B2	label_permutation	0.5348927325577206	0.36	1774	1	1-5	0.7544698738907053
ENSMUSG00000078485.5:B3	label_permutation	2.5448811503606187e-10	0.05014084507042253	1774	1	1-5	0.608059383326989
ENSMUSG00000021288.20:B1	label_permutation	1.293820625971486e-05	0.7671232876712328	145	21	>20	0.9287863442473885
ENSMUSG00000021288.20:B2	label_permutation	3.945435497589812e-05	0.25956381837683234	2796	7	>20	0.7175608933892629
ENSMUSG00000027674.17:B2	label_permutation	0.2377057491698463	0.5306284805091488	1256	6	11-20	0.8159458505978583
ENSMUSG00000030087.12:B2	label_permutation	0.7181231399679463	0.5635687732342007	1344	2	6-10	0.8310183263662547
ENSMUSG00000032411.16:B2	label_permutation	0.7870720606415993	0.6489667800156945	3822	1	11-20	0.870748617082928
ENSMUSG00000040990.18:B1	label_permutation	4.123768577918685e-09	0.24444444444444444	44	12	1-5	0.7122255230009176
ENSMUSG00000040990.18:B2	label_permutation	0.4402718694072527	0.8152173913043478	91	8	6-10	0.9473558543059765
ENSMUSG00000049176.17:B1	label_permutation	2.2314639045788497e-06	0.2736156351791531	306	9	11-20	0.7223620429586104
ENSMUSG00000049176.17:B2	label_permutation	0.0231358528383659	0.3540175019888624	1256	6	11-20	0.7537910234770694
ENSMUSG00000062075.14:B1	label_permutation	0.8529304222905422	0.7080826575987444	3822	1	11-20	0.8975047696738888
ENSMUSG00000062075.14:B2	label_permutation	0.0121336102476493	0.1137546468401487	1344	2	6-10	0.6716996336354654
ENSMUSG00000000276.12:B1	label_permutation	0.9659877906792048	0.8733139832678846	5856	4	>20	0.9715731122406785
ENSMUSG00000000861.16:B1	label_permutation	0.0025490637618122	0.43452002542911633	3145	10	>20	0.782380158146246
ENSMUSG00000002625.11:B1	label_permutation	6.3129589021238055e-06	0.12335312002316491	6906	5	>20	0.6716996336354654
ENSMUSG00000005148.9:B1	label_permutation	0.2087802166744074	0.23773173391494	3667	2	11-20	0.7091982855276581
ENSMUSG00000007867.10:B1	label_permutation	0.8639454557744443	0.7577257981901998	5856	4	>20	0.9246439098393872
ENSMUSG00000014554.14:B1	label_permutation	0.8282466711117776	0.7414996622382346	4440	3	>20	0.9183298328630854
ENSMUSG00000017740.18:B1	label_permutation	7.81417977264862e-13	0.1920424403183024	3769	8	>20	0.6961513711090555
ENSMUSG00000019984.17:B1	label_permutation	0.901061519112606	0.8113037604143211	4440	3	>20	0.9451642501566595
ENSMUSG00000020422.15:B1	label_permutation	1.0	1.0	736	16	>20	1.0
ENSMUSG00000020850.15:B1	label_permutation	0.387713751995123	0.5132474301433329	6906	5	>20	0.8105527269044539
ENSMUSG00000021273.12:B1	label_permutation	0.1370974892783696	0.2507076425394258	2472	2	>20	0.7159464681922462
ENSMUSG00000021978.10:B1	label_permutation	3.059157078305524e-06	0.11929926161864775	6906	5	>20	0.6716996336354654
ENSMUSG00000022489.7:B1	label_permutation	0.9999999999915034	0.9696102967465141	2796	7	>20	1.0
ENSMUSG00000024188.17:B1	label_permutation	2.132880876033965e-06	0.27055702917771884	3769	8	>20	0.7203360339025302
ENSMUSG00000024713.17:B1	label_permutation	3.6234203422483325e-05	0.25956381837683234	2796	7	>20	0.7175608933892629
ENSMUSG00000025223.16:B1	label_permutation	0.5778555770083996	0.8501628664495114	306	9	11-20	0.9596681211972221
ENSMUSG00000025791.19:B1	label_permutation	0.0766998182127509	0.2711285641113198	5856	4	>20	0.7203360339025302
ENSMUSG00000026393.11:B1	label_permutation	0.2855023336858392	0.3826086956521739	2529	3	11-20	0.7631707880514113
ENSMUSG00000026842.17:B1	label_permutation	0.4966422231482666	0.5896964121435143	1086	5	11-20	0.8477948738506724
ENSMUSG00000027397.15:B1	label_permutation	0.5416507119969771	0.4751314193287505	2472	2	>20	0.7931230202857529
ENSMUSG00000027971.17:B1	label_permutation	0.0012619164397595	0.21167474822827304	5361	6	>20	0.706159550409116
ENSMUSG00000028514.16:B1	label_permutation	0.1538480588200748	0.3739684378167077	6906	5	>20	0.7605406188729243
ENSMUSG00000029016.14:B1	label_permutation	0.3119543023771649	0.49402023919043236	1086	5	11-20	0.8031408743650253
ENSMUSG00000029467.16:B1	label_permutation	4.559049033410954e-06	0.30514939605848695	3145	10	>20	0.7329591912450679
ENSMUSG00000030055.17:B2	label_permutation	0.6671185682530959	0.5987390227426256	4440	3	>20	0.852124703712352
ENSMUSG00000030660.10:B1	label_permutation	0.7127152619589237	0.5874967303165054	3822	1	11-20	0.8468030288885833
ENSMUSG00000031391.19:B1	label_permutation	0.0078294446559345	0.20486463008542058	6906	5	>20	0.7022365127526984
ENSMUSG00000031925.18:B1	label_permutation	2.704085241566055e-26	0.45454545454545453	208	22	>20	0.7899091613266671
ENSMUSG00000032356.13:B2	label_permutation	4.9116855577447985e-40	0.036872218690400506	3145	10	>20	0.5627402900130172
ENSMUSG00000032854.13:B1	label_permutation	0.3596705198752685	0.315742397137746	2235	1	6-10	0.7361177922528548
ENSMUSG00000033790.12:B1	label_permutation	1.6947008299566148e-18	0.028853754940711462	2529	3	11-20	0.5602707336478445
ENSMUSG00000034488.15:B1	label_permutation	0.7313654887123179	0.6496499914632065	5856	4	>20	0.870748617082928
ENSMUSG00000035189.18:B1	label_permutation	0.9983756001499914	0.88	799	2	1-5	0.9751938750308718
ENSMUSG00000036158.13:B1	label_permutation	9.555646552985522e-07	0.3852068839253021	2730	12	>20	0.7631707880514113
ENSMUSG00000037098.19:B1	label_permutation	3.5556209243097257e-12	0.1970822281167109	3769	8	>20	0.6994035248150303
ENSMUSG00000037885.19:B1	label_permutation	0.9684114111361344	0.8968863728265265	2472	2	>20	0.978711785934193
ENSMUSG00000038437.12:B1	label_permutation	9.079688913176909e-08	0.26255562619198985	3145	10	>20	0.7175608933892629
ENSMUSG00000039218.18:B1	label_permutation	2.907200539746221e-06	0.4079091907726108	2730	12	>20	0.7727217214989786
ENSMUSG00000040028.11:B1	label_permutation	3.3898578602962084e-15	0.02379182156133829	1344	2	6-10	0.5474559145934611
ENSMUSG00000040855.16:B1	label_permutation	0.9856888592807524	0.9115390183871435	6906	5	>20	0.9831912441113252
ENSMUSG00000041907.10:B1	label_permutation	0.999768913645806	0.9786084215266831	4440	3	>20	1.0
ENSMUSG00000043090.19:B1	label_permutation	0.0414709602013043	0.12790697674418605	2235	1	6-10	0.6716996336354654
ENSMUSG00000045515.5:B1	label_permutation	7.8617227067657875e-31	0.09224168752234536	2796	7	>20	0.6716996336354654
ENSMUSG00000048249.15:B1	label_permutation	4.472947869248593e-07	0.1363297277135397	5361	6	>20	0.6737987860703265
ENSMUSG00000051149.16:B1	label_permutation	0.4138077360711057	0.739961759082218	2091	9	>20	0.9176590758004523
ENSMUSG00000053119.12:B1	label_permutation	0.803654692631103	0.7517011727233242	6906	5	>20	0.9228562254653174
ENSMUSG00000055409.15:B1	label_permutation	0.1693083655414226	0.21374045801526717	3667	2	11-20	0.7079628451456929
ENSMUSG00000057691.9:B1	label_permutation	0.5099054916166561	0.500788110785859	4440	3	>20	0.8048246980763529
ENSMUSG00000059851.16:B1	label_permutation	0.3103518882031483	0.7688356164383562	583	8	11-20	0.9298559059188422
ENSMUSG00000062098.12:B1	label_permutation	4.991012526326045e-34	0.018387143477631387	6906	5	>20	0.5304436768848043
ENSMUSG00000066043.14:B1	label_permutation	0.6862956632677715	0.6531365313653137	2167	4	11-20	0.8729493357351947
ENSMUSG00000070304.13:B1	label_permutation	0.5884729709022974	0.6224120457506878	6906	5	>20	0.860790285075356
ENSMUSG00000098202.3:B1	label_permutation	5.780676034965482e-14	0.3463302752293578	435	15	>20	0.7472963416998167
ENSMUSG00000017119.21:B2	label_permutation	1.4196472853241193e-35	0.013631406761177753	3667	2	11-20	0.5304436768848043
ENSMUSG00000017119.21:B4	label_permutation	0.4659356931725731	0.5768169273229071	1086	5	11-20	0.8397720807585607
ENSMUSG00000017119.21:B5	label_permutation	0.4757274916038532	0.578656853725851	1086	5	11-20	0.8410862658464183
ENSMUSG00000030016.15:B1	label_permutation	1.5031159119271636e-05	0.42841450018308314	2730	12	>20	0.7803995295754584
ENSMUSG00000030016.15:B2	label_permutation	6.894848744143547e-33	0.030585602387168967	5361	6	>20	0.5627402900130172
ENSMUSG00000030016.15:B3	label_permutation	1.4270372232891934e-24	0.39971550497866287	702	24	>20	0.7697525625919571
ENSMUSG00000030016.15:B4	label_permutation	1.0390093906649903e-25	0.2192448233861145	820	18	>20	0.7091982855276581
ENSMUSG00000004980.17:B1	label_permutation	5.41789389924842e-05	0.5947556615017878	838	14	>20	0.8514955796802711
ENSMUSG00000004980.17:B2	label_permutation	0.0004860985267684	0.2870933142652842	2796	7	>20	0.7267803830666978
ENSMUSG00000004980.17:B3	label_permutation	0.0035215698022914	0.32391848409009655	2796	7	>20	0.740347424896211
ENSMUSG00000021488.9:B1	label_permutation	1.555736166119583e-38	0.2583732057416268	208	22	>20	0.7175608933892629
ENSMUSG00000021488.9:B2	label_permutation	8.79300050433019e-35	0.1777150916784203	708	11	>20	0.6907662883605332
ENSMUSG00000021488.9:B3	label_permutation	7.471962726073785e-51	0.30927835051546393	96	33	>20	0.7329591912450679
ENSMUSG00000027646.16:B2	label_permutation	0.9574755148314243	0.7947955390334572	1344	2	6-10	0.939722683436923
ENSMUSG00000031918.17:B1	label_permutation	2.3296811100819216e-31	0.07247298156389065	3145	10	>20	0.658935462200628
ENSMUSG00000031918.17:B2	label_permutation	0.9981689619580472	0.9335456782973794	6906	5	>20	0.995310742866943
ENSMUSG00000031918.17:B3	label_permutation	0.0095182113087174	0.20993195309106705	6906	5	>20	0.7053545808613133
ENSMUSG00000040964.17:B2	label_permutation	0.000175569955921	0.27457990704326063	2796	7	>20	0.7223620429586104
ENSMUSG00000040964.17:B3	label_permutation	0.8105845166604693	0.8523417947801215	2796	7	>20	0.9603826759912836
ENSMUSG00000078812.11:B2	label_permutation	0.2087437911242442	0.2550185873605948	1344	2	6-10	0.7175608933892629
ENSMUSG00000021451.17:B1	label_permutation	1.0	1.0	3667	2	11-20	1.0
ENSMUSG00000021451.17:B2	label_permutation	0.5197742292655767	0.4559246664922835	3822	1	11-20	0.7912910652813838
ENSMUSG00000024431.16:B1	label_permutation	0.1050474562728282	0.5485411140583555	3769	8	>20	0.8263670006561997
ENSMUSG00000024431.16:B2	label_permutation	0.3658101160041431	0.4492060781970292	5856	4	>20	0.7882194114557239
ENSMUSG00000027797.16:B1	label_permutation	3.088184347272401e-09	0.5602923264311814	820	18	>20	0.8310183263662547
ENSMUSG00000027797.16:B2	label_permutation	6.317089098112718e-59	0.020689655172413793	144	27	>20	0.5304436768848043
ENSMUSG00000030101.16:B1	label_permutation	0.3863238682297233	0.46201126856752606	5856	4	>20	0.7913805776931528
ENSMUSG00000030101.16:B2	label_permutation	1.0	1.0	91	8	6-10	1.0
ENSMUSG00000032423.13:B1	label_permutation	1.0	1.0	79	20	11-20	1.0
ENSMUSG00000032423.13:B2	label_permutation	0.4196527837005431	0.5284493991602722	6906	5	>20	0.8148719459982858
ENSMUSG00000037426.19:B1	label_permutation	0.7118652288084188	0.669280442804428	2167	4	11-20	0.8798890556294956
ENSMUSG00000037426.19:B2	label_permutation	0.7134617139895783	0.5989640130861504	3667	2	11-20	0.852124703712352
ENSMUSG00000041235.13:B1	label_permutation	2.3619947203876423e-14	0.16283524904214558	521	10	11-20	0.6847722369731165
ENSMUSG00000041235.13:B2	label_permutation	3.061883653773532e-22	0.035342325422571284	5856	4	>20	0.5627402900130172
ENSMUSG00000049583.16:B1	label_permutation	0.0002431562698687	0.7598371777476255	736	16	>20	0.9249037157580688
ENSMUSG00000049583.16:B2	label_permutation	0.0317452527472663	0.46206896551724136	3769	8	>20	0.7913805776931528
ENSMUSG00000062078.16:B1	label_permutation	8.044009858586721e-10	0.22148541114058357	3769	8	>20	0.7091982855276581
ENSMUSG00000062078.16:B2	label_permutation	2.1124433316733308e-27	0.2062415196743555	736	16	>20	0.7033559673028593
ENSMUSG00000000305.13:B1	label_permutation	3.0497419781858502e-92	0.001326259946949602	3769	8	>20	0.5304436768848043
ENSMUSG00000000881.13:B1	label_permutation	1.1910979041127212e-29	0.02100051220761482	5856	4	>20	0.5304436768848043
ENSMUSG00000002833.12:B1	label_permutation	0.4442256832041298	0.4245855236554792	2472	2	>20	0.7792463358448585
ENSMUSG00000005198.16:B1	label_permutation	3.407939684637634e-38	0.01678478179783663	5361	6	>20	0.5304436768848043
ENSMUSG00000007880.17:B1	label_permutation	0.3147859081578693	0.8321579689703809	708	11	>20	0.9522354764360698
ENSMUSG00000014592.22:B1	label_permutation	0.9817705790872596	0.9397705544933078	2091	9	>20	0.9980474504169166
ENSMUSG00000017760.17:B1	label_permutation	1.937938802245816e-19	0.03679852805887764	1086	5	11-20	0.5627402900130172
ENSMUSG00000019986.18:B1	label_permutation	1.0	1.0	3145	10	>20	1.0
ENSMUSG00000020435.18:B1	label_permutation	0.0016617101322308	0.137484836231298	2472	2	>20	0.6737987860703265
ENSMUSG00000020863.16:B2	label_permutation	0.0001455571933467	0.46544428772919605	708	11	>20	0.7919789605767549
ENSMUSG00000021275.17:B1	label_permutation	0.999960218236182	0.951340276592112	5856	4	>20	1.0
ENSMUSG00000021983.17:B1	label_permutation	4.09822665024996e-33	0.017415058903875704	5856	4	>20	0.5304436768848043
ENSMUSG00000022494.16:B1	label_permutation	0.0091714319120866	0.16212564737671695	4440	3	>20	0.6847722369731165
ENSMUSG00000022973.19:B1	label_permutation	2.238922790962757e-39	0.03289124668435013	3769	8	>20	0.5627402900130172
ENSMUSG00000024201.13:B1	label_permutation	0.5307189701227122	0.5571955719557196	2167	4	11-20	0.8300586093510337
ENSMUSG00000024735.14:B1	label_permutation	0.1973442665256187	0.3391304347826087	2529	3	11-20	0.7445807850839993
ENSMUSG00000025227.15:B1	label_permutation	0.63632943435675	0.5406389001213101	2472	2	>20	0.8206386545317301
ENSMUSG00000025793.18:B1	label_permutation	0.3197461209380046	0.4212053952535428	5856	4	>20	0.7780768252378125
ENSMUSG00000026421.15:B1	label_permutation	0.0001590134059274	0.10290475118216617	4440	3	>20	0.6716996336354654
ENSMUSG00000026843.16:B1	label_permutation	0.455832361448249	0.49615844288885097	5856	4	>20	0.8037050300513626
ENSMUSG00000027405.17:B1	label_permutation	0.5516788691670946	0.5239810853411394	4440	3	>20	0.8138069195881308
ENSMUSG00000027977.16:B1	label_permutation	1.0909635800581934e-11	0.03244274809160305	3667	2	11-20	0.5627402900130172
ENSMUSG00000028519.17:B1	label_permutation	1.3558631200816843e-28	0.031706963949616335	6906	5	>20	0.5627402900130172
ENSMUSG00000029033.17:B1	label_permutation	0.3617375848803436	0.4469865118661431	5856	4	>20	0.787950087522443
ENSMUSG00000029471.14:B1	label_permutation	6.847318887341061e-41	0.025026814444047193	2796	7	>20	0.5483423779172124
ENSMUSG00000030058.18:B1	label_permutation	0.0814494666444032	0.31591139423772985	6906	5	>20	0.7361177922528548
ENSMUSG00000030683.12:B1	label_permutation	1.0	1.0	3769	8	>20	1.0
ENSMUSG00000031425.16:B1	label_permutation	0.1889523002008162	0.6092838196286472	3769	8	>20	0.8563407693216996
ENSMUSG00000031928.16:B1	label_permutation	0.0794022027796204	0.14700496991891185	3822	1	11-20	0.6769750481719067
ENSMUSG00000032373.16:B1	label_permutation	0.4968170973594554	0.41357688113413305	3667	2	11-20	0.7732164440203563
ENSMUSG00000032855.7:B1	label_permutation	3.981291710896746e-38	0.1311706629055007	708	11	>20	0.6716996336354654
ENSMUSG00000033819.17:B1	label_permutation	0.003239275333512	0.1443590780428629	2472	2	>20	0.6753453621929444
ENSMUSG00000034518.15:B1	label_permutation	0.5924340370868153	0.5617210175857947	5856	4	>20	0.8310183263662547
ENSMUSG00000035245.13:B1	label_permutation	4.20938040645518e-32	0.010582010582010581	566	3	6-10	0.5304436768848043
ENSMUSG00000036218.17:B1	label_permutation	0.6016273803989438	0.5124247972796233	3822	1	11-20	0.8105527269044539
ENSMUSG00000037103.9:B1	label_permutation	0.4094925063189394	0.27211267605633804	1774	1	1-5	0.7203360339025302
ENSMUSG00000037907.17:B1	label_permutation	0.2642970602039423	0.41928044280442806	2167	4	11-20	0.7769943634574258
ENSMUSG00000038481.14:B1	label_permutation	0.5306786034401799	0.5185185185185185	566	3	6-10	0.8135276880867505
ENSMUSG00000039220.17:B1	label_permutation	2.1749347197576122e-13	0.06347746090156393	1086	5	11-20	0.6350498279162136
ENSMUSG00000040033.17:B1	label_permutation	0.8160063479824025	0.7205053781799556	5856	4	>20	0.9058301013991205
ENSMUSG00000040857.16:B1	label_permutation	0.2724673763226965	0.33924254633360196	1240	1	>20	0.7445807850839993
ENSMUSG00000041923.16:B1	label_permutation	0.0733549021474698	0.23981085341139383	4440	3	>20	0.7102004579935987
ENSMUSG00000043154.16:B1	label_permutation	0.1124676259418994	0.3191881918819188	2167	4	11-20	0.737485796588141
ENSMUSG00000048251.16:B1	label_permutation	0.0023518129535058	0.31390775831247764	2796	7	>20	0.7361177922528548
ENSMUSG00000051177.17:B1	label_permutation	6.550819448728519e-36	0.049586776859504134	3145	10	>20	0.608059383326989
ENSMUSG00000053199.14:B1	label_permutation	0.8892358097089295	0.9045092838196287	3769	8	>20	0.9824853009060661
ENSMUSG00000055421.9:B1	label_permutation	8.838049707720353e-05	0.8422273781902552	430	20	>20	0.95684131707921
ENSMUSG00000057715.14:B1	label_permutation	8.250743571054324e-32	0.07718832891246684	3769	8	>20	0.6634744498321522
ENSMUSG00000059857.16:B1	label_permutation	5.066729613181806e-38	0.05	79	20	11-20	0.608059383326989
ENSMUSG00000062115.16:B1	label_permutation	3.767934528976789e-25	0.14779499404052443	838	14	>20	0.6769750481719067
ENSMUSG00000066129.18:B1	label_permutation	1.0	1.0	2091	9	>20	1.0
ENSMUSG00000070366.6:B1	label_permutation	0.9895603009162282	0.8850045998160073	1086	5	11-20	0.9754015534112878
ENSMUSG00000087038.11:B1	label_permutation	5.894718081194193e-09	0.07070479621706822	4440	3	>20	0.658935462200628
ENSMUSG00000019558.15:B2	label_permutation	0.1186051916840136	0.43342036553524804	5361	6	>20	0.7816548151755056
ENSMUSG00000019558.15:B3	label_permutation	0.0662234813963363	0.3784035807534502	5361	6	>20	0.7631707880514113
ENSMUSG00000019558.15:B4	label_permutation	0.0020152448744214	0.6896551724137931	405	12	11-20	0.888284919453969
ENSMUSG00000030067.18:B2	label_permutation	1.5255890948485448e-35	0.05172413793103448	3769	8	>20	0.6104246415972379
ENSMUSG00000030067.18:B3	label_permutation	0.0003125626308251	0.31618037135278515	3769	8	>20	0.7361177922528548
ENSMUSG00000030067.18:B5	label_permutation	1.0123118282410663e-10	0.1092875792614696	5361	6	>20	0.6716996336354654
ENSMUSG00000005069.13:B1	label_permutation	0.2625339146124098	0.3403880070546737	566	3	6-10	0.7445807850839993
ENSMUSG00000005069.13:B2	label_permutation	0.3047530927697255	0.29144981412639404	1344	2	6-10	0.7277459433406522
ENSMUSG00000005069.13:B3	label_permutation	0.5528709318858764	0.49016100178890876	2235	1	6-10	0.8004182772216153
ENSMUSG00000021668.16:B1	label_permutation	2.001394607851029e-05	0.12879484820607176	1086	5	11-20	0.6716996336354654
ENSMUSG00000021668.16:B2	label_permutation	5.2848451027743056e-14	0.17049808429118773	521	10	11-20	0.6865745742860391
ENSMUSG00000021668.16:B3	label_permutation	0.0715922363310295	0.31646734130634774	1086	5	11-20	0.7361177922528548
ENSMUSG00000027651.17:B2	label_permutation	0.6462999908988534	0.5500894454382826	2235	1	6-10	0.826763331772505
ENSMUSG00000027651.17:B3	label_permutation	3.705470809875256e-05	0.08184257602862254	2235	1	6-10	0.6634744498321522
ENSMUSG00000031959.16:B1	label_permutation	0.0094911784940515	0.2717269675494219	5361	6	>20	0.7203360339025302
ENSMUSG00000031959.16:B2	label_permutation	0.0689344381798602	0.2362080612474668	4440	3	>20	0.7091982855276581
ENSMUSG00000031959.16:B3	label_permutation	0.0005239070107876	0.11438865120468363	4440	3	>20	0.6716996336354654
ENSMUSG00000041119.13:B1	label_permutation	1.0	1.0	702	24	>20	1.0
ENSMUSG00000041119.13:B5	label_permutation	0.9951666355211098	0.9660574412532638	5361	6	>20	1.0
ENSMUSG00000041119.13:B6	label_permutation	4.487199614328701e-17	0.22079824240205054	2730	12	>20	0.7091982855276581
ENSMUSG00000084925.9:B2	label_permutation	0.9638605888215572	0.8783842478644853	6906	5	>20	0.9738440007854231
ENSMUSG00000084925.9:B3	label_permutation	0.9638606032647582	0.8783842478644853	6906	5	>20	0.9738440007854231
ENSMUSG00000021684.18:B1	label_permutation	0.5841282833921251	0.47600872410032713	3667	2	11-20	0.7939598901843806
ENSMUSG00000021684.18:B4	label_permutation	0.6318277533572494	0.5286424274130265	3822	1	11-20	0.8148719459982858
ENSMUSG00000024456.17:B1	label_permutation	3.119272053015851e-15	0.1417624521072797	521	10	11-20	0.6746982879173822
ENSMUSG00000024456.17:B2	label_permutation	0.6937840644715805	0.6816927322907084	1086	5	11-20	0.8863198373552182
ENSMUSG00000027827.18:B1	label_permutation	0.166217044501582	0.21264994547437296	3667	2	11-20	0.706785411365564
ENSMUSG00000027827.18:B2	label_permutation	0.2902905515691275	0.2665445984828669	3822	1	11-20	0.7203360339025302
ENSMUSG00000037503.13:B2	label_permutation	0.2175622247821989	0.41856088026639643	6906	5	>20	0.7760797509700331
ENSMUSG00000041353.13:B1	label_permutation	0.4054856429632797	0.7161803713527851	3769	8	>20	0.9024154243920098
ENSMUSG00000041353.13:B2	label_permutation	0.7822592616030294	0.6952364691821752	5856	4	>20	0.8922438596461447
ENSMUSG00000049676.15:B1	label_permutation	1.0	1.0	799	2	1-5	1.0
ENSMUSG00000049676.15:B2	label_permutation	6.484945878696589e-07	0.06422535211267606	1774	1	1-5	0.6350498279162136
ENSMUSG00000062169.14:B1	label_permutation	0.8100752986569971	0.6829334787350054	3667	2	11-20	0.8863198373552182
ENSMUSG00000062169.14:B2	label_permutation	1.3670557795031656e-18	0.01826608505997819	3667	2	11-20	0.5304436768848043
ENSMUSG00000000308.15:B1	label_permutation	0.9941506081866094	0.9548300536672629	2235	1	6-10	1.0
ENSMUSG00000001036.18:B1	label_permutation	0.0166913250842395	0.29447967176426704	5361	6	>20	0.7277459433406522
ENSMUSG00000002963.18:B1	label_permutation	0.3563316658977949	0.37970076829761423	2472	2	>20	0.7631707880514113
ENSMUSG00000005225.16:B1	label_permutation	0.9831667768735628	0.9086715867158671	2167	4	11-20	0.9825822453164573
ENSMUSG00000008036.12:B1	label_permutation	2.6964029724278995e-05	0.06434737117447031	3822	1	11-20	0.6350498279162136
ENSMUSG00000014668.16:B1	label_permutation	0.6774957640152091	0.7540096978739277	5361	6	>20	0.9228562254653174
ENSMUSG00000017781.18:B1	label_permutation	0.0291378660356514	0.3643595863166269	1256	6	11-20	0.7579422641644437
ENSMUSG00000019996.18:B1	label_permutation	1.758521814591644e-05	0.15852293920179036	5361	6	>20	0.6847722369731165
ENSMUSG00000020448.17:B1	label_permutation	0.9402207342039284	0.8465084514256446	5856	4	>20	0.9579529436435982
ENSMUSG00000020894.17:B1	label_permutation	9.247029545009e-06	0.3150031786395423	3145	10	>20	0.7361177922528548
ENSMUSG00000021277.17:B1	label_permutation	0.1164603650249959	0.28300395256916994	2529	3	11-20	0.7246986373555707
ENSMUSG00000021991.10:B1	label_permutation	0.2378199108419021	0.3113627173473514	2472	2	>20	0.7337188718579608
ENSMUSG00000022498.17:B1	label_permutation	0.2429730880698927	0.408210332103321	2167	4	11-20	0.7727217214989786
ENSMUSG00000022983.17:B1	label_permutation	0.4069947662031963	0.47430425132320303	5856	4	>20	0.7926722340846395
ENSMUSG00000024213.15:B1	label_permutation	1.4349765566626105e-07	0.2247557003257329	306	9	11-20	0.7091982855276581
ENSMUSG00000024736.16:B1	label_permutation	0.4255168949529155	0.4592885375494071	2529	3	11-20	0.7912910652813838
ENSMUSG00000025228.6:B1	label_permutation	1.434647034357413e-20	0.03311867525298988	1086	5	11-20	0.5627402900130172
ENSMUSG00000025855.14:B1	label_permutation	0.0421270578958298	0.27016070652960766	6906	5	>20	0.7203360339025302
ENSMUSG00000026425.16:B1	label_permutation	2.1599785204575428e-33	0.01983495005067323	6906	5	>20	0.5304436768848043
ENSMUSG00000026854.17:B1	label_permutation	0.0383774120571506	0.7034053460270963	2730	12	>20	0.8944033931467131
ENSMUSG00000027406.14:B1	label_permutation	0.1374517207071409	0.31466621137100903	5856	4	>20	0.7361177922528548
ENSMUSG00000027981.15:B1	label_permutation	0.8698743597988156	0.8784411869860564	2796	7	>20	0.9738440007854231
ENSMUSG00000028524.22:B1	label_permutation	0.0088598314473868	0.20819458520341683	6906	5	>20	0.7042861991405742
ENSMUSG00000029034.10:B1	label_permutation	0.8553235509898098	0.7344601962922573	3667	2	11-20	0.9144926999184761
ENSMUSG00000029486.15:B1	label_permutation	0.0179893238101396	0.20044391326617722	5856	4	>20	0.6994035248150303
ENSMUSG00000030091.18:B1	label_permutation	0.010940950538667	0.165728439540644	4440	3	>20	0.6847722369731165
ENSMUSG00000030691.16:B1	label_permutation	2.254588439457691e-62	0.0038240917782026767	2091	9	>20	0.5304436768848043
ENSMUSG00000031428.12:B1	label_permutation	0.5702464232606964	0.7038418500559492	5361	6	>20	0.8944033931467131
ENSMUSG00000031955.11:B1	label_permutation	0.1872791269391447	0.18375	799	2	1-5	0.6917315104013201
ENSMUSG00000032376.13:B1	label_permutation	0.1278708233193692	0.17080826575987446	3822	1	11-20	0.6865745742860391
ENSMUSG00000032875.9:B1	label_permutation	1.4464675589396855e-45	0.013228459063282088	2796	7	>20	0.5304436768848043
ENSMUSG00000033871.15:B1	label_permutation	0.6713075281134	0.6114051562233225	5856	4	>20	0.8582910945738498
ENSMUSG00000034543.16:B1	label_permutation	0.1409549689079519	0.17577818467172376	3822	1	11-20	0.6888355586218554
ENSMUSG00000035248.10:B1	label_permutation	0.5910545947293737	0.623425510351817	6906	5	>20	0.860790285075356
ENSMUSG00000036256.14:B1	label_permutation	0.0777199082689123	0.1476056338028169	1774	1	1-5	0.6769750481719067
ENSMUSG00000037110.21:B1	label_permutation	0.0118451548663738	0.1684305336635893	4440	3	>20	0.6847722369731165
ENSMUSG00000037933.17:B1	label_permutation	2.9614240148042106e-05	0.13319820471984942	6906	5	>20	0.6716996336354654
ENSMUSG00000038485.7:B1	label_permutation	0.9999999996514192	0.9496163312581439	6906	5	>20	1.0
ENSMUSG00000039234.12:B1	label_permutation	0.968043939030259	0.9024994370637244	4440	3	>20	0.9818918707368892
ENSMUSG00000040037.14:B1	label_permutation	1.4197540647208036e-23	0.16807030391797875	2730	12	>20	0.6847722369731165
ENSMUSG00000040907.16:B1	label_permutation	0.4060451667300735	0.7946598855689765	3145	10	>20	0.939722683436923
ENSMUSG00000041936.19:B2	label_permutation	3.267169204582204e-33	0.12302070645554203	820	18	>20	0.6716996336354654
ENSMUSG00000043259.16:B1	label_permutation	0.8189631705008933	0.6919302071973827	3667	2	11-20	0.8893414035218151
ENSMUSG00000045636.17:B1	label_permutation	0.9437172630861302	0.6754929577464789	1774	1	1-5	0.8841170796131632
ENSMUSG00000048264.17:B1	label_permutation	0.9837545642403316	0.926367935149741	4440	3	>20	0.9922685426156332
ENSMUSG00000051223.15:B1	label_permutation	0.8459766720123003	0.7428717773604234	5856	4	>20	0.9185080366536842
ENSMUSG00000053333.16:B1	label_permutation	0.4811545556214323	0.417734763274915	3822	1	11-20	0.7760797509700331
ENSMUSG00000055436.19:B1	label_permutation	2.8549513862213094e-15	0.20076481835564053	2091	9	>20	0.6994035248150303
ENSMUSG00000057716.8:B1	label_permutation	0.0002303001299777	0.37380801017164655	3145	10	>20	0.7605406188729243
ENSMUSG00000059890.17:B1	label_permutation	0.7385459121196101	0.621319520174482	3667	2	11-20	0.860790285075356
ENSMUSG00000062151.14:B1	label_permutation	0.0483508601105022	0.2785579846532503	6906	5	>20	0.7246986373555707
ENSMUSG00000066151.13:B1	label_permutation	3.157716615244895e-31	0.15225334957369063	820	18	>20	0.6835839160839161
ENSMUSG00000070509.16:B1	label_permutation	0.0470439408905789	0.21684305336635892	4440	3	>20	0.7091982855276581
ENSMUSG00000087203.9:B1	label_permutation	0.2319267769961126	0.22182468694096602	2235	1	6-10	0.7091982855276581
ENSMUSG00000024163.18:B1	label_permutation	7.851790718056733e-59	0.020689655172413793	144	27	>20	0.5304436768848043
ENSMUSG00000024163.18:B2	label_permutation	3.697284551760764e-08	0.25717017208413	2091	9	>20	0.7175608933892629
ENSMUSG00000024163.18:B3	label_permutation	5.2383746239185765e-39	0.04780114722753346	2091	9	>20	0.6058862926834537
ENSMUSG00000024163.18:B4	label_permutation	7.779905603718305e-32	0.146163215590743	820	18	>20	0.6769750481719067
ENSMUSG00000024163.18:B5	label_permutation	5.081645477208241e-25	0.15296367112810708	2091	9	>20	0.6835868504368111
ENSMUSG00000024163.18:B6	label_permutation	5.892172685966817e-23	0.129973474801061	3769	8	>20	0.6716996336354654
ENSMUSG00000001419.18:B1	label_permutation	0.0049935898294516	0.2474822827303245	5361	6	>20	0.7127381867912488
ENSMUSG00000001419.18:B2	label_permutation	0.0030277969874075	0.2331219694143976	5361	6	>20	0.7091982855276581
ENSMUSG00000001419.18:B3	label_permutation	1.0562262815317058e-09	0.11506900410294667	5361	6	>20	0.6716996336354654
ENSMUSG00000018412.17:B1	label_permutation	0.2245359905144489	0.8370560234346394	2730	12	>20	0.954899236492365
ENSMUSG00000018412.17:B2	label_permutation	0.0147239134720488	0.28869824692279	5361	6	>20	0.7277459433406522
ENSMUSG00000018412.17:B3	label_permutation	0.4465729817465064	0.6404326743752331	5361	6	>20	0.8680883840706338
ENSMUSG00000024392.18:B1	label_permutation	0.2482018946468164	0.4372375850586362	6906	5	>20	0.7830757215815937
ENSMUSG00000024392.18:B2	label_permutation	0.4414240398733079	0.5400318517446069	6906	5	>20	0.8206386545317301
ENSMUSG00000024392.18:B7	label_permutation	0.0002467211040227	0.3747616020343293	3145	10	>20	0.7605406188729243
ENSMUSG00000029420.15:B1	label_permutation	1.7209862090744005e-22	0.17878426698450536	838	14	>20	0.6907662883605332
ENSMUSG00000029420.15:B3	label_permutation	2.007307949681653e-05	0.25455845548802286	2796	7	>20	0.7175608933892629
ENSMUSG00000029420.15:B6	label_permutation	6.411245365215593e-05	0.2642116553450125	2796	7	>20	0.7193675349108442
ENSMUSG00000036712.16:B1	label_permutation	1.3093440264219555e-09	0.23140495867768596	3145	10	>20	0.7091982855276581
ENSMUSG00000036712.16:B2	label_permutation	2.6291244151652363e-06	0.2956134774316593	3145	10	>20	0.7277459433406522
ENSMUSG00000036712.16:B3	label_permutation	0.9999833490770964	0.9461415954828435	6906	5	>20	1.0
ENSMUSG00000053819.17:B1	label_permutation	1.8549316125131294e-19	0.1933357744415965	2730	12	>20	0.6977932517214355
ENSMUSG00000053819.17:B2	label_permutation	0.0690724164689981	0.26310397814580844	5856	4	>20	0.7179991088838531
ENSMUSG00000053819.17:B3	label_permutation	0.2231553155037182	0.3699846337715554	5856	4	>20	0.7605406188729243
ENSMUSG00000004347.18:B1	label_permutation	1.0	1.0	83	6	1-5	1.0
ENSMUSG00000004347.18:B2	label_permutation	0.2923849805431061	0.59375	31	5	1-5	0.8511681309904153
ENSMUSG00000022800.15:B1	label_permutation	0.9786619935098468	0.8927738927738927	428	4	6-10	0.9775463759016397
ENSMUSG00000022800.15:B3	label_permutation	0.9440583645423036	0.841330425299891	3667	2	11-20	0.95684131707921
ENSMUSG00000026469.15:B1	label_permutation	0.0073935048657946	0.4723458359821996	3145	10	>20	0.7926722340846395
ENSMUSG00000026469.15:B2	label_permutation	0.0025629587445822	0.17880411177066743	6906	5	>20	0.6907662883605332
ENSMUSG00000028759.14:B1	label_permutation	0.0010913217555448	0.5316733797143903	2730	12	>20	0.8167129252921839
ENSMUSG00000028759.14:B2	label_permutation	3.1989390777325363e-54	0.006340917568071615	5361	6	>20	0.5304436768848043
ENSMUSG00000031337.17:B1	label_permutation	0.8637103830781904	0.8552108194112967	1256	6	11-20	0.9619220346373043
ENSMUSG00000034210.15:B1	label_permutation	0.0397726788620858	0.13440567066521264	3667	2	11-20	0.6716996336354654
ENSMUSG00000034210.15:B2	label_permutation	0.9837949985549092	0.9191734240125556	3822	1	11-20	0.9873907477961066
ENSMUSG00000039219.19:B1	label_permutation	0.0326987802721583	0.4147300679299249	2796	7	>20	0.773760421954916
ENSMUSG00000039219.19:B4	label_permutation	0.0755623906818425	0.8533969010727056	838	14	>20	0.9606602847750201
ENSMUSG00000043051.18:B1	label_permutation	0.1461350145576783	0.2907002927268633	4440	3	>20	0.7277459433406522
ENSMUSG00000055447.20:B1	label_permutation	1.3759729348095867e-25	0.13825983313468415	838	14	>20	0.6737987860703265
ENSMUSG00000055447.20:B4	label_permutation	2.2576549267023927e-39	0.03360743653914909	2796	7	>20	0.5627402900130172
ENSMUSG00000079056.13:B1	label_permutation	6.732479834212918e-23	0.13076923076923078	3769	8	>20	0.6716996336354654
ENSMUSG00000079056.13:B2	label_permutation	0.610138369466823	0.5719651698821923	5856	4	>20	0.8348756399679234
ENSMUSG00000001768.17:B1	label_permutation	7.253385853586689e-07	0.09583501819652245	2472	2	>20	0.6716996336354654
ENSMUSG00000004071.14:B1	label_permutation	0.9837388452794076	0.9149882291394194	3822	1	11-20	0.9845058920874592
ENSMUSG00000006304.15:B1	label_permutation	1.0	1.0	2796	7	>20	1.0
ENSMUSG00000010154.8:B1	label_permutation	0.7590693202212564	0.656287909421755	2472	2	>20	0.8729493357351947
ENSMUSG00000016179.12:B1	label_permutation	6.113498414416563e-10	0.06304886286872326	4440	3	>20	0.6350498279162136
ENSMUSG00000018995.13:B1	label_permutation	0.9662695000735904	0.8869263066454321	6906	5	>20	0.9754015534112878
ENSMUSG00000020184.16:B1	label_permutation	0.9832297108934503	0.9086434052410598	6906	5	>20	0.9825822453164573
ENSMUSG00000020627.11:B1	label_permutation	0.0707814050427253	0.29059040590405905	2167	4	11-20	0.7277459433406522
ENSMUSG00000021090.17:B1	label_permutation	0.1946731390017151	0.3800738007380074	2167	4	11-20	0.7631707880514113
ENSMUSG00000021687.15:B1	label_permutation	0.0059050874167423	0.4400684931506849	583	8	11-20	0.7841887723459584
ENSMUSG00000022263.11:B1	label_permutation	3.749685236510199e-11	0.2076923076923077	3769	8	>20	0.703863583546363
ENSMUSG00000022701.19:B1	label_permutation	0.0957970923983718	0.2580499887412745	4440	3	>20	0.7175608933892629
ENSMUSG00000023868.18:B1	label_permutation	8.743097760742582e-13	0.580046403712297	430	20	>20	0.842082227388737
ENSMUSG00000024462.18:B1	label_permutation	2.362058126874949e-34	0.4573643410852713	128	30	>20	0.7912910652813838
ENSMUSG00000024949.18:B1	label_permutation	0.1815561475155941	0.3938033878673809	6906	5	>20	0.7659655217138764
ENSMUSG00000025425.19:B1	label_permutation	0.172099812805757	0.30826390452600766	4440	3	>20	0.7329591912450679
ENSMUSG00000026623.17:B1	label_permutation	0.7747827816780706	0.8099589705333831	5361	6	>20	0.9444609929270504
ENSMUSG00000027018.12:B1	label_permutation	0.3767744735298169	0.2540845070422535	1774	1	1-5	0.7175608933892629
ENSMUSG00000027663.13:B1	label_permutation	0.0338758333279011	0.21304347826086956	2529	3	11-20	0.7070265116252828
ENSMUSG00000028184.13:B1	label_permutation	4.687343871740058e-21	0.29579375848032563	736	16	>20	0.7277459433406522
ENSMUSG00000028797.21:B1	label_permutation	1.1010627348178795e-81	0.013285296104480973	4440	3	>20	0.5304436768848043
ENSMUSG00000029190.20:B1	label_permutation	0.0511202349685603	0.2815983784566382	6906	5	>20	0.7246986373555707
ENSMUSG00000029705.18:B1	label_permutation	0.596635090409232	0.6274793687563341	6906	5	>20	0.862727258311331
ENSMUSG00000030302.18:B1	label_permutation	1.3045549841592867e-10	0.29805931893079457	2730	12	>20	0.7277459433406522
ENSMUSG00000031028.15:B1	label_permutation	1.0	1.0	6906	5	>20	1.0
ENSMUSG00000031668.15:B1	label_permutation	1.2037208964385574e-50	0.00939047293836435	5856	4	>20	0.5304436768848043
ENSMUSG00000032131.17:B1	label_permutation	0.7265988536753414	0.6275778406793369	2472	2	>20	0.862727258311331
ENSMUSG00000032547.13:B1	label_permutation	0.7012163797169231	0.6288202151271982	5856	4	>20	0.8633770823977168
ENSMUSG00000033287.18:B1	label_permutation	0.0543864378378612	0.1420392584514722	3667	2	11-20	0.6746982879173822
ENSMUSG00000034145.15:B1	label_permutation	1.0	1.0	838	14	>20	1.0
ENSMUSG00000034858.17:B1	label_permutation	0.0017182649594602	0.12845849802371542	2529	3	11-20	0.6716996336354654
ENSMUSG00000035713.16:B1	label_permutation	0.9361087967946592	0.8072194611561601	3822	1	11-20	0.9432709920726544
ENSMUSG00000036606.18:B1	label_permutation	0.0055309745302145	0.16783336178931194	5856	4	>20	0.6847722369731165
ENSMUSG00000037428.15:B1	label_permutation	0.5689580017976686	0.6093817865933111	6906	5	>20	0.8563407693216996
ENSMUSG00000038172.15:B1	label_permutation	0.1685766362210662	0.6897647806738716	3145	10	>20	0.888284919453969
ENSMUSG00000038738.16:B1	label_permutation	2.177911927459813e-39	0.06371292566825339	2730	12	>20	0.6350498279162136
ENSMUSG00000040481.18:B1	label_permutation	1.1665167812672716e-35	0.15796897038081806	708	11	>20	0.6847722369731165
ENSMUSG00000041324.15:B1	label_permutation	1.973509524355377e-09	0.07222127368960218	5856	4	>20	0.658935462200628
ENSMUSG00000042404.17:B1	label_permutation	0.8265535327513793	0.7640075285941799	6906	5	>20	0.9280188903091731
ENSMUSG00000044365.16:B1	label_permutation	0.7700899921578417	0.6423118865866958	3667	2	11-20	0.8680883840706338
ENSMUSG00000047126.18:B1	label_permutation	1.935105547548533e-19	0.15358090185676393	3769	8	>20	0.6837203468428499
ENSMUSG00000049556.6:B1	label_permutation	2.5238228452542585e-22	0.18116805721096543	838	14	>20	0.6917315104013201
ENSMUSG00000052372.11:B1	label_permutation	0.9996875456890314	0.9781580725061922	4440	3	>20	1.0
ENSMUSG00000054428.13:B1	label_permutation	0.742423588545731	0.623773173391494	3667	2	11-20	0.860790285075356
ENSMUSG00000056602.14:B1	label_permutation	7.403528312459643e-44	0.023422562141491396	2091	9	>20	0.5474559145934611
ENSMUSG00000058690.15:B1	label_permutation	0.936853704120161	0.8510207036339945	6906	5	>20	0.9598413515305273
ENSMUSG00000061080.12:B1	label_permutation	2.7754340093244842e-08	0.2389920424403183	3769	8	>20	0.7101113572928957
ENSMUSG00000063334.17:B1	label_permutation	0.9247254739318052	0.79178655506147	3822	1	11-20	0.9383904576230364
ENSMUSG00000068566.14:B1	label_permutation	0.6116191077931916	0.5629362756136005	4440	3	>20	0.8310183263662547
ENSMUSG00000072704.7:B1	label_permutation	6.935527525137566e-38	0.005947955390334572	1344	2	6-10	0.5304436768848043
ENSMUSG00000084883.3:B1	label_permutation	8.040101443250434e-11	0.044507042253521124	1774	1	1-5	0.5887099419424673
ENSMUSG00000091908.8:B1	label_permutation	0.0171243873379631	0.1995902339081441	5856	4	>20	0.6994035248150303
ENSMUSG00000112964.3:B1	label_permutation	0.2896533002536516	0.36684303350970016	566	3	6-10	0.759498759593972
ENSMUSG00000020530.15:B1	label_permutation	3.268426382413238e-05	0.4441596484804101	2730	12	>20	0.7867920816153179
ENSMUSG00000020530.15:B2	label_permutation	0.0025805610596651	0.22659455427079447	5361	6	>20	0.7091982855276581
ENSMUSG00000020530.15:B3	label_permutation	0.0782675017334163	0.3951883625512868	5361	6	>20	0.7659655217138764
ENSMUSG00000020530.15:B5	label_permutation	0.17262871072198	0.47370384185005593	5361	6	>20	0.7926722340846395
ENSMUSG00000030616.17:B1	label_permutation	0.0001921049743369	0.30954907161803713	3769	8	>20	0.7329591912450679
ENSMUSG00000030616.17:B2	label_permutation	2.627426047602285e-14	0.05548915827215298	5856	4	>20	0.6187859979656493
ENSMUSG00000030616.17:B3	label_permutation	2.3540682172761343e-06	0.09356325764043026	5856	4	>20	0.6716996336354654
ENSMUSG00000030616.17:B4	label_permutation	0.0005035512067879	0.1321495646235274	5856	4	>20	0.6716996336354654
ENSMUSG00000005417.18:B1	label_permutation	5.80442448520272e-07	0.2806738715829625	3145	10	>20	0.7246986373555707
ENSMUSG00000005417.18:B2	label_permutation	4.91006335492433e-48	0.014939605848696759	3145	10	>20	0.5304436768848043
ENSMUSG00000005417.18:B3	label_permutation	8.460113201585152e-07	0.2838525111252384	3145	10	>20	0.7247838994150004
ENSMUSG00000021709.15:B1	label_permutation	3.251146597784825e-05	0.39080459770114945	521	10	11-20	0.7652744724734254
ENSMUSG00000021709.15:B2	label_permutation	1.949232261357633e-07	0.6059113300492611	202	15	11-20	0.8539855190532267
ENSMUSG00000021709.15:B3	label_permutation	3.738244439289745e-07	0.32950191570881227	521	10	11-20	0.7421633546983134
ENSMUSG00000027665.14:B1	label_permutation	1.9018696575809041e-31	0.12193335774441597	2730	12	>20	0.6716996336354654
ENSMUSG00000027665.14:B2	label_permutation	1.5769427889709188e-50	0.006527415143603133	5361	6	>20	0.5304436768848043
ENSMUSG00000027665.14:B3	label_permutation	5.984672210628976e-50	0.006527415143603133	5361	6	>20	0.5304436768848043
ENSMUSG00000032217.14:B1	label_permutation	0.0407864542839944	0.23476182345910876	5856	4	>20	0.7091982855276581
ENSMUSG00000032217.14:B2	label_permutation	0.1190523958726567	0.24140719773554387	2472	2	>20	0.710757280996972
ENSMUSG00000032217.14:B4	label_permutation	0.3178762059018913	0.35907804286291956	2472	2	>20	0.7540440618427044
ENSMUSG00000041328.17:B1	label_permutation	0.8663859751298331	0.7589209492914462	5856	4	>20	0.9249037157580688
ENSMUSG00000041328.17:B2	label_permutation	1.3857411178752055e-05	0.08984462958793064	4440	3	>20	0.6716996336354654
ENSMUSG00000041328.17:B3	label_permutation	0.0377348031649624	0.5652173913043478	91	8	6-10	0.8317908936643518
ENSMUSG00000021699.18:B1	label_permutation	0.6480381328663918	0.6305350553505535	2167	4	11-20	0.8638811582772317
ENSMUSG00000021699.18:B2	label_permutation	0.3811443114997226	0.34187568157033804	3667	2	11-20	0.745437077003003
ENSMUSG00000024500.21:B1	label_permutation	0.2310692498736248	0.7253655435473617	3145	10	>20	0.9107790418899075
ENSMUSG00000024500.21:B2	label_permutation	0.5608833076349924	0.6056174895034023	6906	5	>20	0.8539855190532267
ENSMUSG00000027951.17:B1	label_permutation	9.982810157044577e-24	0.1048951048951049	3145	10	>20	0.6716996336354654
ENSMUSG00000027951.17:B2	label_permutation	0.2517190783415605	0.4388301722889822	6906	5	>20	0.7835379956469014
ENSMUSG00000030172.16:B1	label_permutation	1.6785020416474994e-21	0.11856325492689129	3145	10	>20	0.6716996336354654
ENSMUSG00000030172.16:B2	label_permutation	0.4970541740398672	0.5692775445200521	6906	5	>20	0.8339992828011871
ENSMUSG00000032481.18:B1	label_permutation	0.0100150429336467	0.21137975966410888	6906	5	>20	0.706159550409116
ENSMUSG00000032481.18:B2	label_permutation	5.36915198101091e-23	0.1834862385321101	435	15	>20	0.6917315104013201
ENSMUSG00000037541.23:B1	label_permutation	3.899879531339103e-24	0.243605359317905	820	18	>20	0.7122255230009176
ENSMUSG00000037541.23:B3	label_permutation	0.0134889423548958	0.4474187380497132	2091	9	>20	0.7882088251390118
ENSMUSG00000041488.17:B1	label_permutation	0.2811420962549547	0.40361960047806045	5856	4	>20	0.7709657464797492
ENSMUSG00000041488.17:B2	label_permutation	0.1397991989989034	0.253538212697129	2472	2	>20	0.7175608933892629
ENSMUSG00000049985.16:B1	label_permutation	0.5215722606024564	0.6790376725102574	5361	6	>20	0.8851952459481478
ENSMUSG00000049985.16:B2	label_permutation	0.0002088185049293	0.12327129929998293	5856	4	>20	0.6716996336354654
ENSMUSG00000062760.12:B1	label_permutation	0.9079920126050496	0.8127306273062731	2167	4	11-20	0.9459720686701031
ENSMUSG00000062760.12:B2	label_permutation	0.000110393654429	0.2910958904109589	583	8	11-20	0.7277459433406522
ENSMUSG00000000378.16:B1	label_permutation	0.2376070518266202	0.5306284805091488	1256	6	11-20	0.8159458505978583
ENSMUSG00000001062.19:B1	label_permutation	0.791755299239087	0.6547214229662569	3822	1	11-20	0.8729493357351947
ENSMUSG00000003068.18:B1	label_permutation	0.4321934263471177	0.3837300549306827	3822	1	11-20	0.7631707880514113
ENSMUSG00000005262.14:B1	label_permutation	0.97877480667569	0.9031417402635008	6906	5	>20	0.9819702366944081
ENSMUSG00000008140.19:B1	label_permutation	1.085927452770833e-09	0.0827966881324747	1086	5	11-20	0.6634744498321522
ENSMUSG00000014856.13:B1	label_permutation	0.8369794840288656	0.6914132379248659	2235	1	6-10	0.8889315755211671
ENSMUSG00000017802.15:B1	label_permutation	2.0900921467000293e-07	0.1087302736354423	6906	5	>20	0.6716996336354654
ENSMUSG00000019998.7:B1	label_permutation	1.0	1.0	6906	5	>20	1.0
ENSMUSG00000020456.18:B1	label_permutation	0.1512532780260453	0.3723758505863617	6906	5	>20	0.7605406188729243
ENSMUSG00000020900.16:B1	label_permutation	5.1966777569095296e-45	0.021510516252390057	2091	9	>20	0.5304436768848043
ENSMUSG00000021313.17:B1	label_permutation	9.70353113328258e-33	0.07829817661780479	2796	7	>20	0.6634744498321522
ENSMUSG00000022000.12:B1	label_permutation	1.2925878301796566e-44	0.021510516252390057	2091	9	>20	0.5304436768848043
ENSMUSG00000022994.10:B1	label_permutation	0.8736838848849018	0.731101229400994	3822	1	11-20	0.9128402040552591
ENSMUSG00000024242.16:B3	label_permutation	1.0342358221196837e-23	0.1673379714390333	2730	12	>20	0.6847722369731165
ENSMUSG00000024740.11:B1	label_permutation	6.610880358082723e-44	0.0036900369003690036	2167	4	11-20	0.5304436768848043
ENSMUSG00000025234.12:B1	label_permutation	9.185562215577272e-52	0.005570291777188329	3769	8	>20	0.5304436768848043
ENSMUSG00000025860.16:B1	label_permutation	5.363979737254547e-25	0.22777101096224117	820	18	>20	0.7091982855276581
ENSMUSG00000026434.13:B1	label_permutation	0.0132802215448993	0.21919791515853482	6906	5	>20	0.7091982855276581
ENSMUSG00000026858.19:B1	label_permutation	1.0	1.0	5856	4	>20	1.0
ENSMUSG00000027422.16:B1	label_permutation	0.0296799575472829	0.4107972828030032	2796	7	>20	0.7731985024069317
ENSMUSG00000027993.17:B1	label_permutation	8.981874166256468e-18	0.7446808510638298	93	32	>20	0.9199714385012154
ENSMUSG00000029038.10:B1	label_permutation	0.4142344465136635	0.4108370400323494	2472	2	>20	0.7731985024069317
ENSMUSG00000029501.15:B1	label_permutation	0.9522858151849938	0.8433167669369604	3822	1	11-20	0.95684131707921
ENSMUSG00000030098.16:B1	label_permutation	0.5043729040383915	0.45289122523251113	2472	2	>20	0.7889353821895839
ENSMUSG00000030695.17:B1	label_permutation	1.7630361539285244e-12	0.3492252681764005	838	14	>20	0.749987816176564
ENSMUSG00000031969.17:B1	label_permutation	0.6356029631744641	0.6222324723247232	2167	4	11-20	0.860790285075356
ENSMUSG00000032878.17:B1	label_permutation	0.91073939702919	0.776876798325922	3822	1	11-20	0.9322937133159701
ENSMUSG00000033883.12:B1	label_permutation	0.973592553255508	0.8825529688726131	3822	1	11-20	0.9754015534112878
ENSMUSG00000034544.18:B1	label_permutation	0.4618843681344011	0.3887677208287895	3667	2	11-20	0.7644175124271597
ENSMUSG00000036270.17:B1	label_permutation	0.4804033248182482	0.4873517786561265	2529	3	11-20	0.7975008865171552
ENSMUSG00000037126.17:B1	label_permutation	5.03579256211701e-21	0.05458230780367743	6906	5	>20	0.6171507832898172
ENSMUSG00000038495.15:B1	label_permutation	2.9050567150631508e-27	0.35962877030162416	430	20	>20	0.7540440618427044
ENSMUSG00000039252.12:B1	label_permutation	0.7557717677071756	0.6684303350970018	566	3	6-10	0.8797479064437119
ENSMUSG00000040044.12:B1	label_permutation	1.4454043175916955e-11	0.20344827586206896	3769	8	>20	0.7010479823254113
ENSMUSG00000040929.18:B1	label_permutation	1.0	1.0	5856	4	>20	1.0
ENSMUSG00000041949.7:B1	label_permutation	0.9999879704959066	0.9773718647764449	3667	2	11-20	1.0
ENSMUSG00000043301.17:B1	label_permutation	1.872833337989301e-05	0.2870026525198939	3769	8	>20	0.7267803830666978
ENSMUSG00000045671.18:B1	label_permutation	0.0915563143519685	0.22644561261625556	2472	2	>20	0.7091982855276581
ENSMUSG00000048271.15:B1	label_permutation	2.0934684680282121e-07	0.25119363395225464	3769	8	>20	0.7160774050468656
ENSMUSG00000051323.17:B1	label_permutation	0.957534394996604	0.8861660079051383	2529	3	11-20	0.9754015534112878
ENSMUSG00000053390.17:B1	label_permutation	0.4923929176412183	0.4268898770599006	3822	1	11-20	0.7802900802900802
ENSMUSG00000055531.13:B1	label_permutation	0.0027421701450722	0.17981757637179674	6906	5	>20	0.6917315104013201
ENSMUSG00000057880.13:B1	label_permutation	6.0213083293546115e-46	0.00521210366295063	6906	5	>20	0.5304436768848043
ENSMUSG00000059921.16:B1	label_permutation	0.0003659619299833	0.06870229007633588	3667	2	11-20	0.6558876076011044
ENSMUSG00000062184.12:B1	label_permutation	0.7911360261603535	0.7023715415019763	2529	3	11-20	0.8944033931467131
ENSMUSG00000066191.13:B1	label_permutation	0.5804412349414787	0.4998692126602145	3822	1	11-20	0.8048246980763529
ENSMUSG00000070565.12:B1	label_permutation	0.1062317078414509	0.42223051100335696	5361	6	>20	0.7790083482204204
ENSMUSG00000075284.11:B1	label_permutation	0.8695480283169733	0.8361204013377926	298	6	6-10	0.9546239798480091
ENSMUSG00000087231.9:B1	label_permutation	0.6250592416222396	0.5816971145637698	5856	4	>20	0.8427138923952321
ENSMUSG00000100706.8:B1	label_permutation	0.928928490213398	0.8238822246455835	3667	2	11-20	0.9511564992219032
ENSMUSG00000020827.19:B1	label_permutation	6.172574890227604e-21	0.4623044096728307	702	24	>20	0.7913805776931528
ENSMUSG00000020827.19:B2	label_permutation	0.0028781238842268	0.36153846153846153	3769	8	>20	0.7552248961466839
ENSMUSG00000020827.19:B3	label_permutation	0.3637057049200105	0.6992042440318302	3769	8	>20	0.8932318106183805
ENSMUSG00000020827.19:B4	label_permutation	0.0059336989550274	0.3803713527851459	3769	8	>20	0.7631707880514113
ENSMUSG00000030852.19:B1	label_permutation	0.39694731507887	0.731357552581262	2091	9	>20	0.9128402040552591
ENSMUSG00000030852.19:B2	label_permutation	0.0552467496033606	0.22539968475568567	4440	3	>20	0.7091982855276581
ENSMUSG00000030852.19:B3	label_permutation	0.9000177029109557	0.8104030623733394	4440	3	>20	0.9447333179706869
ENSMUSG00000030852.19:B5	label_permutation	0.8206486632267543	0.7284395406439991	4440	3	>20	0.9117177737432702
ENSMUSG00000005580.12:B1	label_permutation	0.6612181284800104	0.7446848190973517	5361	6	>20	0.9199714385012154
ENSMUSG00000005580.12:B2	label_permutation	0.0510804934011765	0.22044584553028598	4440	3	>20	0.7091982855276581
ENSMUSG00000005580.12:B3	label_permutation	0.5702590524148783	0.5356901598739022	4440	3	>20	0.8195164498309578
ENSMUSG00000021819.12:B1	label_permutation	2.3685341772416584e-50	0.014302741358760428	838	14	>20	0.5304436768848043
ENSMUSG00000021819.12:B2	label_permutation	1.9223115852638947e-35	0.06006435466571326	2796	7	>20	0.6349169789338434
ENSMUSG00000021819.12:B3	label_permutation	4.145770146169655e-11	0.1919914193779049	2796	7	>20	0.6961513711090555
ENSMUSG00000027669.15:B1	label_permutation	0.1427668025260844	0.19874591057797164	3667	2	11-20	0.6994035248150303
ENSMUSG00000027669.15:B2	label_permutation	0.422591253095596	0.37823698665969135	3822	1	11-20	0.7631707880514113
ENSMUSG00000027669.15:B3	label_permutation	0.5172990464063342	0.45147789693957624	3822	1	11-20	0.7882989098962725
ENSMUSG00000032366.16:B1	label_permutation	0.0001988738265898	0.8584686774941995	430	20	>20	0.962746552341033
ENSMUSG00000032366.16:B2	label_permutation	0.0001233955190673	0.14391197336035905	6906	5	>20	0.6753453621929444
ENSMUSG00000032366.16:B3	label_permutation	2.007105302479399e-07	0.5229357798165137	435	15	>20	0.8138069195881308
ENSMUSG00000041459.16:B1	label_permutation	1.828416951330365e-05	0.6123853211009175	435	15	>20	0.8586790424311928
ENSMUSG00000041459.16:B3	label_permutation	0.0477813958931415	0.5801017164653528	3145	10	>20	0.842082227388737
ENSMUSG00000000420.16:B2	label_permutation	1.0	1.0	3822	1	11-20	1.0
ENSMUSG00000015149.15:B1	label_permutation	0.0096215009688161	0.31742243436754175	1256	6	11-20	0.7361177922528548
ENSMUSG00000015149.15:B2	label_permutation	0.9199130840166424	0.8375494071146246	2529	3	11-20	0.954899236492365
ENSMUSG00000021738.6:B1	label_permutation	4.820937924969789e-19	0.1559681697612732	3769	8	>20	0.6847722369731165
ENSMUSG00000021738.6:B2	label_permutation	5.48809866700555e-13	0.058391668089465595	5856	4	>20	0.6274595979491046
ENSMUSG00000028033.17:B1	label_permutation	0.0690374001926524	0.2362080612474668	4440	3	>20	0.7091982855276581
ENSMUSG00000028033.17:B2	label_permutation	5.110094293494796e-16	0.042163882259347654	1256	6	11-20	0.5753301705346839
ENSMUSG00000030284.13:B1	label_permutation	0.1879498309810144	0.2826526486049333	2472	2	>20	0.7246986373555707
ENSMUSG00000030284.13:B2	label_permutation	0.9455020019115624	0.8723260526908354	4440	3	>20	0.9710064496213789
ENSMUSG00000032562.14:B2	label_permutation	2.622259790084715e-87	0.010986136541982735	3822	1	11-20	0.5304436768848043
ENSMUSG00000037750.17:B1	label_permutation	0.7277000712691687	0.5724907063197026	1344	2	6-10	0.8353709916281319
ENSMUSG00000037750.17:B2	label_permutation	0.9382429660354226	0.8291592128801432	2235	1	6-10	0.9511671850500901
ENSMUSG00000041670.20:B1	label_permutation	1.5161131079023444e-44	0.12375533428165007	702	24	>20	0.6716996336354654
ENSMUSG00000041670.20:B2	label_permutation	3.455746732262502e-34	0.09633649932157395	736	16	>20	0.6716996336354654
ENSMUSG00000050954.16:B1	label_permutation	1.830300211460905e-05	0.06382422181532828	3822	1	11-20	0.6350498279162136
ENSMUSG00000050954.16:B2	label_permutation	0.0002843265667263	0.06842966194111233	3667	2	11-20	0.6558876076011044
ENSMUSG00000063239.18:B1	label_permutation	0.0317092399108266	0.6221498371335505	306	9	11-20	0.860790285075356
ENSMUSG00000063239.18:B2	label_permutation	0.945404143905002	0.8691699604743083	2529	3	11-20	0.969617080127928
ENSMUSG00000001120.16:B1	label_permutation	0.91054640486948	0.7822003577817531	2235	1	6-10	0.9353833177245805
ENSMUSG00000003119.15:B1	label_permutation	2.5492330032079484e-14	0.41112618724559025	736	16	>20	0.7731985024069317
ENSMUSG00000005299.7:B1	label_permutation	0.0004869416645186	0.1565078905458231	6906	5	>20	0.6847722369731165
ENSMUSG00000008348.10:B1	label_permutation	1.6746999845078445e-33	0.09990439770554493	2091	9	>20	0.6716996336354654
ENSMUSG00000014956.16:B1	label_permutation	0.4087205186224616	0.3604143947655398	3667	2	11-20	0.7545910039399194
ENSMUSG00000017843.15:B1	label_permutation	1.0	1.0	306	9	11-20	1.0
ENSMUSG00000020003.17:B1	label_permutation	0.674285212917616	0.5616139585605234	3667	2	11-20	0.8310183263662547
ENSMUSG00000020476.15:B1	label_permutation	0.0073661321215466	0.09623773173391494	3667	2	11-20	0.6716996336354654
ENSMUSG00000020902.13:B1	label_permutation	1.0	1.0	4440	3	>20	1.0
ENSMUSG00000021338.18:B1	label_permutation	0.8734090135644742	0.7889328063241107	2529	3	11-20	0.938121019074988
ENSMUSG00000023007.16:B1	label_permutation	0.9800992771757578	0.9427055702917772	3769	8	>20	0.9998485531254692
ENSMUSG00000024260.15:B1	label_permutation	5.344531552649786e-32	0.07586206896551724	3769	8	>20	0.6634744498321522
ENSMUSG00000024750.12:B1	label_permutation	0.1888422190297156	0.400173736788765	6906	5	>20	0.7699938143126075
ENSMUSG00000025237.17:B1	label_permutation	0.9746409767590776	0.8874045801526718	3667	2	11-20	0.9754493755867316
ENSMUSG00000025862.15:B1	label_permutation	0.8607701705900809	0.7889098016504995	6906	5	>20	0.938121019074988
ENSMUSG00000026437.12:B1	label_permutation	0.9357535942437138	0.8301526717557252	3667	2	11-20	0.9511671850500901
ENSMUSG00000026864.14:B1	label_permutation	0.0131351993610151	0.21876357318662226	6906	5	>20	0.7091982855276581
ENSMUSG00000027423.16:B1	label_permutation	0.8948249325883316	0.7345724907063197	1344	2	6-10	0.9144926999184761
ENSMUSG00000028005.14:B1	label_permutation	3.287753454308656e-16	0.0835509138381201	5361	6	>20	0.6638844888509808
ENSMUSG00000028532.15:B1	label_permutation	0.505129899818165	0.3464788732394366	1774	1	1-5	0.7472963416998167
ENSMUSG00000029050.16:B1	label_permutation	7.877648822036873e-23	0.05009410742724772	6906	5	>20	0.608059383326989
ENSMUSG00000029502.15:B1	label_permutation	0.3157053023511165	0.49586016559337626	1086	5	11-20	0.8037050300513626
ENSMUSG00000030102.12:B1	label_permutation	1.9419804357786376e-45	0.024899304284145003	2730	12	>20	0.5483423779172124
ENSMUSG00000030731.14:B1	label_permutation	0.2746130271864087	0.23375	799	2	1-5	0.7091982855276581
ENSMUSG00000031441.16:B1	label_permutation	0.9999999999975112	0.9821996185632549	3145	10	>20	1.0
ENSMUSG00000032388.8:B1	label_permutation	0.8272707501447849	0.702835332606325	3667	2	11-20	0.8944033931467131
ENSMUSG00000032883.16:B1	label_permutation	0.0005925179363495	0.13385692333959365	5856	4	>20	0.6716996336354654
ENSMUSG00000033885.16:B1	label_permutation	0.6814092798149983	0.5603756708407871	2235	1	6-10	0.8310183263662547
ENSMUSG00000034574.11:B1	label_permutation	0.0012775145161129	0.21204774337933607	5361	6	>20	0.7063535445754128
ENSMUSG00000035314.11:B1	label_permutation	4.1268233145834986e-07	0.07155635062611806	2235	1	6-10	0.658935462200628
ENSMUSG00000036291.7:B1	label_permutation	0.8715538405760693	0.8653487504662439	5361	6	>20	0.9675603895694086
ENSMUSG00000037138.19:B1	label_permutation	0.2429961622501512	0.3805702578111661	5856	4	>20	0.7631707880514113
ENSMUSG00000037957.15:B1	label_permutation	0.3873763410314056	0.7265774378585086	2091	9	>20	0.9112570831197022
ENSMUSG00000038518.16:B1	label_permutation	9.037823488326339e-10	0.2220159151193634	3769	8	>20	0.7091982855276581
ENSMUSG00000039257.12:B1	label_permutation	0.9608020873676656	0.877906976744186	2235	1	6-10	0.9738440007854231
ENSMUSG00000040054.18:B2	label_permutation	1.0	1.0	2091	9	>20	1.0
ENSMUSG00000040943.13:B1	label_permutation	7.995279718830761e-46	0.04231311706629055	708	11	>20	0.5753301705346839
ENSMUSG00000041986.17:B1	label_permutation	0.9613391322343516	0.8675089636332594	5856	4	>20	0.968527673506453
ENSMUSG00000043323.18:B1	label_permutation	6.0157641616719875e-09	0.4266984505363528	838	14	>20	0.7802900802900802
ENSMUSG00000048279.20:B1	label_permutation	2.7951735685447976e-33	0.15753424657534246	145	21	>20	0.6847722369731165
ENSMUSG00000051339.11:B1	label_permutation	6.2911895634247174e-30	0.13108751373123398	2730	12	>20	0.6716996336354654
ENSMUSG00000053395.16:B1	label_permutation	3.2519262255959744e-40	0.02860207365033965	2796	7	>20	0.5595228198520243
ENSMUSG00000055567.19:B1	label_permutation	0.0638813384567959	0.7038081805359662	708	11	>20	0.8944033931467131
ENSMUSG00000057894.11:B1	label_permutation	0.9156653086889376	0.8275163251519928	4440	3	>20	0.9511671850500901
ENSMUSG00000059974.11:B1	label_permutation	3.051365399292054e-44	0.015119363395225464	3769	8	>20	0.5304436768848043
ENSMUSG00000062202.15:B1	label_permutation	7.437255800033884e-20	0.2711864406779661	58	18	11-20	0.7203360339025302
ENSMUSG00000066406.17:B1	label_permutation	7.3101464501099135e-34	0.02834763148079075	5361	6	>20	0.5595228198520243
ENSMUSG00000070570.6:B1	label_permutation	2.6170954903579323e-05	0.13203995946141595	6906	5	>20	0.6716996336354654
ENSMUSG00000075376.11:B1	label_permutation	0.0251663145776349	0.2449688721586796	6906	5	>20	0.7122255230009176
ENSMUSG00000087307.2:B1	label_permutation	0.9982964011886044	0.9375106709919754	5856	4	>20	0.9965909454491811
ENSMUSG00000020898.19:B1	label_permutation	0.1250464747143375	0.20817843866171004	1344	2	6-10	0.7042861991405742
ENSMUSG00000020898.19:B2	label_permutation	0.9052119594892704	0.7723613595706619	2235	1	6-10	0.931299294312993
ENSMUSG00000020898.19:B4	label_permutation	0.8142116101718223	0.6811270125223614	2235	1	6-10	0.8863198373552182
ENSMUSG00000020898.19:B5	label_permutation	0.6141013565306453	0.5250447227191414	2235	1	6-10	0.8146181434442556
ENSMUSG00000031565.19:B1	label_permutation	5.885049339740681e-06	0.2899022801302932	306	9	11-20	0.7277459433406522
ENSMUSG00000031565.19:B2	label_permutation	0.0677739941343082	0.24743083003952568	2529	3	11-20	0.7127381867912488
ENSMUSG00000031565.19:B3	label_permutation	0.4372337950735279	0.46679841897233204	2529	3	11-20	0.7921077007283904
ENSMUSG00000031565.19:B4	label_permutation	0.1591157911762517	0.30948616600790513	2529	3	11-20	0.7329591912450679
ENSMUSG00000005682.10:B1	label_permutation	0.3811617392626373	0.34269356597600875	3667	2	11-20	0.745437077003003
ENSMUSG00000005682.10:B2	label_permutation	0.3159283383003092	0.27962333246141774	3822	1	11-20	0.7246986373555707
ENSMUSG00000005682.10:B3	label_permutation	0.9396252210526452	0.8155898509024326	3822	1	11-20	0.9473558543059765
ENSMUSG00000021972.15:B1	label_permutation	0.0767122811918615	0.39425587467362927	5361	6	>20	0.7659655217138764
ENSMUSG00000021972.15:B2	label_permutation	0.0133252617149429	0.283289817232376	5361	6	>20	0.7246986373555707
ENSMUSG00000021972.15:B3	label_permutation	9.578258511476889e-16	0.23178322958623215	2730	12	>20	0.7091982855276581
ENSMUSG00000027692.17:B1	label_permutation	3.7914522156029525e-05	0.7149817295980512	820	18	>20	0.9019181953068471
ENSMUSG00000027692.17:B2	label_permutation	9.715023786709422e-05	0.3274378585086042	2091	9	>20	0.7421633546983134
ENSMUSG00000027692.17:B3	label_permutation	1.2622289250209852e-06	0.27437858508604207	2091	9	>20	0.7223620429586104
ENSMUSG00000032946.17:B2	label_permutation	0.8154530493316172	0.8305489260143198	1256	6	11-20	0.9511671850500901
ENSMUSG00000032946.17:B3	label_permutation	1.471265126510033e-16	0.05211726384364821	306	9	11-20	0.6104246415972379
ENSMUSG00000041757.18:B1	label_permutation	9.306898860843894e-07	0.38447455144635667	2730	12	>20	0.7631707880514113
ENSMUSG00000041757.18:B2	label_permutation	0.4003523051989913	0.6186124580380455	5361	6	>20	0.8600095026444993
ENSMUSG00000041757.18:B6	label_permutation	4.206824443358319e-09	0.11991794106676613	5361	6	>20	0.6716996336354654
ENSMUSG00000000538.19:B1	label_permutation	0.5014752934061553	0.8645320197044335	405	12	11-20	0.9673703671854845
ENSMUSG00000000538.19:B2	label_permutation	2.022152938200137e-13	0.3251231527093596	405	12	11-20	0.7414944665977521
ENSMUSG00000015522.19:B1	label_permutation	7.96837794734202e-08	0.07990438791190028	5856	4	>20	0.6634744498321522
ENSMUSG00000015522.19:B2	label_permutation	6.707590093592693e-25	0.055016784781797834	5361	6	>20	0.6171507832898172
ENSMUSG00000021750.17:B1	label_permutation	0.3736473692268465	0.45296226737237494	5856	4	>20	0.7889353821895839
ENSMUSG00000021750.17:B2	label_permutation	0.4704005555311843	0.4363121714516781	2472	2	>20	0.7828290434489334
ENSMUSG00000024969.16:B1	label_permutation	1.6274812366813866e-10	0.3024533138044672	2730	12	>20	0.7318810953112224
ENSMUSG00000024969.16:B2	label_permutation	0.069266318256434	0.3836255128683327	5361	6	>20	0.7631707880514113
ENSMUSG00000028034.16:B1	label_permutation	0.0002148222842455	0.3103448275862069	3769	8	>20	0.7334017588400592
ENSMUSG00000028034.16:B2	label_permutation	0.00347822931386	0.15827215297934097	5856	4	>20	0.6847722369731165
ENSMUSG00000030337.17:B1	label_permutation	0.0162550741037731	0.12267657992565056	1344	2	6-10	0.6716996336354654
ENSMUSG00000030337.17:B2	label_permutation	0.0647412951471778	0.38927738927738925	428	4	6-10	0.7650843826927926
ENSMUSG00000032570.18:B1	label_permutation	4.586999169676377e-30	0.04433497536945813	405	12	11-20	0.5887099419424673
ENSMUSG00000032570.18:B2	label_permutation	0.5292622971259556	0.5291104661089295	5856	4	>20	0.8148719459982858
ENSMUSG00000038039.14:B1	label_permutation	0.9634435838701982	0.9593134138588684	3145	10	>20	1.0
ENSMUSG00000038039.14:B3	label_permutation	0.4499018320751331	0.5436513681772115	6906	5	>20	0.8224422417434754
ENSMUSG00000051586.18:B1	label_permutation	0.4335983469212812	0.7476099426386233	2091	9	>20	0.9215730254449185
ENSMUSG00000051586.18:B2	label_permutation	2.640524494060306e-38	0.06699147381242387	820	18	>20	0.6492240669467514
ENSMUSG00000063358.18:B1	label_permutation	0.0258719521226517	0.3170458784035807	5361	6	>20	0.7361177922528548
ENSMUSG00000063358.18:B2	label_permutation	6.763444030985949e-08	0.3559135847674844	2730	12	>20	0.7537910234770694
ENSMUSG00000001127.13:B1	label_permutation	0.2529335000390927	0.5977833392920987	2796	7	>20	0.8520001440483478
ENSMUSG00000003131.8:B1	label_permutation	0.8872588820235442	0.7669029443838604	3667	2	11-20	0.9287863442473885
ENSMUSG00000005312.16:B1	label_permutation	0.9586722418375708	0.8642311886586695	3667	2	11-20	0.9672749672016588
ENSMUSG00000008690.16:B1	label_permutation	0.3265276157904395	0.37389202256244963	1240	1	>20	0.7605406188729243
ENSMUSG00000015002.19:B1	label_permutation	6.850029672878503e-23	0.13076923076923078	3769	8	>20	0.6716996336354654
ENSMUSG00000017999.17:B1	label_permutation	0.8804320850667315	0.7937401486151767	4440	3	>20	0.9394731757777988
ENSMUSG00000020014.19:B1	label_permutation	2.321835419827876e-05	0.1036366740652211	5856	4	>20	0.6716996336354654
ENSMUSG00000020903.14:B1	label_permutation	2.1132999426239263e-11	0.46132971506105835	736	16	>20	0.7913805776931528
ENSMUSG00000021357.15:B1	label_permutation	1.6789202018741762e-24	0.10076287349014622	3145	10	>20	0.6716996336354654
ENSMUSG00000022012.10:B1	label_permutation	0.3615156927380085	0.41567214591308266	4440	3	>20	0.7742879996358305
ENSMUSG00000022517.18:B1	label_permutation	0.9898677641018068	0.9275830258302583	2167	4	11-20	0.9923157494075254
ENSMUSG00000023010.16:B1	label_permutation	2.547522895003906e-40	0.06090133982947625	820	18	>20	0.6349169789338434
ENSMUSG00000024268.17:B1	label_permutation	0.0237106345018456	0.6304654442877292	708	11	>20	0.8638811582772317
ENSMUSG00000024758.16:B1	label_permutation	2.328288795533546e-09	0.23996175908221798	2091	9	>20	0.7102004579935987
ENSMUSG00000025240.11:B1	label_permutation	5.1949363843768585e-52	0.008580622095101895	2796	7	>20	0.5304436768848043
ENSMUSG00000025871.19:B1	label_permutation	0.8950085910693024	0.7345724907063197	1344	2	6-10	0.9144926999184761
ENSMUSG00000026442.15:B1	label_permutation	5.359260003544842e-25	0.09949141767323585	3145	10	>20	0.6716996336354654
ENSMUSG00000026878.18:B1	label_permutation	0.0431879780792039	0.3481909735173443	5361	6	>20	0.7486022511606727
ENSMUSG00000027425.19:B1	label_permutation	0.786403691850893	0.6700363930448847	2472	2	>20	0.8800298921543447
ENSMUSG00000028007.14:B1	label_permutation	0.9977791392633896	0.9781641730691468	2472	2	>20	1.0
ENSMUSG00000028550.16:B1	label_permutation	0.1678665061687453	0.4707198806415517	5361	6	>20	0.7926722340846395
ENSMUSG00000029512.12:B1	label_permutation	0.425449028333732	0.3790217106984044	3822	1	11-20	0.7631707880514113
ENSMUSG00000030103.12:B1	label_permutation	7.64067350195549e-10	0.06417473541995046	4440	3	>20	0.6350498279162136
ENSMUSG00000030744.14:B1	label_permutation	0.9578409528256062	0.7575	799	2	1-5	0.9246439098393872
ENSMUSG00000031442.22:B1	label_permutation	5.034529847655496e-34	0.07339449541284404	435	15	>20	0.658935462200628
ENSMUSG00000031971.16:B1	label_permutation	1.0	1.0	5856	4	>20	1.0
ENSMUSG00000032393.16:B1	label_permutation	0.0138057826452746	0.2210800637034892	6906	5	>20	0.7091982855276581
ENSMUSG00000032898.10:B1	label_permutation	0.8631312638088535	0.7794466403162056	2529	3	11-20	0.9341284922806663
ENSMUSG00000033900.14:B1	label_permutation	6.212341009952586e-26	0.12263139077583125	2796	7	>20	0.6716996336354654
ENSMUSG00000034586.15:B1	label_permutation	1.0	1.0	6906	5	>20	1.0
ENSMUSG00000035325.17:B1	label_permutation	0.1667061116143157	0.21319520174482007	3667	2	11-20	0.7070265116252828
ENSMUSG00000036306.14:B1	label_permutation	0.1093911793958062	0.2666066201306012	4440	3	>20	0.7203360339025302
ENSMUSG00000037172.15:B1	label_permutation	0.8718818938798474	0.7973070797741422	6906	5	>20	0.9406626887956651
ENSMUSG00000037972.8:B1	label_permutation	0.974731852667923	0.8989266547406082	2235	1	6-10	0.9794872952207052
ENSMUSG00000038530.12:B1	label_permutation	0.6660829999129088	0.5978383247016438	4440	3	>20	0.8520001440483478
ENSMUSG00000039262.17:B1	label_permutation	1.758858696819337e-42	0.07193229901269393	708	11	>20	0.658935462200628
ENSMUSG00000040097.17:B1	label_permutation	1.5152173381727565e-33	0.02909362178291682	5361	6	>20	0.5602707336478445
ENSMUSG00000040945.14:B1	label_permutation	0.1869118353237501	0.2822482814395471	2472	2	>20	0.7246986373555707
ENSMUSG00000042035.12:B1	label_permutation	0.561212216719146	0.4913061059441973	2472	2	>20	0.8010503260798014
ENSMUSG00000043384.16:B1	label_permutation	2.082947284886441e-11	0.2053050397877984	3769	8	>20	0.7026725503644938
ENSMUSG00000045795.11:B1	label_permutation	0.5840621821680598	0.5022233847763536	3822	1	11-20	0.8067901474581045
ENSMUSG00000048304.9:B1	label_permutation	0.3954587915100462	0.46832849581697117	5856	4	>20	0.7926722340846395
ENSMUSG00000051343.12:B1	label_permutation	0.992666839298727	0.9067599067599068	428	4	6-10	0.9825822453164573
ENSMUSG00000053411.17:B1	label_permutation	0.4002973434403724	0.26873239436619717	1774	1	1-5	0.7203360339025302
ENSMUSG00000055805.16:B1	label_permutation	4.104316114608788e-06	0.14696008951883627	5361	6	>20	0.6769750481719067
ENSMUSG00000057914.16:B1	label_permutation	0.0803086666341754	0.6644951140065146	306	9	11-20	0.8775896643160838
ENSMUSG00000059981.13:B1	label_permutation	0.0008775675850953	0.16287823946720717	6906	5	>20	0.6847722369731165
ENSMUSG00000062209.16:B1	label_permutation	0.0127763827392022	0.17000675523530737	4440	3	>20	0.6865745742860391
ENSMUSG00000066415.5:B1	label_permutation	0.2662950381718421	0.27153762268266085	3667	2	11-20	0.7203360339025302
ENSMUSG00000070644.14:B1	label_permutation	0.9999999996973526	0.9811666230708868	3822	1	11-20	1.0
ENSMUSG00000075595.10:B1	label_permutation	0.9798078433519388	0.9037208628927176	6906	5	>20	0.982076897989737
ENSMUSG00000087361.8:B1	label_permutation	0.9999999999763508	0.9825517993456925	3667	2	11-20	1.0
ENSMUSG00000102234.2:B1	label_permutation	0.0091372377576335	0.1616600790513834	2529	3	11-20	0.6847722369731165
ENSMUSG00000021144.15:B1	label_permutation	0.1527280726503344	0.3730997538728826	6906	5	>20	0.7605406188729243
ENSMUSG00000021144.15:B3	label_permutation	0.0351982536766741	0.25901259591718545	6906	5	>20	0.7175608933892629
ENSMUSG00000021144.15:B4	label_permutation	0.1527259291365232	0.3730997538728826	6906	5	>20	0.7605406188729243
ENSMUSG00000021144.15:B5	label_permutation	0.1695230418052013	0.6904005085823267	3145	10	>20	0.8886480441792599
ENSMUSG00000031858.17:B1	label_permutation	0.0137840999788748	0.4129973474801061	3769	8	>20	0.7732164440203563
ENSMUSG00000031858.17:B2	label_permutation	0.3418419162177543	0.4326446986511866	5856	4	>20	0.7811978924941144
ENSMUSG00000031858.17:B3	label_permutation	0.0001705140500329	0.12190541232712993	5856	4	>20	0.6716996336354654
ENSMUSG00000031858.17:B4	label_permutation	0.0347121031514355	0.22656650162199077	5856	4	>20	0.7091982855276581
ENSMUSG00000005763.16:B2	label_permutation	0.5045221836419977	0.5433579335793358	2167	4	11-20	0.8224422417434754
ENSMUSG00000022094.16:B1	label_permutation	0.0282253892892676	0.2176882362984463	5856	4	>20	0.7091982855276581
ENSMUSG00000022094.16:B2	label_permutation	0.7707765245274916	0.685333788628991	5856	4	>20	0.8863198373552182
ENSMUSG00000027763.14:B1	label_permutation	6.991633625554593e-10	0.5395858708891595	820	18	>20	0.8206386545317301
ENSMUSG00000027763.14:B3	label_permutation	0.1916611896272833	0.8242402050530941	2730	12	>20	0.9511564992219032
ENSMUSG00000027763.14:B4	label_permutation	1.7507046584094942e-06	0.39692420358842917	2730	12	>20	0.7663744371387409
ENSMUSG00000033335.18:B1	label_permutation	2.6873762178528165e-17	0.2706422018348624	435	15	>20	0.7203360339025302
ENSMUSG00000033335.18:B2	label_permutation	0.4381225677719085	0.53771536122774	6906	5	>20	0.8206386545317301
ENSMUSG00000033335.18:B3	label_permutation	0.0140033793409501	0.5060394151303242	3145	10	>20	0.8086525145599756
ENSMUSG00000041915.10:B1	label_permutation	0.0813046278562851	0.6239669421487604	3145	10	>20	0.860790285075356
ENSMUSG00000041915.10:B2	label_permutation	0.0101886019125734	0.21152454032141305	6906	5	>20	0.706159550409116
ENSMUSG00000041915.10:B3	label_permutation	1.1310671704116995e-05	0.12668307514116114	6906	5	>20	0.6716996336354654
ENSMUSG00000000552.11:B1	label_permutation	3.8336163051174644e-23	0.16916880263639691	2730	12	>20	0.6847776520285024
ENSMUSG00000000552.11:B2	label_permutation	2.871119470310338e-34	0.02741514360313316	5361	6	>20	0.5555891387375083
ENSMUSG00000017466.11:B2	label_permutation	0.2636778330264266	0.6031462281015374	2796	7	>20	0.8537277998396209
ENSMUSG00000021771.15:B2	label_permutation	0.2637760137462706	0.39508280689772923	5856	4	>20	0.7659655217138764
ENSMUSG00000024985.21:B1	label_permutation	0.0747476729064648	0.5555555555555556	17	9	1-5	0.8296596150748978
ENSMUSG00000024985.21:B2	label_permutation	0.0198119125173537	0.21965317919075145	172	3	1-5	0.7091982855276581
ENSMUSG00000028086.16:B1	label_permutation	4.949000742188731e-43	0.1422475106685633	702	24	>20	0.6746982879173822
ENSMUSG00000028086.16:B2	label_permutation	7.649437578814617e-09	0.5278154681139756	736	16	>20	0.8148719459982858
ENSMUSG00000030451.17:B1	label_permutation	0.0019433819875296	0.8246041412911084	820	18	>20	0.9511564992219032
ENSMUSG00000030451.17:B2	label_permutation	0.0543251752910844	0.5152963671128107	2091	9	>20	0.8109908099737572
ENSMUSG00000032624.17:B1	label_permutation	0.0096383544572701	0.20756457564575645	2167	4	11-20	0.703863583546363
ENSMUSG00000032624.17:B4	label_permutation	0.0048710962357032	0.08505997818974918	3667	2	11-20	0.6668588316369805
ENSMUSG00000038042.12:B1	label_permutation	0.0715286199435517	0.5177718832891247	3769	8	>20	0.8128909868153613
ENSMUSG00000038042.12:B2	label_permutation	0.5361719419756721	0.5333788628990951	5856	4	>20	0.817574158207151
ENSMUSG00000041734.16:B1	label_permutation	1.0	1.0	1086	5	11-20	1.0
ENSMUSG00000041734.16:B2	label_permutation	0.7449827136335272	0.6881918819188192	2167	4	11-20	0.888098065622589
ENSMUSG00000051855.16:B1	label_permutation	0.8693819221957998	0.8640432674375234	5361	6	>20	0.9672749672016588
ENSMUSG00000051855.16:B2	label_permutation	0.0047500346158285	0.14678528103517993	2472	2	>20	0.6769750481719067
ENSMUSG00000063428.9:B1	label_permutation	0.9230299397963704	0.8508158508158508	428	4	6-10	0.9598413515305273
ENSMUSG00000063428.9:B2	label_permutation	0.9999956797887386	0.9725346586450432	3822	1	11-20	1.0
ENSMUSG00000003134.11:B1	label_permutation	0.7857084652852765	0.6897095248817834	4440	3	>20	0.888284919453969
ENSMUSG00000005360.15:B1	label_permutation	0.816388597484247	0.7219094798468814	4440	3	>20	0.9070870445457733
ENSMUSG00000008734.10:B1	label_permutation	2.6689032771641024e-06	0.11023985239852399	2167	4	11-20	0.6716996336354654
ENSMUSG00000015027.12:B1	label_permutation	0.1103003904967261	0.236959158916296	2472	2	>20	0.7091982855276581
ENSMUSG00000018076.13:B1	label_permutation	0.3053714905375119	0.5624766878030586	5361	6	>20	0.8310183263662547
ENSMUSG00000020486.20:B1	label_permutation	0.6262486295451447	0.4929368029739777	1344	2	6-10	0.8022515179340725
ENSMUSG00000020917.18:B1	label_permutation	8.19963075213269e-05	0.2211614956245028	1256	6	11-20	0.7091982855276581
ENSMUSG00000021360.17:B1	label_permutation	0.233441568868101	0.7277397260273972	583	8	11-20	0.9113503071964641
ENSMUSG00000022031.7:B1	label_permutation	0.89920370848587	0.7911900290250982	5856	4	>20	0.9383904576230364
ENSMUSG00000022521.11:B1	label_permutation	5.252052381138194e-56	0.006957158549981692	2730	12	>20	0.5304436768848043
ENSMUSG00000023011.9:B1	label_permutation	5.453475781599416e-40	0.04063097514340344	2091	9	>20	0.5693986502293021
ENSMUSG00000024277.15:B1	label_permutation	0.0008080561220209	0.4017800381436745	3145	10	>20	0.7700927087358683
ENSMUSG00000024759.15:B1	label_permutation	0.0001013336397501	0.35537190082644626	3145	10	>20	0.7537910234770694
ENSMUSG00000025241.17:B1	label_permutation	0.0216772745180348	0.3932785126921702	2796	7	>20	0.7659655217138764
ENSMUSG00000025876.16:B1	label_permutation	1.0	1.0	2796	7	>20	1.0
ENSMUSG00000026452.16:B1	label_permutation	0.0835047493426256	0.29843173431734316	2167	4	11-20	0.7277459433406522
ENSMUSG00000026879.15:B1	label_permutation	0.4831794493694527	0.4021264994547437	3667	2	11-20	0.770427669963038
ENSMUSG00000027466.16:B1	label_permutation	0.9137443500899372	0.8300275083248878	6906	5	>20	0.9511671850500901
ENSMUSG00000028013.17:B1	label_permutation	1.1890350938208737e-12	0.05516775501013285	4440	3	>20	0.6173010392280951
ENSMUSG00000028556.16:B1	label_permutation	0.0007653646740169	0.13641796141369303	5856	4	>20	0.6737987860703265
ENSMUSG00000029062.15:B1	label_permutation	0.8815843836954754	0.804256551324743	6906	5	>20	0.9423909852035474
ENSMUSG00000029516.20:B1	label_permutation	0.1150724186101131	0.6509853782581055	3145	10	>20	0.8714792581391536
ENSMUSG00000030105.9:B1	label_permutation	0.6960621858039702	0.6837990444476618	6906	5	>20	0.8863198373552182
ENSMUSG00000030751.19:B1	label_permutation	0.9900309545787376	0.9401035802747129	4440	3	>20	0.9981648756963173
ENSMUSG00000031446.15:B1	label_permutation	0.4817297410413766	0.5081099539013146	5856	4	>20	0.8090451962935411
ENSMUSG00000031996.18:B1	label_permutation	0.0324045818183551	0.6502115655853314	708	11	>20	0.8708953118750394
ENSMUSG00000032394.7:B1	label_permutation	0.5189572013874504	0.3532394366197183	1774	1	1-5	0.7536782463683671
ENSMUSG00000032936.14:B1	label_permutation	0.0911405061804772	0.5389920424403183	3769	8	>20	0.8206386545317301
ENSMUSG00000033902.13:B1	label_permutation	0.3032637271435175	0.38617428507093	4440	3	>20	0.7631707880514113
ENSMUSG00000034593.17:B1	label_permutation	0.0045934161397115	0.585865983156353	2730	12	>20	0.845538972795933
ENSMUSG00000035355.16:B1	label_permutation	0.0152728370867767	0.20709105560032232	1240	1	>20	0.703863583546363
ENSMUSG00000036309.15:B1	label_permutation	1.0	1.0	6906	5	>20	1.0
ENSMUSG00000037210.17:B1	label_permutation	1.00774711173855e-36	0.05148373257061137	2796	7	>20	0.6104246415972379
ENSMUSG00000037990.19:B1	label_permutation	0.1319916042828934	0.24989890820865346	2472	2	>20	0.7155688584123983
ENSMUSG00000038533.16:B1	label_permutation	0.1752087441437465	0.5602431176260279	2796	7	>20	0.8310183263662547
ENSMUSG00000039286.13:B1	label_permutation	5.2903885542120166e-08	0.383638928067701	708	11	>20	0.7631707880514113
ENSMUSG00000040220.11:B1	label_permutation	3.975767405735321e-15	0.05224048637694213	4440	3	>20	0.6104246415972379
ENSMUSG00000041014.18:B1	label_permutation	8.967926891359227e-38	0.042188058634250986	2796	7	>20	0.5753301705346839
ENSMUSG00000042046.16:B1	label_permutation	0.072930164110074	0.14125032696834947	3822	1	11-20	0.6746982879173822
ENSMUSG00000043411.16:B1	label_permutation	0.0498108393298538	0.2805849138555089	6906	5	>20	0.7246986373555707
ENSMUSG00000045917.18:B1	label_permutation	0.3414205087447515	0.2808586762075134	2235	1	6-10	0.7246986373555707
ENSMUSG00000048458.9:B1	label_permutation	0.1143099158180042	0.2381722604124545	2472	2	>20	0.7096141649871736
ENSMUSG00000051359.16:B1	label_permutation	0.0005768230618295	0.19843342036553524	5361	6	>20	0.6994035248150303
ENSMUSG00000053453.10:B1	label_permutation	0.3652050149379091	0.41814906552578246	4440	3	>20	0.7760797509700331
ENSMUSG00000055923.17:B1	label_permutation	0.824056392990085	0.6766936960502223	3822	1	11-20	0.8841947041867639
ENSMUSG00000058006.13:B1	label_permutation	2.239242624037215e-31	0.08010610079575597	3769	8	>20	0.6634744498321522
ENSMUSG00000059995.13:B1	label_permutation	0.0043310082075433	0.20239190432382706	1086	5	11-20	0.7005280964503657
ENSMUSG00000062232.15:B1	label_permutation	2.0771512879367431e-16	0.22665690223361407	2730	12	>20	0.7091982855276581
ENSMUSG00000066440.6:B1	label_permutation	2.8226282955032034e-45	0.031127386868951085	3822	1	11-20	0.5627402900130172
ENSMUSG00000070733.14:B1	label_permutation	0.1117097415099437	0.5760038240917782	2091	9	>20	0.8391328437337041
ENSMUSG00000077450.14:B1	label_permutation	0.0065600235032541	0.2125114995400184	1086	5	11-20	0.706785411365564
ENSMUSG00000087366.9:B1	label_permutation	0.3458883301519481	0.689920424403183	3769	8	>20	0.888284919453969
ENSMUSG00000102252.6:B1	label_permutation	6.552839351858289e-47	0.01215588130139435	2796	7	>20	0.5304436768848043
ENSMUSG00000021314.14:B1	label_permutation	4.6605777558247794e-11	0.06522110295373058	5856	4	>20	0.6378772906156274
ENSMUSG00000021314.14:B2	label_permutation	9.05031042109015e-06	0.09817312617380912	5856	4	>20	0.6716996336354654
ENSMUSG00000021314.14:B3	label_permutation	2.452219219613633e-44	0.014588859416445624	3769	8	>20	0.5304436768848043
ENSMUSG00000021314.14:B4	label_permutation	1.0	1.0	5856	4	>20	1.0
ENSMUSG00000005886.15:B1	label_permutation	5.700661209236557e-05	0.26170897390060777	2796	7	>20	0.7175608933892629
ENSMUSG00000005886.15:B2	label_permutation	8.539862054648906e-38	0.042188058634250986	2796	7	>20	0.5753301705346839
ENSMUSG00000005886.15:B3	label_permutation	1.4598250841966923e-35	0.05363528009535161	838	14	>20	0.6158695880934625
ENSMUSG00000022185.20:B1	label_permutation	2.6062995035330383e-36	0.23186344238975817	702	24	>20	0.7091982855276581
ENSMUSG00000022185.20:B2	label_permutation	8.32584755723856e-39	0.03607427055702918	3769	8	>20	0.5627402900130172
ENSMUSG00000022185.20:B4	label_permutation	0.6106874129395575	0.7978779840848806	3769	8	>20	0.9406626887956651
ENSMUSG00000028059.17:B2	label_permutation	0.2700344766446361	0.6546419098143236	3769	8	>20	0.8729493357351947
ENSMUSG00000028059.17:B3	label_permutation	1.9452789895233573e-116	0.0010725777618877368	2796	7	>20	0.5304436768848043
ENSMUSG00000033526.17:B1	label_permutation	0.0063357398760206	0.383289124668435	3769	8	>20	0.7631707880514113
ENSMUSG00000033526.17:B3	label_permutation	0.038730544935727	0.23134710602697628	5856	4	>20	0.7091982855276581
ENSMUSG00000033526.17:B4	label_permutation	0.0249022586123186	0.21307836776506744	5856	4	>20	0.7070265116252828
ENSMUSG00000042015.18:B1	label_permutation	0.0025080642695347	0.3575596816976127	3769	8	>20	0.7537910234770694
ENSMUSG00000001089.15:B1	label_permutation	2.438831799055929e-20	0.12428480610298792	3145	10	>20	0.6716996336354654
ENSMUSG00000001089.15:B2	label_permutation	0.0262842017022237	0.24670624004632982	6906	5	>20	0.7127381867912488
ENSMUSG00000017631.20:B1	label_permutation	1.8404386086322812e-22	0.3356164383561644	145	21	>20	0.7432926746811992
ENSMUSG00000017631.20:B2	label_permutation	7.258893214929057e-20	0.22646007151370678	838	14	>20	0.7091982855276581
ENSMUSG00000021838.18:B2	label_permutation	0.8751095986741624	0.6675	799	2	1-5	0.8797479064437119
ENSMUSG00000025020.12:B1	label_permutation	0.0004036882279607	0.15375705805704357	6906	5	>20	0.6837203468428499
ENSMUSG00000025020.12:B2	label_permutation	0.00915360960278	0.48474253019707564	3145	10	>20	0.7967563669451726
ENSMUSG00000028107.15:B1	label_permutation	0.1056246330364767	0.4216710182767624	5361	6	>20	0.7786164028838818
ENSMUSG00000028107.15:B3	label_permutation	0.8742289065816115	0.7860842152668318	4440	3	>20	0.936579892167359
ENSMUSG00000030530.16:B1	label_permutation	0.3298423788002584	0.5337995337995338	428	4	6-10	0.817574158207151
ENSMUSG00000030530.16:B2	label_permutation	0.7114061815825995	0.5605947955390335	1344	2	6-10	0.8310183263662547
ENSMUSG00000032712.17:B1	label_permutation	0.9842904252180038	0.8572490706319703	1344	2	6-10	0.962746552341033
ENSMUSG00000032712.17:B2	label_permutation	0.5604407739443225	0.4950805008944544	2235	1	6-10	0.8036741326983274
ENSMUSG00000038187.15:B1	label_permutation	0.069830472619535	0.3849309958970533	5361	6	>20	0.7631707880514113
ENSMUSG00000038187.15:B2	label_permutation	6.885716939562839e-07	0.0806124746678676	4440	3	>20	0.6634744498321522
ENSMUSG00000041836.11:B1	label_permutation	1.114141237732477e-09	0.5468940316686967	820	18	>20	0.825955408986012
ENSMUSG00000041836.11:B2	label_permutation	1.2611130591385822e-10	0.29805931893079457	2730	12	>20	0.7277459433406522
ENSMUSG00000052373.15:B2	label_permutation	0.3641668746798158	0.4483523988389961	5856	4	>20	0.7882194114557239
ENSMUSG00000063646.19:B2	label_permutation	0.9203168421181136	0.8375561025047054	6906	5	>20	0.954899236492365
ENSMUSG00000001138.14:B1	label_permutation	0.7741448194482684	0.6643752527294784	2472	2	>20	0.8775896643160838
ENSMUSG00000003154.16:B1	label_permutation	0.4389202757789275	0.4497354497354497	566	3	6-10	0.7882194114557239
ENSMUSG00000005371.16:B1	label_permutation	0.8330877417591357	0.7541501976284585	2529	3	11-20	0.9228562254653174
ENSMUSG00000008976.17:B1	label_permutation	0.6506011578171866	0.538582265236725	3822	1	11-20	0.8206386545317301
ENSMUSG00000015094.17:B1	label_permutation	5.3765830578392655e-11	0.08889532358476908	6906	5	>20	0.6716996336354654
ENSMUSG00000018160.16:B1	label_permutation	0.0203251589055974	0.23512378746199508	6906	5	>20	0.7091982855276581
ENSMUSG00000020042.16:B1	label_permutation	1.2595040397567452e-34	0.02666915330100709	5361	6	>20	0.5540574956588848
ENSMUSG00000020516.16:B1	label_permutation	4.228352322840316e-48	0.01144082946013586	2796	7	>20	0.5304436768848043
ENSMUSG00000020918.15:B1	label_permutation	0.4653031104782001	0.5004268396790166	5856	4	>20	0.8048246980763529
ENSMUSG00000021373.17:B1	label_permutation	0.1962549634339435	0.48936963819470347	5361	6	>20	0.8000639509023785
ENSMUSG00000022044.15:B1	label_permutation	0.2762755764105978	0.2607899555323045	3822	1	11-20	0.7175608933892629
ENSMUSG00000022523.11:B1	label_permutation	0.0084776103729069	0.480610298792117	3145	10	>20	0.7957558710997155
ENSMUSG00000023017.11:B1	label_permutation	0.6449268200711904	0.5847782031074082	4440	3	>20	0.8451893433605204
ENSMUSG00000024283.16:B1	label_permutation	0.0318180868746015	0.2686292548298068	1086	5	11-20	0.7203360339025302
ENSMUSG00000024767.12:B1	label_permutation	0.5412910867316473	0.47450805008944547	2235	1	6-10	0.7926722340846395
ENSMUSG00000025255.19:B1	label_permutation	1.0	1.0	6906	5	>20	1.0
ENSMUSG00000026458.14:B1	label_permutation	0.0223969924036501	0.23990154915303316	6906	5	>20	0.7102004579935987
ENSMUSG00000026904.18:B1	label_permutation	0.3739391846169546	0.6018276762402088	5361	6	>20	0.8533989363626496
ENSMUSG00000027488.13:B1	label_permutation	0.0008403950288371	0.12069353749155595	4440	3	>20	0.6716996336354654
ENSMUSG00000028020.17:B1	label_permutation	0.0002500977600936	0.2354813046937152	1256	6	11-20	0.7091982855276581
ENSMUSG00000028557.11:B1	label_permutation	0.2548882220424648	0.27732342007434946	1344	2	6-10	0.7246986373555707
ENSMUSG00000029071.17:B1	label_permutation	4.093164160302817e-05	0.05752453653217012	3667	2	11-20	0.6274595979491046
ENSMUSG00000029528.20:B1	label_permutation	0.6530759539273199	0.5406748626732932	3822	1	11-20	0.8206386545317301
ENSMUSG00000030120.15:B1	label_permutation	0.3938277317849158	0.5409383624655014	1086	5	11-20	0.8206386545317301
ENSMUSG00000030757.14:B1	label_permutation	0.3782148674742211	0.42445395181265483	4440	3	>20	0.7792463358448585
ENSMUSG00000031467.11:B1	label_permutation	0.3823954130206672	0.33765652951699465	2235	1	6-10	0.7441379410327873
ENSMUSG00000032010.16:B1	label_permutation	1.3964481897885688e-14	0.4043419267299864	736	16	>20	0.7710482337742537
ENSMUSG00000032405.11:B1	label_permutation	9.423271384504624e-34	0.06900250268144441	2796	7	>20	0.6559623507026293
ENSMUSG00000032939.15:B1	label_permutation	1.3516821405506234e-18	0.0742260350615442	5361	6	>20	0.658935462200628
ENSMUSG00000033904.17:B1	label_permutation	0.6951234389993299	0.6245518183370327	5856	4	>20	0.860790285075356
ENSMUSG00000034602.16:B1	label_permutation	6.93081618620786e-16	0.17214854111405836	3769	8	>20	0.6873186350454853
ENSMUSG00000035390.17:B1	label_permutation	0.1566322363715351	0.6843610934520026	3145	10	>20	0.8863198373552182
ENSMUSG00000036323.15:B1	label_permutation	0.0033929814753482	0.19963201471941122	1086	5	11-20	0.6994035248150303
ENSMUSG00000037217.16:B1	label_permutation	3.13606322579543e-05	0.3107074569789675	2091	9	>20	0.7334017588400592
ENSMUSG00000037996.18:B1	label_permutation	0.0327812679428737	0.32972771353972397	5361	6	>20	0.7421633546983134
ENSMUSG00000038534.20:B1	label_permutation	1.0417110374160564e-25	0.029025098173126172	5856	4	>20	0.5602707336478445
ENSMUSG00000039318.13:B1	label_permutation	0.3959740688303631	0.468840703431791	5856	4	>20	0.7926722340846395
ENSMUSG00000040225.16:B1	label_permutation	0.0004172029874194	0.504577077993409	2730	12	>20	0.8075678907044394
ENSMUSG00000041020.15:B3	label_permutation	9.523845210984159e-35	0.02629615814994405	5361	6	>20	0.5513591664429858
ENSMUSG00000042105.19:B1	label_permutation	0.0050145301352459	0.5287356321839081	521	10	11-20	0.8148719459982858
ENSMUSG00000043419.12:B1	label_permutation	0.805882634596454	0.6780261723009815	3667	2	11-20	0.8849050131223106
ENSMUSG00000045962.17:B1	label_permutation	1.5692313908525676e-86	0.020618556701030927	96	33	>20	0.5304436768848043
ENSMUSG00000048490.15:B1	label_permutation	0.3480469669205776	0.5142594296228151	1086	5	11-20	0.8106642524624388
ENSMUSG00000051375.16:B1	label_permutation	0.0258583197500773	0.4469496021220159	3769	8	>20	0.787950087522443
ENSMUSG00000053470.14:B1	label_permutation	9.76843305628518e-06	0.11715867158671586	2167	4	11-20	0.6716996336354654
ENSMUSG00000055932.16:B1	label_permutation	3.4052168242162384e-11	0.28670816550714023	2730	12	>20	0.7267803830666978
ENSMUSG00000058013.12:B1	label_permutation	0.0046179659248317	0.3324991061851984	2796	7	>20	0.7421633546983134
ENSMUSG00000060002.15:B1	label_permutation	0.0013111929640297	0.09248554913294797	172	3	1-5	0.6716996336354654
ENSMUSG00000062257.14:B1	label_permutation	0.2640057911928613	0.6031462281015374	2796	7	>20	0.8537277998396209
ENSMUSG00000066456.15:B1	label_permutation	0.0484934199437678	0.1319320214669052	2235	1	6-10	0.6716996336354654
ENSMUSG00000070808.5:B1	label_permutation	0.675551657943468	0.5632497273718647	3667	2	11-20	0.8310183263662547
ENSMUSG00000078161.9:B1	label_permutation	0.4997008119809948	0.540590405904059	2167	4	11-20	0.8206386545317301
ENSMUSG00000087370.4:B1	label_permutation	1.0	1.0	1344	2	6-10	1.0
ENSMUSG00000103144.2:B1	label_permutation	0.4836978270087177	0.8162746344564527	3145	10	>20	0.9473937622364467
ENSMUSG00000021493.16:B1	label_permutation	4.619995486115025e-06	0.276657824933687	3769	8	>20	0.724480368316683
ENSMUSG00000021493.16:B2	label_permutation	4.516030781207244e-06	0.276657824933687	3769	8	>20	0.724480368316683
ENSMUSG00000021493.16:B3	label_permutation	0.0298457121326234	0.22024927437254568	5856	4	>20	0.7091982855276581
ENSMUSG00000032036.16:B1	label_permutation	3.332370700517972e-05	0.19047619047619047	83	6	1-5	0.6961201735525486
ENSMUSG00000032036.16:B2	label_permutation	0.0001442154665838	0.18414918414918416	428	4	6-10	0.6917315104013201
ENSMUSG00000032036.16:B3	label_permutation	0.9364990215069948	0.7710037174721189	1344	2	6-10	0.931299294312993
ENSMUSG00000032036.16:B5	label_permutation	0.9044962492207792	0.8438228438228438	428	4	6-10	0.95684131707921
ENSMUSG00000006464.10:B1	label_permutation	0.205651865514092	0.3430830039525692	2529	3	11-20	0.745478662825752
ENSMUSG00000006464.10:B2	label_permutation	0.1075215925566429	0.4486873508353222	1256	6	11-20	0.7882194114557239
ENSMUSG00000006464.10:B3	label_permutation	0.4498154424686882	0.47193675889328063	2529	3	11-20	0.7926722340846395
ENSMUSG00000022456.19:B1	label_permutation	0.0148490939725976	0.7902264600715138	838	14	>20	0.938121019074988
ENSMUSG00000022456.19:B2	label_permutation	0.0556538753029724	0.448337504469074	2796	7	>20	0.7882194114557239
ENSMUSG00000022456.19:B3	label_permutation	0.2212694313171974	0.5831247765462996	2796	7	>20	0.8437539091787315
ENSMUSG00000028064.18:B1	label_permutation	1.7643779066107542e-10	0.30281948004393994	2730	12	>20	0.7318810953112224
ENSMUSG00000028064.18:B2	label_permutation	0.4658024920389184	0.5004268396790166	5856	4	>20	0.8048246980763529
ENSMUSG00000028064.18:B3	label_permutation	9.489836508890885e-06	0.09834386204541574	5856	4	>20	0.6716996336354654
ENSMUSG00000033767.15:B1	label_permutation	0.2575842472482595	0.5330100708690787	5361	6	>20	0.817574158207151
ENSMUSG00000033767.15:B3	label_permutation	2.1882206319863412e-32	0.03207758299142111	5361	6	>20	0.5627402900130172
ENSMUSG00000033767.15:B4	label_permutation	6.614024340822761e-18	0.07683700111898545	5361	6	>20	0.6634744498321522
ENSMUSG00000042292.19:B1	label_permutation	3.770158360084744e-22	0.011933174224343675	1256	6	11-20	0.5304436768848043
ENSMUSG00000042292.19:B2	label_permutation	0.2349192980855234	0.3577075098814229	2529	3	11-20	0.7537910234770694
ENSMUSG00000042292.19:B3	label_permutation	0.8843934714191499	0.799604743083004	2529	3	11-20	0.9406626887956651
ENSMUSG00000001211.16:B2	label_permutation	1.8682032950491746e-07	0.2698664971392244	3145	10	>20	0.7203360339025302
ENSMUSG00000017670.17:B1	label_permutation	1.699861054578868e-09	0.2259946949602122	3769	8	>20	0.7091982855276581
ENSMUSG00000017670.17:B2	label_permutation	1.0	1.0	3769	8	>20	1.0
ENSMUSG00000021974.16:B2	label_permutation	0.6144537503467713	0.5560032232070911	1240	1	>20	0.8296596150748978
ENSMUSG00000025162.19:B1	label_permutation	0.4002693011950275	0.4708895338910705	5856	4	>20	0.7926722340846395
ENSMUSG00000025162.19:B2	label_permutation	0.9440893572336582	0.9270557029177718	3769	8	>20	0.9922829233603937
ENSMUSG00000028252.21:B1	label_permutation	5.668420934515633e-06	0.1486385676986199	5361	6	>20	0.6790014896770759
ENSMUSG00000028252.21:B2	label_permutation	0.1163279856658118	0.5798279158699808	2091	9	>20	0.842082227388737
ENSMUSG00000030584.15:B1	label_permutation	0.7585568893052126	0.6964944649446494	2167	4	11-20	0.8923845813294384
ENSMUSG00000030584.15:B2	label_permutation	0.9518136590673714	0.8525081788440567	3667	2	11-20	0.9603826759912836
ENSMUSG00000032812.19:B1	label_permutation	0.3521963591135518	0.32851690294438385	3667	2	11-20	0.7421633546983134
ENSMUSG00000032812.19:B2	label_permutation	0.1619024462947871	0.1896416426889877	3822	1	11-20	0.695247351814289
ENSMUSG00000038241.17:B1	label_permutation	0.829279968776995	0.7661792384537426	6906	5	>20	0.928626022542503
ENSMUSG00000038241.17:B3	label_permutation	9.720112131335772e-15	0.1719643992371265	3145	10	>20	0.6873186350454853
ENSMUSG00000041966.19:B2	label_permutation	0.9204023666636832	0.7991949910554562	2235	1	6-10	0.9406626887956651
ENSMUSG00000052387.17:B1	label_permutation	0.0873992786821961	0.6934865900383141	521	10	11-20	0.8908314713718625
ENSMUSG00000063659.12:B1	label_permutation	5.4170743790726815e-31	0.12559502013914317	2730	12	>20	0.6716996336354654
ENSMUSG00000063659.12:B3	label_permutation	2.7520577631133352e-37	0.018836255128683328	5361	6	>20	0.5304436768848043
ENSMUSG00000001158.14:B1	label_permutation	0.9766544993768786	0.8901386345801726	3822	1	11-20	0.9765432693963292
ENSMUSG00000003279.18:B1	label_permutation	9.412644835920813e-13	0.4628501827040195	820	18	>20	0.791460707496781
ENSMUSG00000005442.14:B2	label_permutation	0.4713422266942579	0.6534875046624394	5361	6	>20	0.8729493357351947
ENSMUSG00000009013.6:B1	label_permutation	0.3766394707393317	0.343447554276746	3822	1	11-20	0.7456268595238559
ENSMUSG00000015112.16:B1	label_permutation	0.1845230968000569	0.375	2167	4	11-20	0.7606803797468354
ENSMUSG00000018209.16:B1	label_permutation	0.0481990968041835	0.35527788138754196	5361	6	>20	0.7537910234770694
ENSMUSG00000020064.10:B1	label_permutation	1.325548511394469e-12	0.0822354133487766	6906	5	>20	0.6634744498321522
ENSMUSG00000020520.15:B1	label_permutation	0.3712062905529636	0.5045605907050817	6906	5	>20	0.8075678907044394
ENSMUSG00000020919.12:B1	label_permutation	0.8677875869757682	0.7597746286494793	5856	4	>20	0.9249037157580688
ENSMUSG00000021427.11:B1	label_permutation	0.0054742595373906	0.4589955499046408	3145	10	>20	0.7912910652813838
ENSMUSG00000022052.10:B1	label_permutation	0.1263106274315097	0.18947655398037078	3667	2	11-20	0.695247351814289
ENSMUSG00000022529.12:B1	label_permutation	0.9377311349535412	0.825134168157424	2235	1	6-10	0.9511671850500901
ENSMUSG00000023018.6:B1	label_permutation	0.418132285462506	0.5277254958737513	6906	5	>20	0.8148719459982858
ENSMUSG00000024286.9:B1	label_permutation	0.0771609792703814	0.29428044280442806	2167	4	11-20	0.7277459433406522
ENSMUSG00000024780.8:B1	label_permutation	4.545681936654681e-08	0.8093883357041252	702	24	>20	0.9440409311942838
ENSMUSG00000025261.19:B1	label_permutation	3.2308755133504535e-08	0.34968875869644817	2730	12	>20	0.7503842469014648
ENSMUSG00000025885.19:B1	label_permutation	0.4226497592500237	0.29014084507042254	1774	1	1-5	0.7277459433406522
ENSMUSG00000026463.18:B1	label_permutation	2.080981485230383e-32	0.1315468940316687	820	18	>20	0.6716996336354654
ENSMUSG00000026915.17:B1	label_permutation	1.034753420709033e-07	0.2595602294455067	2091	9	>20	0.7175608933892629
ENSMUSG00000027499.13:B1	label_permutation	0.2617413830028107	0.21014084507042252	1774	1	1-5	0.7053545808613133
ENSMUSG00000028028.12:B1	label_permutation	0.9762640905226816	0.8885691865027465	3822	1	11-20	0.9761038206136391
ENSMUSG00000028559.18:B1	label_permutation	0.9814386348954868	0.7791549295774648	1774	1	1-5	0.9340283646845002
ENSMUSG00000029076.15:B1	label_permutation	0.9040176867022638	0.9396058486967578	3145	10	>20	0.9980474504169166
ENSMUSG00000029544.17:B1	label_permutation	0.0001124170746376	0.18049959709911362	1240	1	>20	0.6917315104013201
ENSMUSG00000030126.18:B1	label_permutation	1.0	1.0	29	25	11-20	1.0
ENSMUSG00000030759.17:B1	label_permutation	3.4378061047125235e-08	0.0734068903400135	4440	3	>20	0.658935462200628
ENSMUSG00000031486.16:B1	label_permutation	0.763600150972599	0.6440071556350626	2235	1	6-10	0.8685239541374944
ENSMUSG00000032011.6:B1	label_permutation	1.227889644021836e-28	0.08550540368722187	3145	10	>20	0.6668588316369805
ENSMUSG00000032407.15:B1	label_permutation	2.667755821101549e-44	0.02198852772466539	2091	9	>20	0.5304436768848043
ENSMUSG00000032959.13:B1	label_permutation	0.5962632629954937	0.5201252236135957	2235	1	6-10	0.8138069195881308
ENSMUSG00000033909.18:B1	label_permutation	1.943804542676843e-43	0.006370348921384103	6906	5	>20	0.5304436768848043
ENSMUSG00000034610.15:B1	label_permutation	1.1364805450858093e-05	0.15479298769116	5361	6	>20	0.6847722369731165
ENSMUSG00000035401.10:B1	label_permutation	0.5374895889719185	0.5337203346423084	5856	4	>20	0.817574158207151
ENSMUSG00000036333.12:B1	label_permutation	0.055785432114525	0.5007957559681697	3769	8	>20	0.8048246980763529
ENSMUSG00000037235.14:B1	label_permutation	0.9277749527567576	0.8376383763837638	2167	4	11-20	0.954899236492365
ENSMUSG00000037997.13:B1	label_permutation	0.8068043199284505	0.7197628458498023	2529	3	11-20	0.9054039499097457
ENSMUSG00000038535.18:B1	label_permutation	1.3737117360173681e-18	0.24076281287246723	838	14	>20	0.7102004579935987
ENSMUSG00000039347.8:B1	label_permutation	5.931202869955599e-06	0.13286713286713286	428	4	6-10	0.6716996336354654
ENSMUSG00000040249.16:B1	label_permutation	3.600753181870425e-41	0.049798608568290006	2730	12	>20	0.608059383326989
ENSMUSG00000042121.17:B1	label_permutation	0.0110292242872276	0.10875	799	2	1-5	0.6716996336354654
ENSMUSG00000043456.18:B1	label_permutation	0.0306801095659136	0.18694885361552027	566	3	6-10	0.6949788783536367
ENSMUSG00000045980.14:B1	label_permutation	0.5787805434560382	0.5415446971402837	4440	3	>20	0.8206386545317301
ENSMUSG00000048661.15:B1	label_permutation	0.6863369456118311	0.6190882704456206	5856	4	>20	0.8600151917924148
ENSMUSG00000051391.10:B1	label_permutation	1.0	1.0	2091	9	>20	1.0
ENSMUSG00000053510.13:B3	label_permutation	1.0	1.0	2796	7	>20	1.0
ENSMUSG00000056069.11:B1	label_permutation	0.992938726696088	0.9524576954069299	1240	1	>20	1.0
ENSMUSG00000058070.15:B1	label_permutation	0.018864682452538	0.653972903698279	2730	12	>20	0.8729493357351947
ENSMUSG00000060012.10:B1	label_permutation	4.3698614567870766e-39	0.04780114722753346	2091	9	>20	0.6058862926834537
ENSMUSG00000062372.14:B1	label_permutation	0.7125812504585237	0.6150424585523655	2472	2	>20	0.8596717009467336
ENSMUSG00000066595.10:B1	label_permutation	0.3313370766098253	0.2927020664399686	3822	1	11-20	0.7277459433406522
ENSMUSG00000070822.6:B1	label_permutation	0.7136382237650141	0.6711254612546126	2167	4	11-20	0.8805087557454523
ENSMUSG00000078190.8:B1	label_permutation	0.6525228589883434	0.6333025830258303	2167	4	11-20	0.8645641783717961
ENSMUSG00000087473.8:B1	label_permutation	0.1045590191316093	0.2632290024769196	4440	3	>20	0.7179991088838531
ENSMUSG00000104283.2:B1	label_permutation	7.021430399690222e-43	0.025334608030592735	2091	9	>20	0.5483423779172124
ENSMUSG00000022099.18:B2	label_permutation	0.0067334442798292	0.3425098319628173	2796	7	>20	0.745437077003003
ENSMUSG00000022099.18:B3	label_permutation	0.0031031345762201	0.7270560190703218	838	14	>20	0.9112570831197022
ENSMUSG00000022099.18:B4	label_permutation	8.797567929369923e-18	0.25387365911799764	838	14	>20	0.7175608933892629
ENSMUSG00000032280.17:B2	label_permutation	0.1041826655089123	0.44709626093874305	1256	6	11-20	0.787950087522443
ENSMUSG00000032280.17:B4	label_permutation	0.9745465262733444	0.9363564041368337	1256	6	11-20	0.9963058288967096
ENSMUSG00000032280.17:B5	label_permutation	0.3627563045401811	0.42727272727272725	2529	3	11-20	0.7802900802900802
ENSMUSG00000006673.15:B2	label_permutation	0.0447689389846121	0.2746489069060373	6906	5	>20	0.7223620429586104
ENSMUSG00000006673.15:B3	label_permutation	2.5380589125086025e-33	0.1313456889605157	1240	1	>20	0.6716996336354654
ENSMUSG00000022565.16:B2	label_permutation	1.5432862236921913e-45	0.045133991537376586	708	11	>20	0.5887099419424673
ENSMUSG00000022565.16:B4	label_permutation	2.087292665555068e-66	0.03827751196172249	208	22	>20	0.5677768959471334
ENSMUSG00000028078.15:B1	label_permutation	0.0020147849594059	0.5507140241669718	2730	12	>20	0.826763331772505
ENSMUSG00000028078.15:B2	label_permutation	0.9378667947684978	0.8437766774799386	5856	4	>20	0.95684131707921
ENSMUSG00000028078.15:B3	label_permutation	0.0393344996291338	0.23271299299982925	5856	4	>20	0.7091982855276581
ENSMUSG00000033793.13:B1	label_permutation	4.0430407406550733e-13	0.18885941644562335	3769	8	>20	0.695247351814289
ENSMUSG00000033793.13:B2	label_permutation	0.0094407909438114	0.1813214956462353	5856	4	>20	0.6917315104013201
ENSMUSG00000033793.13:B3	label_permutation	0.3799713506990124	0.45654772067611404	5856	4	>20	0.7912910652813838
ENSMUSG00000042554.11:B1	label_permutation	0.1761231393364042	0.19320214669051877	2235	1	6-10	0.6977932517214355
ENSMUSG00000042554.11:B2	label_permutation	0.2993827824269563	0.2620751341681574	2235	1	6-10	0.7175608933892629
ENSMUSG00000001482.16:B1	label_permutation	0.4001774323975731	0.43386243386243384	566	3	6-10	0.781823590658932
ENSMUSG00000001482.16:B2	label_permutation	0.804044722330744	0.6379182156133829	1344	2	6-10	0.8672217817334429
ENSMUSG00000017734.16:B2	label_permutation	0.0058033565430543	0.0916030534351145	3667	2	11-20	0.6716996336354654
ENSMUSG00000021986.10:B1	label_permutation	4.011678660597866e-16	0.22995239838886855	2730	12	>20	0.7091982855276581
ENSMUSG00000021986.10:B2	label_permutation	0.9257990132809382	0.8950018649757553	5361	6	>20	0.9779244373838968
ENSMUSG00000025372.17:B1	label_permutation	1.0	1.0	3769	8	>20	1.0
ENSMUSG00000025372.17:B2	label_permutation	5.769649619120877e-42	0.036635006784260515	736	16	>20	0.5627402900130172
ENSMUSG00000028266.18:B1	label_permutation	0.2810355125915683	0.4034488646064538	5856	4	>20	0.7709657464797492
ENSMUSG00000028266.18:B3	label_permutation	0.1208196710093563	0.24342903356247472	2472	2	>20	0.7122255230009176
ENSMUSG00000030600.16:B1	label_permutation	0.9126833027762452	0.8130539887187752	1240	1	>20	0.9461030205863964
ENSMUSG00000030600.16:B2	label_permutation	0.5316204201751021	0.4670440760210271	2472	2	>20	0.7921077007283904
ENSMUSG00000032816.16:B1	label_permutation	0.7915173991567156	0.660577971646674	3667	2	11-20	0.8757595213025501
ENSMUSG00000032816.16:B2	label_permutation	0.9100723181948832	0.8182656826568265	2167	4	11-20	0.9487230279279536
ENSMUSG00000038291.17:B1	label_permutation	0.4237646821161477	0.7238726790450929	3769	8	>20	0.909299191174505
ENSMUSG00000038291.17:B2	label_permutation	0.1822035887811982	0.3462523476182346	5856	4	>20	0.7472963416998167
ENSMUSG00000041992.10:B1	label_permutation	4.844763149806728e-18	0.16127320954907162	3769	8	>20	0.6847722369731165
ENSMUSG00000041992.10:B2	label_permutation	7.83106289729539e-22	0.035854533037391154	5856	4	>20	0.5627402900130172
ENSMUSG00000052533.15:B1	label_permutation	0.0002701085945766	0.495422922006591	2730	12	>20	0.8036741326983274
ENSMUSG00000052533.15:B2	label_permutation	0.0029867635017042	0.23256247668780305	5361	6	>20	0.7091982855276581
ENSMUSG00000063681.15:B2	label_permutation	5.643635622500149e-06	0.08225352112676056	1774	1	1-5	0.6634744498321522
ENSMUSG00000001173.16:B1	label_permutation	0.0781132545411334	0.41766109785202865	1256	6	11-20	0.7760797509700331
ENSMUSG00000003345.17:B1	label_permutation	0.5902769343077503	0.5636363636363636	2529	3	11-20	0.8310183263662547
ENSMUSG00000005469.11:B1	label_permutation	0.908703395537255	0.7941657579062159	3667	2	11-20	0.9394731757777988
ENSMUSG00000009079.17:B1	label_permutation	6.695378327206629e-06	0.30959949141767323	3145	10	>20	0.7329591912450679
ENSMUSG00000015143.16:B1	label_permutation	0.8586592881795682	0.7424181156490093	2472	2	>20	0.9185043598635396
ENSMUSG00000018293.5:B1	label_permutation	0.947344791795848	0.6884507042253522	1774	1	1-5	0.888176627331557
ENSMUSG00000020070.19:B1	label_permutation	0.0001186402729547	0.3303059273422562	2091	9	>20	0.7421633546983134
ENSMUSG00000020522.14:B1	label_permutation	0.622024907698704	0.5005452562704471	3667	2	11-20	0.8048246980763529
ENSMUSG00000020926.17:B1	label_permutation	1.4151835372809462e-35	0.059349302824454775	2796	7	>20	0.6340483851745918
ENSMUSG00000021431.16:B1	label_permutation	0.4359730050473208	0.3863458017263929	3822	1	11-20	0.7631707880514113
ENSMUSG00000022054.12:B1	label_permutation	2.3908671563153002e-26	0.11193633952254642	3769	8	>20	0.6716996336354654
ENSMUSG00000022533.15:B1	label_permutation	5.160157886077286e-45	0.013262599469496022	3769	8	>20	0.5304436768848043
ENSMUSG00000023019.13:B1	label_permutation	0.841597313977475	0.7175572519083969	3667	2	11-20	0.9033618682732542
ENSMUSG00000024781.17:B1	label_permutation	0.6347795660877337	0.5890652557319224	566	3	6-10	0.8477948738506724
ENSMUSG00000025266.12:B1	label_permutation	0.3168267317861984	0.6321058276725062	2796	7	>20	0.8645641783717961
ENSMUSG00000025889.14:B1	label_permutation	0.0715184694295241	0.14098875228877844	3822	1	11-20	0.6746982879173822
ENSMUSG00000026470.15:B1	label_permutation	0.8910552801824428	0.7450805008944544	2235	1	6-10	0.9199714385012154
ENSMUSG00000026918.17:B1	label_permutation	0.0001308100509185	0.1444910959895758	6906	5	>20	0.6753453621929444
ENSMUSG00000027508.16:B1	label_permutation	0.0223176833145387	0.13308550185873605	1344	2	6-10	0.6716996336354654
ENSMUSG00000028041.18:B1	label_permutation	0.6407984879958538	0.5190839694656488	3667	2	11-20	0.8135276880867505
ENSMUSG00000029089.9:B1	label_permutation	9.325970941441798e-12	0.0849862458375561	6906	5	>20	0.6668588316369805
ENSMUSG00000029547.11:B1	label_permutation	0.052778507108566	0.44404719342152305	2796	7	>20	0.7867920816153179
ENSMUSG00000030127.16:B1	label_permutation	0.4114505317258363	0.3711744703112739	3822	1	11-20	0.7605406188729243
ENSMUSG00000030774.14:B1	label_permutation	6.184873123050428e-05	0.13869986969740844	6906	5	>20	0.6737987860703265
ENSMUSG00000031508.15:B1	label_permutation	0.9766268811576264	0.9075098814229249	2529	3	11-20	0.9825822453164573
ENSMUSG00000032012.10:B1	label_permutation	2.725640119871849e-09	0.0677775275838775	4440	3	>20	0.6527161437746073
ENSMUSG00000032409.16:B1	label_permutation	0.1826098211762614	0.3948168524685102	6906	5	>20	0.7659655217138764
ENSMUSG00000032965.12:B1	label_permutation	0.0070578511948206	0.17278470206590404	5856	4	>20	0.6874913976902961
ENSMUSG00000033910.14:B1	label_permutation	0.9999997991866868	0.9758893280632411	2529	3	11-20	1.0
ENSMUSG00000034613.13:B1	label_permutation	0.0033402503243817	0.23554643789630736	5361	6	>20	0.7091982855276581
ENSMUSG00000035437.16:B1	label_permutation	0.1640703650149571	0.607074569789675	2091	9	>20	0.8549320386917808
ENSMUSG00000036371.7:B1	label_permutation	0.4069159392488395	0.6857347157668932	2796	7	>20	0.8864568336635118
ENSMUSG00000038002.10:B1	label_permutation	0.0796564846392382	0.39668034315553896	5361	6	>20	0.7663744371387409
ENSMUSG00000038538.18:B1	label_permutation	0.1334270232897235	0.5893881453154876	2091	9	>20	0.8477948738506724
ENSMUSG00000039354.17:B1	label_permutation	6.645633662970071e-10	0.20021451555237754	2796	7	>20	0.6994035248150303
ENSMUSG00000040260.9:B1	label_permutation	0.1413640931619278	0.25394257986251517	2472	2	>20	0.7175608933892629
ENSMUSG00000041028.17:B1	label_permutation	0.3937122331047123	0.5409383624655014	1086	5	11-20	0.8206386545317301
ENSMUSG00000042133.17:B1	label_permutation	1.0	1.0	3145	10	>20	1.0
ENSMUSG00000043460.8:B1	label_permutation	0.0342852872221972	0.22656650162199077	5856	4	>20	0.7091982855276581
ENSMUSG00000045994.18:B1	label_permutation	1.8470807253951668e-30	0.09892729439809297	838	14	>20	0.6716996336354654
ENSMUSG00000048814.12:B1	label_permutation	0.0385305582710215	0.340171577769489	5361	6	>20	0.7445807850839993
ENSMUSG00000051401.8:B1	label_permutation	0.3595535464851453	0.5947407683700112	5361	6	>20	0.8514955796802711
ENSMUSG00000053550.14:B1	label_permutation	0.0019740636342154	0.2185751585229392	5361	6	>20	0.7091982855276581
ENSMUSG00000056073.17:B2	label_permutation	7.100245668231345e-24	0.12493368700265252	3769	8	>20	0.6716996336354654
ENSMUSG00000058135.13:B1	label_permutation	0.0111095952158256	0.11001788908765653	2235	1	6-10	0.6716996336354654
ENSMUSG00000060098.12:B1	label_permutation	3.558519866897685e-152	0.002251745102454402	4440	3	>20	0.5304436768848043
ENSMUSG00000062380.5:B1	label_permutation	0.9077656280856772	0.8201058201058201	566	3	6-10	0.9490161893805502
ENSMUSG00000066607.6:B1	label_permutation	0.1362940653971215	0.696969696969697	32	5	6-10	0.8923845813294384
ENSMUSG00000070871.11:B1	label_permutation	0.1081393780800356	0.26591458501208703	1240	1	>20	0.7203360339025302
ENSMUSG00000078307.4:B1	label_permutation	0.3929545279040261	0.6135770234986945	5361	6	>20	0.859074611575892
ENSMUSG00000087620.9:B1	label_permutation	0.7157047584045296	0.6186817630408411	2472	2	>20	0.8600095026444993
ENSMUSG00000104586.2:B1	label_permutation	0.3416786774165364	0.39564867042707497	1240	1	>20	0.7661957635762993
ENSMUSG00000022377.17:B1	label_permutation	0.1752940830564891	0.39018387143477634	6906	5	>20	0.7651558894261146
ENSMUSG00000022377.17:B2	label_permutation	4.073953838413473e-17	0.28078817733990147	202	15	11-20	0.7246986373555707
ENSMUSG00000022377.17:B3	label_permutation	0.1752921162560453	0.39018387143477634	6906	5	>20	0.7651558894261146
ENSMUSG00000022377.17:B4	label_permutation	0.063393115473447	0.29680034747357753	6906	5	>20	0.7277459433406522
ENSMUSG00000032511.18:B1	label_permutation	0.3638138047536761	0.32379248658318427	2235	1	6-10	0.740347424896211
ENSMUSG00000032511.18:B2	label_permutation	0.3904296353410604	0.35062611806797855	2235	1	6-10	0.7516767280320209
ENSMUSG00000032511.18:B3	label_permutation	0.7137873179189401	0.6059928443649374	2235	1	6-10	0.8539855190532267
ENSMUSG00000032511.18:B4	label_permutation	0.7635831762533192	0.6007434944237918	1344	2	6-10	0.8524781971788595
ENSMUSG00000008489.19:B1	label_permutation	2.51511972152052e-07	0.2391304347826087	91	8	6-10	0.7101113572928957
ENSMUSG00000008489.19:B2	label_permutation	0.1092825755148022	0.4518695306284805	1256	6	11-20	0.7886186635278071
ENSMUSG00000008489.19:B3	label_permutation	0.7211238580564624	0.6049618320610687	3667	2	11-20	0.8539855190532267
ENSMUSG00000022637.12:B1	label_permutation	4.98492190981989e-13	0.4794520547945205	145	21	>20	0.7955996190321795
ENSMUSG00000022637.12:B2	label_permutation	0.0687479782873409	0.4647836968180193	2796	7	>20	0.7917358367967924
ENSMUSG00000022637.12:B3	label_permutation	1.6226206077636097e-07	0.4636471990464839	838	14	>20	0.791460707496781
ENSMUSG00000028082.15:B2	label_permutation	0.7007252923428184	0.5818425760286225	2235	1	6-10	0.8427138923952321
ENSMUSG00000033808.17:B1	label_permutation	0.6999428432808175	0.8804831532104259	3145	10	>20	0.9752086364341691
ENSMUSG00000033808.17:B2	label_permutation	0.0250353159773264	0.2448240915013754	6906	5	>20	0.7122255230009176
ENSMUSG00000033808.17:B3	label_permutation	0.373236846831723	0.5051397133342985	6906	5	>20	0.8080434558755784
ENSMUSG00000042810.15:B1	label_permutation	0.0043955002818826	0.40152963671128106	2091	9	>20	0.7700927087358683
ENSMUSG00000042810.15:B4	label_permutation	0.1577629754940217	0.29970727313668094	4440	3	>20	0.7296725635183329
ENSMUSG00000042810.15:B6	label_permutation	0.1596739044081911	0.4651249533756061	5361	6	>20	0.7917358367967924
ENSMUSG00000001786.15:B1	label_permutation	0.5829400168820233	0.8442466624284806	3145	10	>20	0.95684131707921
ENSMUSG00000001786.15:B2	label_permutation	5.5514385196780615e-15	0.07296945128130881	6906	5	>20	0.658935462200628
ENSMUSG00000017774.20:B1	label_permutation	0.4122855309535956	0.6127167630057804	172	3	1-5	0.8588753875685524
ENSMUSG00000017774.20:B2	label_permutation	0.0014810286458167	0.08899821109123435	2235	1	6-10	0.6716996336354654
ENSMUSG00000021990.17:B1	label_permutation	0.0816892947120544	0.22159320663162152	2472	2	>20	0.7091982855276581
ENSMUSG00000021990.17:B2	label_permutation	0.199314613778811	0.3021756647864625	1240	1	>20	0.7318810953112224
ENSMUSG00000025375.16:B1	label_permutation	4.626858463874254e-31	0.09177592371871275	838	14	>20	0.6716996336354654
ENSMUSG00000025375.16:B2	label_permutation	3.6775991320175668e-34	0.06721487307829818	2796	7	>20	0.649985205823974
ENSMUSG00000028289.13:B1	label_permutation	0.980402897654352	0.9418127564341664	5361	6	>20	0.9993598688520913
ENSMUSG00000028289.13:B2	label_permutation	2.283079733288461e-10	0.16286644951140064	306	9	11-20	0.6847722369731165
ENSMUSG00000030629.16:B1	label_permutation	4.246084856550076e-06	0.4130355181252289	2730	12	>20	0.7732164440203563
ENSMUSG00000030629.16:B2	label_permutation	0.4498356044464771	0.6419246549794853	5361	6	>20	0.8680883840706338
ENSMUSG00000032841.16:B1	label_permutation	6.001796810853136e-09	0.10739856801909307	1256	6	11-20	0.6716996336354654
ENSMUSG00000032841.16:B2	label_permutation	9.641391508830598e-05	0.0932806324110672	2529	3	11-20	0.6716996336354654
ENSMUSG00000038453.18:B1	label_permutation	4.336875305312783e-41	0.3333333333333333	128	30	>20	0.7421633546983134
ENSMUSG00000038453.18:B2	label_permutation	4.544997107620802e-81	0.07142857142857142	97	40	>20	0.658935462200628
ENSMUSG00000042066.17:B1	label_permutation	0.0001959612751766	0.6440677966101694	58	18	11-20	0.8685239541374944
ENSMUSG00000042066.17:B2	label_permutation	0.00161600886323	0.6773399014778325	405	12	11-20	0.8845239051021637
ENSMUSG00000052833.10:B1	label_permutation	0.6499844418067164	0.6577385261329086	6906	5	>20	0.8736815770020162
ENSMUSG00000001175.17:B1	label_permutation	0.1717123337237469	0.8161845477846943	2730	12	>20	0.9473937622364467
ENSMUSG00000003352.15:B1	label_permutation	1.14122110822994e-10	0.0660747823117637	5856	4	>20	0.6417262948763717
ENSMUSG00000005514.15:B1	label_permutation	3.3845393757525183e-34	0.01809758216302302	6906	5	>20	0.5304436768848043
ENSMUSG00000009090.18:B1	label_permutation	0.0422169761334235	0.2705950485015202	6906	5	>20	0.7203360339025302
ENSMUSG00000015165.17:B1	label_permutation	0.7199011231787866	0.6908923643054278	1086	5	11-20	0.8889315755211671
ENSMUSG00000018334.19:B2	label_permutation	2.7373774058719977e-71	0.006324110671936759	2529	3	11-20	0.5304436768848043
ENSMUSG00000020074.8:B1	label_permutation	0.9986059080058894	0.935572607499638	6906	5	>20	0.9959464507356762
ENSMUSG00000020524.17:B1	label_permutation	0.6968294363518208	0.8076510547014658	2796	7	>20	0.9432709920726544
ENSMUSG00000020929.15:B1	label_permutation	1.866964120306863e-12	0.06009902680553184	5856	4	>20	0.6349169789338434
ENSMUSG00000021448.9:B1	label_permutation	0.2669531844674046	0.6730401529636711	2091	9	>20	0.8825047242396238
ENSMUSG00000022103.11:B1	label_permutation	0.9242632669637004	0.830781627719581	1240	1	>20	0.9511909067562542
ENSMUSG00000022536.15:B1	label_permutation	0.0011001820355479	0.36089866156787764	2091	9	>20	0.7545910039399194
ENSMUSG00000023025.17:B1	label_permutation	0.7102379157049886	0.7756563245823389	1256	6	11-20	0.9318259513791044
ENSMUSG00000024294.15:B1	label_permutation	6.443977092173879e-116	0.01860088960776385	2472	2	>20	0.5304436768848043
ENSMUSG00000024787.15:B1	label_permutation	0.8273558493660862	0.7290421717602869	5856	4	>20	0.911839503285207
ENSMUSG00000025270.14:B1	label_permutation	0.6761351144332822	0.6136247225542086	5856	4	>20	0.859074611575892
ENSMUSG00000026473.17:B1	label_permutation	6.338517257243657e-07	0.25862068965517243	3769	8	>20	0.7175608933892629
ENSMUSG00000026924.18:B1	label_permutation	3.9172199498649023e-16	0.0835509138381201	5361	6	>20	0.6638844888509808
ENSMUSG00000027522.16:B1	label_permutation	0.0033852046323495	0.18502968003474735	6906	5	>20	0.6924338401300345
ENSMUSG00000028047.12:B1	label_permutation	0.9396354081980972	0.6664788732394367	1774	1	1-5	0.8787806947473853
ENSMUSG00000028572.14:B1	label_permutation	0.2919956630121306	0.3809952713352848	4440	3	>20	0.7631707880514113
ENSMUSG00000029093.15:B1	label_permutation	0.8570525573415041	0.7670664206642066	2167	4	11-20	0.9287863442473885
ENSMUSG00000029552.20:B1	label_permutation	0.2999526529177828	0.39090909090909093	2529	3	11-20	0.7652744724734254
ENSMUSG00000030161.9:B1	label_permutation	0.1660897006067238	0.38381352251339224	6906	5	>20	0.7631707880514113
ENSMUSG00000030795.19:B1	label_permutation	0.0964293908187604	0.3316924858838859	6906	5	>20	0.7421633546983134
ENSMUSG00000031511.17:B2	label_permutation	4.662236840656957e-65	0.002652519893899204	3769	8	>20	0.5304436768848043
ENSMUSG00000032017.15:B1	label_permutation	0.47202258851794	0.40988752288778446	3822	1	11-20	0.7731985024069317
ENSMUSG00000032425.16:B1	label_permutation	0.8789681636070414	0.7926142760639495	4440	3	>20	0.9391233843936999
ENSMUSG00000033006.11:B1	label_permutation	0.3346678394417375	0.27996422182468694	2235	1	6-10	0.7246986373555707
ENSMUSG00000033918.17:B1	label_permutation	2.4128493144677446e-35	0.023418149065525782	4440	3	>20	0.5474559145934611
ENSMUSG00000034614.15:B1	label_permutation	0.821597908491385	0.7026591458501209	1240	1	>20	0.8944033931467131
ENSMUSG00000035469.18:B1	label_permutation	0.4077302198071827	0.5225133922108006	6906	5	>20	0.8138069195881308
ENSMUSG00000036377.20:B1	label_permutation	0.8152353950817026	0.9793577981651376	435	15	>20	1.0
ENSMUSG00000037243.18:B1	label_permutation	0.3748368885745829	0.423553253771673	4440	3	>20	0.7792463358448585
ENSMUSG00000038034.16:B1	label_permutation	9.929496667843349e-08	0.4564958283671037	838	14	>20	0.7912910652813838
ENSMUSG00000038552.15:B1	label_permutation	0.3483640793013708	0.29069767441860467	2235	1	6-10	0.7277459433406522
ENSMUSG00000039367.12:B1	label_permutation	0.8548396460072778	0.7088673816374574	3822	1	11-20	0.8982456767600314
ENSMUSG00000040282.14:B1	label_permutation	0.8702605173426	0.7965831764876212	6906	5	>20	0.9406626887956651
ENSMUSG00000041112.18:B1	label_permutation	0.1140530852258329	0.3210332103321033	2167	4	11-20	0.738416174107119
ENSMUSG00000042182.17:B1	label_permutation	0.9314824826241828	0.8372887143588869	5856	4	>20	0.954899236492365
ENSMUSG00000043518.8:B1	label_permutation	0.772650643050539	0.6436750272628136	3667	2	11-20	0.8685239541374944
ENSMUSG00000046027.18:B1	label_permutation	0.6172827579370667	0.42875	799	2	1-5	0.7803995295754584
ENSMUSG00000048834.17:B1	label_permutation	2.3984039898367696e-07	0.09179134654266073	2472	2	>20	0.6716996336354654
ENSMUSG00000051427.15:B1	label_permutation	0.4871034367336402	0.44520824909017387	2472	2	>20	0.787842097864509
ENSMUSG00000053702.17:B1	label_permutation	0.0213497684393785	0.770935960591133	405	12	11-20	0.931299294312993
ENSMUSG00000056091.13:B1	label_permutation	0.9998288118695028	0.9797342940779104	4440	3	>20	1.0
ENSMUSG00000058159.15:B1	label_permutation	0.999999999886584	0.8901408450704226	1774	1	1-5	0.9765432693963292
ENSMUSG00000060206.12:B1	label_permutation	0.5978869552139696	0.5675889328063242	2529	3	11-20	0.8327883176564626
ENSMUSG00000062397.9:B1	label_permutation	0.509668480938676	0.8669950738916257	405	12	11-20	0.9681948473249686
ENSMUSG00000066640.12:B1	label_permutation	0.5469073738460116	0.4495637949836423	3667	2	11-20	0.7882194114557239
ENSMUSG00000070880.11:B1	label_permutation	9.233403982009397e-22	0.04452054794520548	583	8	11-20	0.5887099419424673
ENSMUSG00000078490.11:B1	label_permutation	0.033250491474747	0.8807339449541285	435	15	>20	0.9752086364341691
ENSMUSG00000089633.4:B1	label_permutation	3.7695213137159854e-20	0.040976609185589895	5856	4	>20	0.5693986502293021
ENSMUSG00000104677.2:B1	label_permutation	1.5426878753450296e-30	0.11806883365200765	2091	9	>20	0.6716996336354654
ENSMUSG00000022475.20:B2	label_permutation	0.2896737284580752	0.3577759871071716	1240	1	>20	0.7537910234770694
ENSMUSG00000022475.20:B3	label_permutation	0.1302275460170692	0.273972602739726	1240	1	>20	0.7223620429586104
ENSMUSG00000022475.20:B4	label_permutation	0.2896733737759236	0.3577759871071716	1240	1	>20	0.7537910234770694
ENSMUSG00000034813.20:B2	label_permutation	0.2878609941294804	0.2808069792802617	3667	2	11-20	0.7246986373555707
ENSMUSG00000034813.20:B3	label_permutation	0.5961962807620643	0.4822791712104689	3667	2	11-20	0.7963077475435613
ENSMUSG00000034813.20:B4	label_permutation	0.7338907006404949	0.7891805887032617	1256	6	11-20	0.938121019074988
ENSMUSG00000008575.18:B1	label_permutation	0.0833181858865654	0.4009697873927639	5361	6	>20	0.7700927087358683
ENSMUSG00000008575.18:B2	label_permutation	3.356724893332594e-20	0.3264311814859927	820	18	>20	0.7419942813209977
ENSMUSG00000008575.18:B3	label_permutation	0.0013640721404882	0.5393628707433175	2730	12	>20	0.8206386545317301
ENSMUSG00000022708.17:B1	label_permutation	0.0001517633902251	0.22832140015910898	1256	6	11-20	0.7091982855276581
ENSMUSG00000022708.17:B2	label_permutation	3.001642676080853e-06	0.17422434367541767	1256	6	11-20	0.6884067605452999
ENSMUSG00000022708.17:B3	label_permutation	8.402114113090889e-22	0.1206896551724138	405	12	11-20	0.6716996336354654
ENSMUSG00000028126.17:B1	label_permutation	0.2430772544449556	0.4086715867158672	2167	4	11-20	0.7730646752083036
ENSMUSG00000028126.17:B2	label_permutation	0.9974981901654691	0.9773554387383745	2472	2	>20	1.0
ENSMUSG00000028126.17:B3	label_permutation	0.3443714145908706	0.3704003234937323	2472	2	>20	0.7605406188729243
ENSMUSG00000033943.16:B1	label_permutation	8.696812074882047e-05	0.26707186271004646	2796	7	>20	0.7203360339025302
ENSMUSG00000033943.16:B2	label_permutation	4.621613383317037e-32	0.08544869503038971	2796	7	>20	0.6668588316369805
ENSMUSG00000033943.16:B5	label_permutation	1.2904256161010582e-37	0.04397568823739721	2796	7	>20	0.5887099419424673
ENSMUSG00000043467.20:B1	label_permutation	4.76791273907269e-24	0.007955449482895784	1256	6	11-20	0.5304436768848043
ENSMUSG00000043467.20:B2	label_permutation	1.4470129107093707e-28	0.02015810276679842	2529	3	11-20	0.5304436768848043
ENSMUSG00000043467.20:B3	label_permutation	0.9997688546882968	0.9608695652173913	2529	3	11-20	1.0
ENSMUSG00000002578.19:B1	label_permutation	2.8432041735693848e-24	0.03595890410958904	583	8	11-20	0.5627402900130172
ENSMUSG00000002578.19:B2	label_permutation	0.9449556122432068	0.8583948339483395	2167	4	11-20	0.962746552341033
ENSMUSG00000017978.19:B1	label_permutation	0.9103803128990166	0.8272727272727273	2529	3	11-20	0.9511671850500901
ENSMUSG00000017978.19:B3	label_permutation	0.2195367887309319	0.30942788074133765	1240	1	>20	0.7329591912450679
ENSMUSG00000022019.17:B1	label_permutation	3.0775701593600094e-33	0.02026929202258578	6906	5	>20	0.5304436768848043
ENSMUSG00000022019.17:B3	label_permutation	4.557235438549743e-05	0.33630006357279085	3145	10	>20	0.7433093704791987
ENSMUSG00000028339.18:B2	label_permutation	0.6500664528031306	0.44625	799	2	1-5	0.787950087522443
ENSMUSG00000030643.15:B2	label_permutation	0.2966226666427112	0.2163380281690141	1774	1	1-5	0.7091982855276581
ENSMUSG00000032890.18:B1	label_permutation	8.586287761825257e-20	0.07854406130268199	521	10	11-20	0.6634744498321522
ENSMUSG00000032890.18:B2	label_permutation	0.0020485029678906	0.19135234590616376	1086	5	11-20	0.6961513711090555
ENSMUSG00000038608.16:B1	label_permutation	7.890252057205299e-07	0.2345890410958904	583	8	11-20	0.7091982855276581
ENSMUSG00000038608.16:B2	label_permutation	0.5919242023611532	0.5996309963099631	2167	4	11-20	0.852124703712352
ENSMUSG00000042099.17:B1	label_permutation	0.4925502723870275	0.411123227917121	3667	2	11-20	0.7731985024069317
ENSMUSG00000052917.16:B1	label_permutation	0.6604243101468625	0.6047464572306641	5856	4	>20	0.8539855190532267
ENSMUSG00000052917.16:B2	label_permutation	0.4359012915906869	0.4205418520016175	2472	2	>20	0.7771710419815723
ENSMUSG00000067629.14:B1	label_permutation	5.6270650982556405e-25	0.2289890377588307	820	18	>20	0.7091982855276581
ENSMUSG00000067629.14:B2	label_permutation	0.9961743748728944	0.9553092599213443	2796	7	>20	1.0
ENSMUSG00000001227.13:B1	label_permutation	0.1037360712395837	0.29229981219054124	5856	4	>20	0.7277459433406522
ENSMUSG00000003363.16:B1	label_permutation	0.0001897213582195	0.27565248480514837	2796	7	>20	0.7241526342627054
ENSMUSG00000005610.18:B1	label_permutation	0.1817232899421045	0.48097724729578517	5361	6	>20	0.7960696822634408
ENSMUSG00000009292.19:B1	label_permutation	0.8826864508710605	0.7371174470311274	3822	1	11-20	0.9158081887293418
ENSMUSG00000015176.12:B1	label_permutation	0.1584643532090645	0.39558417663293466	1086	5	11-20	0.7661957635762993
ENSMUSG00000018340.14:B1	label_permutation	0.0008989078198489	0.2981766178047908	2796	7	>20	0.7277459433406522
ENSMUSG00000020097.15:B1	label_permutation	0.6969866836070125	0.5968459361099878	2472	2	>20	0.8520001440483478
ENSMUSG00000020527.15:B1	label_permutation	0.9842389687153332	0.9340881520420542	2472	2	>20	0.995310742866943
ENSMUSG00000020932.15:B1	label_permutation	1.0587948195804008e-26	0.03039855888313443	4440	3	>20	0.5627402900130172
ENSMUSG00000021466.13:B1	label_permutation	0.999986825614902	0.9440559440559441	428	4	6-10	0.999899083543585
ENSMUSG00000022108.9:B1	label_permutation	9.220173272893532e-38	0.058317399617590825	2091	9	>20	0.6274595979491046
ENSMUSG00000022548.15:B1	label_permutation	0.0205612921971075	0.11538461538461539	2235	1	6-10	0.6716996336354654
ENSMUSG00000023026.17:B1	label_permutation	0.003318593750588	0.3647214854111406	3769	8	>20	0.7582536542362961
ENSMUSG00000024298.16:B1	label_permutation	0.018444536182335	0.23150427102939047	6906	5	>20	0.7091982855276581
ENSMUSG00000024793.15:B1	label_permutation	0.9999847130280892	0.9682468694096601	2235	1	6-10	1.0
ENSMUSG00000025277.15:B1	label_permutation	0.4782725957544127	0.5060611234420351	5856	4	>20	0.8086525145599756
ENSMUSG00000025931.16:B1	label_permutation	0.9931204097007156	0.9067599067599068	428	4	6-10	0.9825822453164573
ENSMUSG00000026482.14:B1	label_permutation	0.1129810153550305	0.34428840306934994	6906	5	>20	0.7461975512503962
ENSMUSG00000026925.17:B1	label_permutation	0.1562779969494157	0.20828789531079608	3667	2	11-20	0.7042861991405742
ENSMUSG00000027550.15:B1	label_permutation	0.6737553908150316	0.604593560009007	4440	3	>20	0.8539855190532267
ENSMUSG00000028053.14:B1	label_permutation	1.6443596957680088e-43	0.03588429146832662	2730	12	>20	0.5627402900130172
ENSMUSG00000028576.13:B1	label_permutation	0.0004021180748208	0.12958852654942804	5856	4	>20	0.6716996336354654
ENSMUSG00000029106.15:B1	label_permutation	0.4152072609817532	0.6270048489369638	5361	6	>20	0.8624680432802443
ENSMUSG00000029576.18:B1	label_permutation	0.0183156419684139	0.12713754646840147	1344	2	6-10	0.6716996336354654
ENSMUSG00000030166.15:B1	label_permutation	0.7665314837580175	0.7273780222962212	6906	5	>20	0.9113044388609716
ENSMUSG00000030815.12:B1	label_permutation	0.5484608651057634	0.5215041657284395	4440	3	>20	0.8138069195881308
ENSMUSG00000031532.8:B1	label_permutation	0.5794135540626779	0.4727371864776445	3667	2	11-20	0.7926722340846395
ENSMUSG00000032018.15:B1	label_permutation	0.919375115359475	0.8156085725839062	2472	2	>20	0.9473558543059765
ENSMUSG00000032440.14:B1	label_permutation	0.9068753509558424	0.6230985915492958	1774	1	1-5	0.860790285075356
ENSMUSG00000033009.16:B1	label_permutation	0.1641917879764606	0.4688549048862365	5361	6	>20	0.7926722340846395
ENSMUSG00000033955.14:B1	label_permutation	0.4200416878117604	0.48010927095782824	5856	4	>20	0.7957558710997155
ENSMUSG00000034616.18:B1	label_permutation	0.1075811825797982	0.16348417473188595	3822	1	11-20	0.6847722369731165
ENSMUSG00000035486.15:B1	label_permutation	0.4959964620327161	0.4902049088043233	4440	3	>20	0.8004182772216153
ENSMUSG00000036403.16:B1	label_permutation	0.7817639087691248	0.68543120918712	4440	3	>20	0.8863198373552182
ENSMUSG00000037270.19:B1	label_permutation	0.0457553763153354	0.5086042065009561	2091	9	>20	0.809154909905506
ENSMUSG00000038055.13:B1	label_permutation	8.390685217177702e-05	0.09795091195676649	4440	3	>20	0.6716996336354654
ENSMUSG00000038564.12:B1	label_permutation	0.9229056153403828	0.8390002251745102	4440	3	>20	0.9553296176068271
ENSMUSG00000039375.17:B1	label_permutation	0.3226342151211777	0.284070102014125	3822	1	11-20	0.7247838994150004
ENSMUSG00000040325.17:B1	label_permutation	0.0006025333613114	0.07142857142857142	3667	2	11-20	0.658935462200628
ENSMUSG00000041115.19:B1	label_permutation	2.589539446476851e-42	0.5757575757575758	32	35	>20	0.8390465223852688
ENSMUSG00000042197.14:B1	label_permutation	0.2870965911164957	0.6647214854111406	3769	8	>20	0.8775896643160838
ENSMUSG00000043587.16:B1	label_permutation	1.831701535444505e-05	0.1588959343528534	5361	6	>20	0.6847722369731165
ENSMUSG00000046093.10:B1	label_permutation	0.0360338230292515	0.33532264080566954	5361	6	>20	0.7432926746811992
ENSMUSG00000048874.16:B1	label_permutation	1.0	1.0	3769	8	>20	1.0
ENSMUSG00000051510.14:B1	label_permutation	0.0214802858056993	0.23787461995077458	6906	5	>20	0.7091982855276581
ENSMUSG00000053774.10:B1	label_permutation	1.9842815630390337e-06	0.14211115255501677	5361	6	>20	0.6746982879173822
ENSMUSG00000056167.9:B1	label_permutation	2.4942527880812115e-35	0.060421880586342507	2796	7	>20	0.6349169789338434
ENSMUSG00000058192.17:B1	label_permutation	3.126677750341614e-76	0.012032435260266806	3822	1	11-20	0.5304436768848043
ENSMUSG00000060260.14:B1	label_permutation	0.6032701244548548	0.41070422535211265	1774	1	1-5	0.7731985024069317
ENSMUSG00000062444.16:B1	label_permutation	0.187128913497332	0.34813044220590744	5856	4	>20	0.7486022511606727
ENSMUSG00000066643.13:B1	label_permutation	0.6108767386644718	0.4920937840785169	3667	2	11-20	0.8017519277996751
ENSMUSG00000070939.10:B1	label_permutation	0.0001146166700689	0.10042783156946633	4440	3	>20	0.6716996336354654
ENSMUSG00000078546.9:B1	label_permutation	0.5347378835969204	0.46900340047083444	3822	1	11-20	0.7926722340846395
ENSMUSG00000089682.11:B1	label_permutation	0.8307250834367971	0.7513833992094862	2529	3	11-20	0.9228562254653174
ENSMUSG00000105218.5:B1	label_permutation	0.576973543892115	0.5334407735697019	1240	1	>20	0.817574158207151
ENSMUSG00000022556.12:B1	label_permutation	0.0394539656012623	0.145	799	2	1-5	0.6769750481719067
ENSMUSG00000022556.12:B2	label_permutation	0.8423319431875776	0.5605633802816902	1774	1	1-5	0.8310183263662547
ENSMUSG00000022556.12:B3	label_permutation	0.81545190200147	0.5414084507042254	1774	1	1-5	0.8206386545317301
ENSMUSG00000022556.12:B5	label_permutation	0.9999999999857412	0.9369014084507042	1774	1	1-5	0.9963058288967096
ENSMUSG00000037652.16:B1	label_permutation	2.8760763883657515e-30	0.10321100917431193	435	15	>20	0.6716996336354654
ENSMUSG00000037652.16:B2	label_permutation	0.3488818671375064	0.49254379614883453	6906	5	>20	0.8019049204513056
ENSMUSG00000037652.16:B3	label_permutation	0.803547072913083	0.7517011727233242	6906	5	>20	0.9228562254653174
ENSMUSG00000037652.16:B4	label_permutation	0.5019827726867192	0.5718835963515274	6906	5	>20	0.8348756399679234
ENSMUSG00000010453.13:B1	label_permutation	1.2573776328147635e-09	0.541871921182266	202	15	11-20	0.8208572958625346
ENSMUSG00000010453.13:B2	label_permutation	0.0311722153065129	0.6264367816091954	521	10	11-20	0.8622152880614906
ENSMUSG00000010453.13:B3	label_permutation	0.9999999999999896	0.9597701149425287	521	10	11-20	1.0
ENSMUSG00000022770.18:B1	label_permutation	3.3185800581002598e-25	0.15854998169168802	2730	12	>20	0.6847722369731165
ENSMUSG00000022770.18:B2	label_permutation	2.409260610834248e-07	0.08263616185760628	5856	4	>20	0.6634744498321522
ENSMUSG00000022770.18:B3	label_permutation	1.5326954327593e-05	0.10056342837630186	5856	4	>20	0.6716996336354654
ENSMUSG00000028137.10:B1	label_permutation	3.605017484596952e-47	0.028493894165535955	736	16	>20	0.5595228198520243
ENSMUSG00000028137.10:B3	label_permutation	2.9201138925910217e-35	0.054641909814323604	3769	8	>20	0.6171507832898172
ENSMUSG00000028137.10:B5	label_permutation	0.0047227105808528	0.37374005305039787	3769	8	>20	0.7605406188729243
ENSMUSG00000034342.10:B1	label_permutation	0.9917709390642754	0.8695652173913043	91	8	6-10	0.969617080127928
ENSMUSG00000034342.10:B2	label_permutation	0.0343529427245232	0.2523062730627306	2167	4	11-20	0.7174260121878785
ENSMUSG00000034342.10:B3	label_permutation	0.9592405791543044	0.8763837638376384	2167	4	11-20	0.9730381996103431
ENSMUSG00000044024.17:B1	label_permutation	3.4051393270075715e-05	0.29411764705882354	16	12	6-10	0.7277459433406522
ENSMUSG00000044024.17:B2	label_permutation	0.5346416248114598	0.8373287671232876	583	8	11-20	0.954899236492365
ENSMUSG00000044024.17:B3	label_permutation	0.008454046284414	0.4708904109589041	583	8	11-20	0.7926722340846395
ENSMUSG00000002728.15:B1	label_permutation	0.3588637390121907	0.4131952263003828	4440	3	>20	0.7732164440203563
ENSMUSG00000002728.15:B2	label_permutation	0.6513694887800963	0.7405818724356583	5361	6	>20	0.9179532766902759
ENSMUSG00000018042.19:B1	label_permutation	0.6556007782181558	0.4625	799	2	1-5	0.7913805776931528
ENSMUSG00000018042.19:B2	label_permutation	0.986510645073986	0.9239713774597496	2235	1	6-10	0.9912068750959354
ENSMUSG00000022040.9:B2	label_permutation	5.846113947617046e-68	0.02354172116139158	3822	1	11-20	0.5474559145934611
ENSMUSG00000025468.16:B1	label_permutation	4.373562748301681e-08	0.13365155131264916	1256	6	11-20	0.6716996336354654
ENSMUSG00000025468.16:B2	label_permutation	0.070954961132113	0.2509881422924901	2529	3	11-20	0.7159464681922462
ENSMUSG00000028414.18:B1	label_permutation	0.9496435687671164	0.8484187568157033	3667	2	11-20	0.9585555625471935
ENSMUSG00000028414.18:B2	label_permutation	0.8429273356468331	0.6978812450954748	3822	1	11-20	0.892897960291815
ENSMUSG00000030688.16:B2	label_permutation	0.9897755534771944	0.9190294438386042	3667	2	11-20	0.9873907477961066
ENSMUSG00000032897.18:B1	label_permutation	3.230012167896903e-23	0.16209773539928488	838	14	>20	0.6847722369731165
ENSMUSG00000032897.18:B2	label_permutation	3.5506105954920663e-26	0.12048623525205578	2796	7	>20	0.6716996336354654
ENSMUSG00000038615.18:B2	label_permutation	0.2000870388483509	0.8	19	21	11-20	0.9406626887956651
ENSMUSG00000042198.13:B2	label_permutation	0.913314233635198	0.8918058870326173	1256	6	11-20	0.9774140242099056
ENSMUSG00000053046.17:B1	label_permutation	0.0228539745154534	0.24105979441146663	6906	5	>20	0.7102004579935987
ENSMUSG00000053046.17:B3	label_permutation	4.603999730903107e-05	0.3366179275270184	3145	10	>20	0.7433093704791987
ENSMUSG00000068205.15:B1	label_permutation	0.9999847988951788	0.9672509225092251	2167	4	11-20	1.0
ENSMUSG00000068205.15:B2	label_permutation	0.0356478719242522	0.3210702341137124	298	6	6-10	0.738416174107119
ENSMUSG00000001248.16:B1	label_permutation	0.0193799058841708	0.23338641957434486	6906	5	>20	0.7091982855276581
ENSMUSG00000003402.15:B1	label_permutation	0.9976978687361936	0.9313739684378167	6906	5	>20	0.9942943682835682
ENSMUSG00000005625.16:B1	label_permutation	0.0004555082252373	0.14206642066420663	2167	4	11-20	0.6746982879173822
ENSMUSG00000009394.14:B1	label_permutation	0.0002795418683973	0.48660084626234135	708	11	>20	0.7970226506761089
ENSMUSG00000015202.14:B1	label_permutation	0.7584409437664614	0.6684303350970018	566	3	6-10	0.8797479064437119
ENSMUSG00000018372.14:B1	label_permutation	1.0	1.0	6906	5	>20	1.0
ENSMUSG00000020120.16:B1	label_permutation	0.7587203632275393	0.639087656529517	2235	1	6-10	0.8672217817334429
ENSMUSG00000020528.15:B1	label_permutation	9.372401819679204e-07	0.08895338910705139	5856	4	>20	0.6716996336354654
ENSMUSG00000020949.10:B1	label_permutation	0.0904433060412559	0.2256368782854832	2472	2	>20	0.7091982855276581
ENSMUSG00000021494.10:B1	label_permutation	0.9342774571007536	0.8027726916034528	3822	1	11-20	0.9423909852035474
ENSMUSG00000022110.14:B1	label_permutation	0.05675514135959	0.2533720334642308	5856	4	>20	0.7175608933892629
ENSMUSG00000022568.18:B2	label_permutation	0.6857281645902753	0.6117991443368611	4440	3	>20	0.8582910945738498
ENSMUSG00000023030.17:B1	label_permutation	0.0329508878619308	0.20130601215942356	4440	3	>20	0.7004621913712823
ENSMUSG00000024299.18:B1	label_permutation	0.9590650817261918	0.8	1344	2	6-10	0.9406626887956651
ENSMUSG00000024829.13:B1	label_permutation	0.5367042362557023	0.4723008491710473	2472	2	>20	0.7926722340846395
ENSMUSG00000025290.18:B1	label_permutation	0.0235564559241664	0.23431734317343172	2167	4	11-20	0.7091982855276581
ENSMUSG00000025939.20:B1	label_permutation	2.450704312111647e-10	0.23374760994263863	2091	9	>20	0.7091982855276581
ENSMUSG00000026494.13:B1	label_permutation	2.871514175606812e-41	0.03489483747609943	2091	9	>20	0.5627402900130172
ENSMUSG00000026926.15:B1	label_permutation	0.6365896482953967	0.5139040348964014	3667	2	11-20	0.8106642524624388
ENSMUSG00000027551.16:B1	label_permutation	0.6440200661914095	0.7366654233494965	5361	6	>20	0.9158081887293418
ENSMUSG00000028063.16:B1	label_permutation	0.8722327295010078	0.7565709664375253	2472	2	>20	0.9241522180299797
ENSMUSG00000028634.18:B1	label_permutation	1.6440420215390155e-41	0.05602923264311815	820	18	>20	0.6216594827586207
ENSMUSG00000029108.15:B1	label_permutation	0.0009198326063187	0.40368722186904005	3145	10	>20	0.7709657464797492
ENSMUSG00000029578.16:B1	label_permutation	0.0010332086332146	0.12134387351778655	2529	3	11-20	0.6716996336354654
ENSMUSG00000030168.14:B1	label_permutation	0.8980969579095246	0.8174315911394238	6906	5	>20	0.9482460055435871
ENSMUSG00000030844.12:B1	label_permutation	0.6643353224103078	0.4467605633802817	1774	1	1-5	0.787950087522443
ENSMUSG00000031539.7:B1	label_permutation	0.1138892600053968	0.3450123063558709	6906	5	>20	0.7467777224403244
ENSMUSG00000032020.16:B1	label_permutation	0.1248000979009233	0.25573192239858905	566	3	6-10	0.7175608933892629
ENSMUSG00000032452.13:B1	label_permutation	0.9257098901769338	0.8245046502224019	2472	2	>20	0.9511564992219032
ENSMUSG00000033014.13:B1	label_permutation	0.5497299522253292	0.5308300395256917	2529	3	11-20	0.8159761518848163
ENSMUSG00000033960.7:B1	label_permutation	0.0526710776986304	0.2844939916027219	6906	5	>20	0.7247838994150004
ENSMUSG00000034675.18:B1	label_permutation	0.0007008162202599	0.33076923076923076	3769	8	>20	0.7421633546983134
ENSMUSG00000035505.15:B1	label_permutation	0.2644482910484995	0.2552968872613131	3822	1	11-20	0.7175608933892629
ENSMUSG00000036452.19:B1	label_permutation	5.495340743081504e-05	0.1379759664108875	6906	5	>20	0.6737987860703265
ENSMUSG00000037286.16:B1	label_permutation	0.0404170867147343	0.20918712001801396	4440	3	>20	0.7052010574912312
ENSMUSG00000038576.16:B1	label_permutation	0.1987326417871089	0.3575209151442718	5856	4	>20	0.7537910234770694
ENSMUSG00000039414.11:B1	label_permutation	0.8545895231200421	0.7339149400218102	3667	2	11-20	0.9144894017989066
ENSMUSG00000040327.17:B1	label_permutation	0.0024924123212831	0.17808020848414652	6906	5	>20	0.6907662883605332
ENSMUSG00000041130.11:B1	label_permutation	1.0	1.0	5856	4	>20	1.0
ENSMUSG00000042202.16:B1	label_permutation	0.2693427633030636	0.6546419098143236	3769	8	>20	0.8729493357351947
ENSMUSG00000043733.15:B1	label_permutation	9.705795768138764e-14	0.1821360457724094	3145	10	>20	0.6917315104013201
ENSMUSG00000046204.15:B1	label_permutation	0.9544995751020494	0.8480251111692388	3822	1	11-20	0.9585555625471935
ENSMUSG00000048897.16:B1	label_permutation	0.9001889464190921	0.745724907063197	1344	2	6-10	0.9200378359107585
ENSMUSG00000051527.12:B1	label_permutation	1.0	1.0	838	14	>20	1.0
ENSMUSG00000053825.16:B1	label_permutation	0.3272276927241256	0.6381837683232034	2796	7	>20	0.8672217817334429
ENSMUSG00000056201.9:B1	label_permutation	0.6201876961379977	0.6392066019979731	6906	5	>20	0.8672217817334429
ENSMUSG00000058230.13:B1	label_permutation	0.4542297973613856	0.6445356210369265	5361	6	>20	0.8685239541374944
ENSMUSG00000060279.15:B1	label_permutation	0.0996443822137569	0.33328507311423194	6906	5	>20	0.7421633546983134
ENSMUSG00000062519.14:B1	label_permutation	0.1279510096690235	0.2478770723817226	2472	2	>20	0.7127381867912488
ENSMUSG00000066687.6:B1	label_permutation	0.375820813596305	0.6025736665423349	5361	6	>20	0.8536910197869101
ENSMUSG00000071042.13:B1	label_permutation	0.0016726860844905	0.08	799	2	1-5	0.6634744498321522
ENSMUSG00000078622.9:B1	label_permutation	0.1040832522493698	0.3560257589696412	1086	5	11-20	0.7537910234770694
ENSMUSG00000089715.13:B1	label_permutation	0.0840283102417044	0.40171577769489	5361	6	>20	0.7700927087358683
ENSMUSG00000105245.2:B1	label_permutation	0.0229501757246136	0.20880997097490184	5856	4	>20	0.7044666263359548
ENSMUSG00000025006.19:B1	label_permutation	0.0156194432664535	0.2914957105557628	5361	6	>20	0.7277459433406522
ENSMUSG00000025006.19:B2	label_permutation	0.0003899307069036	0.1937709809772473	5361	6	>20	0.6977932517214355
ENSMUSG00000025006.19:B4	label_permutation	0.2943414338835799	0.5552032823573294	5361	6	>20	0.8296596150748978
ENSMUSG00000025006.19:B5	label_permutation	5.770978253036614e-33	0.03021260723610593	5361	6	>20	0.5627402900130172
ENSMUSG00000025006.19:B7	label_permutation	1.5058286681730984e-09	0.3214939582570487	2730	12	>20	0.738416174107119
ENSMUSG00000025006.19:B9	label_permutation	0.1542035315942349	0.4604625139873182	5361	6	>20	0.7913805776931528
ENSMUSG00000001687.16:B1	label_permutation	0.5214601754944974	0.4007434944237918	1344	2	6-10	0.7700927087358683
ENSMUSG00000001687.16:B2	label_permutation	0.5873813952007667	0.45055762081784384	1344	2	6-10	0.7882989098962725
ENSMUSG00000001687.16:B4	label_permutation	0.4130516220780206	0.5571095571095571	428	4	6-10	0.8300586093510337
ENSMUSG00000018537.17:B1	label_permutation	2.744037764191422e-23	0.1615678776290631	2091	9	>20	0.6847722369731165
ENSMUSG00000018537.17:B2	label_permutation	5.704566676313191e-07	0.07993695113713127	4440	3	>20	0.6634744498321522
ENSMUSG00000018537.17:B3	label_permutation	0.2187054494636345	0.5080193957478553	5361	6	>20	0.8090451962935411
ENSMUSG00000024589.19:B2	label_permutation	0.3603060974465165	0.5949272659455427	5361	6	>20	0.8514955796802711
ENSMUSG00000024589.19:B3	label_permutation	0.0009371623743017	0.526913218601245	2730	12	>20	0.8148719459982858
ENSMUSG00000029461.18:B1	label_permutation	3.096124460058922e-24	0.45517241379310347	144	27	>20	0.790568560066904
ENSMUSG00000029461.18:B2	label_permutation	0.001573883765912	0.3675908221797323	2091	9	>20	0.759498759593972
ENSMUSG00000029461.18:B3	label_permutation	0.0411552112429753	0.5	2091	9	>20	0.8048246980763529
ENSMUSG00000036916.14:B1	label_permutation	9.388398293599731e-39	0.03669724770642202	435	15	>20	0.5627402900130172
ENSMUSG00000036916.14:B2	label_permutation	0.0145177896209578	0.22238308961922687	6906	5	>20	0.7091982855276581
ENSMUSG00000036916.14:B3	label_permutation	0.0009180616032995	0.16331258143911973	6906	5	>20	0.6847722369731165
ENSMUSG00000053877.13:B1	label_permutation	2.0455665745276843e-43	0.2868217054263566	128	30	>20	0.7267803830666978
ENSMUSG00000053877.13:B2	label_permutation	1.849158772042123e-42	0.0270184361093452	3145	10	>20	0.5540574956588848
ENSMUSG00000053877.13:B3	label_permutation	0.0002465532939531	0.3747616020343293	3145	10	>20	0.7605406188729243
ENSMUSG00000004383.19:B1	label_permutation	0.0224280477987042	0.24019111046764152	6906	5	>20	0.7102004579935987
ENSMUSG00000004383.19:B2	label_permutation	2.354653661806174e-12	0.1961220597584234	3145	10	>20	0.6994035248150303
ENSMUSG00000022829.15:B1	label_permutation	0.036266760584831	0.22844459620966365	5856	4	>20	0.7091982855276581
ENSMUSG00000022829.15:B2	label_permutation	0.0046769470306482	0.37374005305039787	3769	8	>20	0.7605406188729243
ENSMUSG00000026490.19:B1	label_permutation	0.0820798364798359	0.6242848061029879	3145	10	>20	0.860790285075356
ENSMUSG00000026490.19:B2	label_permutation	4.4044856857415295e-37	0.04577240940877304	3145	10	>20	0.59530666961497
ENSMUSG00000028830.15:B1	label_permutation	0.3210773162488867	0.634608509116911	2796	7	>20	0.8649721690180984
ENSMUSG00000028830.15:B2	label_permutation	0.1799981553209313	0.5631033249910619	2796	7	>20	0.8310183263662547
ENSMUSG00000031342.18:B1	label_permutation	9.154446149411026e-30	0.17174177831912302	820	18	>20	0.6873186350454853
ENSMUSG00000031342.18:B2	label_permutation	1.0200812077424118e-32	0.12911084043848964	820	18	>20	0.6716996336354654
ENSMUSG00000034413.15:B1	label_permutation	0.4780426719640278	0.4145958671200628	3822	1	11-20	0.773760421954916
ENSMUSG00000034413.15:B2	label_permutation	0.1066549828807085	0.17557251908396945	3667	2	11-20	0.6888355586218554
ENSMUSG00000039585.16:B1	label_permutation	2.703207675307117e-41	0.03489483747609943	2091	9	>20	0.5627402900130172
ENSMUSG00000039585.16:B2	label_permutation	1.0	1.0	2091	9	>20	1.0
ENSMUSG00000043531.17:B1	label_permutation	0.923693497848088	0.8140676117775354	3667	2	11-20	0.9467914396178853
ENSMUSG00000043531.17:B3	label_permutation	0.1399261849603354	0.3371771217712177	2167	4	11-20	0.7441379410327873
ENSMUSG00000055670.15:B1	label_permutation	0.9845701155502856	0.8990950998804849	5856	4	>20	0.9794872952207052
ENSMUSG00000055670.15:B3	label_permutation	0.3330459279239722	0.42718115075977464	5856	4	>20	0.7802900802900802
ENSMUSG00000079084.13:B1	label_permutation	0.0029061166944923	0.27505827505827507	428	4	6-10	0.7230149268813592
ENSMUSG00000079084.13:B3	label_permutation	0.9928962893125948	0.9296619411123228	3667	2	11-20	0.9932045376388903
ENSMUSG00000001774.9:B1	label_permutation	0.0093838648860315	0.1813214956462353	5856	4	>20	0.6917315104013201
ENSMUSG00000004085.15:B1	label_permutation	0.0498232607714509	0.5151515151515151	32	5	6-10	0.8109908099737572
ENSMUSG00000006307.17:B1	label_permutation	0.0061582576208769	0.3816976127320955	3769	8	>20	0.7631707880514113
ENSMUSG00000010175.14:B1	label_permutation	1.090207476155341e-05	0.12040133779264214	298	6	6-10	0.6716996336354654
ENSMUSG00000016200.15:B1	label_permutation	0.9285601974391462	0.7983259220507455	3822	1	11-20	0.9406626887956651
ENSMUSG00000019173.12:B1	label_permutation	0.981400476104939	0.9053099659952917	3822	1	11-20	0.9825822453164573
ENSMUSG00000020189.16:B1	label_permutation	0.0425675916294758	0.27117417113073694	6906	5	>20	0.7203360339025302
ENSMUSG00000020640.11:B1	label_permutation	8.637203712586651e-35	0.02610966057441253	5361	6	>20	0.550018999987742
ENSMUSG00000021096.12:B1	label_permutation	0.9903054085211068	0.9177645866512234	6906	5	>20	0.9863496288153387
ENSMUSG00000021690.11:B1	label_permutation	8.146524090089214e-75	0.11120064464141821	1240	1	>20	0.6716996336354654
ENSMUSG00000022272.18:B1	label_permutation	3.5025533170791985e-21	0.14515552377547372	2796	7	>20	0.6769750481719067
ENSMUSG00000022710.18:B1	label_permutation	0.1949875321149888	0.4043723758505864	6906	5	>20	0.7710482337742537
ENSMUSG00000023912.11:B1	label_permutation	0.1364627691520387	0.28417023192974555	4440	3	>20	0.7247838994150004
ENSMUSG00000024472.10:B1	label_permutation	0.3559179503461965	0.30724508050089444	2235	1	6-10	0.7329591912450679
ENSMUSG00000024955.16:B1	label_permutation	0.3355612779104091	0.2995030081088151	3822	1	11-20	0.7295711169295621
ENSMUSG00000025427.16:B1	label_permutation	0.0006890089673477	0.1598378456638193	6906	5	>20	0.6847722369731165
ENSMUSG00000026135.18:B1	label_permutation	0.2621373476524206	0.269629225736096	3667	2	11-20	0.7203360339025302
ENSMUSG00000026643.17:B1	label_permutation	0.3678366100621127	0.45005975755506233	5856	4	>20	0.7882194114557239
ENSMUSG00000027035.11:B1	label_permutation	1.0	1.0	6906	5	>20	1.0
ENSMUSG00000027668.14:B1	label_permutation	0.0005767718279386	0.19843342036553524	5361	6	>20	0.6994035248150303
ENSMUSG00000028218.20:B1	label_permutation	0.9314556963310942	0.8260632497273719	3667	2	11-20	0.9511671850500901
ENSMUSG00000028799.16:B1	label_permutation	0.0622718281433482	0.23260526908353973	4440	3	>20	0.7091982855276581
ENSMUSG00000029191.17:B1	label_permutation	0.8529438964862726	0.7836976979875488	6906	5	>20	0.9356077153561903
ENSMUSG00000029713.16:B1	label_permutation	0.1245375735428082	0.8226600985221675	405	12	11-20	0.9501353570319088
ENSMUSG00000030306.15:B1	label_permutation	5.919389482553166e-05	0.11234420351715896	5856	4	>20	0.6716996336354654
ENSMUSG00000031065.15:B1	label_permutation	0.0371808596799608	0.2623425510351817	6906	5	>20	0.7175608933892629
ENSMUSG00000031681.17:B1	label_permutation	0.3354798643228752	0.5803804550540843	5361	6	>20	0.842082227388737
ENSMUSG00000032181.8:B1	label_permutation	0.1315848262558012	0.3097148710944169	5856	4	>20	0.7329591912450679
ENSMUSG00000032549.8:B1	label_permutation	7.761426779042743e-39	0.03973299427844883	3145	10	>20	0.5677768959471334
ENSMUSG00000034154.16:B1	label_permutation	1.1101718326639644e-36	0.032435260266806175	3822	1	11-20	0.5627402900130172
ENSMUSG00000034863.10:B1	label_permutation	0.3032229805851724	0.38617428507093	4440	3	>20	0.7631707880514113
ENSMUSG00000035725.14:B1	label_permutation	0.7952161811169932	0.6663031624863686	3667	2	11-20	0.8787806947473853
ENSMUSG00000036617.18:B1	label_permutation	1.5506312567151224e-22	0.4593967517401392	430	20	>20	0.7912910652813838
ENSMUSG00000037486.19:B2	label_permutation	0.0854790180281884	0.32039959461415957	6906	5	>20	0.7383911245928327
ENSMUSG00000038174.15:B1	label_permutation	0.9997005832640729	0.9854955680902499	1240	1	>20	1.0
ENSMUSG00000038766.17:B1	label_permutation	1.789621371588257e-09	0.32295862321493957	2730	12	>20	0.7399191935862263
ENSMUSG00000039629.15:B2	label_permutation	0.509183509081606	0.48670427074939565	1240	1	>20	0.7970226506761089
ENSMUSG00000041351.17:B1	label_permutation	0.9717169415266368	0.9618563254926892	3145	10	>20	1.0
ENSMUSG00000042408.14:B1	label_permutation	0.943955587309493	0.8250065393669893	3822	1	11-20	0.9511671850500901
ENSMUSG00000044471.14:B1	label_permutation	0.2190477799174866	0.7177368086458995	3145	10	>20	0.9033618682732542
ENSMUSG00000047146.18:B1	label_permutation	3.519310351255636e-12	0.08112874779541446	566	3	6-10	0.6634744498321522
ENSMUSG00000052406.15:B1	label_permutation	0.956788228160872	0.8857707509881423	2529	3	11-20	0.9754015534112878
ENSMUSG00000054434.15:B1	label_permutation	0.9555261808930304	0.8694601128122482	1240	1	>20	0.969617080127928
ENSMUSG00000056629.17:B1	label_permutation	1.781959599251915e-13	0.056734317343173434	2167	4	11-20	0.6224129142269418
ENSMUSG00000058704.10:B1	label_permutation	5.898886566061958e-10	0.1991419377904898	2796	7	>20	0.6994035248150303
ENSMUSG00000061136.17:B1	label_permutation	0.0643314910796514	0.23440666516550326	4440	3	>20	0.7091982855276581
ENSMUSG00000063382.7:B1	label_permutation	5.525575691989102e-11	0.2911021603808129	2730	12	>20	0.7277459433406522
ENSMUSG00000068580.12:B1	label_permutation	0.6022857795910214	0.5142558200366204	3822	1	11-20	0.8106642524624388
ENSMUSG00000072774.11:B1	label_permutation	3.468513773664574e-69	0.006543075245365322	3667	2	11-20	0.5304436768848043
ENSMUSG00000084890.3:B1	label_permutation	0.5354104594108673	0.5147489304210764	4440	3	>20	0.8109826021065203
ENSMUSG00000092083.5:B1	label_permutation	0.4565358614690587	0.4310553983016579	2472	2	>20	0.7803995295754584
ENSMUSG00000113029.3:B1	label_permutation	0.3844492498218193	0.35129479466387653	3822	1	11-20	0.7519516476662079
ENSMUSG00000023079.15:B3	label_permutation	0.3484941499122095	0.5926809864757359	1256	6	11-20	0.8509933857752432
ENSMUSG00000023079.15:B4	label_permutation	0.7680427446294655	0.6822134387351778	2529	3	11-20	0.8863198373552182
ENSMUSG00000037989.16:B1	label_permutation	1.0903827018700598e-26	0.1103448275862069	3769	8	>20	0.6716996336354654
ENSMUSG00000037989.16:B3	label_permutation	0.0072565507390397	0.3870026525198939	3769	8	>20	0.7631707880514113
ENSMUSG00000037989.16:B5	label_permutation	4.70269387853066e-32	0.13297150610583447	736	16	>20	0.6716996336354654
ENSMUSG00000037989.16:B6	label_permutation	8.897641673319282e-64	0.025604551920341393	702	24	>20	0.5483423779172124
ENSMUSG00000012114.18:B1	label_permutation	0.0162579661942233	0.2942931741887356	5361	6	>20	0.7277459433406522
ENSMUSG00000012114.18:B5	label_permutation	0.8732824224010021	0.8659082431928385	5361	6	>20	0.9678150611097711
ENSMUSG00000012114.18:B6	label_permutation	3.334039900581544e-09	0.11879895561357702	5361	6	>20	0.6716996336354654
ENSMUSG00000022791.20:B2	label_permutation	0.0718731569098712	0.30577674822643697	6906	5	>20	0.7329591912450679
ENSMUSG00000022791.20:B3	label_permutation	0.0249031674960023	0.5371900826446281	3145	10	>20	0.8206386545317301
ENSMUSG00000028207.19:B1	label_permutation	0.1592388365388662	0.18571802249542244	3822	1	11-20	0.6938524287568364
ENSMUSG00000028207.19:B2	label_permutation	0.7321432905257858	0.6024064870520534	3822	1	11-20	0.8536910197869101
ENSMUSG00000034403.17:B1	label_permutation	1.8242874549421293e-14	0.30295566502463056	405	12	11-20	0.7318810953112224
ENSMUSG00000034403.17:B2	label_permutation	0.6647199366925045	0.6406826568265682	2167	4	11-20	0.8680883840706338
ENSMUSG00000034403.17:B3	label_permutation	1.338110236762951e-13	0.10616438356164383	583	8	11-20	0.6716996336354654
ENSMUSG00000044042.20:B1	label_permutation	4.826184089134836e-14	0.09119731443491234	5361	6	>20	0.6716996336354654
ENSMUSG00000044042.20:B2	label_permutation	0.0606481715411243	0.20420541852001617	2472	2	>20	0.7010479823254113
ENSMUSG00000044042.20:B3	label_permutation	1.0560259822166166e-10	0.06590404644015707	5856	4	>20	0.6414565214251297
ENSMUSG00000002831.15:B1	label_permutation	0.3929168808033422	0.31375	799	2	1-5	0.7361177922528548
ENSMUSG00000018398.19:B1	label_permutation	0.0006736590153492	0.5166605638960088	2730	12	>20	0.8121857291084683
ENSMUSG00000018398.19:B2	label_permutation	0.0074896752902588	0.2607236105930623	5361	6	>20	0.7175608933892629
ENSMUSG00000022100.15:B1	label_permutation	6.8045512295544835e-12	0.07398568019093078	1256	6	11-20	0.658935462200628
ENSMUSG00000022100.15:B2	label_permutation	0.9976273588267692	0.9434782608695652	2529	3	11-20	0.999899083543585
ENSMUSG00000025856.16:B1	label_permutation	0.1489168005650346	0.3240566843093734	5856	4	>20	0.740347424896211
ENSMUSG00000025856.16:B2	label_permutation	0.1989559182262817	0.289122523251112	2472	2	>20	0.7277459433406522
ENSMUSG00000028487.19:B3	label_permutation	0.1372105589715036	0.1744703112738687	3822	1	11-20	0.6884067605452999
ENSMUSG00000030701.18:B1	label_permutation	0.0155751985469559	0.972972972972973	36	9	6-10	1.0
ENSMUSG00000030701.18:B2	label_permutation	0.0091630439772897	0.2809364548494983	298	6	6-10	0.7246986373555707
ENSMUSG00000032998.17:B1	label_permutation	1.7639666058714035e-09	0.5169606512890095	736	16	>20	0.8121857291084683
ENSMUSG00000032998.17:B2	label_permutation	0.9745618411453314	0.9339798582618426	5361	6	>20	0.995310742866943
ENSMUSG00000038650.16:B1	label_permutation	0.4934678377175038	0.4127589967284624	3667	2	11-20	0.7732164440203563
ENSMUSG00000038650.16:B2	label_permutation	0.0404533009916812	0.11744703112738687	3822	1	11-20	0.6716996336354654
ENSMUSG00000042331.14:B2	label_permutation	2.8272253441003953e-34	0.2857142857142857	6	29	11-20	0.7263456090651558
ENSMUSG00000053552.15:B1	label_permutation	0.5750751651636999	0.46946564885496184	3667	2	11-20	0.7926722340846395
ENSMUSG00000053552.15:B2	label_permutation	0.7195802651776959	0.6035986913849509	3667	2	11-20	0.8538295486268205
ENSMUSG00000068823.11:B1	label_permutation	0.0005476633456018	0.39033693579148127	3145	10	>20	0.7651558894261146
ENSMUSG00000068823.11:B3	label_permutation	0.0935085313206357	0.32937599536701895	6906	5	>20	0.7421633546983134
ENSMUSG00000001280.14:B1	label_permutation	0.2776979721739709	0.2610515302118755	3822	1	11-20	0.7175608933892629
ENSMUSG00000003452.16:B1	label_permutation	1.1636253608424985e-35	0.09337239106554375	2730	12	>20	0.6716996336354654
ENSMUSG00000005813.13:B1	label_permutation	0.0289827439604609	0.17751718560452892	2472	2	>20	0.6907662883605332
ENSMUSG00000009470.18:B1	label_permutation	0.549933367508904	0.48281439547108773	2472	2	>20	0.7963077475435613
ENSMUSG00000015214.15:B1	label_permutation	6.1140366059242e-06	0.24276010010725776	2796	7	>20	0.7122255230009176
ENSMUSG00000018379.18:B1	label_permutation	0.8594659321221035	0.7747035573122529	2529	3	11-20	0.9313753258776789
ENSMUSG00000020121.16:B1	label_permutation	0.267339554596896	0.24508050089445438	2235	1	6-10	0.7122255230009176
ENSMUSG00000020532.19:B1	label_permutation	0.5231750784326858	0.5850586361662082	6906	5	>20	0.8451893433605204
ENSMUSG00000020950.11:B1	label_permutation	4.649024167865825e-28	0.03373389315187491	6906	5	>20	0.5627402900130172
ENSMUSG00000021495.11:B1	label_permutation	4.190895861395875e-15	0.1723274937432964	2796	7	>20	0.6873186350454853
ENSMUSG00000022119.16:B1	label_permutation	0.9162310153712656	0.8144101075635991	5856	4	>20	0.9469443256382143
ENSMUSG00000023032.13:B1	label_permutation	3.664677169660106e-05	0.3321678321678322	3145	10	>20	0.7421633546983134
ENSMUSG00000024335.21:B1	label_permutation	0.7381544824564306	0.7896307348004475	5361	6	>20	0.938121019074988
ENSMUSG00000024843.16:B1	label_permutation	0.0905437500990474	0.1643947655398037	3667	2	11-20	0.6847722369731165
ENSMUSG00000025314.18:B1	label_permutation	0.635551640703762	0.6484725640654408	6906	5	>20	0.870748617082928
ENSMUSG00000025949.17:B1	label_permutation	1.1929049994746468e-05	0.10796603315810756	2472	2	>20	0.6716996336354654
ENSMUSG00000026504.18:B1	label_permutation	3.306593706779088e-31	0.11567877629063097	2091	9	>20	0.6716996336354654
ENSMUSG00000026932.15:B1	label_permutation	0.5893834908556275	0.45055762081784384	1344	2	6-10	0.7882989098962725
ENSMUSG00000027577.15:B1	label_permutation	0.4778360178569929	0.41433429244049175	3822	1	11-20	0.7736654058179303
ENSMUSG00000028080.17:B2	label_permutation	0.6005757117448488	0.9256682533870377	2730	12	>20	0.9917558388127121
ENSMUSG00000028656.15:B1	label_permutation	0.006291663744989	0.4434931506849315	583	8	11-20	0.7867920816153179
ENSMUSG00000029120.11:B1	label_permutation	7.064326187613453e-92	0.0033569563595673255	5361	6	>20	0.5304436768848043
ENSMUSG00000029580.15:B1	label_permutation	2.005303799306676e-07	0.3661662394727206	2730	12	>20	0.7592365603115052
ENSMUSG00000030189.16:B1	label_permutation	0.795473980024776	0.6825141015310233	1240	1	>20	0.8863198373552182
ENSMUSG00000030854.18:B1	label_permutation	0.0001724902918977	0.14695236716374693	6906	5	>20	0.6769750481719067
ENSMUSG00000031559.16:B1	label_permutation	0.0053532595615915	0.45867768595041325	3145	10	>20	0.7912910652813838
ENSMUSG00000032026.8:B1	label_permutation	0.3027578242052234	0.5607982096232749	5361	6	>20	0.8310183263662547
ENSMUSG00000032468.12:B1	label_permutation	9.283569999555066e-19	0.1864244741873805	2091	9	>20	0.6941130972279578
ENSMUSG00000033021.17:B1	label_permutation	0.965630169528018	0.8980237154150198	2529	3	11-20	0.9792059322155999
ENSMUSG00000033981.15:B1	label_permutation	6.982772190170135e-05	0.45839210155148097	708	11	>20	0.7912910652813838
ENSMUSG00000034681.18:B1	label_permutation	0.0002435700858839	0.12446645040122929	5856	4	>20	0.6716996336354654
ENSMUSG00000035517.18:B1	label_permutation	0.0771562560910936	0.2436388200855663	4440	3	>20	0.7122255230009176
ENSMUSG00000036473.17:B1	label_permutation	1.1746667217607214e-06	0.625615763546798	202	15	11-20	0.8616138523739971
ENSMUSG00000037306.14:B1	label_permutation	0.9684636516312416	0.9272659455427079	5361	6	>20	0.9922829233603937
ENSMUSG00000038070.16:B1	label_permutation	0.9644000197758896	0.8855640921957137	2472	2	>20	0.9754015534112878
ENSMUSG00000038578.16:B1	label_permutation	1.5285088062002054e-31	0.018951681748335326	5856	4	>20	0.5304436768848043
ENSMUSG00000040339.11:B1	label_permutation	0.0008163279607523	0.12899312575818844	2472	2	>20	0.6716996336354654
ENSMUSG00000041132.12:B1	label_permutation	0.6310192883705046	0.5753208736770997	4440	3	>20	0.8386825081836083
ENSMUSG00000042207.18:B1	label_permutation	0.7302301942546512	0.7069639496163312	6906	5	>20	0.8973542409981551
ENSMUSG00000043843.18:B1	label_permutation	0.9870408915742064	0.9111232279171211	3667	2	11-20	0.9829790631555957
ENSMUSG00000046314.17:B1	label_permutation	5.792958169512364e-05	0.29602122015915117	3769	8	>20	0.7277459433406522
ENSMUSG00000048967.17:B1	label_permutation	1.0	1.0	2235	1	6-10	1.0
ENSMUSG00000051590.11:B1	label_permutation	0.5950873340293763	0.518783542039356	2235	1	6-10	0.8135276880867505
ENSMUSG00000053841.16:B1	label_permutation	0.6361833203209716	0.5406389001213101	2472	2	>20	0.8206386545317301
ENSMUSG00000056211.14:B1	label_permutation	0.1122972557352891	0.6497139224411952	3145	10	>20	0.870748617082928
ENSMUSG00000058248.13:B1	label_permutation	7.475102431677379e-22	0.142652842331069	2796	7	>20	0.6748037382676717
ENSMUSG00000060314.14:B1	label_permutation	0.8061724433474425	0.6641381114308135	3822	1	11-20	0.8775896643160838
ENSMUSG00000062590.14:B1	label_permutation	2.6953042022661226e-18	0.3690621193666261	820	18	>20	0.7600139346437836
ENSMUSG00000066705.8:B1	label_permutation	0.7237787748201556	0.6381445620355776	4440	3	>20	0.8672217817334429
ENSMUSG00000071054.13:B1	label_permutation	0.4587491528568461	0.5490082524974663	6906	5	>20	0.8263670006561997
ENSMUSG00000078676.10:B1	label_permutation	0.6569525785352969	0.5359869138495092	3667	2	11-20	0.81969096197776
ENSMUSG00000089743.8:B1	label_permutation	0.3849822373987324	0.4609868533378863	5856	4	>20	0.7913805776931528
ENSMUSG00000024187.16:B3	label_permutation	1.0	1.0	3667	2	11-20	1.0
ENSMUSG00000038305.16:B2	label_permutation	0.374097663156614	0.4231029047511822	4440	3	>20	0.7792463358448585
ENSMUSG00000038305.16:B3	label_permutation	0.1901085652975861	0.3172708849358253	4440	3	>20	0.7361177922528548
ENSMUSG00000038305.16:B4	label_permutation	1.2907824524593859e-24	0.05613577023498695	5361	6	>20	0.6216594827586207
ENSMUSG00000012296.17:B1	label_permutation	0.0842421278781255	0.6677524429967426	306	9	11-20	0.8797479064437119
ENSMUSG00000012296.17:B2	label_permutation	0.0526530486645576	0.23122529644268774	2529	3	11-20	0.7091982855276581
ENSMUSG00000012296.17:B3	label_permutation	0.6248249178576617	0.7295147175815434	1256	6	11-20	0.911839503285207
ENSMUSG00000022843.18:B1	label_permutation	2.3313753286651364e-05	0.10380740993682773	5856	4	>20	0.6716996336354654
ENSMUSG00000022843.18:B2	label_permutation	0.7142396480271247	0.6174686615446826	2472	2	>20	0.8598588372868904
ENSMUSG00000022843.18:B3	label_permutation	0.8303188909648227	0.7149211484027497	2472	2	>20	0.9019181953068471
ENSMUSG00000028284.14:B1	label_permutation	0.3080184588225735	0.6742705570291777	3769	8	>20	0.8829945410786444
ENSMUSG00000028284.14:B2	label_permutation	0.6236910978675552	0.5808434352057368	5856	4	>20	0.842082227388737
ENSMUSG00000028284.14:B3	label_permutation	0.6236900123690127	0.5808434352057368	5856	4	>20	0.842082227388737
ENSMUSG00000034656.19:B1	label_permutation	5.536055354461203e-37	0.08404384896467722	820	18	>20	0.663916813916385
ENSMUSG00000034656.19:B2	label_permutation	3.076988362253523e-42	0.028680688336520075	2091	9	>20	0.5595228198520243
ENSMUSG00000034656.19:B3	label_permutation	3.9411629420234496e-42	0.029636711281070746	2091	9	>20	0.5610967237053351
ENSMUSG00000045103.20:B1	label_permutation	1.6514134381290733e-37	0.01864975755315181	5361	6	>20	0.5304436768848043
ENSMUSG00000045103.20:B2	label_permutation	2.7290696457778108e-08	0.1258858634837747	5361	6	>20	0.6716996336354654
ENSMUSG00000045103.20:B4	label_permutation	6.363866476225138e-15	0.24276821677041377	2730	12	>20	0.7122255230009176
ENSMUSG00000002948.20:B2	label_permutation	5.594804191831682e-07	0.5435779816513762	435	15	>20	0.8224422417434754
ENSMUSG00000018417.15:B1	label_permutation	8.801573216605363e-06	0.4221896741120469	2730	12	>20	0.7790083482204204
ENSMUSG00000018417.15:B2	label_permutation	0.9417776767625848	0.9254641909814324	3769	8	>20	0.9917558388127121
ENSMUSG00000022194.16:B1	label_permutation	1.613473347149026e-13	0.4531059683313033	820	18	>20	0.7889353821895839
ENSMUSG00000022194.16:B3	label_permutation	2.617248318700277e-19	0.5448275862068965	144	27	>20	0.8239438420324721
ENSMUSG00000025892.17:B1	label_permutation	2.9165700962835986e-17	0.04883045927949462	5856	4	>20	0.608059383326989
ENSMUSG00000025892.17:B2	label_permutation	1.969992091857585e-23	0.12652519893899206	3769	8	>20	0.6716996336354654
ENSMUSG00000028496.18:B2	label_permutation	0.0321889791534229	0.19972979058770546	4440	3	>20	0.6994035248150303
ENSMUSG00000030704.15:B1	label_permutation	0.0100882047793026	0.7699642431466031	838	14	>20	0.930719169988903
ENSMUSG00000030704.15:B2	label_permutation	0.6728198289908057	0.7997854844476224	2796	7	>20	0.9406626887956651
ENSMUSG00000033342.16:B1	label_permutation	0.111746412198621	0.16100178890876565	2235	1	6-10	0.6847722369731165
ENSMUSG00000033342.16:B2	label_permutation	0.6684594580147111	0.5286245353159851	1344	2	6-10	0.8148719459982858
ENSMUSG00000038729.25:B1	label_permutation	3.0312269788411144e-08	0.1288782816229117	1256	6	11-20	0.6716996336354654
ENSMUSG00000038729.25:B2	label_permutation	1.0	1.0	405	12	11-20	1.0
ENSMUSG00000042390.10:B1	label_permutation	1.4732616033123416e-06	0.04689203925845147	3667	2	11-20	0.5977402845246357
ENSMUSG00000042390.10:B2	label_permutation	0.3023630353749987	0.27386868951085536	3822	1	11-20	0.7223620429586104
ENSMUSG00000053617.13:B2	label_permutation	0.5867238577105465	0.6205298972057333	6906	5	>20	0.860790285075356
ENSMUSG00000070327.15:B2	label_permutation	4.2622122904972126e-12	0.08087343307723413	2472	2	>20	0.6634744498321522
ENSMUSG00000001366.15:B1	label_permutation	0.5731705581904376	0.5520282186948854	566	3	6-10	0.827864732410885
ENSMUSG00000005871.16:B1	label_permutation	1.29886486598738e-33	0.09990439770554493	2091	9	>20	0.6716996336354654
ENSMUSG00000009545.15:B1	label_permutation	2.0485817272833203e-155	0.0257856567284448	1240	1	>20	0.5483423779172124
ENSMUSG00000015357.11:B1	label_permutation	8.060662342370865e-08	0.07990438791190028	5856	4	>20	0.6634744498321522
ENSMUSG00000018395.20:B1	label_permutation	0.1103214688542641	0.42707944796717645	5361	6	>20	0.7802900802900802
ENSMUSG00000020122.17:B1	label_permutation	0.831328298464262	0.715729882733522	2472	2	>20	0.9021839104767514
ENSMUSG00000020564.18:B1	label_permutation	4.857253351542636e-19	0.3283582089552239	736	16	>20	0.7421633546983134
ENSMUSG00000020952.11:B1	label_permutation	0.685009914564554	0.6115739698266156	4440	3	>20	0.8582910945738498
ENSMUSG00000021496.13:B1	label_permutation	0.8655295503546425	0.7724867724867724	566	3	6-10	0.931299294312993
ENSMUSG00000022132.16:B1	label_permutation	0.545485902890711	0.4803220035778175	2235	1	6-10	0.7957558710997155
ENSMUSG00000022602.15:B1	label_permutation	5.634740317600388e-40	0.013987318164863857	5361	6	>20	0.5304436768848043
ENSMUSG00000023033.15:B1	label_permutation	6.920632061812529e-62	0.12403100775193798	128	30	>20	0.6716996336354654
ENSMUSG00000024347.17:B1	label_permutation	0.2383530205063523	0.37852142735188665	5856	4	>20	0.7631707880514113
ENSMUSG00000024851.15:B1	label_permutation	0.0001828847845523	0.180343155538978	5361	6	>20	0.6917315104013201
ENSMUSG00000025323.11:B1	label_permutation	0.9527955084784	0.8559928443649374	2235	1	6-10	0.9619220346373043
ENSMUSG00000026005.16:B1	label_permutation	1.0	1.0	4440	3	>20	1.0
ENSMUSG00000026553.18:B1	label_permutation	0.0146326290127493	0.22281743159113943	6906	5	>20	0.7091982855276581
ENSMUSG00000026933.18:B1	label_permutation	1.1142769084652848e-11	0.1111111111111111	26	7	11-20	0.6716996336354654
ENSMUSG00000027582.17:B1	label_permutation	0.5606411200264565	0.5293852735870299	4440	3	>20	0.8148719459982858
ENSMUSG00000028104.15:B1	label_permutation	0.9864122800133752	0.9393449251920744	2472	2	>20	0.9980474504169166
ENSMUSG00000028657.15:B1	label_permutation	0.0004880787610292	0.3877940241576605	3145	10	>20	0.7635067075012824
ENSMUSG00000029121.17:B1	label_permutation	0.6700962205423329	0.8161803713527851	3769	8	>20	0.9473937622364467
ENSMUSG00000029581.15:B1	label_permutation	9.176864623418648e-05	0.2251392203659507	1256	6	11-20	0.7091982855276581
ENSMUSG00000030207.16:B1	label_permutation	0.1545251325050907	0.3742579991313161	6906	5	>20	0.7605406188729243
ENSMUSG00000030861.16:B1	label_permutation	8.14394991911412e-21	0.1456233421750663	3769	8	>20	0.6769750481719067
ENSMUSG00000031561.17:B1	label_permutation	2.492446661244694e-37	0.04886769964243146	838	14	>20	0.608059383326989
ENSMUSG00000032030.18:B1	label_permutation	0.6727037295808574	0.5582003662045514	3822	1	11-20	0.8310183263662547
ENSMUSG00000033060.17:B1	label_permutation	0.8689984049247305	0.7611405156223322	5856	4	>20	0.9258545979778527
ENSMUSG00000034007.11:B1	label_permutation	0.3577867971494397	0.6970822281167108	3769	8	>20	0.8923845813294384
ENSMUSG00000034723.12:B1	label_permutation	0.9031645145796278	0.8206167656001159	6906	5	>20	0.9490161893805502
ENSMUSG00000035521.14:B1	label_permutation	0.8115739530121676	0.6685848809835208	3822	1	11-20	0.8797479064437119
ENSMUSG00000036502.15:B2	label_permutation	0.0929138922152452	0.2288718156085726	2472	2	>20	0.7091982855276581
ENSMUSG00000037325.11:B1	label_permutation	0.0238899511315143	0.21102953730578794	5856	4	>20	0.706159550409116
ENSMUSG00000038084.17:B1	label_permutation	0.1396320527180832	0.5777188328912467	3769	8	>20	0.840267229556896
ENSMUSG00000038582.16:B1	label_permutation	0.084845292634235	0.24836748480072054	4440	3	>20	0.7127381867912488
ENSMUSG00000039456.11:B1	label_permutation	6.8982702048788e-40	0.02139157847331682	4440	3	>20	0.5304436768848043
ENSMUSG00000040387.17:B1	label_permutation	0.6860154490551893	0.5644007155635062	2235	1	6-10	0.8314070947910218
ENSMUSG00000041180.14:B1	label_permutation	0.0278117216297251	0.319656844461022	5361	6	>20	0.7378087762842622
ENSMUSG00000042216.14:B1	label_permutation	4.908435982097445e-12	0.19787798408488064	3769	8	>20	0.6994035248150303
ENSMUSG00000043962.17:B1	label_permutation	3.88685653673211e-38	0.05449330783938815	2091	9	>20	0.6171507832898172
ENSMUSG00000046613.20:B1	label_permutation	1.4576710229311363e-31	0.044884755357864944	2472	2	>20	0.5887099419424673
ENSMUSG00000048978.15:B1	label_permutation	0.5714076513136916	0.5474308300395256	2529	3	11-20	0.8262099342036164
ENSMUSG00000051674.16:B1	label_permutation	0.3540694519208435	0.7136711281070746	2091	9	>20	0.9011916001924564
ENSMUSG00000053963.8:B1	label_permutation	6.199795572244668e-31	0.09177592371871275	838	14	>20	0.6716996336354654
ENSMUSG00000056216.10:B1	label_permutation	0.8598854319301079	0.7390948745910578	3667	2	11-20	0.9169795192558482
ENSMUSG00000058254.13:B1	label_permutation	3.347243068991584e-11	0.08730273635442305	6906	5	>20	0.6716996336354654
ENSMUSG00000060371.13:B1	label_permutation	0.6417762455496839	0.931893079458074	2730	12	>20	0.9943886438830862
ENSMUSG00000062761.8:B1	label_permutation	4.1171856727944073e-23	0.06793368378487667	2472	2	>20	0.6527161437746073
ENSMUSG00000066735.9:B1	label_permutation	0.522960378672783	0.6795971652368519	5361	6	>20	0.8854197366580037
ENSMUSG00000071176.11:B1	label_permutation	0.96214753648061	0.8765020993195309	6906	5	>20	0.9730381996103431
ENSMUSG00000078716.11:B1	label_permutation	0.3537445984841705	0.2974060822898032	2235	1	6-10	0.7277459433406522
ENSMUSG00000089809.10:B1	label_permutation	0.2629237985629328	0.39457059928290933	5856	4	>20	0.7659655217138764
ENSMUSG00000108854.2:B1	label_permutation	0.9999999999519832	0.9301408450704225	1774	1	1-5	0.9932275040054702
ENSMUSG00000025272.17:B2	label_permutation	0.0154878525516181	0.37754737218448337	2796	7	>20	0.7631707880514113
ENSMUSG00000038346.19:B1	label_permutation	1.0393273069145468e-05	0.045	799	2	1-5	0.5887099419424673
ENSMUSG00000038346.19:B2	label_permutation	0.3406552098862353	0.3089196965733717	3822	1	11-20	0.7329591912450679
ENSMUSG00000038346.19:B3	label_permutation	0.2152101804062699	0.21893800680094166	3822	1	11-20	0.7091982855276581
ENSMUSG00000038346.19:B4	label_permutation	0.4161040752707515	0.3832737030411449	2235	1	6-10	0.7631707880514113
ENSMUSG00000014599.11:B2	label_permutation	0.9438773580794484	0.8430232558139535	2235	1	6-10	0.95684131707921
ENSMUSG00000028689.15:B2	label_permutation	0.9999984429126024	0.8529577464788732	1774	1	1-5	0.960406877904819
ENSMUSG00000028689.15:B4	label_permutation	0.8548550832407972	0.655	799	2	1-5	0.8729493357351947
ENSMUSG00000034729.17:B1	label_permutation	1.802991544898076e-69	0.020664399686110384	3822	1	11-20	0.5304436768848043
ENSMUSG00000034729.17:B2	label_permutation	0.6657034587987359	0.547164667393675	3667	2	11-20	0.8260860910482569
ENSMUSG00000047495.16:B1	label_permutation	0.0019147786933336	0.21820216337187617	5361	6	>20	0.7091982855276581
ENSMUSG00000047495.16:B2	label_permutation	0.0321887565442206	0.32879522566206637	5361	6	>20	0.7421633546983134
ENSMUSG00000047495.16:B3	label_permutation	0.0003212968155858	0.4994507506407909	2730	12	>20	0.8048246980763529
ENSMUSG00000002968.10:B1	label_permutation	0.0001768703233075	0.3677685950413223	3145	10	>20	0.759498759593972
ENSMUSG00000002968.10:B2	label_permutation	0.2828052822946588	0.4576516577385261	6906	5	>20	0.7912910652813838
ENSMUSG00000018428.16:B1	label_permutation	0.0735004756715432	0.17472118959107807	1344	2	6-10	0.6884067605452999
ENSMUSG00000018428.16:B2	label_permutation	0.0469372119005969	0.13014311270125223	2235	1	6-10	0.6716996336354654
ENSMUSG00000022212.16:B1	label_permutation	1.3380502335552148e-26	0.13230035756853398	838	14	>20	0.6716996336354654
ENSMUSG00000022212.16:B2	label_permutation	0.9988353616737746	0.9631748301751877	2796	7	>20	1.0
ENSMUSG00000025915.15:B1	label_permutation	0.0800752660014277	0.9128440366972477	435	15	>20	0.9835180953043515
ENSMUSG00000025915.15:B2	label_permutation	0.9439506446381656	0.9529561347743166	3145	10	>20	1.0
ENSMUSG00000028528.18:B1	label_permutation	1.0	1.0	79	36	>20	1.0
ENSMUSG00000028528.18:B2	label_permutation	2.9612110611357417e-19	0.34348355663824603	820	18	>20	0.7456268595238559
ENSMUSG00000030733.11:B1	label_permutation	1.0	1.0	27	8	1-5	1.0
ENSMUSG00000030733.11:B2	label_permutation	0.3914077086826961	0.6141607000795545	1256	6	11-20	0.8592487613856605
ENSMUSG00000033411.17:B1	label_permutation	0.98188251119499	0.846096654275093	1344	2	6-10	0.9579529436435982
ENSMUSG00000033411.17:B3	label_permutation	0.7766607175387872	0.6493738819320215	2235	1	6-10	0.870748617082928
ENSMUSG00000038784.14:B1	label_permutation	0.2312443420722912	0.5167847817978366	5361	6	>20	0.8121857291084683
ENSMUSG00000038784.14:B2	label_permutation	0.1369967575188501	0.284395406439991	4440	3	>20	0.7247838994150004
ENSMUSG00000042439.14:B1	label_permutation	0.5147082329668133	0.521598087758238	5856	4	>20	0.8138069195881308
ENSMUSG00000042439.14:B2	label_permutation	0.6978199189252656	0.5976546704407603	2472	2	>20	0.8520001440483478
ENSMUSG00000054008.10:B1	label_permutation	0.6502873664863094	0.8390804597701149	521	10	11-20	0.9553296176068271
ENSMUSG00000054008.10:B2	label_permutation	0.7032338776805553	0.6853725850965962	1086	5	11-20	0.8863198373552182
ENSMUSG00000071064.16:B1	label_permutation	7.990963956231658e-05	0.140726798899667	6906	5	>20	0.6746982879173822
ENSMUSG00000071064.16:B2	label_permutation	1.2240356754393172e-25	0.1536697247706422	435	15	>20	0.6837203468428499
ENSMUSG00000001424.15:B1	label_permutation	0.7419195808255006	0.6235005452562704	3667	2	11-20	0.860790285075356
ENSMUSG00000003731.14:B1	label_permutation	9.822317727228356e-05	0.07114831284331677	3822	1	11-20	0.658935462200628
ENSMUSG00000005881.14:B1	label_permutation	0.760838487052713	0.6633641071830669	4440	3	>20	0.8772516206691486
ENSMUSG00000009569.15:B1	label_permutation	5.7708532091100676e-15	0.4299634591961023	820	18	>20	0.7803995295754584
ENSMUSG00000015501.11:B1	label_permutation	1.7481176758632448e-07	0.3935119887165021	708	11	>20	0.7659655217138764
ENSMUSG00000018401.18:B1	label_permutation	0.7703245625196781	0.6848215810141711	5856	4	>20	0.8863198373552182
ENSMUSG00000020124.11:B1	label_permutation	9.526624456832186e-44	0.024475524475524476	3145	10	>20	0.5483423779172124
ENSMUSG00000020571.14:B1	label_permutation	0.032454157055332	0.20018013960819636	4440	3	>20	0.6994035248150303
ENSMUSG00000020962.15:B1	label_permutation	0.0583491024504426	0.25507939218029707	5856	4	>20	0.7175608933892629
ENSMUSG00000021500.18:B3	label_permutation	0.9946551783215068	0.9493307839388145	2091	9	>20	1.0
ENSMUSG00000022139.18:B1	label_permutation	0.0552003009201064	0.44797997854844473	2796	7	>20	0.7882194114557239
ENSMUSG00000022604.19:B1	label_permutation	2.7659977845064104e-27	0.06157635467980296	405	12	11-20	0.6350498279162136
ENSMUSG00000023034.8:B1	label_permutation	6.7035122961705844e-12	0.08469668452294773	6906	5	>20	0.6667263569376605
ENSMUSG00000024384.5:B1	label_permutation	0.0568427586834718	0.22652555730691284	4440	3	>20	0.7091982855276581
ENSMUSG00000024858.15:B1	label_permutation	0.4634429627764438	0.5235239852398524	2167	4	11-20	0.8138069195881308
ENSMUSG00000025326.13:B1	label_permutation	0.0404665942881321	0.49904397705544934	2091	9	>20	0.8048246980763529
ENSMUSG00000026020.10:B1	label_permutation	0.0250904349744262	0.11613958560523446	3667	2	11-20	0.6716996336354654
ENSMUSG00000026554.16:B1	label_permutation	8.388522898092589e-11	0.2161474888747616	3145	10	>20	0.7091982855276581
ENSMUSG00000026959.14:B3	label_permutation	1.35312801748615e-05	0.25062567036110117	2796	7	>20	0.7159464681922462
ENSMUSG00000027589.15:B1	label_permutation	0.1003012083632659	0.2603017338437289	4440	3	>20	0.7175608933892629
ENSMUSG00000028106.14:B1	label_permutation	0.0334783488879011	0.41508759385055416	2796	7	>20	0.774105583377987
ENSMUSG00000028664.15:B1	label_permutation	0.6677290683505961	0.4495774647887324	1774	1	1-5	0.7882194114557239
ENSMUSG00000029131.15:B1	label_permutation	0.6054326194843562	0.7722559885591705	2796	7	>20	0.931299294312993
ENSMUSG00000029587.17:B1	label_permutation	0.911685310663194	0.7787078210829191	3822	1	11-20	0.933741847460999
ENSMUSG00000030231.12:B1	label_permutation	4.313822570212178e-30	0.0972470504111548	2796	7	>20	0.6716996336354654
ENSMUSG00000030898.16:B1	label_permutation	0.7955258939619637	0.6889605157131345	1240	1	>20	0.888284919453969
ENSMUSG00000031592.11:B1	label_permutation	1.0417346983162536e-29	0.09204244031830239	3769	8	>20	0.6716996336354654
ENSMUSG00000032050.19:B1	label_permutation	9.264102341046552e-07	0.38447455144635667	2730	12	>20	0.7631707880514113
ENSMUSG00000032479.16:B1	label_permutation	2.0664224183000732e-22	0.28258221680876977	820	18	>20	0.7246986373555707
ENSMUSG00000033065.15:B1	label_permutation	0.0014462875900345	0.41735537190082644	3145	10	>20	0.7760797509700331
ENSMUSG00000034021.16:B1	label_permutation	0.2347783235163317	0.8432808495056756	2730	12	>20	0.95684131707921
ENSMUSG00000034751.18:B1	label_permutation	4.852016158812773e-83	0.0125	79	36	>20	0.5304436768848043
ENSMUSG00000035545.14:B1	label_permutation	1.1567498729512524e-40	0.09167842031029619	708	11	>20	0.6716996336354654
ENSMUSG00000036503.14:B1	label_permutation	0.3026263144118619	0.654320987654321	80	4	1-5	0.8729493357351947
ENSMUSG00000037331.16:B1	label_permutation	0.0465448499320836	0.24090831483694725	5856	4	>20	0.7102004579935987
ENSMUSG00000038095.16:B1	label_permutation	1.0943346080200221e-07	0.24721485411140584	3769	8	>20	0.7127381867912488
ENSMUSG00000039473.9:B1	label_permutation	0.0497029781093963	0.21931997297905878	4440	3	>20	0.7091982855276581
ENSMUSG00000040390.14:B1	label_permutation	1.0	1.0	521	10	11-20	1.0
ENSMUSG00000041215.17:B1	label_permutation	8.49735190157289e-10	0.07017244323032269	5856	4	>20	0.658935462200628
ENSMUSG00000042228.15:B1	label_permutation	0.0221190067525773	0.11806797853309481	2235	1	6-10	0.6716996336354654
ENSMUSG00000043987.19:B1	label_permutation	0.2519408932739306	0.35645124971853187	4440	3	>20	0.7537910234770694
ENSMUSG00000046658.17:B1	label_permutation	0.9425677957599116	0.8345259391771019	2235	1	6-10	0.9537742967620113
ENSMUSG00000049100.16:B1	label_permutation	0.0158616053287603	0.7938021454112039	838	14	>20	0.9394731757777988
ENSMUSG00000051675.14:B1	label_permutation	0.7652349891886043	0.678504353764726	5856	4	>20	0.8849808470788925
ENSMUSG00000054006.15:B1	label_permutation	0.923328309788686	0.8076923076923077	2235	1	6-10	0.9432709920726544
ENSMUSG00000056267.15:B1	label_permutation	0.0687633775611794	0.2362080612474668	4440	3	>20	0.7091982855276581
ENSMUSG00000058297.17:B1	label_permutation	0.2263161051308936	0.7997179125528914	708	11	>20	0.9406626887956651
ENSMUSG00000060534.17:B1	label_permutation	0.1430447178221918	0.29802371541501976	2529	3	11-20	0.7277459433406522
ENSMUSG00000062762.18:B1	label_permutation	0.3292078595529929	0.3631217145167812	2472	2	>20	0.7564192818183831
ENSMUSG00000071324.12:B1	label_permutation	5.533157883314954e-06	0.09697797507256274	5856	4	>20	0.6716996336354654
ENSMUSG00000078816.11:B1	label_permutation	0.0605379851504504	0.45441544511977117	2796	7	>20	0.7899091613266671
ENSMUSG00000089824.11:B1	label_permutation	0.9853219928441194	0.911104676415231	6906	5	>20	0.9829790631555957
ENSMUSG00000109160.2:B1	label_permutation	6.099530796555155e-154	0.00606550748079256	2472	2	>20	0.5304436768848043
ENSMUSG00000026150.15:B1	label_permutation	0.0001337601138093	0.09881422924901186	2529	3	11-20	0.6716996336354654
ENSMUSG00000026150.15:B2	label_permutation	0.9311376463467942	0.8001569448077426	3822	1	11-20	0.9406626887956651
ENSMUSG00000026150.15:B3	label_permutation	0.994933781191582	0.9392039258451472	3667	2	11-20	0.9980474504169166
ENSMUSG00000026150.15:B4	label_permutation	0.8099961844896879	0.6826608505997819	3667	2	11-20	0.8863198373552182
ENSMUSG00000038677.15:B1	label_permutation	0.0271544028315407	0.10384514778969396	3822	1	11-20	0.6716996336354654
ENSMUSG00000038677.15:B3	label_permutation	0.8613217171622126	0.7188072194611561	3822	1	11-20	0.9044554104661265
ENSMUSG00000038677.15:B4	label_permutation	0.0317062798671023	0.10855349202197227	3822	1	11-20	0.6716996336354654
ENSMUSG00000038677.15:B5	label_permutation	0.0821186213829442	0.16112322791712105	3667	2	11-20	0.6847722369731165
ENSMUSG00000014602.16:B1	label_permutation	9.153062475561765e-22	0.44950213371266	702	24	>20	0.7882194114557239
ENSMUSG00000014602.16:B2	label_permutation	0.0047208171259031	0.5869644818747711	2730	12	>20	0.8463077217776664
ENSMUSG00000014602.16:B4	label_permutation	1.4327331591999982e-08	0.3427316001464665	2730	12	>20	0.745437077003003
ENSMUSG00000023328.15:B1	label_permutation	1.6100044685619752e-05	0.05625	799	2	1-5	0.6216594827586207
ENSMUSG00000023328.15:B2	label_permutation	0.6802812564633876	0.46253521126760566	1774	1	1-5	0.7913805776931528
ENSMUSG00000023328.15:B3	label_permutation	0.0025129020096444	0.11661971830985915	1774	1	1-5	0.6716996336354654
ENSMUSG00000028760.17:B1	label_permutation	5.775081487862344e-05	0.32170172084130016	2091	9	>20	0.738416174107119
ENSMUSG00000028760.17:B2	label_permutation	0.0004442046100477	0.34655831739961757	2091	9	>20	0.7472963416998167
ENSMUSG00000028760.17:B3	label_permutation	3.5271351990641446e-38	0.21379310344827587	144	27	>20	0.7079628451456929
ENSMUSG00000035168.17:B1	label_permutation	1.1698669558360237e-21	0.4709976798143852	430	20	>20	0.7926722340846395
ENSMUSG00000035168.17:B2	label_permutation	0.0090575305377477	0.48474253019707564	3145	10	>20	0.7967563669451726
ENSMUSG00000035168.17:B3	label_permutation	0.0744034957049233	0.6160203432930705	3145	10	>20	0.8598588372868904
ENSMUSG00000049281.17:B1	label_permutation	0.0271222242393557	0.6188925081433225	306	9	11-20	0.8600095026444993
ENSMUSG00000049281.17:B2	label_permutation	0.0142978526373317	0.17549407114624507	2529	3	11-20	0.6888355586218554
ENSMUSG00000049281.17:B3	label_permutation	0.8383815931546142	0.7596837944664032	2529	3	11-20	0.9249037157580688
ENSMUSG00000002985.17:B1	label_permutation	1.0216485211256551e-25	0.2192448233861145	820	18	>20	0.7091982855276581
ENSMUSG00000002985.17:B2	label_permutation	5.431497691802539e-29	0.13001912045889102	2091	9	>20	0.6716996336354654
ENSMUSG00000019467.16:B1	label_permutation	0.7608822226731815	0.6770750988142292	2529	3	11-20	0.8844355075340455
ENSMUSG00000022246.15:B1	label_permutation	0.5464430407068652	0.47917509098261224	2472	2	>20	0.795547826454957
ENSMUSG00000022246.15:B2	label_permutation	0.0480270212230182	0.23609991941982272	1240	1	>20	0.7091982855276581
ENSMUSG00000025969.16:B1	label_permutation	0.1966231645077217	0.42410303587856485	1086	5	11-20	0.7792463358448585
ENSMUSG00000025969.16:B2	label_permutation	1.322331133803616e-19	0.23645320197044334	202	15	11-20	0.7091982855276581
ENSMUSG00000028546.18:B2	label_permutation	0.0184776667080284	0.20061464913778385	5856	4	>20	0.6994035248150303
ENSMUSG00000030779.17:B1	label_permutation	8.110711845048358e-07	0.7424593967517401	430	20	>20	0.9185043598635396
ENSMUSG00000030779.17:B2	label_permutation	0.0358978584416468	0.5632549268912905	3145	10	>20	0.8310183263662547
ENSMUSG00000033419.17:B1	label_permutation	0.0516046911204413	0.4411869860564891	2796	7	>20	0.7852463333738463
ENSMUSG00000033419.17:B4	label_permutation	6.064648146840536e-31	0.09116910976045764	2796	7	>20	0.6716996336354654
ENSMUSG00000038860.16:B1	label_permutation	0.0049107232265756	0.14678528103517993	2472	2	>20	0.6769750481719067
ENSMUSG00000038860.16:B2	label_permutation	2.6104310629694727e-28	0.136986301369863	1240	1	>20	0.6737987860703265
ENSMUSG00000042472.12:B1	label_permutation	2.0954705692251505e-19	0.19443427316001466	2730	12	>20	0.6990597625552771
ENSMUSG00000042472.12:B2	label_permutation	0.2206569205513736	0.6286472148541115	3769	8	>20	0.8633770823977168
ENSMUSG00000054162.16:B1	label_permutation	0.6900783065809888	0.7491638795986622	298	6	6-10	0.9227280614216845
ENSMUSG00000054162.16:B2	label_permutation	1.0	1.0	566	3	6-10	1.0
ENSMUSG00000071847.14:B1	label_permutation	0.6766409509199994	0.4597183098591549	1774	1	1-5	0.7913805776931528
ENSMUSG00000071847.14:B2	label_permutation	1.0	1.0	799	2	1-5	1.0
ENSMUSG00000001441.14:B1	label_permutation	0.9999999999999865	0.9798582618425961	5361	6	>20	1.0
ENSMUSG00000003762.14:B1	label_permutation	0.0699741195020124	0.2641283933754482	5856	4	>20	0.7193675349108442
ENSMUSG00000005893.15:B1	label_permutation	9.92280106081965e-24	0.020948616600790514	2529	3	11-20	0.5304436768848043
ENSMUSG00000009575.15:B1	label_permutation	5.4681161339130544e-21	0.18381545221530574	2730	12	>20	0.6917315104013201
ENSMUSG00000015597.18:B1	label_permutation	1.5372429187867665e-11	0.2039787798408488	3769	8	>20	0.7010479823254113
ENSMUSG00000018411.18:B1	label_permutation	0.0891343771199625	0.40712420738530397	5361	6	>20	0.7727217214989786
ENSMUSG00000020132.11:B1	label_permutation	0.9977552430435372	0.9337544818166297	5856	4	>20	0.995310742866943
ENSMUSG00000020589.18:B1	label_permutation	1.0	1.0	3145	10	>20	1.0
ENSMUSG00000020992.6:B1	label_permutation	0.1622058832789368	0.46643043640432674	5361	6	>20	0.7921077007283904
ENSMUSG00000021514.19:B1	label_permutation	0.5071614327938043	0.4989867147038955	4440	3	>20	0.8048246980763529
ENSMUSG00000022142.9:B1	label_permutation	0.7812636381299932	0.6510359869138496	3667	2	11-20	0.8714792581391536
ENSMUSG00000022607.19:B1	label_permutation	0.1797508463203287	0.2782046097856854	2472	2	>20	0.7246986373555707
ENSMUSG00000023150.15:B1	label_permutation	3.652892271713143e-33	0.025669894167980184	4440	3	>20	0.5483423779172124
ENSMUSG00000024393.15:B1	label_permutation	3.990488862808837e-34	0.19040902679830748	708	11	>20	0.6961201735525486
ENSMUSG00000024867.15:B1	label_permutation	9.006839235200568e-19	0.062110901983495004	6906	5	>20	0.6350498279162136
ENSMUSG00000025332.15:B1	label_permutation	3.0717943895034364e-06	0.09458767287007	5856	4	>20	0.6716996336354654
ENSMUSG00000026027.14:B1	label_permutation	3.3129179507759976e-11	0.05809502364332358	4440	3	>20	0.6274595979491046
ENSMUSG00000026575.16:B1	label_permutation	0.0033971141295094	0.15793068123612772	5856	4	>20	0.6847722369731165
ENSMUSG00000026970.17:B1	label_permutation	0.0111629716007663	0.16877470355731225	2529	3	11-20	0.6847776520285024
ENSMUSG00000027598.17:B1	label_permutation	0.959801185105114	0.8717243376284929	6906	5	>20	0.9707966116197485
ENSMUSG00000028127.11:B1	label_permutation	0.0725424291147708	0.2910516605166052	2167	4	11-20	0.7277459433406522
ENSMUSG00000028683.15:B1	label_permutation	5.880664354202984e-21	0.05501664977558998	6906	5	>20	0.6171507832898172
ENSMUSG00000029148.16:B1	label_permutation	0.6199293683380758	0.5210567617054669	3822	1	11-20	0.8138069195881308
ENSMUSG00000029608.11:B1	label_permutation	0.0459052175398924	0.48647214854111404	3769	8	>20	0.7970226506761089
ENSMUSG00000030232.19:B1	label_permutation	8.13454968770397e-10	0.43842364532019706	405	12	11-20	0.7834356417967838
ENSMUSG00000030930.15:B1	label_permutation	0.4931888437455229	0.42924404917603975	3822	1	11-20	0.7803995295754584
ENSMUSG00000031600.12:B1	label_permutation	1.8859573915145928e-17	0.16052913836253127	2796	7	>20	0.6847722369731165
ENSMUSG00000032482.10:B2	label_permutation	0.6177729774817583	0.638337918054148	6906	5	>20	0.8672217817334429
ENSMUSG00000033066.18:B1	label_permutation	9.043014430177363e-37	0.22048364153627312	702	24	>20	0.7091982855276581
ENSMUSG00000034022.9:B1	label_permutation	0.9924058714006638	0.9327753073502485	3822	1	11-20	0.9948568585882018
ENSMUSG00000034771.16:B1	label_permutation	0.9315289171782004	0.831783259199353	2472	2	>20	0.9520947663335452
ENSMUSG00000035614.12:B1	label_permutation	8.076105364494124e-43	0.00694947155060084	6906	5	>20	0.5304436768848043
ENSMUSG00000036529.18:B1	label_permutation	0.0002800844103244	0.2799427958526993	2796	7	>20	0.7246986373555707
ENSMUSG00000037348.16:B1	label_permutation	0.7661374611783367	0.6285639550091551	3822	1	11-20	0.8633770823977168
ENSMUSG00000038102.16:B1	label_permutation	0.52200167887903	0.525695748676797	5856	4	>20	0.8148719459982858
ENSMUSG00000038594.10:B1	label_permutation	0.988144122746386	0.8078873239436619	1774	1	1-5	0.9432709920726544
ENSMUSG00000039474.14:B1	label_permutation	0.8382624658047891	0.7596837944664032	2529	3	11-20	0.9249037157580688
ENSMUSG00000040412.18:B1	label_permutation	1.088898824970145e-23	0.06550748079255965	2472	2	>20	0.6389827528613372
ENSMUSG00000041216.16:B1	label_permutation	1.348601318509612e-16	0.16589202717196996	2796	7	>20	0.6847722369731165
ENSMUSG00000042249.12:B1	label_permutation	0.1968177677803192	0.4904886236478926	5361	6	>20	0.8005901980022169
ENSMUSG00000044033.17:B1	label_permutation	7.35619274322707e-06	0.18518518518518517	80	4	1-5	0.6924382716049382
ENSMUSG00000046699.15:B1	label_permutation	0.1001809278278808	0.2602739726027397	1240	1	>20	0.7175608933892629
ENSMUSG00000049122.18:B1	label_permutation	0.8931835988047171	0.8043233505967124	4440	3	>20	0.9423909852035474
ENSMUSG00000051768.10:B1	label_permutation	1.97427571524354e-62	0.11522965350523771	1240	1	>20	0.6716996336354654
ENSMUSG00000054013.7:B1	label_permutation	7.60922187951332e-55	0.012522361359570662	2235	1	6-10	0.5304436768848043
ENSMUSG00000056268.16:B1	label_permutation	0.5360787095601144	0.7834608030592735	2091	9	>20	0.9356077153561903
ENSMUSG00000058301.9:B1	label_permutation	0.9991041964248	0.9428034830117807	5856	4	>20	0.9998485531254692
ENSMUSG00000060548.14:B1	label_permutation	0.2791946390220354	0.28178438661710037	1344	2	6-10	0.7246986373555707
ENSMUSG00000062825.16:B1	label_permutation	0.4475280850977097	0.5676172953081877	1086	5	11-20	0.8327883176564626
ENSMUSG00000071337.12:B1	label_permutation	4.027937604457865e-30	0.09688952449052557	2796	7	>20	0.6716996336354654
ENSMUSG00000078886.13:B1	label_permutation	0.9213665053117548	0.8188435099069955	2472	2	>20	0.9489025901220787
ENSMUSG00000089982.8:B1	label_permutation	0.3557846685087487	0.32304472927020667	3822	1	11-20	0.7399191935862263
ENSMUSG00000109321.2:B1	label_permutation	0.052135803510813	0.22224724161224949	4440	3	>20	0.7091982855276581
ENSMUSG00000026632.18:B1	label_permutation	0.0009249004478196	0.13932047123100563	5856	4	>20	0.6746982879173822
ENSMUSG00000026632.18:B2	label_permutation	0.5988042533950211	0.7915119363395225	3769	8	>20	0.9383904576230364
ENSMUSG00000026632.18:B3	label_permutation	0.2020055284433549	0.35854533037391156	5856	4	>20	0.753886081250113
ENSMUSG00000026632.18:B4	label_permutation	0.0013463885950435	0.1439303397643845	5856	4	>20	0.6753453621929444
ENSMUSG00000039205.17:B1	label_permutation	0.000504372057118	0.3479923518164436	2091	9	>20	0.7486022511606727
ENSMUSG00000039205.17:B2	label_permutation	0.0219899026666845	0.18441792389101555	4440	3	>20	0.6918507069563385
ENSMUSG00000039205.17:B3	label_permutation	0.0215313841763668	0.18329205133978835	4440	3	>20	0.6917315104013201
ENSMUSG00000039205.17:B5	label_permutation	0.0110038633083279	0.165728439540644	4440	3	>20	0.6847722369731165
ENSMUSG00000014959.13:B1	label_permutation	0.6995375557113932	0.6217068227876604	4440	3	>20	0.860790285075356
ENSMUSG00000014959.13:B2	label_permutation	0.0322557077411757	0.1999549650979509	4440	3	>20	0.6994035248150303
ENSMUSG00000014959.13:B3	label_permutation	0.4193670546788049	0.6316626889419252	1256	6	11-20	0.8643766766439173
ENSMUSG00000023452.20:B1	label_permutation	0.5905093036664577	0.7124207385303991	5361	6	>20	0.9007133992070726
ENSMUSG00000023452.20:B2	label_permutation	0.9561302429902682	0.8856113487953163	4440	3	>20	0.9754015534112878
ENSMUSG00000023452.20:B3	label_permutation	0.9561301072823792	0.8856113487953163	4440	3	>20	0.9754015534112878
ENSMUSG00000028782.15:B1	label_permutation	0.0001845485597137	0.7544097693351425	736	16	>20	0.9228562254653174
ENSMUSG00000028782.15:B3	label_permutation	0.0001848923190516	0.7544097693351425	736	16	>20	0.9228562254653174
ENSMUSG00000028782.15:B4	label_permutation	0.6827719451373967	0.8206896551724138	3769	8	>20	0.9490161893805502
ENSMUSG00000035203.17:B1	label_permutation	0.013044971479773	0.5028607755880483	3145	10	>20	0.8067901474581045
ENSMUSG00000035203.17:B2	label_permutation	0.00537030018456	0.19603300998986536	6906	5	>20	0.6994035248150303
ENSMUSG00000035203.17:B3	label_permutation	0.0064099529578026	0.19979730707977414	6906	5	>20	0.6994035248150303
ENSMUSG00000049336.17:B1	label_permutation	0.3454276411099817	0.689920424403183	3769	8	>20	0.888284919453969
ENSMUSG00000049336.17:B2	label_permutation	0.0546925232053131	0.4989389920424403	3769	8	>20	0.8048246980763529
ENSMUSG00000049336.17:B3	label_permutation	4.137538111122173e-64	0.0027137042062415195	736	16	>20	0.5304436768848043
ENSMUSG00000003233.13:B1	label_permutation	0.0034368995686385	0.18035055350553506	2167	4	11-20	0.6917315104013201
ENSMUSG00000003233.13:B2	label_permutation	0.7771487213168183	0.6480370774263904	3667	2	11-20	0.870748617082928
ENSMUSG00000019647.17:B1	label_permutation	0.3218434771976816	0.4888888888888889	44	12	1-5	0.7997245513833191
ENSMUSG00000019647.17:B2	label_permutation	0.433791161866086	0.5004612546125461	2167	4	11-20	0.8048246980763529
ENSMUSG00000022361.15:B1	label_permutation	2.232066626670662e-05	0.19649960222752585	1256	6	11-20	0.6994035248150303
ENSMUSG00000022361.15:B3	label_permutation	1.0	1.0	2529	3	11-20	1.0
ENSMUSG00000026014.16:B2	label_permutation	1.093433974937278e-31	0.22002820874471085	708	11	>20	0.7091982855276581
ENSMUSG00000028552.14:B1	label_permutation	0.0076601418484331	0.4623287671232877	583	8	11-20	0.7913805776931528
ENSMUSG00000028552.14:B2	label_permutation	0.0261929096274546	0.24077490774907748	2167	4	11-20	0.7102004579935987
ENSMUSG00000030816.9:B1	label_permutation	0.0314821426445054	0.12241003271537623	3667	2	11-20	0.6716996336354654
ENSMUSG00000038902.15:B2	label_permutation	0.993140932783465	0.9514717581543357	1256	6	11-20	1.0
ENSMUSG00000038902.15:B3	label_permutation	0.9022813833704184	0.8173913043478261	2529	3	11-20	0.9482460055435871
ENSMUSG00000042557.15:B2	label_permutation	8.134400848664861e-05	0.1408715795569712	6906	5	>20	0.6746982879173822
ENSMUSG00000054477.17:B1	label_permutation	1.0	1.0	3769	8	>20	1.0
ENSMUSG00000054477.17:B2	label_permutation	0.8481481604147996	0.7447498719480963	5856	4	>20	0.9199714385012154
ENSMUSG00000071984.13:B1	label_permutation	0.0101249176356719	0.16415221796892593	4440	3	>20	0.6847722369731165
ENSMUSG00000071984.13:B2	label_permutation	0.7960239231516082	0.6973654582301283	4440	3	>20	0.8924925302562994
ENSMUSG00000001472.18:B1	label_permutation	3.8084802584409324e-09	0.3291834492859758	2730	12	>20	0.7421633546983134
ENSMUSG00000003778.15:B1	label_permutation	0.1250140577843632	0.2865612648221344	2529	3	11-20	0.7267803830666978
ENSMUSG00000006005.19:B1	label_permutation	7.137647327839037e-09	0.23448275862068965	3769	8	>20	0.7091982855276581
ENSMUSG00000009681.11:B1	label_permutation	0.3313334400481844	0.4825539307948458	6906	5	>20	0.7963077475435613
ENSMUSG00000015599.10:B1	label_permutation	3.4119969446274685e-06	0.2373972112978191	2796	7	>20	0.7091982855276581
ENSMUSG00000018427.9:B1	label_permutation	3.1989338421150045e-61	0.0372017792155277	2472	2	>20	0.5639337275002458
ENSMUSG00000020134.14:B1	label_permutation	2.1358022637601648e-28	0.09973474801061008	3769	8	>20	0.6716996336354654
ENSMUSG00000020590.17:B1	label_permutation	3.024524175140284e-30	0.12045889101338432	2091	9	>20	0.6716996336354654
ENSMUSG00000021007.15:B1	label_permutation	3.007147279681069e-09	0.07290421717602869	5856	4	>20	0.658935462200628
ENSMUSG00000021546.19:B1	label_permutation	1.0	1.0	2529	3	11-20	1.0
ENSMUSG00000022186.15:B1	label_permutation	0.8016516428099432	0.7505429274648907	6906	5	>20	0.9228562254653174
ENSMUSG00000022621.17:B1	label_permutation	0.6319890577845574	0.5286424274130265	3822	1	11-20	0.8148719459982858
ENSMUSG00000023456.17:B1	label_permutation	0.1362505784462042	0.3781048758049678	1086	5	11-20	0.7631707880514113
ENSMUSG00000024400.17:B1	label_permutation	1.6002276461272454e-21	0.03670821239542428	5856	4	>20	0.5627402900130172
ENSMUSG00000025340.15:B1	label_permutation	0.0582645229612296	0.2549086563086905	5856	4	>20	0.7175608933892629
ENSMUSG00000026028.13:B1	label_permutation	2.858689888227965e-05	0.13290864340524106	6906	5	>20	0.6716996336354654
ENSMUSG00000026584.15:B1	label_permutation	0.0045636889699654	0.1477144787210088	4440	3	>20	0.6769750481719067
ENSMUSG00000026972.16:B1	label_permutation	0.3808673143165248	0.3354203935599284	2235	1	6-10	0.7432926746811992
ENSMUSG00000027618.18:B1	label_permutation	0.8569811889716791	0.7133273703041145	2235	1	6-10	0.9011916001924564
ENSMUSG00000028136.16:B1	label_permutation	1.849118020465377e-12	0.19357914812460267	3145	10	>20	0.6977932517214355
ENSMUSG00000028691.13:B1	label_permutation	0.6959206240248604	0.4732394366197183	1774	1	1-5	0.7926722340846395
ENSMUSG00000029151.15:B1	label_permutation	0.9228793977405836	0.8387750506642648	4440	3	>20	0.9553296176068271
ENSMUSG00000029629.18:B1	label_permutation	0.6818899838175398	0.6166979682431278	5856	4	>20	0.8598588372868904
ENSMUSG00000030235.18:B1	label_permutation	0.9640736124038598	0.7538028169014085	1774	1	1-5	0.9228562254653174
ENSMUSG00000030946.14:B1	label_permutation	0.6537968622273991	0.5996047430830039	2529	3	11-20	0.852124703712352
ENSMUSG00000031605.9:B1	label_permutation	0.7402306243183526	0.61182317551661	3822	1	11-20	0.8582910945738498
ENSMUSG00000032076.21:B1	label_permutation	0.1218088005663088	0.3032269079733652	5856	4	>20	0.7318810953112224
ENSMUSG00000032504.16:B1	label_permutation	0.2870999139377899	0.28053435114503816	3667	2	11-20	0.7246986373555707
ENSMUSG00000033147.17:B1	label_permutation	0.9251234221218212	0.8448547624408916	4440	3	>20	0.9572887169374447
ENSMUSG00000034024.9:B1	label_permutation	0.2123078410080768	0.43146274149034036	1086	5	11-20	0.7803995295754584
ENSMUSG00000034799.17:B1	label_permutation	0.0001431345146379	0.3331739961759082	2091	9	>20	0.7421633546983134
ENSMUSG00000035615.13:B1	label_permutation	0.8516488875827987	0.7658185093447422	4440	3	>20	0.928626022542503
ENSMUSG00000036545.10:B1	label_permutation	0.0008704606085034	0.137783848386546	5856	4	>20	0.6737987860703265
ENSMUSG00000037355.15:B1	label_permutation	1.0	1.0	5856	4	>20	1.0
ENSMUSG00000038119.16:B1	label_permutation	0.984760481908418	0.9106703344433184	6906	5	>20	0.9829790631555957
ENSMUSG00000038611.18:B1	label_permutation	0.4057815818629516	0.6210369265199552	5361	6	>20	0.860790285075356
ENSMUSG00000039501.15:B1	label_permutation	2.52957037222567e-05	0.10397814580843436	5856	4	>20	0.6716996336354654
ENSMUSG00000040423.12:B1	label_permutation	0.780134662233242	0.7075645756457565	2167	4	11-20	0.8974071449613453
ENSMUSG00000041220.11:B1	label_permutation	6.416726889358512e-10	0.03625954198473282	3667	2	11-20	0.5627402900130172
ENSMUSG00000042272.18:B1	label_permutation	0.9988502323936128	0.9668993469939203	4440	3	>20	1.0
ENSMUSG00000044098.15:B1	label_permutation	0.015736417652958	0.17405989641972527	4440	3	>20	0.6884067605452999
ENSMUSG00000046707.10:B1	label_permutation	0.010308260359657	0.16437739247917135	4440	3	>20	0.6847722369731165
ENSMUSG00000049191.13:B1	label_permutation	0.7389843001210901	0.5036619718309859	1774	1	1-5	0.8074066693839349
ENSMUSG00000051790.16:B1	label_permutation	4.768796749470925e-07	0.27844882390336934	3145	10	>20	0.7246986373555707
ENSMUSG00000054199.19:B1	label_permutation	0.0619247662215842	0.3744871316672883	5361	6	>20	0.7605406188729243
ENSMUSG00000056310.15:B1	label_permutation	0.8223870662851018	0.7254567184565477	5856	4	>20	0.9107790418899075
ENSMUSG00000058325.7:B1	label_permutation	0.1309408586366999	0.17106984043944545	3822	1	11-20	0.6865745742860391
ENSMUSG00000060657.9:B1	label_permutation	0.0801611723801323	0.3972398358821335	5361	6	>20	0.7663744371387409
ENSMUSG00000062866.17:B1	label_permutation	3.6528682269914846e-17	0.16551724137931034	3769	8	>20	0.6847722369731165
ENSMUSG00000067851.12:B1	label_permutation	4.8183957445644425e-48	0.015378982057854266	2730	12	>20	0.5304436768848043
ENSMUSG00000079055.11:B1	label_permutation	0.4669934639693777	0.6454849498327759	298	6	6-10	0.8692349849638852
ENSMUSG00000090053.10:B1	label_permutation	0.0127973155402262	0.1044165757906216	3667	2	11-20	0.6716996336354654
ENSMUSG00000109336.2:B1	label_permutation	1.1696832454961867e-20	0.01937269372693727	2167	4	11-20	0.5304436768848043
ENSMUSG00000026790.20:B1	label_permutation	1.3933427879636965e-19	0.40350877192982454	56	16	11-20	0.7709657464797492
ENSMUSG00000026790.20:B2	label_permutation	0.0172364158919914	0.1995902339081441	5856	4	>20	0.6994035248150303
ENSMUSG00000026790.20:B3	label_permutation	0.0008841458396528	0.1384667918729725	5856	4	>20	0.6737987860703265
ENSMUSG00000026790.20:B5	label_permutation	4.353207598870591e-19	0.1559681697612732	3769	8	>20	0.6847722369731165
ENSMUSG00000040669.15:B1	label_permutation	1.0	1.0	16	24	11-20	1.0
ENSMUSG00000040669.15:B2	label_permutation	5.007475497400054e-08	0.07802629332422742	5856	4	>20	0.6634744498321522
ENSMUSG00000040669.15:B3	label_permutation	0.0004552156508317	0.5075064079091908	2730	12	>20	0.8090451962935411
ENSMUSG00000040669.15:B4	label_permutation	2.36528047239956e-24	0.2033898305084746	58	18	11-20	0.7010479823254113
ENSMUSG00000015968.19:B1	label_permutation	1.4118105006488313e-13	0.25668253387037715	2730	12	>20	0.7175608933892629
ENSMUSG00000015968.19:B2	label_permutation	3.494825530756814e-10	0.06931876387228957	5856	4	>20	0.6575756733508737
ENSMUSG00000015968.19:B3	label_permutation	0.0025997689029344	0.15280860508792898	5856	4	>20	0.6835868504368111
ENSMUSG00000023951.19:B1	label_permutation	0.1093365323093098	0.17802617230098147	3667	2	11-20	0.6907662883605332
ENSMUSG00000023951.19:B2	label_permutation	0.2035493629925858	0.34189723320158105	2529	3	11-20	0.745437077003003
ENSMUSG00000023951.19:B3	label_permutation	0.4803490672227318	0.44116457743631216	2472	2	>20	0.7852463333738463
ENSMUSG00000028789.17:B1	label_permutation	0.1978746004913757	0.513126491646778	1256	6	11-20	0.8105527269044539
ENSMUSG00000028789.17:B2	label_permutation	0.5458910766483203	0.5288537549407115	2529	3	11-20	0.8148719459982858
ENSMUSG00000028789.17:B3	label_permutation	0.4135960937514281	0.4525691699604743	2529	3	11-20	0.7889191397096535
ENSMUSG00000035242.16:B1	label_permutation	0.2373607916967402	0.21625	799	2	1-5	0.7091982855276581
ENSMUSG00000035242.16:B2	label_permutation	0.726201610098045	0.5025352112676056	1774	1	1-5	0.8067901474581045
ENSMUSG00000035242.16:B3	label_permutation	0.2150812601471077	0.18422535211267604	1774	1	1-5	0.6917315104013201
ENSMUSG00000050043.17:B1	label_permutation	2.817622201499306e-07	0.03625	799	2	1-5	0.5627402900130172
ENSMUSG00000050043.17:B2	label_permutation	0.9970170310005037	0.8388732394366197	1774	1	1-5	0.9553296176068271
ENSMUSG00000050043.17:B3	label_permutation	0.950097820938048	0.7098591549295775	1774	1	1-5	0.8992484551578245
ENSMUSG00000003847.17:B1	label_permutation	1.2654528174939937e-23	0.2645861601085482	736	16	>20	0.719445975190665
ENSMUSG00000019828.14:B1	label_permutation	0.0160252965385231	0.6411570853167338	2730	12	>20	0.8680883840706338
ENSMUSG00000019828.14:B2	label_permutation	0.3826548874140786	0.6072361059306229	5361	6	>20	0.8549320386917808
ENSMUSG00000022471.15:B2	label_permutation	6.727440515176303e-12	0.08469668452294773	6906	5	>20	0.6667263569376605
ENSMUSG00000028565.19:B1	label_permutation	0.0001970078707609	0.2315035799522673	1256	6	11-20	0.7091982855276581
ENSMUSG00000028565.19:B4	label_permutation	0.2633437849487217	0.32106752931661947	2472	2	>20	0.738416174107119
ENSMUSG00000030846.16:B1	label_permutation	0.8245651339112157	0.884321223709369	2091	9	>20	0.9754015534112878
ENSMUSG00000030846.16:B4	label_permutation	0.5656671695475293	0.7017903767251026	5361	6	>20	0.8944033931467131
ENSMUSG00000033569.18:B1	label_permutation	1.4509285562530624e-28	0.18757612667478685	820	18	>20	0.695247351814289
ENSMUSG00000033569.18:B2	label_permutation	2.3992489744796963e-30	0.12852435005492494	2730	12	>20	0.6716996336354654
ENSMUSG00000038909.17:B1	label_permutation	0.2640044499304526	0.5380455054084297	5361	6	>20	0.8206386545317301
ENSMUSG00000038909.17:B3	label_permutation	0.597571941577435	0.7155911973144349	5361	6	>20	0.9021839104767514
ENSMUSG00000042671.13:B2	label_permutation	0.8695036858500612	0.7845849802371542	2529	3	11-20	0.9357875614896627
ENSMUSG00000054611.18:B1	label_permutation	0.1299561726167168	0.3583321268278558	6906	5	>20	0.7537910234770694
ENSMUSG00000054611.18:B2	label_permutation	9.805810897735736e-05	0.3550540368722187	3145	10	>20	0.7537910234770694
ENSMUSG00000001521.13:B1	label_permutation	0.0737375806193546	0.3907124207385304	5361	6	>20	0.7652744724734254
ENSMUSG00000003808.19:B1	label_permutation	0.315780306531005	0.39270434586804776	4440	3	>20	0.7659655217138764
ENSMUSG00000006058.11:B1	label_permutation	0.999963532172331	0.9678263144127649	3822	1	11-20	1.0
ENSMUSG00000009733.10:B1	label_permutation	0.623392334568714	0.5808434352057368	5856	4	>20	0.842082227388737
ENSMUSG00000018474.19:B1	label_permutation	0.6128738248851164	0.9267667521054559	2730	12	>20	0.9922829233603937
ENSMUSG00000020135.14:B1	label_permutation	0.0197581255906928	0.3047370384185006	5361	6	>20	0.7329591912450679
ENSMUSG00000020598.17:B1	label_permutation	0.8438462783255238	0.8838196286472149	3769	8	>20	0.9754015534112878
ENSMUSG00000021038.18:B1	label_permutation	1.0	1.0	4440	3	>20	1.0
ENSMUSG00000021557.16:B1	label_permutation	1.1411054639153334e-17	0.5645933014354066	208	22	>20	0.8314178350970364
ENSMUSG00000022191.17:B1	label_permutation	0.3837505598544669	0.5104965976545534	6906	5	>20	0.8102575994609058
ENSMUSG00000022629.18:B1	label_permutation	0.2044024901274046	0.6324091778202677	2091	9	>20	0.8645641783717961
ENSMUSG00000023473.14:B1	label_permutation	0.2879834797310516	0.5524058187243566	5361	6	>20	0.8281473132696919
ENSMUSG00000024403.17:B1	label_permutation	0.0722528570414118	0.6147488874761602	3145	10	>20	0.8595756491447587
ENSMUSG00000024883.9:B1	label_permutation	0.9119992054600364	0.8288692630664544	6906	5	>20	0.9511671850500901
ENSMUSG00000026058.12:B1	label_permutation	0.726895142636198	0.6269137792103142	1240	1	>20	0.8624680432802443
ENSMUSG00000026585.14:B1	label_permutation	0.7255943248599347	0.7814248414770608	5361	6	>20	0.9350008703220192
ENSMUSG00000027620.17:B1	label_permutation	0.0108753885819047	0.3621737575974258	2796	7	>20	0.7558482094603022
ENSMUSG00000028149.13:B1	label_permutation	2.4410012547548656e-41	0.033460803059273424	2091	9	>20	0.5627402900130172
ENSMUSG00000028693.16:B1	label_permutation	0.9523397607312172	0.8808826840801621	4440	3	>20	0.9752086364341691
ENSMUSG00000029152.14:B1	label_permutation	0.9975715403348993	0.9593784078516903	3667	2	11-20	1.0
ENSMUSG00000029635.16:B1	label_permutation	1.7374418311954255e-39	0.06334675942878067	2730	12	>20	0.6350498279162136
ENSMUSG00000030237.15:B1	label_permutation	0.8882277347835562	0.596056338028169	1774	1	1-5	0.8520001440483478
ENSMUSG00000031618.14:B1	label_permutation	0.9974259360766904	0.9585605234460196	3667	2	11-20	1.0
ENSMUSG00000032086.13:B1	label_permutation	0.3216738711101189	0.5712420738530399	5361	6	>20	0.8346354166666666
ENSMUSG00000032512.8:B1	label_permutation	0.144781841995788	0.28934924566539066	4440	3	>20	0.7277459433406522
ENSMUSG00000033174.18:B1	label_permutation	0.0500727490788599	0.4936339522546419	3769	8	>20	0.8028037490998834
ENSMUSG00000034037.15:B1	label_permutation	0.0025423995957932	0.11887323943661972	1774	1	1-5	0.6716996336354654
ENSMUSG00000034818.18:B1	label_permutation	0.0040964473116813	0.32928137289953524	2796	7	>20	0.7421633546983134
ENSMUSG00000035620.16:B1	label_permutation	0.2537567901521737	0.2652671755725191	3667	2	11-20	0.7203360339025302
ENSMUSG00000036550.17:B1	label_permutation	0.5865107583043725	0.6200955552338208	6906	5	>20	0.860790285075356
ENSMUSG00000037364.13:B1	label_permutation	2.262230614835246e-44	0.014588859416445624	3769	8	>20	0.5304436768848043
ENSMUSG00000038126.18:B1	label_permutation	0.1005874277260713	0.26052690835397435	4440	3	>20	0.7175608933892629
ENSMUSG00000038619.13:B1	label_permutation	0.01119469502933	0.2775083923908989	5361	6	>20	0.7246986373555707
ENSMUSG00000039515.12:B1	label_permutation	1.0	1.0	405	12	11-20	1.0
ENSMUSG00000040424.16:B1	label_permutation	0.5126009242432948	0.48992747784045126	1240	1	>20	0.8004182772216153
ENSMUSG00000041245.14:B1	label_permutation	0.712023663363986	0.5613382899628253	1344	2	6-10	0.8310183263662547
ENSMUSG00000042302.15:B1	label_permutation	1.0	1.0	5856	4	>20	1.0
ENSMUSG00000044117.13:B1	label_permutation	0.9605480777898836	0.8741856088026639	6906	5	>20	0.971870868854696
ENSMUSG00000046785.9:B1	label_permutation	0.7646829636525148	0.6992619926199262	2167	4	11-20	0.8932318106183805
ENSMUSG00000049252.18:B1	label_permutation	2.0596396045211847e-18	0.593103448275862	144	27	>20	0.8509933857752432
ENSMUSG00000052040.11:B1	label_permutation	0.009894148188074	0.3970822281167109	3769	8	>20	0.7663744371387409
ENSMUSG00000054226.14:B1	label_permutation	1.66720344254115e-13	0.056734317343173434	2167	4	11-20	0.6224129142269418
ENSMUSG00000058441.8:B1	label_permutation	0.9968216063356492	0.9525627044711014	3667	2	11-20	1.0
ENSMUSG00000060671.13:B1	label_permutation	0.085687669832037	0.248592659310966	4440	3	>20	0.7127381867912488
ENSMUSG00000062995.13:B1	label_permutation	0.6637162150840246	0.570966437525273	2472	2	>20	0.8346354166666666
ENSMUSG00000067873.12:B1	label_permutation	0.999999988388436	0.9802371541501976	2529	3	11-20	1.0
ENSMUSG00000071477.11:B1	label_permutation	0.3408330116610653	0.4134387351778656	2529	3	11-20	0.7732164440203563
ENSMUSG00000079157.5:B1	label_permutation	1.0	1.0	6906	5	>20	1.0
ENSMUSG00000090077.10:B1	label_permutation	0.9996149931873454	0.9768070254447196	4440	3	>20	1.0
ENSMUSG00000109394.3:B1	label_permutation	0.2305428256596831	0.6553537284894837	2091	9	>20	0.8729493357351947
ENSMUSG00000027012.16:B1	label_permutation	0.1829464753242111	0.8205785426583669	2730	12	>20	0.9490161893805502
ENSMUSG00000027012.16:B2	label_permutation	1.069501719775803e-06	0.13987318164863857	5361	6	>20	0.6746982879173822
ENSMUSG00000027012.16:B3	label_permutation	0.0203416516809604	0.30697500932487876	5361	6	>20	0.7329591912450679
ENSMUSG00000027012.16:B5	label_permutation	0.5167228447417445	0.6762402088772846	5361	6	>20	0.8841170796131632
ENSMUSG00000040687.17:B1	label_permutation	0.5497421762503532	0.6930249906751212	5361	6	>20	0.8904934516492752
ENSMUSG00000040687.17:B2	label_permutation	0.4113347823277592	0.6249533756061171	5361	6	>20	0.8609658570293667
ENSMUSG00000040687.17:B4	label_permutation	0.8515462621727408	0.8550913838120104	5361	6	>20	0.9619220346373043
ENSMUSG00000040687.17:B5	label_permutation	7.203296574156342e-10	0.5395858708891595	820	18	>20	0.8206386545317301
ENSMUSG00000016346.18:B1	label_permutation	0.6469507199197834	0.5974048147515794	5856	4	>20	0.8520001440483478
ENSMUSG00000016346.18:B3	label_permutation	0.9999999998547754	0.9583404473279836	5856	4	>20	1.0
ENSMUSG00000016346.18:B5	label_permutation	1.6307253531350645e-17	0.3568521031207598	736	16	>20	0.7537910234770694
ENSMUSG00000024050.19:B1	label_permutation	0.1362409401273892	0.431438127090301	298	6	6-10	0.7803995295754584
ENSMUSG00000024050.19:B2	label_permutation	0.573426448688402	0.5520282186948854	566	3	6-10	0.827864732410885
ENSMUSG00000024050.19:B3	label_permutation	0.4125299387486013	0.45217391304347826	2529	3	11-20	0.7888430590303603
ENSMUSG00000028809.17:B1	label_permutation	2.605832220232224e-49	0.12440191387559808	208	22	>20	0.6716996336354654
ENSMUSG00000028809.17:B2	label_permutation	0.0494943808797123	0.68688293370945	708	11	>20	0.8869190571379287
ENSMUSG00000028809.17:B3	label_permutation	1.4677478849982369e-33	0.19887165021156558	708	11	>20	0.6994035248150303
ENSMUSG00000035342.15:B2	label_permutation	0.7126608935661004	0.49690140845070424	1774	1	1-5	0.8043277848911651
ENSMUSG00000035342.15:B4	label_permutation	0.7897763942185855	0.575	799	2	1-5	0.8384871628209294
ENSMUSG00000050334.14:B1	label_permutation	2.365048662790916e-09	0.654292343387471	430	20	>20	0.8729493357351947
ENSMUSG00000050334.14:B2	label_permutation	1.0787497817462248e-05	0.12639351382655278	6906	5	>20	0.6716996336354654
ENSMUSG00000050334.14:B3	label_permutation	4.121163923879401e-12	0.3944954128440367	435	15	>20	0.7659655217138764
ENSMUSG00000004056.16:B1	label_permutation	0.0454734178952878	0.3872832369942196	172	3	1-5	0.7631707880514113
ENSMUSG00000004056.16:B2	label_permutation	0.4172855323739234	0.39132379248658317	2235	1	6-10	0.7653481003657628
ENSMUSG00000019843.15:B1	label_permutation	1.0	1.0	14	16	1-5	1.0
ENSMUSG00000019843.15:B2	label_permutation	0.0117744982571264	0.4863013698630137	583	8	11-20	0.7970226506761089
ENSMUSG00000022477.14:B1	label_permutation	1.2873052346036726e-32	0.0713527851458886	3769	8	>20	0.658935462200628
ENSMUSG00000022477.14:B2	label_permutation	8.660515766749491e-20	0.310719131614654	736	16	>20	0.7334017588400592
ENSMUSG00000026203.17:B1	label_permutation	0.9166451020208788	0.8933969769291965	1256	6	11-20	0.977724935483245
ENSMUSG00000026203.17:B2	label_permutation	0.7362725785350674	0.6608695652173913	2529	3	11-20	0.8757595213025501
ENSMUSG00000028573.19:B1	label_permutation	0.6488909839640082	0.866497139224412	3145	10	>20	0.9680424160848748
ENSMUSG00000028573.19:B2	label_permutation	0.6161170202219918	0.6370348921384104	6906	5	>20	0.8669625602138451
ENSMUSG00000031026.16:B2	label_permutation	0.8418585979168459	0.7401400034147174	5856	4	>20	0.9176590758004523
ENSMUSG00000033713.13:B1	label_permutation	5.483174865647768e-13	0.19045092838196287	3769	8	>20	0.6961201735525486
ENSMUSG00000033713.13:B2	label_permutation	4.179038554316783e-22	0.035342325422571284	5856	4	>20	0.5627402900130172
ENSMUSG00000038914.16:B1	label_permutation	4.153614074970545e-10	0.11245803804550542	5361	6	>20	0.6716996336354654
ENSMUSG00000038914.16:B2	label_permutation	4.1249896339491136e-29	0.1351153423654339	2730	12	>20	0.6719210962037078
ENSMUSG00000042675.16:B1	label_permutation	9.183408035575994e-05	0.0932806324110672	2529	3	11-20	0.6716996336354654
ENSMUSG00000042675.16:B2	label_permutation	0.2220371170923028	0.24781897491821156	3667	2	11-20	0.7127381867912488
ENSMUSG00000054976.15:B1	label_permutation	0.0006328899862465	0.3275862068965517	3769	8	>20	0.7421633546983134
ENSMUSG00000054976.15:B2	label_permutation	0.8579846828056927	0.7541403448864606	5856	4	>20	0.9228562254653174
ENSMUSG00000074247.11:B1	label_permutation	0.8993605821038373	0.7810796074154853	3667	2	11-20	0.9348370761465145
ENSMUSG00000074247.11:B2	label_permutation	0.9914174310928306	0.9298892988929889	2167	4	11-20	0.9932045376388903
ENSMUSG00000001542.8:B1	label_permutation	1.2511677076993726e-07	0.08178248249957316	5856	4	>20	0.6634744498321522
ENSMUSG00000003810.15:B2	label_permutation	0.0545425147747094	0.5886840432294977	3145	10	>20	0.8477948738506724
ENSMUSG00000006154.14:B1	label_permutation	0.7560904165714218	0.6327699018538713	3667	2	11-20	0.8645641783717961
ENSMUSG00000009894.16:B1	label_permutation	0.378665560228193	0.5076009845084697	6906	5	>20	0.8090451962935411
ENSMUSG00000015766.15:B1	label_permutation	0.0002225334298916	0.37349014621741894	3145	10	>20	0.7605406188729243
ENSMUSG00000018501.18:B1	label_permutation	2.9333698282693625e-13	0.6344238975817923	702	24	>20	0.8649721690180984
ENSMUSG00000020149.18:B1	label_permutation	0.8219943859829442	0.752913752913753	428	4	6-10	0.9228562254653174
ENSMUSG00000020599.14:B1	label_permutation	8.516385951541148e-25	0.09949141767323585	3145	10	>20	0.6716996336354654
ENSMUSG00000021044.16:B1	label_permutation	0.8037461064608746	0.9749702026221693	838	14	>20	1.0
ENSMUSG00000021559.15:B1	label_permutation	0.3160850558068231	0.4734327493846822	6906	5	>20	0.7926722340846395
ENSMUSG00000022199.13:B1	label_permutation	0.9696986675280856	0.9289444237224916	5361	6	>20	0.9932045376388903
ENSMUSG00000022635.10:B1	label_permutation	0.4671044480489242	0.40831807481035837	3822	1	11-20	0.7727217214989786
ENSMUSG00000024410.16:B1	label_permutation	0.8140154130605619	0.6460966542750929	1344	2	6-10	0.8697976860883113
ENSMUSG00000024892.18:B1	label_permutation	1.0	1.0	1774	1	1-5	1.0
ENSMUSG00000025369.16:B1	label_permutation	0.0002115425858406	0.3722186904005086	3145	10	>20	0.7605406188729243
ENSMUSG00000026103.15:B1	label_permutation	0.0297398943232711	0.2524974663384972	6906	5	>20	0.7175149660929935
ENSMUSG00000026587.16:B1	label_permutation	1.3137224496728312e-34	0.06399713979263497	2796	7	>20	0.6350498279162136
ENSMUSG00000026987.17:B1	label_permutation	2.451440792630735e-40	0.028244547729710405	2796	7	>20	0.5595228198520243
ENSMUSG00000027630.14:B1	label_permutation	0.0204278150758127	0.19051383399209487	2529	3	11-20	0.6961201735525486
ENSMUSG00000028152.11:B1	label_permutation	0.0001541784843172	0.4778469425119004	2730	12	>20	0.7947687782094973
ENSMUSG00000028708.17:B1	label_permutation	0.1602889334206092	0.33088611917363836	5856	4	>20	0.7421633546983134
ENSMUSG00000029166.15:B1	label_permutation	0.5825007719862694	0.6176342840596496	6906	5	>20	0.8598588372868904
ENSMUSG00000029648.14:B1	label_permutation	0.2304395530734313	0.19098591549295774	1774	1	1-5	0.6961513711090555
ENSMUSG00000030246.13:B1	label_permutation	0.6846851116310988	0.6778630374981902	6906	5	>20	0.8849050131223106
ENSMUSG00000030967.16:B1	label_permutation	0.3092479234578522	0.4423431734317343	2167	4	11-20	0.7863683911205197
ENSMUSG00000031622.17:B1	label_permutation	0.2872660839733861	0.5520328235732935	5361	6	>20	0.827864732410885
ENSMUSG00000032097.11:B1	label_permutation	0.938835286544538	0.9774330042313117	708	11	>20	1.0
ENSMUSG00000032517.17:B1	label_permutation	0.0020049401328304	0.20066889632107024	298	6	6-10	0.6994035248150303
ENSMUSG00000033192.6:B1	label_permutation	0.3428098233566463	0.3115354433690819	3822	1	11-20	0.7337188718579608
ENSMUSG00000034040.18:B1	label_permutation	0.2009437943351784	0.38191881918819187	2167	4	11-20	0.7631707880514113
ENSMUSG00000034820.5:B1	label_permutation	0.0115613183411672	0.1668543120918712	4440	3	>20	0.6847722369731165
ENSMUSG00000035621.14:B1	label_permutation	0.0676746856648298	0.26173809117295543	5856	4	>20	0.7175608933892629
ENSMUSG00000036555.15:B1	label_permutation	0.9090092779345872	0.7941657579062159	3667	2	11-20	0.9394731757777988
ENSMUSG00000037369.18:B1	label_permutation	4.901841919128337e-59	0.00540368722186904	3145	10	>20	0.5304436768848043
ENSMUSG00000038141.12:B1	label_permutation	0.0822947413763185	0.27642137613112516	5856	4	>20	0.724480368316683
ENSMUSG00000038623.10:B1	label_permutation	0.9026127994835368	0.8124296329655483	4440	3	>20	0.9458670895475908
ENSMUSG00000039542.17:B1	label_permutation	0.1901933781284598	0.567751161959242	2796	7	>20	0.8327883176564626
ENSMUSG00000040430.19:B1	label_permutation	2.164186696608756e-26	0.011959521619135235	1086	5	11-20	0.5304436768848043
ENSMUSG00000041258.19:B1	label_permutation	0.0035487531266174	0.19963201471941122	1086	5	11-20	0.6994035248150303
ENSMUSG00000042308.15:B1	label_permutation	0.0687088573974337	0.2362080612474668	4440	3	>20	0.7091982855276581
ENSMUSG00000046822.15:B1	label_permutation	0.2771967431343153	0.23875	799	2	1-5	0.7101113572928957
ENSMUSG00000049321.18:B1	label_permutation	0.0687630821930214	0.13654198273607115	3822	1	11-20	0.6737987860703265
ENSMUSG00000052105.18:B4	label_permutation	0.9988642703392696	0.9370204140726799	6906	5	>20	0.9963058288967096
ENSMUSG00000054263.13:B1	label_permutation	0.8222079904748558	0.7738095238095238	83	6	1-5	0.931299294312993
ENSMUSG00000056476.14:B2	label_permutation	0.0272820590214037	0.21666382106880655	5856	4	>20	0.7091982855276581
ENSMUSG00000058503.12:B1	label_permutation	0.0816234678138908	0.24611573969826617	4440	3	>20	0.7127381867912488
ENSMUSG00000060681.16:B1	label_permutation	0.8434594875890011	0.7632411067193676	2529	3	11-20	0.9278414646030351
ENSMUSG00000063063.13:B1	label_permutation	0.0835669665914766	0.2592885375494071	2529	3	11-20	0.7175608933892629
ENSMUSG00000068015.9:B1	label_permutation	0.5760606777373414	0.47001090512540894	3667	2	11-20	0.7926722340846395
ENSMUSG00000071650.7:B1	label_permutation	0.844071190521281	0.7411644186443572	5856	4	>20	0.9183298328630854
ENSMUSG00000090100.8:B1	label_permutation	5.083572658116594e-15	0.07296945128130881	6906	5	>20	0.658935462200628
ENSMUSG00000109754.3:B1	label_permutation	0.8305351928226454	0.7676270450267845	6906	5	>20	0.9291455492406748
ENSMUSG00000027200.18:B1	label_permutation	0.8871981492282308	0.7933579335793358	2167	4	11-20	0.9394731757777988
ENSMUSG00000027200.18:B2	label_permutation	0.8629306330635091	0.7712177121771218	2167	4	11-20	0.931299294312993
ENSMUSG00000027200.18:B3	label_permutation	1.1765923906107904e-06	0.5320197044334976	405	12	11-20	0.8169652340154359
ENSMUSG00000027200.18:B4	label_permutation	0.9015969074734296	0.8071955719557196	2167	4	11-20	0.9432709920726544
ENSMUSG00000040928.16:B1	label_permutation	1.0	1.0	172	3	1-5	1.0
ENSMUSG00000040928.16:B2	label_permutation	0.6066012813837207	0.42375	799	2	1-5	0.7792463358448585
ENSMUSG00000040928.16:B3	label_permutation	0.334596302732251	0.2428169014084507	1774	1	1-5	0.7122255230009176
ENSMUSG00000040928.16:B4	label_permutation	0.1303253113491667	0.16619718309859155	1774	1	1-5	0.6847722369731165
ENSMUSG00000016382.16:B1	label_permutation	3.5854836859845856e-11	0.06453815946730408	5856	4	>20	0.6350498279162136
ENSMUSG00000016382.16:B2	label_permutation	0.1214641879719528	0.2438334007278609	2472	2	>20	0.7122255230009176
ENSMUSG00000016382.16:B3	label_permutation	0.1952326688434012	0.2875050545895673	2472	2	>20	0.7267803830666978
ENSMUSG00000024073.17:B1	label_permutation	1.1514866564816404e-46	0.018118245390972662	3145	10	>20	0.5304436768848043
ENSMUSG00000024073.17:B4	label_permutation	9.670350271923684e-45	0.021932612841703752	3145	10	>20	0.5304436768848043
ENSMUSG00000024073.17:B5	label_permutation	5.649536599574513e-58	0.006357279084551812	3145	10	>20	0.5304436768848043
ENSMUSG00000029020.14:B1	label_permutation	0.863429424350026	0.7801287948482061	1086	5	11-20	0.9344468506363857
ENSMUSG00000029020.14:B2	label_permutation	0.1646728686437552	0.40018399264029436	1086	5	11-20	0.7699938143126075
ENSMUSG00000029020.14:B4	label_permutation	0.2087266265955429	0.7567049808429118	521	10	11-20	0.9241522180299797
ENSMUSG00000035629.20:B1	label_permutation	0.0122258704640128	0.5504885993485342	306	9	11-20	0.826763331772505
ENSMUSG00000035629.20:B2	label_permutation	0.0013720747110115	0.12371541501976284	2529	3	11-20	0.6716996336354654
ENSMUSG00000035629.20:B3	label_permutation	0.4549473103698224	0.4766798418972332	2529	3	11-20	0.7939598901843806
ENSMUSG00000050947.10:B2	label_permutation	2.252784714622477e-17	0.02153762268266085	3667	2	11-20	0.5304436768848043
ENSMUSG00000050947.10:B3	label_permutation	5.056637003588053e-218	0.002877321475281193	3822	1	11-20	0.5304436768848043
ENSMUSG00000004151.18:B3	label_permutation	0.2140246241949358	0.24182115594329334	3667	2	11-20	0.7115091978475785
ENSMUSG00000019906.16:B1	label_permutation	0.935302313691288	0.8482472324723247	2167	4	11-20	0.9585555625471935
ENSMUSG00000019906.16:B2	label_permutation	0.5179834279213711	0.42802617230098144	3667	2	11-20	0.7803995295754584
ENSMUSG00000022558.17:B2	label_permutation	2.8092587702959325e-14	0.1819628647214854	3769	8	>20	0.6917315104013201
ENSMUSG00000026254.18:B1	label_permutation	0.0070304001893509	0.3054892601431981	1256	6	11-20	0.7329591912450679
ENSMUSG00000028649.23:B1	label_permutation	2.79831734120331e-47	0.01794214573416331	2730	12	>20	0.5304436768848043
ENSMUSG00000028649.23:B3	label_permutation	1.5054509680148575e-16	0.22519223727572318	2730	12	>20	0.7091982855276581
ENSMUSG00000031099.17:B1	label_permutation	6.2289689744066215e-09	0.20205479452054795	583	8	11-20	0.7004621913712823
ENSMUSG00000031099.17:B2	label_permutation	0.0018988391795937	0.16651291512915128	2167	4	11-20	0.6847722369731165
ENSMUSG00000033768.18:B1	label_permutation	2.3506059288916107e-50	0.30927835051546393	96	33	>20	0.7329591912450679
ENSMUSG00000033768.18:B2	label_permutation	0.2716190050937963	0.8194640338504936	708	11	>20	0.9490161893805502
ENSMUSG00000042766.18:B1	label_permutation	0.8684855165560706	0.8946949602122016	3769	8	>20	0.9779244373838968
ENSMUSG00000042766.18:B2	label_permutation	0.8994570524931497	0.791702236639918	5856	4	>20	0.9383904576230364
ENSMUSG00000055254.16:B1	label_permutation	2.6246293427813814e-23	0.42816500711237554	702	24	>20	0.7803995295754584
ENSMUSG00000055254.16:B2	label_permutation	4.568446765287555e-41	0.55	79	36	>20	0.826763331772505
ENSMUSG00000075318.14:B1	label_permutation	2.2279342732630272e-05	0.6987788331071914	736	16	>20	0.8932318106183805
ENSMUSG00000075318.14:B2	label_permutation	0.1547578673283657	0.5883289124668435	3769	8	>20	0.8477301959661935
ENSMUSG00000001552.15:B1	label_permutation	0.2071131004492591	0.20617173524150267	2235	1	6-10	0.7033559673028593
ENSMUSG00000003863.19:B1	label_permutation	1.4788226979979065e-18	0.06269002461271174	6906	5	>20	0.6350498279162136
ENSMUSG00000006169.21:B1	label_permutation	0.9999113973243816	0.9436803243086723	6906	5	>20	0.999899083543585
ENSMUSG00000009907.18:B1	label_permutation	0.6654940453006414	0.6088441181492231	5856	4	>20	0.8561214535053476
ENSMUSG00000015829.14:B1	label_permutation	0.0302504883425891	0.41186986056489094	2796	7	>20	0.7732164440203563
ENSMUSG00000018661.18:B1	label_permutation	0.1724447291642125	0.30826390452600766	4440	3	>20	0.7329591912450679
ENSMUSG00000020154.11:B1	label_permutation	0.0005474279824778	0.11211267605633803	1774	1	1-5	0.6716996336354654
ENSMUSG00000020604.14:B1	label_permutation	0.8027224779711125	0.6617839393146744	3822	1	11-20	0.8760724538596513
ENSMUSG00000021051.11:B1	label_permutation	0.4830371591219948	0.5611698277110178	6906	5	>20	0.8310183263662547
ENSMUSG00000021578.18:B1	label_permutation	0.0220855860659864	0.3516308671439936	1256	6	11-20	0.752034175822259
ENSMUSG00000022205.16:B1	label_permutation	0.7205759498679573	0.5935129479466388	3822	1	11-20	0.851100222894397
ENSMUSG00000022636.14:B1	label_permutation	0.3240060091524921	0.4786448530476328	6906	5	>20	0.7951423382542498
ENSMUSG00000023800.16:B1	label_permutation	0.7886532292564558	0.6565295169946332	2235	1	6-10	0.8729493357351947
ENSMUSG00000024420.10:B1	label_permutation	0.84854763639078	0.5673239436619718	1774	1	1-5	0.8327883176564626
ENSMUSG00000024897.10:B1	label_permutation	1.0	1.0	6906	5	>20	1.0
ENSMUSG00000025409.15:B1	label_permutation	0.7154219579349522	0.6953814970319965	6906	5	>20	0.8922438596461447
ENSMUSG00000026109.15:B1	label_permutation	0.0006922743975129	0.1348813385692334	5856	4	>20	0.6719210962037078
ENSMUSG00000026596.14:B1	label_permutation	0.4385907418036929	0.5382944838569567	6906	5	>20	0.8206386545317301
ENSMUSG00000026991.21:B1	label_permutation	0.2944520581442694	0.5552032823573294	5361	6	>20	0.8296596150748978
ENSMUSG00000027642.16:B1	label_permutation	0.0003148970960212	0.15158534819748082	6906	5	>20	0.6815265103828622
ENSMUSG00000028161.18:B1	label_permutation	0.0001124632561933	0.46262341325811	708	11	>20	0.7913805776931528
ENSMUSG00000029167.14:B1	label_permutation	0.9819072089170046	0.9064716953814971	6906	5	>20	0.9825822453164573
ENSMUSG00000029674.14:B1	label_permutation	0.4295476079346835	0.4181156490093004	2472	2	>20	0.7760797509700331
ENSMUSG00000030257.17:B1	label_permutation	0.0589482752458339	0.5039787798408488	3769	8	>20	0.8075365661088962
ENSMUSG00000030970.17:B1	label_permutation	0.9689416987775415	0.77375	799	2	1-5	0.931299294312993
ENSMUSG00000031642.10:B1	label_permutation	0.0350699363074698	0.12595419847328243	3667	2	11-20	0.6716996336354654
ENSMUSG00000032115.15:B1	label_permutation	0.0338774288159908	0.4649867374005305	3769	8	>20	0.7917358367967924
ENSMUSG00000032527.14:B1	label_permutation	1.560840554428659e-50	0.00939047293836435	5856	4	>20	0.5304436768848043
ENSMUSG00000033209.18:B1	label_permutation	1.0	1.0	566	3	6-10	1.0
ENSMUSG00000034042.17:B1	label_permutation	0.999968851300153	0.9849133078135555	4440	3	>20	1.0
ENSMUSG00000034825.15:B1	label_permutation	0.9142937518472718	0.8116783336178931	5856	4	>20	0.9452376545402249
ENSMUSG00000035640.19:B1	label_permutation	0.1394005254910743	0.3651368177211525	6906	5	>20	0.7585041208864867
ENSMUSG00000036564.18:B1	label_permutation	0.0002167979738634	0.3365200764818356	2091	9	>20	0.7433093704791987
ENSMUSG00000037375.17:B1	label_permutation	0.7727179116760992	0.6436750272628136	3667	2	11-20	0.8685239541374944
ENSMUSG00000038143.17:B1	label_permutation	4.981936075707545e-34	0.09633649932157395	736	16	>20	0.6716996336354654
ENSMUSG00000038665.16:B1	label_permutation	0.5001142795225445	0.45086938940558025	2472	2	>20	0.7882989098962725
ENSMUSG00000039578.18:B1	label_permutation	0.4244455015414184	0.4588932806324111	2529	3	11-20	0.7912910652813838
ENSMUSG00000040433.17:B1	label_permutation	0.2893428281578284	0.4615607354857391	6906	5	>20	0.7913805776931528
ENSMUSG00000041263.15:B1	label_permutation	5.30538723907124e-14	0.18275862068965518	3769	8	>20	0.6917315104013201
ENSMUSG00000042328.14:B1	label_permutation	0.4496463495486044	0.42620299231702385	2472	2	>20	0.7802900802900802
ENSMUSG00000044250.9:B1	label_permutation	0.9579684753621412	0.86955262776893	6906	5	>20	0.969617080127928
ENSMUSG00000046876.17:B1	label_permutation	3.520492281132451e-08	0.12663185378590078	5361	6	>20	0.6716996336354654
ENSMUSG00000049339.17:B1	label_permutation	0.5577603985930052	0.4569247546346783	3667	2	11-20	0.7912910652813838
ENSMUSG00000052133.17:B1	label_permutation	0.4855666730949264	0.3425352112676056	1774	1	1-5	0.745437077003003
ENSMUSG00000054309.10:B1	label_permutation	0.28125687224756	0.40379033634966705	5856	4	>20	0.7709657464797492
ENSMUSG00000056486.19:B1	label_permutation	0.9453191768507062	0.8435114503816794	3667	2	11-20	0.95684131707921
ENSMUSG00000058587.10:B1	label_permutation	1.9932492827237853e-34	0.0173736788765021	6906	5	>20	0.5304436768848043
ENSMUSG00000060703.13:B1	label_permutation	0.3534077812818952	0.3162437876013602	3822	1	11-20	0.7361177922528548
ENSMUSG00000063065.14:B2	label_permutation	1.0	1.0	1774	1	1-5	1.0
ENSMUSG00000071753.14:B1	label_permutation	4.2874517685514356e-10	0.7268847795163584	702	24	>20	0.9112570831197022
ENSMUSG00000079470.9:B1	label_permutation	0.9599968062090102	0.8914658860616979	4440	3	>20	0.9772800954700314
ENSMUSG00000090207.3:B1	label_permutation	0.5247439155802093	0.41189591078066917	1344	2	6-10	0.7732164440203563
ENSMUSG00000110007.3:B1	label_permutation	0.7277386768293149	0.6406214816482774	4440	3	>20	0.8680883840706338
ENSMUSG00000064302.14:B1	label_permutation	0.0039966389209916	0.4459631277813096	3145	10	>20	0.787950087522443
ENSMUSG00000064302.14:B3	label_permutation	0.0274821198121091	0.2485883885912842	6906	5	>20	0.7127381867912488
ENSMUSG00000064302.14:B4	label_permutation	0.1093497587821245	0.6468531468531469	3145	10	>20	0.8702938740420001
ENSMUSG00000064302.14:B5	label_permutation	0.0013321317110065	0.41385886840432295	3145	10	>20	0.7734090172897694
ENSMUSG00000064302.14:B6	label_permutation	0.2828237357587925	0.7482517482517482	3145	10	>20	0.9219962397977791
ENSMUSG00000064302.14:B7	label_permutation	0.094984457640968	0.33082380194006084	6906	5	>20	0.7421633546983134
ENSMUSG00000001911.17:B1	label_permutation	2.8221529884418256e-44	0.02026221692491061	838	14	>20	0.5304436768848043
ENSMUSG00000001911.17:B3	label_permutation	8.35907613588148e-49	0.010368251698248123	2796	7	>20	0.5304436768848043
ENSMUSG00000001911.17:B4	label_permutation	0.0019806185622529	0.31140507686807295	2796	7	>20	0.7337188718579608
ENSMUSG00000018593.14:B1	label_permutation	1.0390544582050416e-08	0.458128078817734	405	12	11-20	0.7912910652813838
ENSMUSG00000018593.14:B2	label_permutation	0.5467470187136397	0.566420664206642	2167	4	11-20	0.8319811151709684
ENSMUSG00000018593.14:B3	label_permutation	0.5467489131440766	0.566420664206642	2167	4	11-20	0.8319811151709684
ENSMUSG00000024743.17:B1	label_permutation	4.618582827616711e-49	0.08120649651972157	430	20	>20	0.6634744498321522
ENSMUSG00000024743.17:B2	label_permutation	1.0	1.0	97	40	>20	1.0
ENSMUSG00000024743.17:B3	label_permutation	1.6199560850988762e-11	0.20502225047679593	3145	10	>20	0.7022403342667048
ENSMUSG00000029472.14:B1	label_permutation	3.5642367405979676e-20	0.1493368700265252	3769	8	>20	0.6790014896770759
ENSMUSG00000029472.14:B2	label_permutation	1.727144774478755e-18	0.15941644562334217	3769	8	>20	0.6847722369731165
ENSMUSG00000029472.14:B4	label_permutation	3.4006175670871146e-30	0.020146832849581697	5856	4	>20	0.5304436768848043
ENSMUSG00000037013.18:B1	label_permutation	0.988620777232596	0.9152126499454744	3667	2	11-20	0.9845058920874592
ENSMUSG00000037013.18:B2	label_permutation	0.7834762871875177	0.6445200104629872	3822	1	11-20	0.8685239541374944
ENSMUSG00000037013.18:B3	label_permutation	0.7768524555991583	0.6408579649489929	3822	1	11-20	0.8680883840706338
ENSMUSG00000054387.14:B1	label_permutation	0.706902016472666	0.8833439287984742	3145	10	>20	0.9754015534112878
ENSMUSG00000054387.14:B2	label_permutation	0.0427294412865065	0.2716085131026495	6906	5	>20	0.7203360339025302
ENSMUSG00000054387.14:B3	label_permutation	0.7479178878648921	0.7157955697118865	6906	5	>20	0.9021839104767514
ENSMUSG00000004565.16:B1	label_permutation	0.5398829567110591	0.5608856088560885	2167	4	11-20	0.8310183263662547
ENSMUSG00000004565.16:B2	label_permutation	0.4199799690930518	0.3675027262813522	3667	2	11-20	0.759498759593972
ENSMUSG00000020333.18:B1	label_permutation	1.2603424488057275e-14	0.47058823529411764	16	25	>20	0.7926722340846395
ENSMUSG00000020333.18:B2	label_permutation	0.1481916022419928	0.3702041407267989	6906	5	>20	0.7605406188729243
ENSMUSG00000022892.12:B1	label_permutation	5.312620397646568e-27	0.3627311522048364	702	24	>20	0.756307936776534
ENSMUSG00000022892.12:B3	label_permutation	4.711612356786255e-41	0.05089710728670817	2730	12	>20	0.6104246415972379
ENSMUSG00000026567.17:B1	label_permutation	0.7421542289328268	0.6487277640171133	4440	3	>20	0.870748617082928
ENSMUSG00000026567.17:B3	label_permutation	0.9884216872560158	0.9513241327862738	5361	6	>20	1.0
ENSMUSG00000028926.16:B1	label_permutation	2.3034727074444414e-37	0.0481651376146789	435	15	>20	0.607660279508006
ENSMUSG00000028926.16:B2	label_permutation	0.000503929582351	0.3884297520661157	3145	10	>20	0.764104821150463
ENSMUSG00000031353.14:B1	label_permutation	0.9068843053499748	0.7501858736059479	1344	2	6-10	0.9228562254653174
ENSMUSG00000031353.14:B2	label_permutation	0.7593790495490077	0.6233324614177348	3822	1	11-20	0.860790285075356
ENSMUSG00000034563.17:B1	label_permutation	1.0	1.0	6906	5	>20	1.0
ENSMUSG00000034563.17:B2	label_permutation	5.022374662072843e-07	0.27908455181182457	3145	10	>20	0.7246986373555707
ENSMUSG00000039671.19:B1	label_permutation	6.797071468835426e-37	0.19953596287703015	430	20	>20	0.6994035248150303
ENSMUSG00000039671.19:B2	label_permutation	0.7643012273547007	0.8951048951048951	3145	10	>20	0.9779244373838968
ENSMUSG00000043635.13:B1	label_permutation	3.49284666769115e-10	0.09121181410163602	6906	5	>20	0.6716996336354654
ENSMUSG00000043635.13:B2	label_permutation	8.04958831197104e-18	0.1424030514939606	3145	10	>20	0.6747228004787763
ENSMUSG00000056004.17:B1	label_permutation	1.096256783035309e-06	0.10562730627306273	2167	4	11-20	0.6716996336354654
ENSMUSG00000056004.17:B2	label_permutation	0.0005738410269819	0.3253424657534247	583	8	11-20	0.7414944665977521
ENSMUSG00000079477.10:B1	label_permutation	0.5653052273124922	0.43940520446096654	1344	2	6-10	0.783940816070122
ENSMUSG00000079477.10:B2	label_permutation	0.9560207368262548	0.8635957066189625	2235	1	6-10	0.9670461531318405
ENSMUSG00000001794.14:B1	label_permutation	0.6450714895421324	0.5478533094812165	2235	1	6-10	0.8263670006561997
ENSMUSG00000004099.17:B1	label_permutation	0.0052050428792754	0.16612600307324568	5856	4	>20	0.6847722369731165
ENSMUSG00000006362.17:B1	label_permutation	0.3095629161371138	0.27674601098613655	3822	1	11-20	0.724480368316683
ENSMUSG00000010505.17:B1	label_permutation	0.5191357961543941	0.5241591258323374	5856	4	>20	0.8138069195881308
ENSMUSG00000016386.16:B1	label_permutation	0.0011631161774616	0.08810375670840787	2235	1	6-10	0.6716996336354654
ENSMUSG00000019189.14:B1	label_permutation	0.5970914561046655	0.555505516775501	4440	3	>20	0.8296596150748978
ENSMUSG00000020211.16:B1	label_permutation	0.945550541597704	0.6816901408450704	1774	1	1-5	0.8863198373552182
ENSMUSG00000020647.11:B1	label_permutation	0.483232036693016	0.561314608368322	6906	5	>20	0.8310183263662547
ENSMUSG00000021097.16:B1	label_permutation	4.670683972537562e-06	0.14733308466989928	5361	6	>20	0.6769750481719067
ENSMUSG00000021693.21:B1	label_permutation	0.7491728634484521	0.6490093004448039	2472	2	>20	0.870748617082928
ENSMUSG00000022285.18:B1	label_permutation	2.5804185130531793e-10	0.2153846153846154	3769	8	>20	0.7091982855276581
ENSMUSG00000022711.17:B1	label_permutation	0.0005632793975255	0.15839003909077748	6906	5	>20	0.6847722369731165
ENSMUSG00000023923.11:B1	label_permutation	0.8313568108074785	0.68637195919435	3822	1	11-20	0.8865143871344411
ENSMUSG00000024477.5:B1	label_permutation	2.26269246009604e-90	0.004951340276592112	5856	4	>20	0.5304436768848043
ENSMUSG00000024976.15:B1	label_permutation	0.9943977035768412	0.9247140582018243	6906	5	>20	0.9912068750959354
ENSMUSG00000025428.16:B1	label_permutation	0.8685384085593537	0.7838086476540939	1086	5	11-20	0.9356077153561903
ENSMUSG00000026141.14:B1	label_permutation	0.7759622838891769	0.6387653675124247	3822	1	11-20	0.8672217817334429
ENSMUSG00000026657.18:B1	label_permutation	0.455501629390448	0.4766798418972332	2529	3	11-20	0.7939598901843806
ENSMUSG00000027087.12:B1	label_permutation	1.1996033251874177e-05	0.12769653974229042	6906	5	>20	0.6716996336354654
ENSMUSG00000027677.18:B1	label_permutation	0.0075548158843584	0.47393515575333756	3145	10	>20	0.7926722340846395
ENSMUSG00000028229.12:B1	label_permutation	0.873890691884562	0.7532715376226826	3667	2	11-20	0.9228562254653174
ENSMUSG00000028803.19:B1	label_permutation	0.4722383621571197	0.5299815498154982	2167	4	11-20	0.8155100185261113
ENSMUSG00000029202.13:B1	label_permutation	0.6797510806144305	0.6158442888850948	5856	4	>20	0.8598588372868904
ENSMUSG00000029722.16:B1	label_permutation	1.0	1.0	5856	4	>20	1.0
ENSMUSG00000030309.17:B1	label_permutation	0.0533813452119562	0.1414940021810251	3667	2	11-20	0.6746982879173822
ENSMUSG00000031078.16:B1	label_permutation	1.295406393717719e-09	0.20343224883804076	2796	7	>20	0.7010479823254113
ENSMUSG00000031706.8:B1	label_permutation	0.4603692441108834	0.4712902499437064	4440	3	>20	0.7926722340846395
ENSMUSG00000032187.17:B2	label_permutation	3.6684411880716555e-40	0.09732016925246827	708	11	>20	0.6716996336354654
ENSMUSG00000032554.16:B1	label_permutation	0.5206441801702302	0.44991055456171736	2235	1	6-10	0.7882194114557239
ENSMUSG00000033316.15:B1	label_permutation	0.0006946121279413	0.1598378456638193	6906	5	>20	0.6847722369731165
ENSMUSG00000034156.17:B1	label_permutation	8.694001416335571e-05	0.3260038240917782	2091	9	>20	0.7414944665977521
ENSMUSG00000034867.17:B1	label_permutation	1.1165713629800217e-15	0.08522939201790376	5361	6	>20	0.6668588316369805
ENSMUSG00000035762.12:B1	label_permutation	0.9402702842091348	0.8465084514256446	5856	4	>20	0.9579529436435982
ENSMUSG00000036622.16:B1	label_permutation	0.1712739294313649	0.38714347763138846	6906	5	>20	0.7631707880514113
ENSMUSG00000037487.8:B1	label_permutation	0.0578407880935451	0.5029177718832891	3769	8	>20	0.8067901474581045
ENSMUSG00000038178.17:B1	label_permutation	0.0007397222790416	0.20179037672510258	5361	6	>20	0.7004621913712823
ENSMUSG00000038773.12:B1	label_permutation	0.0754119263555623	0.308961922687129	6906	5	>20	0.7329591912450679
ENSMUSG00000039686.15:B1	label_permutation	2.3899178679119414e-45	0.02055449330783939	2091	9	>20	0.5304436768848043
ENSMUSG00000040506.17:B1	label_permutation	0.9070594829018062	0.8242362820327205	6906	5	>20	0.9511564992219032
ENSMUSG00000041362.18:B1	label_permutation	0.0935446373243232	0.4894529853414373	2796	7	>20	0.8000639509023785
ENSMUSG00000042423.10:B1	label_permutation	0.5282685355803284	0.8296249205340115	3145	10	>20	0.9511671850500901
ENSMUSG00000044475.15:B1	label_permutation	0.589486826237878	0.5487502814681378	4440	3	>20	0.8263670006561997
ENSMUSG00000047248.21:B1	label_permutation	0.6714587531146256	0.5555846194088412	3822	1	11-20	0.8296596150748978
ENSMUSG00000049658.14:B1	label_permutation	0.048415308975526	0.43689667500893814	2796	7	>20	0.7830757215815937
ENSMUSG00000052459.14:B1	label_permutation	0.0794169704683434	0.3963073480044759	5361	6	>20	0.7663744371387409
ENSMUSG00000054459.9:B1	label_permutation	0.4052874534342323	0.4734505719651699	5856	4	>20	0.7926722340846395
ENSMUSG00000056673.15:B1	label_permutation	0.9826515254645708	0.9150197628458498	2529	3	11-20	0.9845058920874592
ENSMUSG00000058756.14:B1	label_permutation	6.209836522556048e-08	0.258604206500956	2091	9	>20	0.7175608933892629
ENSMUSG00000061143.16:B1	label_permutation	0.5095313724087805	0.4420612084750196	3822	1	11-20	0.786178613724698
ENSMUSG00000063450.15:B1	label_permutation	2.0118079936836463e-37	0.0446907400786557	2796	7	>20	0.5887099419424673
ENSMUSG00000068663.15:B1	label_permutation	4.346525255888348e-32	0.11607469791285244	2730	12	>20	0.6716996336354654
ENSMUSG00000072946.13:B1	label_permutation	0.8374264073540795	0.61875	799	2	1-5	0.8600095026444993
ENSMUSG00000084950.8:B1	label_permutation	0.9123920826538124	0.8290140437237585	6906	5	>20	0.9511671850500901
ENSMUSG00000113216.3:B1	label_permutation	0.9011371251010346	0.8113037604143211	4440	3	>20	0.9451642501566595
ENSMUSG00000001632.17:B1	label_permutation	3.261665069624506e-06	0.11208487084870848	2167	4	11-20	0.6716996336354654
ENSMUSG00000001632.17:B2	label_permutation	0.9670544524321384	0.8756815703380589	3667	2	11-20	0.9728108952975663
ENSMUSG00000001632.17:B3	label_permutation	0.967054822850293	0.8756815703380589	3667	2	11-20	0.9728108952975663
ENSMUSG00000001632.17:B5	label_permutation	0.8588472647598084	0.7385496183206107	3667	2	11-20	0.9169795192558482
ENSMUSG00000041164.16:B1	label_permutation	1.3797933219843985e-19	0.3835616438356164	145	21	>20	0.7631707880514113
ENSMUSG00000041164.16:B2	label_permutation	0.0165622553952369	0.3804075795495173	2796	7	>20	0.7631707880514113
ENSMUSG00000041164.16:B3	label_permutation	0.04408795620267	0.43117626027887024	2796	7	>20	0.7803995295754584
ENSMUSG00000041164.16:B4	label_permutation	1.9789923875927536e-05	0.5637663885578069	838	14	>20	0.8310183263662547
ENSMUSG00000018750.15:B1	label_permutation	1.0	1.0	2730	12	>20	1.0
ENSMUSG00000018750.15:B2	label_permutation	0.988756682920018	0.9543080939947781	5361	6	>20	1.0
ENSMUSG00000018750.15:B3	label_permutation	0.4002940072023899	0.6186124580380455	5361	6	>20	0.8600095026444993
ENSMUSG00000024862.17:B3	label_permutation	0.2029597912647801	0.35922827386033807	5856	4	>20	0.7540440618427044
ENSMUSG00000024862.17:B4	label_permutation	2.521995684977549e-11	0.05786984913307813	4440	3	>20	0.6274595979491046
ENSMUSG00000029657.16:B1	label_permutation	0.0031214466586535	0.7270560190703218	838	14	>20	0.9112570831197022
ENSMUSG00000029657.16:B2	label_permutation	0.2438313808342268	0.5942080800858062	2796	7	>20	0.8514955796802711
ENSMUSG00000029657.16:B3	label_permutation	0.0003036076242935	0.2803003217733286	2796	7	>20	0.7246986373555707
ENSMUSG00000037032.17:B1	label_permutation	1.0	1.0	58	18	11-20	1.0
ENSMUSG00000037032.17:B2	label_permutation	0.0295014848463465	0.3233867959716524	5361	6	>20	0.740191931091381
ENSMUSG00000037032.17:B3	label_permutation	4.1554412156426967e-10	0.31050897107286707	2730	12	>20	0.7334017588400592
ENSMUSG00000054640.16:B1	label_permutation	1.3255773554777602e-05	0.689280868385346	736	16	>20	0.888284919453969
ENSMUSG00000054640.16:B3	label_permutation	2.5442244969067446e-48	0.008488063660477453	3769	8	>20	0.5304436768848043
ENSMUSG00000005034.16:B1	label_permutation	1.471274303915165e-20	0.3215590742996346	820	18	>20	0.738416174107119
ENSMUSG00000005034.16:B2	label_permutation	0.0014652883698898	0.5411937019406811	2730	12	>20	0.8206386545317301
ENSMUSG00000020340.17:B1	label_permutation	5.901757471654895e-47	0.09672830725462304	702	24	>20	0.6716996336354654
ENSMUSG00000020340.17:B2	label_permutation	6.358216494674614e-41	0.05199560600512633	2730	12	>20	0.6104246415972379
ENSMUSG00000022897.16:B1	label_permutation	6.559053762451974e-13	0.1896551724137931	521	10	11-20	0.695247351814289
ENSMUSG00000022897.16:B2	label_permutation	6.798324674521554e-19	0.03955841766329347	1086	5	11-20	0.5677768959471334
ENSMUSG00000026743.17:B1	label_permutation	3.3546262148633017e-14	0.1819628647214854	3769	8	>20	0.6917315104013201
ENSMUSG00000026743.17:B2	label_permutation	0.9060960560090616	0.7987024073757897	5856	4	>20	0.9406626887956651
ENSMUSG00000028931.13:B1	label_permutation	2.740809361295396e-29	0.23333333333333334	29	25	11-20	0.7091982855276581
ENSMUSG00000028931.13:B2	label_permutation	6.656973268673478e-05	0.13956855364123352	6906	5	>20	0.6746982879173822
ENSMUSG00000031393.17:B1	label_permutation	6.9243166300696e-13	0.6	9	13	>20	0.8522317188983856
ENSMUSG00000031393.17:B2	label_permutation	0.0078730031136839	0.26258858634837745	5361	6	>20	0.7175608933892629
ENSMUSG00000034730.18:B1	label_permutation	7.104886366735061e-20	0.4988399071925754	430	20	>20	0.8048246980763529
ENSMUSG00000034730.18:B2	label_permutation	1.0	1.0	3145	10	>20	1.0
ENSMUSG00000039713.18:B1	label_permutation	0.0222004762776519	0.20744408400204883	5856	4	>20	0.703863583546363
ENSMUSG00000039713.18:B2	label_permutation	0.0080652942566512	0.17568721188321668	5856	4	>20	0.6888355586218554
ENSMUSG00000044768.17:B1	label_permutation	0.2922341137443195	0.4089124124978658	5856	4	>20	0.7731942666995043
ENSMUSG00000044768.17:B2	label_permutation	0.1549291205392278	0.26364739183178326	2472	2	>20	0.7187034308318416
ENSMUSG00000056158.15:B1	label_permutation	0.0079750126181717	0.17551647601161005	5856	4	>20	0.6888355586218554
ENSMUSG00000056158.15:B2	label_permutation	0.1943400096622467	0.28710068742418116	2472	2	>20	0.7267803830666978
ENSMUSG00000079487.12:B1	label_permutation	0.6643518954717713	0.5960369286196803	4440	3	>20	0.8520001440483478
ENSMUSG00000079487.12:B2	label_permutation	2.047038946734335e-18	0.046269421205395254	5856	4	>20	0.5969607728178808
ENSMUSG00000001802.17:B1	label_permutation	0.514059854650339	0.447815851425582	3822	1	11-20	0.7882194114557239
ENSMUSG00000004110.18:B1	label_permutation	0.2244681304811966	0.6310344827586207	3769	8	>20	0.8640377553060516
ENSMUSG00000006392.17:B1	label_permutation	0.6779357027579712	0.5608161130002616	3822	1	11-20	0.8310183263662547
ENSMUSG00000010660.4:B1	label_permutation	0.944097847461577	0.8252681140465603	3822	1	11-20	0.9511671850500901
ENSMUSG00000016534.16:B1	label_permutation	3.0504487104203323e-26	0.1530574880995972	2730	12	>20	0.6835868504368111
ENSMUSG00000019194.16:B1	label_permutation	1.5810826771381978e-23	0.012915129151291513	2167	4	11-20	0.5304436768848043
ENSMUSG00000020220.17:B1	label_permutation	0.0007942408996614	0.3561185468451243	2091	9	>20	0.7537910234770694
ENSMUSG00000020656.17:B1	label_permutation	0.987590979619485	0.9241433429244049	3822	1	11-20	0.9912068750959354
ENSMUSG00000021109.14:B1	label_permutation	3.075776171046961e-20	0.040976609185589895	5856	4	>20	0.5693986502293021
ENSMUSG00000021694.19:B1	label_permutation	0.9237883483992296	0.8414771447872101	4440	3	>20	0.95684131707921
ENSMUSG00000022296.11:B1	label_permutation	0.9333467209397442	0.9045346062052506	1256	6	11-20	0.9824853009060661
ENSMUSG00000022761.13:B1	label_permutation	0.9444186572589454	0.8276222861626995	3822	1	11-20	0.9511671850500901
ENSMUSG00000023960.14:B1	label_permutation	3.743953625884581e-06	0.1207470681916896	6906	5	>20	0.6716996336354654
ENSMUSG00000024491.17:B2	label_permutation	0.9343168610820548	0.8030342662830238	3822	1	11-20	0.9423909852035474
ENSMUSG00000025437.16:B3	label_permutation	4.28346082532836e-05	0.3159655831739962	2091	9	>20	0.7361177922528548
ENSMUSG00000026153.16:B1	label_permutation	0.005188070208511	0.08560523446019629	3667	2	11-20	0.6668588316369805
ENSMUSG00000026667.15:B2	label_permutation	0.1064813664876569	0.3382076154625742	6906	5	>20	0.7445418513286052
ENSMUSG00000027678.18:B1	label_permutation	0.1381780980745114	0.3148369472426157	5856	4	>20	0.7361177922528548
ENSMUSG00000028248.16:B1	label_permutation	0.0169304039006315	0.6234132581100141	708	11	>20	0.860790285075356
ENSMUSG00000028822.12:B1	label_permutation	2.083715683175951e-06	0.09826122118883947	2472	2	>20	0.6716996336354654
ENSMUSG00000029211.12:B1	label_permutation	0.4092421398897793	0.3682971488359927	3822	1	11-20	0.7597927847480915
ENSMUSG00000030310.12:B1	label_permutation	0.0355055696856147	0.2274201809800239	5856	4	>20	0.7091982855276581
ENSMUSG00000031112.11:B1	label_permutation	0.001388665448232	0.07878953107960741	3667	2	11-20	0.6634744498321522
ENSMUSG00000031709.16:B1	label_permutation	0.5366851677990963	0.5225296442687747	2529	3	11-20	0.8138069195881308
ENSMUSG00000032192.10:B1	label_permutation	0.083392783151801	0.1525	799	2	1-5	0.6835839160839161
ENSMUSG00000032558.20:B1	label_permutation	0.963881368041362	0.8707742639040349	3667	2	11-20	0.9702529664579017
ENSMUSG00000033326.16:B1	label_permutation	0.8381675613539381	0.841686555290374	1256	6	11-20	0.95684131707921
ENSMUSG00000034157.13:B1	label_permutation	4.771234850264122e-12	0.27462467960454046	2730	12	>20	0.7223620429586104
ENSMUSG00000034891.14:B1	label_permutation	0.0150328701228488	0.22368611553496454	6906	5	>20	0.7091982855276581
ENSMUSG00000035765.11:B1	label_permutation	0.7187970175738073	0.6019629225736096	3667	2	11-20	0.8533989363626496
ENSMUSG00000036644.16:B1	label_permutation	0.8293697119398322	0.7663240191110468	6906	5	>20	0.928626022542503
ENSMUSG00000037492.17:B1	label_permutation	0.0274330048927447	0.12075134168157424	2235	1	6-10	0.6716996336354654
ENSMUSG00000038181.17:B1	label_permutation	0.1201753941395621	0.32564575645756455	2167	4	11-20	0.7414944665977521
ENSMUSG00000038774.10:B1	label_permutation	0.9907403839256482	0.9110466108929486	5856	4	>20	0.9829790631555957
ENSMUSG00000039697.17:B1	label_permutation	0.1700414633261836	0.5976127320954907	3769	8	>20	0.8520001440483478
ENSMUSG00000040536.16:B1	label_permutation	0.4489235819040258	0.38276990185387133	3667	2	11-20	0.7631707880514113
ENSMUSG00000041408.19:B1	label_permutation	7.407798050060325e-08	0.07453276289124071	4440	3	>20	0.6596223019585741
ENSMUSG00000042429.9:B1	label_permutation	0.4238950009775213	0.4818166296738945	5856	4	>20	0.7963077475435613
ENSMUSG00000044477.13:B1	label_permutation	0.0133254460896405	0.32167832167832167	428	4	6-10	0.738416174107119
ENSMUSG00000047284.15:B1	label_permutation	3.206149132488894e-08	0.09086715867158672	2167	4	11-20	0.6716996336354654
ENSMUSG00000049659.16:B1	label_permutation	0.7712999544578832	0.6743976581850935	4440	3	>20	0.8829945410786444
ENSMUSG00000052488.8:B1	label_permutation	0.0369311876783389	0.26190820906326917	6906	5	>20	0.7175608933892629
ENSMUSG00000054484.15:B1	label_permutation	0.0091486319892369	0.09469003400470835	3822	1	11-20	0.6716996336354654
ENSMUSG00000056692.14:B1	label_permutation	0.5158776474648787	0.821917808219178	583	8	11-20	0.9495662496532278
ENSMUSG00000058793.15:B1	label_permutation	8.154158442644742e-40	0.1001410437235543	708	11	>20	0.6716996336354654
ENSMUSG00000061244.15:B1	label_permutation	0.2570404238206196	0.24692649751504053	3822	1	11-20	0.7127381867912488
ENSMUSG00000063455.17:B1	label_permutation	1.0	1.0	6906	5	>20	1.0
ENSMUSG00000068735.15:B1	label_permutation	0.1897083296362018	0.2483271375464684	1344	2	6-10	0.7127381867912488
ENSMUSG00000073274.6:B1	label_permutation	0.2165092221955337	0.505781424841477	5361	6	>20	0.8086525145599756
ENSMUSG00000085246.3:B1	label_permutation	1.0	1.0	4440	3	>20	1.0
ENSMUSG00000092341.5:B1	label_permutation	4.451273203416742e-09	0.7738264580369844	702	24	>20	0.931299294312993
ENSMUSG00000113634.2:B1	label_permutation	0.7071958629071654	0.5992844364937389	2235	1	6-10	0.852124703712352
ENSMUSG00000004562.17:B1	label_permutation	1.0	1.0	172	3	1-5	1.0
ENSMUSG00000004562.17:B2	label_permutation	0.3023777215034002	0.268783542039356	2235	1	6-10	0.7203360339025302
ENSMUSG00000004562.17:B3	label_permutation	0.8883949399465226	0.7419499105545617	2235	1	6-10	0.9184076153472559
ENSMUSG00000004562.17:B4	label_permutation	0.91027122789529	0.7799642218246869	2235	1	6-10	0.9344468506363857
ENSMUSG00000004562.17:B6	label_permutation	0.4577637154259629	0.3613382899628253	1344	2	6-10	0.7551583172162073
ENSMUSG00000042323.18:B1	label_permutation	7.814327588424114e-17	0.15034965034965034	3145	10	>20	0.680713743636385
ENSMUSG00000042323.18:B3	label_permutation	2.4480719503416705e-07	0.10930939626465905	6906	5	>20	0.6716996336354654
ENSMUSG00000042323.18:B4	label_permutation	0.0014026880812497	0.16924858838859128	6906	5	>20	0.6847776520285024
ENSMUSG00000042323.18:B7	label_permutation	4.058610034383754e-32	0.0871559633027523	435	15	>20	0.6716996336354654
ENSMUSG00000018841.18:B1	label_permutation	0.4738974044732697	0.41771019677996424	2235	1	6-10	0.7760797509700331
ENSMUSG00000018841.18:B2	label_permutation	0.4761809204377117	0.4230769230769231	2235	1	6-10	0.7792463358448585
ENSMUSG00000018841.18:B3	label_permutation	4.868674378900807e-08	0.061270125223613595	2235	1	6-10	0.6349169789338434
ENSMUSG00000024908.16:B1	label_permutation	5.083933435094571e-13	0.11472602739726027	583	8	11-20	0.6716996336354654
ENSMUSG00000024908.16:B2	label_permutation	0.9292158214220466	0.8399446494464945	2167	4	11-20	0.956070939134049
ENSMUSG00000024908.16:B4	label_permutation	1.0	1.0	2167	4	11-20	1.0
ENSMUSG00000029769.18:B1	label_permutation	3.392451284602078e-06	0.2482876712328767	583	8	11-20	0.7127381867912488
ENSMUSG00000029769.18:B2	label_permutation	0.4046120050137425	0.624502784407319	1256	6	11-20	0.860790285075356
ENSMUSG00000029769.18:B3	label_permutation	0.0056397268254373	0.4315068493150685	583	8	11-20	0.7803995295754584
ENSMUSG00000037300.20:B1	label_permutation	1.2098987196172074e-32	0.11397557666214382	736	16	>20	0.6716996336354654
ENSMUSG00000037300.20:B4	label_permutation	4.034733590544391e-07	0.25596816976127323	3769	8	>20	0.7175608933892629
ENSMUSG00000037300.20:B5	label_permutation	3.624239239328959e-28	0.10026525198938992	3769	8	>20	0.6716996336354654
ENSMUSG00000055053.19:B1	label_permutation	6.962346660787314e-06	0.367816091954023	521	10	11-20	0.759498759593972
ENSMUSG00000055053.19:B2	label_permutation	0.9862172199912028	0.8785648574057038	1086	5	11-20	0.9738440007854231
ENSMUSG00000055053.19:B4	label_permutation	0.0006037079663867	0.16467341306347746	1086	5	11-20	0.6847722369731165
ENSMUSG00000005907.15:B1	label_permutation	2.4420348091218686e-101	0.0032439815605258666	5856	4	>20	0.5304436768848043
ENSMUSG00000005907.15:B2	label_permutation	7.1790561021209025e-09	0.3361406078359575	2730	12	>20	0.7433093704791987
ENSMUSG00000020385.17:B1	label_permutation	0.6197444241472884	0.49918211559432935	3667	2	11-20	0.8048246980763529
ENSMUSG00000020385.17:B2	label_permutation	0.5265802994169542	0.4588019879675647	3822	1	11-20	0.7912910652813838
ENSMUSG00000022914.18:B1	label_permutation	0.0001457212730757	0.7527405602923264	820	18	>20	0.9228562254653174
ENSMUSG00000022914.18:B2	label_permutation	3.647254193931359e-26	0.4068965517241379	144	27	>20	0.7727217214989786
ENSMUSG00000026811.19:B2	label_permutation	0.8686243735843278	0.7483642311886587	3667	2	11-20	0.9219962397977791
ENSMUSG00000028937.15:B2	label_permutation	0.4159021353290463	0.37431336646612606	3822	1	11-20	0.7605406188729243
ENSMUSG00000031523.17:B1	label_permutation	0.0019280199080734	0.2720763723150358	1256	6	11-20	0.7203360339025302
ENSMUSG00000031523.17:B2	label_permutation	0.1576901884244609	0.30869565217391304	2529	3	11-20	0.7329591912450679
ENSMUSG00000034731.12:B1	label_permutation	0.0359739602436206	0.8941655359565808	736	16	>20	0.9779244373838968
ENSMUSG00000034731.12:B2	label_permutation	0.1724171231135048	0.5997347480106101	3769	8	>20	0.852124703712352
ENSMUSG00000039844.21:B1	label_permutation	9.749619471592158e-25	0.09980928162746344	3145	10	>20	0.6716996336354654
ENSMUSG00000039844.21:B2	label_permutation	4.989867139564719e-19	0.06109743738236571	6906	5	>20	0.6349169789338434
ENSMUSG00000045009.10:B1	label_permutation	0.3724259747915457	0.33805888767720826	3667	2	11-20	0.7445418513286052
ENSMUSG00000045009.10:B2	label_permutation	0.6181117311981974	0.5207951870258959	3822	1	11-20	0.8138069195881308
ENSMUSG00000056222.16:B1	label_permutation	3.4571619670665708e-06	0.41083852068839255	2730	12	>20	0.7731985024069317
ENSMUSG00000056222.16:B2	label_permutation	0.2173579516854931	0.5063409175680716	5361	6	>20	0.80881156893127
ENSMUSG00000079557.12:B1	label_permutation	0.9188565054900232	0.8355731225296442	2529	3	11-20	0.9542419447163435
ENSMUSG00000079557.12:B2	label_permutation	0.0062149367714015	0.35802469135802467	80	4	1-5	0.7537910234770694
ENSMUSG00000001833.18:B1	label_permutation	0.064620525588517	0.3770980977247296	5361	6	>20	0.7631707880514113
ENSMUSG00000004187.12:B1	label_permutation	0.0455965451244155	0.48594164456233424	3769	8	>20	0.7970226506761089
ENSMUSG00000006418.18:B1	label_permutation	0.7211246768974497	0.6049618320610687	3667	2	11-20	0.8539855190532267
ENSMUSG00000010663.6:B1	label_permutation	0.7361306024933987	0.6604743083003952	2529	3	11-20	0.8757595213025501
ENSMUSG00000016624.16:B1	label_permutation	0.7406180119286563	0.7121760532792819	6906	5	>20	0.9007133992070726
ENSMUSG00000019428.17:B1	label_permutation	0.0003385297264973	0.15087396504139836	1086	5	11-20	0.6815265103828622
ENSMUSG00000020230.16:B1	label_permutation	0.5546122843554335	0.4539258451472192	3667	2	11-20	0.7894439020060359
ENSMUSG00000020657.17:B1	label_permutation	0.7814889101515683	0.7313707451701932	1086	5	11-20	0.9128402040552591
ENSMUSG00000021111.16:B1	label_permutation	0.0006843911883666	0.7362385321100917	435	15	>20	0.9156048485526557
ENSMUSG00000021700.11:B1	label_permutation	0.0004066762145927	0.28459063282087954	2796	7	>20	0.7247838994150004
ENSMUSG00000022297.16:B1	label_permutation	0.9999997785620676	0.8709859154929578	1774	1	1-5	0.9702529664579017
ENSMUSG00000022762.19:B1	label_permutation	4.66587786706782e-06	0.14733308466989928	5361	6	>20	0.6769750481719067
ENSMUSG00000023965.14:B1	label_permutation	0.2842573383243844	0.2508944543828265	2235	1	6-10	0.7159464681922462
ENSMUSG00000024498.17:B1	label_permutation	2.6630997527663548e-27	0.14149139579349904	2091	9	>20	0.6746982879173822
ENSMUSG00000024982.11:B1	label_permutation	0.1909370185931708	0.3174960594460707	4440	3	>20	0.7361177922528548
ENSMUSG00000025477.15:B1	label_permutation	0.0731929016327616	0.3897799328608728	5361	6	>20	0.7651558894261146
ENSMUSG00000026171.13:B1	label_permutation	0.7972220531317722	0.6698473282442748	3667	2	11-20	0.8800298921543447
ENSMUSG00000026678.11:B1	label_permutation	1.0	1.0	1774	1	1-5	1.0
ENSMUSG00000027184.15:B1	label_permutation	1.0	1.0	6906	5	>20	1.0
ENSMUSG00000027698.15:B1	label_permutation	0.001673421256724	0.14751579306812362	5856	4	>20	0.6769750481719067
ENSMUSG00000028278.15:B1	label_permutation	0.0107873241878334	0.18456547720676114	5856	4	>20	0.6918507069563385
ENSMUSG00000028832.12:B1	label_permutation	0.0208653141825403	0.23628203272042855	6906	5	>20	0.7091982855276581
ENSMUSG00000029221.16:B1	label_permutation	0.0054160465574317	0.3779840848806366	3769	8	>20	0.7631707880514113
ENSMUSG00000029735.18:B1	label_permutation	0.6580712209225259	0.5197026022304833	1344	2	6-10	0.8136743612203561
ENSMUSG00000030329.12:B1	label_permutation	0.4236524518576384	0.4944649446494465	2167	4	11-20	0.8033114512407507
ENSMUSG00000031133.13:B1	label_permutation	0.933044123706528	0.8014648182055977	3822	1	11-20	0.9416529560849742
ENSMUSG00000031731.17:B1	label_permutation	0.0002009030188797	0.3706293706293706	3145	10	>20	0.7605406188729243
ENSMUSG00000032193.10:B1	label_permutation	0.9236492982071436	0.791001831022757	3822	1	11-20	0.9383904576230364
ENSMUSG00000032560.15:B1	label_permutation	0.9590404042847268	0.8734330772341286	2472	2	>20	0.9715731122406785
ENSMUSG00000033373.17:B1	label_permutation	2.4781315504939e-14	0.05291600990767845	4440	3	>20	0.6135249004024631
ENSMUSG00000034160.14:B1	label_permutation	0.0297790536921106	0.41115480872363247	2796	7	>20	0.7731985024069317
ENSMUSG00000034898.18:B1	label_permutation	3.316434602591183e-07	0.11017808020848414	6906	5	>20	0.6716996336354654
ENSMUSG00000035776.15:B2	label_permutation	0.4802862471679063	0.42397137745974955	2235	1	6-10	0.7792463358448585
ENSMUSG00000036667.15:B1	label_permutation	0.1853178073542598	0.6076923076923076	3769	8	>20	0.8553059550236463
ENSMUSG00000037509.22:B1	label_permutation	1.501222548440655e-06	0.11596930650065151	6906	5	>20	0.6716996336354654
ENSMUSG00000038206.14:B1	label_permutation	0.9933955714218754	0.9495609097050214	4440	3	>20	1.0
ENSMUSG00000038807.20:B1	label_permutation	0.2430102304196681	0.434776313884465	6906	5	>20	0.7825276054551122
ENSMUSG00000039701.12:B1	label_permutation	0.2373862841624045	0.43072245547994786	6906	5	>20	0.7803995295754584
ENSMUSG00000040537.18:B1	label_permutation	9.24688398794709e-27	0.15049432442328817	2730	12	>20	0.680713743636385
ENSMUSG00000041417.16:B1	label_permutation	0.2148109794361521	0.5046624393882879	5361	6	>20	0.8075678907044394
ENSMUSG00000042507.16:B1	label_permutation	0.0691535166185261	0.13915772953178132	3822	1	11-20	0.6746982879173822
ENSMUSG00000044550.12:B1	label_permutation	0.1938626826654771	0.3800738007380074	2167	4	11-20	0.7631707880514113
ENSMUSG00000047409.14:B1	label_permutation	1.4354463661117796e-118	0.07091055600322321	1240	1	>20	0.658935462200628
ENSMUSG00000049775.17:B1	label_permutation	0.0387825207280585	0.3834526650755768	1256	6	11-20	0.7631707880514113
ENSMUSG00000052512.18:B1	label_permutation	1.7402302677564508e-48	0.031029619181946404	708	11	>20	0.5627402900130172
ENSMUSG00000054499.10:B1	label_permutation	0.7585745249386505	0.6386404293381037	2235	1	6-10	0.8672217817334429
ENSMUSG00000056755.14:B1	label_permutation	0.1377995839500782	0.31466621137100903	5856	4	>20	0.7361177922528548
ENSMUSG00000058799.17:B1	label_permutation	0.0097613364087037	0.21065585637758796	6906	5	>20	0.7059095052772495
ENSMUSG00000061286.8:B1	label_permutation	0.4188782812237164	0.3669574700109051	3667	2	11-20	0.759498759593972
ENSMUSG00000063457.15:B1	label_permutation	0.3386252241682562	0.30780669144981415	1344	2	6-10	0.7329591912450679
ENSMUSG00000068747.15:B1	label_permutation	0.0002592356641312	0.31352785145888595	3769	8	>20	0.7361177922528548
ENSMUSG00000073557.13:B1	label_permutation	2.1360877992729242e-18	0.06297958592732011	6906	5	>20	0.6350498279162136
ENSMUSG00000085417.3:B1	label_permutation	0.8568119097008672	0.7133141511901648	3822	1	11-20	0.9011916001924564
ENSMUSG00000092354.8:B1	label_permutation	0.9200892270780856	0.8329205133978833	4440	3	>20	0.9526674340087439
ENSMUSG00000113895.2:B1	label_permutation	0.0282407916839375	0.32040283476314807	5361	6	>20	0.7383911245928327
ENSMUSG00000005506.17:B1	label_permutation	0.949676734081445	0.9800853485064012	702	24	>20	1.0
ENSMUSG00000005506.17:B2	label_permutation	2.5537402691710724e-08	0.08774767488879903	2472	2	>20	0.6716996336354654
ENSMUSG00000005506.17:B3	label_permutation	1.0798145637648268e-09	0.2230769230769231	3769	8	>20	0.7091982855276581
ENSMUSG00000005506.17:B4	label_permutation	7.052111862326768e-32	0.13297150610583447	736	16	>20	0.6716996336354654
ENSMUSG00000005506.17:B5	label_permutation	2.1093907045063463e-39	0.03289124668435013	3769	8	>20	0.5627402900130172
ENSMUSG00000044433.17:B1	label_permutation	0.0042981468133226	0.10260223048327137	1344	2	6-10	0.6716996336354654
ENSMUSG00000044433.17:B2	label_permutation	0.0415719462356947	0.28901734104046245	172	3	1-5	0.7277459433406522
ENSMUSG00000044433.17:B3	label_permutation	3.8178168248586793e-07	0.06440071556350627	2235	1	6-10	0.6350498279162136
ENSMUSG00000044433.17:B4	label_permutation	0.6926565512522329	0.5693202146690519	2235	1	6-10	0.8339992828011871
ENSMUSG00000018906.15:B2	label_permutation	0.9427587047163984	0.8660079051383399	2529	3	11-20	0.9678150611097711
ENSMUSG00000018906.15:B3	label_permutation	0.9318301104919056	0.8557312252964426	2529	3	11-20	0.9619220346373043
ENSMUSG00000024921.18:B1	label_permutation	8.539636068220004e-64	0.37755102040816324	97	40	>20	0.7631707880514113
ENSMUSG00000024921.18:B2	label_permutation	3.678434641704148e-36	0.04895104895104895	3145	10	>20	0.608059383326989
ENSMUSG00000024921.18:B3	label_permutation	5.5311821427991245e-46	0.2713178294573643	128	30	>20	0.7203360339025302
ENSMUSG00000029778.13:B1	label_permutation	2.771921115327502e-13	0.18753315649867375	3769	8	>20	0.695247351814289
ENSMUSG00000029778.13:B4	label_permutation	5.336905293965637e-25	0.1600146466495789	2730	12	>20	0.6847722369731165
ENSMUSG00000037373.13:B1	label_permutation	0.0345624113781646	0.21462450592885376	2529	3	11-20	0.7091982855276581
ENSMUSG00000037373.13:B2	label_permutation	0.0005445818718652	0.25059665871121717	1256	6	11-20	0.7159464681922462
ENSMUSG00000037373.13:B5	label_permutation	0.0815636825356357	0.258102766798419	2529	3	11-20	0.7175608933892629
ENSMUSG00000057378.16:B1	label_permutation	5.692439975966019e-38	0.04410011918951132	838	14	>20	0.5887099419424673
ENSMUSG00000057378.16:B2	label_permutation	0.1389936756988675	0.5334286735788345	2796	7	>20	0.817574158207151
ENSMUSG00000057378.16:B3	label_permutation	1.70914500585705e-13	0.18126564175902754	2796	7	>20	0.6917315104013201
ENSMUSG00000006575.15:B1	label_permutation	2.789589440732779e-05	0.2901856763925729	3769	8	>20	0.7277459433406522
ENSMUSG00000006575.15:B3	label_permutation	0.1966289612630561	0.6143236074270557	3769	8	>20	0.8592487613856605
ENSMUSG00000020451.18:B1	label_permutation	1.0	1.0	2730	12	>20	1.0
ENSMUSG00000020451.18:B2	label_permutation	1.1459934418042728e-23	0.05856023871689668	5361	6	>20	0.6274595979491046
ENSMUSG00000022935.17:B1	label_permutation	1.0	1.0	27	8	1-5	1.0
ENSMUSG00000022935.17:B2	label_permutation	0.4443474481211228	0.34375	799	2	1-5	0.745844414893617
ENSMUSG00000026826.14:B1	label_permutation	0.079142745787984	0.15839694656488548	3667	2	11-20	0.6847722369731165
ENSMUSG00000026826.14:B2	label_permutation	0.1046349191959995	0.16296102537274393	3822	1	11-20	0.6847722369731165
ENSMUSG00000029001.16:B1	label_permutation	7.65210146333557e-10	0.033444816053511704	298	6	6-10	0.5627402900130172
ENSMUSG00000029001.16:B2	label_permutation	0.4361626645882916	0.3464684014869889	1344	2	6-10	0.7472963416998167
ENSMUSG00000031540.15:B1	label_permutation	7.313372162851205e-50	0.012083485902599781	2730	12	>20	0.5304436768848043
ENSMUSG00000031540.15:B3	label_permutation	1.6077650459994547e-39	0.06298059318930795	2730	12	>20	0.6350498279162136
ENSMUSG00000034755.19:B1	label_permutation	0.0018901438113027	0.08015267175572519	3667	2	11-20	0.6634744498321522
ENSMUSG00000034755.19:B2	label_permutation	9.281414531622766e-05	0.10934744268077601	566	3	6-10	0.6716996336354654
ENSMUSG00000040021.14:B1	label_permutation	0.153273614999221	0.3422509225092251	2167	4	11-20	0.745437077003003
ENSMUSG00000040021.14:B2	label_permutation	0.0346117730545792	0.2523062730627306	2167	4	11-20	0.7174260121878785
ENSMUSG00000045333.16:B2	label_permutation	6.629000594210626e-15	0.005780346820809248	172	3	1-5	0.5304436768848043
ENSMUSG00000056608.15:B1	label_permutation	0.0002066167401997	0.4870010984987184	2730	12	>20	0.7972177778050892
ENSMUSG00000056608.15:B2	label_permutation	2.9194730657526592e-30	0.03991048116374487	5361	6	>20	0.5685026316880102
ENSMUSG00000085438.3:B1	label_permutation	4.091183217404415e-23	0.4310099573257468	702	24	>20	0.7803995295754584
ENSMUSG00000085438.3:B3	label_permutation	3.018375334092954e-21	0.2944369063772049	736	16	>20	0.7277459433406522
ENSMUSG00000001847.15:B1	label_permutation	2.0014076299014007e-18	0.019330855018587362	1344	2	6-10	0.5304436768848043
ENSMUSG00000004233.15:B1	label_permutation	0.8814674757293264	0.7747993853508622	5856	4	>20	0.9313753258776789
ENSMUSG00000006435.17:B1	label_permutation	0.0050523427002655	0.4195205479452055	583	8	11-20	0.7769943634574258
ENSMUSG00000010803.14:B1	label_permutation	1.1847579914424672e-52	0.005039787798408488	3769	8	>20	0.5304436768848043
ENSMUSG00000016637.8:B1	label_permutation	0.7777746556415809	0.691304347826087	2529	3	11-20	0.8889315755211671
ENSMUSG00000019432.16:B1	label_permutation	0.0862763587238127	0.4039537486012682	5361	6	>20	0.7709657464797492
ENSMUSG00000020235.17:B1	label_permutation	0.8118066351299722	0.6853871319520175	3667	2	11-20	0.8863198373552182
ENSMUSG00000020661.16:B1	label_permutation	1.5182942786155336e-05	0.42878066642255586	2730	12	>20	0.7803995295754584
ENSMUSG00000021130.9:B1	label_permutation	1.280695001980261e-12	0.1896551724137931	521	10	11-20	0.695247351814289
ENSMUSG00000021708.19:B1	label_permutation	3.8719266534151953e-16	0.06891559287679166	6906	5	>20	0.6559623507026293
ENSMUSG00000022305.14:B1	label_permutation	0.4744647264627607	0.4798468813330331	4440	3	>20	0.7957558710997155
ENSMUSG00000022763.19:B1	label_permutation	5.430038161292863e-30	0.026929202258578255	6906	5	>20	0.5540574956588848
ENSMUSG00000023967.10:B1	label_permutation	0.3681940961216607	0.3340308658121894	3822	1	11-20	0.7421987107888608
ENSMUSG00000024501.21:B1	label_permutation	0.9407465191424949	0.7275	799	2	1-5	0.9113044388609716
ENSMUSG00000025016.12:B1	label_permutation	0.0006928504025755	0.1348813385692334	5856	4	>20	0.6719210962037078
ENSMUSG00000025531.15:B1	label_permutation	0.632609807389524	0.5109051254089422	3667	2	11-20	0.8103327316047803
ENSMUSG00000026179.15:B1	label_permutation	1.1250072061227453e-17	0.20689655172413793	405	12	11-20	0.7038247366081932
ENSMUSG00000026701.16:B1	label_permutation	0.0012421282706958	0.08161130002615746	3822	1	11-20	0.6634744498321522
ENSMUSG00000027194.17:B1	label_permutation	0.5845042405167923	0.5035312581742087	3822	1	11-20	0.8074066693839349
ENSMUSG00000027722.15:B1	label_permutation	0.5211282611618282	0.7372184483375045	2796	7	>20	0.9158081887293418
ENSMUSG00000028282.13:B1	label_permutation	6.0275989992264e-119	0.005179013735645125	4440	3	>20	0.5304436768848043
ENSMUSG00000028833.14:B1	label_permutation	1.4838901689130345e-05	0.30066921606118546	2091	9	>20	0.7312210148870131
ENSMUSG00000029227.16:B1	label_permutation	2.6214728592702784e-33	0.019979730707977414	6906	5	>20	0.5304436768848043
ENSMUSG00000029752.13:B1	label_permutation	0.994256163887494	0.9345692475463467	3667	2	11-20	0.9953839940342882
ENSMUSG00000030330.16:B1	label_permutation	0.8409569684922975	0.7554604818734519	4440	3	>20	0.9233863203939469
ENSMUSG00000031137.18:B1	label_permutation	0.7084248708470459	0.5125	799	2	1-5	0.8105527269044539
ENSMUSG00000031732.13:B1	label_permutation	0.394116307323108	0.6139500186497575	5361	6	>20	0.8592487613856605
ENSMUSG00000032198.10:B1	label_permutation	1.0	1.0	799	2	1-5	1.0
ENSMUSG00000032563.17:B1	label_permutation	0.3075199391587726	0.27648443630656555	3822	1	11-20	0.724480368316683
ENSMUSG00000033389.17:B1	label_permutation	0.996844345741249	0.941897233201581	2529	3	11-20	0.9993598688520913
ENSMUSG00000034164.18:B1	label_permutation	0.0083245354397942	0.10929368029739776	1344	2	6-10	0.6716996336354654
ENSMUSG00000034902.18:B1	label_permutation	0.0016337849112621	0.21596419246549795	5361	6	>20	0.7091982855276581
ENSMUSG00000035835.15:B1	label_permutation	0.8079308902867166	0.6651844101490976	3822	1	11-20	0.8775896643160838
ENSMUSG00000036686.17:B1	label_permutation	0.573693370911236	0.44609665427509293	1344	2	6-10	0.787950087522443
ENSMUSG00000037519.18:B1	label_permutation	0.0108428201812345	0.16550326503039856	4440	3	>20	0.6847722369731165
ENSMUSG00000038244.15:B1	label_permutation	2.020927866766504e-43	0.15151515151515152	32	28	>20	0.6815265103828622
ENSMUSG00000038828.14:B1	label_permutation	0.192475173973541	0.3339920948616601	2529	3	11-20	0.7421987107888608
ENSMUSG00000039703.17:B1	label_permutation	6.686664583583777e-29	0.021854191565647944	5856	4	>20	0.5304436768848043
ENSMUSG00000040543.17:B1	label_permutation	1.0	1.0	5361	6	>20	1.0
ENSMUSG00000041420.19:B1	label_permutation	0.5352695718422977	0.5221343873517786	2529	3	11-20	0.8138069195881308
ENSMUSG00000042508.17:B1	label_permutation	0.4332427004093099	0.3850379283285378	3822	1	11-20	0.7631707880514113
ENSMUSG00000044628.6:B1	label_permutation	1.0	1.0	1774	1	1-5	1.0
ENSMUSG00000047414.7:B1	label_permutation	0.1940365673580547	0.29653505237711525	1240	1	>20	0.7277459433406522
ENSMUSG00000049807.17:B1	label_permutation	0.0002222688217466	0.37349014621741894	3145	10	>20	0.7605406188729243
ENSMUSG00000052516.20:B1	label_permutation	0.0321873630412313	0.2566961054003185	6906	5	>20	0.7175608933892629
ENSMUSG00000054728.18:B1	label_permutation	3.336279529812485e-17	0.5263157894736842	702	24	>20	0.8148719459982858
ENSMUSG00000056763.17:B1	label_permutation	9.892849484161477e-08	0.3592090809227389	2730	12	>20	0.7540440618427044
ENSMUSG00000058881.14:B1	label_permutation	0.6918502502111051	0.49875	799	2	1-5	0.8048246980763529
ENSMUSG00000061288.14:B1	label_permutation	2.26070164380639e-16	0.2273892347125595	2730	12	>20	0.7091982855276581
ENSMUSG00000063550.9:B1	label_permutation	0.9332957502389287	0.8197674418604651	2235	1	6-10	0.9490161893805502
ENSMUSG00000068748.8:B1	label_permutation	2.6277976811568968e-05	0.13203995946141595	6906	5	>20	0.6716996336354654
ENSMUSG00000073563.4:B1	label_permutation	0.9684490156926608	0.8689510855349202	3822	1	11-20	0.969617080127928
ENSMUSG00000085437.9:B1	label_permutation	0.1496614809864419	0.1804865289040021	3822	1	11-20	0.6917315104013201
ENSMUSG00000093930.3:B1	label_permutation	0.1202273764456077	0.30305617210175856	5856	4	>20	0.7318810953112224
ENSMUSG00000114704.2:B1	label_permutation	0.6001420384158784	0.5487510072522159	1240	1	>20	0.8263670006561997
ENSMUSG00000008496.20:B1	label_permutation	0.1516457040657016	0.4576650503543454	5361	6	>20	0.7912910652813838
ENSMUSG00000008496.20:B2	label_permutation	0.1560693936221883	0.4623274897426333	5361	6	>20	0.7913805776931528
ENSMUSG00000008496.20:B3	label_permutation	0.0249515095855897	0.18824589056518803	4440	3	>20	0.695247351814289
ENSMUSG00000008496.20:B4	label_permutation	1.686308371188708e-130	0.05962933118452861	1240	1	>20	0.6349169789338434
ENSMUSG00000045098.20:B2	label_permutation	0.0063602729226565	0.46408137317228226	3145	10	>20	0.791460707496781
ENSMUSG00000045098.20:B3	label_permutation	0.1675412783130305	0.38526132908643407	6906	5	>20	0.7631707880514113
ENSMUSG00000019082.19:B1	label_permutation	1.3299793126305249e-27	0.08868404322949777	3145	10	>20	0.6716996336354654
ENSMUSG00000019082.19:B2	label_permutation	0.0022379151630361	0.1772115245403214	6906	5	>20	0.6907662883605332
ENSMUSG00000019082.19:B3	label_permutation	5.3800804100535344e-06	0.12262921673664398	6906	5	>20	0.6716996336354654
ENSMUSG00000025026.16:B3	label_permutation	0.1478805866226996	0.3700593600694947	6906	5	>20	0.7605406188729243
ENSMUSG00000025026.16:B4	label_permutation	0.2182517497736786	0.717418944691672	3145	10	>20	0.9033618682732542
ENSMUSG00000029992.15:B2	label_permutation	0.7844007655017143	0.6966023561550282	5856	4	>20	0.8923845813294384
ENSMUSG00000029992.15:B3	label_permutation	0.9589170549297832	0.8710004343419719	6906	5	>20	0.9702529664579017
ENSMUSG00000037624.16:B2	label_permutation	0.3480491622674375	0.24450704225352113	1774	1	1-5	0.7122255230009176
ENSMUSG00000058740.15:B1	label_permutation	0.0096101883866613	0.4306883365200765	2091	9	>20	0.7803995295754584
ENSMUSG00000058740.15:B2	label_permutation	0.0028970558887826	0.13758162575996397	4440	3	>20	0.6737987860703265
ENSMUSG00000058740.15:B4	label_permutation	0.0629415439932261	0.3756061171204774	5361	6	>20	0.7615655885764041
ENSMUSG00000008153.13:B1	label_permutation	0.005740303150074	0.8073394495412844	435	15	>20	0.9432709920726544
ENSMUSG00000008153.13:B2	label_permutation	0.3010212140537967	0.7523839796567069	3145	10	>20	0.9228562254653174
ENSMUSG00000020454.18:B1	label_permutation	1.0463479312450017e-21	0.1179275270184361	3145	10	>20	0.6716996336354654
ENSMUSG00000020454.18:B3	label_permutation	1.0	1.0	6906	5	>20	1.0
ENSMUSG00000022961.19:B1	label_permutation	9.258903069209252e-38	0.19914651493598862	702	24	>20	0.6994035248150303
ENSMUSG00000022961.19:B3	label_permutation	3.688803587537267e-71	0.025	79	36	>20	0.5483423779172124
ENSMUSG00000026853.16:B1	label_permutation	6.19192648698875e-08	0.08391608391608392	428	4	6-10	0.663916813916385
ENSMUSG00000026853.16:B2	label_permutation	0.8716392299354292	0.7508178844056707	3667	2	11-20	0.9228562254653174
ENSMUSG00000029055.18:B1	label_permutation	1.1164950098802329e-06	0.2873490146217419	3145	10	>20	0.7267803830666978
ENSMUSG00000029055.18:B2	label_permutation	0.0002096808902392	0.6995412844036697	435	15	>20	0.8932318106183805
ENSMUSG00000031543.19:B2	label_permutation	1.0	1.0	306	9	11-20	1.0
ENSMUSG00000034928.17:B1	label_permutation	0.0032949782826201	0.5114942528735632	521	10	11-20	0.8105527269044539
ENSMUSG00000034928.17:B2	label_permutation	0.1997222570866212	0.4065440857101491	6906	5	>20	0.7726231734779496
ENSMUSG00000040035.15:B1	label_permutation	1.6022276795408152e-19	0.1933357744415965	2730	12	>20	0.6977932517214355
ENSMUSG00000040035.15:B2	label_permutation	0.0206947306251888	0.3073480044759418	5361	6	>20	0.7329591912450679
ENSMUSG00000045348.17:B1	label_permutation	6.678395919301427e-19	0.1559681697612732	3769	8	>20	0.6847722369731165
ENSMUSG00000045348.17:B2	label_permutation	0.57799577137945	0.5540379033634967	5856	4	>20	0.8296596150748978
ENSMUSG00000056724.16:B1	label_permutation	0.9260710600920676	0.6445070422535212	1774	1	1-5	0.8685239541374944
ENSMUSG00000056724.16:B3	label_permutation	1.0	1.0	1774	1	1-5	1.0
ENSMUSG00000090112.9:B1	label_permutation	0.9567522264616528	0.8867372213465435	4440	3	>20	0.9754015534112878
ENSMUSG00000090112.9:B2	label_permutation	0.0220573229794238	0.30958597538232	5361	6	>20	0.7329591912450679
ENSMUSG00000001891.17:B1	label_permutation	0.1590810557520001	0.17859154929577464	1774	1	1-5	0.6907662883605332
ENSMUSG00000004267.17:B1	label_permutation	0.1293061748422231	0.5687002652519894	3769	8	>20	0.8339078726096981
ENSMUSG00000006586.16:B1	label_permutation	0.0001012564491211	0.46942511900402784	2730	12	>20	0.7926722340846395
ENSMUSG00000016918.16:B1	label_permutation	1.2491273562724528e-13	0.18408488063660478	3769	8	>20	0.6917315104013201
ENSMUSG00000019478.18:B1	label_permutation	9.694043641531833e-34	0.01639064367423596	5856	4	>20	0.5304436768848043
ENSMUSG00000020256.15:B1	label_permutation	0.095579890013009	0.16125	799	2	1-5	0.6847722369731165
ENSMUSG00000020668.11:B1	label_permutation	2.5751055209775325e-104	0.0014478065730418417	6906	5	>20	0.5304436768848043
ENSMUSG00000021134.18:B1	label_permutation	0.1037539031281976	0.29247054806214784	5856	4	>20	0.7277459433406522
ENSMUSG00000021710.12:B1	label_permutation	0.0009621558830282	0.16403648472564064	6906	5	>20	0.6847722369731165
ENSMUSG00000022307.17:B1	label_permutation	9.3561208225476e-28	0.35266821345707655	430	20	>20	0.7531757609623525
ENSMUSG00000022766.15:B1	label_permutation	0.147486374054928	0.2918261652780905	4440	3	>20	0.7277459433406522
ENSMUSG00000023977.16:B1	label_permutation	1.9361038005566208e-21	0.14372542009295675	2796	7	>20	0.6753453621929444
ENSMUSG00000024513.17:B1	label_permutation	0.792030967569107	0.7015536964316202	5856	4	>20	0.8944033931467131
ENSMUSG00000025019.18:B1	label_permutation	6.309777671264289e-19	0.5127610208816705	430	20	>20	0.8105527269044539
ENSMUSG00000025558.20:B1	label_permutation	0.9341822012087672	0.9500953591862683	3145	10	>20	1.0
ENSMUSG00000026721.17:B1	label_permutation	1.1320793726765013e-17	0.16286472148541115	3769	8	>20	0.6847722369731165
ENSMUSG00000027198.17:B1	label_permutation	0.2631565716984476	0.25189641642688987	3822	1	11-20	0.7171695561595525
ENSMUSG00000027742.14:B1	label_permutation	0.0024320711703776	0.13397883359603693	4440	3	>20	0.6716996336354654
ENSMUSG00000028309.15:B1	label_permutation	2.265115995435085e-07	0.26195028680688337	2091	9	>20	0.7175608933892629
ENSMUSG00000028849.18:B1	label_permutation	0.0111737656186148	0.49586776859504134	3145	10	>20	0.8037050300513626
ENSMUSG00000029238.12:B1	label_permutation	0.0001353315652136	0.17717269675494218	5361	6	>20	0.6907662883605332
ENSMUSG00000029754.14:B1	label_permutation	0.0015257149600559	0.09347048300536673	2235	1	6-10	0.6716996336354654
ENSMUSG00000030374.16:B1	label_permutation	0.8624335746288182	0.7902128275662371	6906	5	>20	0.938121019074988
ENSMUSG00000031153.17:B1	label_permutation	0.6360703380498873	0.7851269217018234	2796	7	>20	0.9361850910645978
ENSMUSG00000031748.17:B1	label_permutation	2.4790186883872416e-21	0.507177033492823	208	22	>20	0.8090451962935411
ENSMUSG00000032199.14:B1	label_permutation	1.1155484145759674e-12	0.11815068493150685	583	8	11-20	0.6716996336354654
ENSMUSG00000032564.17:B1	label_permutation	4.667607103130319e-12	0.060424354243542436	2167	4	11-20	0.6349169789338434
ENSMUSG00000033392.17:B1	label_permutation	2.233515190544708e-28	0.34708392603129445	702	24	>20	0.7472963416998167
ENSMUSG00000034218.17:B1	label_permutation	0.051270830309099	0.28217750108585493	6906	5	>20	0.7246986373555707
ENSMUSG00000034912.19:B1	label_permutation	1.0	1.0	44	12	1-5	1.0
ENSMUSG00000035851.15:B1	label_permutation	0.1988318145947211	0.405675401766324	6906	5	>20	0.7726084582875619
ENSMUSG00000036707.17:B1	label_permutation	0.0035871774566277	0.23685192092502796	5361	6	>20	0.7091982855276581
ENSMUSG00000037533.21:B1	label_permutation	0.0018903783466277	0.21801566579634465	5361	6	>20	0.7091982855276581
ENSMUSG00000038256.16:B1	label_permutation	0.4276951012733251	0.5565777368905244	1086	5	11-20	0.8300407188331657
ENSMUSG00000038831.17:B1	label_permutation	0.8410039098352995	0.7748660778919936	6906	5	>20	0.9313753258776789
ENSMUSG00000039704.9:B1	label_permutation	0.5457308455629113	0.5364521085880143	5856	4	>20	0.8201228658379627
ENSMUSG00000040548.17:B1	label_permutation	4.7279542462255256e-05	0.2606363961387201	2796	7	>20	0.7175608933892629
ENSMUSG00000041426.13:B1	label_permutation	0.7704087324342891	0.6848215810141711	5856	4	>20	0.8863198373552182
ENSMUSG00000042520.17:B1	label_permutation	0.235749413193473	0.429998552193427	6906	5	>20	0.7803995295754584
ENSMUSG00000044647.17:B1	label_permutation	0.0081683027404339	0.6085682900036616	2730	12	>20	0.8560018549361849
ENSMUSG00000047454.13:B1	label_permutation	0.0611353590407682	0.2572989585111832	5856	4	>20	0.7175608933892629
ENSMUSG00000049878.14:B1	label_permutation	0.0001470204638616	0.33413001912045887	2091	9	>20	0.7421987107888608
ENSMUSG00000054752.17:B1	label_permutation	4.154727626262735e-35	0.01536622844459621	5856	4	>20	0.5304436768848043
ENSMUSG00000056812.15:B1	label_permutation	0.2632813512699959	0.39457059928290933	5856	4	>20	0.7659655217138764
ENSMUSG00000058886.10:B1	label_permutation	0.3008927470518465	0.3845980634992119	4440	3	>20	0.7631707880514113
ENSMUSG00000061313.11:B1	label_permutation	5.410813114269828e-38	0.04111548087236325	2796	7	>20	0.5693986502293021
ENSMUSG00000063663.12:B1	label_permutation	8.101984477299386e-13	0.08078760677573477	6906	5	>20	0.6634744498321522
ENSMUSG00000068882.14:B1	label_permutation	0.3291274146054626	0.48125090487910815	6906	5	>20	0.7962289123128902
ENSMUSG00000073725.9:B1	label_permutation	2.583982867364226e-12	0.06061123442035172	5856	4	>20	0.6349169789338434
ENSMUSG00000085568.8:B1	label_permutation	0.8933246022645165	0.7857264811336861	5856	4	>20	0.9364639236732261
ENSMUSG00000096054.4:B1	label_permutation	1.5662651277704922e-12	0.6557610241820768	702	24	>20	0.8729493357351947
ENSMUSG00000115186.2:B1	label_permutation	0.0231494660492858	0.39721129781909187	2796	7	>20	0.7663744371387409
ENSMUSG00000021843.18:B1	wild_cluster	7.19584625061668e-38	0.024286095543101148	3746	8	>20	0.4062768507212951
ENSMUSG00000021843.18:B2	wild_cluster	0.0001359632172272	0.20816653322658127	3746	8	>20	0.5882245182474101
ENSMUSG00000021843.18:B3	wild_cluster	7.1903024119308e-38	0.024286095543101148	3746	8	>20	0.4062768507212951
ENSMUSG00000021843.18:B4	wild_cluster	0.0001359607986261	0.20816653322658127	3746	8	>20	0.5882245182474101
ENSMUSG00000021843.18:B5	wild_cluster	1.473900468267886e-36	0.02642113690952762	3746	8	>20	0.4135401864624129
ENSMUSG00000021843.18:B6	wild_cluster	2.90394826219484e-07	0.5418326693227091	752	16	>20	0.7969588574320922
ENSMUSG00000002279.20:B1	wild_cluster	0.0333713587800326	0.28109220123433704	5346	6	>20	0.639749446682312
ENSMUSG00000002279.20:B2	wild_cluster	0.0747646462804329	0.19548047389205792	4557	3	>20	0.5769371147983733
ENSMUSG00000002279.20:B3	wild_cluster	0.8917317843765704	0.7920140412461606	4557	3	>20	0.9346886506019608
ENSMUSG00000020882.18:B1	wild_cluster	0.0555831747344324	0.2403846153846154	6759	5	>20	0.6099503589996492
ENSMUSG00000020882.18:B2	wild_cluster	0.0746696749484609	0.25961538461538464	6759	5	>20	0.6221667619436505
ENSMUSG00000020882.18:B3	wild_cluster	3.1541154359557134e-05	0.2600896860986547	3121	10	>20	0.6224415929436105
ENSMUSG00000026566.16:B1	wild_cluster	0.0429239024823192	0.8584905660377359	211	15	11-20	0.9619205843455998
ENSMUSG00000026566.16:B2	wild_cluster	0.9692260437391496	0.8654970760233918	512	10	11-20	0.9659514374231316
ENSMUSG00000026566.16:B3	wild_cluster	0.8588336486018239	0.8323586744639376	512	10	11-20	0.950268718262156
ENSMUSG00000031154.16:B1	wild_cluster	0.9925079978504016	0.9844020797227037	576	8	11-20	1.0
ENSMUSG00000031154.16:B2	wild_cluster	0.9792002085494764	0.9097639981490051	2160	4	11-20	0.986781796505627
ENSMUSG00000031154.16:B5	wild_cluster	0.9332766636354708	0.8329477093937991	2160	4	11-20	0.950268718262156
ENSMUSG00000040003.19:B1	wild_cluster	6.408050241200225e-12	0.41003671970624234	816	18	>20	0.7211054582229988
ENSMUSG00000040003.19:B2	wild_cluster	2.030041794662396e-10	0.4602203182374541	816	18	>20	0.7503846350354423
ENSMUSG00000040003.19:B3	wild_cluster	8.647620216547393e-34	0.2620689655172414	144	27	>20	0.6238525613082021
ENSMUSG00000061904.13:B1	wild_cluster	0.7296460717614162	0.7282850779510023	448	4	6-10	0.9008265208451066
ENSMUSG00000061904.13:B2	wild_cluster	0.996414261307427	0.919911829537105	1360	2	6-10	0.9911834824371974
ENSMUSG00000061904.13:B3	wild_cluster	0.6106286230078952	0.432035268185158	1360	2	6-10	0.7323405376180112
ENSMUSG00000015090.14:B1	wild_cluster	1.1164514877534505e-13	0.06042884990253411	512	10	11-20	0.4608847075722556
ENSMUSG00000015090.14:B2	wild_cluster	0.0884522238590114	0.3034605146406389	1126	5	11-20	0.6537863941322541
ENSMUSG00000021720.12:B1	wild_cluster	2.759972675490068e-05	0.37220566318926973	2683	12	>20	0.6986773710662167
ENSMUSG00000021720.12:B2	wild_cluster	0.5461233060974953	0.5261476374642677	5946	4	>20	0.7870313644653648
ENSMUSG00000024789.14:B1	wild_cluster	0.2211101339342666	0.3350300786672837	2160	4	11-20	0.6787082352280288
ENSMUSG00000024789.14:B2	wild_cluster	0.0937312630740567	0.15816326530612246	3723	2	11-20	0.5546209115964887
ENSMUSG00000027985.15:B1	wild_cluster	6.397730037467763e-14	0.031188314251875248	2532	3	11-20	0.4135401864624129
ENSMUSG00000027985.15:B2	wild_cluster	0.5889656337437763	0.5794143744454303	1126	5	11-20	0.8257229632337099
ENSMUSG00000032503.19:B1	wild_cluster	1.0	1.0	112	40	>20	1.0
ENSMUSG00000032503.19:B2	wild_cluster	4.398905403495968e-51	0.2978723404255319	93	32	>20	0.6507365107036354
ENSMUSG00000037703.15:B1	wild_cluster	4.5349982238025053e-29	0.017205909855994014	5346	6	>20	0.4062768507212951
ENSMUSG00000037703.15:B2	wild_cluster	1.0	1.0	5346	6	>20	1.0
ENSMUSG00000041540.17:B2	wild_cluster	0.7597881319321184	0.6820049301561216	1216	1	>20	0.8775611991582064
ENSMUSG00000050530.15:B1	wild_cluster	0.0034159416228114	0.37954939341421146	576	8	11-20	0.7051016853666824
ENSMUSG00000050530.15:B2	wild_cluster	0.3869722445401319	0.4396112910689496	2160	4	11-20	0.7373913067519499
ENSMUSG00000063077.16:B2	wild_cluster	3.920729507785288e-12	0.18964232488822652	2683	12	>20	0.5714446744492566
ENSMUSG00000000384.16:B1	wild_cluster	0.0016459398840009	0.08032128514056225	2240	1	6-10	0.47174467816973154
ENSMUSG00000001558.6:B1	wild_cluster	0.0003112604951673	0.08320042530568847	3761	1	11-20	0.47174467816973154
ENSMUSG00000003865.17:B1	wild_cluster	0.9169365926022296	0.8157086441421676	4557	3	>20	0.9446154239460214
ENSMUSG00000006262.16:B1	wild_cluster	0.0349666980965984	0.16564282580078982	4557	3	>20	0.5568066738432305
ENSMUSG00000010086.18:B3	wild_cluster	2.444625587997775e-13	0.14093959731543623	2830	7	>20	0.5333619807421563
ENSMUSG00000015837.16:B1	wild_cluster	0.6208322513497043	0.6217455621301775	6759	5	>20	0.8465844937108241
ENSMUSG00000018820.14:B1	wild_cluster	7.323167347450872e-05	0.08490566037735849	4557	3	>20	0.4738137058020693
ENSMUSG00000020173.18:B1	wild_cluster	0.9981036319644448	0.9466958130149655	5946	4	>20	1.0
ENSMUSG00000020608.8:B1	wild_cluster	1.0	1.0	5946	4	>20	1.0
ENSMUSG00000021061.16:B1	wild_cluster	0.0062514841977865	0.3062522077004592	2830	7	>20	0.6572789856619506
ENSMUSG00000021596.18:B1	wild_cluster	0.2861483927458698	0.2583668005354752	2240	1	6-10	0.6212974668122884
ENSMUSG00000022208.13:B1	wild_cluster	0.1227343131639613	0.5025353616226315	3746	8	>20	0.7733432149396576
ENSMUSG00000023805.18:B1	wild_cluster	0.8989758579840406	0.8089015924867293	2448	2	>20	0.9415874458280352
ENSMUSG00000024421.17:B1	wild_cluster	0.32229893306337	0.2509760178471835	1792	1	1-5	0.6157545447481213
ENSMUSG00000024924.15:B2	wild_cluster	0.511820997503718	0.5017655960988734	5946	4	>20	0.7727421445095009
ENSMUSG00000025413.14:B1	wild_cluster	0.8072444244682898	0.7186606778276847	2448	2	>20	0.8954850942585187
ENSMUSG00000026113.18:B1	wild_cluster	1.3133853687615425e-30	0.06928406466512702	432	15	>20	0.46225881142269104
ENSMUSG00000026600.13:B1	wild_cluster	0.977840302476207	0.891120035698349	2240	1	6-10	0.9767247315335968
ENSMUSG00000027002.14:B1	wild_cluster	0.631680741224329	0.716289508135403	5346	6	>20	0.8937163918800626
ENSMUSG00000027652.16:B1	wild_cluster	0.1989463417557131	0.3670118343195266	6759	5	>20	0.6954307475137422
ENSMUSG00000028165.10:B1	wild_cluster	0.7748233189996949	0.6706888986397542	4557	3	>20	0.8720268889969552
ENSMUSG00000028785.14:B1	wild_cluster	9.630745210603836e-28	0.3375886524822695	704	24	>20	0.6800216264351366
ENSMUSG00000029168.15:B1	wild_cluster	0.2074043585603187	0.20720058780308598	1360	2	6-10	0.5882245182474101
ENSMUSG00000029676.16:B1	wild_cluster	1.23923735533577e-07	0.06726080376660501	5946	4	>20	0.46225881142269104
ENSMUSG00000030268.18:B1	wild_cluster	0.7250129717692531	0.4924707194645845	1792	1	1-5	0.7689184816944433
ENSMUSG00000030982.20:B1	wild_cluster	0.6489844528345486	0.5908256880733945	544	3	6-10	0.8324934099202285
ENSMUSG00000031644.20:B4	wild_cluster	7.375342878547528e-05	0.09636586361780318	2448	2	>20	0.4808925487948958
ENSMUSG00000032116.19:B1	wild_cluster	1.931140027923803e-115	0.009653356735410267	4557	3	>20	0.4062768507212951
ENSMUSG00000032531.16:B1	wild_cluster	0.5642554168233674	0.39375348577802566	1792	1	1-5	0.7137775052925307
ENSMUSG00000033237.20:B1	wild_cluster	2.3361953371322704e-18	0.020414201183431954	6759	5	>20	0.4062768507212951
ENSMUSG00000034059.15:B1	wild_cluster	0.8881387672995886	0.7946100449162924	2448	2	>20	0.9348266603157711
ENSMUSG00000034832.16:B1	wild_cluster	0.0001605943908938	0.21110221510541766	3746	8	>20	0.5882575373781241
ENSMUSG00000035649.18:B1	wild_cluster	0.2948777821256703	0.6175607152388578	3746	8	>20	0.8461081711082518
ENSMUSG00000036565.8:B1	wild_cluster	0.0512906779446518	0.318122311576585	5346	6	>20	0.6696410223516178
ENSMUSG00000037386.17:B1	wild_cluster	1.5841238223822956e-10	0.21609538002980627	2683	12	>20	0.5893176173056948
ENSMUSG00000038145.18:B1	wild_cluster	0.9999997753797438	0.9682091133874956	2830	7	>20	1.0
ENSMUSG00000039579.16:B1	wild_cluster	1.0	1.0	2128	9	>20	1.0
ENSMUSG00000040452.10:B1	wild_cluster	0.9937079063494596	0.9638455217748562	1216	1	>20	1.0
ENSMUSG00000041268.18:B1	wild_cluster	2.5146133917614712e-05	0.30201972757162987	2128	9	>20	0.6537863941322541
ENSMUSG00000042359.19:B2	wild_cluster	0.0028421730725324	0.12375987893055322	5946	4	>20	0.5106377886801484
ENSMUSG00000046982.12:B1	wild_cluster	0.9058074203649156	0.8014124768790987	5946	4	>20	0.9376823398352111
ENSMUSG00000049411.16:B1	wild_cluster	0.7677120226622197	0.6660816147433085	4557	3	>20	0.8702896444831928
ENSMUSG00000052248.18:B1	wild_cluster	0.080650900484741	0.15127175368139223	2240	1	6-10	0.5457933474191276
ENSMUSG00000054391.13:B1	wild_cluster	4.367252049301692e-34	0.028521281263712155	4557	3	>20	0.4135401864624129
ENSMUSG00000056492.7:B1	wild_cluster	0.4783569261106314	0.3279419966536531	1792	1	1-5	0.6758294761622402
ENSMUSG00000060780.3:B1	wild_cluster	0.1346098664431697	0.18689581095596133	3723	2	11-20	0.5693254400567805
ENSMUSG00000063142.16:B1	wild_cluster	8.710353505069411e-44	0.034528552456839307	752	16	>20	0.42154010255574076
ENSMUSG00000068151.9:B1	wild_cluster	0.1091163331973382	0.3953618851692538	5346	6	>20	0.715533812825331
ENSMUSG00000071856.11:B1	wild_cluster	0.841164766149347	0.6852737905369485	3761	1	11-20	0.8781111384326008
ENSMUSG00000090255.8:B1	wild_cluster	0.9440234017451556	0.8607594936708861	2448	2	>20	0.9632614961558595
ENSMUSG00000111375.6:B1	wild_cluster	1.1306323007463484e-15	0.15052160953800298	2683	12	>20	0.5446521643846058
ENSMUSG00000005899.15:B1	wild_cluster	2.0781659505550792e-16	0.20863309352517986	416	12	11-20	0.5882245182474101
ENSMUSG00000005899.15:B2	wild_cluster	0.019635196999781	0.25004675518982605	5346	6	>20	0.6157545447481213
ENSMUSG00000005899.15:B3	wild_cluster	0.0069053308107292	0.12724879333040806	4557	3	>20	0.5147765723648514
ENSMUSG00000005899.15:B4	wild_cluster	0.9088123952347226	0.8767533196184777	5346	6	>20	0.970999978236243
ENSMUSG00000005899.15:B5	wild_cluster	0.1340864023339213	0.24089512944273805	4557	3	>20	0.6099503589996492
ENSMUSG00000005899.15:B6	wild_cluster	0.1030398579865472	0.7165109034267912	320	9	11-20	0.8937163918800626
ENSMUSG00000000223.14:B1	wild_cluster	0.0655133134844114	0.36122284794851167	1242	6	11-20	0.6921417565485363
ENSMUSG00000000223.14:B2	wild_cluster	0.0407524108465496	0.1709082931110136	4557	3	>20	0.5582700482166111
ENSMUSG00000000223.14:B3	wild_cluster	0.7019722510267133	0.6094778411584028	4557	3	>20	0.841387722762265
ENSMUSG00000016664.17:B2	wild_cluster	0.8513799163314935	0.7285177228786252	3723	2	11-20	0.9008265208451066
ENSMUSG00000016664.17:B3	wild_cluster	0.7224754151919803	0.6335030078667284	2160	4	11-20	0.8518464419731995
ENSMUSG00000024112.17:B1	wild_cluster	0.0101766049769068	0.161094674556213	6759	5	>20	0.5555320725532211
ENSMUSG00000024112.17:B2	wild_cluster	0.84026971760355	0.7313064913722268	1216	1	>20	0.9014626714761982
ENSMUSG00000024112.17:B3	wild_cluster	2.320610730396223e-07	0.19538757206918642	3121	10	>20	0.5769371147983733
ENSMUSG00000029095.18:B1	wild_cluster	2.614401882375316e-06	0.16493194555644516	3746	8	>20	0.5568066738432305
ENSMUSG00000029095.18:B2	wild_cluster	4.040500221048813e-17	0.03716159408104927	5946	4	>20	0.42154010255574076
ENSMUSG00000029095.18:B3	wild_cluster	3.8826946045330375e-21	0.11065573770491803	2683	12	>20	0.48680301057545317
ENSMUSG00000036591.17:B1	wild_cluster	4.465876285926741e-42	0.06474820143884892	416	20	>20	0.4608847075722556
ENSMUSG00000036591.17:B2	wild_cluster	3.128563948174139e-45	0.010249839846252402	3121	10	>20	0.4062768507212951
ENSMUSG00000036591.17:B4	wild_cluster	0.0001091992023762	0.2863549007046765	3121	10	>20	0.6422066926298569
ENSMUSG00000052572.20:B1	wild_cluster	6.348246692144323e-33	0.2397163120567376	704	24	>20	0.6093976648324083
ENSMUSG00000052572.20:B2	wild_cluster	3.2727144008892373e-19	0.22709163346613545	752	16	>20	0.600577863032669
ENSMUSG00000052572.20:B3	wild_cluster	0.0375897011244339	0.8738379814077025	752	16	>20	0.9701068269208412
ENSMUSG00000004207.15:B1	wild_cluster	5.825062863843873e-46	0.009609224855861628	3121	10	>20	0.4062768507212951
ENSMUSG00000004207.15:B2	wild_cluster	4.2305101008659676e-39	0.0815347721822542	416	20	>20	0.47174467816973154
ENSMUSG00000019971.11:B1	wild_cluster	1.3263205569161661e-45	0.016909347111319868	2128	9	>20	0.4062768507212951
ENSMUSG00000019971.11:B2	wild_cluster	1.1320319054859513e-45	0.016909347111319868	2128	9	>20	0.4062768507212951
ENSMUSG00000022623.18:B1	wild_cluster	2.1770660385679045e-36	0.35294117647058826	16	23	>20	0.689309462915601
ENSMUSG00000022623.18:B2	wild_cluster	8.568519976833262e-05	0.3873144399460189	740	11	>20	0.7121754058238149
ENSMUSG00000026322.10:B1	wild_cluster	0.7254858182497295	0.6465444762064907	5946	4	>20	0.8584075867682225
ENSMUSG00000028677.20:B1	wild_cluster	0.02380720529679	0.16844053678852383	2160	4	11-20	0.5582062116269537
ENSMUSG00000028677.20:B2	wild_cluster	0.0174503960567423	0.10177228786251342	3723	2	11-20	0.4808925487948958
ENSMUSG00000031169.14:B1	wild_cluster	6.307180038039706e-12	0.034371643394199784	3723	2	11-20	0.42154010255574076
ENSMUSG00000031169.14:B2	wild_cluster	7.328088150891246e-07	0.10539018503620273	1242	6	11-20	0.4839858077279346
ENSMUSG00000034088.16:B1	wild_cluster	0.0149836564772501	0.45932094811018576	3121	10	>20	0.7499622094925242
ENSMUSG00000034088.16:B2	wild_cluster	0.8308649917360583	0.7671597633136095	6759	5	>20	0.9206736993867843
ENSMUSG00000042807.16:B1	wild_cluster	4.093956602707128e-05	0.08525306877417185	5946	4	>20	0.47410638896707014
ENSMUSG00000042807.16:B2	wild_cluster	5.696763939380783e-15	0.0974112623432079	3746	8	>20	0.4808925487948958
ENSMUSG00000075415.14:B1	wild_cluster	0.0685604153200044	0.34598840471292314	5346	6	>20	0.6860732506491121
ENSMUSG00000075415.14:B2	wild_cluster	3.239486823015172e-47	0.06382978723404255	704	24	>20	0.4608847075722556
ENSMUSG00000001627.13:B1	wild_cluster	0.9925273780570923	0.9457682826622843	1216	1	>20	1.0
ENSMUSG00000003948.18:B1	wild_cluster	0.0006980021042997	0.11879531511433351	1792	1	1-5	0.5022671851566346
ENSMUSG00000006276.11:B1	wild_cluster	4.628662141941355e-37	0.05260685767966181	2128	9	>20	0.44899839971852634
ENSMUSG00000010095.14:B1	wild_cluster	4.815529237040399e-07	0.05290227773695812	1360	2	6-10	0.44899839971852634
ENSMUSG00000015850.12:B1	wild_cluster	0.8980521569362535	0.7706381079875055	2240	1	6-10	0.9223837945856315
ENSMUSG00000018865.10:B1	wild_cluster	0.0175312360309655	0.1042242400315831	2532	3	11-20	0.4837151034996375
ENSMUSG00000020176.18:B1	wild_cluster	0.8628959042268435	0.7264614011601963	2240	1	6-10	0.9007078702764565
ENSMUSG00000020612.17:B1	wild_cluster	0.0030965034662669	0.13032544378698224	6759	5	>20	0.5167007003452112
ENSMUSG00000021071.18:B1	wild_cluster	2.8359191306311567e-51	0.04397163120567376	704	24	>20	0.4370964032340817
ENSMUSG00000021669.16:B2	wild_cluster	0.8459357870667665	0.7090406632451638	2532	3	11-20	0.8890766823857237
ENSMUSG00000022237.18:B1	wild_cluster	0.0077951375427343	0.21077239573592668	5346	6	>20	0.5882245182474101
ENSMUSG00000022661.15:B1	wild_cluster	0.9253884847224368	0.8203544575725027	3723	2	11-20	0.94637079325868
ENSMUSG00000024425.5:B1	wild_cluster	0.0995246104222457	0.28431952662721893	6759	5	>20	0.639749446682312
ENSMUSG00000024941.10:B1	wild_cluster	7.792861612538339e-19	0.022556390977443608	3723	2	11-20	0.4062768507212951
ENSMUSG00000025422.11:B1	wild_cluster	8.659585249680694e-43	0.02496274217585693	2683	12	>20	0.40775504674163393
ENSMUSG00000026116.12:B1	wild_cluster	0.9999999723442282	0.9657116016909347	2128	9	>20	1.0
ENSMUSG00000026604.18:B1	wild_cluster	0.8256777530061055	0.7040816326530612	3723	2	11-20	0.8867992710590356
ENSMUSG00000027007.17:B1	wild_cluster	0.9109790279642624	0.800483351235231	3723	2	11-20	0.9376823398352111
ENSMUSG00000027655.15:B1	wild_cluster	0.0478062372340365	0.201446107280982	5946	4	>20	0.5837738123168504
ENSMUSG00000028176.14:B1	wild_cluster	1.0	1.0	3746	8	>20	1.0
ENSMUSG00000028788.15:B1	wild_cluster	0.0119441395758783	0.18012422360248448	1126	5	11-20	0.5664729888945136
ENSMUSG00000029169.12:B1	wild_cluster	0.1313643546092343	0.27038843114175215	5946	4	>20	0.6291170821170656
ENSMUSG00000029684.15:B1	wild_cluster	8.067314908434419e-47	0.012716354645001766	2830	7	>20	0.4062768507212951
ENSMUSG00000030275.7:B1	wild_cluster	2.1964968633948402e-14	0.35006119951040393	816	18	>20	0.6875075072747915
ENSMUSG00000030987.6:B1	wild_cluster	6.227137567465965e-13	0.10745233968804159	576	8	11-20	0.4860396790295065
ENSMUSG00000032118.17:B1	wild_cluster	0.9834772723218014	0.918093475242943	2160	4	11-20	0.9908880083592745
ENSMUSG00000032536.13:B1	wild_cluster	5.3499913371216956e-20	0.49361702127659574	704	24	>20	0.7690532828804467
ENSMUSG00000033257.15:B1	wild_cluster	0.0012622566972256	0.1113166302337313	5946	4	>20	0.4879256101203754
ENSMUSG00000034066.14:B1	wild_cluster	1.0565611269180238e-05	0.07026627218934911	6759	5	>20	0.46225881142269104
ENSMUSG00000034848.18:B1	wild_cluster	0.8513812051927108	0.748354541465555	4557	3	>20	0.9112073250910024
ENSMUSG00000035653.17:B1	wild_cluster	0.7163244714588415	0.621105748135147	4557	3	>20	0.8465248834055134
ENSMUSG00000036568.8:B1	wild_cluster	0.0569365465632509	0.24186390532544377	6759	5	>20	0.6099503589996492
ENSMUSG00000037416.14:B1	wild_cluster	3.7327016910189965e-41	0.008041892650084159	5346	6	>20	0.4062768507212951
ENSMUSG00000038156.17:B1	wild_cluster	3.039048398433776e-30	0.019505633092315452	5946	4	>20	0.4062768507212951
ENSMUSG00000038679.17:B1	wild_cluster	1.2795548848501022e-08	0.2526080476900149	2683	12	>20	0.6163581478672172
ENSMUSG00000039601.17:B1	wild_cluster	0.0218785119827359	0.5918367346938775	48	10	6-10	0.8333951762523191
ENSMUSG00000040455.18:B1	wild_cluster	5.552889391320589e-25	0.05817987723512143	3746	8	>20	0.4608847075722556
ENSMUSG00000041297.9:B1	wild_cluster	0.0180944728794008	0.16193038506810156	5946	4	>20	0.5556847133123852
ENSMUSG00000042388.15:B1	wild_cluster	0.3735231988964846	0.618509360649947	2830	7	>20	0.8461081711082518
ENSMUSG00000044288.7:B1	wild_cluster	3.485375988197198e-06	0.07499579619976458	5946	4	>20	0.46652275045909
ENSMUSG00000047013.16:B1	wild_cluster	1.2535116898522726e-06	0.16092874299439552	3746	8	>20	0.5555320725532211
ENSMUSG00000049532.12:B1	wild_cluster	0.3024049623101616	0.2509505703422053	788	2	1-5	0.6157545447481213
ENSMUSG00000052299.10:B1	wild_cluster	0.0002525490817126	0.09148749451513821	4557	3	>20	0.4808925487948958
ENSMUSG00000054405.15:B1	wild_cluster	1.7690470028469154e-06	0.11021721641190668	1242	6	11-20	0.4860396790295065
ENSMUSG00000056493.10:B1	wild_cluster	0.9988341530946554	0.9639055992596021	2160	4	11-20	1.0
ENSMUSG00000058624.14:B1	wild_cluster	0.9991388368829898	0.9597747385358005	1242	6	11-20	1.0
ENSMUSG00000060961.17:B1	wild_cluster	0.0904040221373476	0.470242860955431	3746	8	>20	0.7568365931249716
ENSMUSG00000063145.11:B1	wild_cluster	0.2063650265029528	0.28455462922334357	4557	3	>20	0.639749446682312
ENSMUSG00000068250.14:B1	wild_cluster	0.5853752484723052	0.5527156549520766	5946	4	>20	0.8042755821330511
ENSMUSG00000071862.4:B1	wild_cluster	0.8626410039755353	0.7595436594997806	4557	3	>20	0.9174160038916416
ENSMUSG00000112925.2:B1	wild_cluster	0.0977930956505559	0.3832055358144754	5346	6	>20	0.7083424747696357
ENSMUSG00000010066.16:B1	wild_cluster	0.8674777656514843	0.8785695222844943	3746	8	>20	0.9714603048472151
ENSMUSG00000010066.16:B2	wild_cluster	0.970431807908418	0.9653379549393414	576	8	11-20	1.0
ENSMUSG00000010066.16:B3	wild_cluster	0.9073750866130024	0.8024213889355978	5946	4	>20	0.9381772199632236
ENSMUSG00000010066.16:B4	wild_cluster	1.0	1.0	3746	8	>20	1.0
ENSMUSG00000047213.15:B1	wild_cluster	0.7713994619247132	0.6494275562574023	2532	3	11-20	0.8600320114116308
ENSMUSG00000047213.15:B2	wild_cluster	0.4757791886480071	0.43663639952625344	2532	3	11-20	0.7354646988053468
ENSMUSG00000047213.15:B3	wild_cluster	3.282036912740916e-06	0.043821555467824715	2532	3	11-20	0.4370964032340817
ENSMUSG00000047213.15:B4	wild_cluster	0.1424759680759887	0.42960579243765085	1242	6	11-20	0.7299632426959958
ENSMUSG00000019302.17:B1	wild_cluster	0.0062072449207764	0.29703763010408324	3746	8	>20	0.6505074818094451
ENSMUSG00000019302.17:B2	wild_cluster	0.0045167944566891	0.2871630637843608	3746	8	>20	0.6427955596735938
ENSMUSG00000019302.17:B3	wild_cluster	0.0036153198998965	0.27942353883106485	3746	8	>20	0.6381141517179173
ENSMUSG00000025142.19:B2	wild_cluster	0.3657529994771685	0.26268823201338537	1792	1	1-5	0.6238525613082021
ENSMUSG00000030134.12:B1	wild_cluster	0.2258952491851149	0.5393853761921582	2830	7	>20	0.7954429119682123
ENSMUSG00000030134.12:B2	wild_cluster	0.5066166403374364	0.683504062168845	2830	7	>20	0.8781111384326008
ENSMUSG00000030134.12:B3	wild_cluster	0.012859706868428	0.7310924369747899	832	14	>20	0.9014626714761982
ENSMUSG00000037674.16:B1	wild_cluster	0.7378271799856777	0.8209234053909794	3746	8	>20	0.9465061439980185
ENSMUSG00000037674.16:B2	wild_cluster	0.9997519275239428	0.9601479737682865	5946	4	>20	1.0
ENSMUSG00000037674.16:B3	wild_cluster	0.0097060561251513	0.603204172876304	2683	12	>20	0.8388814535446126
ENSMUSG00000058835.15:B2	wild_cluster	0.1210755512659322	0.26238532110091745	544	3	6-10	0.6238525613082021
ENSMUSG00000008855.18:B1	wild_cluster	4.12498760647648e-22	0.15126050420168066	832	14	>20	0.5457933474191276
ENSMUSG00000008855.18:B3	wild_cluster	2.93712542784176e-36	0.03779583186153303	2830	7	>20	0.4221280740380004
ENSMUSG00000020458.17:B1	wild_cluster	4.5328790697521364e-29	0.07451564828614009	2683	12	>20	0.46652275045909
ENSMUSG00000020458.17:B2	wild_cluster	4.419478125558586e-32	0.014587619225734056	5346	6	>20	0.4062768507212951
ENSMUSG00000023008.19:B1	wild_cluster	0.7443422501453639	0.5495958853783982	1360	2	6-10	0.8012933194156977
ENSMUSG00000023008.19:B2	wild_cluster	0.7447481969849248	0.5495958853783982	1360	2	6-10	0.8012933194156977
ENSMUSG00000026867.20:B1	wild_cluster	0.1774374502298185	0.6369187411930484	2128	9	>20	0.85310105684835
ENSMUSG00000026867.20:B2	wild_cluster	0.0030495243909409	0.3973696571160169	2128	9	>20	0.717725974975934
ENSMUSG00000029064.16:B1	wild_cluster	0.1267073647226089	0.6207559256886611	3121	10	>20	0.8465248834055134
ENSMUSG00000029064.16:B2	wild_cluster	0.8141767232272268	0.7557692307692307	6759	5	>20	0.9150715322413435
ENSMUSG00000031558.16:B1	wild_cluster	2.2715187432123924e-15	0.030124908155767818	1360	2	6-10	0.4135401864624129
ENSMUSG00000031558.16:B3	wild_cluster	2.1400679380219093e-15	0.030124908155767818	1360	2	6-10	0.4135401864624129
ENSMUSG00000035513.20:B1	wild_cluster	0.3983580740842266	0.7504873294346979	512	10	11-20	0.9128592157651402
ENSMUSG00000035513.20:B2	wild_cluster	0.1508385280653944	0.691358024691358	80	20	11-20	0.8810156728832852
ENSMUSG00000040118.16:B1	wild_cluster	0.0336043950467415	0.2814662427529456	5346	6	>20	0.639749446682312
ENSMUSG00000040118.16:B2	wild_cluster	1.3089592362500762e-14	0.34516523867809057	816	18	>20	0.6860732506491121
ENSMUSG00000045427.14:B1	wild_cluster	0.0036052511093987	0.11568718186024989	2160	4	11-20	0.4982423978103955
ENSMUSG00000045427.14:B3	wild_cluster	0.3054088519276981	0.31701539676273194	2532	3	11-20	0.6694000889983547
ENSMUSG00000056851.15:B1	wild_cluster	0.1748845170327694	0.6842105263157895	512	10	11-20	0.8781111384326008
ENSMUSG00000056851.15:B2	wild_cluster	0.2482363090319706	0.4108251996450754	1126	5	11-20	0.7211054582229988
ENSMUSG00000092035.9:B1	wild_cluster	0.9999999998888888	0.9001673173452315	1792	1	1-5	0.9802549307914618
ENSMUSG00000092035.9:B2	wild_cluster	0.9999999998829268	0.8923591745677635	1792	1	1-5	0.9776774175996082
ENSMUSG00000001924.16:B1	wild_cluster	0.0254614940776238	0.26295118758182157	5346	6	>20	0.6238525613082021
ENSMUSG00000004360.10:B1	wild_cluster	0.8379799233964804	0.827379839162147	5346	6	>20	0.9490782016129633
ENSMUSG00000006676.18:B1	wild_cluster	0.356684787395355	0.4079367748444594	5946	4	>20	0.7195945688455408
ENSMUSG00000010914.11:B1	wild_cluster	0.1900733738840879	0.2749012724879333	4557	3	>20	0.6331283098585031
ENSMUSG00000016921.15:B1	wild_cluster	0.9829685721686936	0.9053304186985034	5946	4	>20	0.9839690880216979
ENSMUSG00000019699.17:B1	wild_cluster	1.0323709017529831e-10	0.03831360946745562	6759	5	>20	0.42494995982175465
ENSMUSG00000020262.16:B1	wild_cluster	1.468828867465942e-27	0.049639711769415534	3746	8	>20	0.4398058881029874
ENSMUSG00000020674.18:B1	wild_cluster	2.5820813147684033e-34	0.0073964497041420114	6759	5	>20	0.4062768507212951
ENSMUSG00000021140.10:B1	wild_cluster	0.8815909875138755	0.8597668668315083	2830	7	>20	0.9623904225784039
ENSMUSG00000021725.10:B1	wild_cluster	0.0022788837440369	0.12440828402366864	6759	5	>20	0.5106377886801484
ENSMUSG00000022311.16:B1	wild_cluster	6.055587576549132e-25	0.015088757396449704	6759	5	>20	0.4062768507212951
ENSMUSG00000022771.18:B1	wild_cluster	0.9829161953277028	0.7782002534854245	788	2	1-5	0.926006765207027
ENSMUSG00000024002.19:B1	wild_cluster	0.0002031850660338	0.33724753405354624	2128	9	>20	0.6796392655758321
ENSMUSG00000024524.18:B1	wild_cluster	5.256926436742132e-34	0.06854345165238677	816	18	>20	0.46225881142269104
ENSMUSG00000025571.14:B1	wild_cluster	1.300551427847858e-40	0.017616912235746317	3121	10	>20	0.4062768507212951
ENSMUSG00000026211.19:B1	wild_cluster	0.1899853868937895	0.20794288264167782	2240	1	6-10	0.5882245182474101
ENSMUSG00000026740.13:B1	wild_cluster	0.3198671333842884	0.44215976331360946	6759	5	>20	0.7380557778031775
ENSMUSG00000027206.14:B1	wild_cluster	1.7452834504495855e-05	0.08121742054817555	5946	4	>20	0.47174467816973154
ENSMUSG00000027751.14:B1	wild_cluster	0.404454784047546	0.4479407681628875	2160	4	11-20	0.7411762233058684
ENSMUSG00000028312.20:B1	wild_cluster	0.9830883942446882	0.9309778142974527	1216	1	>20	0.9971274062527796
ENSMUSG00000028863.14:B1	wild_cluster	0.4962603566351001	0.4033297529538131	3723	2	11-20	0.7192367011784552
ENSMUSG00000029267.18:B1	wild_cluster	1.1990837701104355e-48	0.0114758473445423	3746	8	>20	0.4062768507212951
ENSMUSG00000029757.17:B1	wild_cluster	0.0100659573074653	0.1273989383421805	2448	2	>20	0.5147765723648514
ENSMUSG00000030376.9:B1	wild_cluster	0.3873662455903566	0.5878062464933608	5346	6	>20	0.8295399494967567
ENSMUSG00000031161.16:B1	wild_cluster	0.0822054100965731	0.14859117490696439	3761	1	11-20	0.5417788617549384
ENSMUSG00000031749.13:B1	wild_cluster	9.01701463146031e-08	0.05029585798816568	6759	5	>20	0.44213110388031357
ENSMUSG00000032212.11:B1	wild_cluster	6.670971446453943e-10	0.20338186942226397	2128	9	>20	0.5868824099484643
ENSMUSG00000032579.15:B1	wild_cluster	0.3003070916464073	0.2873254564983888	3723	2	11-20	0.6427955596735938
ENSMUSG00000033400.15:B1	wild_cluster	2.2141798937225685e-11	0.03971441320838911	2240	1	6-10	0.4298726364628527
ENSMUSG00000034243.18:B1	wild_cluster	9.882381118073425e-53	0.004163997437540038	3121	10	>20	0.4062768507212951
ENSMUSG00000034940.16:B1	wild_cluster	0.7758414128082266	0.6270600744284954	3761	1	11-20	0.8502573789417937
ENSMUSG00000035864.15:B1	wild_cluster	2.554320955903836e-49	0.011549925484351714	2683	12	>20	0.4062768507212951
ENSMUSG00000036745.16:B1	wild_cluster	2.419693749256527e-05	0.20946661956905688	2830	7	>20	0.5882245182474101
ENSMUSG00000037593.13:B1	wild_cluster	0.9998325273333282	0.9983566146261298	1216	1	>20	1.0
ENSMUSG00000038296.15:B1	wild_cluster	5.966490446569092e-41	0.04723346828609987	740	11	>20	0.43963983201651363
ENSMUSG00000038872.11:B1	wild_cluster	1.0341361052917176e-30	0.015709743781559753	5346	6	>20	0.4062768507212951
ENSMUSG00000039735.17:B1	wild_cluster	0.0197378284509937	0.16445266520934926	5946	4	>20	0.5568066738432305
ENSMUSG00000040560.11:B1	wild_cluster	6.73528735152012e-14	0.03062130177514793	6759	5	>20	0.4135401864624129
ENSMUSG00000041439.16:B1	wild_cluster	1.5667975442130375e-20	0.040807371654234315	4557	3	>20	0.43199860115404787
ENSMUSG00000042523.13:B1	wild_cluster	3.9027531470920485e-40	0.008976996446605573	5346	6	>20	0.4062768507212951
ENSMUSG00000044676.11:B1	wild_cluster	0.9468696773011874	0.8593681439227732	4557	3	>20	0.9623904225784039
ENSMUSG00000047459.15:B1	wild_cluster	0.957463419054492	0.7032905744562187	1792	1	1-5	0.8867992710590356
ENSMUSG00000049939.7:B1	wild_cluster	0.5646772145124725	0.4966442953020134	2532	3	11-20	0.769838964280719
ENSMUSG00000052539.16:B1	wild_cluster	1.8405861157493157e-09	0.06355591311343524	1242	6	11-20	0.4608847075722556
ENSMUSG00000054808.16:B1	wild_cluster	3.2393452615192918e-12	0.10968775020016013	3746	8	>20	0.4860396790295065
ENSMUSG00000056820.8:B1	wild_cluster	9.114710716305553e-34	0.007840236686390533	6759	5	>20	0.4062768507212951
ENSMUSG00000058897.19:B2	wild_cluster	0.9396382357486864	0.7759000734753857	1360	2	6-10	0.9249849071261764
ENSMUSG00000061353.12:B1	wild_cluster	0.0982578913535308	0.17177914110429449	1792	1	1-5	0.5586945586003444
ENSMUSG00000063796.10:B1	wild_cluster	0.4227451456894456	0.301728945900725	1792	1	1-5	0.6535035800318499
ENSMUSG00000068917.13:B1	wild_cluster	0.225384179223002	0.33193206658819574	5946	4	>20	0.6787082352280288
ENSMUSG00000073791.14:B1	wild_cluster	0.2354596970335155	0.21584263689526847	3761	1	11-20	0.5893176173056948
ENSMUSG00000085586.3:B1	wild_cluster	0.5750295598451037	0.5105309346204475	4557	3	>20	0.778711361057742
ENSMUSG00000097006.9:B1	wild_cluster	9.827116118530809e-31	0.026327532351628737	2240	1	6-10	0.4135401864624129
ENSMUSG00000115311.3:B1	wild_cluster	0.4074784332219722	0.3256246677299309	3761	1	11-20	0.6746798927319417
ENSMUSG00000022995.17:B1	wild_cluster	1.769984679952639e-20	0.11326378539493294	2683	12	>20	0.49331292052487596
ENSMUSG00000022995.17:B2	wild_cluster	0.0361925996134152	0.6948584202682563	2683	12	>20	0.882721726200511
ENSMUSG00000022995.17:B3	wild_cluster	0.0172596036892557	0.24406209089208902	5346	6	>20	0.6107670820541861
ENSMUSG00000022995.17:B4	wild_cluster	0.0380403908640611	0.29156536375537684	5346	6	>20	0.6473387345478859
ENSMUSG00000022995.17:B5	wild_cluster	3.0383872048754026e-33	0.013652515429212643	5346	6	>20	0.4062768507212951
ENSMUSG00000050144.14:B1	wild_cluster	1.0	1.0	1242	6	11-20	1.0
ENSMUSG00000050144.14:B2	wild_cluster	0.690038560281237	0.5850769838136597	2532	3	11-20	0.8287286161149289
ENSMUSG00000050144.14:B3	wild_cluster	0.3909402145654402	0.3809711804184761	2532	3	11-20	0.7068659820073502
ENSMUSG00000050144.14:B4	wild_cluster	0.5282105387864218	0.47374654559810503	2532	3	11-20	0.7612246150460082
ENSMUSG00000019775.18:B1	wild_cluster	0.1206753211363033	0.49879903923138513	3746	8	>20	0.7715582934667293
ENSMUSG00000019775.18:B2	wild_cluster	0.0309592937946738	0.18025895409450143	5946	4	>20	0.5664729888945136
ENSMUSG00000019775.18:B3	wild_cluster	0.0019844054078742	0.11871531864805784	5946	4	>20	0.5022671851566346
ENSMUSG00000025231.18:B1	wild_cluster	0.0065511400410109	0.2981051507872965	3746	8	>20	0.6507365107036354
ENSMUSG00000025231.18:B2	wild_cluster	0.990475666124918	0.9231545316966537	5946	4	>20	0.9929284417390615
ENSMUSG00000025231.18:B3	wild_cluster	0.2674139305348186	0.3517740036993442	5946	4	>20	0.6879192608957623
ENSMUSG00000030223.15:B1	wild_cluster	1.0	1.0	304	6	6-10	1.0
ENSMUSG00000030223.15:B2	wild_cluster	0.7206837871213349	0.5829752953813104	3723	2	11-20	0.8274012723073765
ENSMUSG00000030223.15:B3	wild_cluster	1.0	1.0	3723	2	11-20	1.0
ENSMUSG00000037685.16:B1	wild_cluster	0.0178412227353249	0.17988165680473372	6759	5	>20	0.566344783773429
ENSMUSG00000037685.16:B2	wild_cluster	0.9697155763116388	0.9020710059171597	6759	5	>20	0.9816140888032658
ENSMUSG00000037685.16:B3	wild_cluster	0.0019751232000028	0.36226777706598334	3121	10	>20	0.6921417565485363
ENSMUSG00000059049.15:B1	wild_cluster	0.8413151816883695	0.7246645071726052	2160	4	11-20	0.8989653590362264
ENSMUSG00000059049.15:B2	wild_cluster	0.998882006403482	0.9599892588614393	3723	2	11-20	1.0
ENSMUSG00000059049.15:B3	wild_cluster	0.6559792411801492	0.5177228786251342	3723	2	11-20	0.7827705051444305
ENSMUSG00000009739.18:B1	wild_cluster	0.0602301336469343	0.5486867392696989	3121	10	>20	0.8012135780098896
ENSMUSG00000009739.18:B2	wild_cluster	0.0472559076126764	0.23002958579881658	6759	5	>20	0.6021027624792266
ENSMUSG00000020593.17:B1	wild_cluster	0.0038955288649156	0.29508196721311475	304	6	6-10	0.6503872726023834
ENSMUSG00000020593.17:B2	wild_cluster	0.7214624758662339	0.5349008082292432	1360	2	6-10	0.792471777891082
ENSMUSG00000023055.11:B2	wild_cluster	0.702227106616372	0.5622986036519871	3723	2	11-20	0.8116469561711845
ENSMUSG00000029101.17:B2	wild_cluster	1.2134443382918306e-11	0.03346346904629113	1792	1	1-5	0.418717375093214
ENSMUSG00000031585.14:B1	wild_cluster	0.9660962155984696	0.909895414320193	1242	6	11-20	0.986781796505627
ENSMUSG00000031585.14:B2	wild_cluster	0.8906610486327872	0.7540465850769839	2532	3	11-20	0.9141394320005058
ENSMUSG00000035863.15:B1	wild_cluster	3.6832975834512654e-09	0.06321301664484757	5346	6	>20	0.4608847075722556
ENSMUSG00000035863.15:B2	wild_cluster	3.0271163625250993e-10	0.21907600596125187	2683	12	>20	0.5928249510710503
ENSMUSG00000040183.14:B1	wild_cluster	0.9610360861567164	0.9461883408071748	3121	10	>20	1.0
ENSMUSG00000040183.14:B3	wild_cluster	8.230837212387732e-09	0.04482248520710059	6759	5	>20	0.43832766633804804
ENSMUSG00000045639.15:B1	wild_cluster	6.578631669352783e-05	0.3673469387755102	48	10	6-10	0.6954307475137422
ENSMUSG00000045639.15:B2	wild_cluster	0.0031287909354631	0.23089300080450523	1242	6	11-20	0.6029714596284065
ENSMUSG00000057113.14:B1	wild_cluster	1.0	1.0	84	4	1-5	1.0
ENSMUSG00000057113.14:B2	wild_cluster	1.4962384802570445e-18	0.020573108008817047	1360	2	6-10	0.4062768507212951
ENSMUSG00000093674.8:B3	wild_cluster	0.8811382839799097	0.7653061224489796	3723	2	11-20	0.9206736993867843
ENSMUSG00000001986.17:B1	wild_cluster	0.0081961449209276	0.43400657585721	2128	9	>20	0.7338598867500261
ENSMUSG00000004364.15:B1	wild_cluster	0.2884671941000139	0.3757519666820916	2160	4	11-20	0.7029895186738673
ENSMUSG00000006699.18:B1	wild_cluster	0.758942973095086	0.7832429399663363	5346	6	>20	0.9295448576826374
ENSMUSG00000011751.17:B1	wild_cluster	4.921075116328121e-35	0.1103448275862069	144	21	>20	0.4860396790295065
ENSMUSG00000016933.18:B1	wild_cluster	0.3278869523130521	0.389440053808643	5946	4	>20	0.7135019226060081
ENSMUSG00000019790.18:B2	wild_cluster	0.0279705174328484	0.19881656804733727	6759	5	>20	0.5800211292405212
ENSMUSG00000020290.15:B1	wild_cluster	0.1418416500339442	0.27862787960316127	5946	4	>20	0.6371236016963905
ENSMUSG00000020687.14:B1	wild_cluster	6.8920047439587695e-18	0.051036682615629984	3761	1	11-20	0.4451962775789015
ENSMUSG00000021156.18:B1	wild_cluster	4.2471775643331786e-11	0.580335731414868	416	20	>20	0.8257421937014847
ENSMUSG00000022340.16:B1	wild_cluster	6.359120716991869e-19	0.2962962962962963	80	20	11-20	0.6505074818094451
ENSMUSG00000022772.13:B1	wild_cluster	0.5501023249046932	0.4945151382185169	4557	3	>20	0.7690532828804467
ENSMUSG00000024030.8:B1	wild_cluster	1.2092171395396837e-49	0.009890498057223597	2830	7	>20	0.4062768507212951
ENSMUSG00000024533.18:B1	wild_cluster	0.000807905424833	0.10576923076923077	6759	5	>20	0.4839858077279346
ENSMUSG00000025035.10:B1	wild_cluster	9.575636512783808e-05	0.1003904071388734	1792	1	1-5	0.4808925487948958
ENSMUSG00000025579.15:B1	wild_cluster	0.0066081948269097	0.14585798816568046	6759	5	>20	0.5392853675742495
ENSMUSG00000026219.15:B1	wild_cluster	8.816001686877352e-38	0.024286095543101148	3746	8	>20	0.4062768507212951
ENSMUSG00000026748.14:B1	wild_cluster	0.914319943279846	0.8084220268394262	2160	4	11-20	0.9414948370502108
ENSMUSG00000027207.16:B1	wild_cluster	0.7224579037510658	0.6438540440558265	5946	4	>20	0.8569458861922289
ENSMUSG00000027805.17:B1	wild_cluster	0.7866813016446138	0.5870683321087435	1360	2	6-10	0.8293067288961614
ENSMUSG00000028329.14:B1	wild_cluster	0.3257492473902436	0.38843114175214394	5946	4	>20	0.7133412464229888
ENSMUSG00000028868.14:B1	wild_cluster	3.661320946359967e-10	0.030303030303030304	32	7	11-20	0.4135401864624129
ENSMUSG00000029279.16:B1	wild_cluster	0.9964769390276812	0.9459554927587425	2830	7	>20	1.0
ENSMUSG00000029763.18:B1	wild_cluster	0.8336004276447597	0.7380191693290735	5946	4	>20	0.9052927658728013
ENSMUSG00000030397.12:B1	wild_cluster	7.225963323111923e-32	0.03682946357085669	3746	8	>20	0.42154010255574076
ENSMUSG00000031171.12:B1	wild_cluster	0.1966193489834788	0.21195894689870592	2240	1	6-10	0.5885518387222989
ENSMUSG00000031753.17:B1	wild_cluster	0.0626132801468996	0.2160753321002186	5946	4	>20	0.5893176173056948
ENSMUSG00000032216.16:B1	wild_cluster	5.910028274224402e-05	0.39344262295081966	2683	12	>20	0.7135019226060081
ENSMUSG00000032580.13:B1	wild_cluster	0.0521545559877549	0.3190574153731064	5346	6	>20	0.6698962337218756
ENSMUSG00000033417.17:B1	wild_cluster	0.0828223859184686	0.23785284590467376	2160	4	11-20	0.6086785722830029
ENSMUSG00000034252.15:B1	wild_cluster	0.0017957263953509	0.11737010257272575	5946	4	>20	0.5000768469186335
ENSMUSG00000034973.17:B1	wild_cluster	0.269063187982919	0.35211030771817725	5946	4	>20	0.6879858644062863
ENSMUSG00000035877.18:B1	wild_cluster	1.925250628060486e-22	0.06645316253002402	3746	8	>20	0.4608847075722556
ENSMUSG00000036779.13:B1	wild_cluster	0.3553875186567657	0.3216970998925886	3723	2	11-20	0.6706344843151932
ENSMUSG00000037606.19:B1	wild_cluster	0.652112637819488	0.5577786851776235	2448	2	>20	0.8084107974283017
ENSMUSG00000038301.16:B1	wild_cluster	0.1386684527763112	0.16825863335782512	1360	2	6-10	0.5582062116269537
ENSMUSG00000038976.13:B1	wild_cluster	5.8767178225085576e-08	0.26937406855439644	2683	12	>20	0.6282293640951883
ENSMUSG00000039741.17:B1	wild_cluster	0.8624076790035944	0.7930473372781065	6759	5	>20	0.9346886506019608
ENSMUSG00000040596.16:B1	wild_cluster	1.0	1.0	304	6	6-10	1.0
ENSMUSG00000041444.15:B1	wild_cluster	4.2951729061979467e-07	0.15398985855350947	3746	8	>20	0.5493803852899867
ENSMUSG00000042524.15:B1	wild_cluster	0.9999989730916784	0.8706079196876743	1792	1	1-5	0.9679516950509197
ENSMUSG00000044700.16:B1	wild_cluster	0.04048670229632	0.2951187581821582	5346	6	>20	0.6503872726023834
ENSMUSG00000047496.7:B1	wild_cluster	0.5889864841339799	0.5221588415971917	4557	3	>20	0.7839363357134309
ENSMUSG00000050017.12:B1	wild_cluster	0.1642233957047712	0.2922481923658988	5946	4	>20	0.6473387345478859
ENSMUSG00000052551.17:B1	wild_cluster	0.633728623432698	0.5645028759244043	1216	1	>20	0.8140439546235712
ENSMUSG00000054823.18:B1	wild_cluster	1.0215796706710111e-30	0.5851063829787234	93	32	>20	0.8287286161149289
ENSMUSG00000056856.15:B1	wild_cluster	1.3043962436129497e-27	0.09816815406294034	2128	9	>20	0.4808925487948958
ENSMUSG00000058975.8:B1	wild_cluster	7.362909442585754e-05	0.21935711762628046	2830	7	>20	0.5928713431872754
ENSMUSG00000061411.13:B1	wild_cluster	0.7899891893481291	0.6390217969165337	3761	1	11-20	0.8538030671472545
ENSMUSG00000063870.13:B1	wild_cluster	1.2763743055642924e-49	0.011177347242921014	2683	12	>20	0.4062768507212951
ENSMUSG00000068923.15:B1	wild_cluster	0.039507028048097	0.6707152496626181	740	11	>20	0.8720268889969552
ENSMUSG00000085655.6:B1	wild_cluster	0.973118258533242	0.9063609467455621	6759	5	>20	0.9844808794958062
ENSMUSG00000097007.4:B1	wild_cluster	0.0080212405604832	0.09022556390977443	3723	2	11-20	0.4808925487948958
ENSMUSG00000115424.3:B2	wild_cluster	1.0	1.0	1360	2	6-10	1.0
ENSMUSG00000023991.17:B2	wild_cluster	0.0189744129977012	0.1035252119589469	2240	1	6-10	0.4837151034996375
ENSMUSG00000023991.17:B3	wild_cluster	0.06423113366263	0.15783602900167318	1792	1	1-5	0.5539058142777468
ENSMUSG00000023991.17:B4	wild_cluster	0.24099764060998	0.2391789379741187	2240	1	6-10	0.6087620269945074
ENSMUSG00000023991.17:B5	wild_cluster	0.0119352408041916	0.10139416983523447	788	2	1-5	0.4808925487948958
ENSMUSG00000051910.14:B2	wild_cluster	0.301249590744008	0.24707194645844952	1792	1	1-5	0.6150376252306125
ENSMUSG00000051910.14:B3	wild_cluster	0.3199333834504774	0.26108998732572875	788	2	1-5	0.6235067639910545
ENSMUSG00000051910.14:B4	wild_cluster	1.026277124287793e-11	0.03346346904629113	1792	1	1-5	0.418717375093214
ENSMUSG00000019889.11:B1	wild_cluster	0.1638400095865893	0.24091465904450796	2448	2	>20	0.6099503589996492
ENSMUSG00000019889.11:B2	wild_cluster	0.2339812033674445	0.2809309922417313	2448	2	>20	0.639749446682312
ENSMUSG00000019889.11:B3	wild_cluster	0.9876988452152442	0.9162602993105767	5946	4	>20	0.9905755149225296
ENSMUSG00000025269.17:B1	wild_cluster	0.7843512960117928	0.6880733944954128	544	3	6-10	0.8791294817598246
ENSMUSG00000025269.17:B2	wild_cluster	0.2222186632600363	0.22980812137438644	2240	1	6-10	0.6019230794249235
ENSMUSG00000025269.17:B3	wild_cluster	0.595731857945414	0.4195444526083762	1360	2	6-10	0.724785549063727
ENSMUSG00000030279.16:B1	wild_cluster	0.0009544687096373	0.154105105666729	5346	6	>20	0.5493803852899867
ENSMUSG00000030279.16:B2	wild_cluster	4.616460487266505e-05	0.08293111013602457	4557	3	>20	0.47174467816973154
ENSMUSG00000030279.16:B3	wild_cluster	0.0005599846737615	0.09828872312417727	4557	3	>20	0.4808925487948958
ENSMUSG00000037784.15:B1	wild_cluster	0.9995785988085296	0.9646017699115044	1242	6	11-20	1.0
ENSMUSG00000037784.15:B2	wild_cluster	0.1213948994426912	0.17534908700322235	3723	2	11-20	0.5626778378593723
ENSMUSG00000037784.15:B3	wild_cluster	0.1213953139137153	0.17561761546723953	3723	2	11-20	0.5626778378593723
ENSMUSG00000059439.16:B1	wild_cluster	0.8298271198404102	0.7302752293577982	544	3	6-10	0.9014626714761982
ENSMUSG00000059439.16:B2	wild_cluster	4.75904380031579e-07	0.10819672131147541	304	6	6-10	0.4860396790295065
ENSMUSG00000059439.16:B3	wild_cluster	3.2060175044959486e-05	0.36363636363636365	32	9	6-10	0.6921417565485363
ENSMUSG00000009741.16:B1	wild_cluster	0.3633471523316784	0.4144947032117034	5946	4	>20	0.7227912293582964
ENSMUSG00000009741.16:B2	wild_cluster	0.4280957586933827	0.45131999327391964	5946	4	>20	0.7428045572611157
ENSMUSG00000020628.17:B1	wild_cluster	7.58147559985582e-10	0.066815144766147	448	4	6-10	0.46174404659928053
ENSMUSG00000020628.17:B2	wild_cluster	0.9192767554154536	0.7340191036002939	1360	2	6-10	0.9030988259031828
ENSMUSG00000023169.16:B1	wild_cluster	0.0958793970545929	0.5932094811018578	3121	10	>20	0.8335278321930644
ENSMUSG00000023169.16:B2	wild_cluster	0.1585989084433924	0.33920118343195266	6759	5	>20	0.6813258889408138
ENSMUSG00000027130.16:B1	wild_cluster	1.2805597963988285e-13	0.10168134507606084	3746	8	>20	0.4808925487948958
ENSMUSG00000027130.16:B2	wild_cluster	0.000696820471185	0.10475870186648731	5946	4	>20	0.4837151034996375
ENSMUSG00000029126.8:B1	wild_cluster	1.3893435252283212e-08	0.13255360623781676	512	10	11-20	0.5213929940632862
ENSMUSG00000029126.8:B2	wild_cluster	0.6777116322998977	0.6228926353149956	1126	5	11-20	0.8471188973160644
ENSMUSG00000031626.19:B1	wild_cluster	4.5579865873894816e-17	0.4172661870503597	416	20	>20	0.7238610830859811
ENSMUSG00000031626.19:B2	wild_cluster	6.530647377795943e-08	0.185137732222934	3121	10	>20	0.5693254400567805
ENSMUSG00000035969.16:B1	wild_cluster	1.9372848407006823e-06	0.3211624441132638	2683	12	>20	0.6706344843151932
ENSMUSG00000035969.16:B2	wild_cluster	0.3574798998884664	0.5702262951187582	5346	6	>20	0.8189373704202546
ENSMUSG00000040242.15:B1	wild_cluster	0.9765885274308896	0.9551569506726457	3121	10	>20	1.0
ENSMUSG00000040242.15:B2	wild_cluster	0.6779115995292693	0.6603550295857988	6759	5	>20	0.8673635650750215
ENSMUSG00000045659.19:B1	wild_cluster	0.7720279723294087	0.6864864864864865	184	3	1-5	0.878796607950213
ENSMUSG00000045659.19:B2	wild_cluster	0.7974796333517028	0.6464646464646465	3761	1	11-20	0.8584075867682225
ENSMUSG00000057738.15:B1	wild_cluster	3.5272028719536336e-07	0.29619970193740686	2683	12	>20	0.6505074818094451
ENSMUSG00000057738.15:B3	wild_cluster	3.526955170109821e-07	0.29619970193740686	2683	12	>20	0.6505074818094451
ENSMUSG00000095562.9:B1	wild_cluster	1.0	1.0	144	21	>20	1.0
ENSMUSG00000095562.9:B2	wild_cluster	7.075839785842722e-28	0.08053691275167785	2830	7	>20	0.47174467816973154
ENSMUSG00000001995.10:B1	wild_cluster	0.0266608039654945	0.1834862385321101	544	3	6-10	0.5693254400567805
ENSMUSG00000004415.16:B1	wild_cluster	0.3062249173301277	0.32094732543895466	2448	2	>20	0.6705559934287368
ENSMUSG00000006800.15:B1	wild_cluster	6.827397729517859e-18	0.20528211284513806	832	14	>20	0.5882245182474101
ENSMUSG00000011832.17:B1	wild_cluster	0.150323599607531	0.22108172127911568	2532	3	11-20	0.5946701149615494
ENSMUSG00000017132.18:B1	wild_cluster	0.5299823107017466	0.5572315882874889	1126	5	11-20	0.808228703450888
ENSMUSG00000019796.13:B1	wild_cluster	0.000291306572449	0.09452662721893491	6759	5	>20	0.4808925487948958
ENSMUSG00000020297.11:B1	wild_cluster	2.9388847069579087e-28	0.04750467040298906	3746	8	>20	0.43963983201651363
ENSMUSG00000020703.4:B1	wild_cluster	4.062204973620847e-35	0.0430943129636171	2830	7	>20	0.4370964032340817
ENSMUSG00000021171.9:B1	wild_cluster	2.3920457832823348e-26	0.036200087757788504	4557	3	>20	0.42154010255574076
ENSMUSG00000021767.20:B1	wild_cluster	0.1886069336229222	0.46081915092575276	5346	6	>20	0.7504127035187637
ENSMUSG00000022350.8:B1	wild_cluster	0.0046203166586298	0.13065411131663024	5946	4	>20	0.5171395197340342
ENSMUSG00000022779.17:B1	wild_cluster	0.6273654892678218	0.42387060791968767	1792	1	1-5	0.7273766167945818
ENSMUSG00000024036.17:B1	wild_cluster	0.7496500503017134	0.6296881168574813	2532	3	11-20	0.8509503673055974
ENSMUSG00000024558.13:B1	wild_cluster	0.2409860646322499	0.4046140195208518	1126	5	11-20	0.7193352819318058
ENSMUSG00000025041.18:B1	wild_cluster	6.28511488606903e-18	0.03426791277258567	320	9	11-20	0.42154010255574076
ENSMUSG00000025613.14:B1	wild_cluster	0.7234535618977915	0.5818713450292398	3761	1	11-20	0.8263566493428216
ENSMUSG00000026223.16:B1	wild_cluster	0.4116075544953834	0.49556213017751477	6759	5	>20	0.7692649138925995
ENSMUSG00000026753.6:B1	wild_cluster	3.861814538701587e-05	0.1741988496302383	1216	1	>20	0.5609327831821006
ENSMUSG00000027254.14:B1	wild_cluster	1.46988964216783e-45	0.019001490312965722	2683	12	>20	0.4062768507212951
ENSMUSG00000027806.10:B1	wild_cluster	5.1675402389873047e-08	0.2390793799906059	2128	9	>20	0.6087620269945074
ENSMUSG00000028360.11:B1	wild_cluster	2.715493964300926e-23	0.015828402366863906	6759	5	>20	0.4062768507212951
ENSMUSG00000028878.12:B1	wild_cluster	0.3378357669272633	0.395661678157054	5946	4	>20	0.715533812825331
ENSMUSG00000029283.18:B1	wild_cluster	0.3917247631528381	0.3391343150379295	2240	1	6-10	0.6813258889408138
ENSMUSG00000029775.15:B1	wild_cluster	0.721781624010274	0.6335030078667284	2160	4	11-20	0.8518464419731995
ENSMUSG00000030401.17:B1	wild_cluster	0.9911118247949908	0.9356779268857011	2160	4	11-20	0.9984605868915336
ENSMUSG00000031197.12:B1	wild_cluster	0.6311646926325624	0.5400710619818397	2532	3	11-20	0.7954554175859652
ENSMUSG00000031785.17:B1	wild_cluster	0.0648604799068324	0.13955342902711323	3761	1	11-20	0.5329231668075124
ENSMUSG00000032232.15:B3	wild_cluster	0.9948789319296724	0.8339670468948035	788	2	1-5	0.950268718262156
ENSMUSG00000032582.15:B1	wild_cluster	6.268255500035442e-05	0.08760719690600302	5946	4	>20	0.47479339520313996
ENSMUSG00000033444.15:B1	wild_cluster	6.51150634180137e-14	0.1006138243928476	3746	8	>20	0.4808925487948958
ENSMUSG00000034254.18:B1	wild_cluster	0.022928685848997	0.16705229060620083	2160	4	11-20	0.5582062116269537
ENSMUSG00000034987.5:B1	wild_cluster	0.4873424094431495	0.4550241333918385	4557	3	>20	0.745701717328033
ENSMUSG00000035891.17:B1	wild_cluster	0.0044271244872787	0.1363905325443787	6759	5	>20	0.5261217052794015
ENSMUSG00000036790.6:B1	wild_cluster	0.8454866247552332	0.7166443551985721	2240	1	6-10	0.8937163918800626
ENSMUSG00000037608.17:B1	wild_cluster	1.0	1.0	2830	7	>20	1.0
ENSMUSG00000038319.15:B1	wild_cluster	0.0260546070446411	0.11036519871106337	3723	2	11-20	0.4860396790295065
ENSMUSG00000039000.9:B1	wild_cluster	0.2905987378028375	0.8340080971659919	740	11	>20	0.950268718262156
ENSMUSG00000040606.15:B1	wild_cluster	3.6528344565122847e-06	0.2222222222222222	512	10	11-20	0.5952428278009673
ENSMUSG00000041471.10:B1	wild_cluster	0.7435485020958053	0.6114393125671321	3723	2	11-20	0.842510856457533
ENSMUSG00000042532.15:B1	wild_cluster	0.520680420989052	0.42704149933065594	2240	1	6-10	0.7293803859290139
ENSMUSG00000044783.17:B1	wild_cluster	0.527263120077436	0.3681116825863336	1360	2	6-10	0.6956669121756331
ENSMUSG00000047547.15:B1	wild_cluster	0.0011332633712869	0.0962517353077279	2160	4	11-20	0.4808925487948958
ENSMUSG00000050199.14:B1	wild_cluster	5.568582692087993e-19	0.11903920876015542	2830	7	>20	0.5022671851566346
ENSMUSG00000052566.9:B1	wild_cluster	0.7772431023922753	0.6289207868155237	3761	1	11-20	0.85068117265141
ENSMUSG00000054863.10:B1	wild_cluster	9.170297658862659e-10	0.15951313260730302	3121	10	>20	0.5555320725532211
ENSMUSG00000056900.14:B1	wild_cluster	0.0341127781069449	0.1654234313295305	4557	3	>20	0.5568066738432305
ENSMUSG00000058997.9:B1	wild_cluster	0.8229756637169477	0.6893012238452428	2532	3	11-20	0.8797013638898749
ENSMUSG00000061436.16:B1	wild_cluster	1.0	1.0	6759	5	>20	1.0
ENSMUSG00000063873.11:B1	wild_cluster	0.474720542062505	0.48256880733944957	544	3	6-10	0.7633688691677389
ENSMUSG00000068966.11:B1	wild_cluster	1.4002362280018825e-142	0.03286770747740345	1216	1	>20	0.41840536512667664
ENSMUSG00000073982.12:B1	wild_cluster	1.107162567826314e-06	0.08142777467930842	1792	1	1-5	0.47174467816973154
ENSMUSG00000085715.3:B1	wild_cluster	0.5862001922208855	0.6902654867256637	1242	6	11-20	0.8798730324550741
ENSMUSG00000116641.3:B1	wild_cluster	0.9663051867436934	0.8974852071005918	6759	5	>20	0.9790370517138894
ENSMUSG00000024807.19:B1	wild_cluster	0.0002894435193907	0.17216411906677392	1242	6	11-20	0.5586945586003444
ENSMUSG00000024807.19:B2	wild_cluster	0.6541720698016615	0.5161117078410311	3723	2	11-20	0.7817886141156817
ENSMUSG00000024807.19:B3	wild_cluster	0.1263307199085998	0.17722878625134264	3723	2	11-20	0.5638184899724017
ENSMUSG00000024807.19:B4	wild_cluster	0.2109604372953098	0.23469387755102042	3723	2	11-20	0.6069675258586653
ENSMUSG00000024807.19:B5	wild_cluster	0.0001556621706376	0.05853920515574651	3723	2	11-20	0.4608847075722556
ENSMUSG00000053141.17:B1	wild_cluster	0.0004410364830649	0.09866863905325443	6759	5	>20	0.4808925487948958
ENSMUSG00000053141.17:B3	wild_cluster	0.1849141490881636	0.35828402366863904	6759	5	>20	0.6918738541276598
ENSMUSG00000053141.17:B4	wild_cluster	0.3204845108812301	0.4423076923076923	6759	5	>20	0.7380557778031775
ENSMUSG00000053141.17:B5	wild_cluster	0.0317103210393243	0.5028827674567585	3121	10	>20	0.7736128052793696
ENSMUSG00000020231.16:B1	wild_cluster	0.9718992681722138	0.8964458095655989	4557	3	>20	0.978574623710491
ENSMUSG00000020231.16:B2	wild_cluster	0.00041011652431	0.09653356735410268	4557	3	>20	0.4808925487948958
ENSMUSG00000020231.16:B3	wild_cluster	0.0114356879508942	0.13646336112329968	4557	3	>20	0.5261217052794015
ENSMUSG00000025404.16:B1	wild_cluster	1.0106114072699702e-63	0.01835985312117503	816	18	>20	0.4062768507212951
ENSMUSG00000025404.16:B2	wild_cluster	3.2294741838872685e-41	0.0371066228276186	2128	9	>20	0.42154010255574076
ENSMUSG00000025404.16:B3	wild_cluster	5.701168580602564e-54	0.0028182245185533112	2128	9	>20	0.4062768507212951
ENSMUSG00000030678.8:B1	wild_cluster	1.0	1.0	512	10	11-20	1.0
ENSMUSG00000030678.8:B2	wild_cluster	0.2976659519428242	0.4338952972493345	1126	5	11-20	0.7338598867500261
ENSMUSG00000030678.8:B3	wild_cluster	0.9599943463344328	0.8349600709849158	1126	5	11-20	0.950268718262156
ENSMUSG00000037902.19:B1	wild_cluster	0.0028994784850756	0.376040999359385	3121	10	>20	0.7031424786295418
ENSMUSG00000037902.19:B2	wild_cluster	0.1325365343547045	0.31597633136094677	6759	5	>20	0.669196454725777
ENSMUSG00000037902.19:B3	wild_cluster	0.1285122654130845	0.31346153846153846	6759	5	>20	0.6657537734133478
ENSMUSG00000059456.14:B1	wild_cluster	0.1626234030458101	0.4428651580325416	5346	6	>20	0.7381347084199946
ENSMUSG00000059456.14:B2	wild_cluster	0.1900469838120788	0.46100617168505703	5346	6	>20	0.7504127035187637
ENSMUSG00000059456.14:B4	wild_cluster	9.964901814867764e-11	0.21087928464977646	2683	12	>20	0.5882245182474101
ENSMUSG00000010064.16:B1	wild_cluster	0.0002657641685249	0.0625671321160043	3723	2	11-20	0.4608847075722556
ENSMUSG00000010064.16:B2	wild_cluster	0.3477919445437986	0.3454471212739894	2448	2	>20	0.6860732506491121
ENSMUSG00000020644.10:B1	wild_cluster	0.719983568457402	0.5816326530612245	3723	2	11-20	0.8262788986562366
ENSMUSG00000020644.10:B2	wild_cluster	0.2984670928819352	0.2437533227006911	3761	1	11-20	0.6103361121883251
ENSMUSG00000023175.16:B1	wild_cluster	5.545636913719904e-22	0.09112709832134293	416	12	11-20	0.4808925487948958
ENSMUSG00000023175.16:B2	wild_cluster	0.0069291781089372	0.250201126307321	1242	6	11-20	0.6157545447481213
ENSMUSG00000027165.17:B2	wild_cluster	0.9999999999999716	0.9900644468313641	3723	2	11-20	1.0
ENSMUSG00000029174.19:B1	wild_cluster	0.1030886427087989	0.16326530612244897	3723	2	11-20	0.5568066738432305
ENSMUSG00000029174.19:B2	wild_cluster	0.0549898055572769	0.13556618819776714	3761	1	11-20	0.5261217052794015
ENSMUSG00000031708.18:B1	wild_cluster	5.79015036082227e-05	0.30409356725146197	512	10	11-20	0.654208957899218
ENSMUSG00000031708.18:B2	wild_cluster	0.0356035547377972	0.21079881656804733	6759	5	>20	0.5882245182474101
ENSMUSG00000036052.15:B1	wild_cluster	1.0	1.0	816	18	>20	1.0
ENSMUSG00000036052.15:B2	wild_cluster	0.0338352775496028	0.2825883673087713	5346	6	>20	0.639749446682312
ENSMUSG00000040270.17:B1	wild_cluster	1.3392811180945874e-105	0.058823529411764705	16	19	>20	0.4608847075722556
ENSMUSG00000040270.17:B2	wild_cluster	2.1771302457838203e-22	0.10420346167432003	2830	7	>20	0.4837151034996375
ENSMUSG00000045776.4:B2	wild_cluster	0.6782287817762653	0.5973705834018077	1216	1	>20	0.8365980305225663
ENSMUSG00000057897.15:B1	wild_cluster	9.329004422402166e-22	0.15486194477791115	832	14	>20	0.5506286625243034
ENSMUSG00000057897.15:B3	wild_cluster	0.0499176402535597	0.40657011656658426	2830	7	>20	0.7195945688455408
ENSMUSG00000096929.9:B1	wild_cluster	1.3061954071068102e-10	0.21460506706408347	2683	12	>20	0.5892456975867133
ENSMUSG00000096929.9:B2	wild_cluster	0.0132619333189627	0.3322658126501201	3746	8	>20	0.6787082352280288
ENSMUSG00000001998.16:B1	wild_cluster	2.2510375203964645e-25	0.016975917883932098	2532	3	11-20	0.4062768507212951
ENSMUSG00000006920.15:B1	wild_cluster	0.2619777002216781	0.5563405157188273	2830	7	>20	0.8077186802226801
ENSMUSG00000011877.14:B1	wild_cluster	0.0205733863189735	0.35334934614358154	3746	8	>20	0.6898067200682174
ENSMUSG00000017210.15:B1	wild_cluster	0.4609755950371135	0.5244082840236687	6759	5	>20	0.7852140039447733
ENSMUSG00000019820.12:B1	wild_cluster	1.2464592393831629e-23	0.09819851642529141	2830	7	>20	0.4808925487948958
ENSMUSG00000020300.15:B1	wild_cluster	5.957459044352889e-34	0.032559380838003735	3746	8	>20	0.41840536512667664
ENSMUSG00000020704.14:B1	wild_cluster	0.1296048565931725	0.1799140708915145	3723	2	11-20	0.566344783773429
ENSMUSG00000021177.17:B1	wild_cluster	0.3027727206574414	0.3424747696358052	4557	3	>20	0.6840697909187786
ENSMUSG00000021770.12:B1	wild_cluster	1.0	1.0	4557	3	>20	1.0
ENSMUSG00000022351.15:B1	wild_cluster	1.0	1.0	3761	1	11-20	1.0
ENSMUSG00000022788.17:B1	wild_cluster	7.161672431444567e-14	0.0322234156820623	3723	2	11-20	0.41840536512667664
ENSMUSG00000024038.18:B1	wild_cluster	0.1009502898603313	0.18712988551125148	2532	3	11-20	0.5693254400567805
ENSMUSG00000024566.11:B1	wild_cluster	0.0068032701403618	0.12209064924458962	2448	2	>20	0.5088259170458193
ENSMUSG00000025060.16:B1	wild_cluster	0.0086929298027163	0.21357770712549093	5346	6	>20	0.5892456975867133
ENSMUSG00000025616.15:B1	wild_cluster	0.930965169596508	0.8065534938807738	2532	3	11-20	0.9408045428492433
ENSMUSG00000026235.15:B1	wild_cluster	0.3647688917806849	0.6559914598345343	3746	8	>20	0.8628736859668311
ENSMUSG00000026754.17:B1	wild_cluster	0.4380844916281401	0.3593833067517278	3761	1	11-20	0.6918738541276598
ENSMUSG00000027255.15:B1	wild_cluster	0.1062969637371295	0.2523961661341853	5946	4	>20	0.616175857758022
ENSMUSG00000028383.18:B1	wild_cluster	0.3562768833523078	0.3038821954484605	2240	1	6-10	0.654208957899218
ENSMUSG00000028886.16:B1	wild_cluster	0.051533104669901	0.2356508875739645	6759	5	>20	0.6071073836680487
ENSMUSG00000029312.13:B1	wild_cluster	0.990652936401492	0.9518170681910985	2448	2	>20	1.0
ENSMUSG00000029780.15:B1	wild_cluster	0.150991511860779	0.28434504792332266	5946	4	>20	0.639749446682312
ENSMUSG00000030410.17:B1	wild_cluster	0.748658608061908	0.5547391623806025	1360	2	6-10	0.8065885718283363
ENSMUSG00000031214.14:B1	wild_cluster	0.2068610555363595	0.3271633503007867	2160	4	11-20	0.6755006231515644
ENSMUSG00000031799.11:B1	wild_cluster	2.8841074567838064e-08	0.049085229808121376	2240	1	6-10	0.43963983201651363
ENSMUSG00000032238.18:B1	wild_cluster	0.4282926712201357	0.607817467738919	5346	6	>20	0.8411711306647944
ENSMUSG00000032598.9:B1	wild_cluster	0.0707632430807258	0.2530813475760066	1216	1	>20	0.6171777488118466
ENSMUSG00000033499.15:B1	wild_cluster	7.939517725723462e-36	0.00621301775147929	6759	5	>20	0.4062768507212951
ENSMUSG00000034269.13:B1	wild_cluster	4.619642716076371e-45	0.020119225037257823	2683	12	>20	0.4062768507212951
ENSMUSG00000035011.16:B1	wild_cluster	3.2045396918129385e-39	0.04081632653061224	48	21	11-20	0.43199860115404787
ENSMUSG00000035901.15:B1	wild_cluster	6.413319167751047e-32	0.06222056631892697	2683	12	>20	0.4608847075722556
ENSMUSG00000036792.13:B1	wild_cluster	0.0017153371081934	0.1671965588180288	5346	6	>20	0.5582062116269537
ENSMUSG00000037622.15:B1	wild_cluster	0.4987397727372133	0.41365461847389556	2240	1	6-10	0.721886770079541
ENSMUSG00000038324.14:B1	wild_cluster	0.0172088063062094	0.10123523093447906	3723	2	11-20	0.4808925487948958
ENSMUSG00000039033.12:B1	wild_cluster	6.149767966113137e-05	0.19615692554043235	3746	8	>20	0.5777946947722112
ENSMUSG00000039782.16:B2	wild_cluster	0.9629535358732816	0.9190200112212455	5346	6	>20	0.9911735631226495
ENSMUSG00000040640.12:B1	wild_cluster	1.3298325618162693e-18	0.26560587515299877	816	18	>20	0.6258336012009058
ENSMUSG00000041483.15:B1	wild_cluster	0.3131075115297558	0.25491759702286015	3761	1	11-20	0.6185864890929439
ENSMUSG00000042548.15:B1	wild_cluster	0.9991452853567256	0.9539689995302959	2128	9	>20	1.0
ENSMUSG00000044835.16:B1	wild_cluster	4.056091247023329e-20	0.03161257777030436	5946	4	>20	0.4135401864624129
ENSMUSG00000047731.18:B1	wild_cluster	0.0002398254304302	0.2175073392046971	3746	8	>20	0.5907152162681374
ENSMUSG00000050240.17:B1	wild_cluster	0.3042614179274291	0.34313295304958313	4557	3	>20	0.6840697909187786
ENSMUSG00000052609.10:B1	wild_cluster	2.928092226262388e-11	0.04417670682730924	2240	1	6-10	0.4370964032340817
ENSMUSG00000054874.13:B1	wild_cluster	0.2163376463014452	0.3272238103245334	5946	4	>20	0.6755006231515644
ENSMUSG00000057060.9:B1	wild_cluster	0.085049184269268	0.1549409237379162	3723	2	11-20	0.5506286625243034
ENSMUSG00000059003.13:B1	wild_cluster	0.7073699576979244	0.7566859921451281	5346	6	>20	0.9151947971771448
ENSMUSG00000061451.14:B1	wild_cluster	1.0	1.0	5346	6	>20	1.0
ENSMUSG00000063887.14:B2	wild_cluster	0.7077844293227872	0.5690118152524167	3723	2	11-20	0.8179203437164339
ENSMUSG00000069072.10:B1	wild_cluster	1.0	1.0	2830	7	>20	1.0
ENSMUSG00000074259.11:B1	wild_cluster	0.8542253226533211	0.7460969597370584	1216	1	>20	0.9110312373693631
ENSMUSG00000085767.2:B1	wild_cluster	0.2043039848097003	0.31831175382545823	5946	4	>20	0.6697219663625098
ENSMUSG00000097156.9:B1	wild_cluster	6.14626562634174e-78	0.06060606060606061	32	35	>20	0.4608847075722556
ENSMUSG00000116858.2:B1	wild_cluster	0.99974933082881	0.9737347853939782	3121	10	>20	1.0
ENSMUSG00000028613.16:B1	wild_cluster	0.0085114353663738	0.6810551558752997	416	12	11-20	0.8768967091723633
ENSMUSG00000028613.16:B2	wild_cluster	3.3943820090628877e-10	0.4196547144754316	752	16	>20	0.724785549063727
ENSMUSG00000028613.16:B3	wild_cluster	0.3851904984260722	0.4281150159744409	5946	4	>20	0.7293841138111399
ENSMUSG00000028613.16:B4	wild_cluster	0.017736930011055	0.1612577770304355	5946	4	>20	0.5555320725532211
ENSMUSG00000028613.16:B5	wild_cluster	1.757872591704229e-15	0.45161290322580644	61	16	11-20	0.7428045572611157
ENSMUSG00000055320.19:B3	wild_cluster	5.896656094298405e-18	0.013943112102621304	1792	1	1-5	0.4062768507212951
ENSMUSG00000020366.19:B1	wild_cluster	5.307167919610825e-06	0.23798846893017297	3121	10	>20	0.6086785722830029
ENSMUSG00000020366.19:B2	wild_cluster	0.8166011807881162	0.756508875739645	6759	5	>20	0.9151947971771448
ENSMUSG00000020366.19:B3	wild_cluster	1.1577307908023244e-08	0.04526627218934911	6759	5	>20	0.4392091477032966
ENSMUSG00000030761.17:B1	wild_cluster	0.249958026924055	0.21799746514575413	788	2	1-5	0.5913312883059949
ENSMUSG00000030761.17:B2	wild_cluster	0.9927388597578756	0.8165086447295036	1792	1	1-5	0.9452981526095181
ENSMUSG00000030761.17:B3	wild_cluster	0.9852231316554791	0.7852760736196319	1792	1	1-5	0.9317116013469061
ENSMUSG00000038517.16:B1	wild_cluster	0.0179839801898664	0.4714038128249567	576	8	11-20	0.7581618070926264
ENSMUSG00000038517.16:B2	wild_cluster	3.073932973982895e-05	0.06015733456732994	2160	4	11-20	0.4608847075722556
ENSMUSG00000038517.16:B3	wild_cluster	1.482833731799107e-21	0.09592326139088729	416	12	11-20	0.4808925487948958
ENSMUSG00000060216.16:B1	wild_cluster	0.108227476530333	0.7320872274143302	320	9	11-20	0.9014626714761982
ENSMUSG00000060216.16:B2	wild_cluster	0.3049536909966855	0.31701539676273194	2532	3	11-20	0.6694000889983547
ENSMUSG00000060216.16:B3	wild_cluster	0.0631625943337445	0.1575207264113699	2532	3	11-20	0.5533044874282247
ENSMUSG00000012609.20:B1	wild_cluster	1.240466580244997e-10	0.14641744548286603	320	9	11-20	0.5392853675742495
ENSMUSG00000012609.20:B2	wild_cluster	0.8763500290437249	0.735491512041058	2532	3	11-20	0.9036728315340352
ENSMUSG00000020654.16:B1	wild_cluster	0.4328287395004639	0.6096876753319619	5346	6	>20	0.841387722762265
ENSMUSG00000020654.16:B2	wild_cluster	0.9726304458499871	0.8977621763931549	4557	3	>20	0.9790370517138894
ENSMUSG00000023235.15:B1	wild_cluster	0.4389091130879422	0.42277314611671785	4557	3	>20	0.7270662221884749
ENSMUSG00000023235.15:B2	wild_cluster	0.3774661441642233	0.5744167337087691	1242	6	11-20	0.8227933570853925
ENSMUSG00000027177.15:B1	wild_cluster	1.4177085320197169e-21	0.016090104585679808	1242	6	11-20	0.4062768507212951
ENSMUSG00000027177.15:B2	wild_cluster	0.1680685957552086	0.22937228582708252	2532	3	11-20	0.6014829585144511
ENSMUSG00000029203.17:B2	wild_cluster	3.282827834776112e-08	0.06826257714606321	5346	6	>20	0.46225881142269104
ENSMUSG00000031728.11:B1	wild_cluster	8.024263545071544e-29	0.04483586869495596	3746	8	>20	0.43832766633804804
ENSMUSG00000031728.11:B2	wild_cluster	4.5516602202339983e-38	0.013788464772154027	5946	4	>20	0.4062768507212951
ENSMUSG00000036112.16:B1	wild_cluster	3.659862894160626e-05	0.19055244195356286	3746	8	>20	0.5723647326170157
ENSMUSG00000036112.16:B2	wild_cluster	0.0004450486018659	0.09988229359340844	5946	4	>20	0.4808925487948958
ENSMUSG00000040276.16:B1	wild_cluster	1.6943814758806364e-50	0.24806201550387597	128	30	>20	0.6157545447481213
ENSMUSG00000040276.16:B2	wild_cluster	0.2640163655075966	0.709160794362588	3121	10	>20	0.8890766823857237
ENSMUSG00000045983.17:B1	wild_cluster	1.3282092977147896e-46	0.02877697841726619	416	20	>20	0.4135401864624129
ENSMUSG00000045983.17:B5	wild_cluster	3.531890829114269e-08	0.18033311979500322	3121	10	>20	0.5664729888945136
ENSMUSG00000058153.16:B1	wild_cluster	2.249301517488864e-20	0.4851063829787234	704	24	>20	0.7635241318641995
ENSMUSG00000058153.16:B2	wild_cluster	1.0	1.0	13	32	1-5	1.0
ENSMUSG00000097167.3:B1	wild_cluster	0.1735926422560971	0.2981335126954767	5946	4	>20	0.6507365107036354
ENSMUSG00000097167.3:B2	wild_cluster	0.7334164395168546	0.6500612494895875	2448	2	>20	0.8604009797984133
ENSMUSG00000002006.13:B1	wild_cluster	0.1577888885486865	0.5321590605817987	3746	8	>20	0.7902342149201455
ENSMUSG00000004552.17:B1	wild_cluster	0.8937770962797718	0.7908189002858584	5946	4	>20	0.9346886506019608
ENSMUSG00000006930.16:B1	wild_cluster	0.2344873508291053	0.49579203291565366	5346	6	>20	0.7692911267209382
ENSMUSG00000012422.15:B1	wild_cluster	0.4987154912940256	0.40669856459330145	3761	1	11-20	0.7195945688455408
ENSMUSG00000017264.17:B1	wild_cluster	0.0008369406797697	0.15036469048064335	5346	6	>20	0.5446521643846058
ENSMUSG00000019831.15:B1	wild_cluster	0.0607895828163842	0.17558187015108206	2448	2	>20	0.5626778378593723
ENSMUSG00000020315.19:B1	wild_cluster	1.4485024339435832e-22	0.44113475177304967	704	24	>20	0.7380557778031775
ENSMUSG00000020716.17:B1	wild_cluster	5.199394182253107e-05	0.11127735178604825	5346	6	>20	0.4879256101203754
ENSMUSG00000021180.10:B1	wild_cluster	0.730879362363499	0.6979289940828403	6759	5	>20	0.8851205650536754
ENSMUSG00000021779.20:B1	wild_cluster	0.0014591024068557	0.10943242139648836	2448	2	>20	0.4860396790295065
ENSMUSG00000022378.15:B1	wild_cluster	0.9328050376591278	0.7670830271858927	1360	2	6-10	0.9206736993867843
ENSMUSG00000022790.15:B1	wild_cluster	0.9200169321972728	0.8550458715596331	544	3	6-10	0.9604566279184475
ENSMUSG00000024052.18:B1	wild_cluster	0.8666399199647848	0.847204039648401	5346	6	>20	0.9554745692825012
ENSMUSG00000024576.15:B1	wild_cluster	1.6643567896246125e-05	0.7111383108935129	816	18	>20	0.8900622158076511
ENSMUSG00000025085.17:B1	wild_cluster	7.316191621287914e-84	0.05319148936170213	93	32	>20	0.44899839971852634
ENSMUSG00000025626.17:B1	wild_cluster	0.9772427248207608	0.8902179691653376	3761	1	11-20	0.9766175628702283
ENSMUSG00000026238.15:B1	wild_cluster	0.0029747707301005	0.377642536835362	3121	10	>20	0.7044058430459975
ENSMUSG00000026761.13:B1	wild_cluster	8.903956976395011e-50	0.008454673555659934	2128	9	>20	0.4062768507212951
ENSMUSG00000027273.14:B1	wild_cluster	0.0024432204602321	0.5342771982116244	2683	12	>20	0.7920703545764413
ENSMUSG00000027828.13:B1	wild_cluster	1.7348694347803066e-18	0.03346720214190094	2240	1	6-10	0.418717375093214
ENSMUSG00000028397.14:B1	wild_cluster	7.374318780094037e-46	0.016439643024894316	2128	9	>20	0.4062768507212951
ENSMUSG00000028890.14:B1	wild_cluster	0.0010872143227536	0.1039929793769197	4557	3	>20	0.4837151034996375
ENSMUSG00000029313.19:B1	wild_cluster	0.0005533912281785	0.3254324151185138	3121	10	>20	0.6745927128345012
ENSMUSG00000029787.11:B1	wild_cluster	1.0	1.0	3761	1	11-20	1.0
ENSMUSG00000030428.17:B1	wild_cluster	6.270329554206059e-05	0.11333458013839537	5346	6	>20	0.49331292052487596
ENSMUSG00000031226.14:B1	wild_cluster	2.509681169819214e-51	0.008575752480242138	5946	4	>20	0.4062768507212951
ENSMUSG00000031808.8:B1	wild_cluster	2.6565728288942083e-28	0.021523457205313602	5946	4	>20	0.4062768507212951
ENSMUSG00000032249.15:B1	wild_cluster	0.5793710848837026	0.5491844627543299	5946	4	>20	0.8012135780098896
ENSMUSG00000032601.14:B1	wild_cluster	0.0115733830536885	0.09632846427161469	2532	3	11-20	0.4808925487948958
ENSMUSG00000033544.7:B1	wild_cluster	0.3496287402886794	0.2812333864965444	3761	1	11-20	0.639749446682312
ENSMUSG00000034271.17:B1	wild_cluster	0.0001379596921603	0.1195062651954367	5346	6	>20	0.5022671851566346
ENSMUSG00000035021.14:B1	wild_cluster	0.3773929918538798	0.32396251673360105	2240	1	6-10	0.6730988090505716
ENSMUSG00000035954.11:B1	wild_cluster	0.2343963761432615	0.5446838572942423	2830	7	>20	0.7991666503072302
ENSMUSG00000036817.15:B1	wild_cluster	7.13828432222117e-18	0.13997181775481446	2128	9	>20	0.5329231668075124
ENSMUSG00000037692.15:B1	wild_cluster	3.195383478036504e-05	0.07707100591715976	6759	5	>20	0.46988072736595277
ENSMUSG00000038342.16:B1	wild_cluster	4.218015982539655e-24	0.09678558813140233	2830	7	>20	0.4808925487948958
ENSMUSG00000039047.18:B1	wild_cluster	0.1040162930165441	0.2510509500588532	5946	4	>20	0.6157545447481213
ENSMUSG00000039838.12:B1	wild_cluster	0.1174105701813393	0.23080298376480912	4557	3	>20	0.6029714596284065
ENSMUSG00000040675.18:B1	wild_cluster	0.1440243726465176	0.4256592481765476	5346	6	>20	0.7278497688652653
ENSMUSG00000041530.18:B1	wild_cluster	4.689486079388281e-08	0.06975874322049748	5346	6	>20	0.46225881142269104
ENSMUSG00000042572.13:B1	wild_cluster	0.5238798546944198	0.42793395805443996	2240	1	6-10	0.7293841138111399
ENSMUSG00000044864.17:B1	wild_cluster	0.9077624450404546	0.7178545187362234	1360	2	6-10	0.8947287730752262
ENSMUSG00000047766.16:B1	wild_cluster	0.3377594005645853	0.310687432867884	3723	2	11-20	0.6636271747230312
ENSMUSG00000050390.13:B1	wild_cluster	0.4397530465874744	0.40302164148632097	2448	2	>20	0.7192367011784552
ENSMUSG00000052632.17:B1	wild_cluster	0.5494433954256583	0.48223764801959984	2448	2	>20	0.7633688691677389
ENSMUSG00000054920.13:B1	wild_cluster	0.9913895010599768	0.933184855233853	448	4	6-10	0.9981074054635851
ENSMUSG00000057110.16:B1	wild_cluster	1.0	1.0	416	12	11-20	1.0
ENSMUSG00000059119.10:B1	wild_cluster	0.9376529773123072	0.86198224852071	6759	5	>20	0.9633000517773493
ENSMUSG00000061559.16:B1	wild_cluster	0.9692844916120352	0.8755020080321285	2240	1	6-10	0.970810915843081
ENSMUSG00000064043.16:B1	wild_cluster	0.0001465975753754	0.1204413689919581	5346	6	>20	0.5042149389672654
ENSMUSG00000069135.12:B1	wild_cluster	0.5591151715787613	0.4513556618819777	3761	1	11-20	0.7428045572611157
ENSMUSG00000074305.10:B1	wild_cluster	0.1483058586211309	0.2910689495603887	2160	4	11-20	0.6472681789233989
ENSMUSG00000097265.3:B1	wild_cluster	0.2898628188941414	0.23843700159489634	3761	1	11-20	0.6087620269945074
ENSMUSG00000116894.2:B1	wild_cluster	0.6105553779631898	0.6152366863905325	6759	5	>20	0.8454093592126865
ENSMUSG00000029478.17:B1	wild_cluster	1.3462538636174122e-32	0.7216494845360825	96	33	>20	0.8980149946763155
ENSMUSG00000029478.17:B2	wild_cluster	6.918712051532903e-10	0.2253711201079622	740	11	>20	0.5983415876372133
ENSMUSG00000029478.17:B3	wild_cluster	6.406025336550692e-07	0.300944669365722	740	11	>20	0.6530644709134412
ENSMUSG00000029478.17:B4	wild_cluster	0.0706375779690768	0.7165991902834008	740	11	>20	0.8937163918800626
ENSMUSG00000029478.17:B6	wild_cluster	4.128219790368371e-15	0.7033492822966507	208	22	>20	0.8867992710590356
ENSMUSG00000058318.16:B1	wild_cluster	0.0020977701751332	0.36418962203715566	3121	10	>20	0.6926078671426348
ENSMUSG00000058318.16:B2	wild_cluster	0.3394560254106425	0.7440743113388854	3121	10	>20	0.909739196117113
ENSMUSG00000058318.16:B3	wild_cluster	0.4107184820087691	0.49556213017751477	6759	5	>20	0.7692649138925995
ENSMUSG00000058318.16:B5	wild_cluster	0.9428645832186854	0.8683431952662722	6759	5	>20	0.9667775386421444
ENSMUSG00000020594.15:B1	wild_cluster	3.164537043622329e-28	0.08314087759815242	432	15	>20	0.47174467816973154
ENSMUSG00000020594.15:B2	wild_cluster	0.2901502161650272	0.425	6759	5	>20	0.7277932101778983
ENSMUSG00000020594.15:B4	wild_cluster	6.404541977362157e-32	0.009467455621301775	6759	5	>20	0.4062768507212951
ENSMUSG00000025576.18:B1	wild_cluster	1.654574312805189e-16	0.22809123649459784	832	14	>20	0.600577863032669
ENSMUSG00000025576.18:B3	wild_cluster	0.0007999558031887	0.24938184387142354	2830	7	>20	0.6157545447481213
ENSMUSG00000025576.18:B4	wild_cluster	0.001214729670857	0.2543270929000353	2830	7	>20	0.6185367088830311
ENSMUSG00000030811.15:B2	wild_cluster	8.359679953145489e-21	0.012956964368347987	2160	4	11-20	0.4062768507212951
ENSMUSG00000030811.15:B3	wild_cluster	0.3398441336413267	0.7192374350086655	576	8	11-20	0.8959552296336455
ENSMUSG00000039137.19:B1	wild_cluster	6.069227747775457e-05	0.06098457016899339	1360	2	6-10	0.4608847075722556
ENSMUSG00000060227.16:B1	wild_cluster	0.9836066206941046	0.920414201183432	6759	5	>20	0.9914869524498744
ENSMUSG00000060227.16:B3	wild_cluster	3.233403309854771e-06	0.06390532544378698	6759	5	>20	0.4608847075722556
ENSMUSG00000060227.16:B4	wild_cluster	0.0004710747806774	0.3199871877001922	3121	10	>20	0.6699341187595068
ENSMUSG00000013033.17:B1	wild_cluster	7.483857733106363e-45	0.0861244019138756	208	22	>20	0.47410638896707014
ENSMUSG00000013033.17:B2	wild_cluster	6.818055877846659e-11	0.1970310391363023	740	11	>20	0.5786818005754758
ENSMUSG00000020694.18:B1	wild_cluster	0.9740490141855191	0.8936627282491945	3723	2	11-20	0.9777345072563368
ENSMUSG00000020694.18:B2	wild_cluster	0.8911186011387895	0.7437533227006912	3761	1	11-20	0.9095943167904995
ENSMUSG00000023467.19:B3	wild_cluster	0.2694124460328951	0.3319638455217749	1216	1	>20	0.6787082352280288
ENSMUSG00000027180.13:B1	wild_cluster	0.0347022139070276	0.39124633039765144	3746	8	>20	0.7135019226060081
ENSMUSG00000027180.13:B2	wild_cluster	0.0058174936084517	0.13620312762737516	5946	4	>20	0.5261217052794015
ENSMUSG00000029245.17:B1	wild_cluster	0.0040401356286789	0.2892970681737902	2830	7	>20	0.644604380077711
ENSMUSG00000029245.17:B2	wild_cluster	2.8790177623118217e-05	0.49819927971188477	832	14	>20	0.770896026340264
ENSMUSG00000031760.10:B1	wild_cluster	0.997271620948934	0.9265246142542248	1360	2	6-10	0.9940168538882201
ENSMUSG00000031760.10:B2	wild_cluster	6.55022431960879e-05	0.17371937639198218	448	4	6-10	0.5605944243913678
ENSMUSG00000036192.16:B2	wild_cluster	0.2796647803931869	0.3086974275214373	2448	2	>20	0.6606330845289644
ENSMUSG00000046449.16:B1	wild_cluster	0.00286223297194	0.17991397045072002	5346	6	>20	0.566344783773429
ENSMUSG00000046449.16:B2	wild_cluster	0.7660315325175402	0.6652040368582711	4557	3	>20	0.8698970985640041
ENSMUSG00000058966.14:B1	wild_cluster	1.5137211897505163e-09	0.20948802254579615	2128	9	>20	0.5882245182474101
ENSMUSG00000058966.14:B2	wild_cluster	1.2970632565745575e-09	0.060407705255283335	5346	6	>20	0.4608847075722556
ENSMUSG00000097391.9:B1	wild_cluster	0.0013041826996308	0.7463479415670651	752	16	>20	0.9110312373693631
ENSMUSG00000097391.9:B2	wild_cluster	0.1541506532110544	0.812220566318927	2683	12	>20	0.9427635100528735
ENSMUSG00000002032.18:B1	wild_cluster	0.7613391129114088	0.6113769271664008	3761	1	11-20	0.842510856457533
ENSMUSG00000004558.16:B1	wild_cluster	0.3340394407161383	0.3393221723152307	2448	2	>20	0.6813258889408138
ENSMUSG00000006932.18:B1	wild_cluster	0.3664997565052892	0.4280425728829246	2160	4	11-20	0.7293841138111399
ENSMUSG00000013076.18:B1	wild_cluster	3.903186960409914e-18	0.044036697247706424	544	3	6-10	0.4370964032340817
ENSMUSG00000017288.16:B1	wild_cluster	0.8846463234114996	0.7690655209452202	3723	2	11-20	0.921756949260241
ENSMUSG00000019841.16:B1	wild_cluster	1.3738516980884557e-45	0.0046755189826070695	5346	6	>20	0.4062768507212951
ENSMUSG00000020321.17:B1	wild_cluster	0.9999999999999996	0.9720414201183432	6759	5	>20	1.0
ENSMUSG00000020721.17:B1	wild_cluster	0.0001240157682526	0.08579881656804733	6759	5	>20	0.47410638896707014
ENSMUSG00000021182.17:B1	wild_cluster	0.3291594180285069	0.38977635782747605	5946	4	>20	0.7135019226060081
ENSMUSG00000021792.16:B1	wild_cluster	0.9459171767741456	0.8501611170784104	3723	2	11-20	0.9571237438386514
ENSMUSG00000022387.18:B1	wild_cluster	1.0	1.0	5946	4	>20	1.0
ENSMUSG00000022797.17:B1	wild_cluster	0.2654524919428829	0.2972641894650878	2448	2	>20	0.6505074818094451
ENSMUSG00000024055.16:B1	wild_cluster	0.8457060374268655	0.6311787072243346	788	2	1-5	0.8512009095646406
ENSMUSG00000024581.14:B1	wild_cluster	0.5657791875339877	0.5411131663023373	5946	4	>20	0.796161265322666
ENSMUSG00000025092.8:B1	wild_cluster	0.1684650834851303	0.3464497041420118	6759	5	>20	0.6860732506491121
ENSMUSG00000025648.19:B1	wild_cluster	1.6093679244031147e-09	0.07390771743568804	2448	2	>20	0.46652275045909
ENSMUSG00000026239.15:B1	wild_cluster	0.0017573207641418	0.11952662721893491	6759	5	>20	0.5022671851566346
ENSMUSG00000026782.16:B1	wild_cluster	0.3087973213002564	0.43550295857988164	6759	5	>20	0.7351669635253019
ENSMUSG00000027287.15:B1	wild_cluster	0.90881286316354	0.8037666050109299	5946	4	>20	0.9386000151736953
ENSMUSG00000027849.20:B1	wild_cluster	0.0026501491820339	0.36915077989601386	576	8	11-20	0.6959625866241093
ENSMUSG00000028402.19:B1	wild_cluster	0.0031859957438917	0.12443248696821926	5946	4	>20	0.5106377886801484
ENSMUSG00000028898.16:B1	wild_cluster	0.9994263153689456	0.957203615098352	3761	1	11-20	1.0
ENSMUSG00000029344.16:B1	wild_cluster	0.3648378871915059	0.3861955628594905	1216	1	>20	0.710979700149521
ENSMUSG00000029802.14:B1	wild_cluster	0.9636361064446354	0.7515842839036755	788	2	1-5	0.9136986747754561
ENSMUSG00000030447.16:B1	wild_cluster	0.0362300942790336	0.12949072246348203	2532	3	11-20	0.5152102084198062
ENSMUSG00000031229.17:B1	wild_cluster	9.249123058590216e-12	0.19448584202682564	2683	12	>20	0.5769371147983733
ENSMUSG00000031812.17:B1	wild_cluster	1.0	1.0	304	6	6-10	1.0
ENSMUSG00000032252.15:B1	wild_cluster	3.89321425081212e-31	0.0298376480912681	4557	3	>20	0.4135401864624129
ENSMUSG00000032612.15:B1	wild_cluster	0.0540803488133611	0.2399342645850452	1216	1	>20	0.6096067401108728
ENSMUSG00000033577.19:B1	wild_cluster	0.090300207197923	0.27559171597633136	6759	5	>20	0.6332265924121128
ENSMUSG00000034274.12:B1	wild_cluster	0.9909551722911114	0.9374725756910925	4557	3	>20	0.9984605868915336
ENSMUSG00000035024.17:B2	wild_cluster	0.0162970627828731	0.1760355029585799	6759	5	>20	0.5632133043375648
ENSMUSG00000035967.16:B1	wild_cluster	0.1890254309855913	0.46081915092575276	5346	6	>20	0.7504127035187637
ENSMUSG00000036825.13:B1	wild_cluster	0.9420050670349588	0.7788390889052168	1360	2	6-10	0.9265215008904221
ENSMUSG00000037697.20:B1	wild_cluster	0.1683451553248402	0.1844763423710792	3761	1	11-20	0.5693254400567805
ENSMUSG00000039057.12:B1	wild_cluster	0.113282023233783	0.25828148646376325	5946	4	>20	0.6212974668122884
ENSMUSG00000039842.16:B1	wild_cluster	4.78879994430716e-07	0.05680473372781065	6759	5	>20	0.455900934444738
ENSMUSG00000040681.17:B1	wild_cluster	1.5358912757058267e-63	0.009129967776584319	3723	2	11-20	0.4062768507212951
ENSMUSG00000041570.15:B1	wild_cluster	1.0	1.0	6759	5	>20	1.0
ENSMUSG00000042589.19:B1	wild_cluster	3.8948336282740295e-18	0.13114754098360656	2683	12	>20	0.517455128504491
ENSMUSG00000044991.11:B1	wild_cluster	0.7015928678048293	0.631578947368421	5946	4	>20	0.8512009095646406
ENSMUSG00000047804.16:B1	wild_cluster	0.5741287320930347	0.4614566719829878	3761	1	11-20	0.7504647144925969
ENSMUSG00000050447.16:B1	wild_cluster	1.651657196398688e-07	0.03933364183248496	2160	4	11-20	0.4277247270706293
ENSMUSG00000052676.17:B1	wild_cluster	0.8998559826795735	0.8260355029585799	6759	5	>20	0.9482625809583288
ENSMUSG00000054942.14:B1	wild_cluster	0.0001405436233733	0.2918001281229981	3121	10	>20	0.6473387345478859
ENSMUSG00000057147.14:B1	wild_cluster	0.8604644919345913	0.7573497147871874	4557	3	>20	0.9157509875704026
ENSMUSG00000059146.13:B1	wild_cluster	0.0002483375337524	0.5678271308523409	832	14	>20	0.8167401446649746
ENSMUSG00000061576.16:B1	wild_cluster	2.342321382764223e-13	0.6524822695035462	704	24	>20	0.8611984685001736
ENSMUSG00000064061.14:B1	wild_cluster	0.9523352069544228	0.8663887670030715	4557	3	>20	0.9659514374231316
ENSMUSG00000074505.7:B1	wild_cluster	7.952684611862474e-43	0.019780996114447193	2830	7	>20	0.4062768507212951
ENSMUSG00000085782.3:B1	wild_cluster	0.0154104685626703	0.09845701689933872	1360	2	6-10	0.4808925487948958
ENSMUSG00000097290.10:B1	wild_cluster	1.0	1.0	320	9	11-20	1.0
ENSMUSG00000118362.2:B1	wild_cluster	0.3460613365643631	0.36243966652040366	4557	3	>20	0.6921417565485363
ENSMUSG00000033565.19:B2	wild_cluster	4.704376884815821e-44	0.015745930077395248	3746	8	>20	0.4062768507212951
ENSMUSG00000033565.19:B3	wild_cluster	0.079918037098684	0.45636509207365894	3746	8	>20	0.7468094694334703
ENSMUSG00000033565.19:B4	wild_cluster	0.0003465817097399	0.7091633466135459	752	16	>20	0.8890766823857237
ENSMUSG00000058388.15:B1	wild_cluster	2.8704567399244795e-05	0.2572069186418962	3121	10	>20	0.6202669728154842
ENSMUSG00000058388.15:B2	wild_cluster	6.992543875462411e-06	0.0683431952662722	6759	5	>20	0.46225881142269104
ENSMUSG00000058388.15:B3	wild_cluster	0.4168461276244407	0.49792899408284025	6759	5	>20	0.770892598316998
ENSMUSG00000058388.15:B4	wild_cluster	1.6766541873325036e-14	0.029437869822485207	6759	5	>20	0.4135401864624129
ENSMUSG00000020684.15:B1	wild_cluster	0.7485225422294172	0.8128654970760234	512	10	11-20	0.9427812581630513
ENSMUSG00000020684.15:B2	wild_cluster	0.4638508852323063	0.520851818988465	1126	5	11-20	0.7835176265382214
ENSMUSG00000020684.15:B3	wild_cluster	0.9419631244986216	0.9481132075471698	211	15	11-20	1.0
ENSMUSG00000025812.19:B1	wild_cluster	0.9998164846447604	0.5789473684210527	18	15	1-5	0.8255973266499582
ENSMUSG00000025812.19:B2	wild_cluster	0.4891797787205328	0.44769048559020924	2532	3	11-20	0.7411762233058684
ENSMUSG00000030826.20:B2	wild_cluster	0.8283535488549304	0.6693248272195641	3761	1	11-20	0.8717330019919635
ENSMUSG00000030826.20:B3	wild_cluster	0.4897917320382308	0.39925571504518875	3761	1	11-20	0.7182190521974527
ENSMUSG00000039361.12:B1	wild_cluster	8.472234404748318e-09	0.16984402079722705	576	8	11-20	0.5582700482166111
ENSMUSG00000039361.12:B2	wild_cluster	0.0027915317204796	0.10828320222119389	2160	4	11-20	0.4860396790295065
ENSMUSG00000039361.12:B3	wild_cluster	0.779680660352714	0.6760758907913004	2160	4	11-20	0.8749805053150693
ENSMUSG00000060373.16:B1	wild_cluster	0.9471054257304148	0.7920646583394563	1360	2	6-10	0.9346886506019608
ENSMUSG00000060373.16:B2	wild_cluster	0.99999119481668	0.9544452608376194	1360	2	6-10	1.0
ENSMUSG00000060373.16:B5	wild_cluster	0.9960913552255808	0.955456570155902	448	4	6-10	1.0
ENSMUSG00000013662.7:B2	wild_cluster	0.7602353625711855	0.676194365046958	2448	2	>20	0.8749805053150693
ENSMUSG00000020747.19:B1	wild_cluster	5.392192950794704e-10	0.15663036515054451	3121	10	>20	0.553192810484572
ENSMUSG00000020747.19:B2	wild_cluster	0.1630835521751516	0.34289940828402365	6759	5	>20	0.6840697909187786
ENSMUSG00000023927.16:B1	wild_cluster	9.080980727945983e-06	0.5371702637889688	416	12	11-20	0.7947314460103952
ENSMUSG00000023927.16:B2	wild_cluster	0.5015232968236361	0.4640193067134708	4557	3	>20	0.7522336637721252
ENSMUSG00000027210.21:B1	wild_cluster	0.3885451273518851	0.48298816568047337	6759	5	>20	0.7633688691677389
ENSMUSG00000027210.21:B2	wild_cluster	0.3567713381480689	0.46420118343195266	6759	5	>20	0.7522336637721252
ENSMUSG00000029291.12:B1	wild_cluster	0.0003988958649316	0.31614349775784756	3121	10	>20	0.6692349632084125
ENSMUSG00000029291.12:B2	wild_cluster	5.193229107567863e-05	0.6212471131639723	432	15	>20	0.8465248834055134
ENSMUSG00000031778.14:B1	wild_cluster	1.221629202857622e-31	0.03763010408326661	3746	8	>20	0.4221280740380004
ENSMUSG00000031778.14:B2	wild_cluster	6.285278594385679e-33	0.09561752988047809	752	16	>20	0.4808925487948958
ENSMUSG00000036257.16:B2	wild_cluster	0.0166294609642498	0.1772189349112426	6759	5	>20	0.5638184899724017
ENSMUSG00000040479.13:B1	wild_cluster	1.786283079999697e-57	0.06896551724137931	144	27	>20	0.46225881142269104
ENSMUSG00000040479.13:B2	wild_cluster	7.539262472145646e-38	0.0587515299877601	816	18	>20	0.4608847075722556
ENSMUSG00000046709.19:B1	wild_cluster	2.6535295105387487e-34	0.5212765957446809	93	32	>20	0.7835176265382214
ENSMUSG00000046709.19:B2	wild_cluster	3.82098110671655e-34	0.2226950354609929	704	24	>20	0.5957903406894164
ENSMUSG00000059173.20:B1	wild_cluster	0.518871502372348	0.4654559810501382	2532	3	11-20	0.7537232396817667
ENSMUSG00000059173.20:B2	wild_cluster	0.5200739489691251	0.4674299249901303	2532	3	11-20	0.7550144635223536
ENSMUSG00000097392.5:B1	wild_cluster	0.1133550410976775	0.5974635979333021	2128	9	>20	0.8365980305225663
ENSMUSG00000097392.5:B2	wild_cluster	1.1919871435663977e-29	0.09302325581395349	816	18	>20	0.4808925487948958
ENSMUSG00000002102.16:B1	wild_cluster	0.1874959086614463	0.2427951046190288	2532	3	11-20	0.6099503589996492
ENSMUSG00000007411.17:B1	wild_cluster	7.483521980127861e-29	0.04483586869495596	3746	8	>20	0.43832766633804804
ENSMUSG00000013150.16:B1	wild_cluster	0.8572591019386784	0.7531812198332603	4557	3	>20	0.9141394320005058
ENSMUSG00000017291.14:B1	wild_cluster	1.4734561420135794e-14	0.029289940828402368	6759	5	>20	0.4135401864624129
ENSMUSG00000019852.8:B1	wild_cluster	0.9999998999957428	0.9655724579663731	3746	8	>20	1.0
ENSMUSG00000020329.13:B1	wild_cluster	0.4984817901583404	0.4933579956280478	5946	4	>20	0.7690532828804467
ENSMUSG00000020741.18:B1	wild_cluster	0.1625269079300297	0.3017121702915317	2160	4	11-20	0.6535035800318499
ENSMUSG00000021192.17:B1	wild_cluster	0.9973243877297604	0.9513556618819776	3761	1	11-20	1.0
ENSMUSG00000021816.12:B1	wild_cluster	0.8737682062185661	0.8035502958579882	6759	5	>20	0.9386000151736953
ENSMUSG00000022389.16:B1	wild_cluster	0.0083018485915426	0.15266272189349112	6759	5	>20	0.5486087573964498
ENSMUSG00000022807.10:B1	wild_cluster	0.5301478241194508	0.4745361231741019	2532	3	11-20	0.7613529557680553
ENSMUSG00000024059.11:B1	wild_cluster	1.4440777694703234e-21	0.25517241379310346	144	21	>20	0.6185864890929439
ENSMUSG00000024587.11:B1	wild_cluster	4.389107792799081e-06	0.06568047337278106	6759	5	>20	0.4608847075722556
ENSMUSG00000025132.14:B1	wild_cluster	0.3684382177059065	0.4289680703378066	2160	4	11-20	0.7298956711959951
ENSMUSG00000025656.18:B1	wild_cluster	7.69161432250789e-62	0.40707964601769914	112	40	>20	0.7195945688455408
ENSMUSG00000026245.17:B1	wild_cluster	0.5206747973878687	0.47608600263273365	4557	3	>20	0.7629605151003352
ENSMUSG00000026784.15:B1	wild_cluster	0.3596139902027137	0.41029090297629056	5946	4	>20	0.7211054582229988
ENSMUSG00000027288.17:B1	wild_cluster	0.2346651153893376	0.6730859558478158	2128	9	>20	0.8737423758046838
ENSMUSG00000027854.13:B1	wild_cluster	0.0	0.002658160552897395	3761	1	11-20	0.4062768507212951
ENSMUSG00000028403.16:B1	wild_cluster	1.217587759445209e-26	0.16433853738701726	1216	1	>20	0.5568066738432305
ENSMUSG00000028909.18:B1	wild_cluster	0.0010238919019596	0.1087943500924836	5946	4	>20	0.4860396790295065
ENSMUSG00000029361.19:B1	wild_cluster	0.0270933109687114	0.15862220272049143	4557	3	>20	0.5553631602653527
ENSMUSG00000029804.18:B1	wild_cluster	1.3041150710853434e-18	0.09160794362588084	3121	10	>20	0.4808925487948958
ENSMUSG00000030465.20:B1	wild_cluster	3.421959523926444e-29	0.21212121212121213	32	28	>20	0.5885518387222989
ENSMUSG00000031256.12:B1	wild_cluster	0.1899415588217246	0.2749012724879333	4557	3	>20	0.6331283098585031
ENSMUSG00000031818.13:B1	wild_cluster	0.0012568324469677	0.09856547894493291	2160	4	11-20	0.4808925487948958
ENSMUSG00000032258.16:B1	wild_cluster	0.0594837313943136	0.24363905325443788	6759	5	>20	0.6103361121883251
ENSMUSG00000032621.9:B1	wild_cluster	0.0025594116670134	0.3912635039924847	2128	9	>20	0.7135019226060081
ENSMUSG00000033595.8:B1	wild_cluster	0.9165887600221508	0.7274063188831741	1360	2	6-10	0.9008265208451066
ENSMUSG00000034275.20:B1	wild_cluster	1.0	1.0	2128	9	>20	1.0
ENSMUSG00000035027.19:B1	wild_cluster	0.4047856967617898	0.34935553168635874	3723	2	11-20	0.6875075072747915
ENSMUSG00000036006.21:B1	wild_cluster	0.000128549617619	0.1592920353982301	1242	6	11-20	0.5555320725532211
ENSMUSG00000037736.21:B1	wild_cluster	2.2216782532484327e-21	0.19787516600265603	752	16	>20	0.5786818005754758
ENSMUSG00000038351.15:B1	wild_cluster	2.0355816738821108e-20	0.019308125502815767	1242	6	11-20	0.4062768507212951
ENSMUSG00000039068.17:B1	wild_cluster	0.9999942914174292	0.9777121374865736	3723	2	11-20	1.0
ENSMUSG00000039852.18:B1	wild_cluster	4.0423465889221616e-76	0.006747638326585695	740	11	>20	0.4062768507212951
ENSMUSG00000040711.9:B1	wild_cluster	8.825421467931526e-24	0.02522280141247688	5946	4	>20	0.4105102316842252
ENSMUSG00000041607.18:B1	wild_cluster	1.0	1.0	112	40	>20	1.0
ENSMUSG00000042616.9:B1	wild_cluster	0.0274504279672843	0.12147793726741095	3761	1	11-20	0.5076082736792651
ENSMUSG00000045038.15:B1	wild_cluster	0.6920525837269148	0.7679265277287177	2830	7	>20	0.921101725649506
ENSMUSG00000047879.18:B1	wild_cluster	0.8013848589749459	0.6491228070175439	3761	1	11-20	0.8598819372228862
ENSMUSG00000050556.10:B1	wild_cluster	4.816600978051384e-55	0.0032030749519538757	3121	10	>20	0.4062768507212951
ENSMUSG00000052698.16:B1	wild_cluster	4.149702298974333e-06	0.460984393757503	832	14	>20	0.7504127035187637
ENSMUSG00000055013.17:B1	wild_cluster	0.0005348563949232	0.24267043447545036	2830	7	>20	0.6099503589996492
ENSMUSG00000057181.16:B1	wild_cluster	0.8623859504650411	0.7930473372781065	6759	5	>20	0.9346886506019608
ENSMUSG00000059182.9:B1	wild_cluster	0.0001744187956495	0.059613106987761545	2532	3	11-20	0.4608847075722556
ENSMUSG00000061578.10:B1	wild_cluster	1.635948942974015e-45	0.014144649052575394	3746	8	>20	0.4062768507212951
ENSMUSG00000064080.13:B1	wild_cluster	0.5065793349038523	0.41192266380236303	3723	2	11-20	0.7211054582229988
ENSMUSG00000069227.5:B1	wild_cluster	1.3441995248406918e-07	0.051479289940828406	6759	5	>20	0.4455587098539522
ENSMUSG00000074513.10:B1	wild_cluster	0.4813617256146474	0.4844979176307265	2160	4	11-20	0.7633688691677389
ENSMUSG00000085819.8:B1	wild_cluster	0.4307780252353806	0.418165862220272	4557	3	>20	0.7241330196967857
ENSMUSG00000097311.9:B1	wild_cluster	0.0016061673926949	0.1251109139307897	1126	5	11-20	0.5118380923288773
ENSMUSG00000118664.1:B1	wild_cluster	0.2611124900679279	0.6881164866134335	2128	9	>20	0.8791294817598246
ENSMUSG00000037605.17:B2	wild_cluster	0.1190637262300191	0.4050869646530765	5346	6	>20	0.7195945688455408
ENSMUSG00000037605.17:B3	wild_cluster	0.0070706824563915	0.20665793903123247	5346	6	>20	0.5882245182474101
ENSMUSG00000037605.17:B4	wild_cluster	0.0019419376412514	0.16925378717037592	5346	6	>20	0.5582700482166111
ENSMUSG00000064036.16:B1	wild_cluster	0.9728792962248074	0.8886833697662687	5946	4	>20	0.9760738718281349
ENSMUSG00000064036.16:B2	wild_cluster	0.9559191402304764	0.8807676602694977	2448	2	>20	0.9721888372490781
ENSMUSG00000064036.16:B3	wild_cluster	6.15080590280047e-13	0.0690077582686811	2448	2	>20	0.46225881142269104
ENSMUSG00000064036.16:B4	wild_cluster	0.9212145155485746	0.8366680277664352	2448	2	>20	0.950268718262156
ENSMUSG00000020717.20:B2	wild_cluster	0.4226497415295444	0.29726715002788623	1792	1	1-5	0.6505074818094451
ENSMUSG00000025938.17:B1	wild_cluster	0.8260628997545302	0.779510022271715	448	4	6-10	0.926828750673516
ENSMUSG00000025938.17:B2	wild_cluster	0.9319678111896336	0.8287829708468302	2160	4	11-20	0.9495192743758338
ENSMUSG00000030850.18:B1	wild_cluster	0.0194313781807677	0.24985973443052178	5346	6	>20	0.6157545447481213
ENSMUSG00000030850.18:B2	wild_cluster	0.0004664778583269	0.09806932865291795	4557	3	>20	0.4808925487948958
ENSMUSG00000030850.18:B3	wild_cluster	0.0090012931034222	0.13339183852566916	4557	3	>20	0.5237728484766659
ENSMUSG00000039536.17:B1	wild_cluster	0.7688423915423133	0.6369495166487648	3723	2	11-20	0.85310105684835
ENSMUSG00000039536.17:B3	wild_cluster	0.9630789169233516	0.8676236044657097	3761	1	11-20	0.9663687654996203
ENSMUSG00000039536.17:B4	wild_cluster	0.4105339961858236	0.3298777246145667	3761	1	11-20	0.6775540644575371
ENSMUSG00000060450.15:B1	wild_cluster	2.2440815714926853e-08	0.04922850844966936	1360	2	6-10	0.43963983201651363
ENSMUSG00000060450.15:B2	wild_cluster	0.6132695642691162	0.49069643806485913	3761	1	11-20	0.7680461159861017
ENSMUSG00000060450.15:B3	wild_cluster	6.429703742932984e-05	0.16926503340757237	448	4	6-10	0.5582700482166111
ENSMUSG00000013846.11:B1	wild_cluster	3.292033399910633e-06	0.08779093507554103	2448	2	>20	0.47479339520313996
ENSMUSG00000013846.11:B2	wild_cluster	0.9840044812254124	0.9309778142974527	1216	1	>20	0.9971274062527796
ENSMUSG00000020821.18:B1	wild_cluster	0.5400373957809206	0.5155020823692735	2160	4	11-20	0.7817810108044486
ENSMUSG00000020821.18:B3	wild_cluster	0.126029729703644	0.416733708769107	1242	6	11-20	0.7236056512527362
ENSMUSG00000024012.19:B1	wild_cluster	0.999999999609578	0.9869719699960521	2532	3	11-20	1.0
ENSMUSG00000024012.19:B2	wild_cluster	0.929469322633167	0.8053691275167785	2532	3	11-20	0.939788672865596
ENSMUSG00000027257.14:B1	wild_cluster	0.1191362772478219	0.2810810810810811	184	3	1-5	0.639749446682312
ENSMUSG00000027257.14:B2	wild_cluster	1.0	1.0	2240	1	6-10	1.0
ENSMUSG00000031840.15:B1	wild_cluster	1.9282439986257758e-40	0.03233256351039261	432	15	>20	0.41840536512667664
ENSMUSG00000031840.15:B2	wild_cluster	0.9377201590781994	0.86198224852071	6759	5	>20	0.9633000517773493
ENSMUSG00000036510.18:B1	wild_cluster	0.8720193761832321	0.771985875231209	5946	4	>20	0.9228075701303743
ENSMUSG00000036510.18:B2	wild_cluster	0.9894546270237669	0.9278688524590164	304	6	6-10	0.9952213193041789
ENSMUSG00000040549.17:B1	wild_cluster	4.16094973012781e-29	0.07559166372306605	2830	7	>20	0.4676814138781639
ENSMUSG00000040549.17:B3	wild_cluster	7.628536333268071e-30	0.07170611091487107	2830	7	>20	0.4641265853452462
ENSMUSG00000046873.19:B1	wild_cluster	0.9344935101334514	0.8418165862220272	4557	3	>20	0.9532241253615695
ENSMUSG00000059401.15:B1	wild_cluster	0.9905554469834208	0.9264232008592911	3723	2	11-20	0.9940168538882201
ENSMUSG00000059401.15:B2	wild_cluster	0.9956607118185752	0.950485886163813	2160	4	11-20	1.0
ENSMUSG00000002103.17:B1	wild_cluster	4.798609992587002e-115	0.08052588331963846	1216	1	>20	0.47174467816973154
ENSMUSG00000004591.17:B1	wild_cluster	0.1197026737375666	0.2633260467462586	5946	4	>20	0.6241502716168502
ENSMUSG00000007458.15:B1	wild_cluster	3.424519851381757e-18	0.027926960257787327	3723	2	11-20	0.4135401864624129
ENSMUSG00000013236.18:B1	wild_cluster	2.99045263571172e-06	0.22966047405509288	3121	10	>20	0.601887310067373
ENSMUSG00000017299.14:B1	wild_cluster	0.2353626784931419	0.30430013163668274	4557	3	>20	0.6543399671191856
ENSMUSG00000019856.15:B1	wild_cluster	2.0448456199127125e-08	0.06657939031232467	5346	6	>20	0.4608847075722556
ENSMUSG00000020331.10:B1	wild_cluster	0.2027846349699506	0.49665924276169265	448	4	6-10	0.769838964280719
ENSMUSG00000020745.16:B1	wild_cluster	0.3485943995962411	0.6057930060049452	2830	7	>20	0.8401426931071979
ENSMUSG00000021193.11:B1	wild_cluster	0.9785832453291644	0.8979317302841769	5946	4	>20	0.9790370517138894
ENSMUSG00000021820.19:B1	wild_cluster	0.9509683373020552	0.8547166638641331	5946	4	>20	0.9603269770079255
ENSMUSG00000022391.17:B1	wild_cluster	4.665163480159011e-06	0.17026954897251134	3746	8	>20	0.5582700482166111
ENSMUSG00000022811.18:B1	wild_cluster	2.934119456011452e-26	0.023036825290062218	5946	4	>20	0.4062768507212951
ENSMUSG00000024083.17:B2	wild_cluster	0.6447790390612196	0.7224611931924444	5346	6	>20	0.8984761018329069
ENSMUSG00000024603.9:B1	wild_cluster	0.0515155169993171	0.2608695652173913	1126	5	11-20	0.6235067639910545
ENSMUSG00000025138.15:B1	wild_cluster	0.0523641833766689	0.20615436354464436	5946	4	>20	0.5882245182474101
ENSMUSG00000025658.17:B1	wild_cluster	3.269995056821021e-42	0.028315946348733235	2683	12	>20	0.4135401864624129
ENSMUSG00000026259.15:B1	wild_cluster	0.1403137795690516	0.3224852071005917	6759	5	>20	0.6714054760410588
ENSMUSG00000026792.17:B1	wild_cluster	0.6423528523840955	0.5151515151515151	3761	1	11-20	0.7817772317772318
ENSMUSG00000027291.16:B1	wild_cluster	1.0	1.0	5946	4	>20	1.0
ENSMUSG00000028410.14:B1	wild_cluster	0.0251660570978397	0.19363905325443787	6759	5	>20	0.5756531268780712
ENSMUSG00000028917.15:B1	wild_cluster	1.8260017695680748e-39	0.021617293835068056	3746	8	>20	0.4062768507212951
ENSMUSG00000029364.16:B1	wild_cluster	0.7328178865281745	0.6135653726015172	2240	1	6-10	0.8439850543836764
ENSMUSG00000029822.16:B1	wild_cluster	0.1611828958099187	0.1796916533758639	3761	1	11-20	0.566344783773429
ENSMUSG00000030513.15:B1	wild_cluster	0.95158222003952	0.8560618799394653	5946	4	>20	0.9609367977881563
ENSMUSG00000031292.15:B1	wild_cluster	1.0706881333437288e-42	0.019780996114447193	2830	7	>20	0.4062768507212951
ENSMUSG00000031822.21:B1	wild_cluster	4.580440453910209e-37	0.11031175059952038	416	20	>20	0.4860396790295065
ENSMUSG00000032261.17:B1	wild_cluster	0.9982476953659148	0.9494670351362021	2532	3	11-20	1.0
ENSMUSG00000032625.15:B1	wild_cluster	4.078797489175696e-05	0.10922012343370115	5346	6	>20	0.4860396790295065
ENSMUSG00000033597.10:B1	wild_cluster	0.0113251018686504	0.3306252207700459	2830	7	>20	0.6778063281615339
ENSMUSG00000034295.11:B1	wild_cluster	0.386292274934874	0.370355247039608	2448	2	>20	0.6963732815830553
ENSMUSG00000035033.16:B1	wild_cluster	1.2219355143194078e-05	0.17091207888249796	1216	1	>20	0.5582700482166111
ENSMUSG00000036046.15:B1	wild_cluster	0.0324748174347002	0.27809986908546847	5346	6	>20	0.6367097920142326
ENSMUSG00000036918.17:B1	wild_cluster	0.8986813859578586	0.790468364831553	1216	1	>20	0.9346886506019608
ENSMUSG00000037747.10:B1	wild_cluster	2.044492871262503e-06	0.04488662656177696	2160	4	11-20	0.43832766633804804
ENSMUSG00000038365.9:B1	wild_cluster	6.330392165093808e-41	0.021939447125932425	4557	3	>20	0.4062768507212951
ENSMUSG00000039069.20:B1	wild_cluster	0.7888448047024769	0.7031441404654961	2448	2	>20	0.8867992710590356
ENSMUSG00000039887.12:B1	wild_cluster	0.9329726734145676	0.6335750139431121	1792	1	1-5	0.8518464419731995
ENSMUSG00000040722.8:B1	wild_cluster	0.2719253357149521	0.41316568047337277	6759	5	>20	0.7218525403296309
ENSMUSG00000041609.17:B1	wild_cluster	4.244630085469053e-46	0.021608643457382955	832	14	>20	0.4062768507212951
ENSMUSG00000042680.9:B1	wild_cluster	0.950169527596628	0.8788990825688073	544	3	6-10	0.9714603048472151
ENSMUSG00000045071.15:B1	wild_cluster	1.580131872669957e-07	0.17661603673613563	2830	7	>20	0.5638184899724017
ENSMUSG00000047907.12:B1	wild_cluster	6.023060300228188e-50	0.007984969469234382	2128	9	>20	0.4062768507212951
ENSMUSG00000050587.15:B1	wild_cluster	0.0620136140751588	0.43448091806778755	3746	8	>20	0.7339933373300119
ENSMUSG00000052727.7:B1	wild_cluster	1.0	1.0	2683	12	>20	1.0
ENSMUSG00000055022.15:B1	wild_cluster	0.6828847863898171	0.7619215824796891	2830	7	>20	0.9195464128153583
ENSMUSG00000057193.9:B1	wild_cluster	0.9992528576768794	0.9530201342281879	2532	3	11-20	1.0
ENSMUSG00000059208.16:B1	wild_cluster	0.3171385775660932	0.34927599824484423	4557	3	>20	0.6875075072747915
ENSMUSG00000061601.16:B1	wild_cluster	6.314858828312282e-06	0.3423994038748137	2683	12	>20	0.6840697909187786
ENSMUSG00000064105.14:B1	wild_cluster	0.4496494810088973	0.4176865377023293	2532	3	11-20	0.7238610830859811
ENSMUSG00000069565.13:B1	wild_cluster	0.3562954565972639	0.27112417340191036	1360	2	6-10	0.6291170821170656
ENSMUSG00000074575.5:B1	wild_cluster	0.9878693343219158	0.9187862561356537	2240	1	6-10	0.9911594290493171
ENSMUSG00000085845.8:B1	wild_cluster	0.999999999999917	0.988453276047261	3723	2	11-20	1.0
ENSMUSG00000097451.12:B1	wild_cluster	5.39573780750209e-35	0.5714285714285714	6	87	>20	0.8192968856869272
ENSMUSG00000118665.1:B1	wild_cluster	0.7307706346536329	0.5964017185821697	3723	2	11-20	0.8359033175615411
ENSMUSG00000039607.18:B2	wild_cluster	0.4716192252898407	0.3880236305048335	3723	2	11-20	0.7128843142035634
ENSMUSG00000039607.18:B3	wild_cluster	0.6861548265433075	0.550483351235231	3723	2	11-20	0.8018064895423662
ENSMUSG00000039607.18:B4	wild_cluster	0.950229810466888	0.8563372717508055	3723	2	11-20	0.9609460466411738
ENSMUSG00000072769.8:B1	wild_cluster	7.651634632743772e-11	0.21013412816691504	2683	12	>20	0.5882245182474101
ENSMUSG00000072769.8:B2	wild_cluster	0.3429756063917545	0.5616233401907612	5346	6	>20	0.8110465951291573
ENSMUSG00000072769.8:B3	wild_cluster	0.4691996571683658	0.443176831943835	4557	3	>20	0.7381347084199946
ENSMUSG00000072769.8:B4	wild_cluster	0.4275048587734593	0.4161913119789381	4557	3	>20	0.7236056512527362
ENSMUSG00000020836.16:B1	wild_cluster	0.3981245882759579	0.4365226164452665	5946	4	>20	0.7354646988053468
ENSMUSG00000020836.16:B2	wild_cluster	0.2190582543483529	0.328737178409282	5946	4	>20	0.6758294761622402
ENSMUSG00000020836.16:B3	wild_cluster	0.9949901766052014	0.9624336463862802	2448	2	>20	1.0
ENSMUSG00000025964.16:B1	wild_cluster	6.735096532458351e-09	0.06433514120067327	5346	6	>20	0.4608847075722556
ENSMUSG00000025964.16:B2	wild_cluster	0.0104616682370087	0.6073025335320418	2683	12	>20	0.8409380334851824
ENSMUSG00000025964.16:B3	wild_cluster	0.1839790405038796	0.45633065270245	5346	6	>20	0.7468094694334703
ENSMUSG00000030889.15:B1	wild_cluster	0.0188503791938972	0.14046549612086565	2448	2	>20	0.5329231668075124
ENSMUSG00000030889.15:B2	wild_cluster	0.251925144891013	0.323746918652424	1216	1	>20	0.6730988090505716
ENSMUSG00000030889.15:B3	wild_cluster	0.4066913654967926	0.4231717337715694	1216	1	>20	0.7273766167945818
ENSMUSG00000039652.17:B1	wild_cluster	0.0004440947766859	0.6697459584295612	432	15	>20	0.8718815872214994
ENSMUSG00000039652.17:B2	wild_cluster	0.9830591639651044	0.919526627218935	6759	5	>20	0.9911834824371974
ENSMUSG00000039652.17:B3	wild_cluster	0.1133339018383281	0.2995562130177515	6759	5	>20	0.6522377980200131
ENSMUSG00000061186.16:B1	wild_cluster	0.4645047390973085	0.6194690265486725	1242	6	11-20	0.8463062248347436
ENSMUSG00000061186.16:B2	wild_cluster	0.5848254516570786	0.5112290730910576	2448	2	>20	0.7792470296318393
ENSMUSG00000061186.16:B3	wild_cluster	0.8714373068020128	0.7711451151841264	5946	4	>20	0.9226089009983708
ENSMUSG00000014195.17:B1	wild_cluster	2.1259669467882042e-42	0.16129032258064516	61	16	11-20	0.5555320725532211
ENSMUSG00000014195.17:B2	wild_cluster	1.7998004604344255e-25	0.008792225821378992	2160	4	11-20	0.4062768507212951
ENSMUSG00000020823.17:B1	wild_cluster	0.6073190431695648	0.5661678157053976	5946	4	>20	0.8153978288389375
ENSMUSG00000020823.17:B2	wild_cluster	0.280469198875062	0.6082199092607419	3746	8	>20	0.8411711306647944
ENSMUSG00000024044.20:B1	wild_cluster	3.6805320207116936e-05	0.5018007202881153	832	14	>20	0.7727421445095009
ENSMUSG00000024044.20:B4	wild_cluster	2.6738865852005833e-08	0.7241379310344828	144	21	>20	0.8988194490762357
ENSMUSG00000027281.17:B1	wild_cluster	0.2692409462600575	0.5187955863100804	5346	6	>20	0.7833298546635767
ENSMUSG00000027281.17:B2	wild_cluster	0.5577666961091441	0.4980254497586661	4557	3	>20	0.770892598316998
ENSMUSG00000032009.9:B1	wild_cluster	0.0160797481122094	0.6304023845007451	2683	12	>20	0.8511474334768101
ENSMUSG00000032009.9:B2	wild_cluster	0.882137963003155	0.7803934757020347	5946	4	>20	0.9271429497100078
ENSMUSG00000036561.10:B1	wild_cluster	0.0030366305993037	0.37828315182575273	3121	10	>20	0.7044058430459975
ENSMUSG00000036561.10:B2	wild_cluster	6.177398952781227e-10	0.04038461538461539	6759	5	>20	0.4310237676287056
ENSMUSG00000040612.14:B1	wild_cluster	0.7425486795528806	0.7908866125044154	2830	7	>20	0.9346886506019608
ENSMUSG00000047193.17:B1	wild_cluster	2.050388589630563e-45	0.011547344110854504	432	15	>20	0.4062768507212951
ENSMUSG00000047193.17:B2	wild_cluster	6.531731687390423e-32	0.042600896860986545	3121	10	>20	0.43590712687824956
ENSMUSG00000059824.13:B1	wild_cluster	0.0169538940726666	0.422680412371134	96	6	1-5	0.7270662221884749
ENSMUSG00000059824.13:B3	wild_cluster	0.1133574098470111	0.25405405405405407	184	3	1-5	0.6182073731369506
ENSMUSG00000110195.2:B1	wild_cluster	0.5339026474755115	0.3688212927756654	788	2	1-5	0.6958190874205329
ENSMUSG00000110195.2:B2	wild_cluster	0.23268057237472	0.22308979364194087	1792	1	1-5	0.5957903406894164
ENSMUSG00000002107.19:B1	wild_cluster	4.693679483478661e-44	0.09219858156028368	704	24	>20	0.4808925487948958
ENSMUSG00000004677.19:B1	wild_cluster	4.229764060661351e-33	0.05263157894736842	2830	7	>20	0.44899839971852634
ENSMUSG00000007476.19:B1	wild_cluster	0.0246982216151136	0.19245562130177515	6759	5	>20	0.5756531268780712
ENSMUSG00000013539.15:B1	wild_cluster	7.852383648859592e-41	0.004437869822485207	6759	5	>20	0.4062768507212951
ENSMUSG00000017314.13:B1	wild_cluster	0.8777657262012364	0.8054733727810651	6759	5	>20	0.939788672865596
ENSMUSG00000019864.15:B1	wild_cluster	0.999998419827774	0.9808121374386435	2240	1	6-10	1.0
ENSMUSG00000020359.14:B1	wild_cluster	0.8427331672801948	0.7769230769230769	6759	5	>20	0.9255503857777994
ENSMUSG00000020770.14:B1	wild_cluster	0.3361471734783397	0.4517751479289941	6759	5	>20	0.7428045572611157
ENSMUSG00000021196.15:B1	wild_cluster	0.9825186748445396	0.9183431952662722	6759	5	>20	0.9909194410607962
ENSMUSG00000021870.18:B1	wild_cluster	0.6967216937097394	0.6362023070097604	1126	5	11-20	0.85310105684835
ENSMUSG00000022394.15:B1	wild_cluster	0.0116114100630742	0.09505907626208378	3723	2	11-20	0.4808925487948958
ENSMUSG00000022812.15:B1	wild_cluster	5.991144517611755e-09	0.17168481742472774	3121	10	>20	0.5586945586003444
ENSMUSG00000024095.16:B1	wild_cluster	0.0003070017199925	0.09736001345216075	5946	4	>20	0.4808925487948958
ENSMUSG00000025139.15:B1	wild_cluster	0.1138256359046149	0.2594594594594595	184	3	1-5	0.6221667619436505
ENSMUSG00000025666.17:B1	wild_cluster	0.1014196763996849	0.15576820839978733	3761	1	11-20	0.5518223912711709
ENSMUSG00000026305.16:B1	wild_cluster	0.0317097594379805	0.16301009214567794	4557	3	>20	0.5568066738432305
ENSMUSG00000026797.17:B1	wild_cluster	7.668468007141369e-06	0.29356505401596994	2128	9	>20	0.6490827702762054
ENSMUSG00000027298.18:B1	wild_cluster	0.8938045369562397	0.8674022816532635	5346	6	>20	0.9663687654996203
ENSMUSG00000027865.11:B1	wild_cluster	4.699568725553315e-09	0.03513620213185945	2532	3	11-20	0.42154010255574076
ENSMUSG00000028413.14:B1	wild_cluster	0.9176476849910472	0.8098818474758325	3723	2	11-20	0.9419042487834912
ENSMUSG00000028944.15:B1	wild_cluster	0.4569758521809962	0.4115965700285831	2448	2	>20	0.7211054582229988
ENSMUSG00000029389.18:B1	wild_cluster	1.01796548412784e-28	0.048591261739485504	2448	2	>20	0.43963983201651363
ENSMUSG00000029823.17:B1	wild_cluster	0.002683240389928	0.17841780437628577	5346	6	>20	0.5655982902316695
ENSMUSG00000030516.15:B1	wild_cluster	2.094169416420914e-08	0.16601907453196751	2830	7	>20	0.5571369370469129
ENSMUSG00000031309.16:B1	wild_cluster	0.8412646949614734	0.6855396065922382	3761	1	11-20	0.8781111384326008
ENSMUSG00000031824.16:B2	wild_cluster	0.3728255113385261	0.618509360649947	2830	7	>20	0.8461081711082518
ENSMUSG00000032267.9:B1	wild_cluster	3.1937638601858004e-26	0.0228165326351225	5346	6	>20	0.4062768507212951
ENSMUSG00000032637.16:B1	wild_cluster	7.912542131764936e-05	0.3231564114607797	2128	9	>20	0.6723569246326181
ENSMUSG00000033610.17:B1	wild_cluster	0.0639339303427677	0.43661595943421405	3746	8	>20	0.7354646988053468
ENSMUSG00000034300.18:B1	wild_cluster	9.802606170143948e-07	0.04224240031583103	2532	3	11-20	0.43571216678373714
ENSMUSG00000035051.16:B1	wild_cluster	0.999870116508392	0.9842035980693287	4557	3	>20	1.0
ENSMUSG00000036053.18:B1	wild_cluster	0.8404973156097624	0.7313064913722268	1216	1	>20	0.9014626714761982
ENSMUSG00000036948.18:B1	wild_cluster	0.0486202028114936	0.12940651494868363	2240	1	6-10	0.5152102084198062
ENSMUSG00000038368.17:B1	wild_cluster	0.0038688191994786	0.11661267931513189	2160	4	11-20	0.5000061412612923
ENSMUSG00000039087.18:B1	wild_cluster	1.7882407543077172e-09	0.3349339735894358	832	14	>20	0.6787082352280288
ENSMUSG00000039910.11:B1	wild_cluster	0.947855934149634	0.6770775237032906	1792	1	1-5	0.8749805053150693
ENSMUSG00000040724.6:B1	wild_cluster	3.21656947280443e-30	0.07041728763040238	2683	12	>20	0.46225881142269104
ENSMUSG00000041645.15:B1	wild_cluster	5.840204431348544e-14	0.16439643024894315	2128	9	>20	0.5568066738432305
ENSMUSG00000042688.17:B1	wild_cluster	0.3656356171638737	0.416344375315285	5946	4	>20	0.7236056512527362
ENSMUSG00000045078.13:B1	wild_cluster	0.8692795722198321	0.7524294308190652	2160	4	11-20	0.9141394320005058
ENSMUSG00000047921.19:B1	wild_cluster	0.5314751033624152	0.4283029001074114	3723	2	11-20	0.7293841138111399
ENSMUSG00000050663.9:B1	wild_cluster	0.9332489117166384	0.8471651602300739	1216	1	>20	0.9554745692825012
ENSMUSG00000052798.14:B1	wild_cluster	0.954029426845344	0.8614393125671321	3723	2	11-20	0.9633000517773493
ENSMUSG00000055026.14:B1	wild_cluster	0.5442084796770869	0.49210179903466433	4557	3	>20	0.7688769673960738
ENSMUSG00000057229.12:B1	wild_cluster	0.9995064144254648	0.9478324761204996	1360	2	6-10	1.0
ENSMUSG00000059248.14:B1	wild_cluster	3.369597851492492e-43	0.018867924528301886	211	15	11-20	0.4062768507212951
ENSMUSG00000061603.9:B1	wild_cluster	0.0015847612618893	0.3558616271620756	3121	10	>20	0.6918447947722197
ENSMUSG00000064115.14:B1	wild_cluster	4.786451347533515e-19	0.0347858612305966	5346	6	>20	0.42154010255574076
ENSMUSG00000069601.15:B1	wild_cluster	1.6747006880599209e-15	0.5	1	66	6-10	0.7720866277071159
ENSMUSG00000074579.15:B1	wild_cluster	0.6066462923402949	0.5654952076677316	5946	4	>20	0.8152132454568198
ENSMUSG00000085862.3:B1	wild_cluster	0.6729083163509458	0.6137548343702707	5946	4	>20	0.8439850543836764
ENSMUSG00000097452.3:B1	wild_cluster	0.066364474403769	0.2465078060805259	1216	1	>20	0.6144966205521019
ENSMUSG00000119984.1:B1	wild_cluster	1.43178846928508e-34	0.016478896922818228	5946	4	>20	0.4062768507212951
ENSMUSG00000068036.17:B1	wild_cluster	1.6143922707938357e-18	0.12853949329359166	2683	12	>20	0.5152102084198062
ENSMUSG00000068036.17:B2	wild_cluster	0.0993451444236952	0.3854497849261268	5346	6	>20	0.7101888572141762
ENSMUSG00000068036.17:B3	wild_cluster	8.634330310312561e-46	0.0046755189826070695	5346	6	>20	0.4062768507212951
ENSMUSG00000068036.17:B5	wild_cluster	0.3109914735610923	0.5432953057789415	5346	6	>20	0.7978040253543658
ENSMUSG00000068036.17:B6	wild_cluster	0.0074466318343942	0.8653610771113831	816	18	>20	0.9659514374231316
ENSMUSG00000079179.11:B2	wild_cluster	0.5195242804423063	0.3612167300380228	788	2	1-5	0.6921417565485363
ENSMUSG00000079179.11:B3	wild_cluster	0.9932785952919996	0.8204127161182376	1792	1	1-5	0.94637079325868
ENSMUSG00000079179.11:B4	wild_cluster	0.0755418939316618	0.14770191878625613	2240	1	6-10	0.539851114066609
ENSMUSG00000020859.17:B1	wild_cluster	9.707589657962742e-36	0.21052631578947367	208	22	>20	0.5882245182474101
ENSMUSG00000020859.17:B2	wild_cluster	1.4568385185953296e-75	0.08247422680412371	96	33	>20	0.47174467816973154
ENSMUSG00000020859.17:B3	wild_cluster	4.2378524268746406e-39	0.0620782726045884	740	11	>20	0.4608847075722556
ENSMUSG00000026074.16:B1	wild_cluster	0.1542478069984374	0.4342622031045446	5346	6	>20	0.7338998556605021
ENSMUSG00000026074.16:B2	wild_cluster	0.0045365553017915	0.1931924443613241	5346	6	>20	0.5756531268780712
ENSMUSG00000026074.16:B3	wild_cluster	8.37934181922838e-05	0.4061102831594635	2683	12	>20	0.7195945688455408
ENSMUSG00000031134.17:B1	wild_cluster	0.4034977473729535	0.38926174496644295	2532	3	11-20	0.7135019226060081
ENSMUSG00000031134.17:B3	wild_cluster	0.3247340825953823	0.3304382155546782	2532	3	11-20	0.6777755544619245
ENSMUSG00000031134.17:B4	wild_cluster	0.5600252196069246	0.7377049180327869	304	6	6-10	0.9051544637539685
ENSMUSG00000039985.15:B2	wild_cluster	0.0012518864236098	0.09463051568314726	3761	1	11-20	0.4808925487948958
ENSMUSG00000039985.15:B3	wild_cluster	0.0369407859072623	0.12486573576799141	3723	2	11-20	0.5113007156516112
ENSMUSG00000061689.16:B1	wild_cluster	6.205333869773974e-32	0.7984496124031008	128	30	>20	0.9370202047977993
ENSMUSG00000061689.16:B2	wild_cluster	1.8154416297695042e-07	0.19282511210762332	3121	10	>20	0.5756531268780712
ENSMUSG00000061689.16:B3	wild_cluster	1.1134095366206792e-16	0.10185778347213324	3121	10	>20	0.4808925487948958
ENSMUSG00000014496.9:B1	wild_cluster	0.3138659846021767	0.3919481721425266	2160	4	11-20	0.7135019226060081
ENSMUSG00000014496.9:B2	wild_cluster	0.3360823782379741	0.3098818474758324	3723	2	11-20	0.6628520280292567
ENSMUSG00000020886.18:B2	wild_cluster	2.1325686039638218e-13	0.16815406294034757	2128	9	>20	0.5582062116269537
ENSMUSG00000024096.18:B1	wild_cluster	0.1505812027629904	0.6322869955156951	3121	10	>20	0.8516441330904055
ENSMUSG00000024096.18:B2	wild_cluster	0.5929579513569736	0.6031065088757397	6759	5	>20	0.8388814535446126
ENSMUSG00000027347.19:B1	wild_cluster	0.8436282601350213	0.8406923348640056	2830	7	>20	0.9528391699379143
ENSMUSG00000027347.19:B4	wild_cluster	7.329501075537095e-13	0.28211284513805523	832	14	>20	0.639749446682312
ENSMUSG00000029638.18:B2	wild_cluster	0.556356996260366	0.4494949494949495	3761	1	11-20	0.7418549415780976
ENSMUSG00000032087.12:B1	wild_cluster	0.9273775124959054	0.885552808194984	2830	7	>20	0.9749762780421246
ENSMUSG00000032087.12:B2	wild_cluster	0.0203411333168804	0.7527010804321729	832	14	>20	0.9141394320005058
ENSMUSG00000036570.15:B2	wild_cluster	0.9138442708052998	0.7996430165104864	2240	1	6-10	0.9376132681193173
ENSMUSG00000040624.19:B1	wild_cluster	0.0217972804241077	0.17647058823529413	84	4	1-5	0.5638021922851645
ENSMUSG00000040624.19:B2	wild_cluster	0.9997422702461412	0.8871989860583016	788	2	1-5	0.9755122731311674
ENSMUSG00000047417.19:B1	wild_cluster	1.3140484305756099e-16	0.040022442491116514	5346	6	>20	0.43009763557439085
ENSMUSG00000047417.19:B2	wild_cluster	1.5139468914357074e-16	0.04039648400972508	5346	6	>20	0.4310237676287056
ENSMUSG00000059895.14:B1	wild_cluster	3.2366425296755714e-05	0.07630878438331855	1126	5	11-20	0.46806602920037493
ENSMUSG00000059895.14:B2	wild_cluster	0.4864242038665853	0.42833809718252347	2448	2	>20	0.7293841138111399
ENSMUSG00000110246.3:B1	wild_cluster	0.8918372743192151	0.7922334357174199	4557	3	>20	0.9346886506019608
ENSMUSG00000110246.3:B2	wild_cluster	0.9862026265986076	0.9478212081541051	5346	6	>20	1.0
ENSMUSG00000002265.18:B1	wild_cluster	6.549834980370971e-44	0.023099850968703428	2683	12	>20	0.4062768507212951
ENSMUSG00000004843.8:B1	wild_cluster	0.9820482657779088	0.906166932482722	3761	1	11-20	0.9844808794958062
ENSMUSG00000007610.16:B1	wild_cluster	0.0334978315113581	0.12626262626262627	3761	1	11-20	0.5137424974381496
ENSMUSG00000013593.13:B1	wild_cluster	0.730897826381712	0.5853269537480064	3761	1	11-20	0.8287286161149289
ENSMUSG00000017390.16:B1	wild_cluster	0.589733885304224	0.5120410580339518	2532	3	11-20	0.7798899010847022
ENSMUSG00000019883.12:B1	wild_cluster	0.5115403583003431	0.41360978203083465	3761	1	11-20	0.721886770079541
ENSMUSG00000020362.14:B1	wild_cluster	0.3750146773176652	0.32173136992414103	2240	1	6-10	0.6706344843151932
ENSMUSG00000020774.10:B1	wild_cluster	0.3546003327539589	0.2998661311914324	2240	1	6-10	0.6522377980200131
ENSMUSG00000021198.17:B1	wild_cluster	5.925221967484076e-09	0.16319321794418934	2830	7	>20	0.5568066738432305
ENSMUSG00000021910.16:B1	wild_cluster	7.917819198048984e-19	0.5215311004784688	208	22	>20	0.7835176265382214
ENSMUSG00000022403.16:B1	wild_cluster	0.0576434814144883	0.42834267413931143	3746	8	>20	0.7293841138111399
ENSMUSG00000022822.17:B1	wild_cluster	0.1259623594934565	0.4747439067467326	2830	7	>20	0.7613529557680553
ENSMUSG00000024099.16:B1	wild_cluster	2.3154200432990946e-42	0.004289940828402367	6759	5	>20	0.4062768507212951
ENSMUSG00000024613.17:B1	wild_cluster	0.0807377984317384	0.2640532544378698	6759	5	>20	0.6242774836499533
ENSMUSG00000025153.10:B1	wild_cluster	0.0861821909723156	0.3682438750701328	5346	6	>20	0.6956669121756331
ENSMUSG00000025738.9:B1	wild_cluster	2.7840871713852475e-14	0.1628166915052161	2683	12	>20	0.5568066738432305
ENSMUSG00000026309.15:B1	wild_cluster	0.8055791652350401	0.7138052799730957	5946	4	>20	0.8917914254100285
ENSMUSG00000026817.15:B1	wild_cluster	0.058281732274828	0.13431503792949576	2240	1	6-10	0.5258556714823556
ENSMUSG00000027303.19:B1	wild_cluster	2.435467950262291e-40	0.03651266766020864	2683	12	>20	0.42154010255574076
ENSMUSG00000027889.18:B1	wild_cluster	8.442573584531749e-22	0.0066815144766146995	448	4	6-10	0.4062768507212951
ENSMUSG00000028416.14:B1	wild_cluster	0.4724173518296025	0.33651726671565024	1360	2	6-10	0.6796392655758321
ENSMUSG00000028948.17:B1	wild_cluster	0.974895124506071	0.8875598086124402	3761	1	11-20	0.9755122731311674
ENSMUSG00000029405.17:B1	wild_cluster	0.249595090040364	0.3998520710059172	6759	5	>20	0.7182190521974527
ENSMUSG00000029832.17:B1	wild_cluster	0.2007350946284341	0.21686746987951808	2240	1	6-10	0.5900476527551758
ENSMUSG00000030519.15:B1	wild_cluster	0.7466590471575382	0.8251934881238324	3746	8	>20	0.9477316226845809
ENSMUSG00000031314.19:B1	wild_cluster	0.000232685008907	0.12754815784552084	5346	6	>20	0.5147765723648514
ENSMUSG00000031826.21:B1	wild_cluster	0.7791469253394435	0.6739798157086442	4557	3	>20	0.8737423758046838
ENSMUSG00000032279.12:B1	wild_cluster	0.9767440149863268	0.8952412981335127	5946	4	>20	0.9782928093136981
ENSMUSG00000032735.16:B1	wild_cluster	0.0023779955687724	0.17411632691228726	5346	6	>20	0.5609327831821006
ENSMUSG00000033618.8:B1	wild_cluster	0.755778121727953	0.6352151598894591	2532	3	11-20	0.8527754029358788
ENSMUSG00000034341.18:B1	wild_cluster	0.1088435765116364	0.25913928736695974	2160	4	11-20	0.6221667619436505
ENSMUSG00000035064.18:B1	wild_cluster	0.8548398301235733	0.7656186198448346	2448	2	>20	0.9206736993867843
ENSMUSG00000036054.16:B1	wild_cluster	9.825000051281125e-07	0.2635039924847346	2128	9	>20	0.6241502716168502
ENSMUSG00000036949.17:B1	wild_cluster	0.681365674392621	0.600657354149548	1216	1	>20	0.8378341617979238
ENSMUSG00000037787.15:B1	wild_cluster	0.1353543011598663	0.24155331285651602	4557	3	>20	0.6099503589996492
ENSMUSG00000038369.15:B1	wild_cluster	1.3790665935417981e-37	0.03143765453903214	2830	7	>20	0.4135401864624129
ENSMUSG00000039103.13:B1	wild_cluster	0.9836755197598552	0.9133439659755449	3761	1	11-20	0.9889494547344906
ENSMUSG00000039943.17:B1	wild_cluster	2.9192200138006776e-11	0.19568151147098514	740	11	>20	0.57715124722762
ENSMUSG00000040725.14:B1	wild_cluster	0.1895924164025784	0.3600591715976331	6759	5	>20	0.6918738541276598
ENSMUSG00000042699.12:B1	wild_cluster	2.757692127894085e-24	0.09537265983751325	2830	7	>20	0.4808925487948958
ENSMUSG00000045095.17:B2	wild_cluster	0.0025335645850352	0.12677514792899408	6759	5	>20	0.5140667292769858
ENSMUSG00000047976.5:B1	wild_cluster	0.1720097851965717	0.4484757808116701	5346	6	>20	0.7411762233058684
ENSMUSG00000050697.10:B1	wild_cluster	0.832863516666811	0.737178409281991	5946	4	>20	0.9047555777307933
ENSMUSG00000052852.9:B1	wild_cluster	1.2630350531851085e-18	0.02309344790547798	3723	2	11-20	0.4062768507212951
ENSMUSG00000055065.8:B1	wild_cluster	7.453203376013591e-09	0.7900709219858156	704	24	>20	0.9346886506019608
ENSMUSG00000057230.15:B1	wild_cluster	1.3803978196779958e-41	0.03166915052160954	2683	12	>20	0.4135401864624129
ENSMUSG00000059263.10:B1	wild_cluster	0.2760128924843277	0.35648225996300653	5946	4	>20	0.6918738541276598
ENSMUSG00000061613.14:B1	wild_cluster	1.832387830864036e-42	0.004289940828402367	6759	5	>20	0.4062768507212951
ENSMUSG00000064127.14:B2	wild_cluster	1.7523950076416782e-53	0.01342642320085929	3723	2	11-20	0.4062768507212951
ENSMUSG00000069631.15:B1	wild_cluster	0.9206207134750908	0.8125867653863952	2160	4	11-20	0.942779460399166
ENSMUSG00000074657.6:B1	wild_cluster	5.486061804078953e-48	0.013785394932935917	2683	12	>20	0.4062768507212951
ENSMUSG00000085888.9:B1	wild_cluster	0.9920654070961776	0.9424364123159303	2240	1	6-10	1.0
ENSMUSG00000097466.10:B1	wild_cluster	0.2066265912963197	0.2004253056884636	3761	1	11-20	0.5819032225962644
ENSMUSG00000120002.1:B1	wild_cluster	0.9252938111137792	0.8237766941314949	5946	4	>20	0.9472966303226096
ENSMUSG00000020866.18:B1	wild_cluster	1.3641077007488452e-05	0.07189349112426036	6759	5	>20	0.46448996789649566
ENSMUSG00000020866.18:B2	wild_cluster	7.305670069857195e-06	0.07569109258446687	4557	3	>20	0.4676814138781639
ENSMUSG00000020866.18:B3	wild_cluster	0.3329714491692492	0.45059171597633135	6759	5	>20	0.7427735736387818
ENSMUSG00000020866.18:B4	wild_cluster	7.030198921097705e-19	0.09128763613068545	3121	10	>20	0.4808925487948958
ENSMUSG00000020866.18:B6	wild_cluster	0.6577224518834403	0.6445266272189349	6759	5	>20	0.8575869696289856
ENSMUSG00000020866.18:B7	wild_cluster	7.030167666698088e-19	0.09128763613068545	3121	10	>20	0.4808925487948958
ENSMUSG00000000605.10:B2	wild_cluster	0.8693242943722671	0.727990525069088	2532	3	11-20	0.9008265208451066
ENSMUSG00000000605.10:B3	wild_cluster	0.6897387303189755	0.6163813049514114	2160	4	11-20	0.8459953694664747
ENSMUSG00000016763.16:B2	wild_cluster	1.1098286298088926e-05	0.0902409146590445	2448	2	>20	0.4808925487948958
ENSMUSG00000016763.16:B3	wild_cluster	0.0036125911045865	0.2037797863599014	1216	1	>20	0.5868824099484643
ENSMUSG00000016763.16:B4	wild_cluster	0.3560533358774735	0.3697617091207888	1216	1	>20	0.6963049258609839
ENSMUSG00000024193.9:B2	wild_cluster	0.9706808376441972	0.8772869254796966	2240	1	6-10	0.9712562828063203
ENSMUSG00000029207.17:B1	wild_cluster	1.4412922345536128e-22	0.10208643815201192	2683	12	>20	0.4808925487948958
ENSMUSG00000029207.17:B2	wild_cluster	2.5324663324850997e-34	0.012904432391995511	5346	6	>20	0.4062768507212951
ENSMUSG00000029207.17:B4	wild_cluster	0.0129130271884772	0.22760426407331213	5346	6	>20	0.600577863032669
ENSMUSG00000036636.11:B1	wild_cluster	0.8085770198795561	0.702281702501097	4557	3	>20	0.8867992710590356
ENSMUSG00000036636.11:B2	wild_cluster	7.028053208779392e-07	0.07020623080298377	4557	3	>20	0.46225881142269104
ENSMUSG00000036636.11:B3	wild_cluster	3.9208458020195983e-17	0.0249396621078037	1242	6	11-20	0.40775504674163393
ENSMUSG00000052752.16:B1	wild_cluster	0.0024491490155808	0.2692820923405391	3746	8	>20	0.6282293640951883
ENSMUSG00000052752.16:B2	wild_cluster	0.0030386837307103	0.12426433495880276	5946	4	>20	0.5106377886801484
ENSMUSG00000052752.16:B5	wild_cluster	9.598048210952788e-09	0.06288885152177569	5946	4	>20	0.4608847075722556
ENSMUSG00000004319.16:B1	wild_cluster	0.8251550865603159	0.8949391415759129	3121	10	>20	0.9782928093136981
ENSMUSG00000004319.16:B2	wild_cluster	0.322779460422039	0.44393491124260354	6759	5	>20	0.7381347084199946
ENSMUSG00000019978.17:B1	wild_cluster	2.2521980898757137e-42	0.02358490566037736	211	15	11-20	0.4062768507212951
ENSMUSG00000019978.17:B2	wild_cluster	1.5700035037179608e-24	0.00709849157054126	1126	5	11-20	0.4062768507212951
ENSMUSG00000022641.16:B1	wild_cluster	0.7475001667871431	0.6168098818474759	3723	2	11-20	0.8459953694664747
ENSMUSG00000022641.16:B2	wild_cluster	0.7733758718705834	0.62254120148857	3761	1	11-20	0.8468973582939601
ENSMUSG00000026384.14:B2	wild_cluster	2.902086208272619e-122	0.005484861781483106	4557	3	>20	0.4062768507212951
ENSMUSG00000028745.19:B1	wild_cluster	0.6989027363826322	0.6219342896807034	2160	4	11-20	0.8465844937108241
ENSMUSG00000028745.19:B2	wild_cluster	0.5061989240521968	0.41192266380236303	3723	2	11-20	0.7211054582229988
ENSMUSG00000031284.17:B1	wild_cluster	0.0007185813872727	0.3188908145580589	576	8	11-20	0.6698962337218756
ENSMUSG00000031284.17:B2	wild_cluster	0.0265122953074351	0.17214252660805182	2160	4	11-20	0.5586945586003444
ENSMUSG00000034201.14:B1	wild_cluster	0.8668776907086527	0.6737692872887583	1360	2	6-10	0.8737423758046838
ENSMUSG00000034201.14:B2	wild_cluster	0.9965334567968468	0.967425256581883	2240	1	6-10	1.0
ENSMUSG00000039217.14:B1	wild_cluster	0.952817272045518	0.8444976076555024	3761	1	11-20	0.9538554824210502
ENSMUSG00000039217.14:B2	wild_cluster	0.9528172683006084	0.8444976076555024	3761	1	11-20	0.9538554824210502
ENSMUSG00000055407.15:B1	wild_cluster	3.40669699682948e-20	0.20849933598937584	752	16	>20	0.5882245182474101
ENSMUSG00000078517.13:B1	wild_cluster	1.894761688675801e-29	0.048366431774503525	3121	10	>20	0.43963983201651363
ENSMUSG00000078517.13:B3	wild_cluster	0.1068947005325932	0.29186390532544376	6759	5	>20	0.6473387345478859
ENSMUSG00000001729.15:B1	wild_cluster	5.047281892526298e-11	0.0467706013363029	448	4	6-10	0.43963983201651363
ENSMUSG00000003970.10:B1	wild_cluster	0.9891338499397756	0.925479696564034	2240	1	6-10	0.9936077430606216
ENSMUSG00000006288.9:B1	wild_cluster	0.5956299604121059	0.5289600702062308	4557	3	>20	0.7883506840761763
ENSMUSG00000010097.16:B1	wild_cluster	0.7053850308881788	0.5973154362416108	2532	3	11-20	0.8365980305225663
ENSMUSG00000016150.16:B1	wild_cluster	2.9806409175335343e-22	0.009760425909494233	1126	5	11-20	0.4062768507212951
ENSMUSG00000018909.16:B1	wild_cluster	0.1388822705797782	0.32085798816568045	6759	5	>20	0.6705559934287368
ENSMUSG00000020181.19:B1	wild_cluster	4.808122553630018e-13	0.10541766746730719	3746	8	>20	0.4839858077279346
ENSMUSG00000020623.12:B1	wild_cluster	0.0674801172749076	0.4238784881667255	2830	7	>20	0.7273766167945818
ENSMUSG00000021087.19:B1	wild_cluster	2.4430351211308015e-45	0.01737905119774542	2128	9	>20	0.4062768507212951
ENSMUSG00000021670.15:B1	wild_cluster	0.4814051312046775	0.4831007230536405	5946	4	>20	0.7633688691677389
ENSMUSG00000022240.11:B1	wild_cluster	0.0010893344999976	0.3449711723254324	3121	10	>20	0.6860732506491121
ENSMUSG00000022684.16:B1	wild_cluster	0.3912666041794285	0.44053678852383155	2160	4	11-20	0.7376523570590322
ENSMUSG00000023852.15:B1	wild_cluster	0.9096840145356884	0.8776884234149991	5346	6	>20	0.9713171712195555
ENSMUSG00000024442.7:B1	wild_cluster	0.9870583641805328	0.9251864853005705	4557	3	>20	0.9935304068778777
ENSMUSG00000024943.10:B1	wild_cluster	0.8963420502703441	0.7936774844459391	5946	4	>20	0.9348266603157711
ENSMUSG00000025423.17:B1	wild_cluster	0.6163655980700341	0.5198572066041945	2240	1	6-10	0.7834644920887045
ENSMUSG00000026123.12:B1	wild_cluster	0.5376974467588038	0.5702662721893491	6759	5	>20	0.8189373704202546
ENSMUSG00000026617.17:B1	wild_cluster	0.9967466130424228	0.9720624486442071	1216	1	>20	1.0
ENSMUSG00000027016.18:B1	wild_cluster	0.083373203569365	0.4885245901639344	304	6	6-10	0.7671833777534078
ENSMUSG00000027660.17:B1	wild_cluster	0.0052255615212282	0.12176393154892497	4557	3	>20	0.5083304651652146
ENSMUSG00000028180.19:B1	wild_cluster	0.0003195667969389	0.3452325035227806	2128	9	>20	0.6860732506491121
ENSMUSG00000028796.18:B1	wild_cluster	0.2217256694601511	0.3302752293577982	544	3	6-10	0.6777507219165051
ENSMUSG00000029179.15:B1	wild_cluster	0.3908682867739197	0.394471259324265	4557	3	>20	0.7147901964036298
ENSMUSG00000029686.16:B1	wild_cluster	5.41216209571509e-23	0.04917597022860181	3761	1	11-20	0.43963983201651363
ENSMUSG00000030287.16:B1	wild_cluster	0.8729561634652279	0.7534908700322234	3723	2	11-20	0.9141394320005058
ENSMUSG00000031012.18:B1	wild_cluster	1.4293876976629395e-10	0.12244897959183673	48	10	6-10	0.5088259170458193
ENSMUSG00000031666.16:B1	wild_cluster	0.240297588376279	0.39319526627218937	6759	5	>20	0.7135019226060081
ENSMUSG00000032120.12:B1	wild_cluster	1.0	1.0	5346	6	>20	1.0
ENSMUSG00000032537.16:B1	wild_cluster	0.0763201876418559	0.14702154626108999	788	2	1-5	0.539851114066609
ENSMUSG00000033278.11:B1	wild_cluster	0.6141533313233132	0.532053899550837	2448	2	>20	0.7902342149201455
ENSMUSG00000034118.16:B1	wild_cluster	9.93142525749364e-18	0.022485207100591716	6759	5	>20	0.4062768507212951
ENSMUSG00000034850.16:B1	wild_cluster	0.6620664427811906	0.6051790818900286	5946	4	>20	0.8395504743205707
ENSMUSG00000035681.8:B1	wild_cluster	0.9203664827247888	0.7943150414528227	2532	3	11-20	0.9348266603157711
ENSMUSG00000036578.8:B1	wild_cluster	0.0025211459253305	0.1988496302382909	1216	1	>20	0.5800211292405212
ENSMUSG00000037419.10:B1	wild_cluster	0.6165446357622982	0.5298065534938807	2532	3	11-20	0.7883506840761763
ENSMUSG00000038170.16:B1	wild_cluster	0.0006955613771114	0.36214185063410054	2128	9	>20	0.6921417565485363
ENSMUSG00000038733.15:B1	wild_cluster	1.0	1.0	2448	2	>20	1.0
ENSMUSG00000039620.18:B1	wild_cluster	0.9125135565293018	0.8012889366272825	3723	2	11-20	0.9376823398352111
ENSMUSG00000040462.14:B1	wild_cluster	7.46306551227681e-25	0.058713637576728046	3746	8	>20	0.4608847075722556
ENSMUSG00000041308.7:B1	wild_cluster	0.8138958361381007	0.7247856267864434	2448	2	>20	0.8989653590362264
ENSMUSG00000042401.9:B1	wild_cluster	0.750332813444702	0.50920245398773	1792	1	1-5	0.7784495793159126
ENSMUSG00000044308.18:B1	wild_cluster	2.2007230186027013e-22	0.1045566937477923	2830	7	>20	0.4837151034996375
ENSMUSG00000047036.9:B1	wild_cluster	0.004445084200335	0.2863624232719509	3746	8	>20	0.6422066926298569
ENSMUSG00000049550.18:B1	wild_cluster	0.1751906075844737	0.6369187411930484	2128	9	>20	0.85310105684835
ENSMUSG00000052337.16:B1	wild_cluster	0.0053960152519286	0.08404940923737916	3723	2	11-20	0.47322068180860477
ENSMUSG00000054423.15:B1	wild_cluster	2.235826258250178e-38	0.02321857485988791	3746	8	>20	0.4062768507212951
ENSMUSG00000056537.12:B1	wild_cluster	0.3894608358407347	0.4396112910689496	2160	4	11-20	0.7373913067519499
ENSMUSG00000058655.10:B1	wild_cluster	0.9919599355264802	0.8997338065661047	1126	5	11-20	0.9802549307914618
ENSMUSG00000060985.16:B1	wild_cluster	0.6257543316792226	0.49973418394471025	3761	1	11-20	0.7720866277071159
ENSMUSG00000063273.12:B1	wild_cluster	0.8282409844560638	0.7646449704142012	6759	5	>20	0.9206736993867843
ENSMUSG00000068373.16:B2	wild_cluster	1.6155605704058944e-39	0.009912100243126987	5346	6	>20	0.4062768507212951
ENSMUSG00000072294.6:B1	wild_cluster	0.0010336818175	0.06790367153572839	2532	3	11-20	0.46225881142269104
ENSMUSG00000083674.5:B1	wild_cluster	0.7450991555650585	0.644800351031154	4557	3	>20	0.8576971207675285
ENSMUSG00000091712.3:B1	wild_cluster	0.9739195727619924	0.8808567603748326	2240	1	6-10	0.9721888372490781
ENSMUSG00000112941.3:B1	wild_cluster	0.9909522638160028	0.9332801701222754	3761	1	11-20	0.9981074054635851
ENSMUSG00000072825.12:B2	wild_cluster	0.0151019802497682	0.33706965572457964	3746	8	>20	0.6796392655758321
ENSMUSG00000072825.12:B3	wild_cluster	2.7036649666216303e-09	0.062464933607630446	5346	6	>20	0.4608847075722556
ENSMUSG00000072825.12:B4	wild_cluster	0.223860204070032	0.5785962103015746	3746	8	>20	0.8255973266499582
ENSMUSG00000072825.12:B5	wild_cluster	0.0003010136442532	0.7065073041168659	752	16	>20	0.8872325440572999
ENSMUSG00000000127.16:B1	wild_cluster	0.1503833991839141	0.19736842105263158	3723	2	11-20	0.5786818005754758
ENSMUSG00000000127.16:B2	wild_cluster	0.3843370589683209	0.3067517278043594	3761	1	11-20	0.6577225590917338
ENSMUSG00000000127.16:B3	wild_cluster	0.8299057888012764	0.6711855396065922	3761	1	11-20	0.8723858344655128
ENSMUSG00000002496.11:B1	wild_cluster	0.0289001743381131	0.27248924630634	5346	6	>20	0.6306139589943737
ENSMUSG00000002496.11:B2	wild_cluster	0.9885838492524408	0.9297937691970163	4557	3	>20	0.9966050894355908
ENSMUSG00000002496.11:B3	wild_cluster	0.5978870029147726	0.5298376480912681	4557	3	>20	0.7883506840761763
ENSMUSG00000020893.18:B1	wild_cluster	2.6121577537702862e-14	0.11723254324151185	3121	10	>20	0.5000768469186335
ENSMUSG00000020893.18:B2	wild_cluster	0.1922492559107005	0.3621301775147929	6759	5	>20	0.6921417565485363
ENSMUSG00000020893.18:B3	wild_cluster	0.2018112207462999	0.36863905325443785	6759	5	>20	0.6957674904281238
ENSMUSG00000026594.15:B2	wild_cluster	0.8650011940402796	0.7240426371891038	2532	3	11-20	0.8988194490762357
ENSMUSG00000026594.15:B3	wild_cluster	0.8380977306721561	0.7003553099091986	2532	3	11-20	0.8866956178444533
ENSMUSG00000031166.14:B2	wild_cluster	0.000329300080293	0.09769631747099378	5946	4	>20	0.4808925487948958
ENSMUSG00000031166.14:B3	wild_cluster	0.2388736961954383	0.392603550295858	6759	5	>20	0.7135019226060081
ENSMUSG00000040111.18:B1	wild_cluster	0.0001213622045463	0.6706507304116865	752	16	>20	0.8720268889969552
ENSMUSG00000040111.18:B2	wild_cluster	0.0017092768811901	0.2594075260208166	3746	8	>20	0.6221667619436505
ENSMUSG00000040111.18:B3	wild_cluster	8.652186917272076e-47	0.013077128369362156	3746	8	>20	0.4062768507212951
ENSMUSG00000062270.15:B1	wild_cluster	2.6052268607715298e-06	0.21832358674463936	512	10	11-20	0.5918253590213943
ENSMUSG00000062270.15:B2	wild_cluster	0.8867510829536149	0.7577639751552795	1126	5	11-20	0.9160053219584272
ENSMUSG00000062270.15:B3	wild_cluster	0.8770127769922836	0.7533274179236912	1126	5	11-20	0.9141394320005058
ENSMUSG00000020923.18:B1	wild_cluster	2.2686462155754203e-24	0.28776978417266186	416	20	>20	0.6427955596735938
ENSMUSG00000020923.18:B2	wild_cluster	2.985345008960862e-07	0.48498845265588914	432	15	>20	0.7635241318641995
ENSMUSG00000024109.19:B1	wild_cluster	8.283112569112667e-63	0.7058823529411765	16	44	>20	0.8869428837724634
ENSMUSG00000024109.19:B2	wild_cluster	0.0282961498650475	0.650472334682861	740	11	>20	0.8604009797984133
ENSMUSG00000027520.17:B1	wild_cluster	0.1614842034166633	0.4419300542360202	5346	6	>20	0.7380557778031775
ENSMUSG00000027520.17:B2	wild_cluster	0.2486669620227662	0.3106625713032032	4557	3	>20	0.6636271747230312
ENSMUSG00000029673.20:B1	wild_cluster	1.7907156790917437e-22	0.20685434516523868	816	18	>20	0.5882245182474101
ENSMUSG00000029673.20:B3	wild_cluster	5.3052508569390804e-14	0.16439643024894315	2128	9	>20	0.5568066738432305
ENSMUSG00000032177.18:B1	wild_cluster	0.056274697575186	0.7287630402384501	2683	12	>20	0.9008265208451066
ENSMUSG00000032177.18:B2	wild_cluster	0.0413216478416208	0.29698896577520106	5346	6	>20	0.6505074818094451
ENSMUSG00000040720.16:B1	wild_cluster	0.0417812104044623	0.13078149920255183	3761	1	11-20	0.5171395197340342
ENSMUSG00000040720.16:B3	wild_cluster	1.1452325245898006e-22	0.04917597022860181	3761	1	11-20	0.43963983201651363
ENSMUSG00000048038.9:B1	wild_cluster	0.3633195125475205	0.3556553695385872	2448	2	>20	0.6918447947722197
ENSMUSG00000048038.9:B2	wild_cluster	0.9238182363566976	0.8383013474887709	2448	2	>20	0.9514021356542596
ENSMUSG00000059923.14:B1	wild_cluster	2.0426048304044604e-06	0.11021721641190668	1242	6	11-20	0.4860396790295065
ENSMUSG00000059923.14:B3	wild_cluster	0.9993379809339752	0.95499407816818	2532	3	11-20	1.0
ENSMUSG00000110424.3:B1	wild_cluster	0.998441272496066	0.9861351819757366	576	8	11-20	1.0
ENSMUSG00000110424.3:B2	wild_cluster	2.2432143118494432e-45	0.011843663639952625	2532	3	11-20	0.4062768507212951
ENSMUSG00000002342.18:B1	wild_cluster	0.1691824716058787	0.1892012494422133	2240	1	6-10	0.5714446744492566
ENSMUSG00000004865.17:B1	wild_cluster	1.966192448317641e-26	0.02225547035720965	5346	6	>20	0.4062768507212951
ENSMUSG00000007617.19:B1	wild_cluster	0.0019338665815022	0.518628912071535	2683	12	>20	0.7833298546635767
ENSMUSG00000013698.13:B1	wild_cluster	0.8789637342836246	0.7771985875231209	5946	4	>20	0.9255503857777994
ENSMUSG00000017412.16:B1	wild_cluster	0.8798416688441623	0.7402289774970391	2532	3	11-20	0.9067098665935569
ENSMUSG00000019891.16:B1	wild_cluster	0.8205827862939687	0.7139096094778412	4557	3	>20	0.8917914254100285
ENSMUSG00000020368.16:B1	wild_cluster	5.045221429560949e-28	0.09722874589008924	2128	9	>20	0.4808925487948958
ENSMUSG00000020776.19:B1	wild_cluster	0.3443127253668954	0.4000336304018833	5946	4	>20	0.7182190521974527
ENSMUSG00000021209.13:B1	wild_cluster	3.333280765117982e-09	0.06302599588554329	5346	6	>20	0.4608847075722556
ENSMUSG00000021911.17:B3	wild_cluster	0.0461703396085273	0.5307495195387572	3121	10	>20	0.7894459740953964
ENSMUSG00000022415.13:B1	wild_cluster	1.0	1.0	6759	5	>20	1.0
ENSMUSG00000022836.12:B1	wild_cluster	1.7005498837663094e-26	0.009481316229782488	1792	1	1-5	0.4062768507212951
ENSMUSG00000024122.17:B1	wild_cluster	1.2647277786364674e-10	0.14641744548286603	320	9	11-20	0.5392853675742495
ENSMUSG00000024614.8:B1	wild_cluster	0.5265358139764513	0.4806932865291795	4557	3	>20	0.7633688691677389
ENSMUSG00000025189.10:B1	wild_cluster	0.0591345425507394	0.24349112426035502	6759	5	>20	0.6103361121883251
ENSMUSG00000025757.14:B1	wild_cluster	0.4411416900212448	0.6503002472624514	2830	7	>20	0.8604009797984133
ENSMUSG00000026313.17:B1	wild_cluster	0.994373170775079	0.9414201183431953	6759	5	>20	1.0
ENSMUSG00000026821.17:B1	wild_cluster	0.9710688018873463	0.8997772828507795	448	4	6-10	0.9802549307914618
ENSMUSG00000027309.19:B1	wild_cluster	8.864000447527589e-44	0.02384500745156483	2683	12	>20	0.4062768507212951
ENSMUSG00000027894.15:B1	wild_cluster	1.405665926766709e-05	0.1806778756338404	3746	8	>20	0.5670315909716461
ENSMUSG00000028423.16:B1	wild_cluster	0.9399981863318188	0.9362588084561179	3121	10	>20	0.9984605868915336
ENSMUSG00000028954.12:B1	wild_cluster	0.9107860814977744	0.8357988165680473	6759	5	>20	0.950268718262156
ENSMUSG00000029406.16:B1	wild_cluster	5.795568943088752e-13	0.3843329253365973	816	18	>20	0.7092947825028739
ENSMUSG00000029838.12:B1	wild_cluster	1.5136973405035106e-06	0.16146250333600212	3746	8	>20	0.5555320725532211
ENSMUSG00000030541.17:B1	wild_cluster	3.224737932096005e-65	0.018867924528301886	4557	3	>20	0.4062768507212951
ENSMUSG00000031328.17:B1	wild_cluster	7.325779031269165e-14	0.04638114830746213	5346	6	>20	0.43963983201651363
ENSMUSG00000031833.11:B1	wild_cluster	9.424546877807225e-06	0.17747531358420068	3746	8	>20	0.5638512387564212
ENSMUSG00000032295.16:B1	wild_cluster	0.1704212311457117	0.2656867046950417	4557	3	>20	0.6258336012009058
ENSMUSG00000032740.18:B1	wild_cluster	1.2491292944138608e-45	0.022941970310391364	740	11	>20	0.4062768507212951
ENSMUSG00000033628.16:B1	wild_cluster	1.806743502640469e-17	0.09833440102498399	3121	10	>20	0.4808925487948958
ENSMUSG00000034353.15:B1	wild_cluster	1.7107419855637456e-07	0.07630446979614737	5346	6	>20	0.46806602920037493
ENSMUSG00000035067.10:B1	wild_cluster	0.218139426485985	0.2926722246599386	4557	3	>20	0.647627405503667
ENSMUSG00000036062.14:B1	wild_cluster	5.1860238586862236e-20	0.01863905325443787	6759	5	>20	0.4062768507212951
ENSMUSG00000036955.17:B1	wild_cluster	1.0	1.0	3761	1	11-20	1.0
ENSMUSG00000037791.16:B1	wild_cluster	0.3291388316647351	0.38977635782747605	5946	4	>20	0.7135019226060081
ENSMUSG00000038371.16:B1	wild_cluster	0.6922659814417538	0.604870557261957	4557	3	>20	0.8395504743205707
ENSMUSG00000039114.17:B1	wild_cluster	0.0051477787015045	0.1974939218253226	5346	6	>20	0.5786818005754758
ENSMUSG00000039952.16:B1	wild_cluster	2.4908768598718098e-33	0.08962264150943396	211	15	11-20	0.4804115819336245
ENSMUSG00000040731.14:B1	wild_cluster	0.2914041500285314	0.37760296159185563	2160	4	11-20	0.7044058430459975
ENSMUSG00000041688.17:B1	wild_cluster	0.1231962132311262	0.18516452872281094	1792	1	1-5	0.5693254400567805
ENSMUSG00000042700.17:B1	wild_cluster	7.402271241256796e-31	0.19904076738609114	416	20	>20	0.580157043215822
ENSMUSG00000045114.11:B1	wild_cluster	3.083520820877754e-171	0.013968775677896467	1216	1	>20	0.4062768507212951
ENSMUSG00000050711.8:B1	wild_cluster	0.5131237719207504	0.6603703011034224	5346	6	>20	0.8673635650750215
ENSMUSG00000052889.12:B1	wild_cluster	0.0203213459349801	0.25229100430147744	5346	6	>20	0.616175857758022
ENSMUSG00000055067.16:B1	wild_cluster	0.9993552791623244	0.9656283566058003	3723	2	11-20	1.0
ENSMUSG00000057335.12:B1	wild_cluster	8.19027750231724e-28	0.049105951427808915	3746	8	>20	0.43963983201651363
ENSMUSG00000059273.10:B1	wild_cluster	1.4600972530068273e-33	0.007988165680473372	6759	5	>20	0.4062768507212951
ENSMUSG00000061665.8:B1	wild_cluster	0.9662334072240408	0.8774171851353624	5946	4	>20	0.9712562828063203
ENSMUSG00000064210.8:B1	wild_cluster	0.4222448917086892	0.3633190118152524	3723	2	11-20	0.6921417565485363
ENSMUSG00000069769.14:B1	wild_cluster	0.1959717758601766	0.3127627375147133	5946	4	>20	0.6654747635320855
ENSMUSG00000086040.9:B2	wild_cluster	0.5078555519942566	0.683504062168845	2830	7	>20	0.8781111384326008
ENSMUSG00000097497.3:B1	wild_cluster	0.7848592392933101	0.7357988165680474	6759	5	>20	0.9038031949750256
ENSMUSG00000120039.1:B1	wild_cluster	0.6917178748534245	0.5990200081665986	2448	2	>20	0.8377328383201623
ENSMUSG00000000631.21:B2	wild_cluster	1.0	1.0	752	16	>20	1.0
ENSMUSG00000000631.21:B4	wild_cluster	0.8518725791375722	0.870563117160395	3746	8	>20	0.9679516950509197
ENSMUSG00000027457.16:B1	wild_cluster	4.700182113488826e-21	0.22766217870257038	816	18	>20	0.600577863032669
ENSMUSG00000027457.16:B2	wild_cluster	0.5061997321917227	0.6558818028801197	5346	6	>20	0.8628736859668311
ENSMUSG00000027457.16:B3	wild_cluster	0.003188627980696	0.5454545454545454	2683	12	>20	0.7994067922289781
ENSMUSG00000027457.16:B4	wild_cluster	9.251622757448173e-09	0.2496274217585693	2683	12	>20	0.6157545447481213
ENSMUSG00000002997.16:B1	wild_cluster	1.0	1.0	788	2	1-5	1.0
ENSMUSG00000002997.16:B2	wild_cluster	0.0003315595112032	0.11433351924149471	1792	1	1-5	0.4947843626520176
ENSMUSG00000002997.16:B3	wild_cluster	0.9932767323338784	0.8204127161182376	1792	1	1-5	0.94637079325868
ENSMUSG00000021143.11:B1	wild_cluster	0.999956764043674	0.9816719655881803	5346	6	>20	1.0
ENSMUSG00000021143.11:B3	wild_cluster	0.9113034456475424	0.836094674556213	6759	5	>20	0.950268718262156
ENSMUSG00000021143.11:B4	wild_cluster	0.0296570933524393	0.6769746646795827	2683	12	>20	0.8749805053150693
ENSMUSG00000026812.17:B2	wild_cluster	2.821152916999294e-29	0.04932735426008968	3121	10	>20	0.43963983201651363
ENSMUSG00000026812.17:B3	wild_cluster	1.5152012311996357e-08	0.17584881486226778	3121	10	>20	0.5630170180764839
ENSMUSG00000031285.15:B1	wild_cluster	2.022291365618104e-05	0.08239448461409114	5946	4	>20	0.47174467816973154
ENSMUSG00000031285.15:B2	wild_cluster	0.0003424325815743	0.10167415271539404	2448	2	>20	0.4808925487948958
ENSMUSG00000031285.15:B4	wild_cluster	0.3774396843296148	0.365863617803185	2448	2	>20	0.694028450663812
ENSMUSG00000040187.16:B1	wild_cluster	0.8423436047270074	0.7362878455462922	4557	3	>20	0.9039306578631798
ENSMUSG00000040187.16:B2	wild_cluster	0.4205919610268478	0.41158402808249234	4557	3	>20	0.7211054582229988
ENSMUSG00000040187.16:B3	wild_cluster	0.1028486078827674	0.21741992101799035	4557	3	>20	0.5907152162681374
ENSMUSG00000062785.15:B1	wild_cluster	0.3874813520038361	0.6238078417520311	2830	7	>20	0.8478501740242432
ENSMUSG00000062785.15:B2	wild_cluster	1.9181916149507696e-19	0.1788715486194478	832	14	>20	0.5658387298581404
ENSMUSG00000062785.15:B3	wild_cluster	1.0444590005353123e-32	0.05545743553514659	2830	7	>20	0.452113975360941
ENSMUSG00000020964.15:B1	wild_cluster	0.9613990657177984	0.8903846153846153	6759	5	>20	0.9766175628702283
ENSMUSG00000020964.15:B2	wild_cluster	4.842408807936791e-08	0.18353619474695707	3121	10	>20	0.5693254400567805
ENSMUSG00000024130.17:B1	wild_cluster	0.0014728144469492	0.255404323458767	3746	8	>20	0.6185864890929439
ENSMUSG00000024130.17:B2	wild_cluster	0.0090578170345953	0.14393812006053472	5946	4	>20	0.5379116859054327
ENSMUSG00000027525.19:B1	wild_cluster	1.4230677552690895e-25	0.38156028368794326	704	24	>20	0.7070828359431688
ENSMUSG00000027525.19:B2	wild_cluster	4.677469499018207e-08	0.26751117734724295	2683	12	>20	0.6272006702055247
ENSMUSG00000029687.17:B1	wild_cluster	0.9645814740209848	0.8332108743570904	1360	2	6-10	0.950268718262156
ENSMUSG00000029687.17:B2	wild_cluster	0.6390396817278742	0.5798165137614679	544	3	6-10	0.8257229632337099
ENSMUSG00000032178.15:B1	wild_cluster	1.0	1.0	211	15	11-20	1.0
ENSMUSG00000032178.15:B2	wild_cluster	0.3579666420428547	0.46672582076308783	1126	5	11-20	0.7544959643594138
ENSMUSG00000036815.18:B1	wild_cluster	2.168246079680325e-05	0.10360950065457265	5346	6	>20	0.4837151034996375
ENSMUSG00000036815.18:B2	wild_cluster	0.0024193930573479	0.11145239139973673	4557	3	>20	0.4879256101203754
ENSMUSG00000040811.16:B1	wild_cluster	0.86081008241338	0.8390989541432019	1242	6	11-20	0.9515860898791374
ENSMUSG00000040811.16:B2	wild_cluster	0.646880559619713	0.5483616265298066	2532	3	11-20	0.8012135780098896
ENSMUSG00000048148.19:B1	wild_cluster	0.0124654745685891	0.15419539263494197	5946	4	>20	0.5493803852899867
ENSMUSG00000048148.19:B2	wild_cluster	0.1112974592741759	0.2070232748060433	2448	2	>20	0.5882245182474101
ENSMUSG00000060240.13:B1	wild_cluster	0.0230443975840631	0.5769980506822612	512	10	11-20	0.8245081687390712
ENSMUSG00000060240.13:B4	wild_cluster	0.190297911889037	0.37888198757763975	1126	5	11-20	0.7044058430459975
ENSMUSG00000000440.13:B1	wild_cluster	0.3003171022189733	0.3736337649234908	5946	4	>20	0.7004853389133225
ENSMUSG00000002372.10:B1	wild_cluster	2.791807774342083e-06	0.07482764419034807	5946	4	>20	0.46652275045909
ENSMUSG00000007653.13:B1	wild_cluster	4.3585612196903824e-17	0.051302498670919724	3761	1	11-20	0.4451962775789015
ENSMUSG00000013787.16:B1	wild_cluster	0.036541432466835	0.21375739644970415	6759	5	>20	0.5892456975867133
ENSMUSG00000017421.19:B1	wild_cluster	2.437856913505497e-28	0.0786140089418778	2683	12	>20	0.4709102390656422
ENSMUSG00000019907.11:B1	wild_cluster	0.1446919426386968	0.32514792899408285	6759	5	>20	0.6745927128345012
ENSMUSG00000020376.18:B1	wild_cluster	1.0910134913813885e-17	0.4052757793764988	416	20	>20	0.7195945688455408
ENSMUSG00000020777.17:B1	wild_cluster	1.582430205767647e-09	0.0607817467738919	5346	6	>20	0.4608847075722556
ENSMUSG00000021218.11:B1	wild_cluster	0.6622080842312349	0.49008082292432037	1360	2	6-10	0.7678559667164447
ENSMUSG00000021913.9:B1	wild_cluster	0.5231209947728701	0.5613905325443787	6759	5	>20	0.8110465951291573
ENSMUSG00000022419.17:B1	wild_cluster	8.716372477392059e-21	0.02993105767613923	5946	4	>20	0.4135401864624129
ENSMUSG00000022837.15:B1	wild_cluster	0.4839188829830305	0.4842777871195561	5946	4	>20	0.7633688691677389
ENSMUSG00000024127.16:B1	wild_cluster	0.000247971598474	0.0930473372781065	6759	5	>20	0.4808925487948958
ENSMUSG00000024617.17:B1	wild_cluster	1.9791850015751565e-59	0.02127659574468085	704	24	>20	0.4062768507212951
ENSMUSG00000025198.17:B1	wild_cluster	0.3473566454554915	0.5638675893024125	5346	6	>20	0.8133889566944243
ENSMUSG00000025764.15:B1	wild_cluster	1.492276852361638e-13	0.09278350515463918	96	8	6-10	0.4808925487948958
ENSMUSG00000026319.14:B1	wild_cluster	0.7615359796684955	0.6774193548387096	2448	2	>20	0.8751704751036766
ENSMUSG00000026824.12:B1	wild_cluster	0.7362453210415261	0.703698224852071	6759	5	>20	0.8867992710590356
ENSMUSG00000027318.18:B1	wild_cluster	0.9882534939204948	0.9350862777321282	1216	1	>20	0.9984605868915336
ENSMUSG00000027895.11:B1	wild_cluster	1.0	1.0	2448	2	>20	1.0
ENSMUSG00000028433.15:B1	wild_cluster	0.6593203165201534	0.5238990332975295	3723	2	11-20	0.7849748023924292
ENSMUSG00000028969.11:B1	wild_cluster	0.1620287941946746	0.23968966925275623	2448	2	>20	0.6093976648324083
ENSMUSG00000029419.9:B1	wild_cluster	0.009827749458681	0.603204172876304	2683	12	>20	0.8388814535446126
ENSMUSG00000029861.18:B1	wild_cluster	0.7433766461052124	0.611170784103115	3723	2	11-20	0.842510856457533
ENSMUSG00000030555.17:B1	wild_cluster	0.615443393532714	0.5189647478804106	2240	1	6-10	0.7833298546635767
ENSMUSG00000031343.14:B1	wild_cluster	0.1769992585589573	0.20169567157518964	2240	1	6-10	0.5837738123168504
ENSMUSG00000031835.17:B1	wild_cluster	0.4719546131477397	0.6321301664484757	5346	6	>20	0.8516441330904055
ENSMUSG00000032305.16:B1	wild_cluster	0.4524049471032462	0.4192656928543229	2532	3	11-20	0.724785549063727
ENSMUSG00000032773.10:B1	wild_cluster	0.2971865704422796	0.5335702262951187	5346	6	>20	0.7913754483934818
ENSMUSG00000033676.14:B1	wild_cluster	3.1682718958157155e-39	0.057623049219687875	832	14	>20	0.46017263960182886
ENSMUSG00000034354.18:B1	wild_cluster	4.958921040180095e-19	0.01685891748003549	1126	5	11-20	0.4062768507212951
ENSMUSG00000035126.20:B2	wild_cluster	0.0003539241349155	0.09477841158402808	4557	3	>20	0.4808925487948958
ENSMUSG00000036067.13:B1	wild_cluster	0.9466166083886108	0.8359914938862307	3761	1	11-20	0.950268718262156
ENSMUSG00000036959.16:B1	wild_cluster	0.3487392242476038	0.2807017543859649	3761	1	11-20	0.639749446682312
ENSMUSG00000037795.15:B1	wild_cluster	0.977588242103278	0.8964183621994283	5946	4	>20	0.978574623710491
ENSMUSG00000038383.17:B1	wild_cluster	0.0965968500892675	0.382270432017954	5346	6	>20	0.707231787736676
ENSMUSG00000039117.17:B1	wild_cluster	0.0325791049471501	0.16410706450197454	4557	3	>20	0.5568066738432305
ENSMUSG00000039953.14:B1	wild_cluster	0.0047309704467496	0.5603576751117735	2683	12	>20	0.8104078160341552
ENSMUSG00000040759.10:B1	wild_cluster	0.620766517970817	0.4121583937534858	1792	1	1-5	0.7212370489835054
ENSMUSG00000041762.17:B1	wild_cluster	0.0923053594936089	0.1539491298527443	2240	1	6-10	0.5493803852899867
ENSMUSG00000042724.9:B1	wild_cluster	0.8408023399306488	0.7349714787187362	4557	3	>20	0.9035281561041497
ENSMUSG00000045178.11:B1	wild_cluster	0.9283644647300796	0.8432013066557779	2448	2	>20	0.9535901987657991
ENSMUSG00000048000.16:B1	wild_cluster	0.2095587368775392	0.4783991023003553	5346	6	>20	0.7633688691677389
ENSMUSG00000050751.16:B1	wild_cluster	9.234846621031304e-12	0.13965406790518897	3121	10	>20	0.5329231668075124
ENSMUSG00000052915.15:B1	wild_cluster	0.0376316875427563	0.5147341447789878	3121	10	>20	0.7816720007935136
ENSMUSG00000055116.9:B1	wild_cluster	2.62597638896872e-33	0.008136094674556213	6759	5	>20	0.4062768507212951
ENSMUSG00000057406.17:B1	wild_cluster	0.6997139890662923	0.630906339330755	5946	4	>20	0.8512009095646406
ENSMUSG00000059326.8:B1	wild_cluster	0.3143171954479953	0.2551834130781499	3761	1	11-20	0.6185864890929439
ENSMUSG00000061751.17:B1	wild_cluster	2.899784926088668e-51	0.5221238938053098	112	40	>20	0.7839363357134309
ENSMUSG00000064289.16:B1	wild_cluster	0.0233944441284462	0.1705061375483437	5946	4	>20	0.5582700482166111
ENSMUSG00000069808.14:B1	wild_cluster	0.8083965603445844	0.702281702501097	4557	3	>20	0.8867992710590356
ENSMUSG00000074736.11:B1	wild_cluster	0.8831121592284179	0.8860421670669869	3746	8	>20	0.9750188036120326
ENSMUSG00000086370.11:B1	wild_cluster	0.0315978580686923	0.27679072377033853	5346	6	>20	0.6350071150032486
ENSMUSG00000097520.4:B1	wild_cluster	0.9879080204301126	0.9285502958579882	6759	5	>20	0.9957144733812564
ENSMUSG00000120166.1:B1	wild_cluster	0.5292542046967005	0.4835454146555507	4557	3	>20	0.7633688691677389
ENSMUSG00000004040.17:B2	wild_cluster	0.9999999998960404	0.9113218070273285	1792	1	1-5	0.9878517271155308
ENSMUSG00000004040.17:B3	wild_cluster	0.9575077198823916	0.7049637479085332	1792	1	1-5	0.8867992710590356
ENSMUSG00000004040.17:B4	wild_cluster	0.9497685980582472	0.6893474623535973	1792	1	1-5	0.8797013638898749
ENSMUSG00000028256.17:B1	wild_cluster	1.02451610013981e-05	0.04672395273899033	3723	2	11-20	0.43963983201651363
ENSMUSG00000028256.17:B2	wild_cluster	1.0007284185578175e-06	0.06565656565656566	3761	1	11-20	0.4608847075722556
ENSMUSG00000028256.17:B3	wild_cluster	9.84768029882056e-07	0.06539074960127592	3761	1	11-20	0.4608847075722556
ENSMUSG00000028256.17:B4	wild_cluster	0.2296458275987592	0.21238702817650187	3761	1	11-20	0.5885518387222989
ENSMUSG00000003038.16:B1	wild_cluster	6.029902754153284e-13	0.06422018348623854	544	3	6-10	0.4608847075722556
ENSMUSG00000003038.16:B2	wild_cluster	7.865134051336957e-07	0.06604194556001784	2240	1	6-10	0.4608847075722556
ENSMUSG00000003038.16:B3	wild_cluster	0.4855735602049241	0.4078536367692994	2240	1	6-10	0.7195945688455408
ENSMUSG00000021189.12:B1	wild_cluster	0.9989561021458268	0.974330846862659	4557	3	>20	1.0
ENSMUSG00000021189.12:B2	wild_cluster	7.692313741599819e-138	0.01837484687627603	2448	2	>20	0.4062768507212951
ENSMUSG00000021189.12:B3	wild_cluster	0.0037910355180069	0.1877688423414999	5346	6	>20	0.5693254400567805
ENSMUSG00000026814.17:B1	wild_cluster	0.9483092816473908	0.6798661461238148	1792	1	1-5	0.8765667991929322
ENSMUSG00000026814.17:B3	wild_cluster	0.9584718655519108	0.7060791968767429	1792	1	1-5	0.8869428837724634
ENSMUSG00000026814.17:B4	wild_cluster	0.0096598157856303	0.08871989860583017	788	2	1-5	0.47700135517494796
ENSMUSG00000031302.17:B1	wild_cluster	0.9999999641173156	0.9298245614035088	512	10	11-20	0.9966050894355908
ENSMUSG00000031302.17:B2	wild_cluster	0.9982473772694396	0.9219165927240461	1126	5	11-20	0.99262927481218
ENSMUSG00000031302.17:B3	wild_cluster	0.9999999999818272	0.9494232475598935	1126	5	11-20	1.0
ENSMUSG00000040268.18:B1	wild_cluster	2.6294862233159468e-06	0.45138055222088835	832	14	>20	0.7428045572611157
ENSMUSG00000040268.18:B2	wild_cluster	1.2935262438331864e-15	0.12892970681737903	2830	7	>20	0.5152102084198062
ENSMUSG00000040268.18:B3	wild_cluster	8.65287711383163e-17	0.1253973860826563	2830	7	>20	0.5122570585627588
ENSMUSG00000063626.7:B1	wild_cluster	0.1161749633078842	0.23014480035103116	4557	3	>20	0.6021027624792266
ENSMUSG00000063626.7:B4	wild_cluster	0.3191456553179886	0.3497147871873629	4557	3	>20	0.6875075072747915
ENSMUSG00000063626.7:B5	wild_cluster	1.0991771071038355e-05	0.07700745941202282	4557	3	>20	0.46988072736595277
ENSMUSG00000021010.10:B1	wild_cluster	1.3450417374088114e-47	0.05263157894736842	208	22	>20	0.44899839971852634
ENSMUSG00000021010.10:B3	wild_cluster	1.0518068802093531e-54	0.009446693657219974	740	11	>20	0.4062768507212951
ENSMUSG00000024211.16:B1	wild_cluster	6.417563515963475e-05	0.06524757056918093	2160	4	11-20	0.4608847075722556
ENSMUSG00000024211.16:B2	wild_cluster	0.4633340722062837	0.3826530612244898	3723	2	11-20	0.7076482301442601
ENSMUSG00000027544.17:B2	wild_cluster	0.2736231997281111	0.5084473049074819	1242	6	11-20	0.7783493508510398
ENSMUSG00000029729.13:B1	wild_cluster	0.9892749221626476	0.931508875739645	6759	5	>20	0.9972252721681564
ENSMUSG00000029729.13:B2	wild_cluster	0.0791637391911108	0.2628698224852071	6759	5	>20	0.6238525613082021
ENSMUSG00000032185.16:B1	wild_cluster	1.927803497334517e-07	0.03933364183248496	2160	4	11-20	0.4277247270706293
ENSMUSG00000032185.16:B3	wild_cluster	0.0574012720655753	0.13936627282491945	3723	2	11-20	0.5329231668075124
ENSMUSG00000036820.13:B1	wild_cluster	0.8951648025762422	0.5978806469604016	1792	1	1-5	0.8369211175276173
ENSMUSG00000036820.13:B3	wild_cluster	0.960678421863884	0.7122141662018963	1792	1	1-5	0.8906642635241977
ENSMUSG00000040813.17:B1	wild_cluster	4.808486051461376e-19	0.02333065164923572	1242	6	11-20	0.4062768507212951
ENSMUSG00000040813.17:B2	wild_cluster	0.0189114948585675	0.10540860639557836	2532	3	11-20	0.4839858077279346
ENSMUSG00000048175.14:B1	wild_cluster	0.3443591300334895	0.4055045871559633	544	3	6-10	0.7195945688455408
ENSMUSG00000048175.14:B2	wild_cluster	0.3391721842206505	0.27644869750132905	3761	1	11-20	0.6345465248727491
ENSMUSG00000060261.17:B1	wild_cluster	6.784426412992091e-12	0.41003671970624234	816	18	>20	0.7211054582229988
ENSMUSG00000060261.17:B2	wild_cluster	2.4731836378572714e-20	0.4851063829787234	704	24	>20	0.7635241318641995
ENSMUSG00000000131.16:B1	wild_cluster	1.0	1.0	1126	5	11-20	1.0
ENSMUSG00000000441.18:B1	wild_cluster	8.834345278398961e-25	0.024686740228165326	5346	6	>20	0.4062768507212951
ENSMUSG00000002416.14:B1	wild_cluster	3.3027126872133833e-16	0.02368732727990525	2532	3	11-20	0.4062768507212951
ENSMUSG00000004937.7:B1	wild_cluster	1.7028707989767166e-08	0.04791481810115351	1126	5	11-20	0.43963983201651363
ENSMUSG00000007656.14:B1	wild_cluster	0.1457875503228903	0.4320193081255028	1242	6	11-20	0.7323405376180112
ENSMUSG00000014039.19:B1	wild_cluster	0.9999754760225922	0.9646449704142012	6759	5	>20	1.0
ENSMUSG00000017478.16:B1	wild_cluster	1.2154223077612768e-32	0.05616389968209114	2830	7	>20	0.4544382237867946
ENSMUSG00000019916.15:B1	wild_cluster	0.9764312703860782	0.8942323860770136	5946	4	>20	0.9778217814649331
ENSMUSG00000020387.16:B3	wild_cluster	0.0020682168320979	0.10411846367422489	2160	4	11-20	0.4837151034996375
ENSMUSG00000020780.16:B1	wild_cluster	0.6066048559232387	0.5372970601140852	4557	3	>20	0.7947314460103952
ENSMUSG00000021240.7:B1	wild_cluster	0.9929217254005036	0.9429574374725757	4557	3	>20	1.0
ENSMUSG00000021916.17:B1	wild_cluster	0.7887840457628129	0.658968850698174	3723	2	11-20	0.8662827267592034
ENSMUSG00000022425.17:B1	wild_cluster	0.061006429993001	0.18648530057042562	4557	3	>20	0.5693254400567805
ENSMUSG00000022861.18:B1	wild_cluster	0.9426280874432724	0.867603550295858	6759	5	>20	0.9663687654996203
ENSMUSG00000024137.10:B1	wild_cluster	0.8556988964203105	0.7325456498388829	3723	2	11-20	0.9017799558992223
ENSMUSG00000024620.12:B1	wild_cluster	0.1336945225969657	0.1857222532069158	1792	1	1-5	0.5693254400567805
ENSMUSG00000025207.17:B1	wild_cluster	0.3649675102150007	0.359257797078563	2532	3	11-20	0.6918738541276598
ENSMUSG00000025776.14:B1	wild_cluster	1.3800117960303094e-09	0.03705692803437164	3723	2	11-20	0.42154010255574076
ENSMUSG00000026335.17:B1	wild_cluster	0.7721100065150448	0.6852194383722886	5946	4	>20	0.8781111384326008
ENSMUSG00000026825.18:B1	wild_cluster	0.0636017655533382	0.5467355565993424	2128	9	>20	0.8010228702688343
ENSMUSG00000027339.16:B1	wild_cluster	0.980169907212786	0.9052094522019334	3723	2	11-20	0.9839690880216979
ENSMUSG00000027896.16:B1	wild_cluster	0.999996991936767	0.9779806659505907	3723	2	11-20	1.0
ENSMUSG00000028434.13:B1	wild_cluster	1.5151309053043064e-11	0.18318459370596524	2128	9	>20	0.5693254400567805
ENSMUSG00000028974.14:B1	wild_cluster	0.8116481616475939	0.6794315041452823	2532	3	11-20	0.8762579146197554
ENSMUSG00000029427.12:B1	wild_cluster	0.1464129540032002	0.2179234109751283	2532	3	11-20	0.5913312883059949
ENSMUSG00000029920.10:B1	wild_cluster	1.882029778703836e-12	0.03700724054706356	1242	6	11-20	0.42154010255574076
ENSMUSG00000030556.14:B1	wild_cluster	1.0	1.0	5346	6	>20	1.0
ENSMUSG00000031360.15:B1	wild_cluster	8.702674965409033e-09	0.036094400740397964	2160	4	11-20	0.42154010255574076
ENSMUSG00000031839.8:B1	wild_cluster	0.1383774835235691	0.19743446737311768	1792	1	1-5	0.5786818005754758
ENSMUSG00000032313.12:B1	wild_cluster	0.7165966987462294	0.6213251426064064	4557	3	>20	0.8465248834055134
ENSMUSG00000032777.10:B1	wild_cluster	0.0266518346619996	0.26781372732373293	5346	6	>20	0.6272006702055247
ENSMUSG00000033697.17:B1	wild_cluster	1.03309873388961e-08	0.2507451564828614	2683	12	>20	0.6157545447481213
ENSMUSG00000034377.11:B1	wild_cluster	0.2145179282933696	0.48157845520852816	5346	6	>20	0.7633688691677389
ENSMUSG00000035133.10:B1	wild_cluster	2.589023725307764e-18	0.08219909260741927	3746	8	>20	0.47174467816973154
ENSMUSG00000036087.19:B1	wild_cluster	0.623982534332723	0.5489249670908293	4557	3	>20	0.8012135780098896
ENSMUSG00000036985.13:B1	wild_cluster	0.3536920122769579	0.2828282828282828	3761	1	11-20	0.639749446682312
ENSMUSG00000037824.7:B1	wild_cluster	0.5403734670549691	0.47652102899142507	2448	2	>20	0.7633688691677389
ENSMUSG00000038384.17:B1	wild_cluster	0.4505271374561876	0.6186646717785674	5346	6	>20	0.8461081711082518
ENSMUSG00000039126.11:B1	wild_cluster	0.0524266897461863	0.2073114298935678	2160	4	11-20	0.5882245182474101
ENSMUSG00000039959.14:B1	wild_cluster	5.099734876993715e-32	0.10121457489878542	740	11	>20	0.4808925487948958
ENSMUSG00000040761.17:B1	wild_cluster	1.7315404040566231e-38	0.06477732793522267	740	11	>20	0.4608847075722556
ENSMUSG00000041769.14:B1	wild_cluster	0.0032370316442227	0.11518209741114524	4557	3	>20	0.49654316849411173
ENSMUSG00000042772.16:B1	wild_cluster	0.0002269575668326	0.12680007480830371	5346	6	>20	0.5140667292769858
ENSMUSG00000045180.14:B1	wild_cluster	0.9973399676545406	0.861850443599493	788	2	1-5	0.9633000517773493
ENSMUSG00000048027.10:B1	wild_cluster	0.8926201979759726	0.7781954887218046	3723	2	11-20	0.926006765207027
ENSMUSG00000050812.19:B2	wild_cluster	6.299043490128309e-30	0.08877407233442931	2128	9	>20	0.47700135517494796
ENSMUSG00000055204.16:B1	wild_cluster	6.231850875843461e-51	0.010942087002935683	3746	8	>20	0.4062768507212951
ENSMUSG00000057421.13:B1	wild_cluster	0.6064252205985912	0.48603651987110635	3723	2	11-20	0.7644694048583757
ENSMUSG00000059409.10:B1	wild_cluster	0.7795166476480924	0.7316568047337279	6759	5	>20	0.9014626714761982
ENSMUSG00000061755.11:B1	wild_cluster	1.0876426603440628e-06	0.3049932523616734	740	11	>20	0.6555165978988694
ENSMUSG00000064293.15:B1	wild_cluster	0.9736865976440656	0.9138423846467946	2448	2	>20	0.9889494547344906
ENSMUSG00000069833.14:B1	wild_cluster	5.416835839956424e-71	0.024455077086656035	3761	1	11-20	0.4062768507212951
ENSMUSG00000074793.11:B1	wild_cluster	1.0	1.0	1792	1	1-5	1.0
ENSMUSG00000086414.3:B1	wild_cluster	0.0007447342382592	0.11879531511433351	1792	1	1-5	0.5022671851566346
ENSMUSG00000097537.4:B1	wild_cluster	1.2339361466310192e-05	0.0791995964351774	5946	4	>20	0.4713090084072699
ENSMUSG00000120400.1:B1	wild_cluster	1.965518693639173e-45	0.01606425702811245	2240	1	6-10	0.4062768507212951
ENSMUSG00000004698.12:B1	wild_cluster	0.4259577821381848	0.36466165413533835	3723	2	11-20	0.692918845336692
ENSMUSG00000004698.12:B2	wild_cluster	0.8076060122436758	0.6533758639021797	3761	1	11-20	0.8611984685001736
ENSMUSG00000004698.12:B3	wild_cluster	0.7710598505029139	0.6206804891015417	3761	1	11-20	0.8465248834055134
ENSMUSG00000004698.12:B4	wild_cluster	0.4495612234729713	0.4176865377023293	2532	3	11-20	0.7238610830859811
ENSMUSG00000028399.19:B1	wild_cluster	4.9446804581166375e-24	0.1752988047808765	752	16	>20	0.5626778378593723
ENSMUSG00000028399.19:B3	wild_cluster	2.9620792252526248e-08	0.13904456898852416	3746	8	>20	0.5324707620600602
ENSMUSG00000028399.19:B4	wild_cluster	0.0044499464972247	0.2863624232719509	3746	8	>20	0.6422066926298569
ENSMUSG00000028399.19:B5	wild_cluster	0.0357709753163241	0.3923138510808647	3746	8	>20	0.7135019226060081
ENSMUSG00000003062.14:B1	wild_cluster	0.0100000844067484	0.09317015396762732	2532	3	11-20	0.4808925487948958
ENSMUSG00000003062.14:B2	wild_cluster	1.2481632206044063e-14	0.029214370311883144	2532	3	11-20	0.4135401864624129
ENSMUSG00000003062.14:B4	wild_cluster	4.745224277187561e-07	0.05767524401064774	1126	5	11-20	0.46017263960182886
ENSMUSG00000021244.16:B1	wild_cluster	1.0744478044747583e-09	0.6354916067146283	416	20	>20	0.8528916335112371
ENSMUSG00000021244.16:B2	wild_cluster	3.648063700874113e-05	0.2626521460602178	3121	10	>20	0.6238525613082021
ENSMUSG00000021244.16:B3	wild_cluster	3.5621739482647164e-05	0.2623318385650224	3121	10	>20	0.6238525613082021
ENSMUSG00000026860.17:B1	wild_cluster	2.7497513667334885e-14	0.09705372616984402	576	8	11-20	0.4808925487948958
ENSMUSG00000026860.17:B2	wild_cluster	5.4903784850271e-21	0.012956964368347987	2160	4	11-20	0.4062768507212951
ENSMUSG00000026860.17:B3	wild_cluster	0.0013869766139166	0.0999537251272559	2160	4	11-20	0.4808925487948958
ENSMUSG00000031310.17:B1	wild_cluster	0.555301862084275	0.922876304023845	2683	12	>20	0.9929284417390615
ENSMUSG00000031310.17:B2	wild_cluster	0.0037584238548341	0.11737604212373848	4557	3	>20	0.5000768469186335
ENSMUSG00000031310.17:B3	wild_cluster	0.7254244580474882	0.6268100043878895	4557	3	>20	0.8502573789417937
ENSMUSG00000040363.16:B2	wild_cluster	0.9791305701225016	0.8955342902711324	3761	1	11-20	0.9782928093136981
ENSMUSG00000040363.16:B3	wild_cluster	0.9791181831625232	0.8955342902711324	3761	1	11-20	0.9782928093136981
ENSMUSG00000066037.15:B1	wild_cluster	5.085330680190798e-25	0.024499719468861043	5346	6	>20	0.4062768507212951
ENSMUSG00000066037.15:B2	wild_cluster	5.3623452586705286e-24	0.03927161035541905	4557	3	>20	0.4277247270706293
ENSMUSG00000066037.15:B3	wild_cluster	1.0329690409746896e-22	0.03992979376919702	4557	3	>20	0.43009763557439085
ENSMUSG00000021057.16:B1	wild_cluster	0.0095691003202073	0.2160089769964466	5346	6	>20	0.5893176173056948
ENSMUSG00000021057.16:B3	wild_cluster	2.2418255120814713e-09	0.2391952309985097	2683	12	>20	0.6087620269945074
ENSMUSG00000024219.17:B1	wild_cluster	0.029995779882878	0.4948453608247423	96	6	1-5	0.7690532828804467
ENSMUSG00000024219.17:B2	wild_cluster	0.2362285945298733	0.3394495412844037	544	3	6-10	0.6813258889408138
ENSMUSG00000027546.16:B1	wild_cluster	1.0	1.0	80	20	11-20	1.0
ENSMUSG00000027546.16:B2	wild_cluster	4.224744888320549e-109	0.09120788824979457	1216	1	>20	0.4808925487948958
ENSMUSG00000029772.18:B1	wild_cluster	6.493130007898181e-27	0.3387096774193548	61	16	11-20	0.6813258889408138
ENSMUSG00000029772.18:B2	wild_cluster	1.699209693566908e-18	0.1510791366906475	416	12	11-20	0.5457933474191276
ENSMUSG00000032186.16:B1	wild_cluster	5.483345249700325e-35	0.6701030927835051	96	33	>20	0.8719881497055345
ENSMUSG00000032186.16:B2	wild_cluster	2.932246201340608e-12	0.7751196172248804	208	22	>20	0.9242997930910971
ENSMUSG00000036882.8:B2	wild_cluster	1.354249344565463e-160	0.004899959167006942	2448	2	>20	0.4062768507212951
ENSMUSG00000040865.17:B1	wild_cluster	7.247283346914667e-47	0.003106508875739645	6759	5	>20	0.4062768507212951
ENSMUSG00000040865.17:B3	wild_cluster	0.000783707316926	0.10502958579881656	6759	5	>20	0.48389015323926565
ENSMUSG00000048537.17:B1	wild_cluster	4.470206307608711e-34	0.08490566037735849	211	15	11-20	0.4738137058020693
ENSMUSG00000048537.17:B4	wild_cluster	1.0	1.0	1126	5	11-20	1.0
ENSMUSG00000060771.16:B1	wild_cluster	0.243072421684381	0.307152259763054	4557	3	>20	0.6582671521257817
ENSMUSG00000060771.16:B3	wild_cluster	0.6816346272823818	0.6014790468364831	1216	1	>20	0.8378341617979238
ENSMUSG00000000142.16:B1	wild_cluster	0.4897940977310122	0.3995703544575725	3723	2	11-20	0.7182190521974527
ENSMUSG00000000632.14:B1	wild_cluster	0.0126369866773785	0.22592107723957358	5346	6	>20	0.5987839895618191
ENSMUSG00000002455.15:B1	wild_cluster	8.297969145353567e-07	0.07146460400201782	5946	4	>20	0.4632308819293853
ENSMUSG00000004952.14:B1	wild_cluster	0.4696627427161521	0.3268265476854434	1792	1	1-5	0.6755006231515644
ENSMUSG00000007659.19:B1	wild_cluster	0.0025810110496715	0.2717149220489978	448	4	6-10	0.6291713460106753
ENSMUSG00000014077.14:B1	wild_cluster	0.0523532313125956	0.15337423312883436	1792	1	1-5	0.5493339809943422
ENSMUSG00000017561.17:B1	wild_cluster	1.831084104675869e-24	0.03773584905660377	4557	3	>20	0.4221280740380004
ENSMUSG00000019923.15:B1	wild_cluster	1.4565966726288793e-29	0.048366431774503525	3121	10	>20	0.43963983201651363
ENSMUSG00000020390.13:B1	wild_cluster	0.0763554325086369	0.5739910313901345	3121	10	>20	0.822708268348591
ENSMUSG00000020794.14:B1	wild_cluster	8.809168858275571e-10	0.12836936215639178	3746	8	>20	0.5152102084198062
ENSMUSG00000021248.10:B1	wild_cluster	3.161579280517365e-15	0.027328499721137756	1792	1	1-5	0.4135401864624129
ENSMUSG00000021938.13:B1	wild_cluster	0.0016691290373775	0.07303592577970786	2532	3	11-20	0.46601900369665866
ENSMUSG00000022433.22:B1	wild_cluster	0.4619580151164026	0.5248520710059171	6759	5	>20	0.7856166287766011
ENSMUSG00000022865.15:B1	wild_cluster	0.0312608431941863	0.18076341012275096	5946	4	>20	0.5670315909716461
ENSMUSG00000024143.16:B1	wild_cluster	1.4491813248943053e-14	0.043046914410627204	5946	4	>20	0.4370964032340817
ENSMUSG00000024640.10:B1	wild_cluster	0.9192293667748526	0.7008871989860583	788	2	1-5	0.8867992710590356
ENSMUSG00000025212.18:B1	wild_cluster	0.2577928470109004	0.31439227731461167	4557	3	>20	0.6672100166174217
ENSMUSG00000025781.15:B1	wild_cluster	0.2500884245078372	0.3998520710059172	6759	5	>20	0.7182190521974527
ENSMUSG00000026341.17:B1	wild_cluster	0.1034313301613915	0.15930388219544847	2240	1	6-10	0.5555320725532211
ENSMUSG00000026827.13:B1	wild_cluster	4.018069230243939e-32	0.041319666880205	3121	10	>20	0.43199860115404787
ENSMUSG00000027351.15:B1	wild_cluster	0.8313456607823582	0.7671597633136095	6759	5	>20	0.9206736993867843
ENSMUSG00000027900.16:B1	wild_cluster	0.7074366989377137	0.5712387028176502	3761	1	11-20	0.8192968856869272
ENSMUSG00000028444.18:B1	wild_cluster	1.1482262226906524e-35	0.031069827033952595	3121	10	>20	0.4135401864624129
ENSMUSG00000028977.18:B1	wild_cluster	0.3798107490465988	0.333780880773362	3723	2	11-20	0.6787082352280288
ENSMUSG00000029428.14:B1	wild_cluster	1.0276938964883613e-29	0.030495831505046072	4557	3	>20	0.4135401864624129
ENSMUSG00000029924.13:B1	wild_cluster	0.9994277833204084	0.9791575252303641	4557	3	>20	1.0
ENSMUSG00000030583.17:B1	wild_cluster	2.768565979816337e-50	0.007984969469234382	2128	9	>20	0.4062768507212951
ENSMUSG00000031365.14:B1	wild_cluster	0.5027819596215666	0.34802007808142776	1792	1	1-5	0.6875075072747915
ENSMUSG00000031864.17:B1	wild_cluster	9.567223547619993e-19	0.035346923508509445	5346	6	>20	0.42154010255574076
ENSMUSG00000032324.12:B1	wild_cluster	0.6950170744011565	0.6727810650887573	6759	5	>20	0.8737012270536855
ENSMUSG00000032826.20:B1	wild_cluster	3.1373423635605758e-77	0.5294117647058824	16	48	>20	0.7883506840761763
ENSMUSG00000033720.13:B1	wild_cluster	1.6981968928389197e-29	0.3253588516746411	208	22	>20	0.6745927128345012
ENSMUSG00000034390.17:B1	wild_cluster	0.9998037926711963	0.9581963363081258	2128	9	>20	1.0
ENSMUSG00000035139.15:B1	wild_cluster	1.0	1.0	5946	4	>20	1.0
ENSMUSG00000036095.12:B1	wild_cluster	5.670382689572249e-50	0.009537265983751325	2830	7	>20	0.4062768507212951
ENSMUSG00000036990.14:B1	wild_cluster	1.0	1.0	5946	4	>20	1.0
ENSMUSG00000037851.14:B1	wild_cluster	0.0111190873697976	0.09425349087003222	3723	2	11-20	0.4808925487948958
ENSMUSG00000038390.12:B1	wild_cluster	4.577081886225628e-10	0.05784429123928031	5946	4	>20	0.4607031139128495
ENSMUSG00000039145.17:B1	wild_cluster	5.914258722372792e-05	0.08032544378698225	6759	5	>20	0.47174467816973154
ENSMUSG00000039967.15:B1	wild_cluster	4.689502553439024e-52	0.004697040864255519	2128	9	>20	0.4062768507212951
ENSMUSG00000040774.16:B1	wild_cluster	0.9234175794706364	0.8200773499243316	5946	4	>20	0.94637079325868
ENSMUSG00000041771.15:B1	wild_cluster	2.439805903124789e-15	0.12998940303779583	2830	7	>20	0.5162797510572757
ENSMUSG00000042790.17:B1	wild_cluster	0.9994955634252992	0.9589419660481643	2532	3	11-20	1.0
ENSMUSG00000045201.7:B1	wild_cluster	0.0019484111204011	0.5197466467958272	2683	12	>20	0.7834644920887045
ENSMUSG00000048076.15:B1	wild_cluster	0.9697642432784436	0.9020710059171597	6759	5	>20	0.9816140888032658
ENSMUSG00000050821.15:B1	wild_cluster	0.4021590895599825	0.4108463434675431	1216	1	>20	0.7211054582229988
ENSMUSG00000052921.14:B1	wild_cluster	0.5409707140555403	0.4374328678839957	3723	2	11-20	0.7359197268114374
ENSMUSG00000055214.16:B1	wild_cluster	1.0135011875853858e-06	0.15986122231118227	3746	8	>20	0.5555320725532211
ENSMUSG00000057522.16:B1	wild_cluster	4.7498346515078064e-11	0.14766175528507366	3121	10	>20	0.539851114066609
ENSMUSG00000059474.14:B1	wild_cluster	0.0032280480854576	0.07777339123568891	2532	3	11-20	0.47003905793924766
ENSMUSG00000061887.15:B1	wild_cluster	0.6680928652587275	0.8465727098014093	3121	10	>20	0.9554745692825012
ENSMUSG00000064373.14:B1	wild_cluster	9.150155450730795e-05	0.06848681166126794	2160	4	11-20	0.46225881142269104
ENSMUSG00000069895.5:B1	wild_cluster	0.6417670571559707	0.5083243823845328	3723	2	11-20	0.7783493508510398
ENSMUSG00000074794.11:B1	wild_cluster	0.4183431095027319	0.2872281093139989	1792	1	1-5	0.6427955596735938
ENSMUSG00000086496.3:B1	wild_cluster	0.8437706086283555	0.754185381788485	2448	2	>20	0.9141394320005058
ENSMUSG00000097545.9:B1	wild_cluster	5.200932139892413e-07	0.2564584311883513	2128	9	>20	0.6201734087487388
ENSMUSG00000120471.1:B1	wild_cluster	0.5461972276405143	0.38427216954824317	1792	1	1-5	0.7092947825028739
ENSMUSG00000005583.17:B1	wild_cluster	0.0059580041493246	0.7551963048498845	432	15	>20	0.9146243735200004
ENSMUSG00000005583.17:B2	wild_cluster	0.001384437729371	0.35137732222934015	3121	10	>20	0.6879192608957623
ENSMUSG00000005583.17:B3	wild_cluster	0.0634802344252122	0.24792899408284025	6759	5	>20	0.6157545447481213
ENSMUSG00000005583.17:B4	wild_cluster	0.1461377661233051	0.3264792899408284	6759	5	>20	0.6755006231515644
ENSMUSG00000028580.16:B1	wild_cluster	2.7325383979411784e-25	0.15422276621787026	816	18	>20	0.5493803852899867
ENSMUSG00000028580.16:B2	wild_cluster	0.6028115693050577	0.7026369927061904	5346	6	>20	0.8867992710590356
ENSMUSG00000028580.16:B3	wild_cluster	0.0006604433820766	0.14606321301664485	5346	6	>20	0.5392853675742495
ENSMUSG00000028580.16:B4	wild_cluster	0.4360189055356407	0.6119319244436132	5346	6	>20	0.8426726562233938
ENSMUSG00000003534.18:B2	wild_cluster	0.9979185192663572	0.9309331373989713	1360	2	6-10	0.9971274062527796
ENSMUSG00000003534.18:B3	wild_cluster	0.0642883877738723	0.1366642174871418	1360	2	6-10	0.5261217052794015
ENSMUSG00000021245.16:B1	wild_cluster	0.9825109037513446	0.9153169828782971	2160	4	11-20	0.9900322386441875
ENSMUSG00000021245.16:B3	wild_cluster	0.9743888156571592	0.8939312567132116	3723	2	11-20	0.9777345072563368
ENSMUSG00000021245.16:B4	wild_cluster	0.5993062162062076	0.8110918544194108	576	8	11-20	0.9419042487834912
ENSMUSG00000026883.18:B1	wild_cluster	1.0	1.0	704	24	>20	1.0
ENSMUSG00000026883.18:B3	wild_cluster	0.0961627733498491	0.38189639049934543	5346	6	>20	0.7071591719485154
ENSMUSG00000026883.18:B4	wild_cluster	6.129030529867072e-05	0.3956780923994039	2683	12	>20	0.715533812825331
ENSMUSG00000031684.12:B1	wild_cluster	0.7106482470286126	0.8622677770659833	3121	10	>20	0.9633000517773493
ENSMUSG00000031684.12:B2	wild_cluster	1.0364921654221479e-76	0.03634136382196815	2448	2	>20	0.42154010255574076
ENSMUSG00000031684.12:B3	wild_cluster	0.9125036870682236	0.8076341012275097	5946	4	>20	0.9412084223656296
ENSMUSG00000040563.14:B1	wild_cluster	6.08058274283922e-10	0.37889688249400477	416	12	11-20	0.7044058430459975
ENSMUSG00000040563.14:B2	wild_cluster	0.8674960160653207	0.8479521226856181	5346	6	>20	0.9560745319035634
ENSMUSG00000040563.14:B3	wild_cluster	0.4723038541060895	0.6267095736122285	1242	6	11-20	0.8502573789417937
ENSMUSG00000069729.15:B2	wild_cluster	0.0663439035530499	0.43768348011742725	3746	8	>20	0.7359197268114374
ENSMUSG00000069729.15:B3	wild_cluster	0.0663432800027517	0.43768348011742725	3746	8	>20	0.7359197268114374
ENSMUSG00000021068.18:B1	wild_cluster	1.9379595120055825e-33	0.23404255319148937	704	24	>20	0.6069675258586653
ENSMUSG00000021068.18:B3	wild_cluster	6.554412696762234e-05	0.19669068588203897	3746	8	>20	0.5786818005754758
ENSMUSG00000024220.15:B1	wild_cluster	0.0002910021969433	0.6211031175059952	416	12	11-20	0.8465248834055134
ENSMUSG00000024220.15:B3	wild_cluster	0.1158572820391623	0.4017205909855994	5346	6	>20	0.718363413498134
ENSMUSG00000027575.20:B3	wild_cluster	0.9871628661354316	0.9504394987843651	5346	6	>20	1.0
ENSMUSG00000030000.11:B1	wild_cluster	1.3577134631458716e-42	0.3617021276595745	93	32	>20	0.6921417565485363
ENSMUSG00000030000.11:B2	wild_cluster	6.543060885585623e-32	0.26099290780141843	704	24	>20	0.6235067639910545
ENSMUSG00000032228.17:B1	wild_cluster	2.224417906798419e-16	0.07972270363951472	576	8	11-20	0.47174467816973154
ENSMUSG00000032228.17:B2	wild_cluster	0.000535338466329	0.08699676075890792	2160	4	11-20	0.47479339520313996
ENSMUSG00000036893.18:B1	wild_cluster	0.8656910977038006	0.8783026421136909	3746	8	>20	0.9714603048472151
ENSMUSG00000036893.18:B2	wild_cluster	0.5224854570625936	0.5101731965696991	5946	4	>20	0.7786945290489596
ENSMUSG00000040867.14:B1	wild_cluster	6.644042191437813e-35	0.05216095380029806	2683	12	>20	0.44899839971852634
ENSMUSG00000040867.14:B2	wild_cluster	0.0235157787870109	0.36269015212169736	3746	8	>20	0.6921417565485363
ENSMUSG00000048756.12:B1	wild_cluster	1.1892085342683217e-11	0.08576998050682261	512	10	11-20	0.47410638896707014
ENSMUSG00000048756.12:B2	wild_cluster	0.0611263135666315	0.2741792369121562	1126	5	11-20	0.6331283098585031
ENSMUSG00000061718.13:B1	wild_cluster	0.0018137804821909	0.16738357957733307	5346	6	>20	0.5582062116269537
ENSMUSG00000061718.13:B2	wild_cluster	0.0634508332265237	0.1871434839842036	4557	3	>20	0.5693254400567805
ENSMUSG00000000184.13:B1	wild_cluster	0.942687285846383	0.8439549352614764	5946	4	>20	0.9538554824210502
ENSMUSG00000000751.14:B1	wild_cluster	0.8280213692004809	0.6687931951089846	3761	1	11-20	0.871646997946886
ENSMUSG00000002489.17:B1	wild_cluster	0.1684708435677454	0.44660557321862726	5346	6	>20	0.7402877943358213
ENSMUSG00000005045.17:B1	wild_cluster	4.521663968262607e-45	0.010890454836643177	3121	10	>20	0.4062768507212951
ENSMUSG00000007670.11:B1	wild_cluster	0.7269267164571109	0.6381304951411384	2160	4	11-20	0.8538030671472545
ENSMUSG00000014355.11:B1	wild_cluster	0.9829128023853926	0.9097744360902256	3723	2	11-20	0.986781796505627
ENSMUSG00000017615.13:B1	wild_cluster	0.5445529885101741	0.43912812333864965	3761	1	11-20	0.7373913067519499
ENSMUSG00000019947.11:B1	wild_cluster	2.7942644188134697e-06	0.08920890218814288	5346	6	>20	0.4787650999153379
ENSMUSG00000020402.12:B1	wild_cluster	0.0005822886829339	0.1434449223863849	5346	6	>20	0.5378585904504516
ENSMUSG00000020811.17:B1	wild_cluster	0.0579521569893176	0.547085201793722	3121	10	>20	0.8012135780098896
ENSMUSG00000021254.10:B1	wild_cluster	0.2249342644466359	0.4886852440620909	5346	6	>20	0.7671833777534078
ENSMUSG00000021945.10:B1	wild_cluster	1.653421569881143e-12	0.033136094674556214	6759	5	>20	0.41840536512667664
ENSMUSG00000022454.18:B1	wild_cluster	0.1194797954568753	0.49693087803576197	3746	8	>20	0.7699899983074059
ENSMUSG00000022867.12:B1	wild_cluster	8.43955349406937e-39	0.02242152466367713	3121	10	>20	0.4062768507212951
ENSMUSG00000024158.18:B1	wild_cluster	0.2802681442730743	0.23524720893141945	3761	1	11-20	0.6069675258586653
ENSMUSG00000024642.18:B1	wild_cluster	2.304819402084113e-40	0.03992484734617191	2128	9	>20	0.43009763557439085
ENSMUSG00000025217.16:B1	wild_cluster	0.1671549999921356	0.2289774970390841	2532	3	11-20	0.6012607872113629
ENSMUSG00000025782.13:B1	wild_cluster	4.647369759859724e-05	0.14481094127111827	1242	6	11-20	0.5379116859054327
ENSMUSG00000026349.15:B1	wild_cluster	4.5287997715034723e-35	0.012530390873386947	5346	6	>20	0.4062768507212951
ENSMUSG00000026833.19:B1	wild_cluster	3.565097992612127e-12	0.14623807841752032	2830	7	>20	0.5392853675742495
ENSMUSG00000027363.16:B1	wild_cluster	4.490013908411998e-44	0.023015500234852042	2128	9	>20	0.4062768507212951
ENSMUSG00000027940.19:B1	wild_cluster	0.0123395242619421	0.167603550295858	6759	5	>20	0.5582062116269537
ENSMUSG00000028469.16:B1	wild_cluster	1.0	1.0	5946	4	>20	1.0
ENSMUSG00000028986.13:B1	wild_cluster	0.9471258541345978	0.8359914938862307	3761	1	11-20	0.950268718262156
ENSMUSG00000029438.10:B1	wild_cluster	1.5534069186284215e-41	0.020840692334864006	2830	7	>20	0.4062768507212951
ENSMUSG00000030007.9:B1	wild_cluster	0.0372230516973006	0.11914323962516733	2240	1	6-10	0.5022671851566346
ENSMUSG00000030592.19:B3	wild_cluster	0.0001121750844432	0.18323746918652423	1216	1	>20	0.5693254400567805
ENSMUSG00000031370.13:B1	wild_cluster	0.9988185379130052	0.9597207303974221	3723	2	11-20	1.0
ENSMUSG00000031870.17:B1	wild_cluster	6.718419628392301e-25	0.045720361509835196	3761	1	11-20	0.43963983201651363
ENSMUSG00000032328.13:B1	wild_cluster	0.0623314650732976	0.24659763313609467	6759	5	>20	0.6144966205521019
ENSMUSG00000032827.16:B1	wild_cluster	1.5782299362723691e-49	0.011549925484351714	2683	12	>20	0.4062768507212951
ENSMUSG00000033721.17:B1	wild_cluster	0.7542242843025068	0.7983044860473331	2830	7	>20	0.9370202047977993
ENSMUSG00000034430.17:B1	wild_cluster	0.3635140588338108	0.6327868852459017	304	6	6-10	0.8518464419731995
ENSMUSG00000035152.15:B1	wild_cluster	0.1875348083309923	0.46007106788853563	5346	6	>20	0.7503846350354423
ENSMUSG00000036099.17:B1	wild_cluster	0.1210699852374038	0.40677015148681506	5346	6	>20	0.7195945688455408
ENSMUSG00000037857.17:B1	wild_cluster	0.0236770323500519	0.17101059357659323	5946	4	>20	0.5582700482166111
ENSMUSG00000038406.18:B1	wild_cluster	0.0489778222889438	0.3128857303160651	5346	6	>20	0.6654747635320855
ENSMUSG00000039156.20:B1	wild_cluster	9.472111620261716e-34	0.033093141179610354	3746	8	>20	0.41840536512667664
ENSMUSG00000039988.15:B1	wild_cluster	0.7142493999035286	0.5282880235121235	1360	2	6-10	0.7883506840761763
ENSMUSG00000040785.20:B1	wild_cluster	1.0888750192075258e-54	0.2222222222222222	80	36	>20	0.5952428278009673
ENSMUSG00000041817.15:B1	wild_cluster	0.0318106612510767	0.12280701754385964	3761	1	11-20	0.5093713045309488
ENSMUSG00000042851.18:B1	wild_cluster	0.0004130566165811	0.0985207100591716	6759	5	>20	0.4808925487948958
ENSMUSG00000045349.16:B1	wild_cluster	1.0	1.0	6759	5	>20	1.0
ENSMUSG00000048078.17:B1	wild_cluster	0.0001129453142255	0.11744903684308958	5346	6	>20	0.5000768469186335
ENSMUSG00000050953.11:B1	wild_cluster	1.539344236889444e-28	0.048591261739485504	2448	2	>20	0.43963983201651363
ENSMUSG00000052949.15:B1	wild_cluster	8.440038879171524e-07	0.0835982794090144	5346	6	>20	0.4721596720529438
ENSMUSG00000055296.15:B1	wild_cluster	1.0	1.0	5346	6	>20	1.0
ENSMUSG00000057541.15:B1	wild_cluster	0.5610661677427592	0.5017551557700746	4557	3	>20	0.7727421445095009
ENSMUSG00000059602.15:B1	wild_cluster	0.269460086700141	0.363302752293578	544	3	6-10	0.6921417565485363
ENSMUSG00000061911.16:B1	wild_cluster	4.46667107700674e-44	0.045563549160671464	416	20	>20	0.4392091477032966
ENSMUSG00000065954.12:B1	wild_cluster	1.728592936064191e-07	0.2498825739783936	2128	9	>20	0.6157545447481213
ENSMUSG00000069911.12:B1	wild_cluster	0.0159192012184928	0.175	6759	5	>20	0.5626778378593723
ENSMUSG00000074892.10:B1	wild_cluster	0.497002957275214	0.5449704142011834	6759	5	>20	0.7991666503072302
ENSMUSG00000086539.9:B1	wild_cluster	0.8625817792921344	0.7931952662721894	6759	5	>20	0.9346886506019608
ENSMUSG00000097736.9:B1	wild_cluster	0.9105857950155932	0.8052799730956784	5946	4	>20	0.939788672865596
ENSMUSG00000120815.1:B1	wild_cluster	0.8084753147732919	0.6812567132116004	3723	2	11-20	0.8768967091723633
ENSMUSG00000006476.20:B1	wild_cluster	4.772858715433038e-52	0.0425531914893617	704	24	>20	0.43590712687824956
ENSMUSG00000006476.20:B2	wild_cluster	6.099611038817282e-27	0.05097411262343208	3746	8	>20	0.4451962775789015
ENSMUSG00000006476.20:B3	wild_cluster	5.6305709133864514e-21	0.20053120849933598	752	16	>20	0.5819032225962644
ENSMUSG00000006476.20:B4	wild_cluster	1.9306080856115678e-35	0.0703851261620186	752	16	>20	0.46225881142269104
ENSMUSG00000028906.18:B1	wild_cluster	7.240661062976848e-05	0.4016393442622951	2683	12	>20	0.718363413498134
ENSMUSG00000028906.18:B2	wild_cluster	0.753346535333512	0.652917946467749	4557	3	>20	0.8611984685001736
ENSMUSG00000028906.18:B4	wild_cluster	0.4928896477560169	0.6469048064335141	5346	6	>20	0.8584627446083738
ENSMUSG00000028906.18:B5	wild_cluster	0.0024484529671801	0.3893846876467825	2128	9	>20	0.7135019226060081
ENSMUSG00000004113.19:B1	wild_cluster	0.0228331817642138	0.35948759007205766	3746	8	>20	0.6918738541276598
ENSMUSG00000004113.19:B2	wild_cluster	3.39855189865426e-39	0.022151054176674675	3746	8	>20	0.4062768507212951
ENSMUSG00000004113.19:B8	wild_cluster	2.968641474053629e-29	0.12616201859229748	752	16	>20	0.5137424974381496
ENSMUSG00000021262.16:B2	wild_cluster	0.1739729340168885	0.1888317413666422	1360	2	6-10	0.5714227083457852
ENSMUSG00000021262.16:B3	wild_cluster	0.1537456150780785	0.17854518736223365	1360	2	6-10	0.5656029489641421
ENSMUSG00000027104.19:B1	wild_cluster	0.4120935811743039	0.3544575725026853	3723	2	11-20	0.6910691908342285
ENSMUSG00000027104.19:B2	wild_cluster	0.972538709563456	0.8827751196172249	3761	1	11-20	0.9735739876121539
ENSMUSG00000027104.19:B4	wild_cluster	0.9461703553063416	0.8341307814992025	3761	1	11-20	0.950268718262156
ENSMUSG00000031691.15:B1	wild_cluster	1.0	1.0	6759	5	>20	1.0
ENSMUSG00000031691.15:B2	wild_cluster	6.157535764482542e-10	0.04038461538461539	6759	5	>20	0.4310237676287056
ENSMUSG00000031691.15:B3	wild_cluster	8.05318964166226e-27	0.05541319666880205	3121	10	>20	0.452113975360941
ENSMUSG00000040712.17:B1	wild_cluster	7.341255612780737e-18	0.24435590969455512	752	16	>20	0.6108676543636244
ENSMUSG00000040712.17:B2	wild_cluster	0.0001340702601977	0.20789965305577796	3746	8	>20	0.5882245182474101
ENSMUSG00000040712.17:B3	wild_cluster	0.0012437606560616	0.2514011208967174	3746	8	>20	0.6157545447481213
ENSMUSG00000070047.15:B1	wild_cluster	0.0004058522411858	0.3171044202434337	3121	10	>20	0.6694000889983547
ENSMUSG00000070047.15:B2	wild_cluster	2.9198573836498685e-08	0.04659763313609468	6759	5	>20	0.43963983201651363
ENSMUSG00000070047.15:B3	wild_cluster	1.0	1.0	3121	10	>20	1.0
ENSMUSG00000021098.15:B1	wild_cluster	0.0017136722369401	0.2594075260208166	3746	8	>20	0.6221667619436505
ENSMUSG00000021098.15:B2	wild_cluster	1.653482596199075e-05	0.08088111652934253	5946	4	>20	0.47174467816973154
ENSMUSG00000024302.17:B1	wild_cluster	2.4654845522916217e-11	0.20305514157973176	2683	12	>20	0.5865747241004213
ENSMUSG00000024302.17:B2	wild_cluster	0.0075863719292955	0.21002431269870955	5346	6	>20	0.5882245182474101
ENSMUSG00000027624.21:B1	wild_cluster	6.007876921612462e-17	0.42206235011990406	416	20	>20	0.7266784502639361
ENSMUSG00000027624.21:B5	wild_cluster	1.8416260041079265e-07	0.1931454196028187	3121	10	>20	0.5756531268780712
ENSMUSG00000030020.14:B1	wild_cluster	3.6627550678064206e-33	0.23687943262411348	704	24	>20	0.608318426169507
ENSMUSG00000030020.14:B2	wild_cluster	3.6680790709765256e-35	0.07436918990703852	752	16	>20	0.46652275045909
ENSMUSG00000032336.18:B1	wild_cluster	0.002585840169864	0.6578631452581032	832	14	>20	0.8650823326988875
ENSMUSG00000032336.18:B2	wild_cluster	0.0080439299610737	0.31543624161073824	2830	7	>20	0.6686831511634904
ENSMUSG00000036902.12:B1	wild_cluster	0.4173793092679643	0.45395650161962053	2160	4	11-20	0.7447672042641839
ENSMUSG00000036902.12:B2	wild_cluster	0.6784023392067022	0.5451127819548872	3723	2	11-20	0.7991666503072302
ENSMUSG00000040896.17:B1	wild_cluster	3.199561261753733e-34	0.012131715771230503	576	8	11-20	0.4062768507212951
ENSMUSG00000040896.17:B2	wild_cluster	0.0333673903225999	0.18311753825458213	5946	4	>20	0.5693254400567805
ENSMUSG00000048827.13:B1	wild_cluster	4.805958706147614e-38	0.14215283483976993	1216	1	>20	0.5350390646377305
ENSMUSG00000048827.13:B3	wild_cluster	0.0266741016404162	0.22021364009860311	1216	1	>20	0.5941659620198646
ENSMUSG00000061981.15:B1	wild_cluster	2.5740518487756368e-12	0.1364509929532351	3121	10	>20	0.5261217052794015
ENSMUSG00000061981.15:B3	wild_cluster	0.1732021179470123	0.29762905666722717	5946	4	>20	0.6507365107036354
ENSMUSG00000000247.12:B1	wild_cluster	0.5928633342479167	0.40323480200780815	1792	1	1-5	0.7192367011784552
ENSMUSG00000000826.17:B1	wild_cluster	0.843425424600956	0.7770710059171597	6759	5	>20	0.9255503857777994
ENSMUSG00000002524.18:B1	wild_cluster	0.8268473162769541	0.7045961624274877	2240	1	6-10	0.8867992710590356
ENSMUSG00000005089.16:B1	wild_cluster	7.439897926766276e-47	0.015275707898658718	2683	12	>20	0.4062768507212951
ENSMUSG00000007817.16:B1	wild_cluster	0.8848750167779378	0.9013621418506341	2128	9	>20	0.9813181631587611
ENSMUSG00000014426.10:B1	wild_cluster	0.0016431148510693	0.11619303850681016	5946	4	>20	0.49946328131348444
ENSMUSG00000017679.17:B1	wild_cluster	0.0904715156744505	0.17923410975128307	2532	3	11-20	0.5659442343066245
ENSMUSG00000019969.15:B1	wild_cluster	3.532874757233809e-12	0.05068262577146063	5346	6	>20	0.44466084954179913
ENSMUSG00000020409.11:B1	wild_cluster	0.1593863674000238	0.28430566967953985	1216	1	>20	0.639749446682312
ENSMUSG00000020817.17:B1	wild_cluster	2.0538969358321974e-05	0.6037735849056604	211	15	11-20	0.8388814535446126
ENSMUSG00000021258.11:B1	wild_cluster	0.9971739138631972	0.9653356735410268	4557	3	>20	1.0
ENSMUSG00000021969.9:B1	wild_cluster	2.027642503076659e-36	0.014461072809820077	5946	4	>20	0.4062768507212951
ENSMUSG00000022463.9:B1	wild_cluster	0.2724833745596638	0.4133136094674556	6759	5	>20	0.7218525403296309
ENSMUSG00000022884.17:B1	wild_cluster	0.794945412372201	0.6760374832663989	2240	1	6-10	0.8749805053150693
ENSMUSG00000024182.18:B1	wild_cluster	0.355196663441125	0.2582264361405466	1792	1	1-5	0.6212974668122884
ENSMUSG00000024646.15:B1	wild_cluster	0.9380986094125822	0.8213716108452951	3761	1	11-20	0.9467799014413819
ENSMUSG00000025220.9:B1	wild_cluster	7.486148786456553e-36	0.00621301775147929	6759	5	>20	0.4062768507212951
ENSMUSG00000025786.18:B1	wild_cluster	0.98325549487521	0.9109516214779373	3761	1	11-20	0.9876887964467522
ENSMUSG00000026356.16:B1	wild_cluster	0.1632873303382432	0.2915755843282327	5946	4	>20	0.6473387345478859
ENSMUSG00000027365.15:B1	wild_cluster	2.4463175597331754e-54	0.008273285294902588	3746	8	>20	0.4062768507212951
ENSMUSG00000027950.8:B1	wild_cluster	0.6135872405996203	0.4908700322234157	3723	2	11-20	0.7680461159861017
ENSMUSG00000028484.17:B1	wild_cluster	5.0596852975858506e-15	0.13104909925821265	2830	7	>20	0.517455128504491
ENSMUSG00000028991.16:B1	wild_cluster	5.288691888344353e-37	0.05260685767966181	2128	9	>20	0.44899839971852634
ENSMUSG00000029455.15:B1	wild_cluster	0.7069647090357338	0.6015171798304328	2240	1	6-10	0.8378341617979238
ENSMUSG00000030032.15:B1	wild_cluster	7.012178723580802e-16	0.02900107411385607	3723	2	11-20	0.4135401864624129
ENSMUSG00000030605.16:B1	wild_cluster	0.1091905342306965	0.20661494487545937	2448	2	>20	0.5882245182474101
ENSMUSG00000031376.16:B1	wild_cluster	9.477114568336248e-11	0.3025210084033613	832	14	>20	0.6537863941322541
ENSMUSG00000031878.19:B1	wild_cluster	0.4785688146916214	0.4484422992540588	4557	3	>20	0.7411762233058684
ENSMUSG00000032329.5:B1	wild_cluster	8.346583193420556e-18	0.09705317104420244	3121	10	>20	0.4808925487948958
ENSMUSG00000032846.13:B1	wild_cluster	1.4251819836655124e-39	0.04321277595115078	2128	9	>20	0.4370964032340817
ENSMUSG00000033730.5:B1	wild_cluster	1.1178266532349813e-25	0.02412567795025248	5346	6	>20	0.4062768507212951
ENSMUSG00000034472.14:B1	wild_cluster	0.3435441135317997	0.3434054716210698	2448	2	>20	0.6840697909187786
ENSMUSG00000035164.9:B1	wild_cluster	0.9823051556534006	0.9174556213017752	6759	5	>20	0.9908880083592745
ENSMUSG00000036104.13:B1	wild_cluster	0.5289016558591919	0.5085608514576585	2160	4	11-20	0.7783493508510398
ENSMUSG00000037062.14:B1	wild_cluster	0.8763529614172271	0.735491512041058	2532	3	11-20	0.9036728315340352
ENSMUSG00000037860.16:B1	wild_cluster	0.7316449987757803	0.6342694164107064	4557	3	>20	0.8522698828946734
ENSMUSG00000038418.8:B1	wild_cluster	0.0947469830543	0.3798391621469983	5346	6	>20	0.7053482911799572
ENSMUSG00000039159.17:B1	wild_cluster	0.987365452217774	0.9135412554283459	2532	3	11-20	0.9889494547344906
ENSMUSG00000040009.7:B1	wild_cluster	2.2254022890088714e-27	0.02038526276416682	5346	6	>20	0.4062768507212951
ENSMUSG00000040797.17:B1	wild_cluster	3.425721775638277e-11	0.14977039915224302	2830	7	>20	0.5446521643846058
ENSMUSG00000041852.16:B1	wild_cluster	5.0079375618785614e-48	0.017543859649122806	740	11	>20	0.4062768507212951
ENSMUSG00000043019.13:B1	wild_cluster	0.1861933335410691	0.22046186895810957	3723	2	11-20	0.5941659620198646
ENSMUSG00000045482.17:B3	wild_cluster	2.9478515289757313e-41	0.016976297245355543	3121	10	>20	0.4062768507212951
ENSMUSG00000048186.15:B1	wild_cluster	0.816121839304804	0.8093322606596943	1242	6	11-20	0.9416007549555419
ENSMUSG00000050965.15:B1	wild_cluster	0.9999999999999972	0.969842540699226	3746	8	>20	1.0
ENSMUSG00000055371.18:B1	wild_cluster	3.8770817988433816e-15	0.027958579881656804	6759	5	>20	0.4135401864624129
ENSMUSG00000057572.16:B1	wild_cluster	0.3435978926871088	0.2891566265060241	2240	1	6-10	0.644604380077711
ENSMUSG00000059742.11:B1	wild_cluster	0.131741877261186	0.41556012717411633	5346	6	>20	0.723551920436033
ENSMUSG00000061950.18:B1	wild_cluster	0.5615905651469562	0.708230307311904	2830	7	>20	0.8888992848407579
ENSMUSG00000066026.15:B1	wild_cluster	0.5745297435214052	0.48415885765283356	2240	1	6-10	0.7633688691677389
ENSMUSG00000070000.14:B1	wild_cluster	1.06619455853242e-22	0.028240134654946698	5346	6	>20	0.4135401864624129
ENSMUSG00000074923.11:B1	wild_cluster	0.0017007641807571	0.1670095380587245	5346	6	>20	0.5582062116269537
ENSMUSG00000086584.10:B1	wild_cluster	0.9990313348964835	0.9812168231931401	2448	2	>20	1.0
ENSMUSG00000097797.7:B1	wild_cluster	0.708583805038182	0.61364633611233	4557	3	>20	0.8439850543836764
ENSMUSG00000008658.17:B1	wild_cluster	2.942765410987178e-29	0.40816326530612246	48	21	11-20	0.7195945688455408
ENSMUSG00000008658.17:B2	wild_cluster	0.4183206397701172	0.6358177322500883	2830	7	>20	0.8530744484072272
ENSMUSG00000008658.17:B3	wild_cluster	8.584479983816055e-39	0.02719886965736489	2830	7	>20	0.4135401864624129
ENSMUSG00000008658.17:B4	wild_cluster	4.024888585896445e-20	0.17406962785114047	832	14	>20	0.5609327831821006
ENSMUSG00000029422.16:B1	wild_cluster	0.9999999999701552	0.9678829662014461	5946	4	>20	1.0
ENSMUSG00000029422.16:B2	wild_cluster	0.4450542543005507	0.46107280982007737	5946	4	>20	0.7504127035187637
ENSMUSG00000029422.16:B4	wild_cluster	0.4303162312425865	0.4526652093492517	5946	4	>20	0.7437352305767515
ENSMUSG00000029422.16:B5	wild_cluster	0.0209658147003321	0.355484387510008	3746	8	>20	0.6918447947722197
ENSMUSG00000004771.13:B1	wild_cluster	0.0001134050543768	0.05665950590762621	3723	2	11-20	0.455900934444738
ENSMUSG00000004771.13:B2	wild_cluster	0.981524737762226	0.905103668261563	3761	1	11-20	0.9839690880216979
ENSMUSG00000004771.13:B3	wild_cluster	0.6512003234124604	0.5207336523125997	3761	1	11-20	0.7835176265382214
ENSMUSG00000021282.18:B1	wild_cluster	0.1749335542623247	0.6842105263157895	512	10	11-20	0.8781111384326008
ENSMUSG00000021282.18:B2	wild_cluster	0.0029831273717054	0.14285714285714285	1126	5	11-20	0.5369994022713688
ENSMUSG00000027346.16:B1	wild_cluster	5.6320106624361344e-08	0.06557928367243988	5946	4	>20	0.4608847075722556
ENSMUSG00000027346.16:B2	wild_cluster	0.2688666594672265	0.29930583911800734	2448	2	>20	0.6522377980200131
ENSMUSG00000027346.16:B4	wild_cluster	5.944568649031712e-17	0.0620661494487546	2448	2	>20	0.4608847075722556
ENSMUSG00000031816.16:B1	wild_cluster	0.9032048397966436	0.7921589688506981	3723	2	11-20	0.9346886506019608
ENSMUSG00000031816.16:B2	wild_cluster	0.7938147807112139	0.6419457735247209	3761	1	11-20	0.8551661965222558
ENSMUSG00000031816.16:B3	wild_cluster	0.7899168640579677	0.6390217969165337	3761	1	11-20	0.8538030671472545
ENSMUSG00000040860.17:B1	wild_cluster	9.43334626693194e-10	0.2052606857679662	2128	9	>20	0.5882245182474101
ENSMUSG00000040860.17:B2	wild_cluster	0.4144120594292814	0.4078543220710838	4557	3	>20	0.7195945688455408
ENSMUSG00000040860.17:B3	wild_cluster	0.1346613174326341	0.24111452391399738	4557	3	>20	0.6099503589996492
ENSMUSG00000072501.6:B1	wild_cluster	0.7143282287650926	0.760613428090518	5346	6	>20	0.9184611610168297
ENSMUSG00000072501.6:B3	wild_cluster	0.5779323140609118	0.6934729755002805	5346	6	>20	0.8827091544197394
ENSMUSG00000072501.6:B4	wild_cluster	0.0348007862288489	0.6900149031296572	2683	12	>20	0.8798730324550741
ENSMUSG00000021224.16:B1	wild_cluster	0.0627391489520267	0.2448644207066557	1216	1	>20	0.6117524904417672
ENSMUSG00000021224.16:B3	wild_cluster	0.2890586498778006	0.33935907970419066	1216	1	>20	0.6813258889408138
ENSMUSG00000024381.17:B1	wild_cluster	1.5255071807703122e-35	0.028556178275954098	3746	8	>20	0.4135401864624129
ENSMUSG00000024381.17:B3	wild_cluster	1.0079107009270622e-30	0.11155378486055777	752	16	>20	0.4879256101203754
ENSMUSG00000027634.15:B1	wild_cluster	1.9385647157272136e-19	0.11959761549925485	2683	12	>20	0.5022671851566346
ENSMUSG00000027634.15:B2	wild_cluster	4.168331195444706e-09	0.06358705816345614	5346	6	>20	0.4608847075722556
ENSMUSG00000030077.12:B1	wild_cluster	0.0007955960340114	0.336322869955157	3121	10	>20	0.6796392655758321
ENSMUSG00000030077.12:B2	wild_cluster	2.1076476249410086e-25	0.014940828402366864	6759	5	>20	0.4062768507212951
ENSMUSG00000032410.14:B1	wild_cluster	7.487508743604421e-11	0.11956231651988257	3746	8	>20	0.5022671851566346
ENSMUSG00000032410.14:B2	wild_cluster	1.0	1.0	5946	4	>20	1.0
ENSMUSG00000037012.19:B1	wild_cluster	2.5969248702624624e-10	0.15342729019859064	3121	10	>20	0.5493339809943422
ENSMUSG00000037012.19:B2	wild_cluster	0.4686327736129393	0.5285502958579882	6759	5	>20	0.7883506840761763
ENSMUSG00000040987.16:B1	wild_cluster	0.999999999893934	0.9096486335750139	1792	1	1-5	0.986781796505627
ENSMUSG00000040987.16:B2	wild_cluster	0.8759883235207169	0.6666666666666666	788	2	1-5	0.8702896444831928
ENSMUSG00000049044.17:B1	wild_cluster	3.692007325206578e-45	0.08226950354609928	704	24	>20	0.47174467816973154
ENSMUSG00000049044.17:B2	wild_cluster	3.400299394609902e-09	0.242548435171386	2683	12	>20	0.6099503589996492
ENSMUSG00000062044.17:B3	wild_cluster	9.65065416369292e-26	0.10474401127289808	2128	9	>20	0.4837151034996375
ENSMUSG00000000266.12:B1	wild_cluster	0.9760263882984676	0.893391626029931	5946	4	>20	0.9777345072563368
ENSMUSG00000000838.18:B1	wild_cluster	0.929223761064438	0.8288212544139902	5946	4	>20	0.9495192743758338
ENSMUSG00000002546.18:B1	wild_cluster	0.1913656257171033	0.6617552850736708	3121	10	>20	0.8685131951358085
ENSMUSG00000005102.14:B1	wild_cluster	0.1917120670095878	0.4658085277554304	1242	6	11-20	0.7540223087125741
ENSMUSG00000007850.17:B1	wild_cluster	7.091221354280019e-31	0.06499470151889791	2830	7	>20	0.4608847075722556
ENSMUSG00000014503.16:B1	wild_cluster	0.999994432191247	0.970494417862839	3761	1	11-20	1.0
ENSMUSG00000017721.16:B1	wild_cluster	0.3779886620008162	0.36991709435452036	2532	3	11-20	0.6963049258609839
ENSMUSG00000019970.16:B1	wild_cluster	0.0235602478542589	0.4536082474226804	96	6	1-5	0.744467755726226
ENSMUSG00000020412.17:B1	wild_cluster	0.7405500130147349	0.5940988835725678	3761	1	11-20	0.8341956967213116
ENSMUSG00000020847.16:B1	wild_cluster	0.9999282459884574	0.9470404984423676	320	9	11-20	1.0
ENSMUSG00000021268.19:B1	wild_cluster	0.0006138096212284	0.47540983606557374	2683	12	>20	0.7621488164191853
ENSMUSG00000021975.10:B1	wild_cluster	0.3878247182150526	0.48254437869822486	6759	5	>20	0.7633688691677389
ENSMUSG00000022474.16:B1	wild_cluster	0.0071377320199655	0.14007062384395494	5946	4	>20	0.5329231668075124
ENSMUSG00000022946.11:B1	wild_cluster	2.7693767986184268e-49	0.008924377642085486	2128	9	>20	0.4062768507212951
ENSMUSG00000024186.16:B1	wild_cluster	0.9221468181907292	0.8236068451075033	4557	3	>20	0.9472966303226096
ENSMUSG00000024661.8:B1	wild_cluster	0.0045018123493381	0.6770708283313326	832	14	>20	0.8749805053150693
ENSMUSG00000025221.17:B1	wild_cluster	2.992384628022011e-10	0.054706355591311345	1242	6	11-20	0.452113975360941
ENSMUSG00000025790.15:B1	wild_cluster	0.0035629468452581	0.1864596970263699	5346	6	>20	0.5693254400567805
ENSMUSG00000026360.10:B1	wild_cluster	0.6865242933641984	0.5550239234449761	3761	1	11-20	0.806589279881861
ENSMUSG00000026836.16:B1	wild_cluster	0.6646796638090766	0.9429955290611028	2683	12	>20	1.0
ENSMUSG00000027367.17:B1	wild_cluster	2.2947227018029735e-35	0.00636094674556213	6759	5	>20	0.4062768507212951
ENSMUSG00000027963.15:B1	wild_cluster	0.9478773857406246	0.8496207050423918	2240	1	6-10	0.9567715744198922
ENSMUSG00000028488.16:B1	wild_cluster	6.43993111302411e-20	0.08456117873158232	3121	10	>20	0.4737058248566363
ENSMUSG00000029004.16:B1	wild_cluster	3.666710486032775e-40	0.037257824143070044	2683	12	>20	0.4215671185155432
ENSMUSG00000029466.12:B1	wild_cluster	0.933793431540122	0.8112706007442849	3761	1	11-20	0.9419042487834912
ENSMUSG00000030043.12:B1	wild_cluster	1.0	1.0	3761	1	11-20	1.0
ENSMUSG00000030659.15:B1	wild_cluster	0.8012481433391433	0.6946028960070206	4557	3	>20	0.882721726200511
ENSMUSG00000031386.15:B1	wild_cluster	1.301463714642459e-44	0.014945289564985321	3746	8	>20	0.4062768507212951
ENSMUSG00000031906.10:B1	wild_cluster	0.0194641340328444	0.1841715976331361	6759	5	>20	0.5693254400567805
ENSMUSG00000032352.17:B1	wild_cluster	0.0362617723796267	0.18648057844291238	5946	4	>20	0.5693254400567805
ENSMUSG00000032850.17:B1	wild_cluster	0.0002509194580776	0.09601479737682865	5946	4	>20	0.4808925487948958
ENSMUSG00000033763.15:B1	wild_cluster	0.2193993863729629	0.48382270432017954	5346	6	>20	0.7633688691677389
ENSMUSG00000034480.19:B1	wild_cluster	0.3667569961919572	0.35933033891384236	2448	2	>20	0.6918738541276598
ENSMUSG00000035173.15:B1	wild_cluster	0.0136159231025464	0.23097063774078921	5346	6	>20	0.6029714596284065
ENSMUSG00000036155.14:B1	wild_cluster	0.5767342990850295	0.5480073986884143	5946	4	>20	0.8012135780098896
ENSMUSG00000037072.17:B1	wild_cluster	0.0047792902677587	0.08701472556894244	2240	1	6-10	0.47479339520313996
ENSMUSG00000037876.18:B1	wild_cluster	8.393254555450967e-43	0.017880971443821725	3746	8	>20	0.4062768507212951
ENSMUSG00000038429.11:B1	wild_cluster	0.0125761671322483	0.1683431952662722	6759	5	>20	0.5582062116269537
ENSMUSG00000039210.17:B1	wild_cluster	0.0001953340140963	0.19344262295081968	304	6	6-10	0.5756531268780712
ENSMUSG00000040022.15:B1	wild_cluster	0.0564163417832768	0.20985370775180764	5946	4	>20	0.5882245182474101
ENSMUSG00000041895.16:B1	wild_cluster	0.9010050523506434	0.8707686553207405	5346	6	>20	0.9679516950509197
ENSMUSG00000043079.18:B1	wild_cluster	7.32504629341158e-52	0.033047735618115054	816	18	>20	0.41840536512667664
ENSMUSG00000045503.17:B1	wild_cluster	0.1153965116953998	0.16555109326193662	2240	1	6-10	0.5568066738432305
ENSMUSG00000048240.16:B1	wild_cluster	0.0655157962976688	0.36122284794851167	1242	6	11-20	0.6921417565485363
ENSMUSG00000051111.17:B1	wild_cluster	1.0561978569864645e-07	0.06658819572893897	5946	4	>20	0.4608847075722556
ENSMUSG00000053110.14:B1	wild_cluster	0.916412227250466	0.7828282828282829	3761	1	11-20	0.929543919234641
ENSMUSG00000055373.9:B1	wild_cluster	1.4776815650067958e-29	0.010946745562130178	6759	5	>20	0.4062768507212951
ENSMUSG00000057649.7:B1	wild_cluster	3.7394500147521425e-41	0.008041892650084159	5346	6	>20	0.4062768507212951
ENSMUSG00000059811.14:B1	wild_cluster	0.9819493555105352	0.7702175125488009	1792	1	1-5	0.9223719185201849
ENSMUSG00000062014.14:B1	wild_cluster	1.0	1.0	3761	1	11-20	1.0
ENSMUSG00000066036.15:B1	wild_cluster	2.825295044810412e-06	0.22901985906470212	3121	10	>20	0.6012607872113629
ENSMUSG00000070003.8:B1	wild_cluster	0.002438062264178	0.2717149220489978	448	4	6-10	0.6291713460106753
ENSMUSG00000074925.5:B1	wild_cluster	0.9193930462760233	0.8793242156074015	1242	6	11-20	0.9716911135322134
ENSMUSG00000086796.3:B1	wild_cluster	1.0	1.0	1360	2	6-10	1.0
ENSMUSG00000097986.3:B1	wild_cluster	0.4579577221964392	0.4361562088635366	4557	3	>20	0.7354646988053468
ENSMUSG00000015222.19:B2	wild_cluster	9.072726081754792e-29	0.0763785394932936	2683	12	>20	0.46806602920037493
ENSMUSG00000015222.19:B3	wild_cluster	0.0994234822736957	0.7712369597615499	2683	12	>20	0.9226089009983708
ENSMUSG00000015222.19:B5	wild_cluster	1.5057405189767923e-47	0.062411347517730496	704	24	>20	0.4608847075722556
ENSMUSG00000029505.18:B1	wild_cluster	6.49812106724286e-44	0.045563549160671464	416	20	>20	0.4392091477032966
ENSMUSG00000029505.18:B2	wild_cluster	1.054752633872033e-43	0.012491992312620116	3121	10	>20	0.4062768507212951
ENSMUSG00000029505.18:B3	wild_cluster	0.9999999999999998	0.9814221652786675	3121	10	>20	1.0
ENSMUSG00000029505.18:B4	wild_cluster	5.304267254197736e-91	0.007751937984496124	128	30	>20	0.4062768507212951
ENSMUSG00000004933.18:B1	wild_cluster	4.730368443756736e-55	0.031205673758865248	704	24	>20	0.4135401864624129
ENSMUSG00000004933.18:B2	wild_cluster	0.0746915780478048	0.353843276603703	5346	6	>20	0.6901710805487772
ENSMUSG00000004933.18:B3	wild_cluster	6.910504940226586e-30	0.09057527539779682	816	18	>20	0.4808925487948958
ENSMUSG00000021327.20:B3	wild_cluster	0.0001429441081685	0.4243666169895678	2683	12	>20	0.7275781845485262
ENSMUSG00000027455.17:B1	wild_cluster	6.492165752193106e-17	0.07279029462738301	576	8	11-20	0.46565039362823296
ENSMUSG00000027455.17:B2	wild_cluster	4.556487566968224e-05	0.062008329477093935	2160	4	11-20	0.4608847075722556
ENSMUSG00000027455.17:B3	wild_cluster	3.664070723271457e-12	0.027302174919018974	2160	4	11-20	0.4135401864624129
ENSMUSG00000031865.17:B1	wild_cluster	7.1840255714346015e-31	0.08445532435740515	816	18	>20	0.4737058248566363
ENSMUSG00000031865.17:B2	wild_cluster	0.0007515802108732	0.36402066697980273	2128	9	>20	0.6925797696201923
ENSMUSG00000031865.17:B3	wild_cluster	2.150227667488096e-33	0.07233442930953499	2128	9	>20	0.4646362487070452
ENSMUSG00000040940.19:B1	wild_cluster	1.4765926414178878e-16	0.14381520119225039	2683	12	>20	0.5379116859054327
ENSMUSG00000040940.19:B2	wild_cluster	5.241216174156909e-13	0.04843837665980924	5346	6	>20	0.43963983201651363
ENSMUSG00000040940.19:B4	wild_cluster	0.0001717363567039	0.12231157658500094	5346	6	>20	0.5088259170458193
ENSMUSG00000078485.5:B1	wild_cluster	0.7817638035948429	0.5386565272496832	788	2	1-5	0.7954024216885118
ENSMUSG00000078485.5:B2	wild_cluster	0.5348927325577206	0.37200223089793644	1792	1	1-5	0.6985992135991115
ENSMUSG00000078485.5:B3	wild_cluster	2.5448811503606187e-10	0.05465699944227551	1792	1	1-5	0.452113975360941
ENSMUSG00000021288.20:B1	wild_cluster	1.293820625971486e-05	0.8689655172413793	144	21	>20	0.9671195645883058
ENSMUSG00000021288.20:B2	wild_cluster	3.945435497589812e-05	0.21264570823030732	2830	7	>20	0.5889053769238843
ENSMUSG00000027674.17:B2	wild_cluster	0.2377057491698463	0.4891391794046661	1242	6	11-20	0.7671833777534078
ENSMUSG00000030087.12:B2	wild_cluster	0.7181231399679463	0.5326965466568699	1360	2	6-10	0.7907709476479378
ENSMUSG00000032411.16:B2	wild_cluster	0.7870720606415993	0.6366294524189261	3761	1	11-20	0.85310105684835
ENSMUSG00000040990.18:B1	wild_cluster	4.123768577918685e-09	0.08163265306122448	48	12	1-5	0.47174467816973154
ENSMUSG00000040990.18:B2	wild_cluster	0.4402718694072527	0.7731958762886598	96	8	6-10	0.9237223075235798
ENSMUSG00000049176.17:B1	wild_cluster	2.2314639045788497e-06	0.34579439252336447	320	9	11-20	0.6860732506491121
ENSMUSG00000049176.17:B2	wild_cluster	0.0231358528383659	0.3065164923572003	1242	6	11-20	0.6575320361358853
ENSMUSG00000062075.14:B1	wild_cluster	0.8529304222905422	0.695906432748538	3761	1	11-20	0.8835533340606085
ENSMUSG00000062075.14:B2	wild_cluster	0.0121336102476493	0.09625275532696546	1360	2	6-10	0.4808925487948958
ENSMUSG00000000276.12:B1	wild_cluster	0.9659877906792048	0.8767445770976963	5946	4	>20	0.970999978236243
ENSMUSG00000000861.16:B1	wild_cluster	0.0025490637618122	0.370275464445868	3121	10	>20	0.6963732815830553
ENSMUSG00000002625.11:B1	wild_cluster	6.3129589021238055e-06	0.06789940828402367	6759	5	>20	0.46225881142269104
ENSMUSG00000005148.9:B1	wild_cluster	0.2087802166744074	0.23335123523093448	3723	2	11-20	0.6064640435864355
ENSMUSG00000007867.10:B1	wild_cluster	0.8639454557744443	0.7635782747603834	5946	4	>20	0.9206736993867843
ENSMUSG00000014554.14:B1	wild_cluster	0.8282466711117776	0.7231241772707327	4557	3	>20	0.8987144519452495
ENSMUSG00000017740.18:B1	wild_cluster	7.81417977264862e-13	0.10701894849212704	3746	8	>20	0.4860396790295065
ENSMUSG00000019984.17:B1	wild_cluster	0.901061519112606	0.8014480035103115	4557	3	>20	0.9376823398352111
ENSMUSG00000020422.15:B1	wild_cluster	1.0	1.0	752	16	>20	1.0
ENSMUSG00000020850.15:B1	wild_cluster	0.387713751995123	0.48254437869822486	6759	5	>20	0.7633688691677389
ENSMUSG00000021273.12:B1	wild_cluster	0.1370974892783696	0.2245814618211515	2448	2	>20	0.5974302031420886
ENSMUSG00000021978.10:B1	wild_cluster	3.059157078305524e-06	0.06390532544378698	6759	5	>20	0.4608847075722556
ENSMUSG00000022489.7:B1	wild_cluster	0.9999999999915034	0.971388202048746	2830	7	>20	1.0
ENSMUSG00000024188.17:B1	wild_cluster	2.132880876033965e-06	0.16413130504403523	3746	8	>20	0.5568066738432305
ENSMUSG00000024713.17:B1	wild_cluster	3.6234203422483325e-05	0.2115860120098905	2830	7	>20	0.5885104433117202
ENSMUSG00000025223.16:B1	wild_cluster	0.5778555770083996	0.8691588785046729	320	9	11-20	0.9671195645883058
ENSMUSG00000025791.19:B1	wild_cluster	0.0766998182127509	0.228014124768791	5946	4	>20	0.600577863032669
ENSMUSG00000026393.11:B1	wild_cluster	0.2855023336858392	0.30398736675878407	2532	3	11-20	0.654208957899218
ENSMUSG00000026842.17:B1	wild_cluster	0.4966422231482666	0.5377107364685004	1126	5	11-20	0.7947734350669573
ENSMUSG00000027397.15:B1	wild_cluster	0.5416507119969771	0.47733768885259287	2448	2	>20	0.7633688691677389
ENSMUSG00000027971.17:B1	wild_cluster	0.0012619164397595	0.16046381148307462	5346	6	>20	0.5555320725532211
ENSMUSG00000028514.16:B1	wild_cluster	0.1538480588200748	0.33402366863905325	6759	5	>20	0.6787082352280288
ENSMUSG00000029016.14:B1	wild_cluster	0.3119543023771649	0.4418811002661934	1126	5	11-20	0.7380557778031775
ENSMUSG00000029467.16:B1	wild_cluster	4.559049033410954e-06	0.2344650864830237	3121	10	>20	0.6069675258586653
ENSMUSG00000030055.17:B2	wild_cluster	0.6671185682530959	0.5864414216761737	4557	3	>20	0.8289159427845729
ENSMUSG00000030660.10:B1	wild_cluster	0.7127152619589237	0.575491759702286	3761	1	11-20	0.8237516275146247
ENSMUSG00000031391.19:B1	wild_cluster	0.0078294446559345	0.15059171597633136	6759	5	>20	0.5446521643846058
ENSMUSG00000031925.18:B1	wild_cluster	2.704085241566055e-26	0.3923444976076555	208	22	>20	0.7135019226060081
ENSMUSG00000032356.13:B2	wild_cluster	4.9116855577447985e-40	0.01985906470211403	3121	10	>20	0.4062768507212951
ENSMUSG00000032854.13:B1	wild_cluster	0.3596705198752685	0.3078982597054886	2240	1	6-10	0.6595512554110896
ENSMUSG00000033790.12:B1	wild_cluster	1.6947008299566148e-18	0.020134228187919462	2532	3	11-20	0.4062768507212951
ENSMUSG00000034488.15:B1	wild_cluster	0.7313654887123179	0.6529342525643181	5946	4	>20	0.8611984685001736
ENSMUSG00000035189.18:B1	wild_cluster	0.9983756001499914	0.8656527249683144	788	2	1-5	0.9659514374231316
ENSMUSG00000036158.13:B1	wild_cluster	9.555646552985522e-07	0.3114754098360656	2683	12	>20	0.6639478272410818
ENSMUSG00000037098.19:B1	wild_cluster	3.5556209243097257e-12	0.10968775020016013	3746	8	>20	0.4860396790295065
ENSMUSG00000037885.19:B1	wild_cluster	0.9684114111361344	0.9048591261739486	2448	2	>20	0.9839690880216979
ENSMUSG00000038437.12:B1	wild_cluster	9.079688913176909e-08	0.18737988468930172	3121	10	>20	0.5693254400567805
ENSMUSG00000039218.18:B1	wild_cluster	2.907200539746221e-06	0.3274962742175857	2683	12	>20	0.6757525327447841
ENSMUSG00000040028.11:B1	wild_cluster	3.3898578602962084e-15	0.03159441587068332	1360	2	6-10	0.4135401864624129
ENSMUSG00000040855.16:B1	wild_cluster	0.9856888592807524	0.9239644970414201	6759	5	>20	0.9929302681124544
ENSMUSG00000041907.10:B1	wild_cluster	0.999768913645806	0.9822290478279947	4557	3	>20	1.0
ENSMUSG00000043090.19:B1	wild_cluster	0.0414709602013043	0.12449799196787148	2240	1	6-10	0.5106377886801484
ENSMUSG00000045515.5:B1	wild_cluster	7.8617227067657875e-31	0.06605439773931474	2830	7	>20	0.4608847075722556
ENSMUSG00000048249.15:B1	wild_cluster	4.472947869248593e-07	0.08097998877875444	5346	6	>20	0.47174467816973154
ENSMUSG00000051149.16:B1	wild_cluster	0.4138077360711057	0.7529356505401597	2128	9	>20	0.9141394320005058
ENSMUSG00000053119.12:B1	wild_cluster	0.803654692631103	0.7485207100591716	6759	5	>20	0.9112073250910024
ENSMUSG00000055409.15:B1	wild_cluster	0.1693083655414226	0.2083780880773362	3723	2	11-20	0.5882245182474101
ENSMUSG00000057691.9:B1	wild_cluster	0.5099054916166561	0.468845985081176	4557	3	>20	0.7562140628311105
ENSMUSG00000059851.16:B1	wild_cluster	0.3103518882031483	0.7053726169844021	576	8	11-20	0.8867992710590356
ENSMUSG00000062098.12:B1	wild_cluster	4.991012526326045e-34	0.007544378698224852	6759	5	>20	0.4062768507212951
ENSMUSG00000066043.14:B1	wild_cluster	0.6862956632677715	0.6154558074965294	2160	4	11-20	0.8454518309707677
ENSMUSG00000070304.13:B1	wild_cluster	0.5884729709022974	0.6014792899408284	6759	5	>20	0.8378341617979238
ENSMUSG00000098202.3:B1	wild_cluster	5.780676034965482e-14	0.2678983833718245	432	15	>20	0.6272006702055247
ENSMUSG00000017119.21:B2	wild_cluster	1.4196472853241193e-35	0.01745435016111708	3723	2	11-20	0.4062768507212951
ENSMUSG00000017119.21:B4	wild_cluster	0.4659356931725731	0.5235137533274179	1126	5	11-20	0.7846592525681553
ENSMUSG00000017119.21:B5	wild_cluster	0.4757274916038532	0.5297249334516415	1126	5	11-20	0.7883506840761763
ENSMUSG00000030016.15:B1	wild_cluster	1.5031159119271636e-05	0.3591654247391952	2683	12	>20	0.6918738541276598
ENSMUSG00000030016.15:B2	wild_cluster	6.894848744143547e-33	0.013652515429212643	5346	6	>20	0.4062768507212951
ENSMUSG00000030016.15:B3	wild_cluster	1.4270372232891934e-24	0.39290780141843973	704	24	>20	0.7135019226060081
ENSMUSG00000030016.15:B4	wild_cluster	1.0390093906649903e-25	0.14687882496940025	816	18	>20	0.539851114066609
ENSMUSG00000004980.17:B1	wild_cluster	5.41789389924842e-05	0.5150060024009604	832	14	>20	0.7817772317772318
ENSMUSG00000004980.17:B2	wild_cluster	0.0004860985267684	0.24125750618156128	2830	7	>20	0.6099503589996492
ENSMUSG00000004980.17:B3	wild_cluster	0.0035215698022914	0.2843518191451784	2830	7	>20	0.639749446682312
ENSMUSG00000021488.9:B1	wild_cluster	1.555736166119583e-38	0.1674641148325359	208	22	>20	0.5582062116269537
ENSMUSG00000021488.9:B2	wild_cluster	8.79300050433019e-35	0.08232118758434548	740	11	>20	0.47174467816973154
ENSMUSG00000021488.9:B3	wild_cluster	7.471962726073785e-51	0.31958762886597936	96	33	>20	0.6698962337218756
ENSMUSG00000027646.16:B2	wild_cluster	0.9574755148314243	0.8104335047759	1360	2	6-10	0.9419042487834912
ENSMUSG00000031918.17:B1	wild_cluster	2.3296811100819216e-31	0.04356181934657271	3121	10	>20	0.4370964032340817
ENSMUSG00000031918.17:B2	wild_cluster	0.9981689619580472	0.9505917159763314	6759	5	>20	1.0
ENSMUSG00000031918.17:B3	wild_cluster	0.0095182113087174	0.15739644970414202	6759	5	>20	0.5533044874282247
ENSMUSG00000040964.17:B2	wild_cluster	0.000175569955921	0.2274814553161427	2830	7	>20	0.600577863032669
ENSMUSG00000040964.17:B3	wild_cluster	0.8105845166604693	0.8202048746026139	2830	7	>20	0.94637079325868
ENSMUSG00000078812.11:B2	wild_cluster	0.2087437911242442	0.20720058780308598	1360	2	6-10	0.5882245182474101
ENSMUSG00000021451.17:B1	wild_cluster	1.0	1.0	3723	2	11-20	1.0
ENSMUSG00000021451.17:B2	wild_cluster	0.5197742292655767	0.4205209994683679	3761	1	11-20	0.7248600679617999
ENSMUSG00000024431.16:B1	wild_cluster	0.1050474562728282	0.4841206298372031	3746	8	>20	0.7633688691677389
ENSMUSG00000024431.16:B2	wild_cluster	0.3658101160041431	0.4165125273247015	5946	4	>20	0.7236056512527362
ENSMUSG00000027797.16:B1	wild_cluster	3.088184347272401e-09	0.5067319461444308	816	18	>20	0.7776699357980128
ENSMUSG00000027797.16:B2	wild_cluster	6.317089098112718e-59	0.05517241379310345	144	27	>20	0.452113975360941
ENSMUSG00000030101.16:B1	wild_cluster	0.3863238682297233	0.429460232049773	5946	4	>20	0.7299632426959958
ENSMUSG00000030101.16:B2	wild_cluster	1.0	1.0	96	8	6-10	1.0
ENSMUSG00000032423.13:B1	wild_cluster	1.0	1.0	80	20	11-20	1.0
ENSMUSG00000032423.13:B2	wild_cluster	0.4196527837005431	0.5005917159763313	6759	5	>20	0.7722047001557464
ENSMUSG00000037426.19:B1	wild_cluster	0.7118652288084188	0.6293382693197593	2160	4	11-20	0.8507335256648687
ENSMUSG00000037426.19:B2	wild_cluster	0.7134617139895783	0.5754564983888292	3723	2	11-20	0.8237516275146247
ENSMUSG00000041235.13:B1	wild_cluster	2.3619947203876423e-14	0.05458089668615984	512	10	11-20	0.452113975360941
ENSMUSG00000041235.13:B2	wild_cluster	3.061883653773532e-22	0.027913233563141078	5946	4	>20	0.4135401864624129
ENSMUSG00000049583.16:B1	wild_cluster	0.0002431562698687	0.7051792828685259	752	16	>20	0.8867992710590356
ENSMUSG00000049583.16:B2	wild_cluster	0.0317452527472663	0.3845743261275687	3746	8	>20	0.709315559470306
ENSMUSG00000062078.16:B1	wild_cluster	8.044009858586721e-10	0.12810248198558846	3746	8	>20	0.5152102084198062
ENSMUSG00000062078.16:B2	wild_cluster	2.1124433316733308e-27	0.14475431606905712	752	16	>20	0.5379116859054327
ENSMUSG00000000305.13:B1	wild_cluster	3.0497419781858502e-92	0.004270082732852949	3746	8	>20	0.4062768507212951
ENSMUSG00000000881.13:B1	wild_cluster	1.1910979041127212e-29	0.02001008912056499	5946	4	>20	0.4062768507212951
ENSMUSG00000002833.12:B1	wild_cluster	0.4442256832041298	0.40383830134748877	2448	2	>20	0.7193352819318058
ENSMUSG00000005198.16:B1	wild_cluster	3.407939684637634e-38	0.010660183280344118	5346	6	>20	0.4062768507212951
ENSMUSG00000007880.17:B1	wild_cluster	0.3147859081578693	0.835357624831309	740	11	>20	0.950268718262156
ENSMUSG00000014592.22:B1	wild_cluster	0.9817705790872596	0.9361202442461249	2128	9	>20	0.9984605868915336
ENSMUSG00000017760.17:B1	wild_cluster	1.937938802245816e-19	0.015971606033717833	1126	5	11-20	0.4062768507212951
ENSMUSG00000019986.18:B1	wild_cluster	1.0	1.0	3121	10	>20	1.0
ENSMUSG00000020435.18:B1	wild_cluster	0.0016617101322308	0.10984075132707227	2448	2	>20	0.4860396790295065
ENSMUSG00000020863.16:B2	wild_cluster	0.0001455571933467	0.39946018893387314	740	11	>20	0.7182190521974527
ENSMUSG00000021275.17:B1	wild_cluster	0.999960218236182	0.9628384059189508	5946	4	>20	1.0
ENSMUSG00000021983.17:B1	wild_cluster	4.09822665024996e-33	0.0174878089793173	5946	4	>20	0.4062768507212951
ENSMUSG00000022494.16:B1	wild_cluster	0.0091714319120866	0.13339183852566916	4557	3	>20	0.5237728484766659
ENSMUSG00000022973.19:B1	wild_cluster	2.238922790962757e-39	0.021884174005871365	3746	8	>20	0.4062768507212951
ENSMUSG00000024201.13:B1	wild_cluster	0.5307189701227122	0.5090236001850995	2160	4	11-20	0.7784495793159126
ENSMUSG00000024735.14:B1	wild_cluster	0.1973442665256187	0.24713778128701144	2532	3	11-20	0.6150376252306125
ENSMUSG00000025227.15:B1	wild_cluster	0.63632943435675	0.5479787668436097	2448	2	>20	0.8012135780098896
ENSMUSG00000025793.18:B1	wild_cluster	0.3197461209380046	0.38473179754498066	5946	4	>20	0.709315559470306
ENSMUSG00000026421.15:B1	wild_cluster	0.0001590134059274	0.08995173321632295	4557	3	>20	0.4808925487948958
ENSMUSG00000026843.16:B1	wild_cluster	0.455832361448249	0.469816714309736	5946	4	>20	0.7564217493474316
ENSMUSG00000027405.17:B1	wild_cluster	0.5516788691670946	0.49495392716103553	4557	3	>20	0.7690532828804467
ENSMUSG00000027977.16:B1	wild_cluster	1.0909635800581934e-11	0.034640171858216974	3723	2	11-20	0.42154010255574076
ENSMUSG00000028519.17:B1	wild_cluster	1.3558631200816843e-28	0.011538461538461539	6759	5	>20	0.4062768507212951
ENSMUSG00000029033.17:B1	wild_cluster	0.3617375848803436	0.41264503110812173	5946	4	>20	0.7217467129056513
ENSMUSG00000029471.14:B1	wild_cluster	6.847318887341061e-41	0.02225362062875309	2830	7	>20	0.4062768507212951
ENSMUSG00000030058.18:B1	wild_cluster	0.0814494666444032	0.2650887573964497	6759	5	>20	0.625080681482862
ENSMUSG00000030683.12:B1	wild_cluster	1.0	1.0	3746	8	>20	1.0
ENSMUSG00000031425.16:B1	wild_cluster	0.1889523002008162	0.5569789164665065	3746	8	>20	0.8081231565786652
ENSMUSG00000031928.16:B1	wild_cluster	0.0794022027796204	0.14752791068580542	3761	1	11-20	0.539851114066609
ENSMUSG00000032373.16:B1	wild_cluster	0.4968170973594554	0.4041353383458647	3723	2	11-20	0.7193352819318058
ENSMUSG00000032855.7:B1	wild_cluster	3.981291710896746e-38	0.06477732793522267	740	11	>20	0.4608847075722556
ENSMUSG00000033819.17:B1	wild_cluster	0.003239275333512	0.11514904042466313	2448	2	>20	0.49654316849411173
ENSMUSG00000034518.15:B1	wild_cluster	0.5924340370868153	0.556751303178073	5946	4	>20	0.8080539107838138
ENSMUSG00000035245.13:B1	wild_cluster	4.20938040645518e-32	0.011009174311926606	544	3	6-10	0.4062768507212951
ENSMUSG00000036218.17:B1	wild_cluster	0.6016273803989438	0.48219032429558745	3761	1	11-20	0.7633688691677389
ENSMUSG00000037103.9:B1	wild_cluster	0.4094925063189394	0.2838817624093698	1792	1	1-5	0.639749446682312
ENSMUSG00000037907.17:B1	wild_cluster	0.2642970602039423	0.3623322535863026	2160	4	11-20	0.6921417565485363
ENSMUSG00000038481.14:B1	wild_cluster	0.5306786034401799	0.5266055045871559	544	3	6-10	0.787454036819409
ENSMUSG00000039220.17:B1	wild_cluster	2.1749347197576122e-13	0.02839396628216504	1126	5	11-20	0.4135401864624129
ENSMUSG00000040033.17:B1	wild_cluster	0.8160063479824025	0.7228854884815874	5946	4	>20	0.8987144519452495
ENSMUSG00000040857.16:B1	wild_cluster	0.2724673763226965	0.33442892358258014	1216	1	>20	0.6787082352280288
ENSMUSG00000041923.16:B1	wild_cluster	0.0733549021474698	0.19372531812198332	4557	3	>20	0.5756531268780712
ENSMUSG00000043154.16:B1	wild_cluster	0.1124676259418994	0.2614530310041647	2160	4	11-20	0.6238525613082021
ENSMUSG00000048251.16:B1	wild_cluster	0.0023518129535058	0.27128223242670435	2830	7	>20	0.6291170821170656
ENSMUSG00000051177.17:B1	wild_cluster	6.550819448728519e-36	0.03074951953875721	3121	10	>20	0.4135401864624129
ENSMUSG00000053199.14:B1	wild_cluster	0.8892358097089295	0.8927141713370697	3746	8	>20	0.9777345072563368
ENSMUSG00000055421.9:B1	wild_cluster	8.838049707720353e-05	0.8345323741007195	416	20	>20	0.950268718262156
ENSMUSG00000057715.14:B1	wild_cluster	8.250743571054324e-32	0.037096343741659994	3746	8	>20	0.42154010255574076
ENSMUSG00000059857.16:B1	wild_cluster	5.066729613181806e-38	0.08641975308641975	80	20	11-20	0.47456910863593826
ENSMUSG00000062115.16:B1	wild_cluster	3.767934528976789e-25	0.13445378151260504	832	14	>20	0.5258556714823556
ENSMUSG00000066129.18:B1	wild_cluster	1.0	1.0	2128	9	>20	1.0
ENSMUSG00000070366.6:B1	wild_cluster	0.9895603009162282	0.8908606921029282	1126	5	11-20	0.9767247315335968
ENSMUSG00000087038.11:B1	wild_cluster	5.894718081194193e-09	0.06143045195261079	4557	3	>20	0.4608847075722556
ENSMUSG00000019558.15:B2	wild_cluster	0.1186051916840136	0.4041518608565551	5346	6	>20	0.7193352819318058
ENSMUSG00000019558.15:B3	wild_cluster	0.0662234813963363	0.34262203104544603	5346	6	>20	0.6840697909187786
ENSMUSG00000019558.15:B4	wild_cluster	0.0020152448744214	0.6690647482014388	416	12	11-20	0.871646997946886
ENSMUSG00000030067.18:B2	wild_cluster	1.5255890948485448e-35	0.028556178275954098	3746	8	>20	0.4135401864624129
ENSMUSG00000030067.18:B3	wild_cluster	0.0003125626308251	0.22070990125433682	3746	8	>20	0.5943818204043652
ENSMUSG00000030067.18:B5	wild_cluster	1.0123118282410663e-10	0.055732186272676267	5346	6	>20	0.4522703731089622
ENSMUSG00000005069.13:B1	wild_cluster	0.2625339146124098	0.3559633027522936	544	3	6-10	0.6918447947722197
ENSMUSG00000005069.13:B2	wild_cluster	0.3047530927697255	0.24981631153563555	1360	2	6-10	0.6157545447481213
ENSMUSG00000005069.13:B3	wild_cluster	0.5528709318858764	0.45292280232039267	2240	1	6-10	0.7438317602252028
ENSMUSG00000021668.16:B1	wild_cluster	2.001394607851029e-05	0.0709849157054126	1126	5	11-20	0.46225881142269104
ENSMUSG00000021668.16:B2	wild_cluster	5.2848451027743056e-14	0.06042884990253411	512	10	11-20	0.4608847075722556
ENSMUSG00000021668.16:B3	wild_cluster	0.0715922363310295	0.28482697426796805	1126	5	11-20	0.6400085061137692
ENSMUSG00000027651.17:B2	wild_cluster	0.6462999908988534	0.5390450691655511	2240	1	6-10	0.7954024216885118
ENSMUSG00000027651.17:B3	wild_cluster	3.705470809875256e-05	0.07362784471218206	2240	1	6-10	0.46648276226674446
ENSMUSG00000031959.16:B1	wild_cluster	0.0094911784940515	0.2160089769964466	5346	6	>20	0.5893176173056948
ENSMUSG00000031959.16:B2	wild_cluster	0.0689344381798602	0.19087318999561212	4557	3	>20	0.5723647326170157
ENSMUSG00000031959.16:B3	wild_cluster	0.0005239070107876	0.09806932865291795	4557	3	>20	0.4808925487948958
ENSMUSG00000041119.13:B1	wild_cluster	1.0	1.0	704	24	>20	1.0
ENSMUSG00000041119.13:B5	wild_cluster	0.9951666355211098	0.965588180288012	5346	6	>20	1.0
ENSMUSG00000041119.13:B6	wild_cluster	4.487199614328701e-17	0.13822652757078988	2683	12	>20	0.53024215358496
ENSMUSG00000084925.9:B2	wild_cluster	0.9638605888215572	0.8936390532544378	6759	5	>20	0.9777345072563368
ENSMUSG00000084925.9:B3	wild_cluster	0.9638606032647582	0.8939349112426036	6759	5	>20	0.9777345072563368
ENSMUSG00000021684.18:B1	wild_cluster	0.5841282833921251	0.46938775510204084	3723	2	11-20	0.7563431643322908
ENSMUSG00000021684.18:B4	wild_cluster	0.6318277533572494	0.5055821371610846	3761	1	11-20	0.776435883804305
ENSMUSG00000024456.17:B1	wild_cluster	3.119272053015851e-15	0.042884990253411304	512	10	11-20	0.4370964032340817
ENSMUSG00000024456.17:B2	wild_cluster	0.6937840644715805	0.6335403726708074	1126	5	11-20	0.8518464419731995
ENSMUSG00000027827.18:B1	wild_cluster	0.166217044501582	0.20676691729323307	3723	2	11-20	0.5882245182474101
ENSMUSG00000027827.18:B2	wild_cluster	0.2902905515691275	0.23870281765018608	3761	1	11-20	0.6087620269945074
ENSMUSG00000037503.13:B2	wild_cluster	0.2175622247821989	0.37855029585798816	6759	5	>20	0.7044058430459975
ENSMUSG00000041353.13:B1	wild_cluster	0.4054856429632797	0.673872431278356	3746	8	>20	0.8737423758046838
ENSMUSG00000041353.13:B2	wild_cluster	0.7822592616030294	0.6934588868336976	5946	4	>20	0.8827091544197394
ENSMUSG00000049676.15:B1	wild_cluster	1.0	1.0	788	2	1-5	1.0
ENSMUSG00000049676.15:B2	wild_cluster	6.484945878696589e-07	0.07083100948131622	1792	1	1-5	0.46225881142269104
ENSMUSG00000062169.14:B1	wild_cluster	0.8100752986569971	0.6836734693877551	3723	2	11-20	0.8781111384326008
ENSMUSG00000062169.14:B2	wild_cluster	1.3670557795031656e-18	0.025510204081632654	3723	2	11-20	0.41220085156364705
ENSMUSG00000000308.15:B1	wild_cluster	0.9941506081866094	0.9531459170013387	2240	1	6-10	1.0
ENSMUSG00000001036.18:B1	wild_cluster	0.0166913250842395	0.2420048625397419	5346	6	>20	0.6099503589996492
ENSMUSG00000002963.18:B1	wild_cluster	0.3563316658977949	0.3495304205798285	2448	2	>20	0.6875075072747915
ENSMUSG00000005225.16:B1	wild_cluster	0.9831667768735628	0.9167052290606201	2160	4	11-20	0.9905913316527479
ENSMUSG00000008036.12:B1	wild_cluster	2.6964029724278995e-05	0.07256778309409888	3761	1	11-20	0.46501352590398315
ENSMUSG00000014668.16:B1	wild_cluster	0.6774957640152091	0.740789227604264	5346	6	>20	0.9067098665935569
ENSMUSG00000017781.18:B1	wild_cluster	0.0291378660356514	0.31938857602574416	1242	6	11-20	0.6698962337218756
ENSMUSG00000019996.18:B1	wild_cluster	1.758521814591644e-05	0.1021133345801384	5346	6	>20	0.4808925487948958
ENSMUSG00000020448.17:B1	wild_cluster	0.9402207342039284	0.8412645031108121	5946	4	>20	0.9528391699379143
ENSMUSG00000020894.17:B1	wild_cluster	9.247029545009e-06	0.24375400384368995	3121	10	>20	0.6103361121883251
ENSMUSG00000021277.17:B1	wild_cluster	0.1164603650249959	0.19857876036320568	2532	3	11-20	0.5799842597864239
ENSMUSG00000021991.10:B1	wild_cluster	0.2378199108419021	0.2821559820334831	2448	2	>20	0.639749446682312
ENSMUSG00000022498.17:B1	wild_cluster	0.2429730880698927	0.34983803794539564	2160	4	11-20	0.6875075072747915
ENSMUSG00000022983.17:B1	wild_cluster	0.4069947662031963	0.44123087270892886	5946	4	>20	0.7380557778031775
ENSMUSG00000024213.15:B1	wild_cluster	1.4349765566626105e-07	0.2834890965732087	320	9	11-20	0.639749446682312
ENSMUSG00000024736.16:B1	wild_cluster	0.4255168949529155	0.40031583103039875	2532	3	11-20	0.7182190521974527
ENSMUSG00000025228.6:B1	wild_cluster	1.434647034357413e-20	0.015971606033717833	1126	5	11-20	0.4062768507212951
ENSMUSG00000025855.14:B1	wild_cluster	0.0421270578958298	0.22292899408284023	6759	5	>20	0.5957903406894164
ENSMUSG00000026425.16:B1	wild_cluster	2.1599785204575428e-33	0.008136094674556213	6759	5	>20	0.4062768507212951
ENSMUSG00000026854.17:B1	wild_cluster	0.0383774120571506	0.6993293591654247	2683	12	>20	0.8859374761057902
ENSMUSG00000027406.14:B1	wild_cluster	0.1374517207071409	0.2750966874054145	5946	4	>20	0.6331283098585031
ENSMUSG00000027981.15:B1	wild_cluster	0.8698743597988156	0.8537619215824797	2830	7	>20	0.9599212319307069
ENSMUSG00000028524.22:B1	wild_cluster	0.0088598314473868	0.15562130177514794	6759	5	>20	0.5518223912711709
ENSMUSG00000029034.10:B1	wild_cluster	0.8553235509898098	0.7320085929108485	3723	2	11-20	0.9014626714761982
ENSMUSG00000029486.15:B1	wild_cluster	0.0179893238101396	0.16176223305868506	5946	4	>20	0.5555320725532211
ENSMUSG00000030091.18:B1	wild_cluster	0.010940950538667	0.13602457218078104	4557	3	>20	0.5261217052794015
ENSMUSG00000030691.16:B1	wild_cluster	2.254588439457691e-62	0.0009394081728511038	2128	9	>20	0.4062768507212951
ENSMUSG00000031428.12:B1	wild_cluster	0.5702464232606964	0.6897325603141948	5346	6	>20	0.8798730324550741
ENSMUSG00000031955.11:B1	wild_cluster	0.1872791269391447	0.19771863117870722	788	2	1-5	0.5786818005754758
ENSMUSG00000032376.13:B1	wild_cluster	0.1278708233193692	0.16480595427963848	3761	1	11-20	0.5568066738432305
ENSMUSG00000032875.9:B1	wild_cluster	1.4464675589396855e-45	0.014482515012363122	2830	7	>20	0.4062768507212951
ENSMUSG00000033871.15:B1	wild_cluster	0.6713075281134	0.6129140743231881	5946	4	>20	0.8437664792705366
ENSMUSG00000034543.16:B1	wild_cluster	0.1409549689079519	0.1695906432748538	3761	1	11-20	0.5582700482166111
ENSMUSG00000035248.10:B1	wild_cluster	0.5910545947293737	0.602810650887574	6759	5	>20	0.8388814535446126
ENSMUSG00000036256.14:B1	wild_cluster	0.0777199082689123	0.1656441717791411	1792	1	1-5	0.5568066738432305
ENSMUSG00000037110.21:B1	wild_cluster	0.0118451548663738	0.13799912242211496	4557	3	>20	0.5298222717266157
ENSMUSG00000037933.17:B1	wild_cluster	2.9614240148042106e-05	0.07633136094674556	6759	5	>20	0.46806602920037493
ENSMUSG00000038485.7:B1	wild_cluster	0.9999999996514192	0.9671597633136094	6759	5	>20	1.0
ENSMUSG00000039234.12:B1	wild_cluster	0.968043939030259	0.8905221588415972	4557	3	>20	0.9766175628702283
ENSMUSG00000040037.14:B1	wild_cluster	1.4197540647208036e-23	0.09649776453055142	2683	12	>20	0.4808925487948958
ENSMUSG00000040907.16:B1	wild_cluster	0.4060451667300735	0.7645739910313901	3121	10	>20	0.9206736993867843
ENSMUSG00000041936.19:B2	wild_cluster	3.267169204582204e-33	0.07099143206854346	816	18	>20	0.46225881142269104
ENSMUSG00000043259.16:B1	wild_cluster	0.8189631705008933	0.6941460794844253	3723	2	11-20	0.882721726200511
ENSMUSG00000045636.17:B1	wild_cluster	0.9437172630861302	0.6620189626324595	1792	1	1-5	0.8685131951358085
ENSMUSG00000048264.17:B1	wild_cluster	0.9837545642403316	0.9197016235190874	4557	3	>20	0.9911834824371974
ENSMUSG00000051223.15:B1	wild_cluster	0.8459766720123003	0.7484445939128973	5946	4	>20	0.9112073250910024
ENSMUSG00000053333.16:B1	wild_cluster	0.4811545556214323	0.39314194577352474	3761	1	11-20	0.7135019226060081
ENSMUSG00000055436.19:B1	wild_cluster	2.8549513862213094e-15	0.158290277125411	2128	9	>20	0.5546333267139987
ENSMUSG00000057716.8:B1	wild_cluster	0.0002303001299777	0.3007687379884689	3121	10	>20	0.6530644709134412
ENSMUSG00000059890.17:B1	wild_cluster	0.7385459121196101	0.6049946294307197	3723	2	11-20	0.8395504743205707
ENSMUSG00000062151.14:B1	wild_cluster	0.0483508601105022	0.23165680473372782	6759	5	>20	0.6042987031729997
ENSMUSG00000066151.13:B1	wild_cluster	3.157716615244895e-31	0.0832313341493268	816	18	>20	0.47174467816973154
ENSMUSG00000070509.16:B1	wild_cluster	0.0470439408905789	0.17749012724879332	4557	3	>20	0.5638512387564212
ENSMUSG00000087203.9:B1	wild_cluster	0.2319267769961126	0.23516287371709058	2240	1	6-10	0.6069675258586653
ENSMUSG00000024163.18:B1	wild_cluster	7.851790718056733e-59	0.05517241379310345	144	27	>20	0.452113975360941
ENSMUSG00000024163.18:B2	wild_cluster	3.697284551760764e-08	0.23485204321277595	2128	9	>20	0.6069675258586653
ENSMUSG00000024163.18:B3	wild_cluster	5.2383746239185765e-39	0.045561296383278535	2128	9	>20	0.4392091477032966
ENSMUSG00000024163.18:B4	wild_cluster	7.779905603718305e-32	0.07711138310893513	816	18	>20	0.46988072736595277
ENSMUSG00000024163.18:B5	wild_cluster	5.081645477208241e-25	0.1085016439643025	2128	9	>20	0.4860396790295065
ENSMUSG00000024163.18:B6	wild_cluster	5.892172685966817e-23	0.06511876167600747	3746	8	>20	0.4608847075722556
ENSMUSG00000001419.18:B1	wild_cluster	0.0049935898294516	0.19524967271367122	5346	6	>20	0.5769371147983733
ENSMUSG00000001419.18:B2	wild_cluster	0.0030277969874075	0.18178417804376285	5346	6	>20	0.5683806404358454
ENSMUSG00000001419.18:B3	wild_cluster	1.0562262815317058e-09	0.05984664297737049	5346	6	>20	0.4608847075722556
ENSMUSG00000018412.17:B1	wild_cluster	0.2245359905144489	0.8360655737704918	2683	12	>20	0.950268718262156
ENSMUSG00000018412.17:B2	wild_cluster	0.0147239134720488	0.23414999064896203	5346	6	>20	0.6069675258586653
ENSMUSG00000018412.17:B3	wild_cluster	0.4465729817465064	0.6169814849448289	5346	6	>20	0.8459953694664747
ENSMUSG00000024392.18:B1	wild_cluster	0.2482018946468164	0.3985207100591716	6759	5	>20	0.7182190521974527
ENSMUSG00000024392.18:B2	wild_cluster	0.4414240398733079	0.5107988165680474	6759	5	>20	0.7788554935586113
ENSMUSG00000024392.18:B7	wild_cluster	0.0002467211040227	0.30301089045483665	3121	10	>20	0.6537863941322541
ENSMUSG00000029420.15:B1	wild_cluster	1.7209862090744005e-22	0.14765906362545017	832	14	>20	0.539851114066609
ENSMUSG00000029420.15:B3	wild_cluster	2.007307949681653e-05	0.2080536912751678	2830	7	>20	0.5882245182474101
ENSMUSG00000029420.15:B6	wild_cluster	6.411245365215593e-05	0.21723772518544684	2830	7	>20	0.5906972527439632
ENSMUSG00000036712.16:B1	wild_cluster	1.3093440264219555e-09	0.16175528507367073	3121	10	>20	0.5555320725532211
ENSMUSG00000036712.16:B2	wild_cluster	2.6291244151652363e-06	0.22805893657911594	3121	10	>20	0.600577863032669
ENSMUSG00000036712.16:B3	wild_cluster	0.9999833490770964	0.964792899408284	6759	5	>20	1.0
ENSMUSG00000053819.17:B1	wild_cluster	1.8549316125131294e-19	0.11959761549925485	2683	12	>20	0.5022671851566346
ENSMUSG00000053819.17:B2	wild_cluster	0.0690724164689981	0.22128804439213048	5946	4	>20	0.5948688781624477
ENSMUSG00000053819.17:B3	wild_cluster	0.2231553155037182	0.33075500252228013	5946	4	>20	0.6778063281615339
ENSMUSG00000004347.18:B1	wild_cluster	1.0	1.0	96	6	1-5	1.0
ENSMUSG00000004347.18:B2	wild_cluster	0.2923849805431061	0.7647058823529411	16	5	1-5	0.9206736993867843
ENSMUSG00000022800.15:B1	wild_cluster	0.9786619935098468	0.9064587973273942	448	4	6-10	0.9844808794958062
ENSMUSG00000022800.15:B3	wild_cluster	0.9440583645423036	0.8472073039742213	3723	2	11-20	0.9554745692825012
ENSMUSG00000026469.15:B1	wild_cluster	0.0073935048657946	0.42408712363869316	3121	10	>20	0.7273766167945818
ENSMUSG00000026469.15:B2	wild_cluster	0.0025629587445822	0.12677514792899408	6759	5	>20	0.5140667292769858
ENSMUSG00000028759.14:B1	wild_cluster	0.0010913217555448	0.5	2683	12	>20	0.7720866277071159
ENSMUSG00000028759.14:B2	wild_cluster	3.1989390777325363e-54	0.003927435945389938	5346	6	>20	0.4062768507212951
ENSMUSG00000031337.17:B1	wild_cluster	0.8637103830781904	0.8423169750603379	1242	6	11-20	0.9532556197361514
ENSMUSG00000034210.15:B1	wild_cluster	0.0397726788620858	0.128625134264232	3723	2	11-20	0.5152102084198062
ENSMUSG00000034210.15:B2	wild_cluster	0.9837949985549092	0.9138755980861244	3761	1	11-20	0.9889494547344906
ENSMUSG00000039219.19:B1	wild_cluster	0.0326987802721583	0.37831155068880257	2830	7	>20	0.7044058430459975
ENSMUSG00000039219.19:B4	wild_cluster	0.0755623906818425	0.8175270108043218	832	14	>20	0.9459895240940271
ENSMUSG00000043051.18:B1	wild_cluster	0.1461350145576783	0.2505484861781483	4557	3	>20	0.6157545447481213
ENSMUSG00000055447.20:B1	wild_cluster	1.3759729348095867e-25	0.13205282112845138	832	14	>20	0.5198784158711688
ENSMUSG00000055447.20:B4	wild_cluster	2.2576549267023927e-39	0.025785941363475805	2830	7	>20	0.4135401864624129
ENSMUSG00000079056.13:B1	wild_cluster	6.732479834212918e-23	0.06538564184681078	3746	8	>20	0.4608847075722556
ENSMUSG00000079056.13:B2	wild_cluster	0.610138369466823	0.5675130317807298	5946	4	>20	0.816653199114712
ENSMUSG00000001768.17:B1	wild_cluster	7.253385853586689e-07	0.08493262556145366	2448	2	>20	0.4738137058020693
ENSMUSG00000004071.14:B1	wild_cluster	0.9837388452794076	0.9138755980861244	3761	1	11-20	0.9889494547344906
ENSMUSG00000006304.15:B1	wild_cluster	1.0	1.0	2830	7	>20	1.0
ENSMUSG00000010154.8:B1	wild_cluster	0.7590693202212564	0.6753777051857901	2448	2	>20	0.8749805053150693
ENSMUSG00000016179.12:B1	wild_cluster	6.113498414416563e-10	0.05835892935498026	4557	3	>20	0.4608847075722556
ENSMUSG00000018995.13:B1	wild_cluster	0.9662695000735904	0.8973372781065089	6759	5	>20	0.9790370517138894
ENSMUSG00000020184.16:B1	wild_cluster	0.9832297108934503	0.919526627218935	6759	5	>20	0.9911834824371974
ENSMUSG00000020627.11:B1	wild_cluster	0.0707814050427253	0.22443313280888477	2160	4	11-20	0.5974302031420886
ENSMUSG00000021090.17:B1	wild_cluster	0.1946731390017151	0.3216103655714947	2160	4	11-20	0.6706344843151932
ENSMUSG00000021687.15:B1	wild_cluster	0.0059050874167423	0.4038128249566724	576	8	11-20	0.7193352819318058
ENSMUSG00000022263.11:B1	wild_cluster	3.749685236510199e-11	0.1171603949826528	3746	8	>20	0.5000768469186335
ENSMUSG00000022701.19:B1	wild_cluster	0.0957970923983718	0.21237384817902588	4557	3	>20	0.5885518387222989
ENSMUSG00000023868.18:B1	wild_cluster	8.743097760742582e-13	0.5083932853717026	416	20	>20	0.7783493508510398
ENSMUSG00000024462.18:B1	wild_cluster	2.362058126874949e-34	0.7286821705426356	128	30	>20	0.9008265208451066
ENSMUSG00000024949.18:B1	wild_cluster	0.1815561475155941	0.35650887573964496	6759	5	>20	0.6918738541276598
ENSMUSG00000025425.19:B1	wild_cluster	0.172099812805757	0.2663448881088197	4557	3	>20	0.6262587643042441
ENSMUSG00000026131.21:B1	wild_cluster	1.0	1.0	2	55	>20	1.0
ENSMUSG00000026623.17:B1	wild_cluster	0.7747827816780706	0.7920329156536375	5346	6	>20	0.9346886506019608
ENSMUSG00000027018.12:B1	wild_cluster	0.3767744735298169	0.27495817066369216	1792	1	1-5	0.6331283098585031
ENSMUSG00000027663.13:B1	wild_cluster	0.0338758333279011	0.12791156731148837	2532	3	11-20	0.5152102084198062
ENSMUSG00000028184.13:B1	wild_cluster	4.687343871740058e-21	0.19787516600265603	752	16	>20	0.5786818005754758
ENSMUSG00000028797.21:B1	wild_cluster	1.1010627348178795e-81	0.011408512505484861	4557	3	>20	0.4062768507212951
ENSMUSG00000029190.20:B1	wild_cluster	0.0511202349685603	0.23476331360946745	6759	5	>20	0.6069675258586653
ENSMUSG00000029705.18:B1	wild_cluster	0.596635090409232	0.6069526627218935	6759	5	>20	0.8409380334851824
ENSMUSG00000030302.18:B1	wild_cluster	1.3045549841592867e-10	0.21460506706408347	2683	12	>20	0.5892456975867133
ENSMUSG00000031028.15:B1	wild_cluster	1.0	1.0	6759	5	>20	1.0
ENSMUSG00000031668.15:B1	wild_cluster	1.2037208964385574e-50	0.008912056499075165	5946	4	>20	0.4062768507212951
ENSMUSG00000032131.17:B1	wild_cluster	0.7265988536753414	0.6406696610861576	2448	2	>20	0.8545100124047492
ENSMUSG00000032547.13:B1	wild_cluster	0.7012163797169231	0.631578947368421	5946	4	>20	0.8512009095646406
ENSMUSG00000033287.18:B1	wild_cluster	0.0543864378378612	0.13668098818474758	3723	2	11-20	0.5261217052794015
ENSMUSG00000034145.15:B1	wild_cluster	1.0	1.0	832	14	>20	1.0
ENSMUSG00000034858.17:B1	wild_cluster	0.0017182649594602	0.07343071456770628	2532	3	11-20	0.46648276226674446
ENSMUSG00000035713.16:B1	wild_cluster	0.9361087967946592	0.8179160021265285	3761	1	11-20	0.946195900477045
ENSMUSG00000036606.18:B1	wild_cluster	0.0055309745302145	0.13536236758029258	5946	4	>20	0.5261217052794015
ENSMUSG00000037428.15:B1	wild_cluster	0.5689580017976686	0.5905325443786982	6759	5	>20	0.8323414462971799
ENSMUSG00000038172.15:B1	wild_cluster	0.1685766362210662	0.6415759128763613	3121	10	>20	0.8551517386245704
ENSMUSG00000038738.16:B1	wild_cluster	2.177911927459813e-39	0.038748137108792845	2683	12	>20	0.42623636961560013
ENSMUSG00000040481.18:B1	wild_cluster	1.1665167812672716e-35	0.0728744939271255	740	11	>20	0.46565039362823296
ENSMUSG00000041324.15:B1	wild_cluster	1.973509524355377e-09	0.06053472338994451	5946	4	>20	0.4608847075722556
ENSMUSG00000042404.17:B1	wild_cluster	0.8265535327513793	0.7631656804733727	6759	5	>20	0.9205532321929083
ENSMUSG00000044365.16:B1	wild_cluster	0.7700899921578417	0.6377551020408163	3723	2	11-20	0.8538030671472545
ENSMUSG00000047126.18:B1	wild_cluster	1.935105547548533e-19	0.0773952495329597	3746	8	>20	0.4698984439366785
ENSMUSG00000049556.6:B1	wild_cluster	2.5238228452542585e-22	0.15006002400960383	832	14	>20	0.5446521643846058
ENSMUSG00000052372.11:B1	wild_cluster	0.9996875456890314	0.9811320754716981	4557	3	>20	1.0
ENSMUSG00000054428.13:B1	wild_cluster	0.742423588545731	0.6095596133190118	3723	2	11-20	0.841387722762265
ENSMUSG00000056602.14:B1	wild_cluster	7.403528312459643e-44	0.023485204321277594	2128	9	>20	0.4062768507212951
ENSMUSG00000058690.15:B1	wild_cluster	0.936853704120161	0.8615384615384616	6759	5	>20	0.9633000517773493
ENSMUSG00000061080.12:B1	wild_cluster	2.7754340093244842e-08	0.13877768881772085	3746	8	>20	0.5319021998030734
ENSMUSG00000063334.17:B1	wild_cluster	0.9247254739318052	0.7985114300903775	3761	1	11-20	0.9370202047977993
ENSMUSG00000068566.14:B1	wild_cluster	0.6116191077931916	0.5410267661254936	4557	3	>20	0.796161265322666
ENSMUSG00000072704.7:B1	wild_cluster	6.935527525137566e-38	0.006612784717119765	1360	2	6-10	0.4062768507212951
ENSMUSG00000084883.3:B1	wild_cluster	8.040101443250434e-11	0.046291132180702736	1792	1	1-5	0.43963983201651363
ENSMUSG00000091908.8:B1	wild_cluster	0.0171243873379631	0.15991256095510342	5946	4	>20	0.5555320725532211
ENSMUSG00000112964.3:B1	wild_cluster	0.2896533002536516	0.3761467889908257	544	3	6-10	0.7031424786295418
ENSMUSG00000020530.15:B1	wild_cluster	3.268426382413238e-05	0.37630402384500744	2683	12	>20	0.7031437916438326
ENSMUSG00000020530.15:B2	wild_cluster	0.0025805610596651	0.17710865906115578	5346	6	>20	0.5638184899724017
ENSMUSG00000020530.15:B3	wild_cluster	0.0782675017334163	0.3583317748270058	5346	6	>20	0.6918738541276598
ENSMUSG00000020530.15:B5	wild_cluster	0.17262871072198	0.4486628015709744	5346	6	>20	0.7411762233058684
ENSMUSG00000030616.17:B1	wild_cluster	0.0001921049743369	0.21350413664264745	3746	8	>20	0.5892456975867133
ENSMUSG00000030616.17:B2	wild_cluster	2.627426047602285e-14	0.04388767445770977	5946	4	>20	0.4370964032340817
ENSMUSG00000030616.17:B3	wild_cluster	2.3540682172761343e-06	0.07449134017151506	5946	4	>20	0.46652275045909
ENSMUSG00000030616.17:B4	wild_cluster	0.0005035512067879	0.100723053640491	5946	4	>20	0.4808925487948958
ENSMUSG00000005417.18:B1	wild_cluster	5.80442448520272e-07	0.20531710442024342	3121	10	>20	0.5882245182474101
ENSMUSG00000005417.18:B2	wild_cluster	4.91006335492433e-48	0.006726457399103139	3121	10	>20	0.4062768507212951
ENSMUSG00000005417.18:B3	wild_cluster	8.460113201585152e-07	0.20787956438180655	3121	10	>20	0.5882245182474101
ENSMUSG00000021709.15:B1	wild_cluster	3.251146597784825e-05	0.29239766081871343	512	10	11-20	0.6473387345478859
ENSMUSG00000021709.15:B2	wild_cluster	1.949232261357633e-07	0.5188679245283019	211	15	11-20	0.7833298546635767
ENSMUSG00000021709.15:B3	wild_cluster	3.738244439289745e-07	0.1871345029239766	512	10	11-20	0.5693254400567805
ENSMUSG00000027665.14:B1	wild_cluster	1.9018696575809041e-31	0.06594634873323398	2683	12	>20	0.4608847075722556
ENSMUSG00000027665.14:B2	wild_cluster	1.5769427889709188e-50	0.0044884982233027865	5346	6	>20	0.4062768507212951
ENSMUSG00000027665.14:B3	wild_cluster	5.984672210628976e-50	0.0044884982233027865	5346	6	>20	0.4062768507212951
ENSMUSG00000032217.14:B1	wild_cluster	0.0407864542839944	0.19169329073482427	5946	4	>20	0.57444046829942
ENSMUSG00000032217.14:B2	wild_cluster	0.1190523958726567	0.21028991425071458	2448	2	>20	0.5882245182474101
ENSMUSG00000032217.14:B4	wild_cluster	0.3178762059018913	0.3282972641894651	2448	2	>20	0.6758294761622402
ENSMUSG00000041328.17:B1	wild_cluster	0.8663859751298331	0.7664368589204641	5946	4	>20	0.9206736993867843
ENSMUSG00000041328.17:B2	wild_cluster	1.3857411178752055e-05	0.07744624835454146	4557	3	>20	0.4698984439366785
ENSMUSG00000041328.17:B3	wild_cluster	0.0377348031649624	0.6185567010309279	96	8	6-10	0.8461081711082518
ENSMUSG00000021699.18:B1	wild_cluster	0.6480381328663918	0.5849143914854235	2160	4	11-20	0.8287286161149289
ENSMUSG00000021699.18:B2	wild_cluster	0.3811443114997226	0.3351235230934479	3723	2	11-20	0.6787082352280288
ENSMUSG00000024500.21:B1	wild_cluster	0.2310692498736248	0.6877001921844971	3121	10	>20	0.8791294817598246
ENSMUSG00000024500.21:B2	wild_cluster	0.5608833076349924	0.5857988165680473	6759	5	>20	0.8287286161149289
ENSMUSG00000027951.17:B1	wild_cluster	9.982810157044577e-24	0.06790518898142217	3121	10	>20	0.46225881142269104
ENSMUSG00000027951.17:B2	wild_cluster	0.2517190783415605	0.40103550295857987	6759	5	>20	0.7182190521974527
ENSMUSG00000030172.16:B1	wild_cluster	1.6785020416474994e-21	0.07847533632286996	3121	10	>20	0.4709102390656422
ENSMUSG00000030172.16:B2	wild_cluster	0.4970541740398672	0.5449704142011834	6759	5	>20	0.7991666503072302
ENSMUSG00000032481.18:B1	wild_cluster	0.0100150429336467	0.1599112426035503	6759	5	>20	0.5555320725532211
ENSMUSG00000032481.18:B2	wild_cluster	5.36915198101091e-23	0.13625866050808313	432	15	>20	0.5261217052794015
ENSMUSG00000037541.23:B1	wild_cluster	3.899879531339103e-24	0.17258261933904528	816	18	>20	0.5586945586003444
ENSMUSG00000037541.23:B3	wild_cluster	0.0134889423548958	0.4546735556599342	2128	9	>20	0.7453991284760674
ENSMUSG00000041488.17:B1	wild_cluster	0.2811420962549547	0.3600134521607533	5946	4	>20	0.6918738541276598
ENSMUSG00000041488.17:B2	wild_cluster	0.1397991989989034	0.2249897917517354	2448	2	>20	0.5980202038750269
ENSMUSG00000049985.16:B1	wild_cluster	0.5215722606024564	0.6641107162895081	5346	6	>20	0.8698970985640041
ENSMUSG00000049985.16:B2	wild_cluster	0.0002088185049293	0.09416512527324701	5946	4	>20	0.4808925487948958
ENSMUSG00000062760.12:B1	wild_cluster	0.9079920126050496	0.7996298010180471	2160	4	11-20	0.9376132681193173
ENSMUSG00000062760.12:B2	wild_cluster	0.000110393654429	0.268630849220104	576	8	11-20	0.6282293640951883
ENSMUSG00000000378.16:B1	wild_cluster	0.2376070518266202	0.4891391794046661	1242	6	11-20	0.7671833777534078
ENSMUSG00000001062.19:B1	wild_cluster	0.791755299239087	0.6408825093035619	3761	1	11-20	0.8545100124047492
ENSMUSG00000003068.18:B1	wild_cluster	0.4321934263471177	0.3559276980329612	3761	1	11-20	0.6918447947722197
ENSMUSG00000005262.14:B1	wild_cluster	0.97877480667569	0.9136094674556213	6759	5	>20	0.9889494547344906
ENSMUSG00000008140.19:B1	wild_cluster	1.085927452770833e-09	0.04081632653061224	1126	5	11-20	0.43199860115404787
ENSMUSG00000014856.13:B1	wild_cluster	0.8369794840288656	0.7117358322177599	2240	1	6-10	0.89050022682423
ENSMUSG00000017802.15:B1	wild_cluster	2.0900921467000293e-07	0.053550295857988164	6759	5	>20	0.4496222971852016
ENSMUSG00000019998.7:B1	wild_cluster	1.0	1.0	6759	5	>20	1.0
ENSMUSG00000020456.18:B1	wild_cluster	0.1512532780260453	0.33165680473372783	6759	5	>20	0.6787082352280288
ENSMUSG00000020900.16:B1	wild_cluster	5.1966777569095296e-45	0.018788163457022077	2128	9	>20	0.4062768507212951
ENSMUSG00000021313.17:B1	wild_cluster	9.70353113328258e-33	0.05510420346167432	2830	7	>20	0.452113975360941
ENSMUSG00000022000.12:B1	wild_cluster	1.2925878301796566e-44	0.01972757162987318	2128	9	>20	0.4062768507212951
ENSMUSG00000022994.10:B1	wild_cluster	0.8736838848849018	0.7216905901116427	3761	1	11-20	0.8980149946763155
ENSMUSG00000024242.16:B3	wild_cluster	1.0342358221196837e-23	0.09612518628912071	2683	12	>20	0.4808925487948958
ENSMUSG00000024740.11:B1	wild_cluster	6.610880358082723e-44	0.00046274872744099955	2160	4	11-20	0.4062768507212951
ENSMUSG00000025234.12:B1	wild_cluster	9.185562215577272e-52	0.009607686148919135	3746	8	>20	0.4062768507212951
ENSMUSG00000025860.16:B1	wild_cluster	5.363979737254547e-25	0.16034271725826194	816	18	>20	0.5555320725532211
ENSMUSG00000026434.13:B1	wild_cluster	0.0132802215448993	0.16982248520710058	6759	5	>20	0.5582700482166111
ENSMUSG00000026858.19:B1	wild_cluster	1.0	1.0	5946	4	>20	1.0
ENSMUSG00000027422.16:B1	wild_cluster	0.0296799575472829	0.3740727658071353	2830	7	>20	0.7010157964145397
ENSMUSG00000027993.17:B1	wild_cluster	8.981874166256468e-18	0.8829787234042553	93	32	>20	0.9735739876121539
ENSMUSG00000029038.10:B1	wild_cluster	0.4142344465136635	0.38873009391588403	2448	2	>20	0.7135019226060081
ENSMUSG00000029501.15:B1	wild_cluster	0.9522858151849938	0.8423710792131844	3761	1	11-20	0.9532556197361514
ENSMUSG00000030098.16:B1	wild_cluster	0.5043729040383915	0.44181298489179255	2448	2	>20	0.7380557778031775
ENSMUSG00000030695.17:B1	wild_cluster	1.7630361539285244e-12	0.28691476590636256	832	14	>20	0.6427955596735938
ENSMUSG00000031969.17:B1	wild_cluster	0.6356029631744641	0.5765849143914854	2160	4	11-20	0.8245081687390712
ENSMUSG00000032878.17:B1	wild_cluster	0.91073939702919	0.773524720893142	3761	1	11-20	0.9238281730644159
ENSMUSG00000033883.12:B1	wild_cluster	0.973592553255508	0.8838383838383839	3761	1	11-20	0.9740436752213004
ENSMUSG00000034544.18:B1	wild_cluster	0.4618843681344011	0.3821160042964554	3723	2	11-20	0.707231787736676
ENSMUSG00000036270.17:B1	wild_cluster	0.4804033248182482	0.4413738649822345	2532	3	11-20	0.7380557778031775
ENSMUSG00000037126.17:B1	wild_cluster	5.03579256211701e-21	0.01804733727810651	6759	5	>20	0.4062768507212951
ENSMUSG00000038495.15:B1	wild_cluster	2.9050567150631508e-27	0.2422062350119904	416	20	>20	0.6099503589996492
ENSMUSG00000039252.12:B1	wild_cluster	0.7557717677071756	0.6807339449541284	544	3	6-10	0.8768967091723633
ENSMUSG00000040044.12:B1	wild_cluster	1.4454043175916955e-11	0.11422471310381639	3746	8	>20	0.4947843626520176
ENSMUSG00000040929.18:B1	wild_cluster	1.0	1.0	5946	4	>20	1.0
ENSMUSG00000041949.7:B1	wild_cluster	0.9999879704959066	0.9771750805585392	3723	2	11-20	1.0
ENSMUSG00000043301.17:B1	wild_cluster	1.872833337989301e-05	0.1828129170002669	3746	8	>20	0.5693254400567805
ENSMUSG00000045671.18:B1	wild_cluster	0.0915563143519685	0.19518170681910985	2448	2	>20	0.5769371147983733
ENSMUSG00000048271.15:B1	wild_cluster	2.0934684680282121e-07	0.14838537496663998	3746	8	>20	0.5414679970350502
ENSMUSG00000051323.17:B1	wild_cluster	0.957534394996604	0.8543229372285827	2532	3	11-20	0.9601247520717521
ENSMUSG00000053390.17:B1	wild_cluster	0.4923929176412183	0.40005316321105794	3761	1	11-20	0.7182190521974527
ENSMUSG00000055531.13:B1	wild_cluster	0.0027421701450722	0.12751479289940829	6759	5	>20	0.5147765723648514
ENSMUSG00000057880.13:B1	wild_cluster	6.0213083293546115e-46	0.003106508875739645	6759	5	>20	0.4062768507212951
ENSMUSG00000059921.16:B1	wild_cluster	0.0003659619299833	0.06525241675617616	3723	2	11-20	0.4608847075722556
ENSMUSG00000062184.12:B1	wild_cluster	0.7911360261603535	0.6644295302013423	2532	3	11-20	0.8698970985640041
ENSMUSG00000066191.13:B1	wild_cluster	0.5804412349414787	0.46677299308878256	3761	1	11-20	0.7544959643594138
ENSMUSG00000070565.12:B1	wild_cluster	0.1062317078414509	0.3933046568169067	5346	6	>20	0.7135019226060081
ENSMUSG00000075284.11:B1	wild_cluster	0.8695480283169733	0.8622950819672132	304	6	6-10	0.9633000517773493
ENSMUSG00000087231.9:B1	wild_cluster	0.6250592416222396	0.5779384563645535	5946	4	>20	0.8252064672566988
ENSMUSG00000100706.8:B1	wild_cluster	0.928928490213398	0.8273361976369495	3723	2	11-20	0.9490782016129633
ENSMUSG00000020827.19:B1	wild_cluster	6.172574890227604e-21	0.47801418439716314	704	24	>20	0.7633688691677389
ENSMUSG00000020827.19:B2	wild_cluster	0.0028781238842268	0.27408593541499865	3746	8	>20	0.6331283098585031
ENSMUSG00000020827.19:B3	wild_cluster	0.3637057049200105	0.6551908193221244	3746	8	>20	0.8626385406480427
ENSMUSG00000020827.19:B4	wild_cluster	0.0059336989550274	0.2957032292500667	3746	8	>20	0.6505074818094451
ENSMUSG00000030852.19:B1	wild_cluster	0.39694731507887	0.7458900892437764	2128	9	>20	0.9110312373693631
ENSMUSG00000030852.19:B2	wild_cluster	0.0552467496033606	0.18363317244405442	4557	3	>20	0.5693254400567805
ENSMUSG00000030852.19:B3	wild_cluster	0.9000177029109557	0.800351031154015	4557	3	>20	0.9376823398352111
ENSMUSG00000030852.19:B5	wild_cluster	0.8206486632267543	0.7139096094778412	4557	3	>20	0.8917914254100285
ENSMUSG00000005580.12:B1	wild_cluster	0.6612181284800104	0.7319992519169628	5346	6	>20	0.9014626714761982
ENSMUSG00000005580.12:B2	wild_cluster	0.0510804934011765	0.18143922773146118	4557	3	>20	0.5679616801182743
ENSMUSG00000005580.12:B3	wild_cluster	0.5702590524148783	0.5074594120228171	4557	3	>20	0.7779889688759366
ENSMUSG00000021819.12:B1	wild_cluster	2.3685341772416584e-50	0.012004801920768308	832	14	>20	0.4062768507212951
ENSMUSG00000021819.12:B2	wild_cluster	1.9223115852638947e-35	0.042387848816672555	2830	7	>20	0.43571216678373714
ENSMUSG00000021819.12:B3	wild_cluster	4.145770146169655e-11	0.1501236312257153	2830	7	>20	0.5446521643846058
ENSMUSG00000027669.15:B1	wild_cluster	0.1427668025260844	0.19280343716433943	3723	2	11-20	0.5756531268780712
ENSMUSG00000027669.15:B2	wild_cluster	0.422591253095596	0.3458266879319511	3761	1	11-20	0.6860732506491121
ENSMUSG00000027669.15:B3	wild_cluster	0.5172990464063342	0.41866028708133973	3761	1	11-20	0.7244306662439823
ENSMUSG00000032366.16:B1	wild_cluster	0.0001988738265898	0.8561151079136691	416	20	>20	0.9609367977881563
ENSMUSG00000032366.16:B2	wild_cluster	0.0001233955190673	0.08579881656804733	6759	5	>20	0.47410638896707014
ENSMUSG00000032366.16:B3	wild_cluster	2.007105302479399e-07	0.46882217090069284	432	15	>20	0.7562140628311105
ENSMUSG00000041459.16:B1	wild_cluster	1.828416951330365e-05	0.5842956120092379	432	15	>20	0.8284898639979471
ENSMUSG00000041459.16:B3	wild_cluster	0.0477813958931415	0.5336322869955157	3121	10	>20	0.7913754483934818
ENSMUSG00000000420.16:B2	wild_cluster	1.0	1.0	3761	1	11-20	1.0
ENSMUSG00000015149.15:B1	wild_cluster	0.0096215009688161	0.26387771520514886	1242	6	11-20	0.6241909935237119
ENSMUSG00000015149.15:B2	wild_cluster	0.9199130840166424	0.7939202526648244	2532	3	11-20	0.9348266603157711
ENSMUSG00000021738.6:B1	wild_cluster	4.820937924969789e-19	0.07872965038697624	3746	8	>20	0.4709102390656422
ENSMUSG00000021738.6:B2	wild_cluster	5.48809866700555e-13	0.047082562636623505	5946	4	>20	0.43963983201651363
ENSMUSG00000028033.17:B1	wild_cluster	0.0690374001926524	0.19087318999561212	4557	3	>20	0.5723647326170157
ENSMUSG00000028033.17:B2	wild_cluster	5.110094293494796e-16	0.02815768302493966	1242	6	11-20	0.4135401864624129
ENSMUSG00000030284.13:B1	wild_cluster	0.1879498309810144	0.2535728868926092	2448	2	>20	0.6173709528030356
ENSMUSG00000030284.13:B2	wild_cluster	0.9455020019115624	0.8580517770952172	4557	3	>20	0.9619205843455998
ENSMUSG00000032562.14:B2	wild_cluster	2.622259790084715e-87	0.011164274322169059	3761	1	11-20	0.4062768507212951
ENSMUSG00000037750.17:B1	wild_cluster	0.7277000712691687	0.5400440852314474	1360	2	6-10	0.7954554175859652
ENSMUSG00000037750.17:B2	wild_cluster	0.9382429660354226	0.8340026773761714	2240	1	6-10	0.950268718262156
ENSMUSG00000041670.20:B1	wild_cluster	1.5161131079023444e-44	0.09078014184397164	704	24	>20	0.4808925487948958
ENSMUSG00000041670.20:B2	wild_cluster	3.455746732262502e-34	0.0796812749003984	752	16	>20	0.47174467816973154
ENSMUSG00000050954.16:B1	wild_cluster	1.830300211460905e-05	0.0707070707070707	3761	1	11-20	0.46225881142269104
ENSMUSG00000050954.16:B2	wild_cluster	0.0002843265667263	0.06310418904403867	3723	2	11-20	0.4608847075722556
ENSMUSG00000063239.18:B1	wild_cluster	0.0317092399108266	0.6417445482866043	320	9	11-20	0.8551517386245704
ENSMUSG00000063239.18:B2	wild_cluster	0.945404143905002	0.8345834978286617	2532	3	11-20	0.950268718262156
ENSMUSG00000001120.16:B1	wild_cluster	0.91054640486948	0.7947344935296743	2240	1	6-10	0.9348266603157711
ENSMUSG00000003119.15:B1	wild_cluster	2.5492330032079484e-14	0.3200531208499336	752	16	>20	0.6699341187595068
ENSMUSG00000005299.7:B1	wild_cluster	0.0004869416645186	0.1	6759	5	>20	0.4808925487948958
ENSMUSG00000008348.10:B1	wild_cluster	1.6746999845078445e-33	0.07139502113668389	2128	9	>20	0.4632308819293853
ENSMUSG00000014956.16:B1	wild_cluster	0.4087205186224616	0.35123523093447906	3723	2	11-20	0.6879192608957623
ENSMUSG00000017843.15:B1	wild_cluster	1.0	1.0	320	9	11-20	1.0
ENSMUSG00000020003.17:B1	wild_cluster	0.674285212917616	0.5402792696025779	3723	2	11-20	0.7954554175859652
ENSMUSG00000020476.15:B1	wild_cluster	0.0073661321215466	0.08834586466165413	3723	2	11-20	0.47641011291734736
ENSMUSG00000020902.13:B1	wild_cluster	1.0	1.0	4557	3	>20	1.0
ENSMUSG00000021338.18:B1	wild_cluster	0.8734090135644742	0.7311488353730754	2532	3	11-20	0.9014626714761982
ENSMUSG00000023007.16:B1	wild_cluster	0.9800992771757578	0.9375500400320256	3746	8	>20	0.9984605868915336
ENSMUSG00000024260.15:B1	wild_cluster	5.344531552649786e-32	0.03682946357085669	3746	8	>20	0.42154010255574076
ENSMUSG00000024750.12:B1	wild_cluster	0.1888422190297156	0.35976331360946745	6759	5	>20	0.6918738541276598
ENSMUSG00000025237.17:B1	wild_cluster	0.9746409767590776	0.8958109559613319	3723	2	11-20	0.9783571150445667
ENSMUSG00000025862.15:B1	wild_cluster	0.8607701705900809	0.7917159763313609	6759	5	>20	0.9346886506019608
ENSMUSG00000026437.12:B1	wild_cluster	0.9357535942437138	0.8364661654135338	3723	2	11-20	0.950268718262156
ENSMUSG00000026864.14:B1	wild_cluster	0.0131351993610151	0.16923076923076924	6759	5	>20	0.5582700482166111
ENSMUSG00000027423.16:B1	wild_cluster	0.8948249325883316	0.7038941954445261	1360	2	6-10	0.8867992710590356
ENSMUSG00000028005.14:B1	wild_cluster	3.287753454308656e-16	0.041144567046942214	5346	6	>20	0.43199860115404787
ENSMUSG00000028532.15:B1	wild_cluster	0.505129899818165	0.35527049637479086	1792	1	1-5	0.6918447947722197
ENSMUSG00000029050.16:B1	wild_cluster	7.877648822036873e-23	0.016568047337278107	6759	5	>20	0.4062768507212951
ENSMUSG00000029502.15:B1	wild_cluster	0.3157053023511165	0.4427684117125111	1126	5	11-20	0.7381347084199946
ENSMUSG00000030102.12:B1	wild_cluster	1.9419804357786376e-45	0.019001490312965722	2683	12	>20	0.4062768507212951
ENSMUSG00000030731.14:B1	wild_cluster	0.2746130271864087	0.23574144486692014	788	2	1-5	0.6071073836680487
ENSMUSG00000031441.16:B1	wild_cluster	0.9999999999975112	0.9791800128122998	3121	10	>20	1.0
ENSMUSG00000032388.8:B1	wild_cluster	0.8272707501447849	0.7051557465091299	3723	2	11-20	0.8867992710590356
ENSMUSG00000032883.16:B1	wild_cluster	0.0005925179363495	0.1020682697158231	5946	4	>20	0.4808925487948958
ENSMUSG00000033885.16:B1	wild_cluster	0.6814092798149983	0.5658188308790718	2240	1	6-10	0.8153387475245489
ENSMUSG00000034574.11:B1	wild_cluster	0.0012775145161129	0.16065083224237892	5346	6	>20	0.5555320725532211
ENSMUSG00000035314.11:B1	wild_cluster	4.1268233145834986e-07	0.06559571619812583	2240	1	6-10	0.4608847075722556
ENSMUSG00000036291.7:B1	wild_cluster	0.8715538405760693	0.850570413315878	5346	6	>20	0.957344599502612
ENSMUSG00000037138.19:B1	wild_cluster	0.2429961622501512	0.3413485791155204	5946	4	>20	0.6836102618755764
ENSMUSG00000037957.15:B1	wild_cluster	0.3873763410314056	0.7407233442930954	2128	9	>20	0.9067098665935569
ENSMUSG00000038518.16:B1	wild_cluster	9.037823488326339e-10	0.12836936215639178	3746	8	>20	0.5152102084198062
ENSMUSG00000039257.12:B1	wild_cluster	0.9608020873676656	0.8670236501561803	2240	1	6-10	0.9663687654996203
ENSMUSG00000040054.18:B2	wild_cluster	1.0	1.0	2128	9	>20	1.0
ENSMUSG00000040943.13:B1	wild_cluster	7.995279718830761e-46	0.022941970310391364	740	11	>20	0.4062768507212951
ENSMUSG00000041986.17:B1	wild_cluster	0.9613391322343516	0.8701866487304524	5946	4	>20	0.9679516950509197
ENSMUSG00000043323.18:B1	wild_cluster	6.0157641616719875e-09	0.34813925570228094	832	14	>20	0.6875075072747915
ENSMUSG00000048279.20:B1	wild_cluster	2.7951735685447976e-33	0.11724137931034483	144	21	>20	0.5000768469186335
ENSMUSG00000051339.11:B1	wild_cluster	6.2911895634247174e-30	0.07078986587183309	2683	12	>20	0.46225881142269104
ENSMUSG00000053395.16:B1	wild_cluster	3.2519262255959744e-40	0.023313316849169905	2830	7	>20	0.4062768507212951
ENSMUSG00000055567.19:B1	wild_cluster	0.0638813384567959	0.708502024291498	740	11	>20	0.8889919254517902
ENSMUSG00000057894.11:B1	wild_cluster	0.9156653086889376	0.815269855199649	4557	3	>20	0.9443507451152201
ENSMUSG00000059974.11:B1	wild_cluster	3.051365399292054e-44	0.015745930077395248	3746	8	>20	0.4062768507212951
ENSMUSG00000062202.15:B1	wild_cluster	7.437255800033884e-20	0.18461538461538463	64	18	11-20	0.5693254400567805
ENSMUSG00000066406.17:B1	wild_cluster	7.3101464501099135e-34	0.013278473910604077	5346	6	>20	0.4062768507212951
ENSMUSG00000070570.6:B1	wild_cluster	2.6170954903579323e-05	0.07529585798816568	6759	5	>20	0.46652275045909
ENSMUSG00000075376.11:B1	wild_cluster	0.0251663145776349	0.19363905325443787	6759	5	>20	0.5756531268780712
ENSMUSG00000087307.2:B1	wild_cluster	0.9982964011886044	0.9477047250714646	5946	4	>20	1.0
ENSMUSG00000100826.7:B1	wild_cluster	1.0	1.0	3	52	6-10	1.0
ENSMUSG00000020898.19:B1	wild_cluster	0.1250464747143375	0.16311535635562086	1360	2	6-10	0.5568066738432305
ENSMUSG00000020898.19:B2	wild_cluster	0.9052119594892704	0.7889335118250781	2240	1	6-10	0.9346886506019608
ENSMUSG00000020898.19:B4	wild_cluster	0.8142116101718223	0.6925479696564034	2240	1	6-10	0.8822817582803643
ENSMUSG00000020898.19:B5	wild_cluster	0.6141013565306453	0.5118250780901383	2240	1	6-10	0.7798899010847022
ENSMUSG00000031565.19:B1	wild_cluster	5.885049339740681e-06	0.3613707165109034	320	9	11-20	0.6921417565485363
ENSMUSG00000031565.19:B2	wild_cluster	0.0677739941343082	0.1626529806553494	2532	3	11-20	0.5568066738432305
ENSMUSG00000031565.19:B3	wild_cluster	0.4372337950735279	0.4074220292143703	2532	3	11-20	0.7195945688455408
ENSMUSG00000031565.19:B4	wild_cluster	0.1591157911762517	0.22463482037110147	2532	3	11-20	0.5974302031420886
ENSMUSG00000005682.10:B1	wild_cluster	0.3811617392626373	0.3351235230934479	3723	2	11-20	0.6787082352280288
ENSMUSG00000005682.10:B2	wild_cluster	0.3159283383003092	0.25544922913343965	3761	1	11-20	0.6185864890929439
ENSMUSG00000005682.10:B3	wild_cluster	0.9396252210526452	0.8229665071770335	3761	1	11-20	0.9472966303226096
ENSMUSG00000021972.15:B1	wild_cluster	0.0767122811918615	0.3560875257153544	5346	6	>20	0.6918447947722197
ENSMUSG00000021972.15:B2	wild_cluster	0.0133252617149429	0.2292874509070507	5346	6	>20	0.6014829585144511
ENSMUSG00000021972.15:B3	wild_cluster	9.578258511476889e-16	0.15014903129657228	2683	12	>20	0.5446521643846058
ENSMUSG00000027692.17:B1	wild_cluster	3.7914522156029525e-05	0.7307221542227662	816	18	>20	0.9014626714761982
ENSMUSG00000027692.17:B2	wild_cluster	9.715023786709422e-05	0.325974635979333	2128	9	>20	0.6750936214011821
ENSMUSG00000027692.17:B3	wild_cluster	1.2622289250209852e-06	0.26632221700328795	2128	9	>20	0.6262587643042441
ENSMUSG00000032946.17:B2	wild_cluster	0.8154530493316172	0.8069187449718423	1242	6	11-20	0.9409862415403727
ENSMUSG00000032946.17:B3	wild_cluster	1.471265126510033e-16	0.04672897196261682	320	9	11-20	0.43963983201651363
ENSMUSG00000041757.18:B1	wild_cluster	9.306898860843894e-07	0.31110283159463487	2683	12	>20	0.6638830971606174
ENSMUSG00000041757.18:B2	wild_cluster	0.4003523051989913	0.5932298485131849	5346	6	>20	0.8335278321930644
ENSMUSG00000041757.18:B6	wild_cluster	4.206824443358319e-09	0.06358705816345614	5346	6	>20	0.4608847075722556
ENSMUSG00000000538.19:B1	wild_cluster	0.5014752934061553	0.8201438848920863	416	12	11-20	0.94637079325868
ENSMUSG00000000538.19:B2	wild_cluster	2.022152938200137e-13	0.2805755395683453	416	12	11-20	0.639749446682312
ENSMUSG00000015522.19:B1	wild_cluster	7.96837794734202e-08	0.06625189171010594	5946	4	>20	0.4608847075722556
ENSMUSG00000015522.19:B2	wild_cluster	6.707590093592693e-25	0.024686740228165326	5346	6	>20	0.4062768507212951
ENSMUSG00000021750.17:B1	wild_cluster	0.3736473692268465	0.42071632756011434	5946	4	>20	0.7248600679617999
ENSMUSG00000021750.17:B2	wild_cluster	0.4704005555311843	0.42057982850142916	2448	2	>20	0.7248600679617999
ENSMUSG00000024969.16:B1	wild_cluster	1.6274812366813866e-10	0.21646795827123697	2683	12	>20	0.5893176173056948
ENSMUSG00000024969.16:B2	wild_cluster	0.069266318256434	0.346549466990836	5346	6	>20	0.6860732506491121
ENSMUSG00000028034.16:B1	wild_cluster	0.0002148222842455	0.2153722978382706	3746	8	>20	0.5893176173056948
ENSMUSG00000028034.16:B2	wild_cluster	0.00347822931386	0.1261140070623844	5946	4	>20	0.5137424974381496
ENSMUSG00000030337.17:B1	wild_cluster	0.0162550741037731	0.09992652461425422	1360	2	6-10	0.4808925487948958
ENSMUSG00000030337.17:B2	wild_cluster	0.0647412951471778	0.40311804008908686	448	4	6-10	0.7192367011784552
ENSMUSG00000032570.18:B1	wild_cluster	4.586999169676377e-30	0.011990407673860911	416	12	11-20	0.4062768507212951
ENSMUSG00000032570.18:B2	wild_cluster	0.5292622971259556	0.5137043887674457	5946	4	>20	0.7808668360313246
ENSMUSG00000038039.14:B1	wild_cluster	0.9634435838701982	0.9477898782831519	3121	10	>20	1.0
ENSMUSG00000038039.14:B3	wild_cluster	0.4499018320751331	0.5164201183431952	6759	5	>20	0.7817886141156817
ENSMUSG00000051586.18:B1	wild_cluster	0.4335983469212812	0.7623297322686707	2128	9	>20	0.9197918768065724
ENSMUSG00000051586.18:B2	wild_cluster	2.640524494060306e-38	0.056303549571603426	816	18	>20	0.4544382237867946
ENSMUSG00000063358.18:B1	wild_cluster	0.0258719521226517	0.26463437441556015	5346	6	>20	0.624336979976206
ENSMUSG00000063358.18:B2	wild_cluster	6.763444030985949e-08	0.27049180327868855	2683	12	>20	0.6291170821170656
ENSMUSG00000001127.13:B1	wild_cluster	0.2529335000390927	0.55210173083716	2830	7	>20	0.8037088136011038
ENSMUSG00000003131.8:B1	wild_cluster	0.8872588820235442	0.7720193340494093	3723	2	11-20	0.9228075701303743
ENSMUSG00000005312.16:B1	wild_cluster	0.9586722418375708	0.868421052631579	3723	2	11-20	0.9667775386421444
ENSMUSG00000008690.16:B1	wild_cluster	0.3265276157904395	0.3574363188167625	1216	1	>20	0.6918738541276598
ENSMUSG00000015002.19:B1	wild_cluster	6.850029672878503e-23	0.06538564184681078	3746	8	>20	0.4608847075722556
ENSMUSG00000017999.17:B1	wild_cluster	0.8804320850667315	0.7795085563843791	4557	3	>20	0.926828750673516
ENSMUSG00000020014.19:B1	wild_cluster	2.321835419827876e-05	0.08306709265175719	5946	4	>20	0.47174467816973154
ENSMUSG00000020903.14:B1	wild_cluster	2.1132999426239263e-11	0.3784860557768924	752	16	>20	0.7044058430459975
ENSMUSG00000021357.15:B1	wild_cluster	1.6789202018741762e-24	0.06278026905829596	3121	10	>20	0.4608847075722556
ENSMUSG00000022012.10:B1	wild_cluster	0.3615156927380085	0.37275120666959194	4557	3	>20	0.69912251372017
ENSMUSG00000022517.18:B1	wild_cluster	0.9898677641018068	0.9315131883387321	2160	4	11-20	0.9972252721681564
ENSMUSG00000023010.16:B1	wild_cluster	2.547522895003906e-40	0.05507955936352509	816	18	>20	0.452113975360941
ENSMUSG00000024268.17:B1	wild_cluster	0.0237106345018456	0.6369770580296896	740	11	>20	0.85310105684835
ENSMUSG00000024758.16:B1	wild_cluster	2.328288795533546e-09	0.21324565523720057	2128	9	>20	0.5892456975867133
ENSMUSG00000025240.11:B1	wild_cluster	5.1949363843768585e-52	0.008830801836806783	2830	7	>20	0.4062768507212951
ENSMUSG00000025871.19:B1	wild_cluster	0.8950085910693024	0.7046289493019838	1360	2	6-10	0.8867992710590356
ENSMUSG00000026442.15:B1	wild_cluster	5.359260003544842e-25	0.061178731582319026	3121	10	>20	0.4608847075722556
ENSMUSG00000026878.18:B1	wild_cluster	0.0431879780792039	0.30129044323919957	5346	6	>20	0.6534991168664821
ENSMUSG00000027425.19:B1	wild_cluster	0.786403691850893	0.7002858309514087	2448	2	>20	0.8866956178444533
ENSMUSG00000028007.14:B1	wild_cluster	0.9977791392633896	0.9746835443037974	2448	2	>20	1.0
ENSMUSG00000028550.16:B1	wild_cluster	0.1678665061687453	0.446418552459323	5346	6	>20	0.7402877943358213
ENSMUSG00000029512.12:B1	wild_cluster	0.425449028333732	0.3487506645401382	3761	1	11-20	0.6875075072747915
ENSMUSG00000030103.12:B1	wild_cluster	7.64067350195549e-10	0.058797718297498906	4557	3	>20	0.4608847075722556
ENSMUSG00000030744.14:B1	wild_cluster	0.9578409528256062	0.7414448669201521	788	2	1-5	0.9072651436135449
ENSMUSG00000031442.22:B1	wild_cluster	5.034529847655496e-34	0.053117782909930716	432	15	>20	0.44899839971852634
ENSMUSG00000031971.16:B1	wild_cluster	1.0	1.0	5946	4	>20	1.0
ENSMUSG00000032393.16:B1	wild_cluster	0.0138057826452746	0.17011834319526628	6759	5	>20	0.5582700482166111
ENSMUSG00000032898.10:B1	wild_cluster	0.8631312638088535	0.723253059613107	2532	3	11-20	0.8987144519452495
ENSMUSG00000033900.14:B1	wild_cluster	6.212341009952586e-26	0.08795478629459555	2830	7	>20	0.47487127408091734
ENSMUSG00000034586.15:B1	wild_cluster	1.0	1.0	6759	5	>20	1.0
ENSMUSG00000035325.17:B1	wild_cluster	0.1667061116143157	0.20730397422126745	3723	2	11-20	0.5882245182474101
ENSMUSG00000036306.14:B1	wild_cluster	0.1093911793958062	0.22378236068451074	4557	3	>20	0.5970614366231806
ENSMUSG00000037172.15:B1	wild_cluster	0.8718818938798474	0.8023668639053254	6759	5	>20	0.9381772199632236
ENSMUSG00000037972.8:B1	wild_cluster	0.974731852667923	0.8817492190986167	2240	1	6-10	0.9726958477875703
ENSMUSG00000038530.12:B1	wild_cluster	0.6660829999129088	0.5835892935498025	4557	3	>20	0.8280110886373067
ENSMUSG00000039262.17:B1	wild_cluster	1.758858696819337e-42	0.037786774628879895	740	11	>20	0.4221280740380004
ENSMUSG00000040097.17:B1	wild_cluster	1.5152173381727565e-33	0.013652515429212643	5346	6	>20	0.4062768507212951
ENSMUSG00000040945.14:B1	wild_cluster	0.1869118353237501	0.2523478971008575	2448	2	>20	0.616175857758022
ENSMUSG00000042035.12:B1	wild_cluster	0.561212216719146	0.4912209064924459	2448	2	>20	0.7680461159861017
ENSMUSG00000043384.16:B1	wild_cluster	2.082947284886441e-11	0.11609287429943956	3746	8	>20	0.49946328131348444
ENSMUSG00000045795.11:B1	wild_cluster	0.5840621821680598	0.46943115364168	3761	1	11-20	0.7563431643322908
ENSMUSG00000048304.9:B1	wild_cluster	0.3954587915100462	0.4353455523793509	5946	4	>20	0.7351669635253019
ENSMUSG00000051343.12:B1	wild_cluster	0.992666839298727	0.9354120267260579	448	4	6-10	0.9984605868915336
ENSMUSG00000053411.17:B1	wild_cluster	0.4002973434403724	0.2833240379252649	1792	1	1-5	0.639749446682312
ENSMUSG00000055805.16:B1	wild_cluster	4.104316114608788e-06	0.09220123433701141	5346	6	>20	0.4808925487948958
ENSMUSG00000057914.16:B1	wild_cluster	0.0803086666341754	0.7071651090342679	320	9	11-20	0.8878104163728148
ENSMUSG00000059981.13:B1	wild_cluster	0.0008775675850953	0.10724852071005918	6759	5	>20	0.4860396790295065
ENSMUSG00000062209.16:B1	wild_cluster	0.0127763827392022	0.1401930671347082	4557	3	>20	0.5329231668075124
ENSMUSG00000066415.5:B1	wild_cluster	0.2662950381718421	0.2706766917293233	3723	2	11-20	0.6291170821170656
ENSMUSG00000070644.14:B1	wild_cluster	0.9999999996973526	0.9819245082402978	3761	1	11-20	1.0
ENSMUSG00000075595.10:B1	wild_cluster	0.9798078433519388	0.9146449704142012	6759	5	>20	0.989543643328659
ENSMUSG00000087361.8:B1	wild_cluster	0.9999999999763508	0.9822771213748658	3723	2	11-20	1.0
ENSMUSG00000102234.2:B1	wild_cluster	0.0091372377576335	0.09198578760363206	2532	3	11-20	0.4808925487948958
ENSMUSG00000021144.15:B1	wild_cluster	0.1527280726503344	0.3328402366863905	6759	5	>20	0.6787082352280288
ENSMUSG00000021144.15:B3	wild_cluster	0.0351982536766741	0.21035502958579883	6759	5	>20	0.5882245182474101
ENSMUSG00000021144.15:B4	wild_cluster	0.1527259291365232	0.3328402366863905	6759	5	>20	0.6787082352280288
ENSMUSG00000021144.15:B5	wild_cluster	0.1695230418052013	0.6425368353619475	3121	10	>20	0.855699811576006
ENSMUSG00000031858.17:B1	wild_cluster	0.0137840999788748	0.33306645316253003	3746	8	>20	0.6787082352280288
ENSMUSG00000031858.17:B2	wild_cluster	0.3418419162177543	0.39835211030771817	5946	4	>20	0.7182190521974527
ENSMUSG00000031858.17:B3	wild_cluster	0.0001705140500329	0.0926517571884984	5946	4	>20	0.4808925487948958
ENSMUSG00000031858.17:B4	wild_cluster	0.0347121031514355	0.1851353623675803	5946	4	>20	0.5693254400567805
ENSMUSG00000005763.16:B2	wild_cluster	0.5045221836419977	0.4956038870893105	2160	4	11-20	0.7692649138925995
ENSMUSG00000022094.16:B1	wild_cluster	0.0282253892892676	0.17672776189675465	5946	4	>20	0.5638184899724017
ENSMUSG00000022094.16:B2	wild_cluster	0.7707765245274916	0.6845468303346225	5946	4	>20	0.8781111384326008
ENSMUSG00000027763.14:B1	wild_cluster	6.991633625554593e-10	0.4810281517747858	816	18	>20	0.7633688691677389
ENSMUSG00000027763.14:B3	wild_cluster	0.1916611896272833	0.827123695976155	2683	12	>20	0.9490782016129633
ENSMUSG00000027763.14:B4	wild_cluster	1.7507046584094942e-06	0.32004470938897167	2683	12	>20	0.6699341187595068
ENSMUSG00000033335.18:B1	wild_cluster	2.6873762178528165e-17	0.21016166281755197	432	15	>20	0.5882245182474101
ENSMUSG00000033335.18:B2	wild_cluster	0.4381225677719085	0.5093195266272189	6759	5	>20	0.7784495793159126
ENSMUSG00000033335.18:B3	wild_cluster	0.0140033793409501	0.45579756566303653	3121	10	>20	0.7466968143538878
ENSMUSG00000041915.10:B1	wild_cluster	0.0813046278562851	0.57847533632287	3121	10	>20	0.8255973266499582
ENSMUSG00000041915.10:B2	wild_cluster	0.0101886019125734	0.161094674556213	6759	5	>20	0.5555320725532211
ENSMUSG00000041915.10:B3	wild_cluster	1.1310671704116995e-05	0.07071005917159763	6759	5	>20	0.46225881142269104
ENSMUSG00000000552.11:B1	wild_cluster	3.8336163051174644e-23	0.09873323397913562	2683	12	>20	0.4808925487948958
ENSMUSG00000000552.11:B2	wild_cluster	2.871119470310338e-34	0.012904432391995511	5346	6	>20	0.4062768507212951
ENSMUSG00000017466.11:B2	wild_cluster	0.2636778330264266	0.5581066760861886	2830	7	>20	0.8084107974283017
ENSMUSG00000021771.15:B2	wild_cluster	0.2637760137462706	0.35093324365226164	5946	4	>20	0.6879192608957623
ENSMUSG00000024985.21:B1	wild_cluster	0.0747476729064648	0.8235294117647058	16	9	1-5	0.9472966303226096
ENSMUSG00000024985.21:B2	wild_cluster	0.0198119125173537	0.1891891891891892	184	3	1-5	0.5714446744492566
ENSMUSG00000028086.16:B1	wild_cluster	4.949000742188731e-43	0.09645390070921986	704	24	>20	0.4808925487948958
ENSMUSG00000028086.16:B2	wild_cluster	7.649437578814617e-09	0.46613545816733065	752	16	>20	0.754181651505773
ENSMUSG00000030451.17:B1	wild_cluster	0.0019433819875296	0.835985312117503	816	18	>20	0.950268718262156
ENSMUSG00000030451.17:B2	wild_cluster	0.0543251752910844	0.5345232503522781	2128	9	>20	0.7921736854445508
ENSMUSG00000032624.17:B1	wild_cluster	0.0096383544572701	0.14021286441462286	2160	4	11-20	0.5329231668075124
ENSMUSG00000032624.17:B4	wild_cluster	0.0048710962357032	0.08297529538131042	3723	2	11-20	0.47174467816973154
ENSMUSG00000038042.12:B1	wild_cluster	0.0715286199435517	0.44595676541232987	3746	8	>20	0.7400213484418862
ENSMUSG00000038042.12:B2	wild_cluster	0.5361719419756721	0.5187489490499412	5946	4	>20	0.7833298546635767
ENSMUSG00000041734.16:B1	wild_cluster	1.0	1.0	1126	5	11-20	1.0
ENSMUSG00000041734.16:B2	wild_cluster	0.7449827136335272	0.6510874595094863	2160	4	11-20	0.8609611033607926
ENSMUSG00000051855.16:B1	wild_cluster	0.8693819221957998	0.8496353095193566	5346	6	>20	0.9567715744198922
ENSMUSG00000051855.16:B2	wild_cluster	0.0047500346158285	0.11964066966108616	2448	2	>20	0.5022671851566346
ENSMUSG00000063428.9:B1	wild_cluster	0.9230299397963704	0.844097995545657	448	4	6-10	0.9538554824210502
ENSMUSG00000063428.9:B2	wild_cluster	0.9999956797887386	0.9718234981392876	3761	1	11-20	1.0
ENSMUSG00000003134.11:B1	wild_cluster	0.7857084652852765	0.67858709960509	4557	3	>20	0.8761098470623754
ENSMUSG00000005360.15:B1	wild_cluster	0.816388597484247	0.7095217200526547	4557	3	>20	0.8892777808249231
ENSMUSG00000008734.10:B1	wild_cluster	2.6689032771641024e-06	0.04488662656177696	2160	4	11-20	0.43832766633804804
ENSMUSG00000015027.12:B1	wild_cluster	0.1103003904967261	0.20661494487545937	2448	2	>20	0.5882245182474101
ENSMUSG00000018076.13:B1	wild_cluster	0.3053714905375119	0.5391808490742472	5346	6	>20	0.7954024216885118
ENSMUSG00000020486.20:B1	wild_cluster	0.6262486295451447	0.443791329904482	1360	2	6-10	0.7381347084199946
ENSMUSG00000020917.18:B1	wild_cluster	8.19963075213269e-05	0.15205148833467416	1242	6	11-20	0.5469927272616573
ENSMUSG00000021360.17:B1	wild_cluster	0.233441568868101	0.6793760831889082	576	8	11-20	0.8762579146197554
ENSMUSG00000022031.7:B1	wild_cluster	0.89920370848587	0.7960316125777703	5946	4	>20	0.9358215136611735
ENSMUSG00000022521.11:B1	wild_cluster	5.252052381138194e-56	0.006333830104321907	2683	12	>20	0.4062768507212951
ENSMUSG00000023011.9:B1	wild_cluster	5.453475781599416e-40	0.04133395960544857	2128	9	>20	0.43199860115404787
ENSMUSG00000024277.15:B1	wild_cluster	0.0008080561220209	0.33696348494554773	3121	10	>20	0.6796392655758321
ENSMUSG00000024759.15:B1	wild_cluster	0.0001013336397501	0.28443305573350414	3121	10	>20	0.639749446682312
ENSMUSG00000025241.17:B1	wild_cluster	0.0216772745180348	0.35923701872129987	2830	7	>20	0.6918738541276598
ENSMUSG00000025876.16:B1	wild_cluster	1.0	1.0	2830	7	>20	1.0
ENSMUSG00000026452.16:B1	wild_cluster	0.0835047493426256	0.23785284590467376	2160	4	11-20	0.6086785722830029
ENSMUSG00000026879.15:B1	wild_cluster	0.4831794493694527	0.39500537056928037	3723	2	11-20	0.7154694050795191
ENSMUSG00000027466.16:B1	wild_cluster	0.9137443500899372	0.8387573964497042	6759	5	>20	0.9515860898791374
ENSMUSG00000028013.17:B1	wild_cluster	1.1890350938208737e-12	0.051338306274681875	4557	3	>20	0.4451962775789015
ENSMUSG00000028556.16:B1	wild_cluster	0.0007653646740169	0.10576761392298638	5946	4	>20	0.4839858077279346
ENSMUSG00000029062.15:B1	wild_cluster	0.8815843836954754	0.8079881656804734	6759	5	>20	0.9412559232978959
ENSMUSG00000029516.20:B1	wild_cluster	0.1150724186101131	0.6117873158231902	3121	10	>20	0.8426726562233938
ENSMUSG00000030105.9:B1	wild_cluster	0.6960621858039702	0.6735207100591716	6759	5	>20	0.8737423758046838
ENSMUSG00000030751.19:B1	wild_cluster	0.9900309545787376	0.9339622641509434	4557	3	>20	0.9981074054635851
ENSMUSG00000031446.15:B1	wild_cluster	0.4817297410413766	0.483268875063057	5946	4	>20	0.7633688691677389
ENSMUSG00000031996.18:B1	wild_cluster	0.0324045818183551	0.6626180836707153	740	11	>20	0.8689361632753387
ENSMUSG00000032394.7:B1	wild_cluster	0.5189572013874504	0.36363636363636365	1792	1	1-5	0.6921417565485363
ENSMUSG00000032936.14:B1	wild_cluster	0.0911405061804772	0.4707766212970376	3746	8	>20	0.7574242775309072
ENSMUSG00000033902.13:B1	wild_cluster	0.3032637271435175	0.3424747696358052	4557	3	>20	0.6840697909187786
ENSMUSG00000034593.17:B1	wild_cluster	0.0045934161397115	0.5599850968703428	2683	12	>20	0.8103908038471586
ENSMUSG00000035355.16:B1	wild_cluster	0.0152728370867767	0.21281840591618734	1216	1	>20	0.5890205048524421
ENSMUSG00000036309.15:B1	wild_cluster	1.0	1.0	6759	5	>20	1.0
ENSMUSG00000037210.17:B1	wild_cluster	1.00774711173855e-36	0.035676439420699396	2830	7	>20	0.42154010255574076
ENSMUSG00000037990.19:B1	wild_cluster	0.1319916042828934	0.2217231523070641	2448	2	>20	0.5951121624424154
ENSMUSG00000038533.16:B1	wild_cluster	0.1752087441437465	0.5100671140939598	2830	7	>20	0.7786945290489596
ENSMUSG00000039286.13:B1	wild_cluster	5.2903885542120166e-08	0.27125506072874495	740	11	>20	0.6291170821170656
ENSMUSG00000040220.11:B1	wild_cluster	3.975767405735321e-15	0.04738920579201404	4557	3	>20	0.43963983201651363
ENSMUSG00000041014.18:B1	wild_cluster	8.967926891359227e-38	0.0307311903920876	2830	7	>20	0.4135401864624129
ENSMUSG00000042046.16:B1	wild_cluster	0.072930164110074	0.14513556618819776	3761	1	11-20	0.5379116859054327
ENSMUSG00000043411.16:B1	wild_cluster	0.0498108393298538	0.2334319526627219	6759	5	>20	0.6064640435864355
ENSMUSG00000045917.18:B1	wild_cluster	0.3414205087447515	0.28737170905845605	2240	1	6-10	0.6427955596735938
ENSMUSG00000048458.9:B1	wild_cluster	0.1143099158180042	0.20824826459779502	2448	2	>20	0.5882245182474101
ENSMUSG00000051359.16:B1	wild_cluster	0.0005768230618295	0.1434449223863849	5346	6	>20	0.5378585904504516
ENSMUSG00000053453.10:B1	wild_cluster	0.3652050149379091	0.37735849056603776	4557	3	>20	0.7044058430459975
ENSMUSG00000055923.17:B1	wild_cluster	0.824056392990085	0.6658692185007975	3761	1	11-20	0.8702896444831928
ENSMUSG00000058006.13:B1	wild_cluster	2.239242624037215e-31	0.03789698425406992	3746	8	>20	0.4221280740380004
ENSMUSG00000059995.13:B1	wild_cluster	0.0043310082075433	0.15350488021295475	1126	5	11-20	0.5493339809943422
ENSMUSG00000062232.15:B1	wild_cluster	2.0771512879367431e-16	0.14456035767511177	2683	12	>20	0.5379116859054327
ENSMUSG00000066440.6:B1	wild_cluster	2.8226282955032034e-45	0.03535353535353535	3761	1	11-20	0.42154010255574076
ENSMUSG00000070733.14:B1	wild_cluster	0.1117097415099437	0.5955847815875999	2128	9	>20	0.8355299309467515
ENSMUSG00000077450.14:B1	wild_cluster	0.0065600235032541	0.16326530612244897	1126	5	11-20	0.5568066738432305
ENSMUSG00000087366.9:B1	wild_cluster	0.3458883301519481	0.6482519348812383	3746	8	>20	0.8590133251958092
ENSMUSG00000102252.6:B1	wild_cluster	6.552839351858289e-47	0.012716354645001766	2830	7	>20	0.4062768507212951
ENSMUSG00000021314.14:B1	wild_cluster	4.6605777558247794e-11	0.05279973095678493	5946	4	>20	0.44899839971852634
ENSMUSG00000021314.14:B2	wild_cluster	9.05031042109015e-06	0.0778543803598453	5946	4	>20	0.47003905793924766
ENSMUSG00000021314.14:B3	wild_cluster	2.452219219613633e-44	0.01547904990659194	3746	8	>20	0.4062768507212951
ENSMUSG00000021314.14:B4	wild_cluster	1.0	1.0	5946	4	>20	1.0
ENSMUSG00000005886.15:B1	wild_cluster	5.700661209236557e-05	0.21617802896503002	2830	7	>20	0.5893176173056948
ENSMUSG00000005886.15:B2	wild_cluster	8.539862054648906e-38	0.03037795831861533	2830	7	>20	0.4135401864624129
ENSMUSG00000005886.15:B3	wild_cluster	1.4598250841966923e-35	0.08163265306122448	832	14	>20	0.47174467816973154
ENSMUSG00000022185.20:B1	wild_cluster	2.6062995035330383e-36	0.18723404255319148	704	24	>20	0.5693254400567805
ENSMUSG00000022185.20:B2	wild_cluster	8.32584755723856e-39	0.0229516946890846	3746	8	>20	0.4062768507212951
ENSMUSG00000022185.20:B4	wild_cluster	0.6106874129395575	0.7691486522551374	3746	8	>20	0.921756949260241
ENSMUSG00000028059.17:B1	wild_cluster	3.325752349176088e-07	0.4166666666666667	11	34	11-20	0.7236056512527362
ENSMUSG00000028059.17:B2	wild_cluster	0.2700344766446361	0.603949826527889	3746	8	>20	0.8388814535446126
ENSMUSG00000028059.17:B3	wild_cluster	1.9452789895233573e-116	0.0007064641469445425	2830	7	>20	0.4062768507212951
ENSMUSG00000033526.17:B1	wild_cluster	0.0063357398760206	0.2973045102748866	3746	8	>20	0.6505074818094451
ENSMUSG00000033526.17:B3	wild_cluster	0.038730544935727	0.18967546662182613	5946	4	>20	0.5714446744492566
ENSMUSG00000033526.17:B4	wild_cluster	0.0249022586123186	0.17235580965192535	5946	4	>20	0.5586945586003444
ENSMUSG00000042015.18:B1	wild_cluster	0.0025080642695347	0.2695489725113424	3746	8	>20	0.6282293640951883
ENSMUSG00000001089.15:B1	wild_cluster	2.438831799055929e-20	0.08327994875080078	3121	10	>20	0.47174467816973154
ENSMUSG00000001089.15:B2	wild_cluster	0.0262842017022237	0.19511834319526628	6759	5	>20	0.5769371147983733
ENSMUSG00000017631.20:B1	wild_cluster	1.8404386086322812e-22	0.2482758620689655	144	21	>20	0.6157545447481213
ENSMUSG00000017631.20:B2	wild_cluster	7.258893214929057e-20	0.17647058823529413	832	14	>20	0.5638021922851645
ENSMUSG00000021838.18:B2	wild_cluster	0.8751095986741624	0.6463878326996197	788	2	1-5	0.8584075867682225
ENSMUSG00000025020.12:B1	wild_cluster	0.0004036882279607	0.09837278106508876	6759	5	>20	0.4808925487948958
ENSMUSG00000025020.12:B2	wild_cluster	0.00915360960278	0.43401665598975014	3121	10	>20	0.7338598867500261
ENSMUSG00000028107.15:B1	wild_cluster	0.1056246330364767	0.3929306152982981	5346	6	>20	0.7135019226060081
ENSMUSG00000028107.15:B3	wild_cluster	0.8742289065816115	0.7731461167178587	4557	3	>20	0.9237223075235798
ENSMUSG00000030530.16:B1	wild_cluster	0.3298423788002584	0.5857461024498887	448	4	6-10	0.8287286161149289
ENSMUSG00000030530.16:B2	wild_cluster	0.7114061815825995	0.5275532696546656	1360	2	6-10	0.7883464029570054
ENSMUSG00000032712.17:B1	wild_cluster	0.9842904252180038	0.8743570903747244	1360	2	6-10	0.9701756857418585
ENSMUSG00000032712.17:B2	wild_cluster	0.5604407739443225	0.464078536367693	2240	1	6-10	0.7522336637721252
ENSMUSG00000038187.15:B1	wild_cluster	0.069830472619535	0.3474845707873574	5346	6	>20	0.6875075072747915
ENSMUSG00000038187.15:B2	wild_cluster	6.885716939562839e-07	0.07020623080298377	4557	3	>20	0.46225881142269104
ENSMUSG00000041836.11:B1	wild_cluster	1.114141237732477e-09	0.4908200734394125	816	18	>20	0.7680461159861017
ENSMUSG00000041836.11:B2	wild_cluster	1.2611130591385822e-10	0.21460506706408347	2683	12	>20	0.5892456975867133
ENSMUSG00000052373.15:B2	wild_cluster	0.3641668746798158	0.4149991592399529	5946	4	>20	0.7233900750119785
ENSMUSG00000063646.19:B2	wild_cluster	0.9203168421181136	0.8449704142011835	6759	5	>20	0.9541495979365802
ENSMUSG00000001138.14:B1	wild_cluster	0.7741448194482684	0.6880359330338914	2448	2	>20	0.8791294817598246
ENSMUSG00000003154.16:B1	wild_cluster	0.4389202757789275	0.45688073394495415	544	3	6-10	0.7473810112457152
ENSMUSG00000005371.16:B1	wild_cluster	0.8330877417591357	0.6968022108172128	2532	3	11-20	0.8844406699607008
ENSMUSG00000008976.17:B1	wild_cluster	0.6506011578171866	0.5202020202020202	3761	1	11-20	0.7835176265382214
ENSMUSG00000015094.17:B1	wild_cluster	5.3765830578392655e-11	0.03742603550295858	6759	5	>20	0.4221280740380004
ENSMUSG00000018160.16:B1	wild_cluster	0.0203251589055974	0.1849112426035503	6759	5	>20	0.5693254400567805
ENSMUSG00000020042.16:B1	wild_cluster	1.2595040397567452e-34	0.012717411632691229	5346	6	>20	0.4062768507212951
ENSMUSG00000020516.16:B1	wild_cluster	4.228352322840316e-48	0.010596962204168139	2830	7	>20	0.4062768507212951
ENSMUSG00000020918.15:B1	wild_cluster	0.4653031104782001	0.4746931225828149	5946	4	>20	0.7613529557680553
ENSMUSG00000021373.17:B1	wild_cluster	0.1962549634339435	0.46624275294557693	5346	6	>20	0.754181651505773
ENSMUSG00000022044.15:B1	wild_cluster	0.2762755764105978	0.23365231259968103	3761	1	11-20	0.6066856579177845
ENSMUSG00000022523.11:B1	wild_cluster	0.0084776103729069	0.4314541960281871	3121	10	>20	0.7319079488514412
ENSMUSG00000023017.11:B1	wild_cluster	0.6449268200711904	0.5666959192628346	4557	3	>20	0.8158968170925169
ENSMUSG00000024283.16:B1	wild_cluster	0.0318180868746015	0.225377107364685	1126	5	11-20	0.5983415876372133
ENSMUSG00000024767.12:B1	wild_cluster	0.5412910867316473	0.43775100401606426	2240	1	6-10	0.7359197268114374
ENSMUSG00000025255.19:B1	wild_cluster	1.0	1.0	6759	5	>20	1.0
ENSMUSG00000026458.14:B1	wild_cluster	0.0223969924036501	0.188905325443787	6759	5	>20	0.5714227083457852
ENSMUSG00000026904.18:B1	wild_cluster	0.3739391846169546	0.5801383953618852	5346	6	>20	0.8257229632337099
ENSMUSG00000027488.13:B1	wild_cluster	0.0008403950288371	0.10179903466432647	4557	3	>20	0.4808925487948958
ENSMUSG00000028020.17:B1	wild_cluster	0.0002500977600936	0.17055510860820594	1242	6	11-20	0.5582700482166111
ENSMUSG00000028557.11:B1	wild_cluster	0.2548882220424648	0.22703894195444527	1360	2	6-10	0.600577863032669
ENSMUSG00000029071.17:B1	wild_cluster	4.093164160302817e-05	0.05128893662728249	3723	2	11-20	0.4451962775789015
ENSMUSG00000029528.20:B1	wild_cluster	0.6530759539273199	0.5231259968102073	3761	1	11-20	0.7845344179836683
ENSMUSG00000030120.15:B1	wild_cluster	0.3938277317849158	0.48269742679680566	1126	5	11-20	0.7633688691677389
ENSMUSG00000030757.14:B1	wild_cluster	0.3782148674742211	0.3848179025888548	4557	3	>20	0.709315559470306
ENSMUSG00000031467.11:B1	wild_cluster	0.3823954130206672	0.3279785809906292	2240	1	6-10	0.6758294761622402
ENSMUSG00000032010.16:B1	wild_cluster	1.3964481897885688e-14	0.3187250996015936	752	16	>20	0.6698962337218756
ENSMUSG00000032405.11:B1	wild_cluster	9.423271384504624e-34	0.0480395619922289	2830	7	>20	0.43963983201651363
ENSMUSG00000032939.15:B1	wild_cluster	1.3516821405506234e-18	0.036282027305030856	5346	6	>20	0.42154010255574076
ENSMUSG00000033904.17:B1	wild_cluster	0.6951234389993299	0.6282159071800908	5946	4	>20	0.8504960382920338
ENSMUSG00000034602.16:B1	wild_cluster	6.93081618620786e-16	0.09260741926874833	3746	8	>20	0.4808925487948958
ENSMUSG00000035390.17:B1	wild_cluster	0.1566322363715351	0.6348494554772581	3121	10	>20	0.8527158746668031
ENSMUSG00000036323.15:B1	wild_cluster	0.0033929814753482	0.14729370008873113	1126	5	11-20	0.539851114066609
ENSMUSG00000037217.16:B1	wild_cluster	3.13606322579543e-05	0.3034288398309065	2128	9	>20	0.6537863941322541
ENSMUSG00000037996.18:B1	wild_cluster	0.0327812679428737	0.2788479521226856	5346	6	>20	0.6371236016963905
ENSMUSG00000038534.20:B1	wild_cluster	1.0417110374160564e-25	0.023709433327728267	5946	4	>20	0.4062768507212951
ENSMUSG00000039318.13:B1	wild_cluster	0.3959740688303631	0.43585000840760046	5946	4	>20	0.7354646988053468
ENSMUSG00000040225.16:B1	wild_cluster	0.0004172029874194	0.4593889716840536	2683	12	>20	0.7499622094925242
ENSMUSG00000041020.15:B3	wild_cluster	9.523845210984159e-35	0.012717411632691229	5346	6	>20	0.4062768507212951
ENSMUSG00000042105.19:B1	wild_cluster	0.0050145301352459	0.49122807017543857	512	10	11-20	0.7680461159861017
ENSMUSG00000043419.12:B1	wild_cluster	0.805882634596454	0.6785714285714286	3723	2	11-20	0.8761098470623754
ENSMUSG00000045962.17:B1	wild_cluster	1.5692313908525676e-86	0.010309278350515464	96	33	>20	0.4062768507212951
ENSMUSG00000048490.15:B1	wild_cluster	0.3480469669205776	0.45962732919254656	1126	5	11-20	0.7499622094925242
ENSMUSG00000051375.16:B1	wild_cluster	0.0258583197500773	0.3693621563917801	3746	8	>20	0.6959625866241093
ENSMUSG00000053470.14:B1	wild_cluster	9.76843305628518e-06	0.04951411383618695	2160	4	11-20	0.4398058881029874
ENSMUSG00000055932.16:B1	wild_cluster	3.4052168242162384e-11	0.20603576751117736	2683	12	>20	0.5882245182474101
ENSMUSG00000058013.12:B1	wild_cluster	0.0046179659248317	0.29424231720240196	2830	7	>20	0.6495019601342454
ENSMUSG00000060002.15:B1	wild_cluster	0.0013111929640297	0.14054054054054055	184	3	1-5	0.5329231668075124
ENSMUSG00000062257.14:B1	wild_cluster	0.2640057911928613	0.5581066760861886	2830	7	>20	0.8084107974283017
ENSMUSG00000066456.15:B1	wild_cluster	0.0484934199437678	0.12940651494868363	2240	1	6-10	0.5152102084198062
ENSMUSG00000070808.5:B1	wild_cluster	0.675551657943468	0.5424274973147154	3723	2	11-20	0.7970508073070662
ENSMUSG00000078161.9:B1	wild_cluster	0.4997008119809948	0.4942156409069875	2160	4	11-20	0.7690532828804467
ENSMUSG00000087370.4:B1	wild_cluster	1.0	1.0	1360	2	6-10	1.0
ENSMUSG00000103144.2:B1	wild_cluster	0.4836978270087177	0.7927610506085843	3121	10	>20	0.9346886506019608
ENSMUSG00000021493.16:B1	wild_cluster	4.619995486115025e-06	0.17026954897251134	3746	8	>20	0.5582700482166111
ENSMUSG00000021493.16:B2	wild_cluster	4.516030781207244e-06	0.17000266880170803	3746	8	>20	0.5582700482166111
ENSMUSG00000021493.16:B3	wild_cluster	0.0298457121326234	0.17824112998150327	5946	4	>20	0.5655982902316695
ENSMUSG00000032036.16:B1	wild_cluster	3.332370700517972e-05	0.12371134020618557	96	6	1-5	0.5106377886801484
ENSMUSG00000032036.16:B2	wild_cluster	0.0001442154665838	0.19376391982182628	448	4	6-10	0.5756531268780712
ENSMUSG00000032036.16:B3	wild_cluster	0.9364990215069948	0.7736958119030125	1360	2	6-10	0.9238281730644159
ENSMUSG00000032036.16:B5	wild_cluster	0.9044962492207792	0.8285077951002228	448	4	6-10	0.9495192743758338
ENSMUSG00000006464.10:B1	wild_cluster	0.205651865514092	0.2518752467429925	2532	3	11-20	0.616175857758022
ENSMUSG00000006464.10:B2	wild_cluster	0.1075215925566429	0.4030571198712792	1242	6	11-20	0.7192367011784552
ENSMUSG00000006464.10:B3	wild_cluster	0.4498154424686882	0.4176865377023293	2532	3	11-20	0.7238610830859811
ENSMUSG00000022456.19:B1	wild_cluster	0.0148490939725976	0.7382953181272509	832	14	>20	0.9053842667288046
ENSMUSG00000022456.19:B2	wild_cluster	0.0556538753029724	0.41116213352172376	2830	7	>20	0.7211054582229988
ENSMUSG00000022456.19:B3	wild_cluster	0.2212694313171974	0.5365595196043801	2830	7	>20	0.7944051951426748
ENSMUSG00000028064.18:B1	wild_cluster	1.7643779066107542e-10	0.21646795827123697	2683	12	>20	0.5893176173056948
ENSMUSG00000028064.18:B2	wild_cluster	0.4658024920389184	0.4746931225828149	5946	4	>20	0.7613529557680553
ENSMUSG00000028064.18:B3	wild_cluster	9.489836508890885e-06	0.0778543803598453	5946	4	>20	0.47003905793924766
ENSMUSG00000033767.15:B1	wild_cluster	0.2575842472482595	0.5126239012530391	5346	6	>20	0.7800496491966977
ENSMUSG00000033767.15:B3	wild_cluster	2.1882206319863412e-32	0.014213577707125492	5346	6	>20	0.4062768507212951
ENSMUSG00000033767.15:B4	wild_cluster	6.614024340822761e-18	0.0379652141387694	5346	6	>20	0.4221280740380004
ENSMUSG00000042292.19:B1	wild_cluster	3.770158360084744e-22	0.014481094127111826	1242	6	11-20	0.4062768507212951
ENSMUSG00000042292.19:B2	wild_cluster	0.2349192980855234	0.26964074220292145	2532	3	11-20	0.6282293640951883
ENSMUSG00000042292.19:B3	wild_cluster	0.8843934714191499	0.7469403868930122	2532	3	11-20	0.9112073250910024
ENSMUSG00000001211.16:B2	wild_cluster	1.8682032950491746e-07	0.1931454196028187	3121	10	>20	0.5756531268780712
ENSMUSG00000017670.17:B1	wild_cluster	1.699861054578868e-09	0.13023752335201494	3746	8	>20	0.5167007003452112
ENSMUSG00000017670.17:B2	wild_cluster	1.0	1.0	3746	8	>20	1.0
ENSMUSG00000021974.16:B2	wild_cluster	0.6144537503467713	0.5423171733771569	1216	1	>20	0.7970508073070662
ENSMUSG00000025162.19:B1	wild_cluster	0.4002693011950275	0.43820413653943163	5946	4	>20	0.736375800248308
ENSMUSG00000025162.19:B2	wild_cluster	0.9440893572336582	0.918067787563384	3746	8	>20	0.9908880083592745
ENSMUSG00000028252.21:B1	wild_cluster	5.668420934515633e-06	0.09481952496727136	5346	6	>20	0.4808925487948958
ENSMUSG00000028252.21:B2	wild_cluster	0.1163279856658118	0.5998121183654298	2128	9	>20	0.8378145472724137
ENSMUSG00000030584.15:B1	wild_cluster	0.7585568893052126	0.6635816751503933	2160	4	11-20	0.8698012502992609
ENSMUSG00000030584.15:B2	wild_cluster	0.9518136590673714	0.8587540279269602	3723	2	11-20	0.9619758337775325
ENSMUSG00000032812.19:B1	wild_cluster	0.3521963591135518	0.31954887218045114	3723	2	11-20	0.6698962337218756
ENSMUSG00000032812.19:B2	wild_cluster	0.1619024462947871	0.1810207336523126	3761	1	11-20	0.5674425230747999
ENSMUSG00000038241.17:B1	wild_cluster	0.829279968776995	0.7652366863905326	6759	5	>20	0.9206736993867843
ENSMUSG00000038241.17:B3	wild_cluster	9.720112131335772e-15	0.1137091607943626	3121	10	>20	0.49350874423988095
ENSMUSG00000041966.19:B2	wild_cluster	0.9204023666636832	0.8112449799196787	2240	1	6-10	0.9419042487834912
ENSMUSG00000052387.17:B1	wild_cluster	0.0873992786821961	0.645224171539961	512	10	11-20	0.8580068024148919
ENSMUSG00000063659.12:B1	wild_cluster	5.4170743790726815e-31	0.06743666169895678	2683	12	>20	0.46225881142269104
ENSMUSG00000063659.12:B3	wild_cluster	2.7520577631133352e-37	0.010847204039648402	5346	6	>20	0.4062768507212951
ENSMUSG00000001158.14:B1	wild_cluster	0.9766544993768786	0.8902179691653376	3761	1	11-20	0.9766175628702283
ENSMUSG00000003279.18:B1	wild_cluster	9.412644835920813e-13	0.3880048959608323	816	18	>20	0.7128843142035634
ENSMUSG00000005442.14:B2	wild_cluster	0.4713422266942579	0.6315691041705629	5346	6	>20	0.8512009095646406
ENSMUSG00000009013.6:B1	wild_cluster	0.3766394707393317	0.3009037745879851	3761	1	11-20	0.6530644709134412
ENSMUSG00000015112.16:B1	wild_cluster	0.1845230968000569	0.3155946321147617	2160	4	11-20	0.668703343141278
ENSMUSG00000018209.16:B1	wild_cluster	0.0481990968041835	0.3115765850009351	5346	6	>20	0.6639478272410818
ENSMUSG00000020064.10:B1	wild_cluster	1.325548511394469e-12	0.033136094674556214	6759	5	>20	0.41840536512667664
ENSMUSG00000020520.15:B1	wild_cluster	0.3712062905529636	0.4727810650887574	6759	5	>20	0.7601047045020394
ENSMUSG00000020919.12:B1	wild_cluster	0.8677875869757682	0.7674457709769632	5946	4	>20	0.9207709410332582
ENSMUSG00000021427.11:B1	wild_cluster	0.0054742595373906	0.4071108263933376	3121	10	>20	0.7195945688455408
ENSMUSG00000022052.10:B1	wild_cluster	0.1263106274315097	0.17722878625134264	3723	2	11-20	0.5638184899724017
ENSMUSG00000022529.12:B1	wild_cluster	0.9377311349535412	0.8322177599286033	2240	1	6-10	0.950268718262156
ENSMUSG00000023018.6:B1	wild_cluster	0.418132285462506	0.4992603550295858	6759	5	>20	0.7720060291886057
ENSMUSG00000024286.9:B1	wild_cluster	0.0771609792703814	0.23276260990282277	2160	4	11-20	0.6058212481985369
ENSMUSG00000024780.8:B1	wild_cluster	4.545681936654681e-08	0.8198581560283688	704	24	>20	0.94637079325868
ENSMUSG00000025261.19:B1	wild_cluster	3.2308755133504535e-08	0.2630402384500745	2683	12	>20	0.6238525613082021
ENSMUSG00000025885.19:B1	wild_cluster	0.4226497592500237	0.301728945900725	1792	1	1-5	0.6535035800318499
ENSMUSG00000026463.18:B1	wild_cluster	2.080981485230383e-32	0.07466340269277846	816	18	>20	0.46652275045909
ENSMUSG00000026915.17:B1	wild_cluster	1.034753420709033e-07	0.2451855331141381	2128	9	>20	0.6122142383261302
ENSMUSG00000027499.13:B1	wild_cluster	0.2617413830028107	0.2320133853876185	1792	1	1-5	0.6048776129780513
ENSMUSG00000028028.12:B1	wild_cluster	0.9762640905226816	0.8899521531100478	3761	1	11-20	0.9766175628702283
ENSMUSG00000028559.18:B1	wild_cluster	0.9814386348954868	0.7668711656441718	1792	1	1-5	0.9206736993867843
ENSMUSG00000029076.15:B1	wild_cluster	0.9040176867022638	0.9212043561819346	3121	10	>20	0.9921002080962
ENSMUSG00000029544.17:B1	wild_cluster	0.0001124170746376	0.18323746918652423	1216	1	>20	0.5693254400567805
ENSMUSG00000030126.18:B1	wild_cluster	1.0	1.0	30	25	11-20	1.0
ENSMUSG00000030759.17:B1	wild_cluster	3.4378061047125235e-08	0.0651601579640193	4557	3	>20	0.4608847075722556
ENSMUSG00000031486.16:B1	wild_cluster	0.763600150972599	0.6479250334672021	2240	1	6-10	0.8590133251958092
ENSMUSG00000032011.6:B1	wild_cluster	1.227889644021836e-28	0.049967969250480464	3121	10	>20	0.4409746913028649
ENSMUSG00000032407.15:B1	wild_cluster	2.667755821101549e-44	0.02160638797557539	2128	9	>20	0.4062768507212951
ENSMUSG00000032959.13:B1	wild_cluster	0.5962632629954937	0.499776885319054	2240	1	6-10	0.7720866277071159
ENSMUSG00000033909.18:B1	wild_cluster	1.943804542676843e-43	0.004142011834319527	6759	5	>20	0.4062768507212951
ENSMUSG00000034610.15:B1	wild_cluster	1.1364805450858093e-05	0.09968206470918271	5346	6	>20	0.4808925487948958
ENSMUSG00000035401.10:B1	wild_cluster	0.5374895889719185	0.5199260131158567	5946	4	>20	0.7834644920887045
ENSMUSG00000036333.12:B1	wild_cluster	0.055785432114525	0.42514011208967173	3746	8	>20	0.7277932101778983
ENSMUSG00000037235.14:B1	wild_cluster	0.9277749527567576	0.8204534937528922	2160	4	11-20	0.94637079325868
ENSMUSG00000037997.13:B1	wild_cluster	0.8068043199284505	0.6770627714172918	2532	3	11-20	0.8749805053150693
ENSMUSG00000038535.18:B1	wild_cluster	1.3737117360173681e-18	0.18967587034813926	832	14	>20	0.5714446744492566
ENSMUSG00000039347.8:B1	wild_cluster	5.931202869955599e-06	0.1403118040089087	448	4	6-10	0.5329231668075124
ENSMUSG00000040249.16:B1	wild_cluster	3.600753181870425e-41	0.03315946348733234	2683	12	>20	0.41840536512667664
ENSMUSG00000042121.17:B1	wild_cluster	0.0110292242872276	0.09632446134347275	788	2	1-5	0.4808925487948958
ENSMUSG00000043456.18:B1	wild_cluster	0.0306801095659136	0.1944954128440367	544	3	6-10	0.5769371147983733
ENSMUSG00000045980.14:B1	wild_cluster	0.5787805434560382	0.5129442738043001	4557	3	>20	0.78027283370434
ENSMUSG00000048661.15:B1	wild_cluster	0.6863369456118311	0.6235076509164285	5946	4	>20	0.8476986585703984
ENSMUSG00000051391.10:B1	wild_cluster	1.0	1.0	2128	9	>20	1.0
ENSMUSG00000053510.13:B3	wild_cluster	1.0	1.0	2830	7	>20	1.0
ENSMUSG00000056069.11:B1	wild_cluster	0.992938726696088	0.9490550534100246	1216	1	>20	1.0
ENSMUSG00000058070.15:B1	wild_cluster	0.018864682452538	0.6400894187779433	2683	12	>20	0.854467063640571
ENSMUSG00000060012.10:B1	wild_cluster	4.3698614567870766e-39	0.04509159229685298	2128	9	>20	0.4392091477032966
ENSMUSG00000062372.14:B1	wild_cluster	0.7125812504585237	0.6255614536545528	2448	2	>20	0.849719398190581
ENSMUSG00000066595.10:B1	wild_cluster	0.3313370766098253	0.2679425837320574	3761	1	11-20	0.6272006702055247
ENSMUSG00000070822.6:B1	wild_cluster	0.7136382237650141	0.6302637667746414	2160	4	11-20	0.8511474334768101
ENSMUSG00000078190.8:B1	wild_cluster	0.6525228589883434	0.5876908838500694	2160	4	11-20	0.8295399494967567
ENSMUSG00000087473.8:B1	wild_cluster	0.1045590191316093	0.21851689337428698	4557	3	>20	0.5918253590213943
ENSMUSG00000104283.2:B1	wild_cluster	7.021430399690222e-43	0.030061061531235323	2128	9	>20	0.4135401864624129
ENSMUSG00000022099.18:B2	wild_cluster	0.0067334442798292	0.31013776050865416	2830	7	>20	0.6630836840575319
ENSMUSG00000022099.18:B3	wild_cluster	0.0031031345762201	0.6650660264105642	832	14	>20	0.8698970985640041
ENSMUSG00000022099.18:B4	wild_cluster	8.797567929369923e-18	0.2064825930372149	832	14	>20	0.5882245182474101
ENSMUSG00000032280.17:B2	wild_cluster	0.1041826655089123	0.3990345937248592	1242	6	11-20	0.7182190521974527
ENSMUSG00000032280.17:B4	wild_cluster	0.9745465262733444	0.917940466613033	1242	6	11-20	0.9908880083592745
ENSMUSG00000032280.17:B5	wild_cluster	0.3627563045401811	0.3580734307145677	2532	3	11-20	0.6918738541276598
ENSMUSG00000006673.15:B2	wild_cluster	0.0447689389846121	0.22647928994082842	6759	5	>20	0.5998496287819582
ENSMUSG00000006673.15:B3	wild_cluster	2.5380589125086025e-33	0.1552999178307313	1216	1	>20	0.5514681667159249
ENSMUSG00000022565.16:B2	wild_cluster	1.5432862236921913e-45	0.022941970310391364	740	11	>20	0.4062768507212951
ENSMUSG00000022565.16:B4	wild_cluster	2.087292665555068e-66	0.014354066985645933	208	22	>20	0.4062768507212951
ENSMUSG00000028078.15:B1	wild_cluster	0.0020147849594059	0.5212369597615499	2683	12	>20	0.7835176265382214
ENSMUSG00000028078.15:B2	wild_cluster	0.9378667947684978	0.8394148310072306	5946	4	>20	0.9517040436356586
ENSMUSG00000028078.15:B3	wild_cluster	0.0393344996291338	0.1905162266689087	5946	4	>20	0.5723647326170157
ENSMUSG00000033793.13:B1	wild_cluster	4.0430407406550733e-13	0.10488390712570056	3746	8	>20	0.4837151034996375
ENSMUSG00000033793.13:B2	wild_cluster	0.0094407909438114	0.1451151841264503	5946	4	>20	0.5379116859054327
ENSMUSG00000033793.13:B3	wild_cluster	0.3799713506990124	0.4249201277955272	5946	4	>20	0.7277932101778983
ENSMUSG00000042554.11:B1	wild_cluster	0.1761231393364042	0.2003569834895136	2240	1	6-10	0.5819032225962644
ENSMUSG00000042554.11:B2	wild_cluster	0.2993827824269563	0.26282909415439537	2240	1	6-10	0.6238525613082021
ENSMUSG00000001482.16:B1	wild_cluster	0.4001774323975731	0.44587155963302755	544	3	6-10	0.7400213484418862
ENSMUSG00000001482.16:B2	wild_cluster	0.804044722330744	0.6024981631153563	1360	2	6-10	0.8388814535446126
ENSMUSG00000017734.16:B2	wild_cluster	0.0058033565430543	0.08592910848549946	3723	2	11-20	0.47410638896707014
ENSMUSG00000021986.10:B1	wild_cluster	4.011678660597866e-16	0.14567809239940388	2683	12	>20	0.5392853675742495
ENSMUSG00000021986.10:B2	wild_cluster	0.9257990132809382	0.8887226482139517	5346	6	>20	0.9760738718281349
ENSMUSG00000025372.17:B1	wild_cluster	1.0	1.0	3746	8	>20	1.0
ENSMUSG00000025372.17:B2	wild_cluster	5.769649619120877e-42	0.041168658698539175	752	16	>20	0.43199860115404787
ENSMUSG00000028266.18:B1	wild_cluster	0.2810355125915683	0.3600134521607533	5946	4	>20	0.6918738541276598
ENSMUSG00000028266.18:B3	wild_cluster	0.1208196710093563	0.2119232339730502	2448	2	>20	0.5885518387222989
ENSMUSG00000030600.16:B1	wild_cluster	0.9126833027762452	0.8126540673788003	1216	1	>20	0.942779460399166
ENSMUSG00000030600.16:B2	wild_cluster	0.5316204201751021	0.46876276031033076	2448	2	>20	0.7562140628311105
ENSMUSG00000032816.16:B1	wild_cluster	0.7915173991567156	0.6627282491944146	3723	2	11-20	0.8689361632753387
ENSMUSG00000032816.16:B2	wild_cluster	0.9100723181948832	0.8037945395650162	2160	4	11-20	0.9386000151736953
ENSMUSG00000038291.17:B1	wild_cluster	0.4237646821161477	0.6842807579396851	3746	8	>20	0.8781111384326008
ENSMUSG00000038291.17:B2	wild_cluster	0.1822035887811982	0.3031780729779721	5946	4	>20	0.6537863941322541
ENSMUSG00000041992.10:B1	wild_cluster	4.844763149806728e-18	0.08406725380304243	3746	8	>20	0.47322068180860477
ENSMUSG00000041992.10:B2	wild_cluster	7.83106289729539e-22	0.028922145619640155	5946	4	>20	0.4135401864624129
ENSMUSG00000052533.15:B1	wild_cluster	0.0002701085945766	0.4456035767511177	2683	12	>20	0.7400213484418862
ENSMUSG00000052533.15:B2	wild_cluster	0.0029867635017042	0.18122311576585	5346	6	>20	0.5676807782567631
ENSMUSG00000063681.15:B2	wild_cluster	5.643635622500149e-06	0.09146681539319576	1792	1	1-5	0.4808925487948958
ENSMUSG00000001173.16:B1	wild_cluster	0.0781132545411334	0.37650844730490746	1242	6	11-20	0.7032332412863386
ENSMUSG00000003345.17:B1	wild_cluster	0.5902769343077503	0.5124358468219502	2532	3	11-20	0.780027727524297
ENSMUSG00000005469.11:B1	wild_cluster	0.908703395537255	0.797798066595059	3723	2	11-20	0.9370202047977993
ENSMUSG00000009079.17:B1	wild_cluster	6.695378327206629e-06	0.24119154388212685	3121	10	>20	0.6099503589996492
ENSMUSG00000015143.16:B1	wild_cluster	0.8586592881795682	0.7692935892200898	2448	2	>20	0.921756949260241
ENSMUSG00000018293.5:B1	wild_cluster	0.947344791795848	0.6737311767986615	1792	1	1-5	0.8737423758046838
ENSMUSG00000020070.19:B1	wild_cluster	0.0001186402729547	0.330201972757163	2128	9	>20	0.6777507219165051
ENSMUSG00000020522.14:B1	wild_cluster	0.622024907698704	0.4959720730397422	3723	2	11-20	0.7693047486514233
ENSMUSG00000020926.17:B1	wild_cluster	1.4151835372809462e-35	0.042387848816672555	2830	7	>20	0.43571216678373714
ENSMUSG00000021431.16:B1	wild_cluster	0.4359730050473208	0.3593833067517278	3761	1	11-20	0.6918738541276598
ENSMUSG00000022054.12:B1	wild_cluster	2.3908671563153002e-26	0.05337603416066186	3746	8	>20	0.44899839971852634
ENSMUSG00000022533.15:B1	wild_cluster	5.160157886077286e-45	0.014945289564985321	3746	8	>20	0.4062768507212951
ENSMUSG00000023019.13:B1	wild_cluster	0.841597313977475	0.7161654135338346	3723	2	11-20	0.8937163918800626
ENSMUSG00000024781.17:B1	wild_cluster	0.6347795660877337	0.5743119266055046	544	3	6-10	0.8227933570853925
ENSMUSG00000025266.12:B1	wild_cluster	0.3168267317861984	0.5860120098904981	2830	7	>20	0.8287286161149289
ENSMUSG00000025889.14:B1	wild_cluster	0.0715184694295241	0.1446039340776183	3761	1	11-20	0.5379116859054327
ENSMUSG00000026470.15:B1	wild_cluster	0.8910552801824428	0.7608210620258813	2240	1	6-10	0.9184649853857186
ENSMUSG00000026918.17:B1	wild_cluster	0.0001308100509185	0.08624260355029585	6759	5	>20	0.4741759793732301
ENSMUSG00000027508.16:B1	wild_cluster	0.0223176833145387	0.10580455547391623	1360	2	6-10	0.4839858077279346
ENSMUSG00000028041.18:B1	wild_cluster	0.6407984879958538	0.5080558539205156	3723	2	11-20	0.7783493508510398
ENSMUSG00000029089.9:B1	wild_cluster	9.325970941441798e-12	0.03520710059171597	6759	5	>20	0.42154010255574076
ENSMUSG00000029547.11:B1	wild_cluster	0.052778507108566	0.40904274108089017	2830	7	>20	0.720396812493429
ENSMUSG00000030127.16:B1	wild_cluster	0.4114505317258363	0.33413078149920256	3761	1	11-20	0.6787082352280288
ENSMUSG00000030774.14:B1	wild_cluster	6.184873123050428e-05	0.08047337278106509	6759	5	>20	0.47174467816973154
ENSMUSG00000031508.15:B1	wild_cluster	0.9766268811576264	0.8859060402684564	2532	3	11-20	0.9750188036120326
ENSMUSG00000032012.10:B1	wild_cluster	2.725640119871849e-09	0.06077226853883282	4557	3	>20	0.4608847075722556
ENSMUSG00000032409.16:B1	wild_cluster	0.1826098211762614	0.35754437869822486	6759	5	>20	0.6918738541276598
ENSMUSG00000032965.12:B1	wild_cluster	0.0070578511948206	0.1399024718345384	5946	4	>20	0.5329231668075124
ENSMUSG00000033910.14:B1	wild_cluster	0.9999997991866868	0.9794709830240821	2532	3	11-20	1.0
ENSMUSG00000034613.13:B1	wild_cluster	0.0033402503243817	0.18421544791471853	5346	6	>20	0.5693254400567805
ENSMUSG00000035437.16:B1	wild_cluster	0.1640703650149571	0.6279943635509629	2128	9	>20	0.8504960382920338
ENSMUSG00000036371.7:B1	wild_cluster	0.4069159392488395	0.6308724832214765	2830	7	>20	0.8512009095646406
ENSMUSG00000038002.10:B1	wild_cluster	0.0796564846392382	0.36001496166074437	5346	6	>20	0.6918738541276598
ENSMUSG00000038538.18:B1	wild_cluster	0.1334270232897235	0.6101456082667919	2128	9	>20	0.8417610787267903
ENSMUSG00000039354.17:B1	wild_cluster	6.645633662970071e-10	0.157541504768633	2830	7	>20	0.5533044874282247
ENSMUSG00000040260.9:B1	wild_cluster	0.1413640931619278	0.22580645161290322	2448	2	>20	0.5987839895618191
ENSMUSG00000041028.17:B1	wild_cluster	0.3937122331047123	0.48269742679680566	1126	5	11-20	0.7633688691677389
ENSMUSG00000042133.17:B1	wild_cluster	1.0	1.0	3121	10	>20	1.0
ENSMUSG00000043460.8:B1	wild_cluster	0.0342852872221972	0.18446275432991424	5946	4	>20	0.5693254400567805
ENSMUSG00000045994.18:B1	wild_cluster	1.8470807253951668e-30	0.09963985594237695	832	14	>20	0.4808925487948958
ENSMUSG00000048814.12:B1	wild_cluster	0.0385305582710215	0.29231344679259397	5346	6	>20	0.6473387345478859
ENSMUSG00000051401.8:B1	wild_cluster	0.3595535464851453	0.5711613989152796	5346	6	>20	0.8192968856869272
ENSMUSG00000053550.14:B1	wild_cluster	0.0019740636342154	0.16981484944828876	5346	6	>20	0.5582700482166111
ENSMUSG00000056073.17:B2	wild_cluster	7.100245668231345e-24	0.06191619962636776	3746	8	>20	0.4608847075722556
ENSMUSG00000058135.13:B1	wild_cluster	0.0111095952158256	0.09727800089245872	2240	1	6-10	0.4808925487948958
ENSMUSG00000060098.12:B1	wild_cluster	3.558519866897685e-152	0.00153576129881527	4557	3	>20	0.4062768507212951
ENSMUSG00000062380.5:B1	wild_cluster	0.9077656280856772	0.8458715596330275	544	3	6-10	0.9549271288945865
ENSMUSG00000066607.6:B1	wild_cluster	0.1362940653971215	0.36363636363636365	32	5	6-10	0.6921417565485363
ENSMUSG00000070871.11:B1	wild_cluster	0.1081393780800356	0.2695152013147083	1216	1	>20	0.6282293640951883
ENSMUSG00000078307.4:B1	wild_cluster	0.3929545279040261	0.5900504956050121	5346	6	>20	0.8321842468627046
ENSMUSG00000087620.9:B1	wild_cluster	0.7157047584045296	0.6284197631686402	2448	2	>20	0.8505156903144115
ENSMUSG00000104586.2:B1	wild_cluster	0.3416786774165364	0.36236647493837304	1216	1	>20	0.6921417565485363
ENSMUSG00000022377.17:B1	wild_cluster	0.1752940830564891	0.35192307692307695	6759	5	>20	0.6879192608957623
ENSMUSG00000022377.17:B2	wild_cluster	4.073953838413473e-17	0.3490566037735849	211	15	11-20	0.6875075072747915
ENSMUSG00000022377.17:B3	wild_cluster	0.1752921162560453	0.35192307692307695	6759	5	>20	0.6879192608957623
ENSMUSG00000022377.17:B4	wild_cluster	0.063393115473447	0.24778106508875739	6759	5	>20	0.6157545447481213
ENSMUSG00000032511.18:B1	wild_cluster	0.3638138047536761	0.3132530120481928	2240	1	6-10	0.6657097797545539
ENSMUSG00000032511.18:B2	wild_cluster	0.3904296353410604	0.3382418563141455	2240	1	6-10	0.6810320119063835
ENSMUSG00000032511.18:B3	wild_cluster	0.7137873179189401	0.6046407853636769	2240	1	6-10	0.8395504743205707
ENSMUSG00000032511.18:B4	wild_cluster	0.7635831762533192	0.5686994856722998	1360	2	6-10	0.8177330632650354
ENSMUSG00000008489.19:B1	wild_cluster	2.51511972152052e-07	0.18556701030927836	96	8	6-10	0.5693254400567805
ENSMUSG00000008489.19:B2	wild_cluster	0.1092825755148022	0.40466613032984716	1242	6	11-20	0.7193352819318058
ENSMUSG00000008489.19:B3	wild_cluster	0.7211238580564624	0.5872717508055854	3723	2	11-20	0.8293067288961614
ENSMUSG00000022637.12:B1	wild_cluster	4.98492190981989e-13	0.5241379310344828	144	21	>20	0.7850708856975314
ENSMUSG00000022637.12:B2	wild_cluster	0.0687479782873409	0.42493818438714237	2830	7	>20	0.7277932101778983
ENSMUSG00000022637.12:B3	wild_cluster	1.6226206077636097e-07	0.4009603841536615	832	14	>20	0.7182190521974527
ENSMUSG00000028082.15:B2	wild_cluster	0.7007252923428184	0.5925925925925926	2240	1	6-10	0.8335278321930644
ENSMUSG00000033808.17:B1	wild_cluster	0.6999428432808175	0.8581037796284433	3121	10	>20	0.9619205843455998
ENSMUSG00000033808.17:B2	wild_cluster	0.0250353159773264	0.19363905325443787	6759	5	>20	0.5756531268780712
ENSMUSG00000033808.17:B3	wild_cluster	0.373236846831723	0.4738165680473373	6759	5	>20	0.7612246150460082
ENSMUSG00000042810.15:B1	wild_cluster	0.0043955002818826	0.40911225927665573	2128	9	>20	0.720396812493429
ENSMUSG00000042810.15:B4	wild_cluster	0.1577629754940217	0.2551557700745941	4557	3	>20	0.6185864890929439
ENSMUSG00000042810.15:B6	wild_cluster	0.1596739044081911	0.44005984664297737	5346	6	>20	0.7376523570590322
ENSMUSG00000001786.15:B1	wild_cluster	0.5829400168820233	0.8219090326713645	3121	10	>20	0.9471563301076884
ENSMUSG00000001786.15:B2	wild_cluster	5.5514385196780615e-15	0.028106508875739646	6759	5	>20	0.4135401864624129
ENSMUSG00000017774.20:B1	wild_cluster	0.4122855309535956	0.4918918918918919	184	3	1-5	0.7688164155805075
ENSMUSG00000017774.20:B2	wild_cluster	0.0014810286458167	0.0785363676929942	2240	1	6-10	0.4709102390656422
ENSMUSG00000021990.17:B1	wild_cluster	0.0816892947120544	0.18783176806859944	2448	2	>20	0.5693254400567805
ENSMUSG00000021990.17:B2	wild_cluster	0.199314613778811	0.29580936729663104	1216	1	>20	0.6505074818094451
ENSMUSG00000025375.16:B1	wild_cluster	4.626858463874254e-31	0.09963985594237695	832	14	>20	0.4808925487948958
ENSMUSG00000025375.16:B2	wild_cluster	3.6775991320175668e-34	0.045920169551395267	2830	7	>20	0.43963983201651363
ENSMUSG00000028289.13:B1	wild_cluster	0.980402897654352	0.9399663362633253	5346	6	>20	1.0
ENSMUSG00000028289.13:B2	wild_cluster	2.283079733288461e-10	0.1557632398753894	320	9	11-20	0.5518223912711709
ENSMUSG00000030629.16:B1	wild_cluster	4.246084856550076e-06	0.3353204172876304	2683	12	>20	0.6788009528869021
ENSMUSG00000030629.16:B2	wild_cluster	0.4498356044464771	0.6186646717785674	5346	6	>20	0.8461081711082518
ENSMUSG00000032841.16:B1	wild_cluster	6.001796810853136e-09	0.07240547063555913	1242	6	11-20	0.4646362487070452
ENSMUSG00000032841.16:B2	wild_cluster	9.641391508830598e-05	0.05329648637978682	2532	3	11-20	0.44899839971852634
ENSMUSG00000038453.18:B1	wild_cluster	4.336875305312783e-41	0.5038759689922481	128	30	>20	0.7746101480880145
ENSMUSG00000038453.18:B2	wild_cluster	4.544997107620802e-81	0.02654867256637168	112	40	>20	0.4135401864624129
ENSMUSG00000042066.17:B1	wild_cluster	0.0001959612751766	0.6615384615384615	64	18	11-20	0.8685131951358085
ENSMUSG00000042066.17:B2	wild_cluster	0.00161600886323	0.6666666666666666	416	12	11-20	0.8702896444831928
ENSMUSG00000052833.10:B1	wild_cluster	0.6499844418067164	0.6396449704142012	6759	5	>20	0.8541275883176551
ENSMUSG00000001175.17:B1	wild_cluster	0.1717123337237469	0.8200447093889717	2683	12	>20	0.94637079325868
ENSMUSG00000003352.15:B1	wild_cluster	1.14122110822994e-10	0.05414494703211704	5946	4	>20	0.4520801153685311
ENSMUSG00000005514.15:B1	wild_cluster	3.3845393757525183e-34	0.0073964497041420114	6759	5	>20	0.4062768507212951
ENSMUSG00000009090.18:B1	wild_cluster	0.0422169761334235	0.2230769230769231	6759	5	>20	0.5957903406894164
ENSMUSG00000015165.17:B1	wild_cluster	0.7199011231787866	0.6459627329192547	1126	5	11-20	0.8584075867682225
ENSMUSG00000018334.19:B2	wild_cluster	2.7373774058719977e-71	0.005132254243979471	2532	3	11-20	0.4062768507212951
ENSMUSG00000020074.8:B1	wild_cluster	0.9986059080058894	0.9526627218934911	6759	5	>20	1.0
ENSMUSG00000020524.17:B1	wild_cluster	0.6968294363518208	0.7696926880960792	2830	7	>20	0.9219892146473567
ENSMUSG00000020929.15:B1	wild_cluster	1.866964120306863e-12	0.04926853875903817	5946	4	>20	0.43963983201651363
ENSMUSG00000021448.9:B1	wild_cluster	0.2669531844674046	0.6928135274776891	2128	9	>20	0.882369822917431
ENSMUSG00000022103.11:B1	wild_cluster	0.9242632669637004	0.8331963845521775	1216	1	>20	0.950268718262156
ENSMUSG00000022536.15:B1	wild_cluster	0.0011001820355479	0.3720056364490371	2128	9	>20	0.6985992135991115
ENSMUSG00000023025.17:B1	wild_cluster	0.7102379157049886	0.7538213998390989	1242	6	11-20	0.9141394320005058
ENSMUSG00000024294.15:B1	wild_cluster	6.443977092173879e-116	0.02694977541853818	2448	2	>20	0.4135401864624129
ENSMUSG00000024787.15:B1	wild_cluster	0.8273558493660862	0.7319656969900791	5946	4	>20	0.9014626714761982
ENSMUSG00000025270.14:B1	wild_cluster	0.6761351144332822	0.6164452665209349	5946	4	>20	0.8459953694664747
ENSMUSG00000026473.17:B1	wild_cluster	6.338517257243657e-07	0.15612489991993594	3746	8	>20	0.5526501579514203
ENSMUSG00000026924.18:B1	wild_cluster	3.9172199498649023e-16	0.041331587806246496	5346	6	>20	0.43199860115404787
ENSMUSG00000027522.16:B1	wild_cluster	0.0033852046323495	0.13121301775147928	6759	5	>20	0.517455128504491
ENSMUSG00000028047.12:B1	wild_cluster	0.9396354081980972	0.6519799219185722	1792	1	1-5	0.8611984685001736
ENSMUSG00000028572.14:B1	wild_cluster	0.2919956630121306	0.33260201842913556	4557	3	>20	0.6787082352280288
ENSMUSG00000029093.15:B1	wild_cluster	0.8570525573415041	0.7403979639055993	2160	4	11-20	0.9067098665935569
ENSMUSG00000029552.20:B1	wild_cluster	0.2999526529177828	0.31267272009474933	2532	3	11-20	0.6654747635320855
ENSMUSG00000030161.9:B1	wild_cluster	0.1660897006067238	0.3449704142011834	6759	5	>20	0.6860732506491121
ENSMUSG00000030795.19:B1	wild_cluster	0.0964293908187604	0.2818047337278107	6759	5	>20	0.639749446682312
ENSMUSG00000031511.17:B2	wild_cluster	4.662236840656957e-65	0.006405124099279423	3746	8	>20	0.4062768507212951
ENSMUSG00000032017.15:B1	wild_cluster	0.47202258851794	0.38729399255715047	3761	1	11-20	0.7121754058238149
ENSMUSG00000032425.16:B1	wild_cluster	0.8789681636070414	0.7781921895568231	4557	3	>20	0.926006765207027
ENSMUSG00000033006.11:B1	wild_cluster	0.3346678394417375	0.2829094154395359	2240	1	6-10	0.639749446682312
ENSMUSG00000033918.17:B1	wild_cluster	2.4128493144677446e-35	0.027424308907415533	4557	3	>20	0.4135401864624129
ENSMUSG00000034614.15:B1	wild_cluster	0.821597908491385	0.7198027937551356	1216	1	>20	0.8964109092176515
ENSMUSG00000035469.18:B1	wild_cluster	0.4077302198071827	0.4945266272189349	6759	5	>20	0.7690532828804467
ENSMUSG00000036377.20:B1	wild_cluster	0.8152353950817026	0.9630484988452656	432	15	>20	1.0
ENSMUSG00000037243.18:B1	wild_cluster	0.3748368885745829	0.3835015357612988	4557	3	>20	0.7083424747696357
ENSMUSG00000038034.16:B1	wild_cluster	9.929496667843349e-08	0.39255702280912363	832	14	>20	0.7135019226060081
ENSMUSG00000038552.15:B1	wild_cluster	0.3483640793013708	0.2936189201249442	2240	1	6-10	0.6490827702762054
ENSMUSG00000039367.12:B1	wild_cluster	0.8548396460072778	0.6993620414673046	3761	1	11-20	0.8859374761057902
ENSMUSG00000040282.14:B1	wild_cluster	0.8702605173426	0.8007396449704142	6759	5	>20	0.9376823398352111
ENSMUSG00000041112.18:B1	wild_cluster	0.1140530852258329	0.26191577973160574	2160	4	11-20	0.6238525613082021
ENSMUSG00000042182.17:B1	wild_cluster	0.9314824826241828	0.8310072305364049	5946	4	>20	0.950268718262156
ENSMUSG00000043518.8:B1	wild_cluster	0.772650643050539	0.6396348012889366	3723	2	11-20	0.8541275883176551
ENSMUSG00000046027.18:B1	wild_cluster	0.6172827579370667	0.4068441064638783	788	2	1-5	0.7195945688455408
ENSMUSG00000048834.17:B1	wild_cluster	2.3984039898367696e-07	0.08166598611678236	2448	2	>20	0.47174467816973154
ENSMUSG00000051427.15:B1	wild_cluster	0.4871034367336402	0.4287464271131074	2448	2	>20	0.7297949793831294
ENSMUSG00000053702.17:B1	wild_cluster	0.0213497684393785	0.7026378896882494	416	12	11-20	0.8867992710590356
ENSMUSG00000056091.13:B1	wild_cluster	0.9998288118695028	0.9839842035980694	4557	3	>20	1.0
ENSMUSG00000058159.15:B1	wild_cluster	0.999999999886584	0.8929168990518683	1792	1	1-5	0.9777345072563368
ENSMUSG00000060206.12:B1	wild_cluster	0.5978869552139696	0.5191472562179235	2532	3	11-20	0.7833421145216367
ENSMUSG00000062397.9:B1	wild_cluster	0.509668480938676	0.8201438848920863	416	12	11-20	0.94637079325868
ENSMUSG00000066640.12:B1	wild_cluster	0.5469073738460116	0.4433404940923738	3723	2	11-20	0.7381347084199946
ENSMUSG00000070880.11:B1	wild_cluster	9.233403982009397e-22	0.043327556325823226	576	8	11-20	0.4370964032340817
ENSMUSG00000078490.11:B1	wild_cluster	0.033250491474747	0.8221709006928406	432	15	>20	0.9472151028243754
ENSMUSG00000089633.4:B1	wild_cluster	3.7695213137159854e-20	0.03161257777030436	5946	4	>20	0.4135401864624129
ENSMUSG00000104677.2:B1	wild_cluster	1.5426878753450296e-30	0.0850164396430249	2128	9	>20	0.4738137058020693
ENSMUSG00000022475.20:B2	wild_cluster	0.2896737284580752	0.34264585045193097	1216	1	>20	0.6840697909187786
ENSMUSG00000022475.20:B3	wild_cluster	0.1302275460170692	0.2752670501232539	1216	1	>20	0.6331283098585031
ENSMUSG00000022475.20:B4	wild_cluster	0.2896733737759236	0.34264585045193097	1216	1	>20	0.6840697909187786
ENSMUSG00000034813.20:B2	wild_cluster	0.2878609941294804	0.2824919441460795	3723	2	11-20	0.639749446682312
ENSMUSG00000034813.20:B3	wild_cluster	0.5961962807620643	0.4790547798066595	3723	2	11-20	0.7633688691677389
ENSMUSG00000034813.20:B4	wild_cluster	0.7338907006404949	0.7658889782783588	1242	6	11-20	0.9206736993867843
ENSMUSG00000008575.18:B1	wild_cluster	0.0833181858865654	0.36506452216196	5346	6	>20	0.6933910501274945
ENSMUSG00000008575.18:B2	wild_cluster	3.356724893332594e-20	0.2423500611995104	816	18	>20	0.6099503589996492
ENSMUSG00000008575.18:B3	wild_cluster	0.0013640721404882	0.5067064083457526	2683	12	>20	0.7776699357980128
ENSMUSG00000022708.17:B1	wild_cluster	0.0001517633902251	0.16170555108608206	1242	6	11-20	0.5555320725532211
ENSMUSG00000022708.17:B2	wild_cluster	3.001642676080853e-06	0.1166532582461786	1242	6	11-20	0.5000061412612923
ENSMUSG00000022708.17:B3	wild_cluster	8.402114113090889e-22	0.09352517985611511	416	12	11-20	0.4808925487948958
ENSMUSG00000028126.17:B1	wild_cluster	0.2430772544449556	0.34983803794539564	2160	4	11-20	0.6875075072747915
ENSMUSG00000028126.17:B2	wild_cluster	0.9974981901654691	0.9734585545120458	2448	2	>20	1.0
ENSMUSG00000028126.17:B3	wild_cluster	0.3443714145908706	0.3434054716210698	2448	2	>20	0.6840697909187786
ENSMUSG00000033943.16:B1	wild_cluster	8.696812074882047e-05	0.22041681384669728	2830	7	>20	0.5941659620198646
ENSMUSG00000033943.16:B2	wild_cluster	4.621613383317037e-32	0.06004945249028612	2830	7	>20	0.4608847075722556
ENSMUSG00000033943.16:B5	wild_cluster	1.2904256161010582e-37	0.031084422465559872	2830	7	>20	0.4135401864624129
ENSMUSG00000043467.20:B1	wild_cluster	4.76791273907269e-24	0.010458567980691875	1242	6	11-20	0.4062768507212951
ENSMUSG00000043467.20:B2	wild_cluster	1.4470129107093707e-28	0.015396762731938412	2532	3	11-20	0.4062768507212951
ENSMUSG00000043467.20:B3	wild_cluster	0.9997688546882968	0.9692064745361232	2532	3	11-20	1.0
ENSMUSG00000002578.19:B1	wild_cluster	2.8432041735693848e-24	0.0415944540727903	576	8	11-20	0.4335087881553921
ENSMUSG00000002578.19:B2	wild_cluster	0.9449556122432068	0.8509949097639982	2160	4	11-20	0.9575824485620941
ENSMUSG00000017978.19:B1	wild_cluster	0.9103803128990166	0.7761547572048954	2532	3	11-20	0.9250430271595622
ENSMUSG00000017978.19:B3	wild_cluster	0.2195367887309319	0.3056696795398521	1216	1	>20	0.6566562412687784
ENSMUSG00000022019.17:B1	wild_cluster	3.0775701593600094e-33	0.008284023668639054	6759	5	>20	0.4062768507212951
ENSMUSG00000022019.17:B3	wild_cluster	4.557235438549743e-05	0.26649583600256244	3121	10	>20	0.6262587643042441
ENSMUSG00000028339.18:B2	wild_cluster	0.6500664528031306	0.4296577946768061	788	2	1-5	0.7299632426959958
ENSMUSG00000030643.15:B2	wild_cluster	0.2966226666427112	0.24316787506971557	1792	1	1-5	0.6102291032475767
ENSMUSG00000032890.18:B1	wild_cluster	8.586287761825257e-20	0.017543859649122806	512	10	11-20	0.4062768507212951
ENSMUSG00000032890.18:B2	wild_cluster	0.0020485029678906	0.1313220940550133	1126	5	11-20	0.517455128504491
ENSMUSG00000038608.16:B1	wild_cluster	7.890252057205299e-07	0.19930675909878684	576	8	11-20	0.5802242137859692
ENSMUSG00000038608.16:B2	wild_cluster	0.5919242023611532	0.5488199907450254	2160	4	11-20	0.8012135780098896
ENSMUSG00000042099.17:B1	wild_cluster	0.4925502723870275	0.40091299677765846	3723	2	11-20	0.7182190521974527
ENSMUSG00000052917.16:B1	wild_cluster	0.6604243101468625	0.6038338658146964	5946	4	>20	0.8388814535446126
ENSMUSG00000052917.16:B2	wild_cluster	0.4359012915906869	0.40057166190281746	2448	2	>20	0.7182190521974527
ENSMUSG00000067629.14:B1	wild_cluster	5.6270650982556405e-25	0.16156670746634028	816	18	>20	0.5555320725532211
ENSMUSG00000067629.14:B2	wild_cluster	0.9961743748728944	0.9459554927587425	2830	7	>20	1.0
ENSMUSG00000001227.13:B1	wild_cluster	0.1037360712395837	0.2508827980494367	5946	4	>20	0.6157545447481213
ENSMUSG00000003363.16:B1	wild_cluster	0.0001897213582195	0.22854115153655952	2830	7	>20	0.601057876289359
ENSMUSG00000005610.18:B1	wild_cluster	0.1817232899421045	0.4546474658687114	5346	6	>20	0.7453991284760674
ENSMUSG00000009292.19:B1	wild_cluster	0.8826864508710605	0.7333864965443913	3761	1	11-20	0.9025677102677823
ENSMUSG00000015176.12:B1	wild_cluster	0.1584643532090645	0.3682342502218279	1126	5	11-20	0.6956669121756331
ENSMUSG00000018340.14:B1	wild_cluster	0.0008989078198489	0.25044154009184033	2830	7	>20	0.6157545447481213
ENSMUSG00000020097.15:B1	wild_cluster	0.6969866836070125	0.6071866067782768	2448	2	>20	0.8409380334851824
ENSMUSG00000020527.15:B1	wild_cluster	0.9842389687153332	0.9354838709677419	2448	2	>20	0.9984605868915336
ENSMUSG00000020932.15:B1	wild_cluster	1.0587948195804008e-26	0.03554190434401053	4557	3	>20	0.42154010255574076
ENSMUSG00000021466.13:B1	wild_cluster	0.999986825614902	0.9710467706013363	448	4	6-10	1.0
ENSMUSG00000022108.9:B1	wild_cluster	9.220173272893532e-38	0.050258337247534056	2128	9	>20	0.44213110388031357
ENSMUSG00000022548.15:B1	wild_cluster	0.0205612921971075	0.10486390004462294	2240	1	6-10	0.4837151034996375
ENSMUSG00000023026.17:B1	wild_cluster	0.003318593750588	0.2780891379770483	3746	8	>20	0.6367097920142326
ENSMUSG00000024298.16:B1	wild_cluster	0.018444536182335	0.1819526627218935	6759	5	>20	0.5683806404358454
ENSMUSG00000024793.15:B1	wild_cluster	0.9999847130280892	0.9781347612672914	2240	1	6-10	1.0
ENSMUSG00000025277.15:B1	wild_cluster	0.4782725957544127	0.4812510509500589	5946	4	>20	0.7633688691677389
ENSMUSG00000025931.16:B1	wild_cluster	0.9931204097007156	0.9376391982182628	448	4	6-10	0.9984605868915336
ENSMUSG00000026482.14:B1	wild_cluster	0.1129810153550305	0.2992603550295858	6759	5	>20	0.6522377980200131
ENSMUSG00000026925.17:B1	wild_cluster	0.1562779969494157	0.20166487647690656	3723	2	11-20	0.5837738123168504
ENSMUSG00000027550.15:B1	wild_cluster	0.6737553908150316	0.5925844668714348	4557	3	>20	0.8335278321930644
ENSMUSG00000028053.14:B1	wild_cluster	1.6443596957680088e-43	0.02459016393442623	2683	12	>20	0.4062768507212951
ENSMUSG00000028576.13:B1	wild_cluster	0.0004021180748208	0.09904153354632587	5946	4	>20	0.4808925487948958
ENSMUSG00000029106.15:B1	wild_cluster	0.4152072609817532	0.6014587619225734	5346	6	>20	0.8378341617979238
ENSMUSG00000029576.18:B1	wild_cluster	0.0183156419684139	0.10213078618662748	1360	2	6-10	0.4808925487948958
ENSMUSG00000030166.15:B1	wild_cluster	0.7665314837580175	0.7235207100591716	6759	5	>20	0.8987984041996125
ENSMUSG00000030815.12:B1	wild_cluster	0.5484608651057634	0.4945151382185169	4557	3	>20	0.7690532828804467
ENSMUSG00000031532.8:B1	wild_cluster	0.5794135540626779	0.46509129967776586	3723	2	11-20	0.7534042979273436
ENSMUSG00000032018.15:B1	wild_cluster	0.919375115359475	0.8350347080440996	2448	2	>20	0.950268718262156
ENSMUSG00000032440.14:B1	wild_cluster	0.9068753509558424	0.6079196876742889	1792	1	1-5	0.8411711306647944
ENSMUSG00000033009.16:B1	wild_cluster	0.1641917879764606	0.4434262203104545	5346	6	>20	0.7381347084199946
ENSMUSG00000033955.14:B1	wild_cluster	0.4200416878117604	0.44661173701025725	5946	4	>20	0.7402877943358213
ENSMUSG00000034616.18:B1	wild_cluster	0.1075811825797982	0.15709728867623604	3761	1	11-20	0.5533044874282247
ENSMUSG00000035486.15:B1	wild_cluster	0.4959964620327161	0.46160596752961824	4557	3	>20	0.7504647144925969
ENSMUSG00000036403.16:B1	wild_cluster	0.7817639087691248	0.6748573935936815	4557	3	>20	0.8746276433995434
ENSMUSG00000037270.19:B1	wild_cluster	0.0457553763153354	0.5227806481916393	2128	9	>20	0.7843455817223925
ENSMUSG00000038055.13:B1	wild_cluster	8.390685217177702e-05	0.08578323826239578	4557	3	>20	0.47410638896707014
ENSMUSG00000038564.12:B1	wild_cluster	0.9229056153403828	0.8244844229925405	4557	3	>20	0.9472966303226096
ENSMUSG00000039375.17:B1	wild_cluster	0.3226342151211777	0.26049973418394473	3761	1	11-20	0.6230909509873693
ENSMUSG00000040325.17:B1	wild_cluster	0.0006025333613114	0.0682062298603652	3723	2	11-20	0.46225881142269104
ENSMUSG00000041115.19:B1	wild_cluster	2.589539446476851e-42	0.3333333333333333	32	35	>20	0.6787082352280288
ENSMUSG00000042197.14:B1	wild_cluster	0.2870965911164957	0.6138243928476115	3746	8	>20	0.8439850543836764
ENSMUSG00000043587.16:B1	wild_cluster	1.831701535444505e-05	0.10248737609874696	5346	6	>20	0.4819225404999464
ENSMUSG00000046093.10:B1	wild_cluster	0.0360338230292515	0.2876379278099869	5346	6	>20	0.6427955596735938
ENSMUSG00000048874.16:B1	wild_cluster	1.0	1.0	3746	8	>20	1.0
ENSMUSG00000051510.14:B1	wild_cluster	0.0214802858056993	0.18757396449704142	6759	5	>20	0.5693254400567805
ENSMUSG00000053774.10:B1	wild_cluster	1.9842815630390337e-06	0.08771273611370863	5346	6	>20	0.47479339520313996
ENSMUSG00000056167.9:B1	wild_cluster	2.4942527880812115e-35	0.042387848816672555	2830	7	>20	0.43571216678373714
ENSMUSG00000058192.17:B1	wild_cluster	3.126677750341614e-76	0.01594896331738437	3761	1	11-20	0.4062768507212951
ENSMUSG00000060260.14:B1	wild_cluster	0.6032701244548548	0.40435025097601784	1792	1	1-5	0.7193352819318058
ENSMUSG00000062444.16:B1	wild_cluster	0.187128913497332	0.30620480914746934	5946	4	>20	0.6572789856619506
ENSMUSG00000066643.13:B1	wild_cluster	0.6108767386644718	0.4895273899033298	3723	2	11-20	0.7674567461558822
ENSMUSG00000070939.10:B1	wild_cluster	0.0001146166700689	0.0877577885037297	4557	3	>20	0.47479339520313996
ENSMUSG00000078546.9:B1	wild_cluster	0.5347378835969204	0.4314194577352472	3761	1	11-20	0.7319079488514412
ENSMUSG00000089682.11:B1	wild_cluster	0.8307250834367971	0.6948282668772207	2532	3	11-20	0.882721726200511
ENSMUSG00000105218.5:B1	wild_cluster	0.576973543892115	0.5176663927691043	1216	1	>20	0.7827705051444305
ENSMUSG00000022556.12:B1	wild_cluster	0.0394539656012623	0.12927756653992395	788	2	1-5	0.5152102084198062
ENSMUSG00000022556.12:B2	wild_cluster	0.8423319431875776	0.5521472392638037	1792	1	1-5	0.8037088136011038
ENSMUSG00000022556.12:B3	wild_cluster	0.81545190200147	0.535973229224763	1792	1	1-5	0.7937987951459397
ENSMUSG00000022556.12:B5	wild_cluster	0.9999999999857412	0.947016174010039	1792	1	1-5	1.0
ENSMUSG00000037652.16:B1	wild_cluster	2.8760763883657515e-30	0.07390300230946882	432	15	>20	0.46652275045909
ENSMUSG00000037652.16:B2	wild_cluster	0.3488818671375064	0.4584319526627219	6759	5	>20	0.7493727552259631
ENSMUSG00000037652.16:B3	wild_cluster	0.803547072913083	0.7485207100591716	6759	5	>20	0.9112073250910024
ENSMUSG00000037652.16:B4	wild_cluster	0.5019827726867192	0.5479289940828402	6759	5	>20	0.8012135780098896
ENSMUSG00000010453.13:B1	wild_cluster	1.2573776328147635e-09	0.44339622641509435	211	15	11-20	0.7381347084199946
ENSMUSG00000010453.13:B2	wild_cluster	0.0311722153065129	0.6003898635477583	512	10	11-20	0.8378341617979238
ENSMUSG00000010453.13:B3	wild_cluster	0.9999999999999896	0.9376218323586745	512	10	11-20	0.9984605868915336
ENSMUSG00000022770.18:B1	wild_cluster	3.3185800581002598e-25	0.0905365126676602	2683	12	>20	0.4808925487948958
ENSMUSG00000022770.18:B2	wild_cluster	2.409260610834248e-07	0.06860601984193711	5946	4	>20	0.46225881142269104
ENSMUSG00000022770.18:B3	wild_cluster	1.5326954327593e-05	0.0805448125105095	5946	4	>20	0.47174467816973154
ENSMUSG00000028137.10:B1	wild_cluster	3.605017484596952e-47	0.02257636122177955	752	16	>20	0.4062768507212951
ENSMUSG00000028137.10:B3	wild_cluster	2.9201138925910217e-35	0.029356818788364023	3746	8	>20	0.4135401864624129
ENSMUSG00000028137.10:B5	wild_cluster	0.0047227105808528	0.2884974646383774	3746	8	>20	0.6437807308274174
ENSMUSG00000034342.10:B1	wild_cluster	0.9917709390642754	0.8350515463917526	96	8	6-10	0.950268718262156
ENSMUSG00000034342.10:B2	wild_cluster	0.0343529427245232	0.18602498843128182	2160	4	11-20	0.5693254400567805
ENSMUSG00000034342.10:B3	wild_cluster	0.9592405791543044	0.8759833410458121	2160	4	11-20	0.970999978236243
ENSMUSG00000044024.17:B1	wild_cluster	3.4051393270075715e-05	0.5294117647058824	16	12	6-10	0.7883506840761763
ENSMUSG00000044024.17:B2	wild_cluster	0.5346416248114598	0.7989601386481803	576	8	11-20	0.9373018915663687
ENSMUSG00000044024.17:B3	wild_cluster	0.008454046284414	0.41594454072790293	576	8	11-20	0.7236056512527362
ENSMUSG00000002728.15:B1	wild_cluster	0.3588637390121907	0.37121544537077666	4557	3	>20	0.6976986529730246
ENSMUSG00000002728.15:B2	wild_cluster	0.6513694887800963	0.7273237329343557	5346	6	>20	0.9008265208451066
ENSMUSG00000018042.19:B1	wild_cluster	0.6556007782181558	0.43346007604562736	788	2	1-5	0.7338598867500261
ENSMUSG00000018042.19:B2	wild_cluster	0.986510645073986	0.9120928157072735	2240	1	6-10	0.9884489573358438
ENSMUSG00000022040.9:B2	wild_cluster	5.846113947617046e-68	0.030568846358320044	3761	1	11-20	0.4135401864624129
ENSMUSG00000025468.16:B1	wild_cluster	4.373562748301681e-08	0.083668543845535	1242	6	11-20	0.4721596720529438
ENSMUSG00000025468.16:B2	wild_cluster	0.070954961132113	0.16541650217133833	2532	3	11-20	0.5568066738432305
ENSMUSG00000028414.18:B1	wild_cluster	0.9496435687671164	0.8558002148227712	3723	2	11-20	0.9609367977881563
ENSMUSG00000028414.18:B2	wild_cluster	0.8429273356468331	0.6868686868686869	3761	1	11-20	0.878859926564922
ENSMUSG00000030688.16:B2	wild_cluster	0.9897755534771944	0.923469387755102	3723	2	11-20	0.9929284417390615
ENSMUSG00000032897.18:B1	wild_cluster	3.230012167896903e-23	0.14645858343337334	832	14	>20	0.5392853675742495
ENSMUSG00000032897.18:B2	wild_cluster	3.5506105954920663e-26	0.087248322147651	2830	7	>20	0.47479339520313996
ENSMUSG00000038615.18:B2	wild_cluster	0.2000870388483509	0.8979591836734694	48	21	11-20	0.9790370517138894
ENSMUSG00000042198.13:B2	wild_cluster	0.913314233635198	0.8744971842316975	1242	6	11-20	0.9701756857418585
ENSMUSG00000053046.17:B1	wild_cluster	0.0228539745154534	0.1896449704142012	6759	5	>20	0.5714446744492566
ENSMUSG00000053046.17:B3	wild_cluster	4.603999730903107e-05	0.26681614349775784	3121	10	>20	0.6265228001003283
ENSMUSG00000068205.15:B1	wild_cluster	0.9999847988951788	0.980101804720037	2160	4	11-20	1.0
ENSMUSG00000068205.15:B2	wild_cluster	0.0356478719242522	0.419672131147541	304	6	6-10	0.724785549063727
ENSMUSG00000001248.16:B1	wild_cluster	0.0193799058841708	0.18387573964497042	6759	5	>20	0.5693254400567805
ENSMUSG00000003402.15:B1	wild_cluster	0.9976978687361936	0.9492603550295858	6759	5	>20	1.0
ENSMUSG00000005625.16:B1	wild_cluster	0.0004555082252373	0.08607126330402591	2160	4	11-20	0.47410638896707014
ENSMUSG00000009394.14:B1	wild_cluster	0.0002795418683973	0.4156545209176788	740	11	>20	0.723551920436033
ENSMUSG00000015202.14:B1	wild_cluster	0.7584409437664614	0.6807339449541284	544	3	6-10	0.8768967091723633
ENSMUSG00000018372.14:B1	wild_cluster	1.0	1.0	6759	5	>20	1.0
ENSMUSG00000020120.16:B1	wild_cluster	0.7587203632275393	0.6385542168674698	2240	1	6-10	0.8538030671472545
ENSMUSG00000020528.15:B1	wild_cluster	9.372401819679204e-07	0.07196906003026736	5946	4	>20	0.46448996789649566
ENSMUSG00000020949.10:B1	wild_cluster	0.0904433060412559	0.19518170681910985	2448	2	>20	0.5769371147983733
ENSMUSG00000021494.10:B1	wild_cluster	0.9342774571007536	0.8131313131313131	3761	1	11-20	0.9428461173427617
ENSMUSG00000022110.14:B1	wild_cluster	0.05675514135959	0.21002185976122414	5946	4	>20	0.5882245182474101
ENSMUSG00000022568.18:B2	wild_cluster	0.6857281645902753	0.5998244844229925	4557	3	>20	0.8378145472724137
ENSMUSG00000023030.17:B1	wild_cluster	0.0329508878619308	0.1645458534444932	4557	3	>20	0.5568066738432305
ENSMUSG00000024299.18:B1	wild_cluster	0.9590650817261918	0.8148420279206466	1360	2	6-10	0.9440986302346002
ENSMUSG00000024829.13:B1	wild_cluster	0.5367042362557023	0.4740710494079216	2448	2	>20	0.7613529557680553
ENSMUSG00000025290.18:B1	wild_cluster	0.0235564559241664	0.16797778806108282	2160	4	11-20	0.5582062116269537
ENSMUSG00000025939.20:B1	wild_cluster	2.450704312111647e-10	0.199154532644434	2128	9	>20	0.580157043215822
ENSMUSG00000026494.13:B1	wild_cluster	2.871514175606812e-41	0.03663691874119305	2128	9	>20	0.42154010255574076
ENSMUSG00000026926.15:B1	wild_cluster	0.6365896482953967	0.5045649838882922	3723	2	11-20	0.7754040053459489
ENSMUSG00000027551.16:B1	wild_cluster	0.6440200661914095	0.7224611931924444	5346	6	>20	0.8984761018329069
ENSMUSG00000028063.16:B1	wild_cluster	0.8722327295010078	0.7831768068599428	2448	2	>20	0.9295448576826374
ENSMUSG00000028634.18:B1	wild_cluster	1.6440420215390155e-41	0.04895960832313342	816	18	>20	0.43963983201651363
ENSMUSG00000029108.15:B1	wild_cluster	0.0009198326063187	0.3398462524023062	3121	10	>20	0.6818174925373647
ENSMUSG00000029578.16:B1	wild_cluster	0.0010332086332146	0.06790367153572839	2532	3	11-20	0.46225881142269104
ENSMUSG00000030168.14:B1	wild_cluster	0.8980969579095246	0.8241124260355029	6759	5	>20	0.9472966303226096
ENSMUSG00000030844.12:B1	wild_cluster	0.6643353224103078	0.4472950362520915	1792	1	1-5	0.741146921004941
ENSMUSG00000031539.7:B1	wild_cluster	0.1138892600053968	0.29985207100591715	6759	5	>20	0.6522377980200131
ENSMUSG00000032020.16:B1	wild_cluster	0.1248000979009233	0.26422018348623855	544	3	6-10	0.624336979976206
ENSMUSG00000032452.13:B1	wild_cluster	0.9257098901769338	0.8411596570028583	2448	2	>20	0.9528391699379143
ENSMUSG00000033014.13:B1	wild_cluster	0.5497299522253292	0.48637978681405447	2532	3	11-20	0.7647245370559093
ENSMUSG00000033960.7:B1	wild_cluster	0.0526710776986304	0.23624260355029586	6759	5	>20	0.6076029061942615
ENSMUSG00000034675.18:B1	wild_cluster	0.0007008162202599	0.23885775286896183	3746	8	>20	0.6087620269945074
ENSMUSG00000035505.15:B1	wild_cluster	0.2644482910484995	0.22886762360446572	3761	1	11-20	0.6012607872113629
ENSMUSG00000036452.19:B1	wild_cluster	5.495340743081504e-05	0.07988165680473373	6759	5	>20	0.47174467816973154
ENSMUSG00000037286.16:B1	wild_cluster	0.0404170867147343	0.1709082931110136	4557	3	>20	0.5582700482166111
ENSMUSG00000038576.16:B1	wild_cluster	0.1987326417871089	0.31444425760887845	5946	4	>20	0.6672100166174217
ENSMUSG00000039414.11:B1	wild_cluster	0.8545895231200421	0.7314715359828142	3723	2	11-20	0.9014626714761982
ENSMUSG00000040327.17:B1	wild_cluster	0.0024924123212831	0.1261834319526627	6759	5	>20	0.5137424974381496
ENSMUSG00000041130.11:B1	wild_cluster	1.0	1.0	5946	4	>20	1.0
ENSMUSG00000042202.16:B1	wild_cluster	0.2693427633030636	0.6036829463570856	3746	8	>20	0.8388814535446126
ENSMUSG00000043733.15:B1	wild_cluster	9.705795768138764e-14	0.12427930813581038	3121	10	>20	0.5106377886801484
ENSMUSG00000046204.15:B1	wild_cluster	0.9544995751020494	0.8484848484848485	3761	1	11-20	0.956435116535493
ENSMUSG00000048897.16:B1	wild_cluster	0.9001889464190921	0.7127112417340191	1360	2	6-10	0.8910378229527454
ENSMUSG00000051527.12:B1	wild_cluster	1.0	1.0	832	14	>20	1.0
ENSMUSG00000053825.16:B1	wild_cluster	0.3272276927241256	0.5927234192864712	2830	7	>20	0.8335278321930644
ENSMUSG00000056201.9:B1	wild_cluster	0.6201876961379977	0.6210059171597633	6759	5	>20	0.8465248834055134
ENSMUSG00000058230.13:B1	wild_cluster	0.4542297973613856	0.6218440246867403	5346	6	>20	0.8465844937108241
ENSMUSG00000060279.15:B1	wild_cluster	0.0996443822137569	0.28431952662721893	6759	5	>20	0.639749446682312
ENSMUSG00000062519.14:B1	wild_cluster	0.1279510096690235	0.21927317272356064	2448	2	>20	0.5928713431872754
ENSMUSG00000066687.6:B1	wild_cluster	0.375820813596305	0.5814475406770151	5346	6	>20	0.826277239076606
ENSMUSG00000071042.13:B1	wild_cluster	0.0016726860844905	0.07351077313054499	788	2	1-5	0.46648276226674446
ENSMUSG00000078622.9:B1	wild_cluster	0.1040832522493698	0.31765749778172137	1126	5	11-20	0.6695999437050645
ENSMUSG00000089715.13:B1	wild_cluster	0.0840283102417044	0.36543856368056854	5346	6	>20	0.6935150097393806
ENSMUSG00000105245.2:B1	wild_cluster	0.0229501757246136	0.16966537750126115	5946	4	>20	0.5582700482166111
ENSMUSG00000025006.19:B1	wild_cluster	0.0156194432664535	0.2377033850757434	5346	6	>20	0.6086785722830029
ENSMUSG00000025006.19:B2	wild_cluster	0.0003899307069036	0.13615111277351785	5346	6	>20	0.5261217052794015
ENSMUSG00000025006.19:B4	wild_cluster	0.2943414338835799	0.5320740602206845	5346	6	>20	0.7902342149201455
ENSMUSG00000025006.19:B5	wild_cluster	5.770978253036614e-33	0.013652515429212643	5346	6	>20	0.4062768507212951
ENSMUSG00000025006.19:B7	wild_cluster	1.5058286681730984e-09	0.23323397913561847	2683	12	>20	0.6064640435864355
ENSMUSG00000025006.19:B9	wild_cluster	0.1542035315942349	0.43407518234524034	5346	6	>20	0.7338598867500261
ENSMUSG00000001687.16:B1	wild_cluster	0.5214601754944974	0.36443791329904485	1360	2	6-10	0.6927867568934869
ENSMUSG00000001687.16:B2	wild_cluster	0.5873813952007667	0.4114621601763409	1360	2	6-10	0.7211054582229988
ENSMUSG00000001687.16:B4	wild_cluster	0.4130516220780206	0.6146993318485523	448	4	6-10	0.8449294365555988
ENSMUSG00000018537.17:B1	wild_cluster	2.744037764191422e-23	0.11366838891498356	2128	9	>20	0.49350874423988095
ENSMUSG00000018537.17:B2	wild_cluster	5.704566676313191e-07	0.0695480473892058	4557	3	>20	0.46225881142269104
ENSMUSG00000018537.17:B3	wild_cluster	0.2187054494636345	0.4836356835608753	5346	6	>20	0.7633688691677389
ENSMUSG00000024589.19:B2	wild_cluster	0.3603060974465165	0.5713484196745838	5346	6	>20	0.8192968856869272
ENSMUSG00000024589.19:B3	wild_cluster	0.0009371623743017	0.4929210134128167	2683	12	>20	0.7690532828804467
ENSMUSG00000029461.18:B1	wild_cluster	3.096124460058922e-24	0.4896551724137931	144	27	>20	0.7674567461558822
ENSMUSG00000029461.18:B2	wild_cluster	0.001573883765912	0.3781117895725693	2128	9	>20	0.7044058430459975
ENSMUSG00000029461.18:B3	wild_cluster	0.0411552112429753	0.5157350868952559	2128	9	>20	0.7817886141156817
ENSMUSG00000036916.14:B1	wild_cluster	9.388398293599731e-39	0.04387990762124711	432	15	>20	0.4370964032340817
ENSMUSG00000036916.14:B2	wild_cluster	0.0145177896209578	0.17263313609467457	6759	5	>20	0.5586945586003444
ENSMUSG00000036916.14:B3	wild_cluster	0.0009180616032995	0.10828402366863905	6759	5	>20	0.4860396790295065
ENSMUSG00000053877.13:B1	wild_cluster	2.0455665745276843e-43	0.4186046511627907	128	30	>20	0.7244306662439823
ENSMUSG00000053877.13:B2	wild_cluster	1.849158772042123e-42	0.014734144778987828	3121	10	>20	0.4062768507212951
ENSMUSG00000053877.13:B3	wild_cluster	0.0002465532939531	0.30301089045483665	3121	10	>20	0.6537863941322541
ENSMUSG00000004383.19:B1	wild_cluster	0.0224280477987042	0.188905325443787	6759	5	>20	0.5714227083457852
ENSMUSG00000004383.19:B2	wild_cluster	2.354653661806174e-12	0.13613068545803972	3121	10	>20	0.5261217052794015
ENSMUSG00000022829.15:B1	wild_cluster	0.036266760584831	0.18648057844291238	5946	4	>20	0.5693254400567805
ENSMUSG00000022829.15:B2	wild_cluster	0.0046769470306482	0.2884974646383774	3746	8	>20	0.6437807308274174
ENSMUSG00000026490.19:B1	wild_cluster	0.0820798364798359	0.5797565663036515	3121	10	>20	0.8257229632337099
ENSMUSG00000026490.19:B2	wild_cluster	4.4044856857415295e-37	0.027226137091607944	3121	10	>20	0.4135401864624129
ENSMUSG00000028830.15:B1	wild_cluster	0.3210773162488867	0.5884846344048039	2830	7	>20	0.8302364879856718
ENSMUSG00000028830.15:B2	wild_cluster	0.1799981553209313	0.5132462027552102	2830	7	>20	0.7804678208450928
ENSMUSG00000031342.18:B1	wild_cluster	9.154446149411026e-30	0.09179926560587515	816	18	>20	0.4808925487948958
ENSMUSG00000031342.18:B2	wild_cluster	1.0200812077424118e-32	0.07343941248470012	816	18	>20	0.46648276226674446
ENSMUSG00000034413.15:B1	wild_cluster	0.4780426719640278	0.391812865497076	3761	1	11-20	0.7135019226060081
ENSMUSG00000034413.15:B2	wild_cluster	0.1066549828807085	0.16514500537056928	3723	2	11-20	0.5568066738432305
ENSMUSG00000039585.16:B1	wild_cluster	2.703207675307117e-41	0.03663691874119305	2128	9	>20	0.42154010255574076
ENSMUSG00000039585.16:B2	wild_cluster	1.0	1.0	2128	9	>20	1.0
ENSMUSG00000043531.17:B1	wild_cluster	0.923693497848088	0.8168635875402793	3723	2	11-20	0.9454654045944176
ENSMUSG00000043531.17:B3	wild_cluster	0.1399261849603354	0.2832022211938917	2160	4	11-20	0.639749446682312
ENSMUSG00000055670.15:B1	wild_cluster	0.9845701155502856	0.9085253068774172	5946	4	>20	0.9864867484876378
ENSMUSG00000055670.15:B3	wild_cluster	0.3330459279239722	0.3928030939969733	5946	4	>20	0.7135019226060081
ENSMUSG00000079084.13:B1	wild_cluster	0.0029061166944923	0.2739420935412027	448	4	6-10	0.6331283098585031
ENSMUSG00000079084.13:B3	wild_cluster	0.9928962893125948	0.9342105263157895	3723	2	11-20	0.9981074054635851
ENSMUSG00000001774.9:B1	wild_cluster	0.0093838648860315	0.1451151841264503	5946	4	>20	0.5379116859054327
ENSMUSG00000004085.15:B1	wild_cluster	0.0498232607714509	0.24242424242424243	32	5	6-10	0.6099503589996492
ENSMUSG00000006307.17:B1	wild_cluster	0.0061582576208769	0.29703763010408324	3746	8	>20	0.6505074818094451
ENSMUSG00000010175.14:B1	wild_cluster	1.090207476155341e-05	0.12459016393442623	304	6	6-10	0.5106377886801484
ENSMUSG00000016200.15:B1	wild_cluster	0.9285601974391462	0.8038277511961722	3761	1	11-20	0.9386000151736953
ENSMUSG00000019173.12:B1	wild_cluster	0.981400476104939	0.9040404040404041	3761	1	11-20	0.9835188895494055
ENSMUSG00000020189.16:B1	wild_cluster	0.0425675916294758	0.22396449704142013	6759	5	>20	0.5970614366231806
ENSMUSG00000020640.11:B1	wild_cluster	8.637203712586651e-35	0.012717411632691229	5346	6	>20	0.4062768507212951
ENSMUSG00000021096.12:B1	wild_cluster	0.9903054085211068	0.9338757396449704	6759	5	>20	0.9981074054635851
ENSMUSG00000021690.11:B1	wild_cluster	8.146524090089214e-75	0.09778142974527526	1216	1	>20	0.4808925487948958
ENSMUSG00000022272.18:B1	wild_cluster	3.5025533170791985e-21	0.1095019427764041	2830	7	>20	0.4860396790295065
ENSMUSG00000022710.18:B1	wild_cluster	0.1949875321149888	0.3636094674556213	6759	5	>20	0.6921417565485363
ENSMUSG00000023912.11:B1	wild_cluster	0.1364627691520387	0.24221149627029398	4557	3	>20	0.6099503589996492
ENSMUSG00000024472.10:B1	wild_cluster	0.3559179503461965	0.3029897367246765	2240	1	6-10	0.6537863941322541
ENSMUSG00000024955.16:B1	wild_cluster	0.3355612779104091	0.2711323763955343	3761	1	11-20	0.6291170821170656
ENSMUSG00000025427.16:B1	wild_cluster	0.0006890089673477	0.10384615384615385	6759	5	>20	0.4837151034996375
ENSMUSG00000026135.18:B1	wild_cluster	0.2621373476524206	0.26450053705692805	3723	2	11-20	0.624336979976206
ENSMUSG00000026643.17:B1	wild_cluster	0.3678366100621127	0.41735328737178407	5946	4	>20	0.7238610830859811
ENSMUSG00000027035.11:B1	wild_cluster	1.0	1.0	6759	5	>20	1.0
ENSMUSG00000027668.14:B1	wild_cluster	0.0005767718279386	0.1434449223863849	5346	6	>20	0.5378585904504516
ENSMUSG00000028218.20:B1	wild_cluster	0.9314556963310942	0.8310955961331902	3723	2	11-20	0.950268718262156
ENSMUSG00000028799.16:B1	wild_cluster	0.0622718281433482	0.18648530057042562	4557	3	>20	0.5693254400567805
ENSMUSG00000029191.17:B1	wild_cluster	0.8529438964862726	0.7856508875739645	6759	5	>20	0.9319101629211113
ENSMUSG00000029713.16:B1	wild_cluster	0.1245375735428082	0.7745803357314148	416	12	11-20	0.9242997930910971
ENSMUSG00000030306.15:B1	wild_cluster	5.919389482553166e-05	0.08693458886833698	5946	4	>20	0.47479339520313996
ENSMUSG00000031065.15:B1	wild_cluster	0.0371808596799608	0.21449704142011836	6759	5	>20	0.5892456975867133
ENSMUSG00000031681.17:B1	wild_cluster	0.3354798643228752	0.558256966523284	5346	6	>20	0.8084107974283017
ENSMUSG00000032181.8:B1	wild_cluster	0.1315848262558012	0.27072473516058515	5946	4	>20	0.6291170821170656
ENSMUSG00000032549.8:B1	wild_cluster	7.761426779042743e-39	0.02242152466367713	3121	10	>20	0.4062768507212951
ENSMUSG00000034154.16:B1	wild_cluster	1.1101718326639644e-36	0.03880914407230197	3761	1	11-20	0.42623636961560013
ENSMUSG00000034863.10:B1	wild_cluster	0.3032229805851724	0.3424747696358052	4557	3	>20	0.6840697909187786
ENSMUSG00000035725.14:B1	wild_cluster	0.7952161811169932	0.6664876476906552	3723	2	11-20	0.8702896444831928
ENSMUSG00000036617.18:B1	wild_cluster	1.5506312567151224e-22	0.3213429256594724	416	20	>20	0.6706344843151932
ENSMUSG00000037486.19:B2	wild_cluster	0.0854790180281884	0.2692307692307692	6759	5	>20	0.6282293640951883
ENSMUSG00000038174.15:B1	wild_cluster	0.9997005832640729	0.9967132292522597	1216	1	>20	1.0
ENSMUSG00000038766.17:B1	wild_cluster	1.789621371588257e-09	0.23584202682563338	2683	12	>20	0.6071073836680487
ENSMUSG00000039629.15:B2	wild_cluster	0.509183509081606	0.4798685291700904	1216	1	>20	0.7633688691677389
ENSMUSG00000041351.17:B1	wild_cluster	0.9717169415266368	0.9519538757206919	3121	10	>20	1.0
ENSMUSG00000042408.14:B1	wild_cluster	0.943955587309493	0.828548644338118	3761	1	11-20	0.9495192743758338
ENSMUSG00000044471.14:B1	wild_cluster	0.2190477799174866	0.6790518898142216	3121	10	>20	0.8762579146197554
ENSMUSG00000047146.18:B1	wild_cluster	3.519310351255636e-12	0.06972477064220184	544	3	6-10	0.46225881142269104
ENSMUSG00000052406.15:B1	wild_cluster	0.956788228160872	0.8539281484405843	2532	3	11-20	0.9599212319307069
ENSMUSG00000054434.15:B1	wild_cluster	0.9555261808930304	0.8833196384552178	1216	1	>20	0.9737108750775063
ENSMUSG00000056629.17:B1	wild_cluster	1.781959599251915e-13	0.024062933826931976	2160	4	11-20	0.4062768507212951
ENSMUSG00000058704.10:B1	wild_cluster	5.898886566061958e-10	0.15718827269516072	2830	7	>20	0.5533044874282247
ENSMUSG00000061136.17:B1	wild_cluster	0.0643314910796514	0.18780166739798157	4557	3	>20	0.5693254400567805
ENSMUSG00000063382.7:B1	wild_cluster	5.525575691989102e-11	0.20976154992548435	2683	12	>20	0.5882245182474101
ENSMUSG00000068580.12:B1	wild_cluster	0.6022857795910214	0.48272195640616694	3761	1	11-20	0.7633688691677389
ENSMUSG00000072774.11:B1	wild_cluster	3.468513773664574e-69	0.00510204081632653	3723	2	11-20	0.4062768507212951
ENSMUSG00000084890.3:B1	wild_cluster	0.5354104594108673	0.48705572619569987	4557	3	>20	0.765519356917804
ENSMUSG00000092083.5:B1	wild_cluster	0.4565358614690587	0.4111882400979992	2448	2	>20	0.7211054582229988
ENSMUSG00000113029.3:B1	wild_cluster	0.3844492498218193	0.30808080808080807	3761	1	11-20	0.6596277358908436
ENSMUSG00000023079.15:B3	wild_cluster	0.3484941499122095	0.5559131134352373	1242	6	11-20	0.8073591029909751
ENSMUSG00000023079.15:B4	wild_cluster	0.7680427446294655	0.6458744571654165	2532	3	11-20	0.8584075867682225
ENSMUSG00000037989.16:B1	wild_cluster	1.0903827018700598e-26	0.051240992794235385	3746	8	>20	0.4451962775789015
ENSMUSG00000037989.16:B3	wild_cluster	0.0072565507390397	0.3034427542033627	3746	8	>20	0.6537863941322541
ENSMUSG00000037989.16:B5	wild_cluster	4.70269387853066e-32	0.099601593625498	752	16	>20	0.4808925487948958
ENSMUSG00000037989.16:B6	wild_cluster	8.897641673319282e-64	0.009929078014184398	704	24	>20	0.4062768507212951
ENSMUSG00000012114.18:B1	wild_cluster	0.0162579661942233	0.24069571722461194	5346	6	>20	0.6099503589996492
ENSMUSG00000012114.18:B5	wild_cluster	0.8732824224010021	0.8515055171123995	5346	6	>20	0.9579170505556971
ENSMUSG00000012114.18:B6	wild_cluster	3.334039900581544e-09	0.06302599588554329	5346	6	>20	0.4608847075722556
ENSMUSG00000022791.20:B2	wild_cluster	0.0718731569098712	0.2566568047337278	6759	5	>20	0.6201734087487388
ENSMUSG00000022791.20:B3	wild_cluster	0.0249031674960023	0.4891095451633568	3121	10	>20	0.7671833777534078
ENSMUSG00000028207.19:B1	wild_cluster	0.1592388365388662	0.1783625730994152	3761	1	11-20	0.5655982902316695
ENSMUSG00000028207.19:B2	wild_cluster	0.7321432905257858	0.5861244019138756	3761	1	11-20	0.8287286161149289
ENSMUSG00000034403.17:B1	wild_cluster	1.8242874549421293e-14	0.2517985611510791	416	12	11-20	0.616175857758022
ENSMUSG00000034403.17:B2	wild_cluster	0.6647199366925045	0.5960203609440075	2160	4	11-20	0.8358799442274372
ENSMUSG00000034403.17:B3	wild_cluster	1.338110236762951e-13	0.10398613518197573	576	8	11-20	0.4837151034996375
ENSMUSG00000044042.20:B1	wild_cluster	4.826184089134836e-14	0.04544604451094071	5346	6	>20	0.4392091477032966
ENSMUSG00000044042.20:B2	wild_cluster	0.0606481715411243	0.17558187015108206	2448	2	>20	0.5626778378593723
ENSMUSG00000044042.20:B3	wild_cluster	1.0560259822166166e-10	0.05397679502270052	5946	4	>20	0.45151538778765504
ENSMUSG00000002831.15:B1	wild_cluster	0.3929168808033422	0.2877059569074778	788	2	1-5	0.6427955596735938
ENSMUSG00000018398.19:B1	wild_cluster	0.0006736590153492	0.4791356184798808	2683	12	>20	0.7633688691677389
ENSMUSG00000018398.19:B2	wild_cluster	0.0074896752902588	0.20890218814288386	5346	6	>20	0.5882245182474101
ENSMUSG00000022100.15:B1	wild_cluster	6.8045512295544835e-12	0.039420756234915526	1242	6	11-20	0.4277247270706293
ENSMUSG00000022100.15:B2	wild_cluster	0.9976273588267692	0.944729569680221	2532	3	11-20	1.0
ENSMUSG00000025856.16:B1	wild_cluster	0.1489168005650346	0.2829998318479906	5946	4	>20	0.639749446682312
ENSMUSG00000025856.16:B2	wild_cluster	0.1989559182262817	0.2596978358513679	2448	2	>20	0.6221667619436505
ENSMUSG00000028487.19:B3	wild_cluster	0.1372105589715036	0.16905901116427433	3761	1	11-20	0.5582700482166111
ENSMUSG00000030701.18:B1	wild_cluster	0.0155751985469559	0.9090909090909091	32	9	6-10	0.986781796505627
ENSMUSG00000030701.18:B2	wild_cluster	0.0091630439772897	0.3344262295081967	304	6	6-10	0.6787082352280288
ENSMUSG00000032998.17:B1	wild_cluster	1.7639666058714035e-09	0.44754316069057104	752	16	>20	0.7411762233058684
ENSMUSG00000032998.17:B2	wild_cluster	0.9745618411453314	0.9324855058911539	5346	6	>20	0.9980283279635604
ENSMUSG00000038650.16:B1	wild_cluster	0.4934678377175038	0.40171858216971	3723	2	11-20	0.718363413498134
ENSMUSG00000038650.16:B2	wild_cluster	0.0404533009916812	0.12998405103668262	3761	1	11-20	0.5162797510572757
ENSMUSG00000042331.14:B2	wild_cluster	2.8272253441003953e-34	0.75	3	29	11-20	0.9125135427952329
ENSMUSG00000053552.15:B1	wild_cluster	0.5750751651636999	0.4626745435016112	3723	2	11-20	0.7516578840539738
ENSMUSG00000053552.15:B2	wild_cluster	0.7195802651776959	0.5800214822771214	3723	2	11-20	0.8257229632337099
ENSMUSG00000068823.11:B1	wild_cluster	0.0005476633456018	0.3251121076233184	3121	10	>20	0.6745927128345012
ENSMUSG00000068823.11:B3	wild_cluster	0.0935085313206357	0.278698224852071	6759	5	>20	0.6371236016963905
ENSMUSG00000001280.14:B1	wild_cluster	0.2776979721739709	0.2341839447102605	3761	1	11-20	0.6069675258586653
ENSMUSG00000003452.16:B1	wild_cluster	1.1636253608424985e-35	0.04955290611028316	2683	12	>20	0.4398058881029874
ENSMUSG00000005813.13:B1	wild_cluster	0.0289827439604609	0.1494487545937117	2448	2	>20	0.5444637515287535
ENSMUSG00000009470.18:B1	wild_cluster	0.549933367508904	0.48305430788076764	2448	2	>20	0.7633688691677389
ENSMUSG00000015214.15:B1	wild_cluster	6.1140366059242e-06	0.1978099611444719	2830	7	>20	0.5786818005754758
ENSMUSG00000018379.18:B1	wild_cluster	0.8594659321221035	0.7208843268851165	2532	3	11-20	0.8975089790376782
ENSMUSG00000020121.16:B1	wild_cluster	0.267339554596896	0.25122713074520303	2240	1	6-10	0.6157545447481213
ENSMUSG00000020532.19:B1	wild_cluster	0.5231750784326858	0.5615384615384615	6759	5	>20	0.8110465951291573
ENSMUSG00000020950.11:B1	wild_cluster	4.649024167865825e-28	0.01272189349112426	6759	5	>20	0.4062768507212951
ENSMUSG00000021495.11:B1	wild_cluster	4.190895861395875e-15	0.13069586718474038	2830	7	>20	0.5171395197340342
ENSMUSG00000022119.16:B1	wild_cluster	0.9162310153712656	0.8108289894064235	5946	4	>20	0.9419042487834912
ENSMUSG00000023032.13:B1	wild_cluster	3.664677169660106e-05	0.2626521460602178	3121	10	>20	0.6238525613082021
ENSMUSG00000024335.21:B1	wild_cluster	0.7381544824564306	0.771834673648775	5346	6	>20	0.9228075701303743
ENSMUSG00000024843.16:B1	wild_cluster	0.0905437500990474	0.1573576799140709	3723	2	11-20	0.5533044874282247
ENSMUSG00000025314.18:B1	wild_cluster	0.635551640703762	0.6291420118343195	6759	5	>20	0.850724237555618
ENSMUSG00000025949.17:B1	wild_cluster	1.1929049994746468e-05	0.09105757452021233	2448	2	>20	0.4808925487948958
ENSMUSG00000026504.18:B1	wild_cluster	3.306593706779088e-31	0.08313762329732269	2128	9	>20	0.47174467816973154
ENSMUSG00000026932.15:B1	wild_cluster	0.5893834908556275	0.4129316678912564	1360	2	6-10	0.7217467129056513
ENSMUSG00000027577.15:B1	wild_cluster	0.4778360178569929	0.391812865497076	3761	1	11-20	0.7135019226060081
ENSMUSG00000028080.17:B2	wild_cluster	0.6005757117448488	0.9329359165424739	2683	12	>20	0.9981074054635851
ENSMUSG00000028656.15:B1	wild_cluster	0.006291663744989	0.4055459272097054	576	8	11-20	0.7195945688455408
ENSMUSG00000029120.11:B1	wild_cluster	7.064326187613453e-92	0.001683186833738545	5346	6	>20	0.4062768507212951
ENSMUSG00000029580.15:B1	wild_cluster	2.005303799306676e-07	0.28427719821162445	2683	12	>20	0.639749446682312
ENSMUSG00000030189.16:B1	wild_cluster	0.795473980024776	0.6984387838948234	1216	1	>20	0.8853733723811289
ENSMUSG00000030854.18:B1	wild_cluster	0.0001724902918977	0.0886094674556213	6759	5	>20	0.47700135517494796
ENSMUSG00000031559.16:B1	wild_cluster	0.0053532595615915	0.40614990390775146	3121	10	>20	0.7195945688455408
ENSMUSG00000032026.8:B1	wild_cluster	0.3027578242052234	0.5373106414812044	5346	6	>20	0.7947314460103952
ENSMUSG00000032468.12:B1	wild_cluster	9.283569999555066e-19	0.1366838891498356	2128	9	>20	0.5261217052794015
ENSMUSG00000033021.17:B1	wild_cluster	0.965630169528018	0.8626135017765495	2532	3	11-20	0.9634161735405918
ENSMUSG00000033981.15:B1	wild_cluster	6.982772190170135e-05	0.38191632928475033	740	11	>20	0.7071591719485154
ENSMUSG00000034681.18:B1	wild_cluster	0.0002435700858839	0.09567849335799562	5946	4	>20	0.4808925487948958
ENSMUSG00000035517.18:B1	wild_cluster	0.0771562560910936	0.19745502413339183	4557	3	>20	0.5786818005754758
ENSMUSG00000036473.17:B1	wild_cluster	1.1746667217607214e-06	0.5283018867924528	211	15	11-20	0.7883506840761763
ENSMUSG00000037306.14:B1	wild_cluster	0.9684636516312416	0.9250046755189826	5346	6	>20	0.9935304068778777
ENSMUSG00000038070.16:B1	wild_cluster	0.9644000197758896	0.898325847284606	2448	2	>20	0.9791991521481315
ENSMUSG00000038578.16:B1	wild_cluster	1.5285088062002054e-31	0.019169329073482427	5946	4	>20	0.4062768507212951
ENSMUSG00000040339.11:B1	wild_cluster	0.0008163279607523	0.10820743160473663	2448	2	>20	0.4860396790295065
ENSMUSG00000041132.12:B1	wild_cluster	0.6310192883705046	0.5574813514699429	4557	3	>20	0.8083299647524156
ENSMUSG00000042207.18:B1	wild_cluster	0.7302301942546512	0.6973372781065089	6759	5	>20	0.884869789054926
ENSMUSG00000043843.18:B1	wild_cluster	0.9870408915742064	0.916219119226638	3723	2	11-20	0.9905755149225296
ENSMUSG00000046314.17:B1	wild_cluster	5.792958169512364e-05	0.19589004536962903	3746	8	>20	0.5773871940947334
ENSMUSG00000048967.17:B1	wild_cluster	1.0	1.0	2240	1	6-10	1.0
ENSMUSG00000051590.11:B1	wild_cluster	0.5950873340293763	0.4970995091477019	2240	1	6-10	0.7699899983074059
ENSMUSG00000053841.16:B1	wild_cluster	0.6361833203209716	0.5475704369130258	2448	2	>20	0.8012135780098896
ENSMUSG00000056211.14:B1	wild_cluster	0.1122972557352891	0.6095451633568225	3121	10	>20	0.841387722762265
ENSMUSG00000058248.13:B1	wild_cluster	7.475102431677379e-22	0.10773578240904275	2830	7	>20	0.4860396790295065
ENSMUSG00000060314.14:B1	wild_cluster	0.8061724433474425	0.6523125996810207	3761	1	11-20	0.8611984685001736
ENSMUSG00000062590.14:B1	wild_cluster	2.6953042022661226e-18	0.2717258261933905	816	18	>20	0.6291713460106753
ENSMUSG00000066705.8:B1	wild_cluster	0.7237787748201556	0.6259324265028521	4557	3	>20	0.849966281696134
ENSMUSG00000071054.13:B1	wild_cluster	0.4587491528568461	0.5224852071005918	6759	5	>20	0.7841642333096752
ENSMUSG00000078676.10:B1	wild_cluster	0.6569525785352969	0.5193340494092373	3723	2	11-20	0.783360829397681
ENSMUSG00000089743.8:B1	wild_cluster	0.3849822373987324	0.4279468639650244	5946	4	>20	0.7293841138111399
ENSMUSG00000024187.16:B3	wild_cluster	1.0	1.0	3723	2	11-20	1.0
ENSMUSG00000038305.16:B2	wild_cluster	0.374097663156614	0.3835015357612988	4557	3	>20	0.7083424747696357
ENSMUSG00000038305.16:B3	wild_cluster	0.1901085652975861	0.2749012724879333	4557	3	>20	0.6331283098585031
ENSMUSG00000038305.16:B4	wild_cluster	1.2907824524593859e-24	0.025434823265382458	5346	6	>20	0.41220085156364705
ENSMUSG00000012296.17:B1	wild_cluster	0.0842421278781255	0.7102803738317757	320	9	11-20	0.8893585573077685
ENSMUSG00000012296.17:B2	wild_cluster	0.0526530486645576	0.14646664034741413	2532	3	11-20	0.5392853675742495
ENSMUSG00000012296.17:B3	wild_cluster	0.6248249178576617	0.7103781174577635	1242	6	11-20	0.8893585573077685
ENSMUSG00000022843.18:B1	wild_cluster	2.3313753286651364e-05	0.08306709265175719	5946	4	>20	0.47174467816973154
ENSMUSG00000022843.18:B2	wild_cluster	0.7142396480271247	0.6276031033074725	2448	2	>20	0.8504353363671694
ENSMUSG00000022843.18:B3	wild_cluster	0.8303188909648227	0.7394855042874643	2448	2	>20	0.9065963114790637
ENSMUSG00000028284.14:B1	wild_cluster	0.3080184588225735	0.6271684013877769	3746	8	>20	0.8502573789417937
ENSMUSG00000028284.14:B2	wild_cluster	0.6236910978675552	0.5772658483268875	5946	4	>20	0.8245081687390712
ENSMUSG00000028284.14:B3	wild_cluster	0.6236900123690127	0.5772658483268875	5946	4	>20	0.8245081687390712
ENSMUSG00000034656.19:B1	wild_cluster	5.536055354461203e-37	0.05997552019583843	816	18	>20	0.4608847075722556
ENSMUSG00000034656.19:B2	wild_cluster	3.076988362253523e-42	0.032409581963363084	2128	9	>20	0.41840536512667664
ENSMUSG00000034656.19:B3	wild_cluster	3.9411629420234496e-42	0.03287928604978863	2128	9	>20	0.41840536512667664
ENSMUSG00000045103.20:B1	wild_cluster	1.6514134381290733e-37	0.010847204039648402	5346	6	>20	0.4062768507212951
ENSMUSG00000045103.20:B2	wild_cluster	2.7290696457778108e-08	0.0673274733495418	5346	6	>20	0.46225881142269104
ENSMUSG00000045103.20:B4	wild_cluster	6.363866476225138e-15	0.1572280178837556	2683	12	>20	0.5533044874282247
ENSMUSG00000002948.20:B2	wild_cluster	5.594804191831682e-07	0.5103926096997691	432	15	>20	0.778711361057742
ENSMUSG00000018417.15:B1	wild_cluster	8.801573216605363e-06	0.3491058122205663	2683	12	>20	0.6875075072747915
ENSMUSG00000018417.15:B2	wild_cluster	0.9417776767625848	0.9178009073925807	3746	8	>20	0.9908880083592745
ENSMUSG00000022194.16:B1	wild_cluster	1.613473347149026e-13	0.3684210526315789	816	18	>20	0.6956669121756331
ENSMUSG00000022194.16:B3	wild_cluster	2.617248318700277e-19	0.6482758620689655	144	27	>20	0.8590133251958092
ENSMUSG00000025892.17:B1	wild_cluster	2.9165700962835986e-17	0.03665713805279973	5946	4	>20	0.42154010255574076
ENSMUSG00000025892.17:B2	wild_cluster	1.969992091857585e-23	0.06378436082199093	3746	8	>20	0.4608847075722556
ENSMUSG00000028496.18:B2	wild_cluster	0.0321889791534229	0.16388767003071522	4557	3	>20	0.5568066738432305
ENSMUSG00000030704.15:B1	wild_cluster	0.0100882047793026	0.7118847539015606	832	14	>20	0.89050022682423
ENSMUSG00000030704.15:B2	wild_cluster	0.6728198289908057	0.7562698693041329	2830	7	>20	0.9151843353755832
ENSMUSG00000033342.16:B1	wild_cluster	0.111746412198621	0.1651048639000446	2240	1	6-10	0.5568066738432305
ENSMUSG00000033342.16:B2	wild_cluster	0.6684594580147111	0.4922850844966936	1360	2	6-10	0.7688958969259903
ENSMUSG00000038729.25:B1	wild_cluster	3.0312269788411144e-08	0.08125502815768303	1242	6	11-20	0.47174467816973154
ENSMUSG00000038729.25:B2	wild_cluster	1.0	1.0	416	12	11-20	1.0
ENSMUSG00000042390.10:B1	wild_cluster	1.4732616033123416e-06	0.041353383458646614	3723	2	11-20	0.43199860115404787
ENSMUSG00000042390.10:B2	wild_cluster	0.3023630353749987	0.24614566719829878	3761	1	11-20	0.6142701872526434
ENSMUSG00000053617.13:B2	wild_cluster	0.5867238577105465	0.6007396449704142	6759	5	>20	0.8378341617979238
ENSMUSG00000070327.15:B2	wild_cluster	4.2622122904972126e-12	0.07064107799101674	2448	2	>20	0.46225881142269104
ENSMUSG00000001366.15:B1	wild_cluster	0.5731705581904376	0.5504587155963303	544	3	6-10	0.8018064895423662
ENSMUSG00000005871.16:B1	wild_cluster	1.29886486598738e-33	0.07139502113668389	2128	9	>20	0.4632308819293853
ENSMUSG00000009545.15:B1	wild_cluster	2.0485817272833203e-155	0.027937551355792935	1216	1	>20	0.4135401864624129
ENSMUSG00000015357.11:B1	wild_cluster	8.060662342370865e-08	0.06625189171010594	5946	4	>20	0.4608847075722556
ENSMUSG00000018395.20:B1	wild_cluster	0.1103214688542641	0.3962969889657752	5346	6	>20	0.7160851061804091
ENSMUSG00000020122.17:B1	wild_cluster	0.831328298464262	0.7398938342180482	2448	2	>20	0.9067098665935569
ENSMUSG00000020564.18:B1	wild_cluster	4.857253351542636e-19	0.22841965471447542	752	16	>20	0.601057876289359
ENSMUSG00000020952.11:B1	wild_cluster	0.685009914564554	0.5993856954804739	4557	3	>20	0.8377447693831538
ENSMUSG00000021496.13:B1	wild_cluster	0.8655295503546425	0.781651376146789	544	3	6-10	0.9283918513091952
ENSMUSG00000022132.16:B1	wild_cluster	0.545485902890711	0.44399821508255244	2240	1	6-10	0.7381347084199946
ENSMUSG00000022602.15:B1	wild_cluster	5.634740317600388e-40	0.008976996446605573	5346	6	>20	0.4062768507212951
ENSMUSG00000023033.15:B1	wild_cluster	6.920632061812529e-62	0.09302325581395349	128	30	>20	0.4808925487948958
ENSMUSG00000024347.17:B1	wild_cluster	0.2383530205063523	0.33882629897427274	5946	4	>20	0.6813258889408138
ENSMUSG00000024851.15:B1	wild_cluster	0.0001828847845523	0.12418178417804376	5346	6	>20	0.5106377886801484
ENSMUSG00000025323.11:B1	wild_cluster	0.9527955084784	0.8522980812137438	2240	1	6-10	0.9585685981001846
ENSMUSG00000026005.16:B1	wild_cluster	1.0	1.0	4557	3	>20	1.0
ENSMUSG00000026553.18:B1	wild_cluster	0.0146326290127493	0.1727810650887574	6759	5	>20	0.5587707302942392
ENSMUSG00000026933.18:B1	wild_cluster	1.1142769084652848e-11	0.030303030303030304	32	7	11-20	0.4135401864624129
ENSMUSG00000027582.17:B1	wild_cluster	0.5606411200264565	0.5010969723562966	4557	3	>20	0.772718022596802
ENSMUSG00000028104.15:B1	wild_cluster	0.9864122800133752	0.9416088199265006	2448	2	>20	1.0
ENSMUSG00000028657.15:B1	wild_cluster	0.0004880787610292	0.32062780269058294	3121	10	>20	0.6705559934287368
ENSMUSG00000029121.17:B1	wild_cluster	0.6700962205423329	0.7947691486522551	3746	8	>20	0.9348266603157711
ENSMUSG00000029581.15:B1	wild_cluster	9.176864623418648e-05	0.15285599356395815	1242	6	11-20	0.5488642071057555
ENSMUSG00000030207.16:B1	wild_cluster	0.1545251325050907	0.3341715976331361	6759	5	>20	0.6787082352280288
ENSMUSG00000030861.16:B1	wild_cluster	8.14394991911412e-21	0.07232452628769682	3746	8	>20	0.4646362487070452
ENSMUSG00000031561.17:B1	wild_cluster	2.492446661244694e-37	0.0744297719087635	832	14	>20	0.46652275045909
ENSMUSG00000032030.18:B1	wild_cluster	0.6727037295808574	0.5396065922381712	3761	1	11-20	0.7954554175859652
ENSMUSG00000033060.17:B1	wild_cluster	0.8689984049247305	0.7691272910711283	5946	4	>20	0.921756949260241
ENSMUSG00000034007.11:B1	wild_cluster	0.3577867971494397	0.6527888977848946	3746	8	>20	0.8611984685001736
ENSMUSG00000034723.12:B1	wild_cluster	0.9031645145796278	0.8297337278106509	6759	5	>20	0.950268718262156
ENSMUSG00000035521.14:B1	wild_cluster	0.8115739530121676	0.6552365762892078	3761	1	11-20	0.8626385406480427
ENSMUSG00000036502.15:B2	wild_cluster	0.0929138922152452	0.19518170681910985	2448	2	>20	0.5769371147983733
ENSMUSG00000037325.11:B1	wild_cluster	0.0238899511315143	0.17134689759542626	5946	4	>20	0.5586945586003444
ENSMUSG00000038084.17:B1	wild_cluster	0.1396320527180832	0.5164131305044035	3746	8	>20	0.7817886141156817
ENSMUSG00000038582.16:B1	wild_cluster	0.084845292634235	0.20491443615620886	4557	3	>20	0.5882245182474101
ENSMUSG00000039456.11:B1	wild_cluster	6.8982702048788e-40	0.022378236068451074	4557	3	>20	0.4062768507212951
ENSMUSG00000040387.17:B1	wild_cluster	0.6860154490551893	0.5756358768406962	2240	1	6-10	0.8237516275146247
ENSMUSG00000041180.14:B1	wild_cluster	0.0278117216297251	0.2691228726388629	5346	6	>20	0.6282293640951883
ENSMUSG00000042216.14:B1	wild_cluster	4.908435982097445e-12	0.11075527088337336	3746	8	>20	0.48680301057545317
ENSMUSG00000043962.17:B1	wild_cluster	3.88685653673211e-38	0.04931892907468295	2128	9	>20	0.43963983201651363
ENSMUSG00000046613.20:B1	wild_cluster	1.4576710229311363e-31	0.04695794201714986	2448	2	>20	0.43963983201651363
ENSMUSG00000048978.15:B1	wild_cluster	0.5714076513136916	0.5005921831819976	2532	3	11-20	0.7722047001557464
ENSMUSG00000051674.16:B1	wild_cluster	0.3540694519208435	0.728511038046031	2128	9	>20	0.9008265208451066
ENSMUSG00000053963.8:B1	wild_cluster	6.199795572244668e-31	0.09963985594237695	832	14	>20	0.4808925487948958
ENSMUSG00000056216.10:B1	wild_cluster	0.8598854319301079	0.7363050483351236	3723	2	11-20	0.9039306578631798
ENSMUSG00000058254.13:B1	wild_cluster	3.347243068991584e-11	0.037130177514792896	6759	5	>20	0.42154010255574076
ENSMUSG00000060371.13:B1	wild_cluster	0.6417762455496839	0.937779433681073	2683	12	>20	0.9984605868915336
ENSMUSG00000062761.8:B1	wild_cluster	4.1171856727944073e-23	0.05716619028174765	2448	2	>20	0.4577371243237263
ENSMUSG00000066735.9:B1	wild_cluster	0.522960378672783	0.6648587993267253	5346	6	>20	0.8698970985640041
ENSMUSG00000071176.11:B1	wild_cluster	0.96214753648061	0.8912721893491125	6759	5	>20	0.9767247315335968
ENSMUSG00000078716.11:B1	wild_cluster	0.3537445984841705	0.29808121374386437	2240	1	6-10	0.6507365107036354
ENSMUSG00000089809.10:B1	wild_cluster	0.2629237985629328	0.3504287876240121	5946	4	>20	0.6875075072747915
ENSMUSG00000108854.2:B1	wild_cluster	0.9999999999519832	0.9408812046848857	1792	1	1-5	1.0
ENSMUSG00000025272.17:B2	wild_cluster	0.0154878525516181	0.34369480748851994	2830	7	>20	0.6843426751943402
ENSMUSG00000038346.19:B1	wild_cluster	1.0393273069145468e-05	0.053231939163498096	788	2	1-5	0.44899839971852634
ENSMUSG00000038346.19:B2	wild_cluster	0.3406552098862353	0.27804359383306754	3761	1	11-20	0.6367097920142326
ENSMUSG00000038346.19:B3	wild_cluster	0.2152101804062699	0.2060074428495481	3761	1	11-20	0.5882245182474101
ENSMUSG00000038346.19:B4	wild_cluster	0.4161040752707515	0.36010709504685406	2240	1	6-10	0.6918738541276598
ENSMUSG00000014599.11:B2	wild_cluster	0.9438773580794484	0.8438197233377956	2240	1	6-10	0.9538554824210502
ENSMUSG00000028689.15:B2	wild_cluster	0.9999984429126024	0.8583379810373676	1792	1	1-5	0.9619205843455998
ENSMUSG00000028689.15:B4	wild_cluster	0.8548550832407972	0.6349809885931559	788	2	1-5	0.8527158746668031
ENSMUSG00000034729.17:B1	wild_cluster	1.802991544898076e-69	0.02631578947368421	3761	1	11-20	0.4135401864624129
ENSMUSG00000034729.17:B2	wild_cluster	0.6657034587987359	0.5319548872180451	3723	2	11-20	0.7902342149201455
ENSMUSG00000047495.16:B1	wild_cluster	0.0019147786933336	0.16887974565176733	5346	6	>20	0.5582700482166111
ENSMUSG00000047495.16:B2	wild_cluster	0.0321887565442206	0.2779128483261642	5346	6	>20	0.6367097920142326
ENSMUSG00000047495.16:B3	wild_cluster	0.0003212968155858	0.45305514157973176	2683	12	>20	0.7438317602252028
ENSMUSG00000002968.10:B1	wild_cluster	0.0001768703233075	0.29724535554131964	3121	10	>20	0.6505074818094451
ENSMUSG00000002968.10:B2	wild_cluster	0.2828052822946588	0.42011834319526625	6759	5	>20	0.7248600679617999
ENSMUSG00000018428.16:B1	wild_cluster	0.0735004756715432	0.14180749448934607	1360	2	6-10	0.534844051424133
ENSMUSG00000018428.16:B2	wild_cluster	0.0469372119005969	0.12896028558679162	2240	1	6-10	0.5152102084198062
ENSMUSG00000022212.16:B1	wild_cluster	1.3380502335552148e-26	0.12244897959183673	832	14	>20	0.5088259170458193
ENSMUSG00000022212.16:B2	wild_cluster	0.9988353616737746	0.9519604380077711	2830	7	>20	1.0
ENSMUSG00000025915.15:B1	wild_cluster	0.0800752660014277	0.8568129330254042	432	15	>20	0.9612396841034254
ENSMUSG00000025915.15:B2	wild_cluster	0.9439506446381656	0.9385009609224856	3121	10	>20	0.9989920181193852
ENSMUSG00000028528.18:B1	wild_cluster	1.0	1.0	80	36	>20	1.0
ENSMUSG00000028528.18:B2	wild_cluster	2.9612110611357417e-19	0.25703794369645044	816	18	>20	0.6202669728154842
ENSMUSG00000030733.11:B1	wild_cluster	1.0	1.0	32	8	1-5	1.0
ENSMUSG00000030733.11:B2	wild_cluster	0.3914077086826961	0.580852775543041	1242	6	11-20	0.8259546273312252
ENSMUSG00000033411.17:B1	wild_cluster	0.98188251119499	0.8662747979426892	1360	2	6-10	0.9659514374231316
ENSMUSG00000033411.17:B3	wild_cluster	0.7766607175387872	0.6639892904953146	2240	1	6-10	0.8698970985640041
ENSMUSG00000038784.14:B1	wild_cluster	0.2312443420722912	0.49373480456330654	5346	6	>20	0.7690532828804467
ENSMUSG00000038784.14:B2	wild_cluster	0.1369967575188501	0.24221149627029398	4557	3	>20	0.6099503589996492
ENSMUSG00000042439.14:B1	wild_cluster	0.5147082329668133	0.5031108121742055	5946	4	>20	0.7736986539837492
ENSMUSG00000042439.14:B2	wild_cluster	0.6978199189252656	0.6084115965700286	2448	2	>20	0.8411772520137177
ENSMUSG00000054008.10:B1	wild_cluster	0.6502873664863094	0.7914230019493177	512	10	11-20	0.9346886506019608
ENSMUSG00000054008.10:B2	wild_cluster	0.7032338776805553	0.6388642413487134	1126	5	11-20	0.8538030671472545
ENSMUSG00000071064.16:B1	wild_cluster	7.990963956231658e-05	0.08195266272189348	6759	5	>20	0.47174467816973154
ENSMUSG00000071064.16:B2	wild_cluster	1.2240356754393172e-25	0.10854503464203233	432	15	>20	0.4860396790295065
ENSMUSG00000001424.15:B1	wild_cluster	0.7419195808255006	0.6087540279269602	3723	2	11-20	0.841387722762265
ENSMUSG00000003731.14:B1	wild_cluster	9.822317727228356e-05	0.07522594364699628	3761	1	11-20	0.46652275045909
ENSMUSG00000005881.14:B1	wild_cluster	0.760838487052713	0.6594997806055287	4557	3	>20	0.8667270375892437
ENSMUSG00000009569.15:B1	wild_cluster	5.7708532091100676e-15	0.3329253365973072	816	18	>20	0.6787082352280288
ENSMUSG00000015501.11:B1	wild_cluster	1.7481176758632448e-07	0.28879892037786775	740	11	>20	0.644133441081123
ENSMUSG00000018401.18:B1	wild_cluster	0.7703245625196781	0.6838742222969565	5946	4	>20	0.8781111384326008
ENSMUSG00000020124.11:B1	wild_cluster	9.526624456832186e-44	0.012491992312620116	3121	10	>20	0.4062768507212951
ENSMUSG00000020571.14:B1	wild_cluster	0.032454157055332	0.16410706450197454	4557	3	>20	0.5568066738432305
ENSMUSG00000020962.15:B1	wild_cluster	0.0583491024504426	0.21153522784597276	5946	4	>20	0.5885104433117202
ENSMUSG00000021500.18:B3	wild_cluster	0.9946551783215068	0.9488022545796149	2128	9	>20	1.0
ENSMUSG00000022139.18:B1	wild_cluster	0.0552003009201064	0.41116213352172376	2830	7	>20	0.7211054582229988
ENSMUSG00000022604.19:B1	wild_cluster	2.7659977845064104e-27	0.02877697841726619	416	12	11-20	0.4135401864624129
ENSMUSG00000023034.8:B1	wild_cluster	6.7035122961705844e-12	0.03461538461538462	6759	5	>20	0.42154010255574076
ENSMUSG00000024384.5:B1	wild_cluster	0.0568427586834718	0.1845107503290917	4557	3	>20	0.5693254400567805
ENSMUSG00000024858.15:B1	wild_cluster	0.4634429627764438	0.4780194354465525	2160	4	11-20	0.7633688691677389
ENSMUSG00000025326.13:B1	wild_cluster	0.0404665942881321	0.5138562705495537	2128	9	>20	0.7808668360313246
ENSMUSG00000026020.10:B1	wild_cluster	0.0250904349744262	0.109828141783029	3723	2	11-20	0.4860396790295065
ENSMUSG00000026554.16:B1	wild_cluster	8.388522898092589e-11	0.149583600256246	3121	10	>20	0.5445133973671451
ENSMUSG00000026959.14:B3	wild_cluster	1.35312801748615e-05	0.20381490639350053	2830	7	>20	0.5868824099484643
ENSMUSG00000027589.15:B1	wild_cluster	0.1003012083632659	0.2161035541904344	4557	3	>20	0.5893176173056948
ENSMUSG00000028106.14:B1	wild_cluster	0.0334783488879011	0.3790180148357471	2830	7	>20	0.7044058430459975
ENSMUSG00000028664.15:B1	wild_cluster	0.6677290683505961	0.45119910764082544	1792	1	1-5	0.7428045572611157
ENSMUSG00000029131.15:B1	wild_cluster	0.6054326194843562	0.7294242317202402	2830	7	>20	0.9013957768603353
ENSMUSG00000029587.17:B1	wild_cluster	0.911685310663194	0.7743221690590112	3761	1	11-20	0.9242997930910971
ENSMUSG00000030231.12:B1	wild_cluster	4.313822570212178e-30	0.06958671847403744	2830	7	>20	0.46225881142269104
ENSMUSG00000030898.16:B1	wild_cluster	0.7955258939619637	0.7041906327033689	1216	1	>20	0.8867992710590356
ENSMUSG00000031592.11:B1	wild_cluster	1.0417346983162536e-29	0.04190018681611956	3746	8	>20	0.4346781505265798
ENSMUSG00000032050.19:B1	wild_cluster	9.264102341046552e-07	0.31110283159463487	2683	12	>20	0.6638830971606174
ENSMUSG00000032479.16:B1	wild_cluster	2.0664224183000732e-22	0.20807833537331702	816	18	>20	0.5882245182474101
ENSMUSG00000033065.15:B1	wild_cluster	0.0014462875900345	0.35490070467648943	3121	10	>20	0.6916329567925339
ENSMUSG00000034021.16:B1	wild_cluster	0.2347783235163317	0.8390461997019374	2683	12	>20	0.9515860898791374
ENSMUSG00000034751.18:B1	wild_cluster	4.852016158812773e-83	0.012345679012345678	80	36	>20	0.4062768507212951
ENSMUSG00000035545.14:B1	wild_cluster	1.1567498729512524e-40	0.04723346828609987	740	11	>20	0.43963983201651363
ENSMUSG00000036503.14:B1	wild_cluster	0.3026263144118619	0.4823529411764706	84	4	1-5	0.7633688691677389
ENSMUSG00000037331.16:B1	wild_cluster	0.0465448499320836	0.19959643517740036	5946	4	>20	0.580691183171556
ENSMUSG00000038095.16:B1	wild_cluster	1.0943346080200221e-07	0.14464905257539365	3746	8	>20	0.5379116859054327
ENSMUSG00000039473.9:B1	wild_cluster	0.0497029781093963	0.1792452830188679	4557	3	>20	0.5659442343066245
ENSMUSG00000040390.14:B1	wild_cluster	1.0	1.0	512	10	11-20	1.0
ENSMUSG00000041215.17:B1	wild_cluster	8.49735190157289e-10	0.05969396334286195	5946	4	>20	0.4608847075722556
ENSMUSG00000042228.15:B1	wild_cluster	0.0221190067525773	0.10664881749219099	2240	1	6-10	0.4860396790295065
ENSMUSG00000043987.19:B1	wild_cluster	0.2519408932739306	0.3121983326020184	4557	3	>20	0.6649572830954322
ENSMUSG00000046658.17:B1	wild_cluster	0.9425677957599116	0.8424810352521196	2240	1	6-10	0.9532556197361514
ENSMUSG00000049100.16:B1	wild_cluster	0.0158616053287603	0.7430972388955582	832	14	>20	0.9090394327665707
ENSMUSG00000051675.14:B1	wild_cluster	0.7652349891886043	0.6806793341180427	5946	4	>20	0.8768967091723633
ENSMUSG00000054006.15:B1	wild_cluster	0.923328309788686	0.8134761267291388	2240	1	6-10	0.9430025190367204
ENSMUSG00000056267.15:B1	wild_cluster	0.0687633775611794	0.19087318999561212	4557	3	>20	0.5723647326170157
ENSMUSG00000058297.17:B1	wild_cluster	0.2263161051308936	0.8110661268556005	740	11	>20	0.9419042487834912
ENSMUSG00000060534.17:B1	wild_cluster	0.1430447178221918	0.2139755230951441	2532	3	11-20	0.5892456975867133
ENSMUSG00000062762.18:B1	wild_cluster	0.3292078595529929	0.3364638628011433	2448	2	>20	0.6796392655758321
ENSMUSG00000071324.12:B1	wild_cluster	5.533157883314954e-06	0.07617286026568018	5946	4	>20	0.46806602920037493
ENSMUSG00000078816.11:B1	wild_cluster	0.0605379851504504	0.41540091840339105	2830	7	>20	0.723551920436033
ENSMUSG00000089824.11:B1	wild_cluster	0.9853219928441194	0.9235207100591716	6759	5	>20	0.9929284417390615
ENSMUSG00000109160.2:B1	wild_cluster	6.099530796555155e-154	0.011841567986933442	2448	2	>20	0.4062768507212951
ENSMUSG00000026150.15:B1	wild_cluster	0.0001337601138093	0.05527043031977892	2532	3	11-20	0.452113975360941
ENSMUSG00000026150.15:B2	wild_cluster	0.9311376463467942	0.8086124401913876	3761	1	11-20	0.9414948370502108
ENSMUSG00000026150.15:B3	wild_cluster	0.994933781191582	0.9417293233082706	3723	2	11-20	1.0
ENSMUSG00000026150.15:B4	wild_cluster	0.8099961844896879	0.6828678839957035	3723	2	11-20	0.8781111384326008
ENSMUSG00000038677.15:B1	wild_cluster	0.0271544028315407	0.12147793726741095	3761	1	11-20	0.5076082736792651
ENSMUSG00000038677.15:B3	wild_cluster	0.8613217171622126	0.7102604997341839	3761	1	11-20	0.8893585573077685
ENSMUSG00000038677.15:B4	wild_cluster	0.0317062798671023	0.12280701754385964	3761	1	11-20	0.5093713045309488
ENSMUSG00000038677.15:B5	wild_cluster	0.0821186213829442	0.15467239527389903	3723	2	11-20	0.5505454830192983
ENSMUSG00000014602.16:B1	wild_cluster	9.153062475561765e-22	0.4595744680851064	704	24	>20	0.7499622094925242
ENSMUSG00000014602.16:B2	wild_cluster	0.0047208171259031	0.5603576751117735	2683	12	>20	0.8104078160341552
ENSMUSG00000014602.16:B4	wild_cluster	1.4327331591999982e-08	0.25447093889716843	2683	12	>20	0.6185516545054549
ENSMUSG00000023328.15:B1	wild_cluster	1.6100044685619752e-05	0.060836501901140684	788	2	1-5	0.4608847075722556
ENSMUSG00000023328.15:B2	wild_cluster	0.6802812564633876	0.4617958728388176	1792	1	1-5	0.7505018309667036
ENSMUSG00000023328.15:B3	wild_cluster	0.0025129020096444	0.1271611823759063	1792	1	1-5	0.5147765723648514
ENSMUSG00000028760.17:B1	wild_cluster	5.775081487862344e-05	0.31705025833724754	2128	9	>20	0.6694000889983547
ENSMUSG00000028760.17:B2	wild_cluster	0.0004442046100477	0.3485204321277595	2128	9	>20	0.6875075072747915
ENSMUSG00000028760.17:B3	wild_cluster	3.5271351990641446e-38	0.2	144	27	>20	0.5814886731391586
ENSMUSG00000035168.17:B1	wild_cluster	1.1698669558360237e-21	0.33573141486810554	416	20	>20	0.6793268088232117
ENSMUSG00000035168.17:B2	wild_cluster	0.0090575305377477	0.4336963484945548	3121	10	>20	0.7338598867500261
ENSMUSG00000035168.17:B3	wild_cluster	0.0744034957049233	0.5714285714285714	3121	10	>20	0.8192968856869272
ENSMUSG00000049281.17:B1	wild_cluster	0.0271222242393557	0.6386292834890965	320	9	11-20	0.8538030671472545
ENSMUSG00000049281.17:B2	wild_cluster	0.0142978526373317	0.09988156336360048	2532	3	11-20	0.4808925487948958
ENSMUSG00000049281.17:B3	wild_cluster	0.8383815931546142	0.7011448874851954	2532	3	11-20	0.8867992710590356
ENSMUSG00000002985.17:B1	wild_cluster	1.0216485211256551e-25	0.14687882496940025	816	18	>20	0.539851114066609
ENSMUSG00000002985.17:B2	wild_cluster	5.431497691802539e-29	0.09253170502583373	2128	9	>20	0.4808925487948958
ENSMUSG00000019467.16:B1	wild_cluster	0.7608822226731815	0.640742202921437	2532	3	11-20	0.8545100124047492
ENSMUSG00000022246.15:B1	wild_cluster	0.5464430407068652	0.48019599836668025	2448	2	>20	0.7633688691677389
ENSMUSG00000022246.15:B2	wild_cluster	0.0480270212230182	0.23664749383730485	1216	1	>20	0.6081353216917468
ENSMUSG00000025969.16:B1	wild_cluster	0.1966231645077217	0.37888198757763975	1126	5	11-20	0.7044058430459975
ENSMUSG00000025969.16:B2	wild_cluster	1.322331133803616e-19	0.3113207547169811	211	15	11-20	0.6639478272410818
ENSMUSG00000028546.18:B2	wild_cluster	0.0184776667080284	0.16277114511518412	5946	4	>20	0.5568066738432305
ENSMUSG00000030779.17:B1	wild_cluster	8.110711845048358e-07	0.7482014388489209	416	20	>20	0.9112073250910024
ENSMUSG00000030779.17:B2	wild_cluster	0.0358978584416468	0.5121716848174247	3121	10	>20	0.7798899010847022
ENSMUSG00000033419.17:B1	wild_cluster	0.0516046911204413	0.4083362769339456	2830	7	>20	0.7195945688455408
ENSMUSG00000033419.17:B4	wild_cluster	6.064648146840536e-31	0.06464146944542565	2830	7	>20	0.4608847075722556
ENSMUSG00000038860.16:B1	wild_cluster	0.0049107232265756	0.11964066966108616	2448	2	>20	0.5022671851566346
ENSMUSG00000038860.16:B2	wild_cluster	2.6104310629694727e-28	0.16023007395234182	1216	1	>20	0.5555320725532211
ENSMUSG00000042472.12:B1	wild_cluster	2.0954705692251505e-19	0.11997019374068554	2683	12	>20	0.502710923771604
ENSMUSG00000042472.12:B2	wild_cluster	0.2206569205513736	0.5761942887643449	3746	8	>20	0.8242881353915404
ENSMUSG00000054162.16:B1	wild_cluster	0.6900783065809888	0.780327868852459	304	6	6-10	0.9271429497100078
ENSMUSG00000054162.16:B2	wild_cluster	1.0	1.0	544	3	6-10	1.0
ENSMUSG00000071847.14:B1	wild_cluster	0.6766409509199994	0.45733407696597883	1792	1	1-5	0.7478502634623869
ENSMUSG00000071847.14:B2	wild_cluster	1.0	1.0	788	2	1-5	1.0
ENSMUSG00000001441.14:B1	wild_cluster	0.9999999999999865	0.9833551524219188	5346	6	>20	1.0
ENSMUSG00000003762.14:B1	wild_cluster	0.0699741195020124	0.22212880443921304	5946	4	>20	0.5952428278009673
ENSMUSG00000005893.15:B1	wild_cluster	9.92280106081965e-24	0.018160284247927358	2532	3	11-20	0.4062768507212951
ENSMUSG00000009575.15:B1	wild_cluster	5.4681161339130544e-21	0.11177347242921014	2683	12	>20	0.4884109320544863
ENSMUSG00000015597.18:B1	wild_cluster	1.5372429187867665e-11	0.11422471310381639	3746	8	>20	0.4947843626520176
ENSMUSG00000018411.18:B1	wild_cluster	0.0891343771199625	0.372358331774827	5346	6	>20	0.6986773710662167
ENSMUSG00000020132.11:B1	wild_cluster	0.9977552430435372	0.94551874894905	5946	4	>20	1.0
ENSMUSG00000020589.18:B1	wild_cluster	1.0	1.0	3121	10	>20	1.0
ENSMUSG00000020992.6:B1	wild_cluster	0.1622058832789368	0.44230409575462876	5346	6	>20	0.7380557778031775
ENSMUSG00000021514.19:B1	wild_cluster	0.5071614327938043	0.46774901272487934	4557	3	>20	0.7552582908555564
ENSMUSG00000022142.9:B1	wild_cluster	0.7812636381299932	0.6514500537056928	3723	2	11-20	0.8611870633449005
ENSMUSG00000022607.19:B1	wild_cluster	0.1797508463203287	0.24785626786443446	2448	2	>20	0.6157545447481213
ENSMUSG00000023150.15:B1	wild_cluster	3.652892271713143e-33	0.028521281263712155	4557	3	>20	0.4135401864624129
ENSMUSG00000024393.15:B1	wild_cluster	3.990488862808837e-34	0.08771929824561403	740	11	>20	0.47479339520313996
ENSMUSG00000024867.15:B1	wild_cluster	9.006839235200568e-19	0.019674556213017752	6759	5	>20	0.4062768507212951
ENSMUSG00000025332.15:B1	wild_cluster	3.0717943895034364e-06	0.07482764419034807	5946	4	>20	0.46652275045909
ENSMUSG00000026027.14:B1	wild_cluster	3.3129179507759976e-11	0.054629223343571745	4557	3	>20	0.452113975360941
ENSMUSG00000026575.16:B1	wild_cluster	0.0033971141295094	0.12544139902471835	5946	4	>20	0.5122570585627588
ENSMUSG00000026970.17:B1	wild_cluster	0.0111629716007663	0.09593367548361627	2532	3	11-20	0.4808925487948958
ENSMUSG00000027598.17:B1	wild_cluster	0.959801185105114	0.8874260355029586	6759	5	>20	0.9755122731311674
ENSMUSG00000028127.11:B1	wild_cluster	0.0725424291147708	0.22720962517353077	2160	4	11-20	0.600577863032669
ENSMUSG00000028683.15:B1	wild_cluster	5.880664354202984e-21	0.01819526627218935	6759	5	>20	0.4062768507212951
ENSMUSG00000029148.16:B1	wild_cluster	0.6199293683380758	0.4946836788942052	3761	1	11-20	0.7690532828804467
ENSMUSG00000029608.11:B1	wild_cluster	0.0459052175398924	0.40832666132906326	3746	8	>20	0.7195945688455408
ENSMUSG00000030232.19:B1	wild_cluster	8.13454968770397e-10	0.381294964028777	416	12	11-20	0.7068827810223963
ENSMUSG00000030930.15:B1	wild_cluster	0.4931888437455229	0.4011164274322169	3761	1	11-20	0.7182190521974527
ENSMUSG00000031600.12:B1	wild_cluster	1.8859573915145928e-17	0.1229247615683504	2830	7	>20	0.5093893256134963
ENSMUSG00000032482.10:B2	wild_cluster	0.6177729774817583	0.6199704142011835	6759	5	>20	0.8465248834055134
ENSMUSG00000033066.18:B1	wild_cluster	9.043014430177363e-37	0.17872340425531916	704	24	>20	0.5657685214340336
ENSMUSG00000034022.9:B1	wild_cluster	0.9924058714006638	0.9372674109516215	3761	1	11-20	0.9984605868915336
ENSMUSG00000034771.16:B1	wild_cluster	0.9315289171782004	0.8489179256839526	2448	2	>20	0.9566832218194469
ENSMUSG00000035614.12:B1	wild_cluster	8.076105364494124e-43	0.004289940828402367	6759	5	>20	0.4062768507212951
ENSMUSG00000036529.18:B1	wild_cluster	0.0002800844103244	0.23101377605086543	2830	7	>20	0.6029714596284065
ENSMUSG00000037348.16:B1	wild_cluster	0.7661374611783367	0.6166932482721956	3761	1	11-20	0.8459953694664747
ENSMUSG00000038102.16:B1	wild_cluster	0.52200167887903	0.5096687405414495	5946	4	>20	0.778598029491237
ENSMUSG00000038594.10:B1	wild_cluster	0.988144122746386	0.8008923591745678	1792	1	1-5	0.9376823398352111
ENSMUSG00000039474.14:B1	wild_cluster	0.8382624658047891	0.7011448874851954	2532	3	11-20	0.8867992710590356
ENSMUSG00000040412.18:B1	wild_cluster	1.088898824970145e-23	0.05634953042057983	2448	2	>20	0.4544382237867946
ENSMUSG00000041216.16:B1	wild_cluster	1.348601318509612e-16	0.12645708230307312	2830	7	>20	0.5140667292769858
ENSMUSG00000042249.12:B1	wild_cluster	0.1968177677803192	0.4669908359827941	5346	6	>20	0.7545765594369465
ENSMUSG00000044033.17:B1	wild_cluster	7.35619274322707e-06	0.047058823529411764	84	4	1-5	0.43963983201651363
ENSMUSG00000046699.15:B1	wild_cluster	0.1001809278278808	0.26787181594083814	1216	1	>20	0.6272006702055247
ENSMUSG00000049122.18:B1	wild_cluster	0.8931835988047171	0.7931110136024572	4557	3	>20	0.9346886506019608
ENSMUSG00000051768.10:B1	wild_cluster	1.97427571524354e-62	0.10599835661462613	1216	1	>20	0.48437906196632813
ENSMUSG00000054013.7:B1	wild_cluster	7.60922187951332e-55	0.007585899152164213	2240	1	6-10	0.4062768507212951
ENSMUSG00000056268.16:B1	wild_cluster	0.5360787095601144	0.7923907937999061	2128	9	>20	0.9346886506019608
ENSMUSG00000058301.9:B1	wild_cluster	0.9991041964248	0.95274928535396	5946	4	>20	1.0
ENSMUSG00000060548.14:B1	wild_cluster	0.2791946390220354	0.23512123438648053	1360	2	6-10	0.6069675258586653
ENSMUSG00000062825.16:B1	wild_cluster	0.4475280850977097	0.5146406388642414	1126	5	11-20	0.7816720007935136
ENSMUSG00000071337.12:B1	wild_cluster	4.027937604457865e-30	0.06958671847403744	2830	7	>20	0.46225881142269104
ENSMUSG00000078886.13:B1	wild_cluster	0.9213665053117548	0.8366680277664352	2448	2	>20	0.950268718262156
ENSMUSG00000089982.8:B1	wild_cluster	0.3557846685087487	0.28495481127060074	3761	1	11-20	0.6400085061137692
ENSMUSG00000109321.2:B1	wild_cluster	0.052135803510813	0.18187801667397982	4557	3	>20	0.5683806404358454
ENSMUSG00000026632.18:B1	wild_cluster	0.0009249004478196	0.10761728602656802	5946	4	>20	0.4860396790295065
ENSMUSG00000026632.18:B2	wild_cluster	0.5988042533950211	0.7651454496930878	3746	8	>20	0.9206736993867843
ENSMUSG00000026632.18:B3	wild_cluster	0.2020055284433549	0.31663023373129306	5946	4	>20	0.6694000889983547
ENSMUSG00000026632.18:B4	wild_cluster	0.0013463885950435	0.11282999831847991	5946	4	>20	0.4920702450937978
ENSMUSG00000039205.17:B1	wild_cluster	0.000504372057118	0.3536871770784406	2128	9	>20	0.6901662899376
ENSMUSG00000039205.17:B2	wild_cluster	0.0219899026666845	0.15160157964019308	4557	3	>20	0.5461060912139113
ENSMUSG00000039205.17:B3	wild_cluster	0.0215313841763668	0.15160157964019308	4557	3	>20	0.5461060912139113
ENSMUSG00000039205.17:B5	wild_cluster	0.0110038633083279	0.13602457218078104	4557	3	>20	0.5261217052794015
ENSMUSG00000014959.13:B1	wild_cluster	0.6995375557113932	0.6070645019745502	4557	3	>20	0.8409380334851824
ENSMUSG00000014959.13:B2	wild_cluster	0.0322557077411757	0.16388767003071522	4557	3	>20	0.5568066738432305
ENSMUSG00000014959.13:B3	wild_cluster	0.4193670546788049	0.5921158487530169	1242	6	11-20	0.8335269171415081
ENSMUSG00000023452.20:B1	wild_cluster	0.5905093036664577	0.6985225360014962	5346	6	>20	0.8853733723811289
ENSMUSG00000023452.20:B2	wild_cluster	0.9561302429902682	0.8731899956121105	4557	3	>20	0.9699232097649853
ENSMUSG00000023452.20:B3	wild_cluster	0.9561301072823792	0.8731899956121105	4557	3	>20	0.9699232097649853
ENSMUSG00000028782.15:B1	wild_cluster	0.0001845485597137	0.6945551128818062	752	16	>20	0.882721726200511
ENSMUSG00000028782.15:B3	wild_cluster	0.0001848923190516	0.6945551128818062	752	16	>20	0.882721726200511
ENSMUSG00000028782.15:B4	wild_cluster	0.6827719451373967	0.7985054710435014	3746	8	>20	0.9370202047977993
ENSMUSG00000035203.17:B1	wild_cluster	0.013044971479773	0.4516335682254965	3121	10	>20	0.7428045572611157
ENSMUSG00000035203.17:B2	wild_cluster	0.00537030018456	0.1408284023668639	6759	5	>20	0.5333619807421563
ENSMUSG00000035203.17:B3	wild_cluster	0.0064099529578026	0.14497041420118342	6759	5	>20	0.5379116859054327
ENSMUSG00000049336.17:B1	wild_cluster	0.3454276411099817	0.647985054710435	3746	8	>20	0.8590133251958092
ENSMUSG00000049336.17:B2	wild_cluster	0.0546925232053131	0.4235388310648519	3746	8	>20	0.7273766167945818
ENSMUSG00000049336.17:B3	wild_cluster	4.137538111122173e-64	0.0026560424966799467	752	16	>20	0.4062768507212951
ENSMUSG00000003233.13:B1	wild_cluster	0.0034368995686385	0.11476168440536788	2160	4	11-20	0.4956821984124159
ENSMUSG00000003233.13:B2	wild_cluster	0.7771487213168183	0.647422126745435	3723	2	11-20	0.8588955089605712
ENSMUSG00000019647.17:B1	wild_cluster	0.3218434771976816	0.6938775510204082	48	12	1-5	0.882721726200511
ENSMUSG00000019647.17:B2	wild_cluster	0.433791161866086	0.46367422489588156	2160	4	11-20	0.7522336637721252
ENSMUSG00000022361.15:B1	wild_cluster	2.232066626670662e-05	0.13757039420756234	1242	6	11-20	0.528628067391249
ENSMUSG00000022361.15:B3	wild_cluster	1.0	1.0	2532	3	11-20	1.0
ENSMUSG00000026014.16:B2	wild_cluster	1.093433974937278e-31	0.10256410256410256	740	11	>20	0.4819225404999464
ENSMUSG00000028552.14:B1	wild_cluster	0.0076601418484331	0.41074523396880414	576	8	11-20	0.7211054582229988
ENSMUSG00000028552.14:B2	wild_cluster	0.0261929096274546	0.17214252660805182	2160	4	11-20	0.5586945586003444
ENSMUSG00000030816.9:B1	wild_cluster	0.0314821426445054	0.11788399570354458	3723	2	11-20	0.5014535120268203
ENSMUSG00000038902.15:B2	wild_cluster	0.993140932783465	0.9396621078037007	1242	6	11-20	0.9999910419934194
ENSMUSG00000038902.15:B3	wild_cluster	0.9022813833704184	0.7666798262929333	2532	3	11-20	0.9206736993867843
ENSMUSG00000042557.15:B2	wild_cluster	8.134400848664861e-05	0.08210059171597633	6759	5	>20	0.47174467816973154
ENSMUSG00000054477.17:B1	wild_cluster	1.0	1.0	3746	8	>20	1.0
ENSMUSG00000054477.17:B2	wild_cluster	0.8481481604147996	0.7494535059693963	5946	4	>20	0.912095678356686
ENSMUSG00000071984.13:B1	wild_cluster	0.0101249176356719	0.13448881088196576	4557	3	>20	0.5258556714823556
ENSMUSG00000071984.13:B2	wild_cluster	0.7960239231516082	0.6902150065818341	4557	3	>20	0.8798730324550741
ENSMUSG00000001472.18:B1	wild_cluster	3.8084802584409324e-09	0.2429210134128167	2683	12	>20	0.6099503589996492
ENSMUSG00000003778.15:B1	wild_cluster	0.1250140577843632	0.20371101460718516	2532	3	11-20	0.5868824099484643
ENSMUSG00000006005.19:B1	wild_cluster	7.137647327839037e-09	0.1345076060848679	3746	8	>20	0.5258556714823556
ENSMUSG00000009681.11:B1	wild_cluster	0.3313334400481844	0.44970414201183434	6759	5	>20	0.7418549415780976
ENSMUSG00000015599.10:B1	wild_cluster	3.4119969446274685e-06	0.19321794418933239	2830	7	>20	0.5756531268780712
ENSMUSG00000018427.9:B1	wild_cluster	3.1989338421150045e-61	0.04409963250306247	2448	2	>20	0.4370964032340817
ENSMUSG00000020134.14:B1	wild_cluster	2.1358022637601648e-28	0.04670402989057913	3746	8	>20	0.43963983201651363
ENSMUSG00000020590.17:B1	wild_cluster	3.024524175140284e-30	0.0878346641615782	2128	9	>20	0.47479339520313996
ENSMUSG00000021007.15:B1	wild_cluster	3.007147279681069e-09	0.06120733142761056	5946	4	>20	0.4608847075722556
ENSMUSG00000021546.19:B1	wild_cluster	1.0	1.0	2532	3	11-20	1.0
ENSMUSG00000022186.15:B1	wild_cluster	0.8016516428099432	0.7465976331360947	6759	5	>20	0.9110884455439657
ENSMUSG00000022621.17:B1	wild_cluster	0.6319890577845574	0.5055821371610846	3761	1	11-20	0.776435883804305
ENSMUSG00000023456.17:B1	wild_cluster	0.1362505784462042	0.35048802129547474	1126	5	11-20	0.6875075072747915
ENSMUSG00000024400.17:B1	wild_cluster	1.6002276461272454e-21	0.02909029762905667	5946	4	>20	0.4135401864624129
ENSMUSG00000025340.15:B1	wild_cluster	0.0582645229612296	0.21153522784597276	5946	4	>20	0.5885104433117202
ENSMUSG00000026028.13:B1	wild_cluster	2.858689888227965e-05	0.07618343195266272	6759	5	>20	0.46806602920037493
ENSMUSG00000026584.15:B1	wild_cluster	0.0045636889699654	0.11978938130759105	4557	3	>20	0.5024219428886079
ENSMUSG00000026972.16:B1	wild_cluster	0.3808673143165248	0.32708612226684514	2240	1	6-10	0.6755006231515644
ENSMUSG00000027618.18:B1	wild_cluster	0.8569811889716791	0.7237840249888443	2240	1	6-10	0.8988194490762357
ENSMUSG00000028136.16:B1	wild_cluster	1.849118020465377e-12	0.13581037796284434	3121	10	>20	0.5261217052794015
ENSMUSG00000028691.13:B1	wild_cluster	0.6959206240248604	0.4796430563301729	1792	1	1-5	0.7633688691677389
ENSMUSG00000029151.15:B1	wild_cluster	0.9228793977405836	0.8244844229925405	4557	3	>20	0.9472966303226096
ENSMUSG00000029629.18:B1	wild_cluster	0.6818899838175398	0.6208172187657642	5946	4	>20	0.8465248834055134
ENSMUSG00000030235.18:B1	wild_cluster	0.9640736124038598	0.728388176240937	1792	1	1-5	0.9008265208451066
ENSMUSG00000030946.14:B1	wild_cluster	0.6537968622273991	0.5542834583497829	2532	3	11-20	0.806295756122806
ENSMUSG00000031605.9:B1	wild_cluster	0.7402306243183526	0.5940988835725678	3761	1	11-20	0.8341956967213116
ENSMUSG00000032076.21:B1	wild_cluster	0.1218088005663088	0.2645031108121742	5946	4	>20	0.624336979976206
ENSMUSG00000032504.16:B1	wild_cluster	0.2870999139377899	0.2822234156820623	3723	2	11-20	0.639749446682312
ENSMUSG00000033147.17:B1	wild_cluster	0.9251234221218212	0.8319438350153576	4557	3	>20	0.950268718262156
ENSMUSG00000034024.9:B1	wild_cluster	0.2123078410080768	0.385980479148181	1126	5	11-20	0.710875076807556
ENSMUSG00000034799.17:B1	wild_cluster	0.0001431345146379	0.33348990136214185	2128	9	>20	0.6787082352280288
ENSMUSG00000035615.13:B1	wild_cluster	0.8516488875827987	0.748354541465555	4557	3	>20	0.9112073250910024
ENSMUSG00000036545.10:B1	wild_cluster	0.0008704606085034	0.10728098200773499	5946	4	>20	0.4860396790295065
ENSMUSG00000037355.15:B1	wild_cluster	1.0	1.0	5946	4	>20	1.0
ENSMUSG00000038119.16:B1	wild_cluster	0.984760481908418	0.9229289940828402	6759	5	>20	0.9929284417390615
ENSMUSG00000038611.18:B1	wild_cluster	0.4057815818629516	0.5964092014213578	5346	6	>20	0.8359033175615411
ENSMUSG00000039501.15:B1	wild_cluster	2.52957037222567e-05	0.08357154868000673	5946	4	>20	0.4721596720529438
ENSMUSG00000040423.12:B1	wild_cluster	0.780134662233242	0.6765386395187413	2160	4	11-20	0.8749805053150693
ENSMUSG00000041220.11:B1	wild_cluster	6.416726889358512e-10	0.03678839957035446	3723	2	11-20	0.42154010255574076
ENSMUSG00000042272.18:B1	wild_cluster	0.9988502323936128	0.9734532689776217	4557	3	>20	1.0
ENSMUSG00000044098.15:B1	wild_cluster	0.015736417652958	0.14414216761737605	4557	3	>20	0.5379116859054327
ENSMUSG00000046707.10:B1	wild_cluster	0.010308260359657	0.13470820535322509	4557	3	>20	0.5261217052794015
ENSMUSG00000049191.13:B1	wild_cluster	0.7389843001210901	0.5002788622420524	1792	1	1-5	0.7722047001557464
ENSMUSG00000051790.16:B1	wild_cluster	4.768796749470925e-07	0.20371556694426649	3121	10	>20	0.5868824099484643
ENSMUSG00000054199.19:B1	wild_cluster	0.0619247662215842	0.3345801383953619	5346	6	>20	0.6787082352280288
ENSMUSG00000056310.15:B1	wild_cluster	0.8223870662851018	0.7284345047923323	5946	4	>20	0.9008265208451066
ENSMUSG00000058325.7:B1	wild_cluster	0.1309408586366999	0.1669324827219564	3761	1	11-20	0.5582062116269537
ENSMUSG00000060657.9:B1	wild_cluster	0.0801611723801323	0.3613241069758743	5346	6	>20	0.6921417565485363
ENSMUSG00000062866.17:B1	wild_cluster	3.6528682269914846e-17	0.08673605551107552	3746	8	>20	0.47479339520313996
ENSMUSG00000067851.12:B1	wild_cluster	4.8183957445644425e-48	0.013412816691505217	2683	12	>20	0.4062768507212951
ENSMUSG00000079055.11:B1	wild_cluster	0.4669934639693777	0.7049180327868853	304	6	6-10	0.8867992710590356
ENSMUSG00000090053.10:B1	wild_cluster	0.0127973155402262	0.09640171858216971	3723	2	11-20	0.4808925487948958
ENSMUSG00000109336.2:B1	wild_cluster	1.1696832454961867e-20	0.013882461823229986	2160	4	11-20	0.4062768507212951
ENSMUSG00000026790.20:B1	wild_cluster	1.3933427879636965e-19	0.41935483870967744	61	16	11-20	0.724785549063727
ENSMUSG00000026790.20:B2	wild_cluster	0.0172364158919914	0.16008071296451992	5946	4	>20	0.5555320725532211
ENSMUSG00000026790.20:B3	wild_cluster	0.0008841458396528	0.1074491340171515	5946	4	>20	0.4860396790295065
ENSMUSG00000026790.20:B5	wild_cluster	4.353207598870591e-19	0.07872965038697624	3746	8	>20	0.4709102390656422
ENSMUSG00000040669.15:B1	wild_cluster	1.0	1.0	18	24	11-20	1.0
ENSMUSG00000040669.15:B2	wild_cluster	5.007475497400054e-08	0.06507482764419034	5946	4	>20	0.4608847075722556
ENSMUSG00000040669.15:B3	wild_cluster	0.0004552156508317	0.4612518628912072	2683	12	>20	0.7504322231464334
ENSMUSG00000040669.15:B4	wild_cluster	2.36528047239956e-24	0.07692307692307693	64	18	11-20	0.46988072736595277
ENSMUSG00000015968.19:B1	wild_cluster	1.4118105006488313e-13	0.1721311475409836	2683	12	>20	0.5586945586003444
ENSMUSG00000015968.19:B2	wild_cluster	3.494825530756814e-10	0.05683537918278123	5946	4	>20	0.455900934444738
ENSMUSG00000015968.19:B3	wild_cluster	0.0025997689029344	0.12308727089288717	5946	4	>20	0.5095926459454831
ENSMUSG00000023951.19:B1	wild_cluster	0.1093365323093098	0.16702470461868957	3723	2	11-20	0.5582062116269537
ENSMUSG00000023951.19:B2	wild_cluster	0.2035493629925858	0.2502960915909988	2532	3	11-20	0.6157545447481213
ENSMUSG00000023951.19:B3	wild_cluster	0.4803490672227318	0.42629644752960394	2448	2	>20	0.7286619643466442
ENSMUSG00000028789.17:B1	wild_cluster	0.1978746004913757	0.4690265486725664	1242	6	11-20	0.7562337604584237
ENSMUSG00000028789.17:B2	wild_cluster	0.5458910766483203	0.48401105408606393	2532	3	11-20	0.7633688691677389
ENSMUSG00000028789.17:B3	wild_cluster	0.4135960937514281	0.3932096328464272	2532	3	11-20	0.7135019226060081
ENSMUSG00000035242.16:B1	wild_cluster	0.2373607916967402	0.21546261089987326	788	2	1-5	0.5893176173056948
ENSMUSG00000035242.16:B2	wild_cluster	0.726201610098045	0.49302844394868933	1792	1	1-5	0.7690532828804467
ENSMUSG00000035242.16:B3	wild_cluster	0.2150812601471077	0.22085889570552147	1792	1	1-5	0.5944266983278624
ENSMUSG00000050043.17:B1	wild_cluster	2.817622201499306e-07	0.019011406844106463	788	2	1-5	0.4062768507212951
ENSMUSG00000050043.17:B2	wild_cluster	0.9970170310005037	0.8326826547685443	1792	1	1-5	0.950268718262156
ENSMUSG00000050043.17:B3	wild_cluster	0.950097820938048	0.6893474623535973	1792	1	1-5	0.8797013638898749
ENSMUSG00000003847.17:B1	wild_cluster	1.2654528174939937e-23	0.17928286852589642	752	16	>20	0.5659442343066245
ENSMUSG00000019828.14:B1	wild_cluster	0.0160252965385231	0.6304023845007451	2683	12	>20	0.8511474334768101
ENSMUSG00000019828.14:B2	wild_cluster	0.3826548874140786	0.5855619973817093	5346	6	>20	0.8287286161149289
ENSMUSG00000022471.15:B2	wild_cluster	6.727440515176303e-12	0.03461538461538462	6759	5	>20	0.42154010255574076
ENSMUSG00000028565.19:B1	wild_cluster	0.0001970078707609	0.16572807723250202	1242	6	11-20	0.5568066738432305
ENSMUSG00000028565.19:B4	wild_cluster	0.2633437849487217	0.2952225398121682	2448	2	>20	0.6503872726023834
ENSMUSG00000030846.16:B1	wild_cluster	0.8245651339112157	0.8853922029121654	2128	9	>20	0.9749762780421246
ENSMUSG00000030846.16:B4	wild_cluster	0.5656671695475293	0.6869272489246306	5346	6	>20	0.878859926564922
ENSMUSG00000033569.18:B1	wild_cluster	1.4509285562530624e-28	0.10893512851897184	816	18	>20	0.4860396790295065
ENSMUSG00000033569.18:B2	wild_cluster	2.3992489744796963e-30	0.06929955290611028	2683	12	>20	0.46225881142269104
ENSMUSG00000038909.17:B1	wild_cluster	0.2640044499304526	0.516551337198429	5346	6	>20	0.7817886141156817
ENSMUSG00000038909.17:B3	wild_cluster	0.597571941577435	0.701701888909669	5346	6	>20	0.8867992710590356
ENSMUSG00000042671.13:B2	wild_cluster	0.8695036858500612	0.727990525069088	2532	3	11-20	0.9008265208451066
ENSMUSG00000054611.18:B1	wild_cluster	0.1299561726167168	0.31479289940828403	6759	5	>20	0.6676344212190802
ENSMUSG00000054611.18:B2	wild_cluster	9.805810897735736e-05	0.2841127482383088	3121	10	>20	0.639749446682312
ENSMUSG00000001521.13:B1	wild_cluster	0.0737375806193546	0.3517860482513559	5346	6	>20	0.6879192608957623
ENSMUSG00000003808.19:B1	wild_cluster	0.315780306531005	0.34861781483106624	4557	3	>20	0.6875075072747915
ENSMUSG00000006058.11:B1	wild_cluster	0.999963532172331	0.9699627857522595	3761	1	11-20	1.0
ENSMUSG00000009733.10:B1	wild_cluster	0.623392334568714	0.5772658483268875	5946	4	>20	0.8245081687390712
ENSMUSG00000018474.19:B1	wild_cluster	0.6128738248851164	0.934053651266766	2683	12	>20	0.9981074054635851
ENSMUSG00000020135.14:B1	wild_cluster	0.0197581255906928	0.2507948382270432	5346	6	>20	0.6157545447481213
ENSMUSG00000020598.17:B1	wild_cluster	0.8438462783255238	0.8657592740859354	3746	8	>20	0.9659514374231316
ENSMUSG00000021038.18:B1	wild_cluster	1.0	1.0	4557	3	>20	1.0
ENSMUSG00000021557.16:B1	wild_cluster	1.1411054639153334e-17	0.569377990430622	208	22	>20	0.8181848794031842
ENSMUSG00000022191.17:B1	wild_cluster	0.3837505598544669	0.4807692307692308	6759	5	>20	0.7633688691677389
ENSMUSG00000022629.18:B1	wild_cluster	0.2044024901274046	0.6533583842179427	2128	9	>20	0.8611984685001736
ENSMUSG00000023473.14:B1	wild_cluster	0.2879834797310516	0.5287076865532074	5346	6	>20	0.7883506840761763
ENSMUSG00000024403.17:B1	wild_cluster	0.0722528570414118	0.5675848814862268	3121	10	>20	0.816653199114712
ENSMUSG00000024883.9:B1	wild_cluster	0.9119992054600364	0.8363905325443787	6759	5	>20	0.950268718262156
ENSMUSG00000026058.12:B1	wild_cluster	0.726895142636198	0.6466721446179129	1216	1	>20	0.8584075867682225
ENSMUSG00000026585.14:B1	wild_cluster	0.7255943248599347	0.7639798017579952	5346	6	>20	0.9206736993867843
ENSMUSG00000027620.17:B1	wild_cluster	0.0108753885819047	0.32921229247615685	2830	7	>20	0.6764966229656434
ENSMUSG00000028149.13:B1	wild_cluster	2.4410012547548656e-41	0.03616721465476749	2128	9	>20	0.42154010255574076
ENSMUSG00000028693.16:B1	wild_cluster	0.9523397607312172	0.8663887670030715	4557	3	>20	0.9659514374231316
ENSMUSG00000029152.14:B1	wild_cluster	0.9975715403348993	0.949516648764769	3723	2	11-20	1.0
ENSMUSG00000029635.16:B1	wild_cluster	1.7374418311954255e-39	0.038748137108792845	2683	12	>20	0.42623636961560013
ENSMUSG00000030237.15:B1	wild_cluster	0.8882277347835562	0.5911879531511434	1792	1	1-5	0.8327426420680263
ENSMUSG00000031618.14:B1	wild_cluster	0.9974259360766904	0.9487110633727175	3723	2	11-20	1.0
ENSMUSG00000032086.13:B1	wild_cluster	0.3216738711101189	0.5490929493173742	5346	6	>20	0.8012135780098896
ENSMUSG00000032512.8:B1	wild_cluster	0.144781841995788	0.24923211935059236	4557	3	>20	0.6157545447481213
ENSMUSG00000033174.18:B1	wild_cluster	0.0500727490788599	0.41793434747798236	3746	8	>20	0.7240112182302726
ENSMUSG00000034037.15:B1	wild_cluster	0.0025423995957932	0.12883435582822086	1792	1	1-5	0.5152102084198062
ENSMUSG00000034818.18:B1	wild_cluster	0.0040964473116813	0.28965030024726246	2830	7	>20	0.644751808082608
ENSMUSG00000035620.16:B1	wild_cluster	0.2537567901521737	0.2593984962406015	3723	2	11-20	0.6221667619436505
ENSMUSG00000036550.17:B1	wild_cluster	0.5865107583043725	0.6004437869822485	6759	5	>20	0.8378341617979238
ENSMUSG00000037364.13:B1	wild_cluster	2.262230614835246e-44	0.01547904990659194	3746	8	>20	0.4062768507212951
ENSMUSG00000038126.18:B1	wild_cluster	0.1005874277260713	0.21632294866169371	4557	3	>20	0.5893176173056948
ENSMUSG00000038619.13:B1	wild_cluster	0.01119469502933	0.22049747521974938	5346	6	>20	0.5941659620198646
ENSMUSG00000039515.12:B1	wild_cluster	1.0	1.0	416	12	11-20	1.0
ENSMUSG00000040424.16:B1	wild_cluster	0.5126009242432948	0.48233360723089563	1216	1	>20	0.7633688691677389
ENSMUSG00000041245.14:B1	wild_cluster	0.712023663363986	0.5275532696546656	1360	2	6-10	0.7883464029570054
ENSMUSG00000042302.15:B1	wild_cluster	1.0	1.0	5946	4	>20	1.0
ENSMUSG00000044117.13:B1	wild_cluster	0.9605480777898836	0.8894970414201183	6759	5	>20	0.9766175628702283
ENSMUSG00000046785.9:B1	wild_cluster	0.7646829636525148	0.6663581675150393	2160	4	11-20	0.8702896444831928
ENSMUSG00000049252.18:B1	wild_cluster	2.0596396045211847e-18	0.6689655172413793	144	27	>20	0.871646997946886
ENSMUSG00000052040.11:B1	wild_cluster	0.009894148188074	0.3178542834267414	3746	8	>20	0.6696410223516178
ENSMUSG00000054226.14:B1	wild_cluster	1.66720344254115e-13	0.023600185099490977	2160	4	11-20	0.4062768507212951
ENSMUSG00000058441.8:B1	wild_cluster	0.9968216063356492	0.9476369495166488	3723	2	11-20	1.0
ENSMUSG00000060671.13:B1	wild_cluster	0.085687669832037	0.2053532250987275	4557	3	>20	0.5882245182474101
ENSMUSG00000062995.13:B1	wild_cluster	0.6637162150840246	0.5659452837893018	2448	2	>20	0.8153387475245489
ENSMUSG00000067873.12:B1	wild_cluster	0.999999988388436	0.9846032372680615	2532	3	11-20	1.0
ENSMUSG00000071477.11:B1	wild_cluster	0.3408330116610653	0.3430714567706277	2532	3	11-20	0.6840697909187786
ENSMUSG00000079157.5:B1	wild_cluster	1.0	1.0	6759	5	>20	1.0
ENSMUSG00000090077.10:B1	wild_cluster	0.9996149931873454	0.9800351031154015	4557	3	>20	1.0
ENSMUSG00000109394.3:B1	wild_cluster	0.2305428256596831	0.6688586190699859	2128	9	>20	0.871646997946886
ENSMUSG00000027012.16:B1	wild_cluster	0.1829464753242111	0.8237704918032787	2683	12	>20	0.9472966303226096
ENSMUSG00000027012.16:B2	wild_cluster	1.069501719775803e-06	0.08453338320553581	5346	6	>20	0.4737058248566363
ENSMUSG00000027012.16:B3	wild_cluster	0.0203416516809604	0.25229100430147744	5346	6	>20	0.616175857758022
ENSMUSG00000027012.16:B5	wild_cluster	0.5167228447417445	0.6618664671778567	5346	6	>20	0.8685131951358085
ENSMUSG00000040687.17:B1	wild_cluster	0.5497421762503532	0.6757060033663737	5346	6	>20	0.8749805053150693
ENSMUSG00000040687.17:B2	wild_cluster	0.4113347823277592	0.5994015335702263	5346	6	>20	0.8377447693831538
ENSMUSG00000040687.17:B4	wild_cluster	0.8515462621727408	0.837291939405274	5346	6	>20	0.950496687341039
ENSMUSG00000040687.17:B5	wild_cluster	7.203296574156342e-10	0.48225214198286415	816	18	>20	0.7633688691677389
ENSMUSG00000016346.18:B1	wild_cluster	0.6469507199197834	0.5950899613250379	5946	4	>20	0.8350965655332927
ENSMUSG00000016346.18:B3	wild_cluster	0.9999999998547754	0.9677148141920296	5946	4	>20	1.0
ENSMUSG00000016346.18:B5	wild_cluster	1.6307253531350645e-17	0.2549800796812749	752	16	>20	0.6185864890929439
ENSMUSG00000024050.19:B1	wild_cluster	0.1362409401273892	0.521311475409836	304	6	6-10	0.7835176265382214
ENSMUSG00000024050.19:B2	wild_cluster	0.573426448688402	0.5504587155963303	544	3	6-10	0.8018064895423662
ENSMUSG00000024050.19:B3	wild_cluster	0.4125299387486013	0.39281484405842876	2532	3	11-20	0.7135019226060081
ENSMUSG00000028809.17:B1	wild_cluster	2.605832220232224e-49	0.04784688995215311	208	22	>20	0.43963983201651363
ENSMUSG00000028809.17:B2	wild_cluster	0.0494943808797123	0.6855600539811066	740	11	>20	0.8781111384326008
ENSMUSG00000028809.17:B3	wild_cluster	1.4677478849982369e-33	0.09176788124156546	740	11	>20	0.4808925487948958
ENSMUSG00000035342.15:B2	wild_cluster	0.7126608935661004	0.48856664807585054	1792	1	1-5	0.7671833777534078
ENSMUSG00000035342.15:B4	wild_cluster	0.7897763942185855	0.5614702154626109	788	2	1-5	0.8110465951291573
ENSMUSG00000050334.14:B1	wild_cluster	2.365048662790916e-09	0.6522781774580336	416	20	>20	0.8611984685001736
ENSMUSG00000050334.14:B2	wild_cluster	1.0787497817462248e-05	0.07041420118343195	6759	5	>20	0.46225881142269104
ENSMUSG00000050334.14:B3	wild_cluster	4.121163923879401e-12	0.3187066974595843	432	15	>20	0.6698962337218756
ENSMUSG00000004056.16:B1	wild_cluster	0.0454734178952878	0.21081081081081082	184	3	1-5	0.5882245182474101
ENSMUSG00000004056.16:B2	wild_cluster	0.4172855323739234	0.36233824185631414	2240	1	6-10	0.6921417565485363
ENSMUSG00000019843.15:B1	wild_cluster	1.0	1.0	13	16	1-5	1.0
ENSMUSG00000019843.15:B2	wild_cluster	0.0117744982571264	0.43327556325823224	576	8	11-20	0.7338598867500261
ENSMUSG00000022477.14:B1	wild_cluster	1.2873052346036726e-32	0.03576194288764345	3746	8	>20	0.42154010255574076
ENSMUSG00000022477.14:B2	wild_cluster	8.660515766749491e-20	0.21646746347941567	752	16	>20	0.5893176173056948
ENSMUSG00000026203.17:B1	wild_cluster	0.9166451020208788	0.8753016894609815	1242	6	11-20	0.970810915843081
ENSMUSG00000026203.17:B2	wild_cluster	0.7362725785350674	0.6190288195815239	2532	3	11-20	0.8461081711082518
ENSMUSG00000028573.19:B1	wild_cluster	0.6488909839640082	0.8430493273542601	3121	10	>20	0.9535901987657991
ENSMUSG00000028573.19:B2	wild_cluster	0.6161170202219918	0.6189349112426036	6759	5	>20	0.8461081711082518
ENSMUSG00000031026.16:B2	wild_cluster	0.8418585979168459	0.745081553724567	5946	4	>20	0.9107228134233346
ENSMUSG00000033713.13:B1	wild_cluster	5.483174865647768e-13	0.10568454763811048	3746	8	>20	0.4839858077279346
ENSMUSG00000033713.13:B2	wild_cluster	4.179038554316783e-22	0.028249537581974106	5946	4	>20	0.4135401864624129
ENSMUSG00000038914.16:B1	wild_cluster	4.153614074970545e-10	0.058350476902936224	5346	6	>20	0.4608847075722556
ENSMUSG00000038914.16:B2	wild_cluster	4.1249896339491136e-29	0.07451564828614009	2683	12	>20	0.46652275045909
ENSMUSG00000042675.16:B1	wild_cluster	9.183408035575994e-05	0.052901697591788394	2532	3	11-20	0.44899839971852634
ENSMUSG00000042675.16:B2	wild_cluster	0.2220371170923028	0.2387218045112782	3723	2	11-20	0.6087620269945074
ENSMUSG00000054976.15:B1	wild_cluster	0.0006328899862465	0.23698959167333866	3746	8	>20	0.608318426169507
ENSMUSG00000054976.15:B2	wild_cluster	0.8579846828056927	0.758197410459055	5946	4	>20	0.9162826924353175
ENSMUSG00000074247.11:B1	wild_cluster	0.8993605821038373	0.7865198711063373	3723	2	11-20	0.932448472158793
ENSMUSG00000074247.11:B2	wild_cluster	0.9914174310928306	0.9366034243405831	2160	4	11-20	0.9984605868915336
ENSMUSG00000001542.8:B1	wild_cluster	1.2511677076993726e-07	0.06742895577602152	5946	4	>20	0.46225881142269104
ENSMUSG00000003810.15:B2	wild_cluster	0.0545425147747094	0.5432415118513774	3121	10	>20	0.7978040253543658
ENSMUSG00000006154.14:B1	wild_cluster	0.7560904165714218	0.6272824919441461	3723	2	11-20	0.8502573789417937
ENSMUSG00000009894.16:B1	wild_cluster	0.378665560228193	0.4772189349112426	6759	5	>20	0.7633688691677389
ENSMUSG00000015766.15:B1	wild_cluster	0.0002225334298916	0.3001281229980782	3121	10	>20	0.6522377980200131
ENSMUSG00000018501.18:B1	wild_cluster	2.9333698282693625e-13	0.6539007092198581	704	24	>20	0.861637426170608
ENSMUSG00000020149.18:B1	wild_cluster	0.8219943859829442	0.7750556792873051	448	4	6-10	0.9242997930910971
ENSMUSG00000020599.14:B1	wild_cluster	8.516385951541148e-25	0.06149903907751442	3121	10	>20	0.4608847075722556
ENSMUSG00000021044.16:B1	wild_cluster	0.8037461064608746	0.9675870348139256	832	14	>20	1.0
ENSMUSG00000021559.15:B1	wild_cluster	0.3160850558068231	0.43949704142011836	6759	5	>20	0.7373913067519499
ENSMUSG00000022199.13:B1	wild_cluster	0.9696986675280856	0.9261268000748083	5346	6	>20	0.9940168538882201
ENSMUSG00000022635.10:B1	wild_cluster	0.4671044480489242	0.3803827751196172	3761	1	11-20	0.7060658784451738
ENSMUSG00000024410.16:B1	wild_cluster	0.8140154130605619	0.6164584864070536	1360	2	6-10	0.8459953694664747
ENSMUSG00000024892.18:B1	wild_cluster	1.0	1.0	1792	1	1-5	1.0
ENSMUSG00000025369.16:B1	wild_cluster	0.0002115425858406	0.3001281229980782	3121	10	>20	0.6522377980200131
ENSMUSG00000026103.15:B1	wild_cluster	0.0297398943232711	0.20236686390532543	6759	5	>20	0.5849626465011081
ENSMUSG00000026587.16:B1	wild_cluster	1.3137224496728312e-34	0.04450724125750618	2830	7	>20	0.43832766633804804
ENSMUSG00000026987.17:B1	wild_cluster	2.451440792630735e-40	0.023313316849169905	2830	7	>20	0.4062768507212951
ENSMUSG00000027630.14:B1	wild_cluster	0.0204278150758127	0.11014607185155942	2532	3	11-20	0.4860396790295065
ENSMUSG00000028152.11:B1	wild_cluster	0.0001541784843172	0.4273472429210134	2683	12	>20	0.7293841138111399
ENSMUSG00000028708.17:B1	wild_cluster	0.1602889334206092	0.28955776021523455	5946	4	>20	0.644751808082608
ENSMUSG00000029166.15:B1	wild_cluster	0.5825007719862694	0.5983727810650887	6759	5	>20	0.8370883003875361
ENSMUSG00000029648.14:B1	wild_cluster	0.2304395530734313	0.22253206915783602	1792	1	1-5	0.5957175534308697
ENSMUSG00000030246.13:B1	wild_cluster	0.6846851116310988	0.6646449704142012	6759	5	>20	0.8698970985640041
ENSMUSG00000030967.16:B1	wild_cluster	0.3092479234578522	0.3873206848681166	2160	4	11-20	0.7121754058238149
ENSMUSG00000031622.17:B1	wild_cluster	0.2872660839733861	0.5283336450345988	5346	6	>20	0.7883506840761763
ENSMUSG00000032097.11:B1	wild_cluster	0.938835286544538	0.9770580296896086	740	11	>20	1.0
ENSMUSG00000032517.17:B1	wild_cluster	0.0020049401328304	0.26885245901639343	304	6	6-10	0.6282293640951883
ENSMUSG00000033192.6:B1	wild_cluster	0.3428098233566463	0.2788410419989367	3761	1	11-20	0.6371236016963905
ENSMUSG00000034040.18:B1	wild_cluster	0.2009437943351784	0.3239241092086997	2160	4	11-20	0.6730988090505716
ENSMUSG00000034820.5:B1	wild_cluster	0.0115613183411672	0.13690215006581835	4557	3	>20	0.5265106661777877
ENSMUSG00000035621.14:B1	wild_cluster	0.0676746856648298	0.22044728434504793	5946	4	>20	0.5941659620198646
ENSMUSG00000036555.15:B1	wild_cluster	0.9090092779345872	0.7980665950590763	3723	2	11-20	0.9370202047977993
ENSMUSG00000037369.18:B1	wild_cluster	4.901841919128337e-59	0.0012812299807815502	3121	10	>20	0.4062768507212951
ENSMUSG00000038141.12:B1	wild_cluster	0.0822947413763185	0.23255422902303682	5946	4	>20	0.6058212481985369
ENSMUSG00000038623.10:B1	wild_cluster	0.9026127994835368	0.8029837648091268	4557	3	>20	0.9385904427589377
ENSMUSG00000039542.17:B1	wild_cluster	0.1901933781284598	0.5171317555634052	2830	7	>20	0.7824034509905073
ENSMUSG00000040430.19:B1	wild_cluster	2.164186696608756e-26	0.005323868677905945	1126	5	11-20	0.4062768507212951
ENSMUSG00000041258.19:B1	wild_cluster	0.0035487531266174	0.14729370008873113	1126	5	11-20	0.539851114066609
ENSMUSG00000042308.15:B1	wild_cluster	0.0687088573974337	0.19087318999561212	4557	3	>20	0.5723647326170157
ENSMUSG00000046822.15:B1	wild_cluster	0.2771967431343153	0.23827629911280102	788	2	1-5	0.6087620269945074
ENSMUSG00000049321.18:B1	wild_cluster	0.0687630821930214	0.14167995746943116	3761	1	11-20	0.5348120747501552
ENSMUSG00000052105.18:B4	wild_cluster	0.9988642703392696	0.9535502958579881	6759	5	>20	1.0
ENSMUSG00000054263.13:B1	wild_cluster	0.8222079904748558	0.8762886597938144	96	6	1-5	0.970999978236243
ENSMUSG00000056476.14:B2	wild_cluster	0.0272820590214037	0.17555069783083907	5946	4	>20	0.5626778378593723
ENSMUSG00000058503.12:B1	wild_cluster	0.0816234678138908	0.20228170250109698	4557	3	>20	0.5849626465011081
ENSMUSG00000060681.16:B1	wild_cluster	0.8434594875890011	0.7043031977891828	2532	3	11-20	0.8867992710590356
ENSMUSG00000063063.13:B1	wild_cluster	0.0835669665914766	0.17291748914330832	2532	3	11-20	0.5588096123969359
ENSMUSG00000068015.9:B1	wild_cluster	0.5760606777373414	0.4640171858216971	3723	2	11-20	0.7522336637721252
ENSMUSG00000071650.7:B1	wild_cluster	0.844071190521281	0.7472675298469816	5946	4	>20	0.9112073250910024
ENSMUSG00000090100.8:B1	wild_cluster	5.083572658116594e-15	0.028106508875739646	6759	5	>20	0.4135401864624129
ENSMUSG00000109754.3:B1	wild_cluster	0.8305351928226454	0.7668639053254438	6759	5	>20	0.9206736993867843
ENSMUSG00000027200.18:B1	wild_cluster	0.8871981492282308	0.7704766311892642	2160	4	11-20	0.9223837945856315
ENSMUSG00000027200.18:B2	wild_cluster	0.8629306330635091	0.7459509486348913	2160	4	11-20	0.9110312373693631
ENSMUSG00000027200.18:B3	wild_cluster	1.1765923906107904e-06	0.4844124700239808	416	12	11-20	0.7633688691677389
ENSMUSG00000027200.18:B4	wild_cluster	0.9015969074734296	0.7894493290143452	2160	4	11-20	0.9346886506019608
ENSMUSG00000040928.16:B1	wild_cluster	1.0	1.0	184	3	1-5	1.0
ENSMUSG00000040928.16:B2	wild_cluster	0.6066012813837207	0.40430925221799746	788	2	1-5	0.7193352819318058
ENSMUSG00000040928.16:B3	wild_cluster	0.334596302732251	0.2559955382041272	1792	1	1-5	0.6195754081966268
ENSMUSG00000040928.16:B4	wild_cluster	0.1303253113491667	0.1857222532069158	1792	1	1-5	0.5693254400567805
ENSMUSG00000016382.16:B1	wild_cluster	3.5854836859845856e-11	0.05279973095678493	5946	4	>20	0.44899839971852634
ENSMUSG00000016382.16:B2	wild_cluster	0.1214641879719528	0.21233156390363414	2448	2	>20	0.5885518387222989
ENSMUSG00000016382.16:B3	wild_cluster	0.1952326688434012	0.2576561861984483	2448	2	>20	0.6209182341220117
ENSMUSG00000024073.17:B1	wild_cluster	1.1514866564816404e-46	0.008007687379884689	3121	10	>20	0.4062768507212951
ENSMUSG00000024073.17:B4	wild_cluster	9.670350271923684e-45	0.011210762331838564	3121	10	>20	0.4062768507212951
ENSMUSG00000024073.17:B5	wild_cluster	5.649536599574513e-58	0.0016015374759769379	3121	10	>20	0.4062768507212951
ENSMUSG00000029020.14:B1	wild_cluster	0.863429424350026	0.74622892635315	1126	5	11-20	0.9110312373693631
ENSMUSG00000029020.14:B2	wild_cluster	0.1646728686437552	0.3700088731144632	1126	5	11-20	0.6963049258609839
ENSMUSG00000029020.14:B4	wild_cluster	0.2087266265955429	0.6978557504873294	512	10	11-20	0.8851205650536754
ENSMUSG00000035629.20:B1	wild_cluster	0.0122258704640128	0.5981308411214953	320	9	11-20	0.8370105103793635
ENSMUSG00000035629.20:B2	wild_cluster	0.0013720747110115	0.0702724042637189	2532	3	11-20	0.46225881142269104
ENSMUSG00000035629.20:B3	wild_cluster	0.4549473103698224	0.4204500592183182	2532	3	11-20	0.7248600679617999
ENSMUSG00000050947.10:B2	wild_cluster	2.252784714622477e-17	0.028464017185821696	3723	2	11-20	0.4135401864624129
ENSMUSG00000050947.10:B3	wild_cluster	5.056637003588053e-218	0.006911217437533227	3761	1	11-20	0.4062768507212951
ENSMUSG00000004151.18:B3	wild_cluster	0.2140246241949358	0.23630504833512353	3723	2	11-20	0.6076029061942615
ENSMUSG00000019906.16:B1	wild_cluster	0.935302313691288	0.8357242017584452	2160	4	11-20	0.950268718262156
ENSMUSG00000019906.16:B2	wild_cluster	0.5179834279213711	0.4202470461868958	3723	2	11-20	0.7248600679617999
ENSMUSG00000022558.17:B2	wild_cluster	2.8092587702959325e-14	0.09981318388043768	3746	8	>20	0.4808925487948958
ENSMUSG00000026254.18:B1	wild_cluster	0.0070304001893509	0.25341914722445696	1242	6	11-20	0.6173312415033952
ENSMUSG00000028649.23:B1	wild_cluster	2.79831734120331e-47	0.014903129657228018	2683	12	>20	0.4062768507212951
ENSMUSG00000028649.23:B3	wild_cluster	1.5054509680148575e-16	0.14381520119225039	2683	12	>20	0.5379116859054327
ENSMUSG00000031099.17:B1	wild_cluster	6.2289689744066215e-09	0.1663778162911612	576	8	11-20	0.557738172223803
ENSMUSG00000031099.17:B2	wild_cluster	0.0018988391795937	0.10273021749190189	2160	4	11-20	0.4821986802232218
ENSMUSG00000033768.18:B1	wild_cluster	2.3506059288916107e-50	0.31958762886597936	96	33	>20	0.6698962337218756
ENSMUSG00000033768.18:B2	wild_cluster	0.2716190050937963	0.8245614035087719	740	11	>20	0.9472966303226096
ENSMUSG00000042766.18:B1	wild_cluster	0.8684855165560706	0.8788364024552976	3746	8	>20	0.9714603048472151
ENSMUSG00000042766.18:B2	wild_cluster	0.8994570524931497	0.7965360686060199	5946	4	>20	0.9361695500204713
ENSMUSG00000055254.16:B1	wild_cluster	2.6246293427813814e-23	0.4226950354609929	704	24	>20	0.7270662221884749
ENSMUSG00000055254.16:B2	wild_cluster	4.568446765287555e-41	0.5555555555555556	80	36	>20	0.8071007618226247
ENSMUSG00000075318.14:B1	wild_cluster	2.2279342732630272e-05	0.6334661354581673	752	16	>20	0.8518464419731995
ENSMUSG00000075318.14:B2	wild_cluster	0.1547578673283657	0.5292233787029623	3746	8	>20	0.7883506840761763
ENSMUSG00000001552.15:B1	wild_cluster	0.2071131004492591	0.2217759928603302	2240	1	6-10	0.5951121624424154
ENSMUSG00000003863.19:B1	wild_cluster	1.4788226979979065e-18	0.02026627218934911	6759	5	>20	0.4062768507212951
ENSMUSG00000006169.21:B1	wild_cluster	0.9999113973243816	0.9631656804733728	6759	5	>20	1.0
ENSMUSG00000009907.18:B1	wild_cluster	0.6654940453006414	0.6082058180595258	5946	4	>20	0.8411711306647944
ENSMUSG00000015829.14:B1	wild_cluster	0.0302504883425891	0.3747792299540798	2830	7	>20	0.7017541896430707
ENSMUSG00000018661.18:B1	wild_cluster	0.1724447291642125	0.26656428258007897	4557	3	>20	0.6262587643042441
ENSMUSG00000020154.11:B1	wild_cluster	0.0005474279824778	0.11712214166201897	1792	1	1-5	0.5000768469186335
ENSMUSG00000020604.14:B1	wild_cluster	0.8027224779711125	0.6501860712387029	3761	1	11-20	0.8604009797984133
ENSMUSG00000021051.11:B1	wild_cluster	0.4830371591219948	0.5375739644970414	6759	5	>20	0.7947734350669573
ENSMUSG00000021578.18:B1	wild_cluster	0.0220855860659864	0.3032984714400644	1242	6	11-20	0.6537863941322541
ENSMUSG00000022205.16:B1	wild_cluster	0.7205759498679573	0.5810738968633705	3761	1	11-20	0.8260075774399558
ENSMUSG00000022636.14:B1	wild_cluster	0.3240060091524921	0.44452662721893493	6759	5	>20	0.7387397741278046
ENSMUSG00000023800.16:B1	wild_cluster	0.7886532292564558	0.6720214190093708	2240	1	6-10	0.8732196164854191
ENSMUSG00000024420.10:B1	wild_cluster	0.84854763639078	0.5588399330730619	1792	1	1-5	0.8089941925118252
ENSMUSG00000024897.10:B1	wild_cluster	1.0	1.0	6759	5	>20	1.0
ENSMUSG00000025409.15:B1	wild_cluster	0.7154219579349522	0.6853550295857989	6759	5	>20	0.8781111384326008
ENSMUSG00000026109.15:B1	wild_cluster	0.0006922743975129	0.10425424583823777	5946	4	>20	0.4837151034996375
ENSMUSG00000026596.14:B1	wild_cluster	0.4385907418036929	0.5097633136094675	6759	5	>20	0.778598029491237
ENSMUSG00000026991.21:B1	wild_cluster	0.2944520581442694	0.5320740602206845	5346	6	>20	0.7902342149201455
ENSMUSG00000027642.16:B1	wild_cluster	0.0003148970960212	0.09541420118343195	6759	5	>20	0.4808925487948958
ENSMUSG00000028161.18:B1	wild_cluster	0.0001124632561933	0.39271255060728744	740	11	>20	0.7135019226060081
ENSMUSG00000029167.14:B1	wild_cluster	0.9819072089170046	0.9167159763313609	6759	5	>20	0.9905913316527479
ENSMUSG00000029674.14:B1	wild_cluster	0.4295476079346835	0.3952633728052266	2448	2	>20	0.715533812825331
ENSMUSG00000030257.17:B1	wild_cluster	0.0589482752458339	0.4302108353349346	3746	8	>20	0.7306264923722217
ENSMUSG00000030970.17:B1	wild_cluster	0.9689416987775415	0.7642585551330798	788	2	1-5	0.9206736993867843
ENSMUSG00000031642.10:B1	wild_cluster	0.0350699363074698	0.12244897959183673	3723	2	11-20	0.5088259170458193
ENSMUSG00000032115.15:B1	wild_cluster	0.0338774288159908	0.3901788097144382	3746	8	>20	0.7135019226060081
ENSMUSG00000032527.14:B1	wild_cluster	1.560840554428659e-50	0.008912056499075165	5946	4	>20	0.4062768507212951
ENSMUSG00000033209.18:B1	wild_cluster	1.0	1.0	544	3	6-10	1.0
ENSMUSG00000034042.17:B1	wild_cluster	0.999968851300153	0.9857393593681439	4557	3	>20	1.0
ENSMUSG00000034825.15:B1	wild_cluster	0.9142937518472718	0.8093156213216748	5946	4	>20	0.9416007549555419
ENSMUSG00000035640.19:B1	wild_cluster	0.1394005254910743	0.32189349112426036	6759	5	>20	0.6706612069249431
ENSMUSG00000036564.18:B1	wild_cluster	0.0002167979738634	0.33724753405354624	2128	9	>20	0.6796392655758321
ENSMUSG00000037375.17:B1	wild_cluster	0.7727179116760992	0.6404403866809882	3723	2	11-20	0.8545100124047492
ENSMUSG00000038143.17:B1	wild_cluster	4.981936075707545e-34	0.08100929614873838	752	16	>20	0.47174467816973154
ENSMUSG00000038665.16:B1	wild_cluster	0.5001142795225445	0.4405879951000408	2448	2	>20	0.7376523570590322
ENSMUSG00000039578.18:B1	wild_cluster	0.4244455015414184	0.3999210422424003	2532	3	11-20	0.7182190521974527
ENSMUSG00000040433.17:B1	wild_cluster	0.2893428281578284	0.42396449704142014	6759	5	>20	0.7273766167945818
ENSMUSG00000041263.15:B1	wild_cluster	5.30538723907124e-14	0.100080064051241	3746	8	>20	0.4808925487948958
ENSMUSG00000042328.14:B1	wild_cluster	0.4496463495486044	0.4071049407921601	2448	2	>20	0.7195945688455408
ENSMUSG00000044250.9:B1	wild_cluster	0.9579684753621412	0.8849112426035503	6759	5	>20	0.9747477444274516
ENSMUSG00000046876.17:B1	wild_cluster	3.520492281132451e-08	0.06882363942397605	5346	6	>20	0.46225881142269104
ENSMUSG00000049339.17:B1	wild_cluster	0.5577603985930052	0.4519334049409237	3723	2	11-20	0.7428045572611157
ENSMUSG00000052133.17:B1	wild_cluster	0.4855666730949264	0.33686558839933073	1792	1	1-5	0.6796392655758321
ENSMUSG00000054309.10:B1	wild_cluster	0.28125687224756	0.3600134521607533	5946	4	>20	0.6918738541276598
ENSMUSG00000056486.19:B1	wild_cluster	0.9453191768507062	0.849624060150376	3723	2	11-20	0.9567715744198922
ENSMUSG00000058587.10:B1	wild_cluster	1.9932492827237853e-34	0.007248520710059172	6759	5	>20	0.4062768507212951
ENSMUSG00000060703.13:B1	wild_cluster	0.3534077812818952	0.2828282828282828	3761	1	11-20	0.639749446682312
ENSMUSG00000063065.14:B2	wild_cluster	1.0	1.0	1792	1	1-5	1.0
ENSMUSG00000071753.14:B1	wild_cluster	4.2874517685514356e-10	0.7560283687943262	704	24	>20	0.9151386237197826
ENSMUSG00000079470.9:B1	wild_cluster	0.9599968062090102	0.8797718297498903	4557	3	>20	0.971946645163922
ENSMUSG00000090207.3:B1	wild_cluster	0.5247439155802093	0.36737692872887584	1360	2	6-10	0.6954307475137422
ENSMUSG00000110007.3:B1	wild_cluster	0.7277386768293149	0.6287845546292233	4557	3	>20	0.85068117265141
ENSMUSG00000064302.14:B1	wild_cluster	0.0039966389209916	0.39109545163356824	3121	10	>20	0.7135019226060081
ENSMUSG00000064302.14:B3	wild_cluster	0.0274821198121091	0.19807692307692307	6759	5	>20	0.5788949502026925
ENSMUSG00000064302.14:B4	wild_cluster	0.1093497587821245	0.6069827033952595	3121	10	>20	0.8409380334851824
ENSMUSG00000064302.14:B5	wild_cluster	0.0013321317110065	0.350416399743754	3121	10	>20	0.6875075072747915
ENSMUSG00000064302.14:B6	wild_cluster	0.2828237357587925	0.7152466367713004	3121	10	>20	0.8932132033296307
ENSMUSG00000064302.14:B7	wild_cluster	0.094984457640968	0.27973372781065087	6759	5	>20	0.6384979193726849
ENSMUSG00000001911.17:B1	wild_cluster	2.8221529884418256e-44	0.028811524609843937	832	14	>20	0.4135401864624129
ENSMUSG00000001911.17:B3	wild_cluster	8.35907613588148e-49	0.010596962204168139	2830	7	>20	0.4062768507212951
ENSMUSG00000001911.17:B4	wild_cluster	0.0019806185622529	0.26633698339809253	2830	7	>20	0.6262587643042441
ENSMUSG00000018593.14:B1	wild_cluster	1.0390544582050416e-08	0.4028776978417266	416	12	11-20	0.7192367011784552
ENSMUSG00000018593.14:B2	wild_cluster	0.5467470187136397	0.5215178158260064	2160	4	11-20	0.7835176265382214
ENSMUSG00000018593.14:B3	wild_cluster	0.5467489131440766	0.5215178158260064	2160	4	11-20	0.7835176265382214
ENSMUSG00000024743.17:B1	wild_cluster	4.618582827616711e-49	0.02158273381294964	416	20	>20	0.4062768507212951
ENSMUSG00000024743.17:B2	wild_cluster	1.0	1.0	112	40	>20	1.0
ENSMUSG00000024743.17:B3	wild_cluster	1.6199560850988762e-11	0.14221652786675207	3121	10	>20	0.5350390646377305
ENSMUSG00000029472.14:B1	wild_cluster	3.5642367405979676e-20	0.07499332799572991	3746	8	>20	0.46652275045909
ENSMUSG00000029472.14:B2	wild_cluster	1.727144774478755e-18	0.08113157192420603	3746	8	>20	0.47174467816973154
ENSMUSG00000029472.14:B4	wild_cluster	3.4006175670871146e-30	0.019505633092315452	5946	4	>20	0.4062768507212951
ENSMUSG00000037013.18:B1	wild_cluster	0.988620777232596	0.9229323308270677	3723	2	11-20	0.9929284417390615
ENSMUSG00000037013.18:B2	wild_cluster	0.7834762871875177	0.6339712918660287	3761	1	11-20	0.8521241900245964
ENSMUSG00000037013.18:B3	wild_cluster	0.7768524555991583	0.6281233386496544	3761	1	11-20	0.8504960382920338
ENSMUSG00000054387.14:B1	wild_cluster	0.706902016472666	0.8597053171044202	3121	10	>20	0.9623904225784039
ENSMUSG00000054387.14:B2	wild_cluster	0.0427294412865065	0.22455621301775147	6759	5	>20	0.5974302031420886
ENSMUSG00000054387.14:B3	wild_cluster	0.7479178878648921	0.7097633136094674	6759	5	>20	0.8893324420456702
ENSMUSG00000004565.16:B1	wild_cluster	0.5398829567110591	0.5155020823692735	2160	4	11-20	0.7817810108044486
ENSMUSG00000004565.16:B2	wild_cluster	0.4199799690930518	0.36009667024704617	3723	2	11-20	0.6918738541276598
ENSMUSG00000020333.18:B1	wild_cluster	1.2603424488057275e-14	0.29411764705882354	16	25	>20	0.6495019601342454
ENSMUSG00000020333.18:B2	wild_cluster	0.1481916022419928	0.3285502958579882	6759	5	>20	0.6758294761622402
ENSMUSG00000022892.12:B1	wild_cluster	5.312620397646568e-27	0.34609929078014184	704	24	>20	0.6860732506491121
ENSMUSG00000022892.12:B3	wild_cluster	4.711612356786255e-41	0.03390461997019374	2683	12	>20	0.42154010255574076
ENSMUSG00000026567.17:B1	wild_cluster	0.7421542289328268	0.6434839842035981	4557	3	>20	0.8567071894020636
ENSMUSG00000026567.17:B3	wild_cluster	0.9884216872560158	0.9524967271367122	5346	6	>20	1.0
ENSMUSG00000028926.16:B1	wild_cluster	2.3034727074444414e-37	0.04387990762124711	432	15	>20	0.4370964032340817
ENSMUSG00000028926.16:B2	wild_cluster	0.000503929582351	0.3225496476617553	3121	10	>20	0.6714054760410588
ENSMUSG00000031353.14:B1	wild_cluster	0.9068843053499748	0.7178545187362234	1360	2	6-10	0.8947287730752262
ENSMUSG00000031353.14:B2	wild_cluster	0.7593790495490077	0.6089845826687932	3761	1	11-20	0.841387722762265
ENSMUSG00000034563.17:B1	wild_cluster	1.0	1.0	6759	5	>20	1.0
ENSMUSG00000034563.17:B2	wild_cluster	5.022374662072843e-07	0.2040358744394619	3121	10	>20	0.5871423113273945
ENSMUSG00000039671.19:B1	wild_cluster	6.797071468835426e-37	0.11270983213429256	416	20	>20	0.49202387361248023
ENSMUSG00000039671.19:B2	wild_cluster	0.7643012273547007	0.8782831518257527	3121	10	>20	0.9714603048472151
ENSMUSG00000043635.13:B1	wild_cluster	3.49284666769115e-10	0.039349112426035504	6759	5	>20	0.4277247270706293
ENSMUSG00000043635.13:B2	wild_cluster	8.04958831197104e-18	0.09705317104420244	3121	10	>20	0.4808925487948958
ENSMUSG00000056004.17:B1	wild_cluster	1.096256783035309e-06	0.04349838037945396	2160	4	11-20	0.4370964032340817
ENSMUSG00000056004.17:B2	wild_cluster	0.0005738410269819	0.317157712305026	576	8	11-20	0.6694000889983547
ENSMUSG00000079477.10:B1	wild_cluster	0.5653052273124922	0.3894195444526084	1360	2	6-10	0.7135019226060081
ENSMUSG00000079477.10:B2	wild_cluster	0.9560207368262548	0.8576528335564481	2240	1	6-10	0.9619205843455998
ENSMUSG00000001794.14:B1	wild_cluster	0.6450714895421324	0.5390450691655511	2240	1	6-10	0.7954024216885118
ENSMUSG00000004099.17:B1	wild_cluster	0.0052050428792754	0.13351269547671094	5946	4	>20	0.5237895441758825
ENSMUSG00000006362.17:B1	wild_cluster	0.3095629161371138	0.2509303561935141	3761	1	11-20	0.6157545447481213
ENSMUSG00000010505.17:B1	wild_cluster	0.5191357961543941	0.5073146124096183	5946	4	>20	0.7779889688759366
ENSMUSG00000016386.16:B1	wild_cluster	0.0011631161774616	0.07719767960731816	2240	1	6-10	0.46988072736595277
ENSMUSG00000019189.14:B1	wild_cluster	0.5970914561046655	0.5296182536200088	4557	3	>20	0.7883506840761763
ENSMUSG00000020211.16:B1	wild_cluster	0.945550541597704	0.6698271054099275	1792	1	1-5	0.8718815872214994
ENSMUSG00000020647.11:B1	wild_cluster	0.483232036693016	0.5378698224852071	6759	5	>20	0.7947734350669573
ENSMUSG00000021097.16:B1	wild_cluster	4.670683972537562e-06	0.09276229661492426	5346	6	>20	0.4808925487948958
ENSMUSG00000021693.21:B1	wild_cluster	0.7491728634484521	0.6676194365046958	2448	2	>20	0.8712802175418634
ENSMUSG00000022285.18:B1	wild_cluster	2.5804185130531793e-10	0.1232986389111289	3746	8	>20	0.5099976850725516
ENSMUSG00000022711.17:B1	wild_cluster	0.0005632793975255	0.1014792899408284	6759	5	>20	0.4808925487948958
ENSMUSG00000023923.11:B1	wild_cluster	0.8313568108074785	0.672514619883041	3761	1	11-20	0.8736077711146963
ENSMUSG00000024477.5:B1	wild_cluster	2.26269246009604e-90	0.004035648225996301	5946	4	>20	0.4062768507212951
ENSMUSG00000024976.15:B1	wild_cluster	0.9943977035768412	0.9414201183431953	6759	5	>20	1.0
ENSMUSG00000025428.16:B1	wild_cluster	0.8685384085593537	0.7515527950310559	1126	5	11-20	0.9136986747754561
ENSMUSG00000026141.14:B1	wild_cluster	0.7759622838891769	0.6270600744284954	3761	1	11-20	0.8502573789417937
ENSMUSG00000026657.18:B1	wild_cluster	0.455501629390448	0.4208448480063166	2532	3	11-20	0.7248600679617999
ENSMUSG00000027087.12:B1	wild_cluster	1.1996033251874177e-05	0.07100591715976332	6759	5	>20	0.46225881142269104
ENSMUSG00000027677.18:B1	wild_cluster	0.0075548158843584	0.42536835361947467	3121	10	>20	0.7278497688652653
ENSMUSG00000028229.12:B1	wild_cluster	0.873890691884562	0.7548335123523093	3723	2	11-20	0.9146243735200004
ENSMUSG00000028803.19:B1	wild_cluster	0.4722383621571197	0.4817214252660805	2160	4	11-20	0.7633688691677389
ENSMUSG00000029202.13:B1	wild_cluster	0.6797510806144305	0.6191356986715991	5946	4	>20	0.8461081711082518
ENSMUSG00000029722.16:B1	wild_cluster	1.0	1.0	5946	4	>20	1.0
ENSMUSG00000030309.17:B1	wild_cluster	0.0533813452119562	0.1361439312567132	3723	2	11-20	0.5261217052794015
ENSMUSG00000031078.16:B1	wild_cluster	1.295406393717719e-09	0.15895443306252208	2830	7	>20	0.5555320725532211
ENSMUSG00000031706.8:B1	wild_cluster	0.4603692441108834	0.4383501535761299	4557	3	>20	0.736375800248308
ENSMUSG00000032187.17:B2	wild_cluster	3.6684411880716555e-40	0.04993252361673414	740	11	>20	0.4409746913028649
ENSMUSG00000032554.16:B1	wild_cluster	0.5206441801702302	0.42659526996876396	2240	1	6-10	0.7288953794977892
ENSMUSG00000033316.15:B1	wild_cluster	0.0006946121279413	0.10399408284023669	6759	5	>20	0.4837151034996375
ENSMUSG00000034156.17:B1	wild_cluster	8.694001416335571e-05	0.3250352278064819	2128	9	>20	0.6745927128345012
ENSMUSG00000034867.17:B1	wild_cluster	1.1165713629800217e-15	0.04170562932485506	5346	6	>20	0.4336613123315947
ENSMUSG00000035762.12:B1	wild_cluster	0.9402702842091348	0.8412645031108121	5946	4	>20	0.9528391699379143
ENSMUSG00000036622.16:B1	wild_cluster	0.1712739294313649	0.34911242603550297	6759	5	>20	0.6875075072747915
ENSMUSG00000037487.8:B1	wild_cluster	0.0578407880935451	0.4291433146517214	3746	8	>20	0.7299173681997473
ENSMUSG00000038178.17:B1	wild_cluster	0.0007397222790416	0.14812044136899197	5346	6	>20	0.5409406688044812
ENSMUSG00000038773.12:B1	wild_cluster	0.0754119263555623	0.26005917159763314	6759	5	>20	0.6224415929436105
ENSMUSG00000039686.15:B1	wild_cluster	2.3899178679119414e-45	0.01737905119774542	2128	9	>20	0.4062768507212951
ENSMUSG00000040506.17:B1	wild_cluster	0.9070594829018062	0.8332840236686391	6759	5	>20	0.950268718262156
ENSMUSG00000041362.18:B1	wild_cluster	0.0935446373243232	0.44966442953020136	2830	7	>20	0.7418549415780976
ENSMUSG00000042423.10:B1	wild_cluster	0.5282685355803284	0.8071748878923767	3121	10	>20	0.9410406427232172
ENSMUSG00000044475.15:B1	wild_cluster	0.589486826237878	0.5232558139534884	4557	3	>20	0.7845344179836683
ENSMUSG00000047248.21:B1	wild_cluster	0.6714587531146256	0.538809144072302	3761	1	11-20	0.7954024216885118
ENSMUSG00000049658.14:B1	wild_cluster	0.048415308975526	0.40303779583186156	2830	7	>20	0.7192367011784552
ENSMUSG00000052459.14:B1	wild_cluster	0.0794169704683434	0.3592668786235272	5346	6	>20	0.6918738541276598
ENSMUSG00000054459.9:B1	wild_cluster	0.4052874534342323	0.4405582646712628	5946	4	>20	0.7376523570590322
ENSMUSG00000056673.15:B1	wild_cluster	0.9826515254645708	0.9001184366363996	2532	3	11-20	0.9802549307914618
ENSMUSG00000058756.14:B1	wild_cluster	6.209836522556048e-08	0.24236730859558478	2128	9	>20	0.6099503589996492
ENSMUSG00000061143.16:B1	wild_cluster	0.5095313724087805	0.41281233386496546	3761	1	11-20	0.7217467129056513
ENSMUSG00000063450.15:B1	wild_cluster	2.0118079936836463e-37	0.03355704697986577	2830	7	>20	0.418717375093214
ENSMUSG00000068663.15:B1	wild_cluster	4.346525255888348e-32	0.06147540983606557	2683	12	>20	0.4608847075722556
ENSMUSG00000072946.13:B1	wild_cluster	0.8374264073540795	0.6223067173637515	788	2	1-5	0.8468348301720606
ENSMUSG00000084950.8:B1	wild_cluster	0.9123920826538124	0.83698224852071	6759	5	>20	0.9503853034264483
ENSMUSG00000113216.3:B1	wild_cluster	0.9011371251010346	0.8014480035103115	4557	3	>20	0.9376823398352111
ENSMUSG00000001632.17:B1	wild_cluster	3.261665069624506e-06	0.04627487274409996	2160	4	11-20	0.43963983201651363
ENSMUSG00000001632.17:B2	wild_cluster	0.9670544524321384	0.8807733619763695	3723	2	11-20	0.9721888372490781
ENSMUSG00000001632.17:B3	wild_cluster	0.967054822850293	0.8807733619763695	3723	2	11-20	0.9721888372490781
ENSMUSG00000001632.17:B5	wild_cluster	0.8588472647598084	0.7349624060150376	3723	2	11-20	0.9035281561041497
ENSMUSG00000041164.16:B1	wild_cluster	1.3797933219843985e-19	0.30344827586206896	144	21	>20	0.6537863941322541
ENSMUSG00000041164.16:B2	wild_cluster	0.0165622553952369	0.3465206640762981	2830	7	>20	0.6860732506491121
ENSMUSG00000041164.16:B3	wild_cluster	0.04408795620267	0.39879901095019427	2830	7	>20	0.7182190521974527
ENSMUSG00000041164.16:B4	wild_cluster	1.9789923875927536e-05	0.4909963985594238	832	14	>20	0.7680461159861017
ENSMUSG00000018750.15:B1	wild_cluster	1.0	1.0	2683	12	>20	1.0
ENSMUSG00000018750.15:B2	wild_cluster	0.988756682920018	0.953057789414625	5346	6	>20	1.0
ENSMUSG00000018750.15:B3	wild_cluster	0.4002940072023899	0.5932298485131849	5346	6	>20	0.8335278321930644
ENSMUSG00000024862.17:B3	wild_cluster	0.2029597912647801	0.3173028417689591	5946	4	>20	0.6694000889983547
ENSMUSG00000024862.17:B4	wild_cluster	2.521995684977549e-11	0.05397103992979377	4557	3	>20	0.45151538778765504
ENSMUSG00000029657.16:B1	wild_cluster	0.0031214466586535	0.6650660264105642	832	14	>20	0.8698970985640041
ENSMUSG00000029657.16:B2	wild_cluster	0.2438313808342268	0.5485694101024373	2830	7	>20	0.8012135780098896
ENSMUSG00000029657.16:B3	wild_cluster	0.0003036076242935	0.23277993641822678	2830	7	>20	0.6058212481985369
ENSMUSG00000037032.17:B1	wild_cluster	1.0	1.0	64	18	11-20	1.0
ENSMUSG00000037032.17:B2	wild_cluster	0.0295014848463465	0.27379839162146996	5346	6	>20	0.6331283098585031
ENSMUSG00000037032.17:B3	wild_cluster	4.1554412156426967e-10	0.22168405365126675	2683	12	>20	0.5951121624424154
ENSMUSG00000054640.16:B1	wild_cluster	1.3255773554777602e-05	0.6188579017264276	752	16	>20	0.8461081711082518
ENSMUSG00000054640.16:B3	wild_cluster	2.5442244969067446e-48	0.01200960768614892	3746	8	>20	0.4062768507212951
ENSMUSG00000005034.16:B1	wild_cluster	1.471274303915165e-20	0.23745410036719705	816	18	>20	0.6086785722830029
ENSMUSG00000005034.16:B2	wild_cluster	0.0014652883698898	0.507451564828614	2683	12	>20	0.7779889688759366
ENSMUSG00000020340.17:B1	wild_cluster	5.901757471654895e-47	0.06382978723404255	704	24	>20	0.4608847075722556
ENSMUSG00000020340.17:B2	wild_cluster	6.358216494674614e-41	0.03427719821162444	2683	12	>20	0.42154010255574076
ENSMUSG00000022897.16:B1	wild_cluster	6.559053762451974e-13	0.07212475633528265	512	10	11-20	0.4646362487070452
ENSMUSG00000022897.16:B2	wild_cluster	6.798324674521554e-19	0.01685891748003549	1126	5	11-20	0.4062768507212951
ENSMUSG00000026743.17:B1	wild_cluster	3.3546262148633017e-14	0.100080064051241	3746	8	>20	0.4808925487948958
ENSMUSG00000026743.17:B2	wild_cluster	0.9060960560090616	0.8015806288885152	5946	4	>20	0.9376823398352111
ENSMUSG00000028931.13:B1	wild_cluster	2.740809361295396e-29	0.5161290322580645	30	25	11-20	0.7817886141156817
ENSMUSG00000028931.13:B2	wild_cluster	6.656973268673478e-05	0.08106508875739644	6759	5	>20	0.47174467816973154
ENSMUSG00000031393.17:B1	wild_cluster	6.9243166300696e-13	0.29411764705882354	16	13	>20	0.6495019601342454
ENSMUSG00000031393.17:B2	wild_cluster	0.0078730031136839	0.21095941649523098	5346	6	>20	0.5882245182474101
ENSMUSG00000034730.18:B1	wild_cluster	7.104886366735061e-20	0.36930455635491605	416	20	>20	0.6959625866241093
ENSMUSG00000034730.18:B2	wild_cluster	1.0	1.0	3121	10	>20	1.0
ENSMUSG00000039713.18:B1	wild_cluster	0.0222004762776519	0.16848831343534557	5946	4	>20	0.5582062116269537
ENSMUSG00000039713.18:B2	wild_cluster	0.0080652942566512	0.14124768790987052	5946	4	>20	0.5336287755181988
ENSMUSG00000044768.17:B1	wild_cluster	0.2922341137443195	0.36724398856566337	5946	4	>20	0.6954307475137422
ENSMUSG00000044768.17:B2	wild_cluster	0.1549291205392278	0.2356063699469171	2448	2	>20	0.6071073836680487
ENSMUSG00000056158.15:B1	wild_cluster	0.0079750126181717	0.14107953590045402	5946	4	>20	0.5334421508963295
ENSMUSG00000056158.15:B2	wild_cluster	0.1943400096622467	0.25724785626786445	2448	2	>20	0.6202669728154842
ENSMUSG00000079487.12:B1	wild_cluster	0.6643518954717713	0.5822729267222466	4557	3	>20	0.8266656089874627
ENSMUSG00000079487.12:B2	wild_cluster	2.047038946734335e-18	0.03413485791155204	5946	4	>20	0.42154010255574076
ENSMUSG00000001802.17:B1	wild_cluster	0.514059854650339	0.41573631047315257	3761	1	11-20	0.723551920436033
ENSMUSG00000004110.18:B1	wild_cluster	0.2244681304811966	0.5788630904723779	3746	8	>20	0.8255973266499582
ENSMUSG00000006392.17:B1	wild_cluster	0.6779357027579712	0.5446570972886763	3761	1	11-20	0.7991666503072302
ENSMUSG00000010660.4:B1	wild_cluster	0.944097847461577	0.8301435406698564	3761	1	11-20	0.950268718262156
ENSMUSG00000016534.16:B1	wild_cluster	3.0504487104203323e-26	0.0875558867362146	2683	12	>20	0.47479339520313996
ENSMUSG00000019194.16:B1	wild_cluster	1.5810826771381978e-23	0.00971772327626099	2160	4	11-20	0.4062768507212951
ENSMUSG00000020220.17:B1	wild_cluster	0.0007942408996614	0.3654297792390794	2128	9	>20	0.6935150097393806
ENSMUSG00000020656.17:B1	wild_cluster	0.987590979619485	0.9250398724082934	3761	1	11-20	0.9935304068778777
ENSMUSG00000021109.14:B1	wild_cluster	3.075776171046961e-20	0.03127627375147133	5946	4	>20	0.4135401864624129
ENSMUSG00000021694.19:B1	wild_cluster	0.9237883483992296	0.8253620008775779	4557	3	>20	0.9477316226845809
ENSMUSG00000022296.11:B1	wild_cluster	0.9333467209397442	0.8865647626709574	1242	6	11-20	0.9751344059544418
ENSMUSG00000022761.13:B1	wild_cluster	0.9444186572589454	0.8306751727804359	3761	1	11-20	0.950268718262156
ENSMUSG00000023960.14:B1	wild_cluster	3.743953625884581e-06	0.06494082840236687	6759	5	>20	0.4608847075722556
ENSMUSG00000024491.17:B2	wild_cluster	0.9343168610820548	0.8147262094630515	3761	1	11-20	0.9440986302346002
ENSMUSG00000025437.16:B3	wild_cluster	4.28346082532836e-05	0.3132926256458431	2128	9	>20	0.6657097797545539
ENSMUSG00000026153.16:B1	wild_cluster	0.005188070208511	0.08297529538131042	3723	2	11-20	0.47174467816973154
ENSMUSG00000026667.15:B2	wild_cluster	0.1064813664876569	0.29142011834319526	6759	5	>20	0.6473387345478859
ENSMUSG00000027678.18:B1	wild_cluster	0.1381780980745114	0.27543299142424754	5946	4	>20	0.6331857714829683
ENSMUSG00000028248.16:B1	wild_cluster	0.0169304039006315	0.611336032388664	740	11	>20	0.842510856457533
ENSMUSG00000028822.12:B1	wild_cluster	2.083715683175951e-06	0.08697427521437322	2448	2	>20	0.47479339520313996
ENSMUSG00000029211.12:B1	wild_cluster	0.4092421398897793	0.3272195640616693	3761	1	11-20	0.6755006231515644
ENSMUSG00000030310.12:B1	wild_cluster	0.0355055696856147	0.18597612241466285	5946	4	>20	0.5693254400567805
ENSMUSG00000031112.11:B1	wild_cluster	0.001388665448232	0.07357679914070892	3723	2	11-20	0.46648276226674446
ENSMUSG00000031709.16:B1	wild_cluster	0.5366851677990963	0.47848401105408606	2532	3	11-20	0.7633688691677389
ENSMUSG00000032192.10:B1	wild_cluster	0.083392783151801	0.1520912547528517	788	2	1-5	0.5469927272616573
ENSMUSG00000032558.20:B1	wild_cluster	0.963881368041362	0.8767454350161117	3723	2	11-20	0.970999978236243
ENSMUSG00000033326.16:B1	wild_cluster	0.8381675613539381	0.8205953338696702	1242	6	11-20	0.94637079325868
ENSMUSG00000034157.13:B1	wild_cluster	4.771234850264122e-12	0.19076005961251863	2683	12	>20	0.5723647326170157
ENSMUSG00000034891.14:B1	wild_cluster	0.0150328701228488	0.17366863905325444	6759	5	>20	0.5605944243913678
ENSMUSG00000035765.11:B1	wild_cluster	0.7187970175738073	0.5797529538131042	3723	2	11-20	0.8257229632337099
ENSMUSG00000036644.16:B1	wild_cluster	0.8293697119398322	0.7655325443786982	6759	5	>20	0.9206736993867843
ENSMUSG00000037492.17:B1	wild_cluster	0.0274330048927447	0.10977242302543508	2240	1	6-10	0.4860396790295065
ENSMUSG00000038181.17:B1	wild_cluster	0.1201753941395621	0.26793151318833874	2160	4	11-20	0.6272006702055247
ENSMUSG00000038774.10:B1	wild_cluster	0.9907403839256482	0.9238271397343198	5946	4	>20	0.9929302681124544
ENSMUSG00000039697.17:B1	wild_cluster	0.1700414633261836	0.5401654657058981	3746	8	>20	0.7954554175859652
ENSMUSG00000040536.16:B1	wild_cluster	0.4489235819040258	0.375671321160043	3723	2	11-20	0.7029895186738673
ENSMUSG00000041408.19:B1	wild_cluster	7.407798050060325e-08	0.06647652479157526	4557	3	>20	0.4608847075722556
ENSMUSG00000042429.9:B1	wild_cluster	0.4238950009775213	0.4487977131326719	5946	4	>20	0.7411762233058684
ENSMUSG00000044477.13:B1	wild_cluster	0.0133254460896405	0.33407572383073497	448	4	6-10	0.6787082352280288
ENSMUSG00000047284.15:B1	wild_cluster	3.206149132488894e-08	0.036094400740397964	2160	4	11-20	0.42154010255574076
ENSMUSG00000049659.16:B1	wild_cluster	0.7712999544578832	0.6678367705133831	4557	3	>20	0.8713107095980589
ENSMUSG00000052488.8:B1	wild_cluster	0.0369311876783389	0.21420118343195266	6759	5	>20	0.5892456975867133
ENSMUSG00000054484.15:B1	wild_cluster	0.0091486319892369	0.10738968633705476	3761	1	11-20	0.4860396790295065
ENSMUSG00000056692.14:B1	wild_cluster	0.5158776474648787	0.7902946273830156	576	8	11-20	0.9346886506019608
ENSMUSG00000058793.15:B1	wild_cluster	8.154158442644742e-40	0.0553306342780027	740	11	>20	0.452113975360941
ENSMUSG00000061244.15:B1	wild_cluster	0.2570404238206196	0.22594364699627859	3761	1	11-20	0.5987839895618191
ENSMUSG00000063455.17:B1	wild_cluster	1.0	1.0	6759	5	>20	1.0
ENSMUSG00000068735.15:B1	wild_cluster	0.1897083296362018	0.20132255694342396	1360	2	6-10	0.5837738123168504
ENSMUSG00000073274.6:B1	wild_cluster	0.2165092221955337	0.48288760052365814	5346	6	>20	0.7633688691677389
ENSMUSG00000085246.3:B1	wild_cluster	1.0	1.0	4557	3	>20	1.0
ENSMUSG00000092341.5:B1	wild_cluster	4.451273203416742e-09	0.7872340425531915	704	24	>20	0.9330488968730704
ENSMUSG00000113634.2:B1	wild_cluster	0.7071958629071654	0.6015171798304328	2240	1	6-10	0.8378341617979238
ENSMUSG00000004562.17:B1	wild_cluster	1.0	1.0	184	3	1-5	1.0
ENSMUSG00000004562.17:B2	wild_cluster	0.3023777215034002	0.2637215528781794	2240	1	6-10	0.6241502716168502
ENSMUSG00000004562.17:B3	wild_cluster	0.8883949399465226	0.7541276215975011	2240	1	6-10	0.9141394320005058
ENSMUSG00000004562.17:B4	wild_cluster	0.91027122789529	0.7942882641677822	2240	1	6-10	0.9348266603157711
ENSMUSG00000004562.17:B6	wild_cluster	0.4577637154259629	0.328434974283615	1360	2	6-10	0.6758294761622402
ENSMUSG00000042323.18:B1	wild_cluster	7.814327588424114e-17	0.10153747597693787	3121	10	>20	0.4808925487948958
ENSMUSG00000042323.18:B3	wild_cluster	2.4480719503416705e-07	0.05458579881656805	6759	5	>20	0.452113975360941
ENSMUSG00000042323.18:B4	wild_cluster	0.0014026880812497	0.11464497041420119	6759	5	>20	0.49565467478401515
ENSMUSG00000042323.18:B7	wild_cluster	4.058610034383754e-32	0.06004618937644342	432	15	>20	0.4608847075722556
ENSMUSG00000018841.18:B1	wild_cluster	0.4738974044732697	0.392681838464971	2240	1	6-10	0.7135019226060081
ENSMUSG00000018841.18:B2	wild_cluster	0.4761809204377117	0.4011601963409192	2240	1	6-10	0.7182190521974527
ENSMUSG00000018841.18:B3	wild_cluster	4.868674378900807e-08	0.055778670236501564	2240	1	6-10	0.4522703731089622
ENSMUSG00000024908.16:B1	wild_cluster	5.083933435094571e-13	0.10745233968804159	576	8	11-20	0.4860396790295065
ENSMUSG00000024908.16:B2	wild_cluster	0.9292158214220466	0.8232299861175382	2160	4	11-20	0.9472966303226096
ENSMUSG00000024908.16:B4	wild_cluster	1.0	1.0	2160	4	11-20	1.0
ENSMUSG00000029769.18:B1	wild_cluster	3.392451284602078e-06	0.2097053726169844	576	8	11-20	0.5882245182474101
ENSMUSG00000029769.18:B2	wild_cluster	0.4046120050137425	0.584070796460177	1242	6	11-20	0.8284325916321803
ENSMUSG00000029769.18:B3	wild_cluster	0.0056397268254373	0.4003466204506066	576	8	11-20	0.7182190521974527
ENSMUSG00000037300.20:B1	wild_cluster	1.2098987196172074e-32	0.09694555112881806	752	16	>20	0.4808925487948958
ENSMUSG00000037300.20:B4	wild_cluster	4.034733590544391e-07	0.15345609821190287	3746	8	>20	0.5493339809943422
ENSMUSG00000037300.20:B5	wild_cluster	3.624239239328959e-28	0.04777155057379237	3746	8	>20	0.43963983201651363
ENSMUSG00000055053.19:B1	wild_cluster	6.962346660787314e-06	0.2378167641325536	512	10	11-20	0.6086785722830029
ENSMUSG00000055053.19:B2	wild_cluster	0.9862172199912028	0.8846495119787046	1126	5	11-20	0.9746984566613541
ENSMUSG00000055053.19:B4	wild_cluster	0.0006037079663867	0.10913930789707187	1126	5	11-20	0.4860396790295065
ENSMUSG00000005907.15:B1	wild_cluster	2.4420348091218686e-101	0.0016815200941651253	5946	4	>20	0.4062768507212951
ENSMUSG00000005907.15:B2	wild_cluster	7.1790561021209025e-09	0.2466467958271237	2683	12	>20	0.6144966205521019
ENSMUSG00000020385.17:B1	wild_cluster	0.6197444241472884	0.49489795918367346	3723	2	11-20	0.7690532828804467
ENSMUSG00000020385.17:B2	wild_cluster	0.5265802994169542	0.423444976076555	3761	1	11-20	0.7273766167945818
ENSMUSG00000022914.18:B1	wild_cluster	0.0001457212730757	0.758873929008568	816	18	>20	0.9168536011582806
ENSMUSG00000022914.18:B2	wild_cluster	3.647254193931359e-26	0.4482758620689655	144	27	>20	0.7411762233058684
ENSMUSG00000026811.19:B2	wild_cluster	0.8686243735843278	0.7483888292158969	3723	2	11-20	0.9112073250910024
ENSMUSG00000028937.15:B2	wild_cluster	0.4159021353290463	0.3405103668261563	3761	1	11-20	0.6822357572627539
ENSMUSG00000031523.17:B1	wild_cluster	0.0019280199080734	0.21399839098954143	1242	6	11-20	0.5892456975867133
ENSMUSG00000031523.17:B2	wild_cluster	0.1576901884244609	0.22384524279510462	2532	3	11-20	0.5970614366231806
ENSMUSG00000034731.12:B1	wild_cluster	0.0359739602436206	0.8711819389110226	752	16	>20	0.9681715164741003
ENSMUSG00000034731.12:B2	wild_cluster	0.1724171231135048	0.5420336269015212	3746	8	>20	0.7969934703900601
ENSMUSG00000039844.21:B1	wild_cluster	9.749619471592158e-25	0.0618193465727098	3121	10	>20	0.4608847075722556
ENSMUSG00000039844.21:B2	wild_cluster	4.989867139564719e-19	0.01952662721893491	6759	5	>20	0.4062768507212951
ENSMUSG00000045009.10:B1	wild_cluster	0.3724259747915457	0.32867883995703545	3723	2	11-20	0.6758294761622402
ENSMUSG00000045009.10:B2	wild_cluster	0.6181117311981974	0.49362041467304624	3761	1	11-20	0.7690532828804467
ENSMUSG00000056222.16:B1	wild_cluster	3.4571619670665708e-06	0.3315946348733234	2683	12	>20	0.6787082352280288
ENSMUSG00000056222.16:B2	wild_cluster	0.2173579516854931	0.4830746212829624	5346	6	>20	0.7633688691677389
ENSMUSG00000079557.12:B1	wild_cluster	0.9188565054900232	0.7864192656928544	2532	3	11-20	0.932448472158793
ENSMUSG00000079557.12:B2	wild_cluster	0.0062149367714015	0.12941176470588237	84	4	1-5	0.5152102084198062
ENSMUSG00000001833.18:B1	wild_cluster	0.064620525588517	0.34037778193379464	5346	6	>20	0.6822357572627539
ENSMUSG00000004187.12:B1	wild_cluster	0.0455965451244155	0.40779290098745663	3746	8	>20	0.7195945688455408
ENSMUSG00000006418.18:B1	wild_cluster	0.7211246768974497	0.5872717508055854	3723	2	11-20	0.8293067288961614
ENSMUSG00000010663.6:B1	wild_cluster	0.7361306024933987	0.6186340307935254	2532	3	11-20	0.8461081711082518
ENSMUSG00000016624.16:B1	wild_cluster	0.7406180119286563	0.7057692307692308	6759	5	>20	0.8869428837724634
ENSMUSG00000019428.17:B1	wild_cluster	0.0003385297264973	0.1002661934338953	1126	5	11-20	0.4808925487948958
ENSMUSG00000020230.16:B1	wild_cluster	0.5546122843554335	0.4503222341568206	3723	2	11-20	0.7426018633746101
ENSMUSG00000020657.17:B1	wild_cluster	0.7814889101515683	0.6885536823425022	1126	5	11-20	0.8794379133018254
ENSMUSG00000021111.16:B1	wild_cluster	0.0006843911883666	0.6812933025404158	432	15	>20	0.8768967091723633
ENSMUSG00000021700.11:B1	wild_cluster	0.0004066762145927	0.23807841752031084	2830	7	>20	0.6086785722830029
ENSMUSG00000022297.16:B1	wild_cluster	0.9999997785620676	0.8812046848856665	1792	1	1-5	0.9723339338016246
ENSMUSG00000022762.19:B1	wild_cluster	4.66587786706782e-06	0.09276229661492426	5346	6	>20	0.4808925487948958
ENSMUSG00000023965.14:B1	wild_cluster	0.2842573383243844	0.25792057117358325	2240	1	6-10	0.6212220942154081
ENSMUSG00000024498.17:B1	wild_cluster	2.6630997527663548e-27	0.0986378581493659	2128	9	>20	0.4808925487948958
ENSMUSG00000024982.11:B1	wild_cluster	0.1909370185931708	0.2757788503729706	4557	3	>20	0.6333326154782127
ENSMUSG00000025477.15:B1	wild_cluster	0.0731929016327616	0.35122498597344304	5346	6	>20	0.6879192608957623
ENSMUSG00000026171.13:B1	wild_cluster	0.7972220531317722	0.6683673469387755	3723	2	11-20	0.871646997946886
ENSMUSG00000026678.11:B1	wild_cluster	1.0	1.0	1792	1	1-5	1.0
ENSMUSG00000027184.15:B1	wild_cluster	1.0	1.0	6759	5	>20	1.0
ENSMUSG00000027698.15:B1	wild_cluster	0.001673421256724	0.11636119051622668	5946	4	>20	0.4997079042054399
ENSMUSG00000028278.15:B1	wild_cluster	0.0107873241878334	0.1503278964183622	5946	4	>20	0.5446521643846058
ENSMUSG00000028832.12:B1	wild_cluster	0.0208653141825403	0.18653846153846154	6759	5	>20	0.5693254400567805
ENSMUSG00000029221.16:B1	wild_cluster	0.0054160465574317	0.2922337870296237	3746	8	>20	0.6473387345478859
ENSMUSG00000029735.18:B1	wild_cluster	0.6580712209225259	0.4834680382072006	1360	2	6-10	0.7633688691677389
ENSMUSG00000030329.12:B1	wild_cluster	0.4236524518576384	0.4590467376214715	2160	4	11-20	0.7499622094925242
ENSMUSG00000031133.13:B1	wild_cluster	0.933044123706528	0.8110047846889952	3761	1	11-20	0.9419042487834912
ENSMUSG00000031731.17:B1	wild_cluster	0.0002009030188797	0.2985265855221012	3121	10	>20	0.6512780097937244
ENSMUSG00000032193.10:B1	wild_cluster	0.9236492982071436	0.7950558213716108	3761	1	11-20	0.9349190443982397
ENSMUSG00000032560.15:B1	wild_cluster	0.9590404042847268	0.8885259289505921	2448	2	>20	0.9760738718281349
ENSMUSG00000033373.17:B1	wild_cluster	2.4781315504939e-14	0.04914436156208864	4557	3	>20	0.43963983201651363
ENSMUSG00000034160.14:B1	wild_cluster	0.0297790536921106	0.37442599788060754	2830	7	>20	0.701385146989028
ENSMUSG00000034898.18:B1	wild_cluster	3.316434602591183e-07	0.05576923076923077	6759	5	>20	0.4522703731089622
ENSMUSG00000035776.15:B2	wild_cluster	0.4802862471679063	0.4069611780455154	2240	1	6-10	0.7195945688455408
ENSMUSG00000036667.15:B1	wild_cluster	0.1853178073542598	0.55484387510008	3746	8	>20	0.8065885718283363
ENSMUSG00000037509.22:B1	wild_cluster	1.501222548440655e-06	0.06124260355029586	6759	5	>20	0.4608847075722556
ENSMUSG00000038206.14:B1	wild_cluster	0.9933955714218754	0.9444931987713909	4557	3	>20	1.0
ENSMUSG00000038807.20:B1	wild_cluster	0.2430102304196681	0.39630177514792897	6759	5	>20	0.7160851061804091
ENSMUSG00000039701.12:B1	wild_cluster	0.2373862841624045	0.3915680473372781	6759	5	>20	0.7135019226060081
ENSMUSG00000040537.18:B1	wild_cluster	9.24688398794709e-27	0.084575260804769	2683	12	>20	0.4737058248566363
ENSMUSG00000041417.16:B1	wild_cluster	0.2148109794361521	0.4819524967271367	5346	6	>20	0.7633688691677389
ENSMUSG00000042507.16:B1	wild_cluster	0.0691535166185261	0.1419457735247209	3761	1	11-20	0.5349164552626228
ENSMUSG00000044550.12:B1	wild_cluster	0.1938626826654771	0.3206848681166127	2160	4	11-20	0.6705559934287368
ENSMUSG00000047409.14:B1	wild_cluster	1.4354463661117796e-118	0.0780608052588332	1216	1	>20	0.47003905793924766
ENSMUSG00000049775.17:B1	wild_cluster	0.0387825207280585	0.33145615446500404	1242	6	11-20	0.6787082352280288
ENSMUSG00000052512.18:B1	wild_cluster	1.7402302677564508e-48	0.017543859649122806	740	11	>20	0.4062768507212951
ENSMUSG00000054499.10:B1	wild_cluster	0.7585745249386505	0.6381079875055778	2240	1	6-10	0.8538030671472545
ENSMUSG00000056755.14:B1	wild_cluster	0.1377995839500782	0.275264839414831	5946	4	>20	0.6331283098585031
ENSMUSG00000058799.17:B1	wild_cluster	0.0097613364087037	0.15887573964497043	6759	5	>20	0.5555320725532211
ENSMUSG00000061286.8:B1	wild_cluster	0.4188782812237164	0.3595596133190118	3723	2	11-20	0.6918738541276598
ENSMUSG00000063457.15:B1	wild_cluster	0.3386252241682562	0.2623071271124173	1360	2	6-10	0.6238525613082021
ENSMUSG00000068747.15:B1	wild_cluster	0.0002592356641312	0.21857485988791034	3746	8	>20	0.5918253590213943
ENSMUSG00000073557.13:B1	wild_cluster	2.1360877992729242e-18	0.020414201183431954	6759	5	>20	0.4062768507212951
ENSMUSG00000085417.3:B1	wild_cluster	0.8568119097008672	0.7017543859649122	3761	1	11-20	0.8867992710590356
ENSMUSG00000092354.8:B1	wild_cluster	0.9200892270780856	0.8189995612110574	4557	3	>20	0.94637079325868
ENSMUSG00000113895.2:B1	wild_cluster	0.0282407916839375	0.2700579764353843	5346	6	>20	0.6288752877904337
ENSMUSG00000005506.17:B1	wild_cluster	0.949676734081445	0.9645390070921985	704	24	>20	1.0
ENSMUSG00000005506.17:B2	wild_cluster	2.5537402691710724e-08	0.07921600653327888	2448	2	>20	0.4713090084072699
ENSMUSG00000005506.17:B3	wild_cluster	1.0798145637648268e-09	0.1286362423271951	3746	8	>20	0.5152102084198062
ENSMUSG00000005506.17:B4	wild_cluster	7.052111862326768e-32	0.10092961487383798	752	16	>20	0.4808925487948958
ENSMUSG00000005506.17:B5	wild_cluster	2.1093907045063463e-39	0.021884174005871365	3746	8	>20	0.4062768507212951
ENSMUSG00000044433.17:B1	wild_cluster	0.0042981468133226	0.08596620132255695	1360	2	6-10	0.47410638896707014
ENSMUSG00000044433.17:B2	wild_cluster	0.0415719462356947	0.1945945945945946	184	3	1-5	0.5769371147983733
ENSMUSG00000044433.17:B3	wild_cluster	3.8178168248586793e-07	0.06247211066488175	2240	1	6-10	0.4608847075722556
ENSMUSG00000044433.17:B4	wild_cluster	0.6926565512522329	0.5805443998215083	2240	1	6-10	0.8257775313483898
ENSMUSG00000018906.15:B2	wild_cluster	0.9427587047163984	0.8286616660086854	2532	3	11-20	0.9495192743758338
ENSMUSG00000018906.15:B3	wild_cluster	0.9318301104919056	0.807737860244769	2532	3	11-20	0.9412084223656296
ENSMUSG00000024921.18:B1	wild_cluster	8.539636068220004e-64	0.36283185840707965	112	40	>20	0.6921417565485363
ENSMUSG00000024921.18:B2	wild_cluster	3.678434641704148e-36	0.030429212043561818	3121	10	>20	0.4135401864624129
ENSMUSG00000024921.18:B3	wild_cluster	5.5311821427991245e-46	0.3488372093023256	128	30	>20	0.6875075072747915
ENSMUSG00000029778.13:B1	wild_cluster	2.771921115327502e-13	0.10354950627168401	3746	8	>20	0.4837151034996375
ENSMUSG00000029778.13:B4	wild_cluster	5.336905293965637e-25	0.0905365126676602	2683	12	>20	0.4808925487948958
ENSMUSG00000037373.13:B1	wild_cluster	0.0345624113781646	0.12791156731148837	2532	3	11-20	0.5152102084198062
ENSMUSG00000037373.13:B2	wild_cluster	0.0005445818718652	0.18584070796460178	1242	6	11-20	0.5693254400567805
ENSMUSG00000037373.13:B5	wild_cluster	0.0815636825356357	0.17173312277931307	2532	3	11-20	0.5586945586003444
ENSMUSG00000057378.16:B1	wild_cluster	5.692439975966019e-38	0.06602641056422569	832	14	>20	0.4608847075722556
ENSMUSG00000057378.16:B2	wild_cluster	0.1389936756988675	0.48604733309784526	2830	7	>20	0.7644694048583757
ENSMUSG00000057378.16:B3	wild_cluster	1.70914500585705e-13	0.14058636524196397	2830	7	>20	0.5329231668075124
ENSMUSG00000006575.15:B1	wild_cluster	2.789589440732779e-05	0.18708299973311984	3746	8	>20	0.5693254400567805
ENSMUSG00000006575.15:B3	wild_cluster	0.1966289612630561	0.5631171603949826	3746	8	>20	0.8125673898150536
ENSMUSG00000020451.18:B1	wild_cluster	1.0	1.0	2683	12	>20	1.0
ENSMUSG00000020451.18:B2	wild_cluster	1.1459934418042728e-23	0.026556947821208154	5346	6	>20	0.4135401864624129
ENSMUSG00000022935.17:B1	wild_cluster	1.0	1.0	32	8	1-5	1.0
ENSMUSG00000022935.17:B2	wild_cluster	0.4443474481211228	0.3181242078580482	788	2	1-5	0.6696410223516178
ENSMUSG00000026826.14:B1	wild_cluster	0.079142745787984	0.1535982814178303	3723	2	11-20	0.5493339809943422
ENSMUSG00000026826.14:B2	wild_cluster	0.1046349191959995	0.15656565656565657	3761	1	11-20	0.553192810484572
ENSMUSG00000029001.16:B1	wild_cluster	7.65210146333557e-10	0.06557377049180328	304	6	6-10	0.4608847075722556
ENSMUSG00000029001.16:B2	wild_cluster	0.4361626645882916	0.31741366642174873	1360	2	6-10	0.6694000889983547
ENSMUSG00000031540.15:B1	wild_cluster	7.313372162851205e-50	0.011177347242921014	2683	12	>20	0.4062768507212951
ENSMUSG00000031540.15:B3	wild_cluster	1.6077650459994547e-39	0.038748137108792845	2683	12	>20	0.42623636961560013
ENSMUSG00000034755.19:B1	wild_cluster	0.0018901438113027	0.07491944146079485	3723	2	11-20	0.46652275045909
ENSMUSG00000034755.19:B2	wild_cluster	9.281414531622766e-05	0.10642201834862386	544	3	6-10	0.4858208398597748
ENSMUSG00000040021.14:B1	wild_cluster	0.153273614999221	0.2970846830171217	2160	4	11-20	0.6505074818094451
ENSMUSG00000040021.14:B2	wild_cluster	0.0346117730545792	0.18648773715872283	2160	4	11-20	0.5693254400567805
ENSMUSG00000045333.16:B2	wild_cluster	6.629000594210626e-15	0.010810810810810811	184	3	1-5	0.4062768507212951
ENSMUSG00000056608.15:B1	wild_cluster	0.0002066167401997	0.4366616989567809	2683	12	>20	0.7354646988053468
ENSMUSG00000056608.15:B2	wild_cluster	2.9194730657526592e-30	0.016083785300168317	5346	6	>20	0.4062768507212951
ENSMUSG00000085438.3:B1	wild_cluster	4.091183217404415e-23	0.425531914893617	704	24	>20	0.7278497688652653
ENSMUSG00000085438.3:B3	wild_cluster	3.018375334092954e-21	0.19787516600265603	752	16	>20	0.5786818005754758
ENSMUSG00000001847.15:B1	wild_cluster	2.0014076299014007e-18	0.0213078618662748	1360	2	6-10	0.4062768507212951
ENSMUSG00000004233.15:B1	wild_cluster	0.8814674757293264	0.7797208676643685	5946	4	>20	0.9268341194888445
ENSMUSG00000006435.17:B1	wild_cluster	0.0050523427002655	0.3986135181975737	576	8	11-20	0.7182190521974527
ENSMUSG00000010803.14:B1	wild_cluster	1.1847579914424672e-52	0.009073925807312517	3746	8	>20	0.4062768507212951
ENSMUSG00000016637.8:B1	wild_cluster	0.7777746556415809	0.6541650217133833	2532	3	11-20	0.8617329259637883
ENSMUSG00000019432.16:B1	wild_cluster	0.0862763587238127	0.36843089582943706	5346	6	>20	0.6956669121756331
ENSMUSG00000020235.17:B1	wild_cluster	0.8118066351299722	0.6858216970998926	3723	2	11-20	0.8781958561495774
ENSMUSG00000020661.16:B1	wild_cluster	1.5182942786155336e-05	0.3591654247391952	2683	12	>20	0.6918738541276598
ENSMUSG00000021130.9:B1	wild_cluster	1.280695001980261e-12	0.07797270955165692	512	10	11-20	0.47003905793924766
ENSMUSG00000021708.19:B1	wild_cluster	3.8719266534151953e-16	0.026183431952662723	6759	5	>20	0.4135401864624129
ENSMUSG00000022305.14:B1	wild_cluster	0.4744647264627607	0.4458095655989469	4557	3	>20	0.7400213484418862
ENSMUSG00000022763.19:B1	wild_cluster	5.430038161292863e-30	0.010502958579881656	6759	5	>20	0.4062768507212951
ENSMUSG00000023967.10:B1	wild_cluster	0.3681940961216607	0.29452418926103135	3761	1	11-20	0.6498048419256153
ENSMUSG00000024501.21:B1	wild_cluster	0.9407465191424949	0.7313054499366286	788	2	1-5	0.9014626714761982
ENSMUSG00000025016.12:B1	wild_cluster	0.0006928504025755	0.10442239784765428	5946	4	>20	0.4837151034996375
ENSMUSG00000025531.15:B1	wild_cluster	0.632609807389524	0.5024167561761547	3723	2	11-20	0.7733432149396576
ENSMUSG00000026179.15:B1	wild_cluster	1.1250072061227453e-17	0.16786570743405277	416	12	11-20	0.5582062116269537
ENSMUSG00000026701.16:B1	wild_cluster	0.0012421282706958	0.09011164274322168	3761	1	11-20	0.4808925487948958
ENSMUSG00000027194.17:B1	wild_cluster	0.5845042405167923	0.4696969696969697	3761	1	11-20	0.7564217493474316
ENSMUSG00000027722.15:B1	wild_cluster	0.5211282611618282	0.6880960791239844	2830	7	>20	0.8791294817598246
ENSMUSG00000028282.13:B1	wild_cluster	6.0275989992264e-119	0.006801228609039052	4557	3	>20	0.4062768507212951
ENSMUSG00000028833.14:B1	wild_cluster	1.4838901689130345e-05	0.2959135744480977	2128	9	>20	0.6505074818094451
ENSMUSG00000029227.16:B1	wild_cluster	2.6214728592702784e-33	0.008136094674556213	6759	5	>20	0.4062768507212951
ENSMUSG00000029752.13:B1	wild_cluster	0.994256163887494	0.9377013963480129	3723	2	11-20	0.9984605868915336
ENSMUSG00000030330.16:B1	wild_cluster	0.8409569684922975	0.7349714787187362	4557	3	>20	0.9035281561041497
ENSMUSG00000031137.18:B1	wild_cluster	0.7084248708470459	0.46387832699619774	788	2	1-5	0.7522336637721252
ENSMUSG00000031732.13:B1	wild_cluster	0.394116307323108	0.5904245371236208	5346	6	>20	0.8323414462971799
ENSMUSG00000032198.10:B1	wild_cluster	1.0	1.0	788	2	1-5	1.0
ENSMUSG00000032563.17:B1	wild_cluster	0.3075199391587726	0.2501329080276449	3761	1	11-20	0.6157545447481213
ENSMUSG00000033389.17:B1	wild_cluster	0.996844345741249	0.9419660481642321	2532	3	11-20	1.0
ENSMUSG00000034164.18:B1	wild_cluster	0.0083245354397942	0.09110947832476121	1360	2	6-10	0.4808925487948958
ENSMUSG00000034902.18:B1	wild_cluster	0.0016337849112621	0.1660744342622031	5346	6	>20	0.5571369370469129
ENSMUSG00000035835.15:B1	wild_cluster	0.8079308902867166	0.6533758639021797	3761	1	11-20	0.8611984685001736
ENSMUSG00000036686.17:B1	wild_cluster	0.573693370911236	0.3982365907421014	1360	2	6-10	0.7182190521974527
ENSMUSG00000037519.18:B1	wild_cluster	0.0108428201812345	0.13602457218078104	4557	3	>20	0.5261217052794015
ENSMUSG00000038244.15:B1	wild_cluster	2.020927866766504e-43	0.030303030303030304	32	28	>20	0.4135401864624129
ENSMUSG00000038828.14:B1	wild_cluster	0.192475173973541	0.2443742597710225	2532	3	11-20	0.6108676543636244
ENSMUSG00000039703.17:B1	wild_cluster	6.686664583583777e-29	0.020850849167647553	5946	4	>20	0.4062768507212951
ENSMUSG00000040543.17:B1	wild_cluster	1.0	1.0	5346	6	>20	1.0
ENSMUSG00000041420.19:B1	wild_cluster	0.5352695718422977	0.47690485590209236	2532	3	11-20	0.7633688691677389
ENSMUSG00000042508.17:B1	wild_cluster	0.4332427004093099	0.3567251461988304	3761	1	11-20	0.6918738541276598
ENSMUSG00000044628.6:B1	wild_cluster	1.0	1.0	1792	1	1-5	1.0
ENSMUSG00000047414.7:B1	wild_cluster	0.1940365673580547	0.2908792111750205	1216	1	>20	0.6471666253581932
ENSMUSG00000049807.17:B1	wild_cluster	0.0002222688217466	0.3001281229980782	3121	10	>20	0.6522377980200131
ENSMUSG00000052516.20:B1	wild_cluster	0.0321873630412313	0.20576923076923076	6759	5	>20	0.5882245182474101
ENSMUSG00000054728.18:B1	wild_cluster	3.336279529812485e-17	0.5617021276595745	704	24	>20	0.8110465951291573
ENSMUSG00000056763.17:B1	wild_cluster	9.892849484161477e-08	0.2749627421758569	2683	12	>20	0.6331283098585031
ENSMUSG00000058881.14:B1	wild_cluster	0.6918502502111051	0.45627376425855515	788	2	1-5	0.7468094694334703
ENSMUSG00000061288.14:B1	wild_cluster	2.26070164380639e-16	0.14456035767511177	2683	12	>20	0.5379116859054327
ENSMUSG00000063550.9:B1	wild_cluster	0.9332957502389287	0.8237394020526551	2240	1	6-10	0.9472966303226096
ENSMUSG00000068748.8:B1	wild_cluster	2.6277976811568968e-05	0.07529585798816568	6759	5	>20	0.46652275045909
ENSMUSG00000073563.4:B1	wild_cluster	0.9684490156926608	0.8740031897926634	3761	1	11-20	0.9701068269208412
ENSMUSG00000085437.9:B1	wild_cluster	0.1496614809864419	0.17251461988304093	3761	1	11-20	0.5586945586003444
ENSMUSG00000093930.3:B1	wild_cluster	0.1202273764456077	0.26366235076509165	5946	4	>20	0.6241502716168502
ENSMUSG00000114704.2:B1	wild_cluster	0.6001420384158784	0.533278553820871	1216	1	>20	0.7913733940414115
ENSMUSG00000008496.20:B1	wild_cluster	0.1516457040657016	0.4312698709556761	5346	6	>20	0.7319079488514412
ENSMUSG00000008496.20:B2	wild_cluster	0.1560693936221883	0.43706751449410886	5346	6	>20	0.7358722920193167
ENSMUSG00000008496.20:B3	wild_cluster	0.0249515095855897	0.15664765247915752	4557	3	>20	0.553192810484572
ENSMUSG00000008496.20:B4	wild_cluster	1.686308371188708e-130	0.04847986852917009	1216	1	>20	0.43963983201651363
ENSMUSG00000045098.20:B2	wild_cluster	0.0063602729226565	0.41415759128763613	3121	10	>20	0.7224838446850724
ENSMUSG00000045098.20:B3	wild_cluster	0.1675412783130305	0.3458579881656805	6759	5	>20	0.6860732506491121
ENSMUSG00000019082.19:B1	wild_cluster	1.3299793126305249e-27	0.053171044202434334	3121	10	>20	0.44899839971852634
ENSMUSG00000019082.19:B2	wild_cluster	0.0022379151630361	0.1242603550295858	6759	5	>20	0.5106377886801484
ENSMUSG00000019082.19:B3	wild_cluster	5.3800804100535344e-06	0.06701183431952663	6759	5	>20	0.46225881142269104
ENSMUSG00000025026.16:B3	wild_cluster	0.1478805866226996	0.32840236686390534	6759	5	>20	0.6758294761622402
ENSMUSG00000025026.16:B4	wild_cluster	0.2182517497736786	0.6787315823190263	3121	10	>20	0.8761098470623754
ENSMUSG00000029992.15:B2	wild_cluster	0.7844007655017143	0.6951404069278628	5946	4	>20	0.8828302821373932
ENSMUSG00000029992.15:B3	wild_cluster	0.9589170549297832	0.8862426035502958	6759	5	>20	0.9750188036120326
ENSMUSG00000037624.16:B2	wild_cluster	0.3480491622674375	0.2571109871723369	1792	1	1-5	0.6202669728154842
ENSMUSG00000058740.15:B1	wild_cluster	0.0096101883866613	0.4405824330671677	2128	9	>20	0.7376523570590322
ENSMUSG00000058740.15:B2	wild_cluster	0.0028970558887826	0.11364633611232997	4557	3	>20	0.49350874423988095
ENSMUSG00000058740.15:B4	wild_cluster	0.0629415439932261	0.33682438750701327	5346	6	>20	0.6796392655758321
ENSMUSG00000008153.13:B1	wild_cluster	0.005740303150074	0.7551963048498845	432	15	>20	0.9146243735200004
ENSMUSG00000008153.13:B2	wild_cluster	0.3010212140537967	0.7248558616271621	3121	10	>20	0.8989653590362264
ENSMUSG00000020454.18:B1	wild_cluster	1.0463479312450017e-21	0.07751441383728379	3121	10	>20	0.4698984439366785
ENSMUSG00000020454.18:B3	wild_cluster	1.0	1.0	6759	5	>20	1.0
ENSMUSG00000022961.19:B1	wild_cluster	9.258903069209252e-38	0.16170212765957448	704	24	>20	0.5555320725532211
ENSMUSG00000022961.19:B3	wild_cluster	3.688803587537267e-71	0.024691358024691357	80	36	>20	0.4062768507212951
ENSMUSG00000026853.16:B1	wild_cluster	6.19192648698875e-08	0.10022271714922049	448	4	6-10	0.4808925487948958
ENSMUSG00000026853.16:B2	wild_cluster	0.8716392299354292	0.7518796992481203	3723	2	11-20	0.9138105002766657
ENSMUSG00000029055.18:B1	wild_cluster	1.1164950098802329e-06	0.21300448430493274	3121	10	>20	0.5891725021537918
ENSMUSG00000029055.18:B2	wild_cluster	0.0002096808902392	0.6558891454965358	432	15	>20	0.8628736859668311
ENSMUSG00000031543.19:B2	wild_cluster	1.0	1.0	320	9	11-20	1.0
ENSMUSG00000034928.17:B1	wild_cluster	0.0032949782826201	0.46393762183235865	512	10	11-20	0.7522336637721252
ENSMUSG00000034928.17:B2	wild_cluster	0.1997222570866212	0.36819526627218935	6759	5	>20	0.6956669121756331
ENSMUSG00000040035.15:B1	wild_cluster	1.6022276795408152e-19	0.11922503725782414	2683	12	>20	0.5022671851566346
ENSMUSG00000040035.15:B2	wild_cluster	0.0206947306251888	0.2532261080979989	5346	6	>20	0.6171957013435763
ENSMUSG00000045348.17:B1	wild_cluster	6.678395919301427e-19	0.07899653055777955	3746	8	>20	0.4712515474974047
ENSMUSG00000045348.17:B2	wild_cluster	0.57799577137945	0.5488481587354969	5946	4	>20	0.8012135780098896
ENSMUSG00000056724.16:B1	wild_cluster	0.9260710600920676	0.6252091466815394	1792	1	1-5	0.8494977274329931
ENSMUSG00000056724.16:B3	wild_cluster	1.0	1.0	1792	1	1-5	1.0
ENSMUSG00000090112.9:B1	wild_cluster	0.9567522264616528	0.8738481790258885	4557	3	>20	0.9701068269208412
ENSMUSG00000090112.9:B2	wild_cluster	0.0220573229794238	0.25659248176547594	5346	6	>20	0.6201734087487388
ENSMUSG00000001891.17:B1	wild_cluster	0.1590810557520001	0.20635805911879532	1792	1	1-5	0.5882245182474101
ENSMUSG00000004267.17:B1	wild_cluster	0.1293061748422231	0.5089404857219109	3746	8	>20	0.7784495793159126
ENSMUSG00000006586.16:B1	wild_cluster	0.0001012564491211	0.411698956780924	2683	12	>20	0.7211054582229988
ENSMUSG00000016918.16:B1	wild_cluster	1.2491273562724528e-13	0.10168134507606084	3746	8	>20	0.4808925487948958
ENSMUSG00000019478.18:B1	wild_cluster	9.694043641531833e-34	0.016983352951067766	5946	4	>20	0.4062768507212951
ENSMUSG00000020256.15:B1	wild_cluster	0.095579890013009	0.16096324461343473	788	2	1-5	0.5555320725532211
ENSMUSG00000020668.11:B1	wild_cluster	2.5751055209775325e-104	0.0010355029585798817	6759	5	>20	0.4062768507212951
ENSMUSG00000021134.18:B1	wild_cluster	0.1037539031281976	0.2508827980494367	5946	4	>20	0.6157545447481213
ENSMUSG00000021710.12:B1	wild_cluster	0.0009621558830282	0.1091715976331361	6759	5	>20	0.4860396790295065
ENSMUSG00000022307.17:B1	wild_cluster	9.3561208225476e-28	0.2422062350119904	416	20	>20	0.6099503589996492
ENSMUSG00000022766.15:B1	wild_cluster	0.147486374054928	0.250987275120667	4557	3	>20	0.6157545447481213
ENSMUSG00000023977.16:B1	wild_cluster	1.9361038005566208e-21	0.10879547862945955	2830	7	>20	0.4860396790295065
ENSMUSG00000024513.17:B1	wild_cluster	0.792030967569107	0.7016983352951067	5946	4	>20	0.8867992710590356
ENSMUSG00000025019.18:B1	wild_cluster	6.309777671264289e-19	0.381294964028777	416	20	>20	0.7068827810223963
ENSMUSG00000025558.20:B1	wild_cluster	0.9341822012087672	0.9343369634849455	3121	10	>20	0.9981074054635851
ENSMUSG00000026721.17:B1	wild_cluster	1.1320793726765013e-17	0.08540165465705898	3746	8	>20	0.47410638896707014
ENSMUSG00000027198.17:B1	wild_cluster	0.2631565716984476	0.22807017543859648	3761	1	11-20	0.600577863032669
ENSMUSG00000027742.14:B1	wild_cluster	0.0024320711703776	0.11145239139973673	4557	3	>20	0.4879256101203754
ENSMUSG00000028309.15:B1	wild_cluster	2.265115995435085e-07	0.2512916862376703	2128	9	>20	0.6157545447481213
ENSMUSG00000028849.18:B1	wild_cluster	0.0111737656186148	0.4439461883408072	3121	10	>20	0.7381347084199946
ENSMUSG00000029238.12:B1	wild_cluster	0.0001353315652136	0.11913222367682813	5346	6	>20	0.5022671851566346
ENSMUSG00000029754.14:B1	wild_cluster	0.0015257149600559	0.07898259705488621	2240	1	6-10	0.4712515474974047
ENSMUSG00000030374.16:B1	wild_cluster	0.8624335746288182	0.7930473372781065	6759	5	>20	0.9346886506019608
ENSMUSG00000031153.17:B1	wild_cluster	0.6360703380498873	0.7407276580713529	2830	7	>20	0.9067098665935569
ENSMUSG00000031748.17:B1	wild_cluster	2.4790186883872416e-21	0.48325358851674644	208	22	>20	0.7633688691677389
ENSMUSG00000032199.14:B1	wild_cluster	1.1155484145759674e-12	0.10918544194107452	576	8	11-20	0.4860396790295065
ENSMUSG00000032564.17:B1	wild_cluster	4.667607103130319e-12	0.027764923646459973	2160	4	11-20	0.4135401864624129
ENSMUSG00000033392.17:B1	wild_cluster	2.233515190544708e-28	0.3262411347517731	704	24	>20	0.6753341830898455
ENSMUSG00000034218.17:B1	wild_cluster	0.051270830309099	0.23520710059171598	6759	5	>20	0.6069675258586653
ENSMUSG00000034912.19:B1	wild_cluster	1.0	1.0	48	12	1-5	1.0
ENSMUSG00000035851.15:B1	wild_cluster	0.1988318145947211	0.3670118343195266	6759	5	>20	0.6954307475137422
ENSMUSG00000036707.17:B1	wild_cluster	0.0035871774566277	0.1866467177856742	5346	6	>20	0.5693254400567805
ENSMUSG00000037533.21:B1	wild_cluster	0.0018903783466277	0.16850570413315877	5346	6	>20	0.5582062116269537
ENSMUSG00000038256.16:B1	wild_cluster	0.4276951012733251	0.5013309671694764	1126	5	11-20	0.7727421445095009
ENSMUSG00000038831.17:B1	wild_cluster	0.8410039098352995	0.775	6759	5	>20	0.9242997930910971
ENSMUSG00000039704.9:B1	wild_cluster	0.5457308455629113	0.5259794854548512	5946	4	>20	0.7870313644653648
ENSMUSG00000040548.17:B1	wild_cluster	4.7279542462255256e-05	0.2154715648180855	2830	7	>20	0.5893176173056948
ENSMUSG00000041426.13:B1	wild_cluster	0.7704087324342891	0.6840423743063729	5946	4	>20	0.8781111384326008
ENSMUSG00000042520.17:B1	wild_cluster	0.235749413193473	0.3908284023668639	6759	5	>20	0.7135019226060081
ENSMUSG00000044647.17:B1	wild_cluster	0.0081683027404339	0.5942622950819673	2683	12	>20	0.8341956967213116
ENSMUSG00000047454.13:B1	wild_cluster	0.0611353590407682	0.21405750798722045	5946	4	>20	0.5892456975867133
ENSMUSG00000049878.14:B1	wild_cluster	0.0001470204638616	0.3339596054485674	2128	9	>20	0.6787082352280288
ENSMUSG00000054752.17:B1	wild_cluster	4.154727626262735e-35	0.01580628888515218	5946	4	>20	0.4062768507212951
ENSMUSG00000056812.15:B1	wild_cluster	0.2632813512699959	0.3504287876240121	5946	4	>20	0.6875075072747915
ENSMUSG00000058886.10:B1	wild_cluster	0.3008927470518465	0.34028082492321193	4557	3	>20	0.6822357572627539
ENSMUSG00000061313.11:B1	wild_cluster	5.410813114269828e-38	0.03002472624514306	2830	7	>20	0.4135401864624129
ENSMUSG00000063663.12:B1	wild_cluster	8.101984477299386e-13	0.03284023668639053	6759	5	>20	0.41840536512667664
ENSMUSG00000068882.14:B1	wild_cluster	0.3291274146054626	0.4485207100591716	6759	5	>20	0.7411762233058684
ENSMUSG00000073725.9:B1	wild_cluster	2.583982867364226e-12	0.04926853875903817	5946	4	>20	0.43963983201651363
ENSMUSG00000085568.8:B1	wild_cluster	0.8933246022645165	0.7906507482764419	5946	4	>20	0.9346886506019608
ENSMUSG00000096054.4:B1	wild_cluster	1.5662651277704922e-12	0.6851063829787234	704	24	>20	0.8781111384326008
ENSMUSG00000115186.2:B1	wild_cluster	0.0231494660492858	0.36276933945602263	2830	7	>20	0.6921417565485363
