test_id	gene_id	coordinates	cosine_similarity	fold0_p_value	fold1_p_value	both_nominal	both_bh
ENSMUSG00000000305.13:B1	ENSMUSG00000000305.13	20	0.012741913273155176	2.0277782700076555e-46	0.9048630022637196	False	False
ENSMUSG00000000440.13:B1	ENSMUSG00000000440.13	2	0.9999999999999999	0.4323883112553994	0.8831631593322685	False	False
ENSMUSG00000000441.18:B1	ENSMUSG00000000441.18	2	-1.0000000000000002	0.3615622971503984	0.5500021476135826	False	False
ENSMUSG00000000552.11:B1	ENSMUSG00000000552.11	3	0.9378847095073064	0.6691714491644251	0.8018865310468957	False	False
ENSMUSG00000000552.11:B2	ENSMUSG00000000552.11	2	1.0	0.752826988477043	0.9721016646807952	False	False
ENSMUSG00000000631.21:B2	ENSMUSG00000000631.21	9	0.7554653652092573	1.0	0.4192631768178085	False	False
ENSMUSG00000000631.21:B4	ENSMUSG00000000631.21	6	0.9936748007857761	0.7157613634564369	0.898731901476093	False	False
ENSMUSG00000000632.14:B1	ENSMUSG00000000632.14	6	-0.7616619119059922	0.0073436649940128	0.1754283397695483	False	False
ENSMUSG00000001127.13:B1	ENSMUSG00000001127.13	2	-0.9999999999999999	0.6060476808761567	0.995589595568348	False	False
ENSMUSG00000001175.17:B1	ENSMUSG00000001175.17	42	-0.007207544753563461	0.0214545173668841	0.6695272978441859	False	False
ENSMUSG00000001248.16:B1	ENSMUSG00000001248.16	2	0.9999999999999999	0.9418292470597364	0.1392804961777097	False	False
ENSMUSG00000001472.18:B1	ENSMUSG00000001472.18	30	0.6488670717714776	0.0089039141942531	0.087092557361656	False	False
ENSMUSG00000001521.13:B1	ENSMUSG00000001521.13	2	1.0	0.8825324053477394	0.0190736604346538	False	False
ENSMUSG00000001986.17:B1	ENSMUSG00000001986.17	12	-0.8448052752877312	0.9395669218089956	0.3326542016686417	False	False
ENSMUSG00000002006.13:B1	ENSMUSG00000002006.13	6	-0.7011857605806401	0.0168175594380152	0.4472657103526042	False	False
ENSMUSG00000002107.19:B1	ENSMUSG00000002107.19	12	-0.19436295608363963	6.081261516422956e-11	0.4529574920405119	False	False
ENSMUSG00000002265.18:B1	ENSMUSG00000002265.18	30	-0.2472824387988821	1.0	1.1502895984974785e-18	False	False
ENSMUSG00000002489.17:B1	ENSMUSG00000002489.17	2	0.9999999999999999	0.664406956589581	0.0644387545795551	False	False
ENSMUSG00000002625.11:B1	ENSMUSG00000002625.11	2	1.0000000000000002	0.0314275944124566	0.5481594435905367	False	False
ENSMUSG00000002985.17:B1	ENSMUSG00000002985.17	3	-0.7527275811453681	0.4435925137655957	0.196543382176926	False	False
ENSMUSG00000002985.17:B2	ENSMUSG00000002985.17	2	-1.0	0.5523297815799797	0.1892231727753902	False	False
ENSMUSG00000003119.15:B1	ENSMUSG00000003119.15	3	0.9955807269958236	0.6489001308602749	0.0004443160765634	False	False
ENSMUSG00000003134.11:B1	ENSMUSG00000003134.11	2	-1.0000000000000002	0.0537937954000802	0.8317031648026866	False	False
ENSMUSG00000003279.18:B1	ENSMUSG00000003279.18	9	0.9248210161030327	3.82153629031253e-05	2.756839385912585e-05	True	True
ENSMUSG00000003363.16:B1	ENSMUSG00000003363.16	2	1.0	0.0526487358942639	0.9966453787839072	False	False
ENSMUSG00000003810.15:B2	ENSMUSG00000003810.15	12	-0.9998132695556367	0.5392356832378851	0.0263385751130524	False	False
ENSMUSG00000003847.17:B1	ENSMUSG00000003847.17	18	0.09581186746661863	0.0203709634418633	0.1440075503265606	False	False
ENSMUSG00000004110.18:B1	ENSMUSG00000004110.18	30	0.8663055784458129	0.0003234355334205	0.108725394321366	False	False
ENSMUSG00000004113.19:B1	ENSMUSG00000004113.19	6	-0.979539470271759	0.2908436771138359	0.6646470787601517	False	False
ENSMUSG00000004113.19:B2	ENSMUSG00000004113.19	6	0.5425598181085152	0.800130092493474	0.6097640170197397	False	False
ENSMUSG00000004113.19:B8	ENSMUSG00000004113.19	9	-0.04407196691367388	0.4930525658270929	0.8563229086498133	False	False
ENSMUSG00000004187.12:B1	ENSMUSG00000004187.12	6	-0.5992030837599409	0.2904542993077055	0.0606570296954053	False	False
ENSMUSG00000004207.15:B1	ENSMUSG00000004207.15	6	0.7220409480515729	7.566569355746537e-07	0.385143171538999	False	False
ENSMUSG00000004207.15:B2	ENSMUSG00000004207.15	9	0.22748774757240914	0.0070204002419394	0.000370063338823	True	True
ENSMUSG00000004267.17:B1	ENSMUSG00000004267.17	12	-0.4470685525797538	0.2823296011362237	0.0138260830252901	False	False
ENSMUSG00000004415.16:B1	ENSMUSG00000004415.16	6	0.7638087189976075	0.2012700925328304	0.7164094790072494	False	False
ENSMUSG00000004980.17:B1	ENSMUSG00000004980.17	9	0.031225167980218124	0.0286868736176213	0.9784464588693158	False	False
ENSMUSG00000004980.17:B2	ENSMUSG00000004980.17	6	0.7557930103192021	0.1015103446188186	0.8394007040888694	False	False
ENSMUSG00000004980.17:B3	ENSMUSG00000004980.17	6	-0.49558453217784154	0.1905481356097126	0.9900348999775408	False	False
ENSMUSG00000005045.17:B1	ENSMUSG00000005045.17	20	0.9996115251243234	1.2401189032314055e-16	0.0002909518296965	True	True
ENSMUSG00000005089.16:B1	ENSMUSG00000005089.16	20	0.5395786904982864	1.5562136416896462e-17	4.912737121644978e-17	True	True
ENSMUSG00000005417.18:B1	ENSMUSG00000005417.18	20	0.8023142925593245	0.0506544161723427	0.347760581027518	False	False
ENSMUSG00000005417.18:B2	ENSMUSG00000005417.18	20	0.6372061701098845	0.8542030414220041	0.6118836371557634	False	False
ENSMUSG00000005417.18:B3	ENSMUSG00000005417.18	20	0.8023143846644795	0.0506543784611136	0.3477598957531068	False	False
ENSMUSG00000005506.17:B1	ENSMUSG00000005506.17	12	-0.07263039539307838	0.1052721453042225	2.3015042223278976e-06	False	False
ENSMUSG00000005506.17:B2	ENSMUSG00000005506.17	6	-0.8810319343172837	0.4460099004775741	0.0828772902742189	False	False
ENSMUSG00000005506.17:B3	ENSMUSG00000005506.17	6	0.971632433347307	0.3027871883544663	0.4777196313536612	False	False
ENSMUSG00000005506.17:B4	ENSMUSG00000005506.17	9	0.3281308909966929	0.6764017926775542	0.3070939126434746	False	False
ENSMUSG00000005506.17:B5	ENSMUSG00000005506.17	6	0.1542617069255593	0.9966981823570056	0.1796599938557696	False	False
ENSMUSG00000005583.17:B1	ENSMUSG00000005583.17	4	-0.4744646769838486	0.000206431641133	0.5554858950763027	False	False
ENSMUSG00000005583.17:B2	ENSMUSG00000005583.17	3	0.9956735953227454	0.0968202441494597	0.9933059870093132	False	False
ENSMUSG00000005583.17:B3	ENSMUSG00000005583.17	2	-1.0	0.0492314280499238	0.8814670210361303	False	False
ENSMUSG00000005583.17:B4	ENSMUSG00000005583.17	2	-0.9999999999999999	0.5773270378818027	0.8723606832746117	False	False
ENSMUSG00000005871.16:B1	ENSMUSG00000005871.16	30	0.6323939228917096	1.7840150905367604e-05	0.2913304661337454	False	False
ENSMUSG00000006005.19:B1	ENSMUSG00000006005.19	6	-0.2689375748616646	0.9999994186515798	0.0001641183101758	False	False
ENSMUSG00000006276.11:B1	ENSMUSG00000006276.11	12	0.7956891527467725	0.0509790581076926	0.6820833595767658	False	False
ENSMUSG00000006307.17:B1	ENSMUSG00000006307.17	6	0.4577658922989389	0.0026373375590713	0.8148118684531662	False	False
ENSMUSG00000006476.20:B1	ENSMUSG00000006476.20	4	-0.0010363392104568206	0.0978754868692601	0.7983587026183488	False	False
ENSMUSG00000006476.20:B2	ENSMUSG00000006476.20	2	0.9999999999999998	0.3798566570318843	0.7235052445350744	False	False
ENSMUSG00000006476.20:B3	ENSMUSG00000006476.20	3	0.9937048846641601	0.1022953837728639	0.4105671091192971	False	False
ENSMUSG00000006476.20:B4	ENSMUSG00000006476.20	3	0.9323659958119827	0.3400572811790651	0.3568869221618116	False	False
ENSMUSG00000006575.15:B1	ENSMUSG00000006575.15	2	1.0	0.7358555288656395	0.9676751727197258	False	False
ENSMUSG00000006575.15:B3	ENSMUSG00000006575.15	2	1.0	0.0013391030774983	0.303486160089729	False	False
ENSMUSG00000006800.15:B1	ENSMUSG00000006800.15	3	-0.9263169735499156	6.227694734674729e-12	0.4759003988084359	False	False
ENSMUSG00000006930.16:B1	ENSMUSG00000006930.16	2	1.0000000000000002	0.9057596976821533	0.5012510337147158	False	False
ENSMUSG00000007817.16:B1	ENSMUSG00000007817.16	6	0.20972645314915508	0.3023796141195786	0.7571140282721448	False	False
ENSMUSG00000007850.17:B1	ENSMUSG00000007850.17	2	-1.0	0.993880860956928	0.0004070553908129	False	False
ENSMUSG00000007880.17:B1	ENSMUSG00000007880.17	20	-0.04467946090501672	0.3419884337164881	0.856596348431451	False	False
ENSMUSG00000008348.10:B1	ENSMUSG00000008348.10	12	-0.13728117708527346	0.0277669181216007	0.1680377317983477	False	False
ENSMUSG00000008575.18:B1	ENSMUSG00000008575.18	2	-0.9999999999999998	0.400112822424004	0.7901005029048884	False	False
ENSMUSG00000008575.18:B2	ENSMUSG00000008575.18	4	0.9953564869032585	0.0003940603648751	0.498801564912516	False	False
ENSMUSG00000008575.18:B3	ENSMUSG00000008575.18	3	-0.7283246015673415	0.0194330526052286	0.5952884428272628	False	False
ENSMUSG00000008658.17:B2	ENSMUSG00000008658.17	2	-1.0	0.2876488720539759	0.2077862571893178	False	False
ENSMUSG00000008658.17:B3	ENSMUSG00000008658.17	2	0.9999999999999999	0.1854151694298453	2.178926399197876e-12	False	False
ENSMUSG00000008658.17:B4	ENSMUSG00000008658.17	3	0.9366917297677468	0.0006854984421078	4.197559285055361e-05	True	True
ENSMUSG00000009394.14:B1	ENSMUSG00000009394.14	56	0.34965110346874667	0.0777691616105122	2.010671909543729e-14	False	False
ENSMUSG00000009545.15:B1	ENSMUSG00000009545.15	56	-0.22577966864766755	0.999565440351577	1.926421879778825e-59	False	False
ENSMUSG00000009569.15:B1	ENSMUSG00000009569.15	18	0.11850601078306279	3.667524907834864e-13	0.0304319048420702	True	False
ENSMUSG00000009681.11:B1	ENSMUSG00000009681.11	2	1.0	0.6961061666680208	0.1085025502341947	False	False
ENSMUSG00000010086.18:B3	ENSMUSG00000010086.18	2	-0.9999999999999999	0.7192701783947496	0.3339068753787848	False	False
ENSMUSG00000010803.14:B1	ENSMUSG00000010803.14	6	0.7709751294083704	0.0094739559784587	0.5467716123164093	False	False
ENSMUSG00000011751.17:B1	ENSMUSG00000011751.17	12	0.5980292101895532	0.000680028222209	0.0081737427802913	True	True
ENSMUSG00000011877.14:B1	ENSMUSG00000011877.14	2	-1.0	3.728138226646253e-05	0.4049127055350774	False	False
ENSMUSG00000013033.17:B1	ENSMUSG00000013033.17	30	-0.34431852323706785	0.0439357823415925	0.0038737248304704	True	False
ENSMUSG00000013033.17:B2	ENSMUSG00000013033.17	20	0.2335522133330514	0.1449304438336853	0.0648699255030111	False	False
ENSMUSG00000013236.18:B1	ENSMUSG00000013236.18	30	0.40966998528458787	0.171807645201663	0.7193081435194912	False	False
ENSMUSG00000013539.15:B1	ENSMUSG00000013539.15	6	-0.5964153332346319	0.8810288224916096	4.30077876418513e-14	False	False
ENSMUSG00000014592.22:B1	ENSMUSG00000014592.22	6	0.20343092335586768	0.9999999983699626	0.0824359003879336	False	False
ENSMUSG00000014602.16:B1	ENSMUSG00000014602.16	45	0.08520643418271022	0.0246170740490205	0.0178736944922048	True	False
ENSMUSG00000014602.16:B2	ENSMUSG00000014602.16	30	0.6026226848091628	0.1247900290864728	0.3422155274769205	False	False
ENSMUSG00000014602.16:B4	ENSMUSG00000014602.16	30	0.661029342642343	0.2274738317612051	0.4141371975469711	False	False
ENSMUSG00000015222.19:B1	ENSMUSG00000015222.19	84	-0.19558624455334725	6.897989222942422e-14	2.265869505913588e-12	True	True
ENSMUSG00000015222.19:B2	ENSMUSG00000015222.19	42	-0.05584547773885758	6.25397028544468e-06	0.999999999999932	False	False
ENSMUSG00000015222.19:B3	ENSMUSG00000015222.19	42	0.21667545777507	0.0329688958554605	0.5208496954487072	False	False
ENSMUSG00000015222.19:B5	ENSMUSG00000015222.19	63	-0.6852908055410168	2.245612499359033e-06	3.429856930716079e-07	True	True
ENSMUSG00000015501.11:B1	ENSMUSG00000015501.11	30	0.7779775055750773	0.6213125849318116	0.0472045022535403	False	False
ENSMUSG00000015597.18:B1	ENSMUSG00000015597.18	2	0.9999999999999999	0.0079861913843401	0.0108497554760673	True	False
ENSMUSG00000015829.14:B1	ENSMUSG00000015829.14	2	-1.0000000000000002	6.03155759355696e-39	4.3235755537116046e-54	True	True
ENSMUSG00000015968.19:B2	ENSMUSG00000015968.19	2	-1.0	0.2234262238210627	0.6910685160229109	False	False
ENSMUSG00000015968.19:B3	ENSMUSG00000015968.19	2	1.0000000000000002	0.2660295938735194	0.6499949764041447	False	False
ENSMUSG00000017466.11:B2	ENSMUSG00000017466.11	2	1.0	0.9974579620364084	0.9767916113434896	False	False
ENSMUSG00000017631.20:B1	ENSMUSG00000017631.20	12	0.452542302230821	4.950477702609219e-13	1.8160808170760937e-06	True	True
ENSMUSG00000017631.20:B2	ENSMUSG00000017631.20	9	0.35966638051977823	2.641247693358006e-06	0.0406117310525987	True	False
ENSMUSG00000017670.17:B1	ENSMUSG00000017670.17	12	-0.6533633179069981	0.3590713231144823	0.639213709244314	False	False
ENSMUSG00000017670.17:B2	ENSMUSG00000017670.17	12	-0.6984854236634915	1.0	0.0800136266450999	False	False
ENSMUSG00000017740.18:B1	ENSMUSG00000017740.18	12	0.9967809848398886	0.0176597929182441	0.0002461202678405	True	False
ENSMUSG00000018417.15:B2	ENSMUSG00000018417.15	3	0.9967458902006794	0.0038107314730623	0.6314456869388098	False	False
ENSMUSG00000018474.19:B1	ENSMUSG00000018474.19	30	-0.11739506492882505	0.0512126343439091	0.3877888625695328	False	False
ENSMUSG00000018501.18:B1	ENSMUSG00000018501.18	45	0.32125484106685825	3.1768535522891746e-06	0.0210102270075665	True	False
ENSMUSG00000019302.17:B1	ENSMUSG00000019302.17	12	-0.12696694039185494	0.1664011786699906	0.7214768012683651	False	False
ENSMUSG00000019302.17:B2	ENSMUSG00000019302.17	12	0.8186110321323912	0.005945616860726	0.4266162580245889	False	False
ENSMUSG00000019302.17:B3	ENSMUSG00000019302.17	12	-0.40103572311939933	0.0123038517076656	0.2318148687918156	False	False
ENSMUSG00000019841.16:B1	ENSMUSG00000019841.16	2	-0.9999999999999999	0.98660118922201	0.4303472721880941	False	False
ENSMUSG00000019852.8:B1	ENSMUSG00000019852.8	6	0.66656881522779	1.0	2.9392287488551e-12	False	False
ENSMUSG00000019856.15:B1	ENSMUSG00000019856.15	20	-0.20775032653474512	1.8922840425847326e-38	1.7823152792965336e-54	True	True
ENSMUSG00000019971.11:B1	ENSMUSG00000019971.11	6	0.6086776430714264	0.0024152841701678	0.0964299979224375	False	False
ENSMUSG00000019971.11:B2	ENSMUSG00000019971.11	6	0.03314577334218668	0.0031819082680387	0.571360637580613	False	False
ENSMUSG00000019986.18:B1	ENSMUSG00000019986.18	20	-0.4983640242184684	1.0	0.6954826441227551	False	False
ENSMUSG00000019996.18:B1	ENSMUSG00000019996.18	2	-1.0	0.8323362589428553	0.7658111813936885	False	False
ENSMUSG00000020042.16:B1	ENSMUSG00000020042.16	2	-1.0	0.7440906629253845	0.9295946627680124	False	False
ENSMUSG00000020070.19:B1	ENSMUSG00000020070.19	12	0.8201617382463923	0.023148024953787	0.4619973110491164	False	False
ENSMUSG00000020122.17:B1	ENSMUSG00000020122.17	2	1.0000000000000002	1.7692492155136665e-05	0.4195044924922032	False	False
ENSMUSG00000020124.11:B1	ENSMUSG00000020124.11	12	-0.06007556471245116	0.8832915573849808	0.7160228283243919	False	False
ENSMUSG00000020181.19:B1	ENSMUSG00000020181.19	2	0.9999999999999999	0.0050082029430573	6.563546861602079e-05	True	True
ENSMUSG00000020189.16:B1	ENSMUSG00000020189.16	2	0.9999999999999999	0.3656933983195628	0.2771401560463686	False	False
ENSMUSG00000020220.17:B1	ENSMUSG00000020220.17	6	0.8761746217412216	0.5108419002775226	0.6036836838755482	False	False
ENSMUSG00000020262.16:B1	ENSMUSG00000020262.16	12	0.7704632580773302	0.000307940808314	0.0044231481984573	True	True
ENSMUSG00000020297.11:B1	ENSMUSG00000020297.11	12	0.7728875661038752	0.0241175896975688	0.7022286815578545	False	False
ENSMUSG00000020300.15:B1	ENSMUSG00000020300.15	6	-0.262979414659015	0.33237113941193	0.9979412262317938	False	False
ENSMUSG00000020315.19:B1	ENSMUSG00000020315.19	84	0.14383128912903462	2.3520134910766534e-15	3.3371502656265743e-06	True	True
ENSMUSG00000020333.18:B2	ENSMUSG00000020333.18	2	-1.0	0.9018890038231996	0.4371030597881651	False	False
ENSMUSG00000020340.17:B1	ENSMUSG00000020340.17	45	0.19728303227571248	4.189750659192706e-11	3.64330832341606e-08	True	True
ENSMUSG00000020340.17:B2	ENSMUSG00000020340.17	30	0.40354438585753905	0.1475376912197978	0.0011714511209087	False	False
ENSMUSG00000020368.16:B1	ENSMUSG00000020368.16	6	0.9292062678911531	0.9995572521459511	0.7227317179718231	False	False
ENSMUSG00000020376.18:B1	ENSMUSG00000020376.18	45	0.2979128189208013	0.0029976175450688	0.8468020492300956	False	False
ENSMUSG00000020390.13:B1	ENSMUSG00000020390.13	12	0.19730605444162405	0.3496977373495734	0.4430055268428708	False	False
ENSMUSG00000020516.16:B1	ENSMUSG00000020516.16	6	0.9770986953427531	0.2808960576303859	0.978207725047274	False	False
ENSMUSG00000020520.15:B1	ENSMUSG00000020520.15	6	-0.9635141548779598	1.2533479109615716e-11	0.9418742429930732	False	False
ENSMUSG00000020524.17:B1	ENSMUSG00000020524.17	42	-0.4321010349429272	0.3118259322017659	0.0197216609566049	False	False
ENSMUSG00000020590.17:B1	ENSMUSG00000020590.17	6	-0.10159063757921027	3.682246155248784e-31	0.752129786068949	False	False
ENSMUSG00000020598.17:B1	ENSMUSG00000020598.17	2	-1.0	0.0300445996695695	0.3296236686681276	False	False
ENSMUSG00000020599.14:B1	ENSMUSG00000020599.14	3	0.8037290449893918	0.2055899662421514	0.0556534577767369	False	False
ENSMUSG00000020623.12:B1	ENSMUSG00000020623.12	6	0.23467207766643086	0.701663264212659	0.1611488362317278	False	False
ENSMUSG00000020661.16:B1	ENSMUSG00000020661.16	9	-0.06572907710571335	0.03293268252755	0.279680325691303	False	False
ENSMUSG00000020703.4:B1	ENSMUSG00000020703.4	12	-0.6933741930720431	0.0173238892004998	0.0850926072556754	False	False
ENSMUSG00000020747.19:B1	ENSMUSG00000020747.19	3	-0.4529299577692783	0.0698671448811669	0.9664371319945384	False	False
ENSMUSG00000020747.19:B2	ENSMUSG00000020747.19	2	-1.0	0.1000447980033646	0.923351265197452	False	False
ENSMUSG00000020794.14:B1	ENSMUSG00000020794.14	12	0.4227784130509969	0.8354695654385184	0.2391921837523338	False	False
ENSMUSG00000020827.19:B1	ENSMUSG00000020827.19	12	0.40141470571024124	0.00266479717269	0.2186544506568526	False	False
ENSMUSG00000020827.19:B2	ENSMUSG00000020827.19	6	0.2325632194763622	0.2188101132090177	0.0848914714374127	False	False
ENSMUSG00000020827.19:B3	ENSMUSG00000020827.19	6	0.09165620304685854	0.7511342093902678	0.3844435515778668	False	False
ENSMUSG00000020827.19:B4	ENSMUSG00000020827.19	6	0.46570267277862726	0.5958779584223974	0.7341983570634913	False	False
ENSMUSG00000020859.17:B1	ENSMUSG00000020859.17	18	0.5083153235528998	2.629311802353179e-07	0.2889323888512165	False	False
ENSMUSG00000020859.17:B2	ENSMUSG00000020859.17	24	0.9373189640505816	1.656025301995515e-13	0.0085458328676957	True	True
ENSMUSG00000020859.17:B3	ENSMUSG00000020859.17	12	0.7488603704540655	0.0025925597607964	0.8612034375285539	False	False
ENSMUSG00000020863.16:B2	ENSMUSG00000020863.16	30	0.052737304703772574	0.0371562589864752	1.922835678514078e-20	True	False
ENSMUSG00000020866.18:B1	ENSMUSG00000020866.18	6	-0.36198370325613166	0.0184812643332361	0.2251291846893228	False	False
ENSMUSG00000020866.18:B2	ENSMUSG00000020866.18	6	0.5639737274715071	0.0222674906226751	1.1099154923634716e-35	True	False
ENSMUSG00000020866.18:B3	ENSMUSG00000020866.18	6	-0.750368787050423	0.2592480094860467	0.5753114694733852	False	False
ENSMUSG00000020866.18:B4	ENSMUSG00000020866.18	9	0.048402640711997326	0.1701923662617546	0.4392899734702153	False	False
ENSMUSG00000020866.18:B6	ENSMUSG00000020866.18	6	-0.8959280705515583	0.1588483261125508	0.5834746809785476	False	False
ENSMUSG00000020866.18:B7	ENSMUSG00000020866.18	9	0.04840263888360228	0.1701925709121095	0.4392899847918906	False	False
ENSMUSG00000020886.18:B2	ENSMUSG00000020886.18	30	0.9847075634118246	3.063467871826033e-06	3.9093290389454175e-05	True	True
ENSMUSG00000020894.17:B1	ENSMUSG00000020894.17	6	0.19941526821911262	0.4554780692892698	0.2085416603059676	False	False
ENSMUSG00000020900.16:B1	ENSMUSG00000020900.16	30	0.4769728341919562	0.0010833107862744	0.4357621992559245	False	False
ENSMUSG00000020903.14:B1	ENSMUSG00000020903.14	3	-0.1527147916833688	0.8337942221321134	0.910797365195574	False	False
ENSMUSG00000020919.12:B1	ENSMUSG00000020919.12	6	0.9995970875208803	5.822585366622751e-19	1.1147810242298861e-17	True	True
ENSMUSG00000021007.15:B1	ENSMUSG00000021007.15	6	0.9432486086921986	0.2911771151955199	0.1946333178251615	False	False
ENSMUSG00000021010.10:B1	ENSMUSG00000021010.10	30	-0.017101553952291796	3.5993483989267447e-10	4.6893570132902194e-07	True	True
ENSMUSG00000021010.10:B3	ENSMUSG00000021010.10	20	-0.13475031998166723	3.985458718549614e-15	1.7359465699356965e-12	True	True
ENSMUSG00000021044.16:B1	ENSMUSG00000021044.16	3	0.9928481507756719	1.2820074363563609e-05	0.0671371859924355	False	False
ENSMUSG00000021057.16:B1	ENSMUSG00000021057.16	2	-1.0	0.9584107799319754	0.9711623097244588	False	False
ENSMUSG00000021057.16:B3	ENSMUSG00000021057.16	3	-0.08386916568635389	0.0396969103003527	0.0002891755301368	True	False
ENSMUSG00000021061.16:B1	ENSMUSG00000021061.16	2	0.9999999999999999	0.9226523029062008	0.0002615877777694	False	False
ENSMUSG00000021068.18:B1	ENSMUSG00000021068.18	4	0.1781593245876266	4.539279997261825e-05	0.8808548515349559	False	False
ENSMUSG00000021068.18:B3	ENSMUSG00000021068.18	2	1.0	0.0496914998773091	0.8665103396749281	False	False
ENSMUSG00000021071.18:B1	ENSMUSG00000021071.18	12	-0.6283006099789448	0.0105242341603811	0.0936162309952818	False	False
ENSMUSG00000021087.19:B1	ENSMUSG00000021087.19	20	0.847674196526321	0.0157061502208624	0.1856546408119718	False	False
ENSMUSG00000021097.16:B1	ENSMUSG00000021097.16	6	0.99488642209334	0.0087684892876089	0.0887627228967014	False	False
ENSMUSG00000021143.11:B1	ENSMUSG00000021143.11	2	-1.0	7.195231100457362e-10	0.2737128183322578	False	False
ENSMUSG00000021143.11:B3	ENSMUSG00000021143.11	2	-1.0	0.6300277931602792	0.6764692436927354	False	False
ENSMUSG00000021143.11:B4	ENSMUSG00000021143.11	3	-0.85462027699043	0.4367125778007504	0.2082559494197194	False	False
ENSMUSG00000021180.10:B1	ENSMUSG00000021180.10	6	-0.9323905957895289	0.0311230900953712	0.1895759669396179	False	False
ENSMUSG00000021182.17:B1	ENSMUSG00000021182.17	2	-1.0	0.7423712234238783	0.6259379475295328	False	False
ENSMUSG00000021198.17:B1	ENSMUSG00000021198.17	2	1.0	0.7358597454298197	0.3680585873696264	False	False
ENSMUSG00000021209.13:B1	ENSMUSG00000021209.13	2	-0.9999999999999998	0.8382867464365855	0.9900227959725084	False	False
ENSMUSG00000021244.16:B1	ENSMUSG00000021244.16	30	-0.19736076618217074	0.0234109521892638	0.9816008855425729	False	False
ENSMUSG00000021244.16:B2	ENSMUSG00000021244.16	20	-0.8480827857102353	0.2839521094036874	0.8078921132857309	False	False
ENSMUSG00000021244.16:B3	ENSMUSG00000021244.16	20	-0.8446865429073163	0.286071209030957	0.7706691542812547	False	False
ENSMUSG00000021268.19:B1	ENSMUSG00000021268.19	72	0.3513076156503221	0.0146625236894405	0.5620111940448471	False	False
ENSMUSG00000021313.17:B1	ENSMUSG00000021313.17	30	0.6293802186197007	1.0	6.28529318350715e-18	False	False
ENSMUSG00000021357.15:B1	ENSMUSG00000021357.15	12	0.2773313201590912	0.0152880977803567	0.3467225822581526	False	False
ENSMUSG00000021448.9:B1	ENSMUSG00000021448.9	20	-0.43719217432157825	0.0253331955558728	0.9949242509351052	False	False
ENSMUSG00000021488.9:B1	ENSMUSG00000021488.9	30	-0.3690140400854067	3.7385559455916806e-10	0.0006278081865349	True	True
ENSMUSG00000021488.9:B2	ENSMUSG00000021488.9	20	0.6682772782311945	0.0995104130185454	0.1366008828807439	False	False
ENSMUSG00000021488.9:B3	ENSMUSG00000021488.9	40	-0.37046672104959893	3.449647824182806e-21	2.731880739912452e-06	True	True
ENSMUSG00000021500.18:B3	ENSMUSG00000021500.18	6	-0.7972330567373578	0.6644081244282544	0.0001787049110999	False	False
ENSMUSG00000021557.16:B1	ENSMUSG00000021557.16	63	0.22116892862565762	1.3390856414253448e-08	1.4427504919145854e-08	True	True
ENSMUSG00000021700.11:B1	ENSMUSG00000021700.11	2	1.0	0.0682972177935588	0.0028602639169981	False	False
ENSMUSG00000021708.19:B1	ENSMUSG00000021708.19	2	-1.0	0.9538193838545928	0.4143237007712749	False	False
ENSMUSG00000021725.10:B1	ENSMUSG00000021725.10	2	-1.0	0.5353989178536902	0.8903316012529812	False	False
ENSMUSG00000021767.20:B1	ENSMUSG00000021767.20	2	-1.0000000000000002	0.7195663020211965	0.2566559584279992	False	False
ENSMUSG00000021843.18:B1	ENSMUSG00000021843.18	2	1.0	0.955371757515537	0.0017830506179625	False	False
ENSMUSG00000021843.18:B2	ENSMUSG00000021843.18	2	1.0000000000000002	0.4667437377375069	0.0055689117780265	False	False
ENSMUSG00000021843.18:B3	ENSMUSG00000021843.18	2	1.0000000000000002	0.9553715710374954	0.0017830761879724	False	False
ENSMUSG00000021843.18:B4	ENSMUSG00000021843.18	2	1.0	0.4667387950113888	0.0055688452078871	False	False
ENSMUSG00000021843.18:B5	ENSMUSG00000021843.18	2	1.0	0.9553717562881576	0.0017830509243753	False	False
ENSMUSG00000021910.16:B1	ENSMUSG00000021910.16	30	0.5545263086028573	0.0003384721890813	0.0057043303523383	True	True
ENSMUSG00000022000.12:B1	ENSMUSG00000022000.12	12	0.6796531756437922	0.0008688572098535	0.3519977281802344	False	False
ENSMUSG00000022054.12:B1	ENSMUSG00000022054.12	20	-0.08121303037104649	0.6708990180631966	0.9999999999895424	False	False
ENSMUSG00000022108.9:B1	ENSMUSG00000022108.9	2	-1.0	1.0	0.8958450897485614	False	False
ENSMUSG00000022139.18:B1	ENSMUSG00000022139.18	2	-0.9999999999999998	0.9174646481913492	0.0008148763610323	False	False
ENSMUSG00000022194.16:B1	ENSMUSG00000022194.16	9	-0.5396405148440659	0.0034505762373073	0.085881044279589	False	False
ENSMUSG00000022194.16:B3	ENSMUSG00000022194.16	12	-0.6227177342798442	0.0002146812243583	0.0344994568725656	True	False
ENSMUSG00000022199.13:B1	ENSMUSG00000022199.13	6	0.8321738104677635	0.3382955890872199	0.6143739398984898	False	False
ENSMUSG00000022208.13:B1	ENSMUSG00000022208.13	2	1.0	0.4036528308270241	0.5984292077303075	False	False
ENSMUSG00000022240.11:B1	ENSMUSG00000022240.11	6	0.30937566734414257	0.0557141667018547	0.0835738228716547	False	False
ENSMUSG00000022263.11:B1	ENSMUSG00000022263.11	56	0.8691721512712498	0.0103124396673423	0.9999999999999996	False	False
ENSMUSG00000022311.16:B1	ENSMUSG00000022311.16	6	-0.5076499502793669	0.4398284098114053	0.1904135965624178	False	False
ENSMUSG00000022403.16:B1	ENSMUSG00000022403.16	12	0.6258101007849972	0.2252153112994176	0.1307170399959438	False	False
ENSMUSG00000022415.13:B1	ENSMUSG00000022415.13	2	1.0	0.633250259659034	0.702377437549997	False	False
ENSMUSG00000022456.19:B1	ENSMUSG00000022456.19	3	-0.9965292981883029	5.176018273839142e-09	0.8444306670911466	False	False
ENSMUSG00000022456.19:B2	ENSMUSG00000022456.19	2	-0.9999999999999999	0.008309742916095	0.9242307684341348	False	False
ENSMUSG00000022456.19:B3	ENSMUSG00000022456.19	2	1.0000000000000002	0.4194960395236043	0.4794452415815345	False	False
ENSMUSG00000022477.14:B1	ENSMUSG00000022477.14	20	-0.1681491728432561	0.000461262158542	1.0	False	False
ENSMUSG00000022477.14:B2	ENSMUSG00000022477.14	30	-0.6821995512312387	3.021581328798814e-06	0.4818227002437797	False	False
ENSMUSG00000022489.7:B1	ENSMUSG00000022489.7	6	-0.7656597957985435	0.0011939622583733	0.9999971253069286	False	False
ENSMUSG00000022521.11:B1	ENSMUSG00000022521.11	20	-0.08429487670412411	0.060835993192427	0.3240048921165657	False	False
ENSMUSG00000022533.15:B1	ENSMUSG00000022533.15	6	0.980493819591277	0.62672916645392	2.980825939055902e-07	False	False
ENSMUSG00000022536.15:B1	ENSMUSG00000022536.15	6	-0.9286094982917605	0.6700120698622344	0.504492075182854	False	False
ENSMUSG00000022558.17:B2	ENSMUSG00000022558.17	6	-0.2315041239727974	0.2996679757705668	0.4087607668587674	False	False
ENSMUSG00000022565.16:B2	ENSMUSG00000022565.16	30	-0.27890765570464754	0.016855960798241	0.5145015373919721	False	False
ENSMUSG00000022565.16:B4	ENSMUSG00000022565.16	45	0.3880802618316057	5.260070010171684e-06	1.632372119082365e-08	True	True
ENSMUSG00000022623.18:B1	ENSMUSG00000022623.18	18	0.19199764648872694	7.667210560259456e-08	0.8352298961375662	False	False
ENSMUSG00000022623.18:B2	ENSMUSG00000022623.18	12	-0.33629461743490147	0.0297287333356879	0.8838549419261416	False	False
ENSMUSG00000022629.18:B1	ENSMUSG00000022629.18	6	0.9282293989617619	0.0100709878629665	0.531709806740458	False	False
ENSMUSG00000022636.14:B1	ENSMUSG00000022636.14	2	-1.0000000000000002	0.9687223570667046	0.9657399126882584	False	False
ENSMUSG00000022812.15:B1	ENSMUSG00000022812.15	12	0.7938836366029738	0.0198237502970194	0.6645927079706669	False	False
ENSMUSG00000022837.15:B1	ENSMUSG00000022837.15	2	0.9999999999999998	0.9978848609035216	0.9998562691522852	False	False
ENSMUSG00000022892.12:B1	ENSMUSG00000022892.12	63	-0.5369965331559462	9.29275980880536e-05	9.588274350141642e-07	True	True
ENSMUSG00000022892.12:B3	ENSMUSG00000022892.12	42	-0.5654275371753826	0.0444216176408392	1.5737554451358156e-05	True	False
ENSMUSG00000022914.18:B1	ENSMUSG00000022914.18	18	0.21708645610779556	0.5070782346068418	0.0361124225890649	False	False
ENSMUSG00000022946.11:B1	ENSMUSG00000022946.11	6	0.8848184403483171	0.0300625917449765	0.3467734633777514	False	False
ENSMUSG00000022961.19:B1	ENSMUSG00000022961.19	63	-0.597140702393648	1.2545642969768105e-05	1.0206450135368101e-07	True	True
ENSMUSG00000022961.19:B3	ENSMUSG00000022961.19	84	0.24171899496299104	2.692434988717558e-17	1.355738075696696e-24	True	True
ENSMUSG00000022973.19:B1	ENSMUSG00000022973.19	6	-0.5450384628388274	0.0040734895658791	9.742486207437204e-12	True	True
ENSMUSG00000023007.16:B1	ENSMUSG00000023007.16	6	-0.9870875671823447	1.0	0.1751053314433351	False	False
ENSMUSG00000023011.9:B1	ENSMUSG00000023011.9	6	0.7989987973913809	0.8344947249892484	0.7340306581609305	False	False
ENSMUSG00000023033.15:B1	ENSMUSG00000023033.15	40	-0.020055900820547656	2.753613821890575e-13	2.5014991811166284e-11	True	True
ENSMUSG00000023473.14:B1	ENSMUSG00000023473.14	6	-0.24934056867985543	0.6704099744492387	0.5675077422713712	False	False
ENSMUSG00000023868.18:B1	ENSMUSG00000023868.18	5	0.9941857972066168	0.0201223882550314	0.0347843247276231	True	False
ENSMUSG00000024002.19:B1	ENSMUSG00000024002.19	6	0.9960012295621408	0.3748095607705125	0.0569210093795573	False	False
ENSMUSG00000024030.8:B1	ENSMUSG00000024030.8	20	0.9841489596365973	3.698577863281541e-43	4.8089994179423846e-60	True	True
ENSMUSG00000024044.20:B1	ENSMUSG00000024044.20	9	-0.15945102933610691	0.0897621210827286	0.5470452854396062	False	False
ENSMUSG00000024044.20:B4	ENSMUSG00000024044.20	12	0.30429913254819585	0.0001258333377557	0.6952725377693425	False	False
ENSMUSG00000024059.11:B1	ENSMUSG00000024059.11	24	-0.48395349039452745	1.0	0.0441115220406604	False	False
ENSMUSG00000024073.17:B1	ENSMUSG00000024073.17	12	-0.7914865892211741	0.4147693669160044	0.7994659392460332	False	False
ENSMUSG00000024073.17:B4	ENSMUSG00000024073.17	12	-0.9543664379208475	0.8618005172954637	0.0595385206211219	False	False
ENSMUSG00000024073.17:B5	ENSMUSG00000024073.17	12	0.6742906683101855	0.1010390642521888	0.9251163988681366	False	False
ENSMUSG00000024109.19:B1	ENSMUSG00000024109.19	50	0.8227792449184925	1.933088391425785e-13	1.1622040186206821e-07	True	True
ENSMUSG00000024109.19:B2	ENSMUSG00000024109.19	20	0.6725094249845974	0.0181164131144373	0.1668395335272624	False	False
ENSMUSG00000024112.17:B1	ENSMUSG00000024112.17	12	0.08712992646948518	0.1257354080369292	0.3654521170383789	False	False
ENSMUSG00000024112.17:B2	ENSMUSG00000024112.17	12	-0.5298528770073121	0.1335762463941582	0.0741191237177291	False	False
ENSMUSG00000024112.17:B3	ENSMUSG00000024112.17	18	0.19663317097320424	0.1513573641534735	0.0477778749558498	False	False
ENSMUSG00000024130.17:B1	ENSMUSG00000024130.17	3	-0.9134203275129956	0.1952561976853654	0.1456401580186408	False	False
ENSMUSG00000024130.17:B2	ENSMUSG00000024130.17	2	-1.0	0.0887605959583875	0.8385846929516433	False	False
ENSMUSG00000024163.18:B1	ENSMUSG00000024163.18	60	-0.02172539090224474	3.0425183660358464e-08	8.363988434819247e-22	True	True
ENSMUSG00000024163.18:B2	ENSMUSG00000024163.18	30	0.34833142944290046	0.0242709507264656	0.077214998440106	False	False
ENSMUSG00000024163.18:B3	ENSMUSG00000024163.18	30	0.32008510914935967	0.0069963592754128	0.1449733235880439	False	False
ENSMUSG00000024163.18:B4	ENSMUSG00000024163.18	45	0.23940996669120565	0.0006995191653291	2.501473156140403e-07	True	True
ENSMUSG00000024163.18:B5	ENSMUSG00000024163.18	30	0.2376972537326149	0.5549195811831839	0.0067314252108536	False	False
ENSMUSG00000024163.18:B6	ENSMUSG00000024163.18	30	0.025002191371139997	0.1302169821854671	0.1859149057031005	False	False
ENSMUSG00000024242.16:B3	ENSMUSG00000024242.16	30	0.6435938497371814	0.3849681971313338	4.905188371845829e-07	False	False
ENSMUSG00000024268.17:B1	ENSMUSG00000024268.17	30	-0.0996765819189723	0.8915790231368297	0.2120569852153352	False	False
ENSMUSG00000024302.17:B1	ENSMUSG00000024302.17	3	-0.9845373881102273	0.2532953278792156	0.4571891217603583	False	False
ENSMUSG00000024302.17:B2	ENSMUSG00000024302.17	2	1.0	0.8601077283912638	0.606005711034008	False	False
ENSMUSG00000024393.15:B1	ENSMUSG00000024393.15	30	-0.34517016176853677	1.0	5.5316985160571045e-09	False	False
ENSMUSG00000024462.18:B1	ENSMUSG00000024462.18	60	0.45680237569609045	1.2893735211647371e-16	0.0102675565718761	True	True
ENSMUSG00000024498.17:B1	ENSMUSG00000024498.17	6	-0.9647640388368445	0.0364754210570468	0.9862031074607432	False	False
ENSMUSG00000024524.18:B1	ENSMUSG00000024524.18	4	0.9971742619860339	8.89282498629754e-10	0.4269804008879461	False	False
ENSMUSG00000024589.19:B2	ENSMUSG00000024589.19	2	-1.0000000000000002	0.4269032060353386	0.3801479634014432	False	False
ENSMUSG00000024589.19:B3	ENSMUSG00000024589.19	3	0.989947081098043	0.7225314652295383	0.8649764474780266	False	False
ENSMUSG00000024617.17:B1	ENSMUSG00000024617.17	63	0.6355351310010731	1.599202122244748e-11	0.018564819405065	True	False
ENSMUSG00000024642.18:B1	ENSMUSG00000024642.18	20	-0.3479857322518715	0.0267863598885435	0.1321014291461864	False	False
ENSMUSG00000024661.8:B1	ENSMUSG00000024661.8	9	0.571626418889855	0.5923233006830477	0.1915699739693301	False	False
ENSMUSG00000024713.17:B1	ENSMUSG00000024713.17	6	-0.660421945066165	0.7336183102524407	0.9054317594723056	False	False
ENSMUSG00000024743.17:B1	ENSMUSG00000024743.17	18	0.3267076962085413	4.357007060699404e-08	2.6493811869919167e-08	True	True
ENSMUSG00000024743.17:B2	ENSMUSG00000024743.17	30	0.2944662529808006	1.0	9.689428339927756e-17	False	False
ENSMUSG00000024743.17:B3	ENSMUSG00000024743.17	12	0.852619015927109	0.0061716675789949	0.0431654715645515	True	False
ENSMUSG00000024758.16:B1	ENSMUSG00000024758.16	6	0.3646995075958492	0.0006041507190252	0.0005963738435613	True	True
ENSMUSG00000024780.8:B1	ENSMUSG00000024780.8	12	-0.20004470268529495	7.633324536424662e-15	0.5186931421303305	False	False
ENSMUSG00000024851.15:B1	ENSMUSG00000024851.15	2	1.0	0.9248088654904052	0.8963168058178773	False	False
ENSMUSG00000024921.18:B1	ENSMUSG00000024921.18	75	0.10850093915963392	1.2503170574833035e-22	2.4495056449217585e-29	True	True
ENSMUSG00000024921.18:B2	ENSMUSG00000024921.18	30	-0.36221803844869616	0.0407716806780365	0.7438380944688154	False	False
ENSMUSG00000024921.18:B3	ENSMUSG00000024921.18	60	-0.25841372721384964	5.040476578326654e-13	5.546856316502573e-07	True	True
ENSMUSG00000025153.10:B1	ENSMUSG00000025153.10	2	0.9999999999999998	0.5339260413217657	0.1031843195843078	False	False
ENSMUSG00000025234.12:B1	ENSMUSG00000025234.12	2	1.0	0.9484238916509674	0.0064392373894974	False	False
ENSMUSG00000025240.11:B1	ENSMUSG00000025240.11	6	0.8891989062575499	0.0365914104232696	0.979848856928791	False	False
ENSMUSG00000025261.19:B1	ENSMUSG00000025261.19	42	0.35651920988919517	0.8823902202286455	0.967904113280628	False	False
ENSMUSG00000025266.12:B1	ENSMUSG00000025266.12	2	1.0	0.5137317142250485	0.3303499538687079	False	False
ENSMUSG00000025272.17:B2	ENSMUSG00000025272.17	12	-0.8528686377109199	0.1382897559716845	0.3165494069930724	False	False
ENSMUSG00000025326.13:B1	ENSMUSG00000025326.13	12	0.4123352425866176	0.3811280050221222	0.4911662831545491	False	False
ENSMUSG00000025369.16:B1	ENSMUSG00000025369.16	12	0.4487839398262422	0.0602761866320595	0.3092391220253802	False	False
ENSMUSG00000025372.17:B1	ENSMUSG00000025372.17	20	0.6890222083659036	0.9999989581308316	0.9194871960175324	False	False
ENSMUSG00000025372.17:B2	ENSMUSG00000025372.17	30	0.2413251684719358	1.2256596755313231e-22	0.0022687348568162	True	True
ENSMUSG00000025375.16:B1	ENSMUSG00000025375.16	3	0.9091820878241054	0.3308522066783499	0.8707390081333654	False	False
ENSMUSG00000025375.16:B2	ENSMUSG00000025375.16	2	1.0	0.5284709123489484	0.7293022289857639	False	False
ENSMUSG00000025404.16:B1	ENSMUSG00000025404.16	3	0.9474659100750277	6.380318581439417e-05	0.9721761459595858	False	False
ENSMUSG00000025404.16:B2	ENSMUSG00000025404.16	2	-0.9999999999999999	0.0111047269162209	0.9175096221530878	False	False
ENSMUSG00000025404.16:B3	ENSMUSG00000025404.16	2	1.0000000000000002	2.734233496038227e-05	0.936658571094322	False	False
ENSMUSG00000025422.11:B1	ENSMUSG00000025422.11	56	-0.5518915516679709	1.3973334270939075e-06	0.0869023787251103	False	False
ENSMUSG00000025437.16:B3	ENSMUSG00000025437.16	12	-0.5707630505331404	0.1156987512767787	0.6720116786056568	False	False
ENSMUSG00000025558.20:B1	ENSMUSG00000025558.20	2	1.0000000000000002	0.8665572622579263	0.9620684598462356	False	False
ENSMUSG00000025571.14:B1	ENSMUSG00000025571.14	12	-0.5414189378732375	0.9960412727454384	0.3300085919907959	False	False
ENSMUSG00000025579.15:B1	ENSMUSG00000025579.15	6	-0.9519786154073214	0.499774220597198	0.997885786107559	False	False
ENSMUSG00000025658.17:B1	ENSMUSG00000025658.17	56	-0.28834623304657964	9.82659753715734e-10	0.3692373633038706	False	False
ENSMUSG00000025738.9:B1	ENSMUSG00000025738.9	20	0.8454943268714887	0.6562470399911923	0.4741914401972042	False	False
ENSMUSG00000025757.14:B1	ENSMUSG00000025757.14	6	-0.6499480944324856	0.5223869947693732	0.8231656069606567	False	False
ENSMUSG00000025781.15:B1	ENSMUSG00000025781.15	2	-1.0	0.0105542964093096	0.9352923185176087	False	False
ENSMUSG00000025892.17:B1	ENSMUSG00000025892.17	2	-1.0	0.9341002765604092	0.0013616789558981	False	False
ENSMUSG00000025892.17:B2	ENSMUSG00000025892.17	3	-0.9944006767488448	0.971932966739933	0.0037727429033394	False	False
ENSMUSG00000025915.15:B1	ENSMUSG00000025915.15	4	0.11258336238997974	0.7085422969901122	0.9145836418093134	False	False
ENSMUSG00000025915.15:B2	ENSMUSG00000025915.15	3	0.6281527426961294	0.6845017364593856	0.9999975652755724	False	False
ENSMUSG00000025939.20:B1	ENSMUSG00000025939.20	12	0.29425541458882365	0.0018625506394114	0.5634294221140956	False	False
ENSMUSG00000026014.16:B2	ENSMUSG00000026014.16	6	0.2640301117234833	6.543925752023683e-05	0.0127274542904373	True	False
ENSMUSG00000026116.12:B1	ENSMUSG00000026116.12	6	-0.36976713000564143	0.6658728502353356	0.2253194914147845	False	False
ENSMUSG00000026131.21:B1	ENSMUSG00000026131.21	216	-0.009579188717316773	2.153737811828333e-12	3.623221571479772e-05	True	True
ENSMUSG00000026207.17:B1	ENSMUSG00000026207.17	5	0.9825832142664616	1.0	1.2632273125820341e-08	False	False
ENSMUSG00000026219.15:B1	ENSMUSG00000026219.15	6	0.6857155724651265	0.2450715716229475	0.2175050037210311	False	False
ENSMUSG00000026238.15:B1	ENSMUSG00000026238.15	2	1.0	0.0052588404178552	0.9756903825501556	False	False
ENSMUSG00000026259.15:B1	ENSMUSG00000026259.15	2	-1.0	0.4510976810564925	0.5478031729797715	False	False
ENSMUSG00000026421.15:B1	ENSMUSG00000026421.15	2	-1.0000000000000002	0.028172458343439	0.0144878308435836	True	False
ENSMUSG00000026442.15:B1	ENSMUSG00000026442.15	12	0.7089388034245551	0.1492477034234315	0.0054134448295757	False	False
ENSMUSG00000026458.14:B1	ENSMUSG00000026458.14	2	0.9999999999999999	0.9488563372469988	0.2792439246507975	False	False
ENSMUSG00000026463.18:B1	ENSMUSG00000026463.18	12	0.9807732482099405	1.3911307661877595e-09	1.7168726326312313e-05	True	True
ENSMUSG00000026473.17:B1	ENSMUSG00000026473.17	12	0.5543123532385767	0.0026203537264046	0.0409588684620494	True	False
ENSMUSG00000026490.19:B1	ENSMUSG00000026490.19	20	0.33078675869863067	0.1858636566594121	0.1300980986568015	False	False
ENSMUSG00000026490.19:B2	ENSMUSG00000026490.19	20	0.16421385785071982	1.0	1.0	False	False
ENSMUSG00000026494.13:B1	ENSMUSG00000026494.13	20	-0.4448573620775309	0.188988995745073	0.0001487488314464	False	False
ENSMUSG00000026504.18:B1	ENSMUSG00000026504.18	20	-0.17319494763252433	0.989946796637093	0.7821738129399145	False	False
ENSMUSG00000026585.14:B1	ENSMUSG00000026585.14	12	0.37731577477147654	0.7992906763108903	0.2738089190606106	False	False
ENSMUSG00000026587.16:B1	ENSMUSG00000026587.16	2	-1.0	3.2687232286384216e-06	0.2312814519878228	False	False
ENSMUSG00000026596.14:B1	ENSMUSG00000026596.14	2	1.0000000000000002	0.3062408732375357	0.3307427444893134	False	False
ENSMUSG00000026761.13:B1	ENSMUSG00000026761.13	12	0.03768433578049336	5.985461094649669e-51	1.4577713510549016e-35	True	True
ENSMUSG00000026784.15:B1	ENSMUSG00000026784.15	6	0.31378224866979626	0.7647289387351638	0.3907639979346374	False	False
ENSMUSG00000026797.17:B1	ENSMUSG00000026797.17	6	0.9227831489578632	0.2431462447559188	0.1049497466699719	False	False
ENSMUSG00000026812.17:B2	ENSMUSG00000026812.17	12	-0.8561623648350737	0.9153021444179102	0.9102931617653972	False	False
ENSMUSG00000026812.17:B3	ENSMUSG00000026812.17	12	0.8205275490920324	0.967833072288319	0.0055807173993982	False	False
ENSMUSG00000026825.18:B1	ENSMUSG00000026825.18	20	0.08336632920018693	0.2311162895308762	0.976917115421724	False	False
ENSMUSG00000026827.13:B1	ENSMUSG00000026827.13	2	-1.0	0.9872712775071768	0.0153669177140233	False	False
ENSMUSG00000026836.16:B1	ENSMUSG00000026836.16	3	0.5840659131620728	0.3833454667618897	0.3175885486807531	False	False
ENSMUSG00000026867.20:B1	ENSMUSG00000026867.20	2	-1.0	0.7529326244203441	0.9505528741137996	False	False
ENSMUSG00000026867.20:B2	ENSMUSG00000026867.20	2	1.0	0.0883343006211739	0.4218148937971437	False	False
ENSMUSG00000026915.17:B1	ENSMUSG00000026915.17	12	-0.17057946571573326	0.0142223682409756	0.0279520749963458	True	False
ENSMUSG00000026924.18:B1	ENSMUSG00000026924.18	2	-1.0	0.0478038939017914	0.5265549146195397	False	False
ENSMUSG00000026933.18:B1	ENSMUSG00000026933.18	12	-0.5773502096422902	0.8717025800503586	0.8931212676844265	False	False
ENSMUSG00000026959.14:B3	ENSMUSG00000026959.14	12	0.44627400480729357	0.1329558683577864	0.2521219615947052	False	False
ENSMUSG00000027210.21:B1	ENSMUSG00000027210.21	6	0.9740896301903871	0.2092821651398329	0.1887519524977104	False	False
ENSMUSG00000027210.21:B2	ENSMUSG00000027210.21	6	0.9845928729796989	0.2328452893681996	0.2963583651555113	False	False
ENSMUSG00000027254.14:B1	ENSMUSG00000027254.14	72	0.8023871975695482	0.0002112588580877	7.383085278942042e-05	True	True
ENSMUSG00000027273.14:B1	ENSMUSG00000027273.14	30	0.45723629804300825	0.0782995223398973	0.665815906001445	False	False
ENSMUSG00000027288.17:B1	ENSMUSG00000027288.17	12	-0.3904165730242263	0.3372098680407746	0.945135679971732	False	False
ENSMUSG00000027298.18:B1	ENSMUSG00000027298.18	2	-0.9999999999999999	0.1620574203468147	0.6705126798746055	False	False
ENSMUSG00000027303.19:B1	ENSMUSG00000027303.19	42	-0.6495900698113165	0.8611381042748901	0.0359787192747958	False	False
ENSMUSG00000027309.19:B1	ENSMUSG00000027309.19	56	-0.449048017697537	6.973010353535234e-15	0.0032886511275322	True	True
ENSMUSG00000027347.19:B1	ENSMUSG00000027347.19	2	-1.0	0.5075351659581334	0.8752958426521972	False	False
ENSMUSG00000027347.19:B4	ENSMUSG00000027347.19	3	0.8363170614179186	0.4544754332472066	0.8424358604918508	False	False
ENSMUSG00000027363.16:B1	ENSMUSG00000027363.16	6	0.4179519753710823	0.0091556484095122	0.4434873400536377	False	False
ENSMUSG00000027422.16:B1	ENSMUSG00000027422.16	2	-0.9999999999999998	0.7578237769574229	0.9949521866904752	False	False
ENSMUSG00000027624.21:B1	ENSMUSG00000027624.21	45	0.34352529291368616	0.0019641511679767	1.7187542537341073e-12	True	True
ENSMUSG00000027624.21:B5	ENSMUSG00000027624.21	30	0.8858859817523211	0.0110923865103987	0.0001675020201916	True	True
ENSMUSG00000027668.14:B1	ENSMUSG00000027668.14	6	-0.7451041302987929	0.1323489437874784	0.3369919135001225	False	False
ENSMUSG00000027677.18:B1	ENSMUSG00000027677.18	12	0.7727147179307545	0.5440391465905003	0.1502485136394145	False	False
ENSMUSG00000027692.17:B1	ENSMUSG00000027692.17	30	0.5971409941943734	0.0068908365009476	0.2064228035474743	False	False
ENSMUSG00000027692.17:B2	ENSMUSG00000027692.17	20	0.8590952461343097	0.0286444103582168	0.2450591112980135	False	False
ENSMUSG00000027692.17:B3	ENSMUSG00000027692.17	20	-0.07154791452377114	0.0003654221201651	0.3259798838950294	False	False
ENSMUSG00000027722.15:B1	ENSMUSG00000027722.15	2	-0.9999999999999998	0.2082573816879671	0.4307223929300209	False	False
ENSMUSG00000027797.16:B1	ENSMUSG00000027797.16	30	0.6349379826145957	2.079366706787917e-05	3.3177548731493416e-06	True	True
ENSMUSG00000027797.16:B2	ENSMUSG00000027797.16	40	0.5161239720743165	2.0445188918892252e-10	2.20369332052669e-06	True	True
ENSMUSG00000027806.10:B1	ENSMUSG00000027806.10	6	0.7306665813667124	0.0026784719306664	0.846143085519349	False	False
ENSMUSG00000027894.15:B1	ENSMUSG00000027894.15	6	-0.8269316220560108	0.9774174011781211	0.1077712306560658	False	False
ENSMUSG00000027971.17:B1	ENSMUSG00000027971.17	2	-1.0	0.477514629690044	0.7346683984919262	False	False
ENSMUSG00000027981.15:B1	ENSMUSG00000027981.15	6	-0.8777628927627447	0.5863141441524884	0.7499344739697883	False	False
ENSMUSG00000027993.17:B1	ENSMUSG00000027993.17	15	0.4593705902332682	3.482713972415694e-06	0.0056900467567878	True	True
ENSMUSG00000028053.14:B1	ENSMUSG00000028053.14	20	0.7780632272488018	0.0057764190772104	0.0003165550947653	True	True
ENSMUSG00000028080.17:B2	ENSMUSG00000028080.17	3	0.2851846760864539	0.9885099390413012	0.7290138880054201	False	False
ENSMUSG00000028137.10:B1	ENSMUSG00000028137.10	18	0.42490467216808764	0.1197839363930229	3.627034278875462e-10	False	False
ENSMUSG00000028137.10:B3	ENSMUSG00000028137.10	12	0.4138478132134203	0.0918242902163733	1.6831054074686485e-17	False	False
ENSMUSG00000028137.10:B5	ENSMUSG00000028137.10	12	-0.14509483553726804	0.4280632090129664	0.0603553756805331	False	False
ENSMUSG00000028149.13:B1	ENSMUSG00000028149.13	12	-0.17902114559340765	0.0156506383142111	0.9748245974706388	False	False
ENSMUSG00000028161.18:B1	ENSMUSG00000028161.18	42	0.6996044936876749	3.427260997851984e-05	0.3430209098947768	False	False
ENSMUSG00000028176.14:B1	ENSMUSG00000028176.14	6	-0.0410503402839397	0.9999885683493298	0.5211347936534156	False	False
ENSMUSG00000028180.19:B1	ENSMUSG00000028180.19	12	0.7295276232900249	0.5241429023544374	0.5623269031343273	False	False
ENSMUSG00000028248.16:B1	ENSMUSG00000028248.16	56	-0.07638900437654933	0.0019110556752586	0.0127808884127826	True	False
ENSMUSG00000028309.15:B1	ENSMUSG00000028309.15	6	0.6405231419374527	0.6644581631506348	0.1555881905057138	False	False
ENSMUSG00000028360.11:B1	ENSMUSG00000028360.11	6	-0.5949247828379178	0.2542501304948062	0.0003011624796975	False	False
ENSMUSG00000028397.14:B1	ENSMUSG00000028397.14	12	0.44060711222549837	0.0003874627654608	0.6688251111963197	False	False
ENSMUSG00000028399.19:B1	ENSMUSG00000028399.19	18	0.6532816211862871	1.640920111128241e-07	0.0045063089518109	True	True
ENSMUSG00000028399.19:B3	ENSMUSG00000028399.19	12	-0.5415911317910838	0.2590610087860074	0.0958197857407271	False	False
ENSMUSG00000028399.19:B4	ENSMUSG00000028399.19	12	0.3424301341122436	0.0002366846342907	0.0151505964663963	True	False
ENSMUSG00000028399.19:B5	ENSMUSG00000028399.19	12	0.10903678639364839	0.0228959435295748	0.0103943586824493	True	False
ENSMUSG00000028434.13:B1	ENSMUSG00000028434.13	12	0.7149040908877635	7.895761385388804e-71	3.4689305469008585e-06	True	True
ENSMUSG00000028444.18:B1	ENSMUSG00000028444.18	20	0.9466368619572845	0.802075977876913	0.999959185585395	False	False
ENSMUSG00000028484.17:B1	ENSMUSG00000028484.17	12	0.13881157343871472	0.0394687640170297	0.6306011412268027	False	False
ENSMUSG00000028613.16:B3	ENSMUSG00000028613.16	2	1.0	0.6931460626339856	9.086266393505163e-10	False	False
ENSMUSG00000028613.16:B4	ENSMUSG00000028613.16	2	-1.0000000000000002	0.0165310331035934	0.2027187318750196	False	False
ENSMUSG00000028634.18:B1	ENSMUSG00000028634.18	3	0.7962220501053701	4.387648647628957e-07	0.31885804715137	False	False
ENSMUSG00000028649.23:B1	ENSMUSG00000028649.23	56	-0.4653077423078612	0.4537983380008379	1.7110816891657388e-15	False	False
ENSMUSG00000028649.23:B3	ENSMUSG00000028649.23	56	0.8928464851444702	1.0884217347198688e-07	1.2161489164846674e-05	True	True
ENSMUSG00000028760.17:B1	ENSMUSG00000028760.17	12	0.29832409424678136	0.0006660005801195	0.0855931702865514	False	False
ENSMUSG00000028760.17:B2	ENSMUSG00000028760.17	12	-0.23061360810312154	0.1180489207233739	0.6045928026853937	False	False
ENSMUSG00000028760.17:B3	ENSMUSG00000028760.17	24	-0.7836699103271013	1.6308408567877931e-25	7.791007445678779e-05	True	True
ENSMUSG00000028782.15:B1	ENSMUSG00000028782.15	3	0.24165422422663707	8.120116086904158e-06	0.2234034633102325	False	False
ENSMUSG00000028782.15:B3	ENSMUSG00000028782.15	3	0.2416022732269389	8.119822754969085e-06	0.2233729769167782	False	False
ENSMUSG00000028782.15:B4	ENSMUSG00000028782.15	2	-1.0	0.0200215419134244	0.0285172043652129	True	False
ENSMUSG00000028785.14:B1	ENSMUSG00000028785.14	4	0.44138897689388357	4.138652849505396e-07	0.0113482102972883	True	False
ENSMUSG00000028809.17:B1	ENSMUSG00000028809.17	30	-0.41319704842453747	8.375000154797853e-06	0.2368203010570034	False	False
ENSMUSG00000028809.17:B2	ENSMUSG00000028809.17	20	0.6952419787929571	0.840059079228203	0.2043517592109495	False	False
ENSMUSG00000028809.17:B3	ENSMUSG00000028809.17	20	0.5709291162868682	0.6983984648040478	0.8176680373210715	False	False
ENSMUSG00000028830.15:B1	ENSMUSG00000028830.15	2	-1.0	0.0831432147007309	1.0	False	False
ENSMUSG00000028830.15:B2	ENSMUSG00000028830.15	2	-0.9999999999999999	0.801615119289306	0.9416708422098063	False	False
ENSMUSG00000028833.14:B1	ENSMUSG00000028833.14	20	-0.4970042563879201	0.2507986027394428	0.580900489716072	False	False
ENSMUSG00000028849.18:B1	ENSMUSG00000028849.18	20	-0.1377180926917543	0.1164143208972325	0.9927141947707184	False	False
ENSMUSG00000028906.18:B1	ENSMUSG00000028906.18	5	0.22923305484711337	0.1414242296542982	0.0005475045507269	False	False
ENSMUSG00000028906.18:B2	ENSMUSG00000028906.18	2	-1.0	0.0018683261994193	0.4744847392417136	False	False
ENSMUSG00000028906.18:B4	ENSMUSG00000028906.18	3	0.011368213498192968	0.0023010844263166	0.3561493525655113	False	False
ENSMUSG00000028909.18:B1	ENSMUSG00000028909.18	2	1.0	0.0117689815595081	0.9995118746539172	False	False
ENSMUSG00000028917.15:B1	ENSMUSG00000028917.15	2	1.0	0.8234008611893231	0.8888226259518585	False	False
ENSMUSG00000028991.16:B1	ENSMUSG00000028991.16	20	-0.0970729085166553	0.4919988873835602	0.2895732244850288	False	False
ENSMUSG00000029004.16:B1	ENSMUSG00000029004.16	30	0.4330589948337025	0.0016197387700547	0.0359442096392625	True	False
ENSMUSG00000029108.15:B1	ENSMUSG00000029108.15	9	0.14141114994060752	0.0003293562028782	0.0214946215601129	True	False
ENSMUSG00000029120.11:B1	ENSMUSG00000029120.11	2	-0.9999999999999999	0.0042373317550697	2.2202777322858902e-54	True	True
ENSMUSG00000029121.17:B1	ENSMUSG00000029121.17	6	0.5510222063278191	0.2424450289269765	0.9513536629622724	False	False
ENSMUSG00000029221.16:B1	ENSMUSG00000029221.16	6	0.9814315568484688	0.4031722023976116	0.0028214431758984	False	False
ENSMUSG00000029245.17:B1	ENSMUSG00000029245.17	6	0.638993338887174	0.6203841918230282	0.2154397711047255	False	False
ENSMUSG00000029245.17:B2	ENSMUSG00000029245.17	9	0.4129498579145014	0.8146024830834113	0.4668235593121641	False	False
ENSMUSG00000029267.18:B1	ENSMUSG00000029267.18	12	0.19955912079556157	0.5235626706884258	0.5934170984454888	False	False
ENSMUSG00000029313.19:B1	ENSMUSG00000029313.19	2	0.9999999999999999	0.8597909490968568	0.8740815844950123	False	False
ENSMUSG00000029361.19:B1	ENSMUSG00000029361.19	2	-0.9999999999999999	9.224275140144256e-05	0.5094610776562969	False	False
ENSMUSG00000029406.16:B1	ENSMUSG00000029406.16	40	0.01358965209558104	3.4617467426007476e-09	0.0001428148871192	True	True
ENSMUSG00000029420.15:B1	ENSMUSG00000029420.15	9	0.8595662030647678	0.0008834031093497	0.0001362186425133	True	True
ENSMUSG00000029420.15:B3	ENSMUSG00000029420.15	6	0.9873728178349049	0.0205614878170505	0.5110726453918761	False	False
ENSMUSG00000029420.15:B6	ENSMUSG00000029420.15	6	0.9971564251498637	0.0054934482699546	0.4344203775263791	False	False
ENSMUSG00000029461.18:B1	ENSMUSG00000029461.18	24	-0.14780306881994287	1.495954621586018e-09	0.0120948431955446	True	False
ENSMUSG00000029461.18:B2	ENSMUSG00000029461.18	12	-0.9108172332902413	0.2558124824155725	0.4956196027706779	False	False
ENSMUSG00000029461.18:B3	ENSMUSG00000029461.18	12	-0.0838319807065857	0.0862691009153863	0.9140107481085826	False	False
ENSMUSG00000029467.16:B1	ENSMUSG00000029467.16	12	0.794113501674137	0.0066634739718415	0.724530347414072	False	False
ENSMUSG00000029471.14:B1	ENSMUSG00000029471.14	2	-1.0	1.0	0.9530305202769068	False	False
ENSMUSG00000029478.17:B1	ENSMUSG00000029478.17	60	0.012764423524255605	8.664949703070301e-08	1.659632117034715e-14	True	True
ENSMUSG00000029478.17:B2	ENSMUSG00000029478.17	30	-0.20550751345406806	0.008584679491943	0.0571430233339777	False	False
ENSMUSG00000029478.17:B3	ENSMUSG00000029478.17	30	0.6337979365762412	0.0206459341081176	0.0030819057639394	True	False
ENSMUSG00000029478.17:B4	ENSMUSG00000029478.17	30	-0.0005357322701533051	0.051213249886993	0.0001297232308126	False	False
ENSMUSG00000029478.17:B6	ENSMUSG00000029478.17	45	-0.14032252173088153	1.8577565021802e-08	1.3868501131387952e-05	True	True
ENSMUSG00000029505.18:B1	ENSMUSG00000029505.18	9	-0.6119411703950944	0.0006019371724972	4.639528469780671e-06	True	True
ENSMUSG00000029505.18:B2	ENSMUSG00000029505.18	6	0.9144332304334564	0.12672330964242	0.9858629708232948	False	False
ENSMUSG00000029505.18:B3	ENSMUSG00000029505.18	6	-0.9413763174696714	4.55912836364452e-06	0.0019965512044986	True	True
ENSMUSG00000029505.18:B4	ENSMUSG00000029505.18	12	-0.5872776994589399	0.9999991444490696	4.299459814802048e-05	False	False
ENSMUSG00000029516.20:B1	ENSMUSG00000029516.20	30	-0.6388536279506202	0.7324220001304693	0.6520800924177345	False	False
ENSMUSG00000029580.15:B1	ENSMUSG00000029580.15	30	0.30473582498086976	0.0007868266299486	0.7877401306073769	False	False
ENSMUSG00000029635.16:B1	ENSMUSG00000029635.16	56	0.7298184067263338	8.388550707235011e-16	5.1754346988283894e-18	True	True
ENSMUSG00000029673.20:B1	ENSMUSG00000029673.20	45	-0.32096977430369394	9.984510386236276e-09	6.549928770797624e-06	True	True
ENSMUSG00000029673.20:B3	ENSMUSG00000029673.20	30	0.8410427502019179	4.0942412068072405e-06	0.0002469894804217	True	True
ENSMUSG00000029804.18:B1	ENSMUSG00000029804.18	6	0.5515318540185568	0.0371566687803852	0.3065729156860669	False	False
ENSMUSG00000029838.12:B1	ENSMUSG00000029838.12	2	-1.0	0.4062830209352012	0.93994969559522	False	False
ENSMUSG00000030067.18:B2	ENSMUSG00000030067.18	2	-1.0	0.2560628578301004	0.1717583335513193	False	False
ENSMUSG00000030067.18:B3	ENSMUSG00000030067.18	2	-0.9999999999999999	0.4560781672044801	0.1180701824267718	False	False
ENSMUSG00000030067.18:B5	ENSMUSG00000030067.18	2	1.0	0.3704543192986513	0.3970131782314308	False	False
ENSMUSG00000030098.16:B1	ENSMUSG00000030098.16	2	1.0	0.9167946790346704	0.4423811809670485	False	False
ENSMUSG00000030102.12:B1	ENSMUSG00000030102.12	30	0.7279629199083328	0.0024387343552806	0.9350556326733616	False	False
ENSMUSG00000030134.12:B1	ENSMUSG00000030134.12	2	0.9999999999999998	0.142210781869015	0.4435966746851275	False	False
ENSMUSG00000030134.12:B2	ENSMUSG00000030134.12	2	1.0	0.2607278013732289	0.1514260432676699	False	False
ENSMUSG00000030134.12:B3	ENSMUSG00000030134.12	3	0.830502999817284	0.1477230372160369	0.4553124416210894	False	False
ENSMUSG00000030231.12:B1	ENSMUSG00000030231.12	6	0.41654832082085147	0.0218502503638776	0.0332207458753165	True	False
ENSMUSG00000030257.17:B1	ENSMUSG00000030257.17	30	-0.16764286761691116	0.3710507897529706	0.0023350211290366	False	False
ENSMUSG00000030275.7:B1	ENSMUSG00000030275.7	18	-0.07666907015824416	0.0243174580114212	0.0878065216124024	False	False
ENSMUSG00000030302.18:B1	ENSMUSG00000030302.18	42	-0.4551336229046573	0.0262089051344825	0.4447903355043157	False	False
ENSMUSG00000030310.12:B1	ENSMUSG00000030310.12	2	-1.0	0.6677007596341111	0.4195210138020696	False	False
ENSMUSG00000030397.12:B1	ENSMUSG00000030397.12	2	0.9999999999999998	0.0001007570019364	0.8339683074712908	False	False
ENSMUSG00000030428.17:B1	ENSMUSG00000030428.17	2	1.0	0.0004263536491587	0.1217166934732183	False	False
ENSMUSG00000030451.17:B1	ENSMUSG00000030451.17	18	-0.7510395082119372	7.484572121538066e-06	0.6639017872895558	False	False
ENSMUSG00000030451.17:B2	ENSMUSG00000030451.17	12	-0.2496665999820116	0.1785083325673797	0.8556660599534417	False	False
ENSMUSG00000030465.20:B1	ENSMUSG00000030465.20	5	0.9948924591128702	0.0912461132997418	0.0015362674196258	False	False
ENSMUSG00000030583.17:B1	ENSMUSG00000030583.17	20	0.19940244376070076	0.9884049291299954	3.075448488399395e-12	False	False
ENSMUSG00000030592.19:B3	ENSMUSG00000030592.19	2	-1.0000000000000002	0.9821034888960516	0.9899274418815648	False	False
ENSMUSG00000030616.17:B1	ENSMUSG00000030616.17	3	0.9984701152337854	9.42727461085519e-12	0.0090951292331244	True	True
ENSMUSG00000030616.17:B2	ENSMUSG00000030616.17	2	-1.0	2.9488923027999205e-14	0.0542823266514768	False	False
ENSMUSG00000030616.17:B3	ENSMUSG00000030616.17	2	-1.0	0.1156200094075427	0.9861689649001504	False	False
ENSMUSG00000030616.17:B4	ENSMUSG00000030616.17	2	1.0	1.0883393150095357e-08	4.784819147947245e-15	True	True
ENSMUSG00000030683.12:B1	ENSMUSG00000030683.12	2	1.0	0.0030963899096591	0.454321012542614	False	False
ENSMUSG00000030691.16:B1	ENSMUSG00000030691.16	20	0.42149820488604833	0.0379389314792033	0.9984767464108688	False	False
ENSMUSG00000030779.17:B1	ENSMUSG00000030779.17	18	0.0026746299884005714	0.0014647426730552	0.0176187462940404	True	False
ENSMUSG00000030779.17:B2	ENSMUSG00000030779.17	12	0.11137343969543716	0.0042351053610153	0.7409185638651988	False	False
ENSMUSG00000030854.18:B1	ENSMUSG00000030854.18	2	1.0	0.6193467841965731	0.3195175864433315	False	False
ENSMUSG00000030861.16:B1	ENSMUSG00000030861.16	2	0.9999999999999998	0.1625967560273907	0.9874015138528388	False	False
ENSMUSG00000031153.17:B1	ENSMUSG00000031153.17	6	0.9706329793372429	0.100827812749657	0.9463357014944606	False	False
ENSMUSG00000031229.17:B1	ENSMUSG00000031229.17	56	0.36506002073170946	0.0521808277060787	1.0	False	False
ENSMUSG00000031342.18:B1	ENSMUSG00000031342.18	9	0.6425853936378916	0.5569938287638354	0.1572996936787132	False	False
ENSMUSG00000031342.18:B2	ENSMUSG00000031342.18	9	0.9628703585294898	0.0001659685985895	0.0025352158083081	True	True
ENSMUSG00000031376.16:B1	ENSMUSG00000031376.16	9	-0.2167707565965077	0.4635455960590543	0.9251031620598148	False	False
ENSMUSG00000031391.19:B1	ENSMUSG00000031391.19	2	1.0000000000000002	0.765048016525195	0.9612628619985903	False	False
ENSMUSG00000031425.16:B1	ENSMUSG00000031425.16	6	0.9993524211447536	0.5068285706937758	0.8420718880347058	False	False
ENSMUSG00000031428.12:B1	ENSMUSG00000031428.12	2	1.0	0.1293119384600715	0.5328669536274859	False	False
ENSMUSG00000031441.16:B1	ENSMUSG00000031441.16	30	0.6403948749195879	0.9136574949454238	0.1203451866964394	False	False
ENSMUSG00000031511.17:B2	ENSMUSG00000031511.17	12	-0.49327494350874435	1.0366963824296868e-13	0.0192361515143686	True	False
ENSMUSG00000031540.15:B1	ENSMUSG00000031540.15	20	0.7775127974385578	5.983046789291692e-08	0.22323158163765	False	False
ENSMUSG00000031540.15:B3	ENSMUSG00000031540.15	20	0.7238876814845556	2.6594063211157058e-17	0.6375083872406387	False	False
ENSMUSG00000031559.16:B1	ENSMUSG00000031559.16	18	0.717240110045959	0.088637482112955	0.187796408949991	False	False
ENSMUSG00000031561.17:B1	ENSMUSG00000031561.17	3	0.9644593413244396	0.7249978533213459	0.7110822248082627	False	False
ENSMUSG00000031592.11:B1	ENSMUSG00000031592.11	12	-0.3530506072658401	0.2497883171899739	0.9969577178193274	False	False
ENSMUSG00000031600.12:B1	ENSMUSG00000031600.12	6	0.35500991058579245	9.070155188598377e-14	0.8085354171095056	False	False
ENSMUSG00000031622.17:B1	ENSMUSG00000031622.17	2	-1.0000000000000002	0.9770150267295444	0.9832072976230782	False	False
ENSMUSG00000031626.19:B1	ENSMUSG00000031626.19	9	-0.8706470985962755	0.3273953668052222	0.1101811568659163	False	False
ENSMUSG00000031626.19:B2	ENSMUSG00000031626.19	6	0.34461700624996966	0.4940742315277478	0.068211639540104	False	False
ENSMUSG00000031732.13:B1	ENSMUSG00000031732.13	2	1.0	0.2395165830387078	0.2977536397337452	False	False
ENSMUSG00000031748.17:B1	ENSMUSG00000031748.17	63	0.9021605829596772	2.622168392479457e-07	3.0413130459815687e-06	True	True
ENSMUSG00000031778.14:B1	ENSMUSG00000031778.14	12	0.9076096731548114	6.43890850959316e-10	0.9980119857486256	False	False
ENSMUSG00000031778.14:B2	ENSMUSG00000031778.14	18	0.8030269136471462	1.8351199081745293e-06	0.0004156910310906	True	True
ENSMUSG00000031808.8:B1	ENSMUSG00000031808.8	2	-1.0	0.0031570842173783	0.9608004517158248	False	False
ENSMUSG00000031822.21:B1	ENSMUSG00000031822.21	30	-0.12774788280271418	4.631242964351209e-08	1.2614777143498905e-18	True	True
ENSMUSG00000031824.16:B2	ENSMUSG00000031824.16	2	1.0	0.2879336683677103	0.0059244805762884	False	False
ENSMUSG00000031835.17:B1	ENSMUSG00000031835.17	2	1.0	0.6647951461779984	0.3047492088462064	False	False
ENSMUSG00000031865.17:B1	ENSMUSG00000031865.17	45	0.40208323195002965	0.0007752414945881	7.630582551341504e-06	True	True
ENSMUSG00000031865.17:B2	ENSMUSG00000031865.17	30	0.17968774473713603	0.0157257167952262	0.8631431912891321	False	False
ENSMUSG00000031865.17:B3	ENSMUSG00000031865.17	30	-0.3062099604510139	0.1974728845399746	0.1756380794955555	False	False
ENSMUSG00000031906.10:B1	ENSMUSG00000031906.10	2	-1.0000000000000002	0.59849538545022	0.1652422428408623	False	False
ENSMUSG00000031925.18:B1	ENSMUSG00000031925.18	30	0.07091751933504979	0.7925857155175778	0.2694468645178565	False	False
ENSMUSG00000031996.18:B1	ENSMUSG00000031996.18	20	-0.3241691208992885	0.0801379483369694	0.2825109475615979	False	False
ENSMUSG00000032009.9:B1	ENSMUSG00000032009.9	18	0.015435664663867078	1.0	0.9762767531532052	False	False
ENSMUSG00000032009.9:B2	ENSMUSG00000032009.9	12	0.06651551699659145	1.8376550613822496e-26	3.4730899085287083e-45	True	True
ENSMUSG00000032011.6:B1	ENSMUSG00000032011.6	6	-0.09429216926814511	0.0005386916691854	0.999377785363234	False	False
ENSMUSG00000032012.10:B1	ENSMUSG00000032012.10	2	-1.0	1.8895572522287515e-49	6.171630772224357e-59	True	True
ENSMUSG00000032097.11:B1	ENSMUSG00000032097.11	12	0.42651616667920156	0.2866839086077323	1.0	False	False
ENSMUSG00000032177.18:B1	ENSMUSG00000032177.18	9	0.03213179963987147	0.0306671019780601	0.1225428603533241	False	False
ENSMUSG00000032177.18:B2	ENSMUSG00000032177.18	6	0.10176312034418704	0.3413736222766216	0.4824801845389456	False	False
ENSMUSG00000032181.8:B1	ENSMUSG00000032181.8	2	0.9999999999999999	0.5233750172853474	0.7227861035624878	False	False
ENSMUSG00000032186.16:B1	ENSMUSG00000032186.16	24	0.5391518778517737	1.899425804391925e-07	4.354004315019423e-06	True	True
ENSMUSG00000032186.16:B2	ENSMUSG00000032186.16	18	0.5864191413219254	0.5310717465044029	0.3450830080332829	False	False
ENSMUSG00000032187.17:B2	ENSMUSG00000032187.17	12	0.7717245226089506	0.0020293118742897	0.1530221159301012	False	False
ENSMUSG00000032212.11:B1	ENSMUSG00000032212.11	6	-0.6705948893389889	0.2186471412625752	0.8915806891452588	False	False
ENSMUSG00000032216.16:B1	ENSMUSG00000032216.16	20	-0.8283386428638511	9.672842391764198e-06	0.1872011044058679	False	False
ENSMUSG00000032267.9:B1	ENSMUSG00000032267.9	2	0.9999999999999998	0.7730256830670093	0.92596512916831	False	False
ENSMUSG00000032313.12:B1	ENSMUSG00000032313.12	2	-1.0	0.3926123702240906	0.3329736732241016	False	False
ENSMUSG00000032336.18:B1	ENSMUSG00000032336.18	3	-0.5654622579774305	0.6296897748912366	0.3908607913372705	False	False
ENSMUSG00000032336.18:B2	ENSMUSG00000032336.18	2	-1.0	0.3262709526361982	0.4657394874375226	False	False
ENSMUSG00000032356.13:B2	ENSMUSG00000032356.13	56	0.41458112222961896	0.1336822680092611	0.9993020393683412	False	False
ENSMUSG00000032405.11:B1	ENSMUSG00000032405.11	6	-0.8810226417971293	0.0047840093738326	0.3136480542191424	False	False
ENSMUSG00000032468.12:B1	ENSMUSG00000032468.12	12	0.8546968569188226	0.9984979457711322	0.0002863836395222	False	False
ENSMUSG00000032503.19:B1	ENSMUSG00000032503.19	18	0.4018892442228648	5.039827317833398e-15	9.5144497386657e-16	True	True
ENSMUSG00000032503.19:B2	ENSMUSG00000032503.19	15	-0.11866693650198103	1.456909914528887e-18	3.85093655399861e-05	True	True
ENSMUSG00000032549.8:B1	ENSMUSG00000032549.8	30	0.1889759094581618	0.080106081121641	0.9989412869381472	False	False
ENSMUSG00000032621.9:B1	ENSMUSG00000032621.9	12	0.4167916607272495	0.6070717144040918	0.0558805811907015	False	False
ENSMUSG00000032637.16:B1	ENSMUSG00000032637.16	12	-0.49052480453272523	0.4529432611942386	0.0189591869662353	False	False
ENSMUSG00000032735.16:B1	ENSMUSG00000032735.16	6	0.9893631526129699	0.9877145901764992	0.9990477842887558	False	False
ENSMUSG00000032740.18:B1	ENSMUSG00000032740.18	20	-0.07349206612951793	8.180151487185456e-08	0.0102427316009419	True	True
ENSMUSG00000032826.20:B1	ENSMUSG00000032826.20	180	0.5610394141951096	1.7603567130482374e-10	6.977275463301859e-07	True	True
ENSMUSG00000032827.16:B1	ENSMUSG00000032827.16	30	0.6349428366221681	1.0154362522861984e-11	0.9038289449222336	False	False
ENSMUSG00000032846.13:B1	ENSMUSG00000032846.13	20	-0.13141454601188088	5.318147419522201e-08	0.5770972783798833	False	False
ENSMUSG00000032855.7:B1	ENSMUSG00000032855.7	12	-0.3053396901110207	0.9197204722735944	0.7722276205559011	False	False
ENSMUSG00000032897.18:B1	ENSMUSG00000032897.18	3	0.9839402801118674	0.6506319436494876	0.0315864442725096	False	False
ENSMUSG00000032897.18:B2	ENSMUSG00000032897.18	2	-1.0000000000000002	0.0018409621562402	0.7514459234655461	False	False
ENSMUSG00000032936.14:B1	ENSMUSG00000032936.14	6	0.9926834468594717	7.971474233406202e-06	0.7506284863143374	False	False
ENSMUSG00000032998.17:B1	ENSMUSG00000032998.17	9	-0.09162011074509478	0.0075000873446557	0.9420682860399276	False	False
ENSMUSG00000032998.17:B2	ENSMUSG00000032998.17	6	-0.8562480092099759	7.932536438581489e-31	1.853133786361728e-56	True	True
ENSMUSG00000033060.17:B1	ENSMUSG00000033060.17	2	-1.0	0.9180047921335976	0.0011034732189663	False	False
ENSMUSG00000033066.18:B1	ENSMUSG00000033066.18	4	-0.9030743971504005	0.8539317666278602	0.9137407948676828	False	False
ENSMUSG00000033565.19:B2	ENSMUSG00000033565.19	12	0.503550973616761	0.0150832208046295	0.2116019177027201	False	False
ENSMUSG00000033565.19:B3	ENSMUSG00000033565.19	12	0.15714755616117534	0.6647688439389008	0.0343209246029421	False	False
ENSMUSG00000033565.19:B4	ENSMUSG00000033565.19	18	0.31339242493354147	0.1392195792207805	0.0177837655623363	False	False
ENSMUSG00000033577.19:B1	ENSMUSG00000033577.19	2	0.9999999999999999	0.0232230605499104	0.884672855305959	False	False
ENSMUSG00000033597.10:B1	ENSMUSG00000033597.10	12	0.4373554409773893	0.3567433720970508	0.8433420753588874	False	False
ENSMUSG00000033720.13:B1	ENSMUSG00000033720.13	30	0.4610934092577472	8.749145954305265e-21	1.0009022639373754e-05	True	True
ENSMUSG00000033767.15:B1	ENSMUSG00000033767.15	6	0.8846161804897223	0.375680769676821	0.836337513644281	False	False
ENSMUSG00000033767.15:B3	ENSMUSG00000033767.15	6	0.9931693597247445	1.5711120010587236e-06	0.6930082563399028	False	False
ENSMUSG00000033767.15:B4	ENSMUSG00000033767.15	6	0.9994625706162149	1.7067911594720446e-05	0.7137894980226932	False	False
ENSMUSG00000033768.18:B1	ENSMUSG00000033768.18	60	0.26567650862734765	4.363695739070319e-05	1.3712276586450586e-08	True	True
ENSMUSG00000033768.18:B2	ENSMUSG00000033768.18	30	0.4478572058161307	0.1316049029828782	0.2184923827193822	False	False
ENSMUSG00000033900.14:B1	ENSMUSG00000033900.14	2	-1.0000000000000002	2.9382685146618133e-06	0.1673162238767	False	False
ENSMUSG00000033904.17:B1	ENSMUSG00000033904.17	2	1.0	0.8492596434733326	0.3546020105909163	False	False
ENSMUSG00000033981.15:B1	ENSMUSG00000033981.15	56	0.5458512684962304	0.0011257039364442	0.0484858937361321	True	False
ENSMUSG00000034145.15:B1	ENSMUSG00000034145.15	3	-0.9372449269770596	2.1855305396435752e-06	0.0032388967659135	True	True
ENSMUSG00000034156.17:B1	ENSMUSG00000034156.17	12	0.10653433788191045	0.0672491730177538	0.5411859435631857	False	False
ENSMUSG00000034160.14:B1	ENSMUSG00000034160.14	2	-1.0	0.553216017713721	0.2469210740043721	False	False
ENSMUSG00000034243.18:B1	ENSMUSG00000034243.18	20	-0.3622735192995812	3.396332232115624e-05	1.6818238971496778e-10	True	True
ENSMUSG00000034269.13:B1	ENSMUSG00000034269.13	20	-0.28971273809932724	0.1171038012092659	0.3195624031054467	False	False
ENSMUSG00000034275.20:B1	ENSMUSG00000034275.20	12	0.3946786450160477	1.7968275396143114e-05	0.0089555809444155	True	True
ENSMUSG00000034353.15:B1	ENSMUSG00000034353.15	3	-0.9566908828911722	0.0004435379537235	0.0441977487553032	True	False
ENSMUSG00000034390.17:B1	ENSMUSG00000034390.17	72	0.22855421425983752	0.998678324084234	0.9394546414221396	False	False
ENSMUSG00000034593.17:B1	ENSMUSG00000034593.17	30	-0.4608646790121216	0.0185660725591063	0.7474268482841974	False	False
ENSMUSG00000034656.19:B1	ENSMUSG00000034656.19	18	-0.6089252483132431	0.297726595852463	0.2762045301063253	False	False
ENSMUSG00000034656.19:B2	ENSMUSG00000034656.19	12	-0.1289579260679135	0.9876443069708228	0.4730713784216084	False	False
ENSMUSG00000034656.19:B3	ENSMUSG00000034656.19	12	0.4100475278768815	0.3278253053575203	0.6633674437993501	False	False
ENSMUSG00000034723.12:B1	ENSMUSG00000034723.12	2	-0.9999999999999999	0.9910728760581696	0.969528835716823	False	False
ENSMUSG00000034730.18:B1	ENSMUSG00000034730.18	30	0.27735412899363104	0.995383763477569	0.0068014919652388	False	False
ENSMUSG00000034730.18:B2	ENSMUSG00000034730.18	20	-0.15044820303782827	0.9999999996908404	0.0009337301325881	False	False
ENSMUSG00000034731.12:B1	ENSMUSG00000034731.12	3	-0.7694562595635475	0.2656197521822466	0.4300106212789439	False	False
ENSMUSG00000034731.12:B2	ENSMUSG00000034731.12	2	-1.0000000000000002	0.4574231438667367	0.7082539553086762	False	False
ENSMUSG00000034799.17:B1	ENSMUSG00000034799.17	12	0.27987712084236555	0.886097124411514	2.5635847755339277e-10	False	False
ENSMUSG00000034818.18:B1	ENSMUSG00000034818.18	6	0.7446376925951481	0.9884954661836508	0.0314446204653819	False	False
ENSMUSG00000034832.16:B1	ENSMUSG00000034832.16	12	0.9585413917683945	9.518878867592792e-05	0.986283398710802	False	False
ENSMUSG00000034891.14:B1	ENSMUSG00000034891.14	2	1.0	0.2924690159493658	0.3775492977037915	False	False
ENSMUSG00000034902.18:B1	ENSMUSG00000034902.18	2	1.0	7.688275101812208e-05	0.1801895566036513	False	False
ENSMUSG00000035133.10:B1	ENSMUSG00000035133.10	20	-0.5146616735950331	4.946831443136946e-14	2.3474146138135917e-07	True	True
ENSMUSG00000035164.9:B1	ENSMUSG00000035164.9	2	1.0	0.4398724952213201	0.6908283850490836	False	False
ENSMUSG00000035168.17:B1	ENSMUSG00000035168.17	3	-0.9936910865549623	0.0264334392170214	0.5411805876514527	False	False
ENSMUSG00000035168.17:B2	ENSMUSG00000035168.17	2	-1.0000000000000002	0.8911101067074922	0.8047112822453515	False	False
ENSMUSG00000035168.17:B3	ENSMUSG00000035168.17	2	-0.9999999999999999	0.1450376488213423	0.8957922830025914	False	False
ENSMUSG00000035390.17:B1	ENSMUSG00000035390.17	3	0.9384751325315803	0.0736067997670842	0.2284326260760115	False	False
ENSMUSG00000035437.16:B1	ENSMUSG00000035437.16	12	-0.4029705359319394	0.555852403724202	0.240528499433045	False	False
ENSMUSG00000035469.18:B1	ENSMUSG00000035469.18	2	1.0	0.4945855173563654	0.6171794379960243	False	False
ENSMUSG00000035545.14:B1	ENSMUSG00000035545.14	20	0.5902830949083593	0.8979390121527435	0.0765993210442671	False	False
ENSMUSG00000035640.19:B1	ENSMUSG00000035640.19	2	0.9999999999999999	0.2474707081658677	0.58061548941942	False	False
ENSMUSG00000035649.18:B1	ENSMUSG00000035649.18	2	1.0	0.603693401738218	0.954008760782347	False	False
ENSMUSG00000035863.15:B1	ENSMUSG00000035863.15	2	-1.0000000000000002	8.497171449766863e-06	0.365612475091532	False	False
ENSMUSG00000035863.15:B2	ENSMUSG00000035863.15	3	-0.11977070082628917	9.265446932096229e-05	8.540341847086686e-11	True	True
ENSMUSG00000035864.15:B1	ENSMUSG00000035864.15	56	-0.15768551796441546	2.414691215568283e-17	0.0024045914956839	True	True
ENSMUSG00000035901.15:B1	ENSMUSG00000035901.15	30	0.9437896452702866	1.0	1.0	False	False
ENSMUSG00000036054.16:B1	ENSMUSG00000036054.16	6	-0.25886834409356485	0.5668008330735442	0.8916049680571082	False	False
ENSMUSG00000036095.12:B1	ENSMUSG00000036095.12	6	0.8735855991027367	0.0605591904393849	0.1021491684873028	False	False
ENSMUSG00000036158.13:B1	ENSMUSG00000036158.13	30	0.5037579887604126	0.0098392649743412	0.849916536817868	False	False
ENSMUSG00000036333.12:B1	ENSMUSG00000036333.12	20	0.8436615020056797	0.6349086659179903	0.1033406654998546	False	False
ENSMUSG00000036564.18:B1	ENSMUSG00000036564.18	30	-0.32037332608569913	0.3321224677121219	0.3371205678435077	False	False
ENSMUSG00000036565.8:B1	ENSMUSG00000036565.8	6	-0.33983300271016775	0.2976846110725196	0.8995992963981857	False	False
ENSMUSG00000036591.17:B1	ENSMUSG00000036591.17	30	-0.009829003857539797	5.192193709744725e-06	1.0740596275239598e-05	True	True
ENSMUSG00000036591.17:B2	ENSMUSG00000036591.17	20	-0.2249317486671277	1.369639390585577e-09	0.4550330671171438	False	False
ENSMUSG00000036591.17:B4	ENSMUSG00000036591.17	20	0.6331523779889452	0.0305696473827794	0.2897817481578997	False	False
ENSMUSG00000036617.18:B1	ENSMUSG00000036617.18	5	0.9737836704336765	0.0054424050682929	0.2795791470355399	False	False
ENSMUSG00000036622.16:B1	ENSMUSG00000036622.16	2	-0.9999999999999999	0.3996458797145882	0.95996961117773	False	False
ENSMUSG00000036667.15:B1	ENSMUSG00000036667.15	12	0.8349169256016054	0.0017329640408655	0.0004831043999583	True	True
ENSMUSG00000037217.16:B1	ENSMUSG00000037217.16	12	-0.45731216170280387	0.3821957255397107	0.805518909691741	False	False
ENSMUSG00000037270.19:B1	ENSMUSG00000037270.19	12	-0.9994832910322051	0.124277900527955	0.3071175844318995	False	False
ENSMUSG00000037306.14:B1	ENSMUSG00000037306.14	2	-0.9999999999999999	0.7957038541143336	0.849125923250688	False	False
ENSMUSG00000037364.13:B1	ENSMUSG00000037364.13	6	-0.36112762033184587	0.6454537248128378	0.0281751251757434	False	False
ENSMUSG00000037369.18:B1	ENSMUSG00000037369.18	30	0.32522287142230893	0.876338243972963	0.9478757858280852	False	False
ENSMUSG00000037386.17:B1	ENSMUSG00000037386.17	18	0.3566293697240367	0.0584967993702961	0.0024222815556925	False	False
ENSMUSG00000037487.8:B1	ENSMUSG00000037487.8	12	0.4118052810413931	0.161263481370497	0.4688215506633086	False	False
ENSMUSG00000037541.23:B1	ENSMUSG00000037541.23	9	-0.9609621390658639	9.1766524738623e-06	0.2365827815552242	False	False
ENSMUSG00000037541.23:B3	ENSMUSG00000037541.23	6	0.43541260264775894	0.0003566000983381	0.5591918381081971	False	False
ENSMUSG00000037703.15:B1	ENSMUSG00000037703.15	2	1.0	0.1995189359947213	0.936053578093738	False	False
ENSMUSG00000037703.15:B2	ENSMUSG00000037703.15	2	1.0000000000000002	0.6104888200761913	0.7607255418649392	False	False
ENSMUSG00000037736.21:B1	ENSMUSG00000037736.21	3	-0.05193602744531571	2.215187565730722e-07	0.4806701526769229	False	False
ENSMUSG00000037957.15:B1	ENSMUSG00000037957.15	12	-0.7491186721131161	0.973287265700979	0.9441119527687096	False	False
ENSMUSG00000037989.16:B1	ENSMUSG00000037989.16	6	0.7015906717680026	0.1238662514483514	0.3335547467244901	False	False
ENSMUSG00000037989.16:B3	ENSMUSG00000037989.16	6	0.04797027027405793	0.0045407904295085	0.8291000125253761	False	False
ENSMUSG00000037989.16:B5	ENSMUSG00000037989.16	9	0.4378403393676661	0.0254149200173422	0.0366812514152762	True	False
ENSMUSG00000037989.16:B6	ENSMUSG00000037989.16	12	-0.9736549105021353	3.212359709761865e-08	4.489340093873618e-14	True	True
ENSMUSG00000038034.16:B1	ENSMUSG00000038034.16	3	-0.7974373589344494	0.9674902512188644	0.0090821595790338	False	False
ENSMUSG00000038084.17:B1	ENSMUSG00000038084.17	6	-0.20141778835561214	0.0309550189071997	0.9531014405450692	False	False
ENSMUSG00000038095.16:B1	ENSMUSG00000038095.16	6	0.7278422041343773	0.8417017428131458	0.0801350764027023	False	False
ENSMUSG00000038141.12:B1	ENSMUSG00000038141.12	2	-1.0000000000000002	0.0087686857900402	0.4017159419543581	False	False
ENSMUSG00000038143.17:B1	ENSMUSG00000038143.17	9	0.4405350071408393	1.2096808343735478e-15	0.8079728654184075	False	False
ENSMUSG00000038145.18:B1	ENSMUSG00000038145.18	2	1.0000000000000002	0.8223021870498873	0.99999999999907	False	False
ENSMUSG00000038170.16:B1	ENSMUSG00000038170.16	12	0.195482217779149	0.5262425037549198	0.3084168212952	False	False
ENSMUSG00000038244.15:B1	ENSMUSG00000038244.15	15	0.7405780225489306	5.485811253895106e-18	6.126183463489437e-05	True	True
ENSMUSG00000038296.15:B1	ENSMUSG00000038296.15	42	-0.2700817062054303	0.2382784249036258	0.0007936349491827	False	False
ENSMUSG00000038342.16:B1	ENSMUSG00000038342.16	2	-0.9999999999999999	0.0628183160824754	0.8700202147185803	False	False
ENSMUSG00000038437.12:B1	ENSMUSG00000038437.12	12	-0.1320352736938064	0.8876905573089874	0.0241411739540418	False	False
ENSMUSG00000038453.18:B1	ENSMUSG00000038453.18	60	0.5809044373156003	2.337344805650596e-12	0.0006322188301977	True	True
ENSMUSG00000038453.18:B2	ENSMUSG00000038453.18	75	-0.13549269869863434	1.1384295929736199e-18	2.039745142608633e-16	True	True
ENSMUSG00000038495.15:B1	ENSMUSG00000038495.15	9	0.9828193023648638	0.2165469359525184	0.0004410474689649	False	False
ENSMUSG00000038533.16:B1	ENSMUSG00000038533.16	12	-0.9222898313957891	0.396341594154585	0.9865131112239816	False	False
ENSMUSG00000038538.18:B1	ENSMUSG00000038538.18	12	0.0908272016661449	0.155239772394023	0.6305854721177337	False	False
ENSMUSG00000038564.12:B1	ENSMUSG00000038564.12	6	0.9950115829598545	7.147397600545315e-10	2.448462306252929e-13	True	True
ENSMUSG00000038623.10:B1	ENSMUSG00000038623.10	2	-1.0000000000000002	0.3901758234843471	0.3773443729512013	False	False
ENSMUSG00000038733.15:B1	ENSMUSG00000038733.15	12	0.10372252998428078	1.0361292738053864e-40	0.5865626327306623	False	False
ENSMUSG00000038738.16:B1	ENSMUSG00000038738.16	30	0.7014047159382938	0.0102778154066308	0.26624576635957	False	False
ENSMUSG00000038976.13:B1	ENSMUSG00000038976.13	30	-0.7440435953451933	0.255927000828862	0.7132643779101376	False	False
ENSMUSG00000039000.9:B1	ENSMUSG00000039000.9	20	-0.49289429331760226	0.003657176593147	3.623114455741677e-07	True	True
ENSMUSG00000039033.12:B1	ENSMUSG00000039033.12	12	-0.2170508972675938	0.12725033380616	0.283086953718234	False	False
ENSMUSG00000039087.18:B1	ENSMUSG00000039087.18	3	-0.9771437406033315	0.825311534861801	0.9846634977922234	False	False
ENSMUSG00000039218.18:B1	ENSMUSG00000039218.18	72	-0.32850313409795706	5.373686927285525e-17	1.1868834809237379e-11	True	True
ENSMUSG00000039262.17:B1	ENSMUSG00000039262.17	30	0.45632319617915484	0.095459394710247	0.0121195115798594	False	False
ENSMUSG00000039286.13:B1	ENSMUSG00000039286.13	20	0.8870914800162296	1.0	0.0232628501403799	False	False
ENSMUSG00000039579.16:B1	ENSMUSG00000039579.16	12	0.23265311239681263	0.3071461855865636	0.5620180091297831	False	False
ENSMUSG00000039585.16:B1	ENSMUSG00000039585.16	12	0.58680892232339	0.0016580513378758	1.751945707702656e-11	True	True
ENSMUSG00000039585.16:B2	ENSMUSG00000039585.16	12	-0.8571387536165576	0.167184100712449	0.7119465918409371	False	False
ENSMUSG00000039671.19:B1	ENSMUSG00000039671.19	18	0.5559950673393415	0.0067713104184911	5.337611346352552e-05	True	True
ENSMUSG00000039671.19:B2	ENSMUSG00000039671.19	12	-0.346591980272301	0.8850037330647013	0.577467067836952	False	False
ENSMUSG00000039686.15:B1	ENSMUSG00000039686.15	12	-0.16056965409833218	0.1060632127570699	0.2992328615949861	False	False
ENSMUSG00000039701.12:B1	ENSMUSG00000039701.12	2	1.0	0.9706066455296868	0.9314579551249038	False	False
ENSMUSG00000039735.17:B1	ENSMUSG00000039735.17	6	0.8268322745613601	0.998547345305994	0.3448999504017234	False	False
ENSMUSG00000039782.16:B2	ENSMUSG00000039782.16	2	0.9999999999999998	0.2014811790714073	0.1795518864567841	False	False
ENSMUSG00000039842.16:B1	ENSMUSG00000039842.16	2	-1.0	0.1325716583764477	0.8803958631539535	False	False
ENSMUSG00000039852.18:B1	ENSMUSG00000039852.18	20	-0.6522602292871014	1.0	0.9998172912287258	False	False
ENSMUSG00000039943.17:B1	ENSMUSG00000039943.17	12	-0.17717625773849913	0.0607286025319216	0.9989806708627086	False	False
ENSMUSG00000039953.14:B1	ENSMUSG00000039953.14	30	-0.1287317211400691	0.135864691742465	0.7573313107640762	False	False
ENSMUSG00000039959.14:B1	ENSMUSG00000039959.14	30	-0.10938580455457296	0.1569584425953896	0.9649212668844172	False	False
ENSMUSG00000039967.15:B1	ENSMUSG00000039967.15	12	-0.11849035356571809	0.1963191344852154	0.1439982329458445	False	False
ENSMUSG00000040003.19:B1	ENSMUSG00000040003.19	9	0.9358009685164721	0.0002280910762904	0.036154164414407	True	False
ENSMUSG00000040003.19:B2	ENSMUSG00000040003.19	9	0.9072174411862985	9.535575890076864e-05	0.0243653881041386	True	False
ENSMUSG00000040003.19:B3	ENSMUSG00000040003.19	12	-0.5812371677705062	8.477787807773752e-08	0.0003005002108138	True	True
ENSMUSG00000040035.15:B1	ENSMUSG00000040035.15	3	0.9973909697345682	2.366712826275057e-05	0.7478823114902707	False	False
ENSMUSG00000040035.15:B2	ENSMUSG00000040035.15	2	-1.0000000000000002	0.1247647338203199	0.6317814824241893	False	False
ENSMUSG00000040037.14:B1	ENSMUSG00000040037.14	9	0.3754457554459982	0.1239403023198481	0.5693593050290157	False	False
ENSMUSG00000040044.12:B1	ENSMUSG00000040044.12	2	1.0	0.23793705000093	0.8153714484177753	False	False
ENSMUSG00000040054.18:B2	ENSMUSG00000040054.18	6	0.9999922476486971	0.0002263329358077	0.3472448657587137	False	False
ENSMUSG00000040097.17:B1	ENSMUSG00000040097.17	2	1.0	0.9953639020243082	0.0587518625055617	False	False
ENSMUSG00000040111.18:B1	ENSMUSG00000040111.18	3	-0.8771384427427849	0.1382139158158195	0.4483162854739072	False	False
ENSMUSG00000040111.18:B2	ENSMUSG00000040111.18	2	1.0000000000000002	0.0001283779451793	0.0206370212071447	True	False
ENSMUSG00000040111.18:B3	ENSMUSG00000040111.18	2	-0.9999999999999999	0.3142391260109231	0.6693431887729174	False	False
ENSMUSG00000040183.14:B1	ENSMUSG00000040183.14	9	0.48231157679740083	0.8585210727263095	0.0785453665939452	False	False
ENSMUSG00000040183.14:B3	ENSMUSG00000040183.14	6	0.42050949091334877	0.6144680548282558	0.4409574825967081	False	False
ENSMUSG00000040225.16:B1	ENSMUSG00000040225.16	56	-0.44619980852309266	5.93901705240288e-05	0.0877112397979904	False	False
ENSMUSG00000040249.16:B1	ENSMUSG00000040249.16	30	0.5235060441054299	2.8085910628760425e-12	0.7183395777457864	False	False
ENSMUSG00000040268.18:B1	ENSMUSG00000040268.18	9	-0.09694565181775786	3.1086478721306046e-06	0.4745199107136535	False	False
ENSMUSG00000040268.18:B2	ENSMUSG00000040268.18	6	-0.9993851921486058	2.0211277887890987e-15	0.0056033384036218	True	True
ENSMUSG00000040268.18:B3	ENSMUSG00000040268.18	6	-0.9995457905060664	0.0010716465254736	1.2222469537959845e-06	True	True
ENSMUSG00000040270.17:B1	ENSMUSG00000040270.17	18	0.41846356117102895	0.1692184984706122	0.0305298191531953	False	False
ENSMUSG00000040270.17:B2	ENSMUSG00000040270.17	12	-0.323912945956002	3.045397026659924e-07	3.337129728813076e-06	True	True
ENSMUSG00000040276.16:B1	ENSMUSG00000040276.16	24	-0.14375144875298176	2.1529992994446146e-21	0.6755306782881034	False	False
ENSMUSG00000040276.16:B2	ENSMUSG00000040276.16	12	0.44702075827106963	0.2515262181603787	0.5867259280846646	False	False
ENSMUSG00000040455.18:B1	ENSMUSG00000040455.18	6	0.8565182701913334	0.826343974543427	0.0160961973532584	False	False
ENSMUSG00000040462.14:B1	ENSMUSG00000040462.14	2	-1.0	0.7004898466402726	0.9670181858945006	False	False
ENSMUSG00000040479.13:B2	ENSMUSG00000040479.13	3	0.998553656989223	0.0139496614908094	0.3429603479646611	False	False
ENSMUSG00000040481.18:B1	ENSMUSG00000040481.18	12	-0.12855197608146857	0.3671659669315315	0.5278068233115641	False	False
ENSMUSG00000040537.18:B1	ENSMUSG00000040537.18	3	-0.9906280118984321	0.282326981365426	0.6237773572216451	False	False
ENSMUSG00000040543.17:B1	ENSMUSG00000040543.17	12	0.6122572597188038	1.0	0.996064565798844	False	False
ENSMUSG00000040640.12:B1	ENSMUSG00000040640.12	18	0.42507611324250477	0.0342562070247959	0.0171482478733932	True	False
ENSMUSG00000040711.9:B1	ENSMUSG00000040711.9	2	1.0	0.5757857956578325	0.2744810555251343	False	False
ENSMUSG00000040724.6:B1	ENSMUSG00000040724.6	3	-0.41201112819853425	0.4641984906761533	0.108404895054375	False	False
ENSMUSG00000040761.17:B1	ENSMUSG00000040761.17	20	0.6591950543770604	6.3423279789626515e-09	0.9999991150149824	False	False
ENSMUSG00000040785.20:B1	ENSMUSG00000040785.20	144	-0.02703860657647578	2.6920706654551788e-17	1.204245712051795e-11	True	True
ENSMUSG00000040797.17:B1	ENSMUSG00000040797.17	6	-0.18668844477954785	1.8196986418303087e-09	0.0332802986174162	True	False
ENSMUSG00000040860.17:B1	ENSMUSG00000040860.17	12	-0.01951903516676034	0.2097507164571355	0.0001247242869705	False	False
ENSMUSG00000040860.17:B2	ENSMUSG00000040860.17	6	0.9989283122299708	0.3749713524810359	0.3025910385686355	False	False
ENSMUSG00000040860.17:B3	ENSMUSG00000040860.17	6	0.8032777719260243	0.2463517844208331	0.6278883655970053	False	False
ENSMUSG00000040867.14:B1	ENSMUSG00000040867.14	4	-0.16490341900500166	0.1763135479650202	0.0725336531639327	False	False
ENSMUSG00000040867.14:B2	ENSMUSG00000040867.14	3	0.5509165563677866	0.3199305666894297	0.0033530254895816	False	False
ENSMUSG00000040907.16:B1	ENSMUSG00000040907.16	30	0.38919644181591617	0.1892833055437603	0.7486863122886729	False	False
ENSMUSG00000040940.19:B1	ENSMUSG00000040940.19	9	0.9893917115322518	0.1522235541654983	1.184246981237714e-08	False	False
ENSMUSG00000040940.19:B2	ENSMUSG00000040940.19	6	0.9888383987552285	0.2908046925606666	0.409412980215657	False	False
ENSMUSG00000040940.19:B4	ENSMUSG00000040940.19	6	0.15810753805405475	0.972318280598656	0.9907448370762664	False	False
ENSMUSG00000040943.13:B1	ENSMUSG00000040943.13	20	0.12263211909996802	1.0	0.644524883574725	False	False
ENSMUSG00000040964.17:B2	ENSMUSG00000040964.17	12	-0.5015544232118331	0.999304083958786	9.293148401996312e-23	False	False
ENSMUSG00000040964.17:B3	ENSMUSG00000040964.17	12	0.751611487887445	0.7569519539209106	0.0203469393490067	False	False
ENSMUSG00000041119.13:B5	ENSMUSG00000041119.13	2	-1.0000000000000002	0.944917613691544	0.7017287386034959	False	False
ENSMUSG00000041119.13:B6	ENSMUSG00000041119.13	3	0.558160977435827	0.0220036992758156	0.7675135795255773	False	False
ENSMUSG00000041164.16:B1	ENSMUSG00000041164.16	4	-0.08229300975902308	0.0182203200557007	0.9342382338998112	False	False
ENSMUSG00000041164.16:B2	ENSMUSG00000041164.16	2	1.0	0.5259103404101592	0.3684789114665938	False	False
ENSMUSG00000041164.16:B3	ENSMUSG00000041164.16	2	0.9999999999999999	0.4284867345200105	0.725087632319686	False	False
ENSMUSG00000041164.16:B4	ENSMUSG00000041164.16	3	-0.8114450987992002	0.3039345134412475	0.6552429672993652	False	False
ENSMUSG00000041180.14:B1	ENSMUSG00000041180.14	2	0.9999999999999999	0.1684833721220049	0.3146108370424832	False	False
ENSMUSG00000041216.16:B1	ENSMUSG00000041216.16	12	0.1075817971035477	0.6945353241402591	0.5904464388836914	False	False
ENSMUSG00000041268.18:B1	ENSMUSG00000041268.18	12	-0.4796618632020295	0.0334698897164948	0.6688568957907627	False	False
ENSMUSG00000041351.17:B1	ENSMUSG00000041351.17	12	0.670538470719148	1.0	0.0885679752539334	False	False
ENSMUSG00000041362.18:B1	ENSMUSG00000041362.18	20	0.05805964884178102	0.6559270561445072	0.3886703192047903	False	False
ENSMUSG00000041444.15:B1	ENSMUSG00000041444.15	20	0.6027597606898314	0.0070963296571366	0.7083865504191695	False	False
ENSMUSG00000041607.18:B1	ENSMUSG00000041607.18	30	0.5351474996234415	7.028879377083087e-20	0.0010553525901739	True	True
ENSMUSG00000041609.17:B1	ENSMUSG00000041609.17	3	0.999454810233895	6.177326268113234e-09	4.794706882830069e-23	True	True
ENSMUSG00000041645.15:B1	ENSMUSG00000041645.15	12	0.09341349853096215	0.9987419193980478	0.4902449637727958	False	False
ENSMUSG00000041757.18:B2	ENSMUSG00000041757.18	2	1.0	0.1620074848453941	0.9127640908627436	False	False
ENSMUSG00000041757.18:B6	ENSMUSG00000041757.18	2	1.0	0.0004669745421297	0.6718285728009505	False	False
ENSMUSG00000041771.15:B1	ENSMUSG00000041771.15	12	-0.8493120833862383	0.1965579104255897	0.41148587070799	False	False
ENSMUSG00000041836.11:B1	ENSMUSG00000041836.11	12	-0.4254399339738324	3.192997872478455e-06	0.0039504878725911	True	True
ENSMUSG00000041836.11:B2	ENSMUSG00000041836.11	9	-0.8523354508635693	0.014215981758668	0.0003359229465973	True	True
ENSMUSG00000041852.16:B1	ENSMUSG00000041852.16	20	0.6115570483705928	0.1022272084036161	0.4962975319095235	False	False
ENSMUSG00000042133.17:B1	ENSMUSG00000042133.17	12	-0.35082256605177126	0.9056127323084044	0.8471140117736253	False	False
ENSMUSG00000042182.17:B1	ENSMUSG00000042182.17	2	1.0	1.1224341608284512e-06	1.0	False	False
ENSMUSG00000042197.14:B1	ENSMUSG00000042197.14	2	-1.0	0.1065900489051638	0.41374691421976	False	False
ENSMUSG00000042249.12:B1	ENSMUSG00000042249.12	6	0.36188748311903907	0.924012862031818	0.8046913200747968	False	False
ENSMUSG00000042388.15:B1	ENSMUSG00000042388.15	12	0.9122028307019296	0.5383134040152958	0.5162690703272095	False	False
ENSMUSG00000042548.15:B1	ENSMUSG00000042548.15	12	-0.2833094807058163	0.6617100129339619	0.1844276975675729	False	False
ENSMUSG00000042699.12:B1	ENSMUSG00000042699.12	2	-0.9999999999999999	0.999351868420445	0.29119605485036	False	False
ENSMUSG00000042700.17:B1	ENSMUSG00000042700.17	45	0.5179156921880136	0.001672361509841	0.4179556380987592	False	False
ENSMUSG00000043384.16:B1	ENSMUSG00000043384.16	12	-0.5209346792282976	0.1444302092604049	0.8119682976402969	False	False
ENSMUSG00000043635.13:B1	ENSMUSG00000043635.13	2	-1.0	0.0011351572957493	0.6492027699394831	False	False
ENSMUSG00000043635.13:B2	ENSMUSG00000043635.13	3	-0.9951471852667939	0.0081709801176963	0.2094214361950387	False	False
ENSMUSG00000043733.15:B1	ENSMUSG00000043733.15	12	-0.8628596142190408	4.018674813149883e-09	0.598384897922938	False	False
ENSMUSG00000043962.17:B1	ENSMUSG00000043962.17	12	-0.6716798092877306	5.904164129456995e-12	0.9997788916513136	False	False
ENSMUSG00000044288.7:B1	ENSMUSG00000044288.7	6	0.5523082327587017	0.3053385703328898	0.019647956487346	False	False
ENSMUSG00000044308.18:B1	ENSMUSG00000044308.18	2	-0.9999999999999998	0.96750806213914	0.1671864176071164	False	False
ENSMUSG00000044676.11:B1	ENSMUSG00000044676.11	2	-1.0000000000000002	0.4551090099819492	1.0	False	False
ENSMUSG00000045038.15:B1	ENSMUSG00000045038.15	12	0.6124792486436712	0.0531073243484587	0.5959817809412551	False	False
ENSMUSG00000045071.15:B1	ENSMUSG00000045071.15	6	0.9987902552034795	3.973710222171428e-06	0.9994040496828708	False	False
ENSMUSG00000045095.17:B2	ENSMUSG00000045095.17	2	-1.0	0.9860236383959686	0.6065995789927159	False	False
ENSMUSG00000045103.20:B1	ENSMUSG00000045103.20	12	0.8881403401379847	0.1282396331842532	0.7181704070773696	False	False
ENSMUSG00000045103.20:B2	ENSMUSG00000045103.20	12	0.02161685647407384	0.1214790697372701	0.0004996630807958	False	False
ENSMUSG00000045103.20:B4	ENSMUSG00000045103.20	18	0.2519648748656972	1.4184331789890517e-06	0.0041154469696276	True	True
ENSMUSG00000045114.11:B1	ENSMUSG00000045114.11	2	1.0	0.5202554083868665	0.6665432362619398	False	False
ENSMUSG00000045201.7:B1	ENSMUSG00000045201.7	18	0.3512792928779393	0.7561641894470109	0.9394802378624348	False	False
ENSMUSG00000045349.16:B1	ENSMUSG00000045349.16	2	-1.0	0.4888726839579148	0.2735660924909243	False	False
ENSMUSG00000045482.17:B3	ENSMUSG00000045482.17	12	-0.4444202790176053	1.3054539418509864e-05	0.1411045033128855	False	False
ENSMUSG00000045515.5:B1	ENSMUSG00000045515.5	2	-1.0	0.9857866042347256	0.9873843526503232	False	False
ENSMUSG00000045962.17:B1	ENSMUSG00000045962.17	60	0.15560900149266366	1.6654434750306594e-17	3.7988505449346267e-11	True	True
ENSMUSG00000045983.17:B1	ENSMUSG00000045983.17	30	0.6586949639322633	1.3683109551451872e-09	9.53813587633514e-06	True	True
ENSMUSG00000045983.17:B5	ENSMUSG00000045983.17	20	0.955688781626578	0.9635403241492954	0.2183084524488416	False	False
ENSMUSG00000046093.10:B1	ENSMUSG00000046093.10	2	1.0	0.6722042913936357	8.844161784360566e-38	False	False
ENSMUSG00000046314.17:B1	ENSMUSG00000046314.17	6	-0.11991872961772512	0.8612483267874239	0.9550437147052758	False	False
ENSMUSG00000046709.19:B1	ENSMUSG00000046709.19	15	0.36163195570694495	9.93034954169206e-12	0.0012605337553278	True	True
ENSMUSG00000046709.19:B2	ENSMUSG00000046709.19	12	0.3469213573779781	6.399761903001208e-07	0.1087134415516105	False	False
ENSMUSG00000047126.18:B1	ENSMUSG00000047126.18	2	-1.0	0.7695400698266645	0.9985514977716188	False	False
ENSMUSG00000047495.16:B1	ENSMUSG00000047495.16	2	0.9999999999999998	0.2117406086007711	0.6638198854605432	False	False
ENSMUSG00000047495.16:B2	ENSMUSG00000047495.16	2	1.0	0.0454548866030012	0.3660670368264047	False	False
ENSMUSG00000047495.16:B3	ENSMUSG00000047495.16	3	0.999921680984581	0.0072944123492734	0.420993912713817	False	False
ENSMUSG00000047907.12:B1	ENSMUSG00000047907.12	2	1.0	0.9744350620549084	0.2020880993194917	False	False
ENSMUSG00000047976.5:B1	ENSMUSG00000047976.5	2	-1.0	0.6144367225926642	0.3543613635875329	False	False
ENSMUSG00000048078.17:B1	ENSMUSG00000048078.17	12	0.5905611803622444	2.2954785206114973e-05	0.540834346244935	False	False
ENSMUSG00000048251.16:B1	ENSMUSG00000048251.16	2	-1.0	0.2610662181481002	0.6580221996123382	False	False
ENSMUSG00000048271.15:B1	ENSMUSG00000048271.15	12	-0.7593533323541434	0.9860520812544156	0.0204702691243203	False	False
ENSMUSG00000048814.12:B1	ENSMUSG00000048814.12	12	0.6158255404280382	0.1984593777695686	0.1427672851527503	False	False
ENSMUSG00000049044.17:B1	ENSMUSG00000049044.17	30	-0.7687583672111917	1.2749625569609396e-11	0.0592853816536393	False	False
ENSMUSG00000049044.17:B2	ENSMUSG00000049044.17	20	0.047573999261175524	4.302277260758405e-07	0.8544052171401803	False	False
ENSMUSG00000049100.16:B1	ENSMUSG00000049100.16	30	-0.16374069815245365	0.1306752857463284	0.2006761573246048	False	False
ENSMUSG00000049122.18:B1	ENSMUSG00000049122.18	6	0.7270106466345638	0.8994545747072008	0.8232044747520517	False	False
ENSMUSG00000049252.18:B1	ENSMUSG00000049252.18	24	-0.6183235991679835	0.0749257966244592	0.0052195169182602	False	False
ENSMUSG00000049336.17:B1	ENSMUSG00000049336.17	2	1.0	0.0735539921615015	0.6675471693371248	False	False
ENSMUSG00000049336.17:B2	ENSMUSG00000049336.17	2	-1.0000000000000002	0.002634307420303	0.9229352584478098	False	False
ENSMUSG00000049336.17:B3	ENSMUSG00000049336.17	3	-0.9974104372084082	0.0004021285558282	0.9233179060763378	False	False
ENSMUSG00000049550.18:B1	ENSMUSG00000049550.18	6	0.7389726915696248	0.5048276746707078	0.6932207618585863	False	False
ENSMUSG00000049583.16:B1	ENSMUSG00000049583.16	18	0.6556525161545274	0.0105036802270233	0.2980029375449842	False	False
ENSMUSG00000049583.16:B2	ENSMUSG00000049583.16	12	0.8780381517568314	0.0662261498412978	0.4274372761525981	False	False
ENSMUSG00000049807.17:B1	ENSMUSG00000049807.17	3	0.7667913451377854	0.2878899344303959	0.9921732735956618	False	False
ENSMUSG00000049878.14:B1	ENSMUSG00000049878.14	2		1.0	0.5010972568750022	False	False
ENSMUSG00000049985.16:B2	ENSMUSG00000049985.16	3	-0.6239882104905484	0.5910579732217378	0.0054448663701577	False	False
ENSMUSG00000050199.14:B1	ENSMUSG00000050199.14	12	0.5855567775484564	0.6187456753389358	0.6165999274768075	False	False
ENSMUSG00000050334.14:B2	ENSMUSG00000050334.14	2	0.9999999999999998	0.0581280106114911	0.1141476170304304	False	False
ENSMUSG00000050334.14:B3	ENSMUSG00000050334.14	4	0.8528124550092356	0.0267234559019485	0.8309999043299525	False	False
ENSMUSG00000050556.10:B1	ENSMUSG00000050556.10	12	-0.1454071702684419	9.828985166388452e-15	5.621934699472984e-07	True	True
ENSMUSG00000050711.8:B1	ENSMUSG00000050711.8	6	0.6053174670199862	0.6408651993744765	0.9629032365577016	False	False
ENSMUSG00000050812.19:B2	ENSMUSG00000050812.19	30	-0.25008292156627504	4.646341789295948e-20	0.0726435650725991	False	False
ENSMUSG00000050965.15:B1	ENSMUSG00000050965.15	2	-0.9999999999999999	0.512660928432256	0.5077274585870298	False	False
ENSMUSG00000051149.16:B1	ENSMUSG00000051149.16	6	-0.960777998340055	0.9990908352579548	0.7075217776854141	False	False
ENSMUSG00000051177.17:B1	ENSMUSG00000051177.17	12	0.37895413099254177	0.3832556900099743	0.0417912306462842	False	False
ENSMUSG00000051391.10:B1	ENSMUSG00000051391.10	20	-0.2978607068970744	0.2138135885417641	0.999917875923829	False	False
ENSMUSG00000051527.12:B1	ENSMUSG00000051527.12	18	-0.3378800092451877	0.5938232445102632	0.7285259082563139	False	False
ENSMUSG00000051586.18:B1	ENSMUSG00000051586.18	12	-0.5907045970221079	1.0	0.2827133555639322	False	False
ENSMUSG00000051586.18:B2	ENSMUSG00000051586.18	18	-0.49198418895731	1.0	0.0015215219436688	False	False
ENSMUSG00000051674.16:B1	ENSMUSG00000051674.16	12	0.6853216482003098	0.8326072159490855	0.327619936969734	False	False
ENSMUSG00000051790.16:B1	ENSMUSG00000051790.16	12	0.9394200674243645	0.7295465100533921	0.192660716409086	False	False
ENSMUSG00000052105.18:B4	ENSMUSG00000052105.18	2	1.0	0.9460315308891072	0.918434618082871	False	False
ENSMUSG00000052512.18:B1	ENSMUSG00000052512.18	20	-0.14582777658794363	0.0354273395482322	0.0352664922287117	True	False
ENSMUSG00000052572.20:B1	ENSMUSG00000052572.20	12	-0.6942347158193157	1.404101542139583e-09	0.21421540413719	False	False
ENSMUSG00000052572.20:B2	ENSMUSG00000052572.20	9	-0.08781871119769909	6.668883523182069e-06	0.4323452902491998	False	False
ENSMUSG00000052572.20:B3	ENSMUSG00000052572.20	9	0.1057433445866169	0.0010818115752246	0.3501358408687526	False	False
ENSMUSG00000052727.7:B1	ENSMUSG00000052727.7	72	-0.22888918649315457	1.0	0.2128735778151306	False	False
ENSMUSG00000052889.12:B1	ENSMUSG00000052889.12	2	-1.0	0.4807546358741907	0.8759870152232629	False	False
ENSMUSG00000053199.14:B1	ENSMUSG00000053199.14	12	0.8077192914423929	0.4439419327573543	0.000651921977821	False	False
ENSMUSG00000053395.16:B1	ENSMUSG00000053395.16	20	-0.14161753333029198	2.5201991680788608e-11	0.0603758695047094	False	False
ENSMUSG00000053550.14:B1	ENSMUSG00000053550.14	6	-0.29335272466120316	0.9378942149724724	0.1354188933213681	False	False
ENSMUSG00000053617.13:B2	ENSMUSG00000053617.13	2	1.0	0.4596015902872164	0.1580492920086382	False	False
ENSMUSG00000053825.16:B1	ENSMUSG00000053825.16	2	-1.0	0.4669847428274883	0.3337666860203098	False	False
ENSMUSG00000053877.13:B1	ENSMUSG00000053877.13	24	0.662624946833853	3.757059620840157e-05	0.0014971700924161	True	True
ENSMUSG00000053877.13:B2	ENSMUSG00000053877.13	12	0.7047876323284291	0.4272809421890078	0.5982530956049095	False	False
ENSMUSG00000053877.13:B3	ENSMUSG00000053877.13	12	0.6770377702244982	0.2474042207892887	0.1453499090587885	False	False
ENSMUSG00000054423.15:B1	ENSMUSG00000054423.15	6	0.5315268093030748	0.0111053213534139	0.2545003137818596	False	False
ENSMUSG00000054640.16:B1	ENSMUSG00000054640.16	9	-0.03661926748625098	0.0944024627768764	1.0	False	False
ENSMUSG00000054640.16:B3	ENSMUSG00000054640.16	6	0.39723963213672026	0.1697729096674617	0.9143269421575984	False	False
ENSMUSG00000054728.18:B1	ENSMUSG00000054728.18	40	0.05707157819558242	1.233411894057559e-07	1.2946003977583824e-06	True	True
ENSMUSG00000054863.10:B1	ENSMUSG00000054863.10	30	0.634271911120428	1.6810504431039243e-05	0.2214733237249453	False	False
ENSMUSG00000055065.8:B1	ENSMUSG00000055065.8	45	-0.058611905346886393	0.0029834814619177	0.4415299727521921	False	False
ENSMUSG00000055204.16:B1	ENSMUSG00000055204.16	12	0.22600844385362287	0.0042946199999248	0.0711663332334691	False	False
ENSMUSG00000055214.16:B1	ENSMUSG00000055214.16	3	0.8550896875055155	0.6117701531212844	0.4479959080133732	False	False
ENSMUSG00000055254.16:B1	ENSMUSG00000055254.16	45	0.8687091155001495	5.476629150040046e-10	7.434968011800236e-08	True	True
ENSMUSG00000055254.16:B2	ENSMUSG00000055254.16	60	0.9720268185539905	5.141316789143449e-11	4.39782610562623e-08	True	True
ENSMUSG00000055407.15:B1	ENSMUSG00000055407.15	3	0.9325202198083826	0.5999272714968561	0.3395713823975485	False	False
ENSMUSG00000055421.9:B1	ENSMUSG00000055421.9	30	0.47783407453796456	7.089257342125805e-05	0.1662753564340821	False	False
ENSMUSG00000055436.19:B1	ENSMUSG00000055436.19	12	-0.8934864000259174	0.0031828166952823	2.453063694293841e-07	True	True
ENSMUSG00000055567.19:B1	ENSMUSG00000055567.19	30	-0.5649333067197523	0.0300774589472797	0.6857983756151638	False	False
ENSMUSG00000056073.17:B2	ENSMUSG00000056073.17	9	0.02905691002458064	0.7298010216992142	0.0045421837679309	False	False
ENSMUSG00000056211.14:B1	ENSMUSG00000056211.14	12	0.7736478939569357	9.452028178861802e-06	0.9853149371918388	False	False
ENSMUSG00000056268.16:B1	ENSMUSG00000056268.16	12	-0.14298667723191005	0.7662196873031916	0.9656238646573706	False	False
ENSMUSG00000056602.14:B1	ENSMUSG00000056602.14	12	0.8347148355058376	0.0001057422018641	0.4608116638135617	False	False
ENSMUSG00000056608.15:B1	ENSMUSG00000056608.15	3	-0.7714052228221341	0.7898199571210446	0.8055147550286892	False	False
ENSMUSG00000056608.15:B2	ENSMUSG00000056608.15	2	-0.9999999999999999	0.4207170077988419	0.9716973625083388	False	False
ENSMUSG00000056856.15:B1	ENSMUSG00000056856.15	20	-0.7670383197715721	1.1530699528900015e-14	5.039184416527093e-10	True	True
ENSMUSG00000056900.14:B1	ENSMUSG00000056900.14	6	-0.8358537220719758	0.0576922027449247	0.7927549466065325	False	False
ENSMUSG00000057230.15:B1	ENSMUSG00000057230.15	12	-0.21939743412939955	2.184285399766057e-05	0.4366183191740324	False	False
ENSMUSG00000057378.16:B1	ENSMUSG00000057378.16	9	-0.7671807858045216	0.009311127177721	0.7713351812302491	False	False
ENSMUSG00000057378.16:B2	ENSMUSG00000057378.16	6	0.8249143586779301	0.5722478817045412	0.7660751071613996	False	False
ENSMUSG00000057378.16:B3	ENSMUSG00000057378.16	6	-0.9716317923278162	0.4839642232661777	0.9984127090180344	False	False
ENSMUSG00000057522.16:B1	ENSMUSG00000057522.16	30	0.8944929531045205	0.0118244960936907	0.0301062704430693	True	False
ENSMUSG00000057738.15:B1	ENSMUSG00000057738.15	30	0.8702112664600476	0.0509144227453374	1.221448817271756e-11	False	False
ENSMUSG00000057738.15:B3	ENSMUSG00000057738.15	30	0.8702140210835047	0.0509149810319482	1.2374307827944124e-11	False	False
ENSMUSG00000057897.15:B1	ENSMUSG00000057897.15	9	-0.4772524061648563	0.0142221973794648	0.0632676595295524	False	False
ENSMUSG00000057897.15:B3	ENSMUSG00000057897.15	6	0.4551777997235921	0.0418319857752672	0.5493765348969349	False	False
ENSMUSG00000058006.13:B1	ENSMUSG00000058006.13	12	-0.7392593149769399	0.0949199366473673	0.5731474153852945	False	False
ENSMUSG00000058013.12:B1	ENSMUSG00000058013.12	6	-0.9079934996140352	0.3379406554229499	0.5726765460056145	False	False
ENSMUSG00000058070.15:B1	ENSMUSG00000058070.15	20	0.3966711410482098	0.777132821625499	0.5224195412456161	False	False
ENSMUSG00000058248.13:B1	ENSMUSG00000058248.13	12	-0.8263176797000749	0.0389946548361652	0.2955804879584954	False	False
ENSMUSG00000058254.13:B1	ENSMUSG00000058254.13	2	-1.0	2.357200917362864e-05	0.8735138859208108	False	False
ENSMUSG00000058297.17:B1	ENSMUSG00000058297.17	20	0.3221037068622381	0.2798267536560614	0.280066695487157	False	False
ENSMUSG00000058589.15:B1	ENSMUSG00000058589.15	27	0.5132215622701723	0.000509563823289	1.0	False	False
ENSMUSG00000058704.10:B1	ENSMUSG00000058704.10	12	0.9294373389234192	0.4434575964254983	0.0463235178677796	False	False
ENSMUSG00000058756.14:B1	ENSMUSG00000058756.14	30	0.8393655768417193	0.0030118227861006	0.5087133921069916	False	False
ENSMUSG00000058793.15:B1	ENSMUSG00000058793.15	20	0.2346383379000957	2.0403857093543484e-12	0.948887878427686	False	False
ENSMUSG00000058799.17:B1	ENSMUSG00000058799.17	2	1.0000000000000002	0.933122695345964	0.0488178817290576	False	False
ENSMUSG00000058975.8:B1	ENSMUSG00000058975.8	6	0.8433796152609505	0.0852692463533396	0.0102785188426523	False	False
ENSMUSG00000059146.13:B1	ENSMUSG00000059146.13	18	0.4684254060444252	0.013923542865044	0.8064953322986639	False	False
ENSMUSG00000059456.14:B1	ENSMUSG00000059456.14	2	-1.0	0.7476538317204976	0.0386078675328077	False	False
ENSMUSG00000059456.14:B2	ENSMUSG00000059456.14	2	-1.0	0.77581391872503	0.0368929175760396	False	False
ENSMUSG00000059456.14:B4	ENSMUSG00000059456.14	3	0.7993419918591078	0.6307878607482431	0.0426683161223543	False	False
ENSMUSG00000059974.11:B1	ENSMUSG00000059974.11	20	0.9990701406042239	0.0003286248630374	7.654287364965596e-18	True	True
ENSMUSG00000060012.10:B1	ENSMUSG00000060012.10	6	0.9785868806746988	0.969227885321159	0.9425893323886186	False	False
ENSMUSG00000060371.13:B1	ENSMUSG00000060371.13	3	0.9978919929075228	0.5103218936975302	0.7321774455336862	False	False
ENSMUSG00000060961.17:B1	ENSMUSG00000060961.17	3	0.9803451731616536	0.913687982666583	0.2251428100287032	False	False
ENSMUSG00000061080.12:B1	ENSMUSG00000061080.12	12	0.8053977432347535	0.1270172425631947	0.0017056894207736	False	False
ENSMUSG00000061186.16:B2	ENSMUSG00000061186.16	2	1.0	0.7220029149863021	0.5147838088915621	False	False
ENSMUSG00000061576.16:B1	ENSMUSG00000061576.16	12	0.9870625069675993	6.0591183681829725e-05	0.07324095914032	False	False
ENSMUSG00000061578.10:B1	ENSMUSG00000061578.10	2	1.0000000000000002	0.0121886290258185	0.0440580397944554	True	False
ENSMUSG00000061601.16:B1	ENSMUSG00000061601.16	56	0.6400236949493658	2.5918572998876244e-05	0.0066379765108994	True	True
ENSMUSG00000061603.9:B1	ENSMUSG00000061603.9	20	0.8135769073628246	0.2672362804438685	0.0464429319842999	False	False
ENSMUSG00000061689.16:B1	ENSMUSG00000061689.16	40	0.443631386649335	6.174946019487596e-08	7.790296302143798e-08	True	True
ENSMUSG00000061689.16:B2	ENSMUSG00000061689.16	20	0.7406612223004202	0.0093131839959369	0.0152365183697367	True	False
ENSMUSG00000061689.16:B3	ENSMUSG00000061689.16	20	0.45315243294650237	0.3202523794105181	0.0497395030266618	False	False
ENSMUSG00000061751.17:B1	ENSMUSG00000061751.17	140	0.3670249408313478	6.19699416333504e-13	3.272102173563761e-15	True	True
ENSMUSG00000061755.11:B1	ENSMUSG00000061755.11	20	0.6295923806999167	0.8366583163046778	0.9094379038772256	False	False
ENSMUSG00000061911.16:B1	ENSMUSG00000061911.16	30	0.1559534334446674	0.014219855226388	0.0488790400390205	True	False
ENSMUSG00000061950.18:B1	ENSMUSG00000061950.18	2	-0.9999999999999998	0.1722035036094132	0.5100537194107477	False	False
ENSMUSG00000062044.17:B1	ENSMUSG00000062044.17	18	0.03543679868040898	1.308539059900463e-10	0.0673162088570422	False	False
ENSMUSG00000062044.17:B3	ENSMUSG00000062044.17	12	-0.36560396289224495	0.2671721418691922	0.2501434353746519	False	False
ENSMUSG00000062078.16:B1	ENSMUSG00000062078.16	12	0.980512753072519	2.6729870659249087e-10	0.9869757896153092	False	False
ENSMUSG00000062078.16:B2	ENSMUSG00000062078.16	18	-0.4364132772516844	0.0709842106991133	0.0457751586094789	False	False
ENSMUSG00000062115.16:B1	ENSMUSG00000062115.16	9	-0.6021412185921484	7.575570093264038e-05	0.1634813023728853	False	False
ENSMUSG00000062151.14:B1	ENSMUSG00000062151.14	2	-1.0	0.3041867716956232	0.6420868114110222	False	False
ENSMUSG00000062372.14:B1	ENSMUSG00000062372.14	2	1.0	0.7991819425959962	0.7552911874326697	False	False
ENSMUSG00000062590.14:B1	ENSMUSG00000062590.14	18	-0.5840704435868399	0.974424740854372	0.2153511550604967	False	False
ENSMUSG00000062785.15:B1	ENSMUSG00000062785.15	6	-0.44905609789933904	0.0456162153771912	0.0876593993397857	False	False
ENSMUSG00000062785.15:B2	ENSMUSG00000062785.15	9	-0.1812605000525108	0.0394463727303321	0.1466187678136821	False	False
ENSMUSG00000062785.15:B3	ENSMUSG00000062785.15	6	0.42024108504132457	0.0077329821823162	0.3509161014889999	False	False
ENSMUSG00000062866.17:B1	ENSMUSG00000062866.17	12	0.06386120749929819	1.0	0.0002036368552452	False	False
ENSMUSG00000063077.16:B2	ENSMUSG00000063077.16	42	0.9794790706496738	4.0870597524181893e-07	0.0111202968558759	True	False
ENSMUSG00000063646.19:B2	ENSMUSG00000063646.19	2	1.0	0.5160571969200349	0.8314848307866145	False	False
ENSMUSG00000063870.13:B1	ENSMUSG00000063870.13	20	0.782120897999026	0.0015146443723895	0.0007055573293647	True	True
ENSMUSG00000064043.16:B1	ENSMUSG00000064043.16	2	-1.0	0.2235654885718923	0.7850570229750803	False	False
ENSMUSG00000065954.12:B1	ENSMUSG00000065954.12	2	1.0000000000000002	0.2593933014316602	0.9975409404178432	False	False
ENSMUSG00000066036.15:B1	ENSMUSG00000066036.15	20	0.36602542348298167	0.0077730711719429	0.030278529017893	True	False
ENSMUSG00000066129.18:B1	ENSMUSG00000066129.18	6	0.7061726722771731	0.9914090343709788	5.296181289741476e-05	False	False
ENSMUSG00000066151.13:B1	ENSMUSG00000066151.13	12	-0.7607638256322593	1.2056099645002314e-09	0.033889572560953	True	False
ENSMUSG00000067629.14:B1	ENSMUSG00000067629.14	30	0.6777097908804862	1.0	0.9756728839016644	False	False
ENSMUSG00000067629.14:B2	ENSMUSG00000067629.14	20	0.1821093735302208	0.9661152525920844	0.4577759505670219	False	False
ENSMUSG00000067851.12:B1	ENSMUSG00000067851.12	20	0.6649217099612604	7.580515381430275e-12	0.2704356987280983	False	False
ENSMUSG00000068373.16:B2	ENSMUSG00000068373.16	2	1.0000000000000002	0.8926206244760698	0.8988822929634847	False	False
ENSMUSG00000068923.15:B1	ENSMUSG00000068923.15	42	-0.0558307579955011	0.0148161080130658	0.0809333277639845	False	False
ENSMUSG00000069729.15:B2	ENSMUSG00000069729.15	2	-1.0000000000000002	0.2307460199069347	0.1837942383439315	False	False
ENSMUSG00000069729.15:B3	ENSMUSG00000069729.15	2	-1.0	0.2307424496532252	0.1837942553366784	False	False
ENSMUSG00000069911.12:B1	ENSMUSG00000069911.12	2	1.0	0.3357514446236626	0.2478913288122311	False	False
ENSMUSG00000070000.14:B1	ENSMUSG00000070000.14	2	1.0	0.1307891316490115	0.9829434780428252	False	False
ENSMUSG00000071176.11:B1	ENSMUSG00000071176.11	2	-1.0	0.9341497655459722	0.9478339591861656	False	False
ENSMUSG00000071753.14:B1	ENSMUSG00000071753.14	24	0.9331501516604248	1.1672097966999263e-05	0.020841708864478	True	False
ENSMUSG00000072501.6:B1	ENSMUSG00000072501.6	2	-1.0	0.6257500819461034	0.8414033462087718	False	False
ENSMUSG00000072501.6:B3	ENSMUSG00000072501.6	2	1.0000000000000002	0.9268635417040444	0.7038678371185706	False	False
ENSMUSG00000072501.6:B4	ENSMUSG00000072501.6	3	0.9494949324545885	0.9882030999038176	0.6350634554972518	False	False
ENSMUSG00000072825.12:B2	ENSMUSG00000072825.12	2	1.0000000000000002	0.9984425518836162	0.4284591327616867	False	False
ENSMUSG00000072825.12:B3	ENSMUSG00000072825.12	2	-1.0	3.5009748584436826e-05	5.969021971917017e-128	True	True
ENSMUSG00000072825.12:B4	ENSMUSG00000072825.12	2	-1.0	0.9999999749385148	0.8323911033159089	False	False
ENSMUSG00000072825.12:B5	ENSMUSG00000072825.12	3	0.2798361528835562	0.0046999220655176	0.6267486074190198	False	False
ENSMUSG00000074505.7:B1	ENSMUSG00000074505.7	6	-0.9383161644915017	0.9786762640277438	6.957801202031331e-07	False	False
ENSMUSG00000074657.6:B1	ENSMUSG00000074657.6	30	0.8911627012740577	0.3430231203313045	1.7793493667648798e-18	False	False
ENSMUSG00000074736.11:B1	ENSMUSG00000074736.11	12	0.8161316568240269	0.5098782333274857	0.813213432745792	False	False
ENSMUSG00000074892.10:B1	ENSMUSG00000074892.10	2		1.0	0.5162030926966761	False	False
ENSMUSG00000075318.14:B1	ENSMUSG00000075318.14	30	0.1732914168576905	0.0723566704755307	0.1076878404313238	False	False
ENSMUSG00000075318.14:B2	ENSMUSG00000075318.14	20	0.5391562276559263	0.0485372736614622	0.5186357696474333	False	False
ENSMUSG00000075415.14:B1	ENSMUSG00000075415.14	6	0.8210300434916267	0.051028555842644	0.7733401217796126	False	False
ENSMUSG00000075415.14:B2	ENSMUSG00000075415.14	15	0.42360257381656485	0.0042626514794709	0.9443716185229232	False	False
ENSMUSG00000083674.5:B1	ENSMUSG00000083674.5	6	-0.9999999999999998	2.839632423014685e-34	0.7451593853882046	False	False
ENSMUSG00000085438.3:B3	ENSMUSG00000085438.3	3	0.9122536066436305	0.0008285376430827	0.5760693712747419	False	False
ENSMUSG00000085568.8:B1	ENSMUSG00000085568.8	2	-1.0	0.9999549208252948	1.0	False	False
ENSMUSG00000085655.6:B1	ENSMUSG00000085655.6	2		1.0	0.4779269938373572	False	False
ENSMUSG00000085715.3:B1	ENSMUSG00000085715.3	12	0.5428660817435856	0.7496548268698849	0.7015701197872648	False	False
ENSMUSG00000086040.9:B2	ENSMUSG00000086040.9	2	0.9999999999999998	0.0276706829039116	0.9122414047802004	False	False
ENSMUSG00000086539.9:B1	ENSMUSG00000086539.9	2	-1.0000000000000002	0.2617633765326234	0.2549783079946106	False	False
ENSMUSG00000091908.8:B1	ENSMUSG00000091908.8	2	1.0000000000000002	0.6389885582869684	0.6053053857071297	False	False
ENSMUSG00000092341.5:B1	ENSMUSG00000092341.5	108	-0.3181181174737612	4.572088469634163e-07	0.0017165081670209	True	True
ENSMUSG00000095562.9:B1	ENSMUSG00000095562.9	4	0.9996798151636811	2.4447189577092462e-06	0.5349794269669141	False	False
ENSMUSG00000095562.9:B2	ENSMUSG00000095562.9	2	1.0	0.2444585872053902	0.5707898995228694	False	False
ENSMUSG00000096054.4:B1	ENSMUSG00000096054.4	84	0.4819757243062457	0.0009139693649105	0.0009685302021007	True	True
ENSMUSG00000097156.9:B1	ENSMUSG00000097156.9	18	0.9807746041353299	1.3573369160014738e-09	9.366692208684224e-07	True	True
ENSMUSG00000097391.9:B1	ENSMUSG00000097391.9	15	0.676761191706241	0.1075744382361516	0.0191461161223557	False	False
ENSMUSG00000097391.9:B2	ENSMUSG00000097391.9	12	0.45898732807658055	0.1781067164464329	0.73957017243653	False	False
ENSMUSG00000097392.5:B1	ENSMUSG00000097392.5	6	0.9368173142862354	0.9610525232408884	0.2489931366133281	False	False
ENSMUSG00000097392.5:B2	ENSMUSG00000097392.5	9	0.9378001075994828	0.0036157713038463	0.5602653386647076	False	False
ENSMUSG00000097451.12:B1	ENSMUSG00000097451.12	60	0.46850851102128116	1.0	1.0	False	False
ENSMUSG00000097497.3:B1	ENSMUSG00000097497.3	2	-1.0	0.9958643430441076	0.7638616536673807	False	False
ENSMUSG00000097545.9:B1	ENSMUSG00000097545.9	12	0.8527521767964538	0.0263481347647048	4.530047385546929e-05	True	False
ENSMUSG00000097736.9:B1	ENSMUSG00000097736.9	2	-1.0	0.2907292141767265	0.6016871285995907	False	False
ENSMUSG00000098202.3:B1	ENSMUSG00000098202.3	24	0.043640224245806075	0.1425754301220925	0.0123773441501768	False	False
ENSMUSG00000102252.6:B1	ENSMUSG00000102252.6	6	-0.99376041614299	0.6993404592501172	0.041285702451825	False	False
ENSMUSG00000103144.2:B1	ENSMUSG00000103144.2	20	0.0705263480520057	0.9562043422264755	0.3681693522424263	False	False
ENSMUSG00000104283.2:B1	ENSMUSG00000104283.2	2	-0.9999999999999999	0.6197198524384482	0.1552634062573802	False	False
ENSMUSG00000104677.2:B1	ENSMUSG00000104677.2	12	-0.46300271127955284	0.9288259969859172	0.1316874795898567	False	False
ENSMUSG00000105218.5:B1	ENSMUSG00000105218.5	2	1.0	0.3744180987500711	0.98312736141292	False	False
ENSMUSG00000109160.2:B1	ENSMUSG00000109160.2	2	-1.0	0.508243102254636	0.7885222404138819	False	False
ENSMUSG00000110246.3:B1	ENSMUSG00000110246.3	2	-0.9999999999999998	0.9823586483707188	0.96721434097071	False	False
ENSMUSG00000110246.3:B2	ENSMUSG00000110246.3	3	-0.33715226534369436	0.2711389931229591	0.9934117789684894	False	False
ENSMUSG00000114704.2:B1	ENSMUSG00000114704.2	2	-1.0	0.4255707559677946	0.6539517460427116	False	False
ENSMUSG00000115186.2:B1	ENSMUSG00000115186.2	2	1.0	0.3474741947169598	0.7786646487878036	False	False
ENSMUSG00000116858.2:B1	ENSMUSG00000116858.2	20	0.38909958333433553	0.0014954323779022	0.9101774730758988	False	False
ENSMUSG00000118664.1:B1	ENSMUSG00000118664.1	12	-0.8314353315908575	0.953646857170113	0.4942435032015856	False	False
